<?xml version="1.0" encoding="utf-8"?>
<COLLADA xmlns="http://www.collada.org/2005/11/COLLADASchema" version="1.4.1" xmlns:xsi="http://www.w3.org/2001/XMLSchema-instance">
  <asset>
    <contributor>
      <author>Blender User</author>
      <authoring_tool>Blender 3.3.9 commit date:2023-07-17, commit time:12:27, hash:a23b30d4f773</authoring_tool>
    </contributor>
    <created>2025-12-29T12:50:46</created>
    <modified>2025-12-29T12:50:46</modified>
    <unit name="meter" meter="1"/>
    <up_axis>Z_UP</up_axis>
  </asset>
  <library_effects>
    <effect id="_24467c7-3342-44ab-b98c-11976b2d5aea-effect">
      <profile_COMMON>
        <newparam sid="_24467c7-3342-44ab-b98c-11976b2d5aea-surface">
          <surface type="2D">
            <init_from>_24467c7-3342-44ab-b98c-11976b2d5aea</init_from>
          </surface>
        </newparam>
        <newparam sid="_24467c7-3342-44ab-b98c-11976b2d5aea-sampler">
          <sampler2D>
            <source>_24467c7-3342-44ab-b98c-11976b2d5aea-surface</source>
          </sampler2D>
        </newparam>
        <technique sid="common">
          <lambert>
            <emission>
              <color sid="emission">0 0 0 1</color>
            </emission>
            <diffuse>
              <texture texture="_24467c7-3342-44ab-b98c-11976b2d5aea-sampler" texcoord="UVMap"/>
            </diffuse>
            <index_of_refraction>
              <float sid="ior">1.45</float>
            </index_of_refraction>
          </lambert>
        </technique>
      </profile_COMMON>
    </effect>
    <effect id="_cb67e9a-6184-4b9d-be52-ea609f6d336f-effect">
      <profile_COMMON>
        <newparam sid="_cb67e9a-6184-4b9d-be52-ea609f6d336f-surface">
          <surface type="2D">
            <init_from>_cb67e9a-6184-4b9d-be52-ea609f6d336f</init_from>
          </surface>
        </newparam>
        <newparam sid="_cb67e9a-6184-4b9d-be52-ea609f6d336f-sampler">
          <sampler2D>
            <source>_cb67e9a-6184-4b9d-be52-ea609f6d336f-surface</source>
          </sampler2D>
        </newparam>
        <technique sid="common">
          <lambert>
            <emission>
              <color sid="emission">0 0 0 1</color>
            </emission>
            <diffuse>
              <texture texture="_cb67e9a-6184-4b9d-be52-ea609f6d336f-sampler" texcoord="UVMap"/>
            </diffuse>
            <index_of_refraction>
              <float sid="ior">1.45</float>
            </index_of_refraction>
          </lambert>
        </technique>
      </profile_COMMON>
    </effect>
    <effect id="_7574b1f-4692-4d6e-acfa-485268e73d49-effect">
      <profile_COMMON>
        <newparam sid="_7574b1f-4692-4d6e-acfa-485268e73d49-surface">
          <surface type="2D">
            <init_from>_7574b1f-4692-4d6e-acfa-485268e73d49</init_from>
          </surface>
        </newparam>
        <newparam sid="_7574b1f-4692-4d6e-acfa-485268e73d49-sampler">
          <sampler2D>
            <source>_7574b1f-4692-4d6e-acfa-485268e73d49-surface</source>
          </sampler2D>
        </newparam>
        <technique sid="common">
          <lambert>
            <emission>
              <color sid="emission">0 0 0 1</color>
            </emission>
            <diffuse>
              <texture texture="_7574b1f-4692-4d6e-acfa-485268e73d49-sampler" texcoord="UVMap"/>
            </diffuse>
            <index_of_refraction>
              <float sid="ior">1.45</float>
            </index_of_refraction>
          </lambert>
        </technique>
      </profile_COMMON>
    </effect>
    <effect id="dd6ec947-059f-4429-bb77-994319614f3e-effect">
      <profile_COMMON>
        <newparam sid="dd6ec947-059f-4429-bb77-994319614f3e-surface">
          <surface type="2D">
            <init_from>dd6ec947-059f-4429-bb77-994319614f3e</init_from>
          </surface>
        </newparam>
        <newparam sid="dd6ec947-059f-4429-bb77-994319614f3e-sampler">
          <sampler2D>
            <source>dd6ec947-059f-4429-bb77-994319614f3e-surface</source>
          </sampler2D>
        </newparam>
        <technique sid="common">
          <lambert>
            <emission>
              <color sid="emission">0 0 0 1</color>
            </emission>
            <diffuse>
              <texture texture="dd6ec947-059f-4429-bb77-994319614f3e-sampler" texcoord="UVMap"/>
            </diffuse>
            <index_of_refraction>
              <float sid="ior">1.45</float>
            </index_of_refraction>
          </lambert>
        </technique>
      </profile_COMMON>
    </effect>
    <effect id="_ec1b319-fdc1-4cf5-85b7-492c3437ed94-effect">
      <profile_COMMON>
        <newparam sid="_ec1b319-fdc1-4cf5-85b7-492c3437ed94-surface">
          <surface type="2D">
            <init_from>_ec1b319-fdc1-4cf5-85b7-492c3437ed94</init_from>
          </surface>
        </newparam>
        <newparam sid="_ec1b319-fdc1-4cf5-85b7-492c3437ed94-sampler">
          <sampler2D>
            <source>_ec1b319-fdc1-4cf5-85b7-492c3437ed94-surface</source>
          </sampler2D>
        </newparam>
        <technique sid="common">
          <lambert>
            <emission>
              <color sid="emission">0 0 0 1</color>
            </emission>
            <diffuse>
              <texture texture="_ec1b319-fdc1-4cf5-85b7-492c3437ed94-sampler" texcoord="UVMap"/>
            </diffuse>
            <index_of_refraction>
              <float sid="ior">1.45</float>
            </index_of_refraction>
          </lambert>
        </technique>
      </profile_COMMON>
    </effect>
    <effect id="_1e7300e-43e4-42c3-ab47-beb3e2f8575b-effect">
      <profile_COMMON>
        <newparam sid="_1e7300e-43e4-42c3-ab47-beb3e2f8575b-surface">
          <surface type="2D">
            <init_from>_1e7300e-43e4-42c3-ab47-beb3e2f8575b</init_from>
          </surface>
        </newparam>
        <newparam sid="_1e7300e-43e4-42c3-ab47-beb3e2f8575b-sampler">
          <sampler2D>
            <source>_1e7300e-43e4-42c3-ab47-beb3e2f8575b-surface</source>
          </sampler2D>
        </newparam>
        <technique sid="common">
          <lambert>
            <emission>
              <color sid="emission">0 0 0 1</color>
            </emission>
            <diffuse>
              <texture texture="_1e7300e-43e4-42c3-ab47-beb3e2f8575b-sampler" texcoord="UVMap"/>
            </diffuse>
            <index_of_refraction>
              <float sid="ior">1.45</float>
            </index_of_refraction>
          </lambert>
        </technique>
      </profile_COMMON>
    </effect>
  </library_effects>
  <library_images>
    <image id="_1e7300e-43e4-42c3-ab47-beb3e2f8575b" name="_1e7300e-43e4-42c3-ab47-beb3e2f8575b">
      <init_from>21e7300e-43e4-42c3-ab47-beb3e2f8575b_combined.jpg</init_from>
    </image>
    <image id="_24467c7-3342-44ab-b98c-11976b2d5aea" name="_24467c7-3342-44ab-b98c-11976b2d5aea">
      <init_from>424467c7-3342-44ab-b98c-11976b2d5aea_combined.jpg</init_from>
    </image>
    <image id="_7574b1f-4692-4d6e-acfa-485268e73d49" name="_7574b1f-4692-4d6e-acfa-485268e73d49">
      <init_from>57574b1f-4692-4d6e-acfa-485268e73d49_combined.jpg</init_from>
    </image>
    <image id="_cb67e9a-6184-4b9d-be52-ea609f6d336f" name="_cb67e9a-6184-4b9d-be52-ea609f6d336f">
      <init_from>4cb67e9a-6184-4b9d-be52-ea609f6d336f_combined.jpg</init_from>
    </image>
    <image id="_ec1b319-fdc1-4cf5-85b7-492c3437ed94" name="_ec1b319-fdc1-4cf5-85b7-492c3437ed94">
      <init_from>9ec1b319-fdc1-4cf5-85b7-492c3437ed94_combined.jpg</init_from>
    </image>
    <image id="dd6ec947-059f-4429-bb77-994319614f3e" name="dd6ec947-059f-4429-bb77-994319614f3e">
      <init_from>dd6ec947-059f-4429-bb77-994319614f3e_combined.jpg</init_from>
    </image>
  </library_images>
  <library_materials>
    <material id="_24467c7-3342-44ab-b98c-11976b2d5aea-material" name="424467c7-3342-44ab-b98c-11976b2d5aea">
      <instance_effect url="#_24467c7-3342-44ab-b98c-11976b2d5aea-effect"/>
    </material>
    <material id="_cb67e9a-6184-4b9d-be52-ea609f6d336f-material" name="4cb67e9a-6184-4b9d-be52-ea609f6d336f">
      <instance_effect url="#_cb67e9a-6184-4b9d-be52-ea609f6d336f-effect"/>
    </material>
    <material id="_7574b1f-4692-4d6e-acfa-485268e73d49-material" name="57574b1f-4692-4d6e-acfa-485268e73d49">
      <instance_effect url="#_7574b1f-4692-4d6e-acfa-485268e73d49-effect"/>
    </material>
    <material id="dd6ec947-059f-4429-bb77-994319614f3e-material" name="dd6ec947-059f-4429-bb77-994319614f3e">
      <instance_effect url="#dd6ec947-059f-4429-bb77-994319614f3e-effect"/>
    </material>
    <material id="_ec1b319-fdc1-4cf5-85b7-492c3437ed94-material" name="9ec1b319-fdc1-4cf5-85b7-492c3437ed94">
      <instance_effect url="#_ec1b319-fdc1-4cf5-85b7-492c3437ed94-effect"/>
    </material>
    <material id="_1e7300e-43e4-42c3-ab47-beb3e2f8575b-material" name="21e7300e-43e4-42c3-ab47-beb3e2f8575b">
      <instance_effect url="#_1e7300e-43e4-42c3-ab47-beb3e2f8575b-effect"/>
    </material>
  </library_materials>
  <library_geometries>
    <geometry id="DniprovskaPolitehnika_poli_h_poli_l_l_002-mesh" name="DniprovskaPolitehnika_poli_h+poli_l_l.002">
      <mesh>
        <source id="DniprovskaPolitehnika_poli_h_poli_l_l_002-mesh-positions">
          <float_array id="DniprovskaPolitehnika_poli_h_poli_l_l_002-mesh-positions-array" count="14061">9.087258 18.9982 24.52237 0.9011574 14.2071 24.52237 17.27336 14.2071 24.52237 0.9011574 14.2071 6.854359 9.087258 18.9982 6.854359 9.087258 18.9982 6.854359 9.087258 18.9982 6.854359 9.087258 18.9982 6.854359 17.27336 14.2071 6.854359 13.95026 12.4509 6.854359 13.95026 1.748993 6.854359 17.27336 1.748993 6.854359 17.27336 12.4509 6.854359 13.95026 14.2071 5.043659 13.95026 14.2071 5.043659 13.95026 14.2071 6.854359 4.224255 14.2071 5.043659 4.224255 14.2071 5.043659 4.224255 14.2071 6.854359 17.27336 12.4509 6.854359 17.27336 12.4509 6.854359 17.27336 14.2071 24.52237 17.27336 12.4509 24.52237 17.27336 14.2071 6.854359 17.27336 14.2071 6.854359 13.95026 14.2071 6.854359 13.95026 12.4509 6.854359 4.224255 12.4509 6.854359 4.224255 14.2071 6.854359 0.9011574 14.2071 6.854359 0.9011574 12.4509 6.854359 4.224255 1.748993 5.043659 4.224255 1.748993 5.043659 4.224255 3.45964e-6 6.854359 4.224255 1.748993 6.854359 4.224255 3.45964e-6 5.043659 4.224255 3.45964e-6 5.043659 13.95026 3.45964e-6 5.043659 13.95026 3.45964e-6 5.043659 13.95026 1.748993 5.043659 13.95026 1.748993 5.043659 13.95026 1.748993 6.854359 13.95026 1.748993 6.854359 13.95026 3.45964e-6 6.854359 13.95026 3.45964e-6 6.854359 17.27336 3.45964e-6 6.854359 17.27336 1.748993 6.854359 17.27336 1.748993 24.52237 0.9011574 3.45964e-6 24.52237 17.27336 3.45964e-6 24.52237 0.9011574 1.748993 24.52237 16.78876 5.344293 23.63589 16.78876 5.344293 23.63589 16.74416 5.344264 23.48425 16.74416 5.344264 23.48425 16.76736 5.333883 23.47402 16.81376 5.333923 23.63199 16.80556 5.341653 23.79529 16.76746 5.341603 23.95221 16.79256 5.344283 23.7939 16.75526 5.344233 23.9475 16.78886 5.189023 23.63589 16.78886 5.189023 23.63589 16.74426 5.188983 23.48425 16.74426 5.188983 23.48425 16.66196 5.344183 23.34931 16.54756 5.344073 23.24026 16.67956 5.344143 24.08622 16.75536 5.188963 23.94749 16.79266 5.189013 23.79389 16.80176 5.191683 23.63387 16.80176 5.191683 23.63387 16.80566 5.191673 23.79529 16.80566 5.191673 23.79529 16.81385 5.199453 23.63199 16.81776 5.199443 23.79659 16.82416 5.211793 23.63037 16.82816 5.211793 23.79771 16.83616 5.227873 23.79857 16.83206 5.227883 23.62913 16.77696 5.211763 23.46977 16.78436 5.227843 23.46652 16.68986 5.211683 23.32686 16.69606 5.227763 23.32181 16.68166 5.199333 23.33343 16.68166 5.199333 23.33343 16.56256 5.199213 23.21982 16.67226 5.191563 23.34109 16.55536 5.191453 23.22968 16.41366 5.191303 23.15231 16.40876 5.343933 23.16453 16.56866 5.321353 23.21137 16.68976 5.321473 23.32686 16.77696 5.321553 23.46978 16.77696 5.321553 23.46978 16.82406 5.321593 23.63038 16.57876 5.341383 24.21081 16.57046 5.344023 24.20062 16.43556 5.343873 24.28289 16.28396 5.343713 24.32744 16.28396 5.343713 24.32744 16.25516 5.343773 23.12729 16.41806 5.199073 23.14093 16.42466 5.227493 23.12367 16.25996 5.227324 23.08373 16.09056 5.227143 23.08778 16.09176 5.211063 23.09573 16.09336 5.198733 23.10607 16.09716 5.343603 23.13107 16.25786 5.333374 23.10214 16.25906 5.321043 23.09173 16.42166 5.321203 23.13117 16.57336 5.305284 23.20488 16.57336 5.305284 23.20488 16.42456 5.305133 23.12367 16.42646 5.286413 23.11896 16.57636 5.286563 23.2008 16.57636 5.286563 23.2008 16.69996 5.286684 23.31865 16.69606 5.305403 23.32182 16.69606 5.305403 23.32182 16.78426 5.305483 23.46653 16.83206 5.305523 23.62914 16.83606 5.305513 23.79857 16.79616 5.305463 23.96328 16.59806 5.305233 24.23472 16.57056 5.188753 24.20061 16.57886 5.191403 24.2108 16.69025 5.191534 24.09393 16.76756 5.191623 23.95221 16.76756 5.191623 23.95221 16.77896 5.199393 23.9566 16.84116 5.246603 23.79911 16.80096 5.246553 23.9651 16.84286 5.266703 23.79929 16.80246 5.266654 23.96572 16.80246 5.266654 23.96572 16.80086 5.286743 23.9651 16.80086 5.286743 23.9651 16.84116 5.286793 23.79911 16.83706 5.286803 23.62836 16.83876 5.266713 23.62809 16.83706 5.246613 23.62836 16.78896 5.246573 23.46448 16.70006 5.246493 23.31864 16.70006 5.246493 23.31864 16.57636 5.246373 23.20079 16.42646 5.246223 23.11896 16.42646 5.246223 23.11896 16.26046 5.246053 23.07871 16.08976 5.245873 23.08279 15.92586 5.245693 23.13093 15.92786 5.226974 23.13555 15.93116 5.210893 23.1429 15.93546 5.198564 23.15248 15.94036 5.190814 23.16364 15.94566 5.188163 23.17561 15.94556 5.343443 23.17561 16.09326 5.333203 23.10608 15.93536 5.333034 23.15249 16.09166 5.320863 23.09573 15.93106 5.320693 23.14291 15.92586 5.285883 23.13094 15.92516 5.265783 23.12936 16.42706 5.266314 23.11735 15.77896 5.265624 23.21851 15.78006 5.245533 23.21985 15.78316 5.226813 23.22378 15.78826 5.210733 23.23004 15.78826 5.210733 23.23004 15.79486 5.198403 23.23819 15.81076 5.188024 23.25788 15.81055 5.343293 23.25789 15.83356 5.343243 24.21825 15.97226 5.343393 24.29398 15.97226 5.343393 24.29398 16.12586 5.343544 24.33122 16.12586 5.343544 24.33122 16.28596 5.341073 24.34037 16.28786 5.333313 24.35243 15.95415 5.265733 24.34115 15.95946 5.320633 24.32734 15.96316 5.332973 24.31757 15.97246 5.188113 24.29397 15.97246 5.188113 24.29397 16.12606 5.188273 24.33121 16.12606 5.188273 24.33121 16.28406 5.188443 24.32743 16.28406 5.188443 24.32743 16.43566 5.188603 24.28289 16.44096 5.191253 24.29486 16.58646 5.199163 24.2203 16.58646 5.199163 24.2203 16.70006 5.199293 24.10112 16.70006 5.199293 24.10112 16.70856 5.211643 24.1073 16.71906 5.246453 24.11502 16.72046 5.266553 24.11604 16.72046 5.266553 24.11604 16.71906 5.286643 24.11502 16.70136 5.266593 23.31756 16.57736 5.266463 23.1994 16.60116 5.286513 24.23865 16.45326 5.305073 24.32295 16.45536 5.286353 24.32757 16.45606 5.266253 24.32914 16.44576 5.333483 24.30602 16.44086 5.341233 24.29487 16.45536 5.246163 24.32756 16.45336 5.227433 24.32294 16.12215 5.211003 24.36677 16.12136 5.227083 24.37477 16.12075 5.245803 24.37979 15.95476 5.245633 24.33954 15.95476 5.245633 24.33954 15.80486 5.245483 24.25771 15.80386 5.265573 24.2591 15.80486 5.285673 24.25771 15.80775 5.304403 24.25363 15.81256 5.320483 24.24714 15.81866 5.332833 24.23868 15.83366 5.187973 24.21824 15.96765 5.190753 24.30618 15.82595 5.190613 24.22882 15.96326 5.198503 24.31756 15.96326 5.198503 24.31756 15.81876 5.198353 24.23867 15.81876 5.198353 24.23867 15.95956 5.210834 24.32733 15.95956 5.210834 24.32733 15.81256 5.210693 24.24713 15.95655 5.226913 24.33483 15.68126 5.245363 24.13985 15.68126 5.245363 24.13985 15.67986 5.265453 24.14094 15.67986 5.265453 24.14094 15.68116 5.285553 24.13986 15.68116 5.285553 24.13986 15.68516 5.304283 24.13669 15.68516 5.304283 24.13669 15.71915 5.343133 24.1092 15.78815 5.320533 23.23004 15.77996 5.285723 23.21985 15.66215 5.285593 23.34348 15.57866 5.265393 23.49278 15.58026 5.285493 23.4934 15.58026 5.285493 23.4934 15.53836 5.265343 23.65921 15.54005 5.285433 23.65939 15.54246 5.265333 23.83041 15.54415 5.285433 23.83015 15.59225 5.285463 23.99402 15.59225 5.285463 23.99402 15.59076 5.265373 23.99472 15.59076 5.265373 23.99472 15.59225 5.245283 23.99402 15.59225 5.245283 23.99402 15.54415 5.245244 23.83014 15.67276 5.210603 23.3512 15.68126 5.198273 23.35737 15.69106 5.190533 23.36456 15.69106 5.190533 23.36456 15.80246 5.190653 23.24769 15.80246 5.190653 23.24769 15.70166 5.187893 23.37228 15.62596 5.187803 23.51101 15.61375 5.190443 23.50629 15.57566 5.190393 23.66321 15.57956 5.190383 23.82463 15.57956 5.190383 23.82463 15.59246 5.187753 23.82261 15.59246 5.187753 23.82261 15.58855 5.343033 23.66461 15.59236 5.343023 23.82262 15.59236 5.343023 23.82262 15.62585 5.343083 23.51101 15.63686 5.343063 23.97426 15.63686 5.343063 23.97426 15.70156 5.343173 23.37229 15.69096 5.340513 23.36457 15.79476 5.332873 23.2382 15.68116 5.332753 23.35738 15.66616 5.304313 23.34646 15.58496 5.304224 23.49522 15.54916 5.304163 23.82937 15.59685 5.304193 23.99198 15.59685 5.304193 23.99198 15.59695 5.226563 23.99198 15.54916 5.226523 23.82936 15.59256 5.210513 23.49812 15.60236 5.198184 23.50189 15.56356 5.198133 23.6619 15.56746 5.198123 23.82651 15.61386 5.198163 23.98448 15.62506 5.190413 23.97955 15.63705 5.187783 23.97425 15.63705 5.187783 23.97425 15.62495 5.340404 23.97955 15.57946 5.340363 23.82463 15.57556 5.340373 23.66321 15.61365 5.340423 23.5063 15.60226 5.332653 23.5019 15.55706 5.320243 23.82813 15.60426 5.320283 23.98873 15.69146 5.210573 24.13164 15.60426 5.210494 23.98872 15.69955 5.198243 24.12506 15.69955 5.198243 24.12506 15.70906 5.190493 24.11741 15.71926 5.187863 24.10919 15.61375 5.332633 23.98449 15.56736 5.332593 23.82651 15.56346 5.332603 23.66191 16.12336 5.198673 24.35636 16.12466 5.190913 24.34423 16.28606 5.191083 24.34037 16.28606 5.191083 24.34037 16.28796 5.198843 24.35242 16.44585 5.199013 24.30601 16.59306 5.211513 24.22846 16.59806 5.227593 24.23472 16.60126 5.246323 24.23865 16.60126 5.246323 24.23865 16.60226 5.266413 24.23999 16.60226 5.266413 24.23999 16.75626 5.191643 23.47895 16.75626 5.191643 23.47895 16.76746 5.199413 23.47401 16.76746 5.199413 23.47401 16.63146 4.782053 24.16976 16.76156 4.657713 23.15867 16.76156 4.750553 23.15867 15.62046 4.749353 23.15867 15.62046 4.656513 23.15867 15.60636 4.656493 23.14449 15.60636 4.656414 24.31395 15.54546 4.574023 24.37485 15.54546 4.574123 23.08359 16.82386 4.575463 23.09651 15.55836 4.574133 23.09651 15.56776 4.519943 23.10585 15.56776 4.519943 23.10585 16.81456 4.521253 23.10585 16.81456 4.521253 23.10585 16.81456 4.521214 23.72921 15.58346 4.519963 23.12157 16.79876 4.521244 23.12157 15.61356 4.469343 24.30679 15.61356 4.469423 23.15163 16.76176 4.414073 23.15866 15.62065 4.412873 23.15866 15.62065 4.412873 23.15866 15.62065 4.412793 24.29976 15.62075 4.228613 23.15865 16.76186 4.229814 23.15865 15.75016 5.169573 23.28871 15.65116 5.169463 23.41774 15.62976 5.151393 23.40542 15.61095 5.125943 23.39454 15.54415 5.125854 23.55599 15.52676 5.094073 23.55134 15.59545 5.094153 23.38557 15.71736 5.126063 23.2559 15.70465 5.094283 23.24321 15.86686 5.151663 23.16836 16.02306 5.151834 23.10366 15.87915 5.169723 23.1897 16.02946 5.169883 23.12746 15.73276 5.151513 23.27128 16.35216 4.781843 23.12744 16.73026 5.170593 23.41774 16.75156 5.152573 23.40542 16.75156 5.152573 23.40542 16.79246 5.170653 23.568 16.79246 5.170653 23.568 16.81626 5.152633 23.56162 16.81626 5.152633 23.56162 16.81366 5.170663 23.72925 16.81626 5.152613 23.89687 16.79246 5.170633 23.89049 16.81396 4.782283 23.72923 16.79276 4.782273 23.56798 16.73026 5.170553 24.04075 16.35856 4.799893 23.10364 16.19096 4.799713 23.08157 16.19096 4.781673 23.10621 16.52546 5.126924 23.14952 16.66406 5.127053 23.2559 16.77046 5.127163 23.39454 16.83726 5.127213 23.55599 16.75156 5.152534 24.05307 16.73046 4.782173 24.04073 16.75186 4.800233 24.05306 16.53436 5.095163 23.13398 16.67676 5.095304 23.24321 16.85466 5.095473 23.55134 16.87806 5.095483 23.72924 16.50246 4.781913 24.26877 16.64886 4.800113 24.18719 16.89986 4.934593 23.72923 16.87566 4.934573 23.54573 16.19086 4.933893 23.02024 16.00736 4.933703 23.0444 15.84056 4.893313 23.12238 15.83636 4.933513 23.11523 15.69535 4.893153 23.23374 15.84726 4.856554 23.13397 15.70486 4.856403 23.2432 15.85625 4.824803 23.14951 15.71756 4.824643 23.25589 15.61116 4.824523 23.39453 15.54436 4.824443 23.55597 15.61116 4.824473 24.06393 16.00936 5.057853 23.05239 16.19076 5.058053 23.02851 16.86766 5.058723 23.54788 16.89146 5.058733 23.72924 16.37215 5.058143 24.40609 16.36866 5.094893 24.39317 16.35836 5.152093 24.35483 16.35196 5.170133 24.33103 16.35216 4.781754 24.33101 16.35856 4.799803 24.35482 16.51476 4.799963 24.29011 16.54126 4.893953 24.33608 16.79776 4.894243 24.0796 16.86776 4.894333 23.91059 16.87566 4.934553 23.91273 16.87836 4.976523 23.91346 16.87836 4.976523 23.91346 16.90256 4.976563 23.72924 16.90256 4.976563 23.72924 16.87836 4.976553 23.54501 16.19086 4.975873 23.01745 16.00656 4.975673 23.0417 15.83496 4.975483 23.11281 15.83496 4.975483 23.11281 15.68745 4.975323 23.22593 15.57436 4.975193 23.37334 15.57685 4.933223 23.37474 15.58406 4.893023 23.37887 15.59566 4.856273 23.38556 15.52695 4.856194 23.55133 15.50356 4.856153 23.72923 15.59566 4.856223 24.0729 15.71756 4.824573 24.20257 15.70486 4.856323 24.21526 15.84726 4.856473 24.32449 16.01296 4.856633 24.39316 16.19096 4.799623 24.37688 16.19096 4.781583 24.35224 16.19066 5.169963 24.35226 15.61095 5.125893 24.06395 15.54415 5.125833 23.9025 15.52676 5.094043 23.90714 15.51385 5.057273 23.9106 15.50595 5.017053 23.91274 15.47906 4.975063 23.72924 15.50326 4.975083 23.91346 15.50606 4.933114 23.91273 15.48186 4.933094 23.72923 15.50606 4.933133 23.54573 15.50326 4.975103 23.54501 15.68946 5.017293 23.2279 15.83626 5.017463 23.11523 16.00726 5.017643 23.0444 16.19076 5.017843 23.02025 16.89976 5.018533 23.72924 16.87566 5.018493 23.91274 16.19076 5.057943 24.42997 16.19076 5.094703 24.41659 16.19066 5.126473 24.39865 16.19066 5.151913 24.3769 16.19066 5.151913 24.3769 16.37226 4.893774 24.40609 16.54536 4.934173 24.34324 16.37436 4.933983 24.41407 16.69216 4.934333 24.23057 16.69416 4.976313 24.23254 16.80726 4.976443 24.08513 16.80486 4.934463 24.08373 15.51406 4.892933 23.54787 15.49015 4.892893 23.72923 15.69535 4.893074 24.22472 15.84056 4.893223 24.33608 15.84056 4.893223 24.33608 16.00956 4.893393 24.40609 16.01746 5.126293 24.37584 16.02306 5.151743 24.35483 15.69526 5.057443 24.22473 15.58385 5.057333 24.07961 15.59545 5.094103 24.07292 15.57676 5.017113 24.08373 15.68956 4.933283 24.23057 15.83636 4.933423 24.34324 15.68946 5.017223 24.23057 16.82546 12.2834 23.15921 16.82546 12.2834 24.16929 16.81046 12.253 23.15921 16.81046 12.253 24.16929 16.64856 12.3566 23.15921 16.64856 12.3565 24.1693 16.65176 12.3945 24.1693 16.65176 12.3945 23.15921 15.74116 12.3176 23.15921 15.73165 12.2822 23.15921 15.74116 12.3176 24.16929 15.74116 12.3176 24.16929 15.73165 12.2822 24.16929 15.73165 12.2822 24.16929 15.73156 12.4289 24.1693 15.74105 12.3936 24.1693 15.74435 12.3556 24.1693 15.71646 12.4593 24.1693 15.69686 12.4826 24.1693 15.71666 12.2518 24.16929 15.69706 12.2285 24.16929 15.67396 12.4972 24.1693 15.67416 12.2138 24.16929 15.64965 12.2088 24.16929 15.62516 12.2138 24.16929 15.60226 12.2284 24.16929 15.58266 12.2517 24.16929 15.56755 12.2821 24.16929 15.55806 12.3174 24.16929 15.55476 12.3554 24.1693 15.55796 12.3934 24.1693 15.55796 12.3934 24.1693 15.56746 12.4287 24.1693 15.56746 12.4287 24.1693 15.58245 12.4591 24.1693 15.60205 12.4825 24.1693 15.62495 12.4972 24.1693 15.64946 12.5022 24.1693 15.56746 12.4288 23.15921 15.55796 12.3934 23.15921 15.68595 12.441 24.16359 16.69606 12.442 24.16359 15.68595 12.441 23.1535 16.69606 12.4421 23.1535 16.69616 12.2711 23.1535 16.69616 12.2711 24.16359 16.69616 12.2711 23.65855 16.69616 12.2711 23.65855 16.69616 12.2711 23.65855 16.67896 12.2711 23.78926 16.67896 12.2711 23.78926 16.62846 12.2711 23.91107 16.54826 12.271 24.01567 16.44366 12.2709 24.09593 16.32186 12.2707 24.14638 16.19106 12.2706 24.16359 15.93856 12.2703 23.22117 16.06036 12.2705 23.17071 16.19106 12.2706 23.1535 16.32186 12.2707 23.17071 16.44366 12.2709 23.22117 16.54826 12.271 23.30143 16.62846 12.2711 23.40603 16.67896 12.2711 23.52783 16.67896 12.2711 23.52783 16.69626 12.1803 23.65855 16.67896 12.1803 23.52783 16.67896 12.1803 23.78926 16.69305 12.1773 23.79303 16.64116 12.1772 23.91834 16.55856 12.1772 24.02596 16.45096 12.177 24.10853 16.32566 12.1769 24.16044 16.19116 12.1797 24.16359 16.06046 12.1796 24.14638 15.93856 12.2703 24.09593 15.83396 12.2702 24.01567 15.83396 12.2702 24.01567 15.75376 12.2701 23.91107 15.70336 12.1792 23.78926 15.70336 12.1792 23.78926 15.68616 12.1792 23.65855 15.68616 12.1792 23.65855 15.70336 12.1792 23.52783 16.64126 12.0091 23.91834 16.70626 12.0179 23.79654 16.65306 12.0178 23.92512 16.71756 12.0317 23.79955 16.73606 12.0317 23.65855 16.72446 12.0179 23.65855 16.67916 12.0062 23.52783 16.69316 12.0092 23.52406 16.70626 12.0179 23.52055 16.73156 12.0708 23.51377 16.75056 12.0708 23.65855 16.73336 12.0933 23.51328 16.73336 12.0933 23.51328 16.75246 12.0933 23.65855 16.75246 12.0933 23.65855 16.75056 12.1158 23.65855 16.73156 12.1158 23.51377 16.67566 12.1158 23.37887 16.67726 12.0932 23.37791 16.67726 12.0932 23.37791 16.67566 12.0707 23.37887 16.65306 12.0178 23.39197 16.64126 12.0091 23.39875 16.62866 12.0061 23.40602 16.33226 12.0313 23.13231 16.32926 12.0175 23.14355 16.55856 12.1772 23.29114 16.56816 12.1685 23.28155 16.57646 12.1547 23.27331 16.57646 12.1547 23.27331 16.58276 12.1366 23.26699 16.58676 12.1157 23.26302 16.47086 12.1155 23.17413 16.47186 12.093 23.17247 16.58816 12.0931 23.26167 16.67076 12.1367 23.38168 16.66296 12.1548 23.38615 16.66296 12.1548 23.38615 16.65286 12.1686 23.39197 16.64116 12.1773 23.39875 15.75376 12.1793 23.91107 15.75376 12.1793 23.91107 15.83406 12.1794 24.01567 15.83406 12.1794 24.01567 15.83406 12.1794 24.01567 16.44386 12.0059 24.09593 16.32206 12.0058 24.14638 16.32916 12.1682 24.17354 16.33456 12.1364 24.19342 16.19116 12.1362 24.21228 16.19126 12.0057 24.16359 16.06056 12.0055 24.14638 15.93875 12.0054 24.09593 15.75396 12.0052 23.91107 15.70346 12.0052 23.78926 15.68626 12.0052 23.65855 15.70346 12.0052 23.52783 15.67155 12.1762 23.65855 15.75376 12.1793 23.40602 15.74116 12.1763 23.39875 15.83406 12.1794 23.30143 15.82376 12.1764 23.29114 15.93866 12.1795 23.22117 15.93866 12.1795 23.22117 15.93135 12.1765 23.20856 16.05666 12.1766 23.15665 16.06046 12.1796 23.17071 16.06046 12.1796 23.17071 15.75396 12.0052 23.40602 15.83416 12.0053 23.30143 15.74116 12.1763 23.91834 15.68925 12.1762 23.79303 15.72946 12.1676 23.39197 15.81416 12.1677 23.28155 16.19116 12.1681 23.12539 16.19116 12.1681 23.12539 16.19116 12.1768 23.13895 16.32566 12.1769 23.15665 16.32916 12.1682 23.14356 16.32916 12.1682 23.14356 16.33216 12.1544 23.13231 16.33596 12.1154 23.11825 16.33646 12.0929 23.1164 16.19126 12.0492 23.10481 16.19126 12.0312 23.11374 16.19126 12.0312 23.11374 16.19126 12.0174 23.12539 15.83416 12.0053 24.01567 15.83416 12.0053 24.01567 16.55866 12.009 24.02596 16.56826 12.0177 24.03554 16.58676 12.0706 24.05407 16.73156 12.0708 23.80332 16.73336 12.0933 23.80381 16.70616 12.1686 23.79654 16.65286 12.1686 23.92513 16.56816 12.1685 24.03555 16.45776 12.1684 24.12027 16.46806 12.1365 24.1381 16.47086 12.1155 24.14296 16.33596 12.1154 24.19884 16.19126 12.1152 24.2179 15.79565 12.1148 24.05407 15.79966 12.1358 24.0501 15.82376 12.1764 24.02596 15.93146 12.0084 24.10853 16.05685 12.0085 24.16044 16.32576 12.0088 24.16044 16.45106 12.0089 24.10853 16.47096 12.0705 24.14296 16.47186 12.093 24.14462 16.58816 12.0931 24.05542 16.58276 12.1366 24.0501 16.58676 12.1157 24.05407 16.19126 12.0927 24.21982 16.04596 12.0926 24.20069 15.91056 12.0924 24.14462 15.70676 12.1147 23.93822 15.71165 12.1357 23.93542 15.72956 12.0169 23.92512 15.92475 12.0171 24.12027 16.05326 12.0172 24.17354 16.19126 12.0702 24.2179 16.04646 12.07 24.19884 15.91156 12.0699 24.14296 16.19116 12.1543 23.11374 16.04796 12.0491 23.12368 16.05026 12.031 23.13231 15.65816 12.0168 23.65855 15.67625 12.0168 23.52055 15.64646 12.0306 23.65855 15.66505 12.0306 23.51754 15.66505 12.0306 23.79955 15.67625 12.0168 23.79654 15.71946 12.0307 23.93095 15.91886 12.0309 24.13036 16.05026 12.031 24.18478 15.91886 12.0309 23.18673 15.92475 12.0171 23.19682 15.81425 12.017 23.28155 15.80606 12.0308 23.27331 16.56776 12.2503 23.78734 16.53716 12.2503 23.87883 16.69126 5.337533 23.95145 16.73556 5.337574 23.81892 16.08476 12.2498 23.36738 16.03576 5.336843 23.21055 15.99836 12.2497 23.41043 15.91066 5.336713 23.27291 17.27336 12.4509 22.26369 3.641857 13.3659 4.46126 14.53266 13.3659 4.46126 4.224255 13.3659 5.043659 4.224255 13.3659 6.854359 3.641857 13.3659 6.271959 0.9011574 13.3659 6.854359 0.3187561 13.3659 6.271959 0.9011574 13.3659 12.51646 0.3187561 13.3659 11.93406 -2.308445 13.3659 11.93406 -2.308445 13.3659 12.51646 14.53266 13.3659 6.271959 13.95026 13.3659 5.043659 13.95026 13.3659 6.854359 17.27336 13.3659 6.854359 17.85576 13.3659 6.271959 17.85576 13.3659 11.93406 17.85576 13.3659 11.93406 17.27336 13.3659 12.51646 20.48296 13.3659 12.51646 20.48296 13.3659 11.93406 20.48296 13.3659 11.93406 20.48296 12.4509 11.93406 17.85576 12.4509 11.93406 12.32455 3.45964e-6 -25.14654 5.849956 3.45964e-6 -25.14654 12.32455 14.2071 -25.14654 5.849956 14.2071 -25.14654 -22.81085 3.45964e-6 13.46636 -22.81085 3.45964e-6 21.77192 -22.81085 7.981113 21.77192 -22.81085 7.981113 13.46636 41.56775 12.4509 13.09886 41.56775 12.4509 25.74923 32.93795 12.4509 25.74923 40.98535 12.4509 25.16682 40.98535 12.4509 13.09886 33.52036 12.4509 25.16682 33.52036 12.4509 21.68127 32.93795 12.4509 22.26369 17.27336 12.4509 21.68127 33.52036 3.45964e-6 25.16682 40.98535 3.45964e-6 25.16682 33.52036 14.2071 25.16682 40.98535 14.2071 25.16682 25.36636 17.11351 17.09886 25.36636 14.2081 12.51646 12.30926 17.11351 17.09886 17.21236 14.2081 12.51646 40.98535 14.2081 25.16682 40.98535 14.2081 12.53316 37.25286 17.11351 18.69976 37.25286 17.11351 12.53316 37.25286 17.11351 -1.16394 31.29366 14.2081 3.522959 37.25286 17.11351 7.967459 31.29366 14.2081 7.967459 26.37236 12.4437 2.389858 26.37236 12.4437 4.105358 26.37236 13.3586 2.389858 26.37236 13.3586 4.105358 30.71116 13.3586 4.105358 30.71116 12.4437 4.105358 30.71116 12.4437 11.93406 30.71116 13.3586 11.93406 41.66375 14.2071 -25.14654 41.66375 3.45964e-6 -25.14654 31.29366 3.45964e-6 -25.14654 31.29366 14.2071 -25.14654 13.95026 12.4509 5.043661 13.95026 14.2071 5.043661 4.224255 14.2071 5.043661 4.224255 12.4509 5.043661 0.9011574 14.2071 6.854361 0.9011574 12.4509 6.854361 0.9011574 12.4509 24.52237 0.9011574 14.2071 24.52237 17.27336 1.748993 24.52237 17.27336 3.45964e-6 24.52237 17.27336 3.45964e-6 21.68127 17.27336 1.748993 21.68127 16.78876 5.344293 23.63589 16.80166 5.341663 23.63388 16.67206 5.341553 23.34109 16.68166 5.333803 23.33344 16.68166 5.333803 23.33344 16.76736 5.333883 23.47402 16.80556 5.341653 23.79529 16.80556 5.341653 23.79529 16.81766 5.333913 23.7966 16.77886 5.333863 23.95661 16.76746 5.341603 23.95221 16.76746 5.341603 23.95221 16.79256 5.344283 23.7939 16.79256 5.344283 23.7939 16.75526 5.344233 23.9475 16.75526 5.344233 23.9475 16.74426 5.188983 23.48425 16.66196 5.344183 23.34931 16.66196 5.344183 23.34931 16.66206 5.188913 23.3493 16.66206 5.188913 23.3493 16.54766 5.188793 23.24025 16.54756 5.344073 23.24026 16.54756 5.344073 23.24026 16.55526 5.341433 23.22968 16.67956 5.344143 24.08622 16.75536 5.188963 23.94749 16.79266 5.189013 23.79389 16.83616 5.227873 23.79857 16.77696 5.211763 23.46977 16.78436 5.227843 23.46652 16.68986 5.211683 23.32686 16.69606 5.227763 23.32181 16.57346 5.227643 23.20487 16.56866 5.211563 23.21136 16.67226 5.191563 23.34109 16.40876 5.343933 23.16453 16.41356 5.341293 23.15232 16.41796 5.333543 23.14094 16.56245 5.333683 23.21983 16.56245 5.333683 23.21983 16.56866 5.321353 23.21137 16.56866 5.321353 23.21137 16.68976 5.321473 23.32686 16.68976 5.321473 23.32686 16.77696 5.321553 23.46978 16.77696 5.321553 23.46978 16.82406 5.321593 23.63038 16.69016 5.341513 24.09394 16.25516 5.343773 23.12729 16.25526 5.188493 23.12728 16.25796 5.198903 23.10214 16.41806 5.199073 23.14093 16.25906 5.211243 23.09172 16.42176 5.211413 23.13116 16.42176 5.211413 23.13116 16.42466 5.227493 23.12367 16.09336 5.198733 23.10607 16.09526 5.190973 23.11813 16.09726 5.188333 23.13106 16.09716 5.343603 23.13107 16.09516 5.340963 23.11813 16.42166 5.321203 23.13117 16.78426 5.305483 23.46653 16.83206 5.305523 23.62914 16.59296 5.321303 24.22846 16.58636 5.333643 24.22031 16.79626 5.227823 23.96328 16.84116 5.246603 23.79911 16.80096 5.246553 23.9651 16.80246 5.266653 23.96572 16.83876 5.266713 23.62809 16.83706 5.246613 23.62836 16.78896 5.246573 23.46448 16.57636 5.246373 23.20079 16.42646 5.246223 23.11896 15.93116 5.210893 23.1429 15.93546 5.198563 23.15248 15.93546 5.198563 23.15248 15.94036 5.190813 23.16364 15.94556 5.343443 23.17561 15.94025 5.340793 23.16364 16.09326 5.333203 23.10608 15.93536 5.333033 23.15249 15.92786 5.304613 23.13556 15.92586 5.285883 23.13094 15.78006 5.245533 23.21985 15.78316 5.226813 23.22378 15.78826 5.210733 23.23004 15.79486 5.198403 23.23819 15.81076 5.188023 23.25788 15.81055 5.343293 23.25789 15.81055 5.343293 23.25789 15.83356 5.343243 24.21825 15.83356 5.343243 24.21825 15.97226 5.343393 24.29398 15.97226 5.343393 24.29398 16.12586 5.343543 24.33122 16.12456 5.340903 24.34424 16.12456 5.340903 24.34424 16.28596 5.341073 24.34037 16.12326 5.333143 24.35637 16.28786 5.333313 24.35243 16.12206 5.320803 24.36678 16.28946 5.320973 24.36278 16.12126 5.304723 24.37477 16.29066 5.304903 24.37072 16.12075 5.285993 24.37979 16.29146 5.286173 24.37571 15.95655 5.304553 24.33483 15.95946 5.320633 24.32734 15.96756 5.340733 24.30619 15.97246 5.188113 24.29397 16.58646 5.199163 24.2203 16.71496 5.227723 24.11204 16.71906 5.246453 24.11502 16.72046 5.266553 24.11604 16.79046 5.266673 23.46378 16.45006 5.321153 24.3156 16.44576 5.333483 24.30602 16.45336 5.227433 24.32294 16.45016 5.211353 24.31559 15.80775 5.304403 24.25363 15.81256 5.320483 24.24714 15.82586 5.340593 24.22882 15.83366 5.187973 24.21824 15.81876 5.198353 24.23867 15.95956 5.210833 24.32733 15.81256 5.210693 24.24713 15.81256 5.210693 24.24713 15.95655 5.226913 24.33483 15.80786 5.226763 24.25362 15.69136 5.320363 24.13164 15.69946 5.332713 24.12507 15.70896 5.340483 24.11742 15.71915 5.343133 24.1092 15.78316 5.304453 23.22379 15.77996 5.285723 23.21985 15.66075 5.265493 23.34246 15.57866 5.265393 23.49278 15.54005 5.285433 23.65939 15.54246 5.265333 23.83041 15.54415 5.285433 23.83015 15.59076 5.265373 23.99472 15.59225 5.245283 23.99402 15.54415 5.245243 23.83014 15.54415 5.245243 23.83014 15.54005 5.245253 23.65939 15.58036 5.245303 23.4934 15.66215 5.245403 23.34348 15.66215 5.245403 23.34348 15.66626 5.226683 23.34646 15.70166 5.187893 23.37228 15.58855 5.343033 23.66461 15.59236 5.343023 23.82262 15.62585 5.343083 23.51101 15.63686 5.343063 23.97426 15.70156 5.343173 23.37229 15.80236 5.340643 23.2477 15.69096 5.340513 23.36457 15.79476 5.332873 23.2382 15.68116 5.332753 23.35738 15.58496 5.304223 23.49522 15.54506 5.304163 23.65993 15.54506 5.304163 23.65993 15.54916 5.304163 23.82937 15.54916 5.226523 23.82936 15.54515 5.226533 23.65993 15.58506 5.226583 23.49522 15.59256 5.210513 23.49812 15.56746 5.198123 23.82651 15.61386 5.198163 23.98448 15.61386 5.198163 23.98448 15.62506 5.190413 23.97955 15.62495 5.340403 23.97955 15.57946 5.340363 23.82463 15.57556 5.340373 23.66321 15.61365 5.340423 23.5063 15.59246 5.320303 23.49812 15.55305 5.320253 23.66079 15.60426 5.320283 23.98873 15.69146 5.210573 24.13164 15.60426 5.210493 23.98872 15.55716 5.210453 23.82812 15.55716 5.210453 23.82812 15.55316 5.210463 23.66079 15.69955 5.198243 24.12506 15.69955 5.198243 24.12506 15.70906 5.190493 24.11741 15.61375 5.332633 23.98449 16.12336 5.198673 24.35636 16.12466 5.190913 24.34423 16.28606 5.191083 24.34037 16.28796 5.198843 24.35242 16.44585 5.199013 24.30601 16.59306 5.211513 24.22846 16.59806 5.227593 24.23472 16.75626 5.191643 23.47895 16.63126 5.170433 24.16978 16.63126 5.170433 24.16978 16.63126 5.170433 24.16978 15.75046 4.749423 24.16976 15.75046 4.749423 24.16976 15.75046 4.749423 24.16976 16.63156 4.750343 24.16976 16.63156 4.750343 24.16976 16.63156 4.750343 24.16976 15.62046 4.749273 24.29977 15.62046 4.749273 24.29977 15.62046 4.749273 24.29977 16.76156 4.750473 24.29977 16.76156 4.750473 24.29977 16.76156 4.750473 24.29977 16.76156 4.750513 23.72922 16.76156 4.750513 23.72922 16.76156 4.657713 23.15867 16.76156 4.657713 23.15867 16.76156 4.750553 23.15867 15.62046 4.749353 23.15867 15.62046 4.656513 23.15867 15.62046 4.656513 23.15867 15.60636 4.656493 23.14449 16.77576 4.657723 23.14449 16.77576 4.657723 23.14449 16.76156 4.657623 24.29977 16.76156 4.657623 24.29977 16.76156 4.657623 24.29977 16.77576 4.657643 24.31395 16.77576 4.657643 24.31395 16.77576 4.657643 24.31395 15.60636 4.656413 24.31395 15.60636 4.656413 24.31395 15.62046 4.656423 24.29977 15.62046 4.656423 24.29977 15.62046 4.656423 24.29977 15.54546 4.574023 24.37485 15.54546 4.574023 24.37485 15.54546 4.574123 23.08359 16.83676 4.575483 23.08359 16.83676 4.575483 23.08359 16.83676 4.575433 23.72922 16.83676 4.575433 23.72922 16.83676 4.575383 24.37485 16.83676 4.575383 24.37485 16.83676 4.575383 24.37485 16.82386 4.575373 24.36193 16.82386 4.575373 24.36193 16.82386 4.575373 24.36193 16.82386 4.575463 23.09651 16.82386 4.575463 23.09651 15.55836 4.574133 23.09651 15.56776 4.519943 23.10585 16.81456 4.521253 23.10585 16.81456 4.521213 23.72921 16.81456 4.521213 23.72921 16.81456 4.521163 24.35258 16.81456 4.521163 24.35258 16.81456 4.521163 24.35258 15.56776 4.519853 24.35258 15.56776 4.519853 24.35258 15.55836 4.574043 24.36193 15.55836 4.574043 24.36193 15.58346 4.519963 23.12157 15.58346 4.519963 23.12157 16.79876 4.521243 23.12157 16.79876 4.521243 23.12157 16.79876 4.521153 24.33685 15.58346 4.519873 24.33685 15.59726 4.469403 23.13533 15.59726 4.469403 23.13533 15.59726 4.469323 24.32309 15.61356 4.469343 24.30679 15.61356 4.469423 23.15163 15.61356 4.469423 23.15163 16.76876 4.470643 23.15163 16.76876 4.470643 23.15163 16.78506 4.470653 23.13533 16.78506 4.470653 23.13533 16.78506 4.470573 24.32309 16.76876 4.470553 24.30679 16.76176 4.414073 23.15866 16.76176 4.414073 23.15866 15.62065 4.412873 23.15866 15.62065 4.412873 23.15866 15.62065 4.412793 24.29976 15.62065 4.412793 24.29976 15.62075 4.228613 23.15865 15.62075 4.228613 23.15865 16.76186 4.229813 23.15865 16.76186 4.229813 23.15865 16.76186 4.229733 24.29975 16.76186 4.229733 24.29975 16.76186 4.229733 24.29975 16.76176 4.413993 24.29976 16.76176 4.413993 24.29976 15.62075 4.228533 24.29975 15.62075 4.228533 24.29975 15.62075 4.228533 24.29975 15.75046 4.749483 23.28869 15.75046 4.749483 23.28869 15.75016 5.169513 24.16978 15.75016 5.169513 24.16978 15.75046 4.781193 23.28869 15.75046 4.781193 23.28869 15.75016 5.169573 23.28871 15.75016 5.169573 23.28871 15.65116 5.169463 23.41774 15.58886 5.169383 23.568 15.62976 5.151393 23.40542 15.56506 5.151313 23.56162 15.61095 5.125943 23.39454 15.54415 5.125853 23.55599 15.52676 5.094073 23.55134 15.85596 5.126213 23.14952 15.84706 5.094443 23.13398 16.01286 5.094623 23.06531 16.01746 5.126393 23.08265 16.01746 5.126393 23.08265 16.02306 5.151833 23.10366 16.02306 5.151833 23.10366 16.02946 5.169883 23.12746 16.02966 4.781503 23.12744 16.02336 4.799543 23.10364 16.02336 4.799543 23.10364 15.86716 4.799373 23.16834 15.65145 4.781083 23.41772 15.58916 4.781003 23.56798 15.56795 4.780973 23.72923 15.56795 4.780973 23.72923 15.54325 4.798983 23.72923 15.56536 4.799003 23.89685 15.58916 4.780983 23.89047 15.56766 5.169353 23.72925 16.19066 5.170053 23.10623 16.50216 5.170373 23.1897 16.63126 5.170503 23.28871 16.63126 5.170503 23.28871 16.63156 4.750413 23.28869 16.51456 5.152343 23.16836 16.64866 5.152483 23.27128 16.81366 5.170663 23.72925 16.81366 5.170663 23.72925 16.83836 5.152643 23.72924 16.81626 5.152613 23.89687 16.79246 5.170633 23.89049 16.79246 5.170633 23.89049 16.79276 4.782243 23.89047 16.81396 4.782283 23.72923 16.73026 5.170553 24.04075 16.75186 4.800283 23.4054 16.77066 4.825743 23.39453 16.78616 4.857523 23.38556 16.52566 4.825503 23.14951 16.53456 4.857283 23.13397 16.36416 4.825333 23.08263 16.36416 4.825333 23.08263 16.36876 4.857113 23.0653 16.19096 4.825153 23.05982 16.35856 4.799893 23.10364 16.19096 4.799713 23.08157 16.19096 4.799713 23.08157 16.19096 4.781673 23.10621 16.19066 5.152013 23.08159 16.19066 5.152013 23.08159 16.19066 5.126573 23.05984 16.36396 5.126753 23.08265 16.52546 5.126923 23.14952 16.86016 5.127233 23.72924 16.83726 5.127193 23.9025 16.77046 5.127113 24.06395 16.75156 5.152533 24.05307 16.81656 4.800313 23.89685 16.83856 4.800353 23.72923 16.81656 4.800343 23.5616 16.83756 4.825803 23.55597 16.85486 4.857583 23.55133 16.79776 4.894293 23.37887 16.68636 4.894193 23.23374 16.19086 4.893683 23.0285 16.00956 4.893493 23.05238 16.01766 4.824973 23.08263 16.36866 5.094993 23.06531 16.53436 5.095163 23.13398 16.53436 5.095163 23.13398 16.67676 5.095303 23.24321 16.78596 5.095413 23.38557 16.85466 5.095473 23.55134 16.87806 5.095483 23.72924 16.85466 5.095443 23.90714 16.78596 5.095363 24.07292 16.53436 5.095073 24.3245 16.64866 5.152413 24.18721 16.51456 5.152263 24.29013 16.50216 5.170293 24.26879 16.50246 4.781913 24.26877 16.66426 4.825573 24.20257 16.83756 4.825773 23.90248 16.86036 4.825813 23.72923 16.87826 4.857593 23.72923 16.89156 4.894373 23.72923 16.80486 4.934513 23.37474 16.69216 4.934403 23.2279 16.54536 4.934263 23.11523 16.37436 4.934083 23.0444 16.19086 4.933893 23.02024 16.00736 4.933703 23.0444 15.83636 4.933513 23.11523 15.68956 4.933353 23.2279 15.70486 4.856403 23.2432 15.85625 4.824803 23.14951 15.71756 4.824643 23.25589 15.61116 4.824523 23.39453 15.62976 5.151353 24.05307 15.56506 5.151293 23.89687 15.56506 5.151293 23.89687 15.54306 5.151283 23.72924 15.52126 5.125823 23.72924 15.50336 5.094033 23.72924 15.49005 5.057263 23.72924 15.51385 5.057303 23.54788 16.19076 5.058053 23.02851 16.37215 5.058243 23.05239 16.54116 5.058413 23.12239 16.68626 5.058553 23.23375 16.79756 5.058663 23.37887 16.86766 5.058723 23.54788 16.89146 5.058733 23.72924 16.86766 5.058693 23.9106 16.86766 5.058693 23.9106 16.79756 5.058613 24.07961 16.54116 5.058323 24.33609 16.37215 5.058143 24.40609 16.36866 5.094893 24.39317 16.35836 5.152093 24.35483 16.35196 5.170133 24.33103 16.35216 4.781753 24.33101 16.35856 4.799803 24.35482 16.51476 4.799963 24.29011 16.52566 4.825413 24.30895 16.67696 4.857353 24.21526 16.53456 4.857193 24.32449 16.85486 4.857563 23.90713 16.86776 4.894333 23.91059 16.80726 4.976493 23.37334 16.69416 4.976383 23.22593 16.54666 4.976233 23.11281 16.37506 4.976063 23.0417 15.83496 4.975483 23.11281 15.68745 4.975323 23.22593 15.59566 4.856273 23.38556 15.85625 4.824713 24.30895 15.84726 4.856473 24.32449 16.01766 4.824873 24.37583 16.01766 4.824873 24.37583 16.01296 4.856633 24.39316 16.19096 4.825063 24.39863 16.02336 4.799443 24.35482 16.19096 4.799623 24.37688 15.61095 5.125893 24.06395 15.54415 5.125833 23.9025 15.54415 5.125833 23.9025 15.52676 5.094043 23.90714 15.51385 5.057273 23.9106 15.47906 4.975063 23.72924 15.48186 4.933093 23.72923 15.50606 4.933133 23.54573 15.50326 4.975103 23.54501 16.19076 5.017843 23.02025 16.37426 5.018033 23.0444 16.89976 5.018533 23.72924 16.87566 5.018493 23.91274 16.80476 5.018403 24.08373 16.69216 5.018283 24.23057 16.69216 5.018283 24.23057 16.54526 5.018113 24.34324 16.37426 5.017933 24.41407 16.19076 5.017733 24.43823 16.19076 5.057943 24.42997 16.37226 4.893773 24.40609 16.37436 4.933983 24.41407 16.37506 4.975963 24.41677 16.54666 4.976143 24.34566 16.69416 4.976313 24.23254 16.69416 4.976313 24.23254 16.80726 4.976443 24.08513 16.19086 4.893583 24.42996 16.19086 4.933793 24.43823 16.19086 4.933793 24.43823 16.19086 4.975763 24.44102 16.00726 5.017543 24.41407 16.00656 4.975573 24.41677 15.83496 4.975393 24.34566 15.83626 5.017373 24.34324 16.00936 5.057753 24.40609 15.58385 5.057333 24.07961 15.59545 5.094103 24.07292 16.00736 4.933603 24.41407 15.68745 4.975253 24.23254 15.68946 5.017223 24.23057 16.83496 12.3188 23.15921 16.83816 12.3568 23.15921 16.83496 12.3188 24.16929 16.83816 12.3567 24.1693 16.65176 12.3945 24.1693 16.66126 12.4299 24.1693 16.66126 12.4299 23.15921 16.65176 12.3945 23.15921 15.74116 12.3176 23.15921 15.74105 12.3936 23.15921 15.74105 12.3936 23.15921 15.74435 12.3556 23.15921 15.74435 12.3556 23.15921 15.73156 12.4289 23.15921 15.73156 12.4289 23.15921 15.73165 12.2822 23.15921 15.73156 12.4289 24.1693 15.74105 12.3936 24.1693 15.74435 12.3556 24.1693 15.71646 12.4593 23.15921 15.69686 12.4826 23.15921 15.71666 12.2518 23.15921 15.67396 12.4972 23.15921 15.69706 12.2285 23.15921 15.67416 12.2138 23.15921 15.64965 12.2088 23.15921 15.62516 12.2138 23.15921 15.60226 12.2284 23.15921 15.58266 12.2517 24.16929 15.58266 12.2517 23.15921 15.58266 12.2517 23.15921 15.56755 12.2821 24.16929 15.56755 12.2821 23.15921 15.56755 12.2821 23.15921 15.55806 12.3174 23.15921 15.55476 12.3554 23.15921 15.62495 12.4972 24.1693 15.64946 12.5022 24.1693 15.64946 12.5022 23.15921 15.64946 12.5022 23.15921 15.62495 12.4972 23.15921 15.62495 12.4972 23.15921 15.60205 12.4825 23.15921 15.58245 12.4592 23.15921 15.56746 12.4288 23.15921 15.55796 12.3934 23.15921 16.54826 12.271 24.01567 16.44366 12.2709 24.09593 16.19106 12.2706 24.16359 15.68605 12.2701 24.16359 15.68605 12.2701 23.1535 15.68605 12.2701 23.65855 15.68605 12.2701 23.65855 15.68605 12.2701 23.65855 15.70325 12.2701 23.52783 15.70325 12.2701 23.52783 15.75376 12.2701 23.40603 15.83396 12.2702 23.30143 15.93856 12.2703 23.22117 16.06036 12.2705 23.17071 16.19106 12.2706 23.1535 16.67896 12.1803 23.52783 16.71076 12.1773 23.65855 16.69305 12.1773 23.79303 16.54826 12.1801 24.01567 16.44366 12.18 24.09593 16.32186 12.1799 24.14638 16.19116 12.1797 24.16359 16.06046 12.1796 24.14638 16.06036 12.2705 24.14638 15.93856 12.2703 24.09593 15.83396 12.2702 24.01567 15.75376 12.2701 23.91107 15.70325 12.2701 23.78926 15.70325 12.2701 23.78926 15.70336 12.1792 23.78926 15.68616 12.1792 23.65855 15.70336 12.1792 23.52783 15.70336 12.1792 23.52783 16.62866 12.0061 23.91107 16.67916 12.0062 23.78926 16.66306 12.0317 23.93095 16.67086 12.0497 23.93541 16.72616 12.0498 23.80186 16.74496 12.0498 23.65855 16.72446 12.0179 23.65855 16.71086 12.0092 23.65855 16.69636 12.0062 23.65855 16.67916 12.0062 23.52783 16.67916 12.0062 23.52783 16.69316 12.0092 23.52406 16.70626 12.0179 23.52055 16.75056 12.0708 23.65855 16.75056 12.1158 23.65855 16.73156 12.1158 23.51377 16.67566 12.1158 23.37887 16.67726 12.0932 23.37791 16.67566 12.0707 23.37887 16.66306 12.0317 23.38614 16.65306 12.0178 23.39197 16.64126 12.0091 23.39875 16.62866 12.0061 23.40602 16.62866 12.0061 23.40602 16.62856 12.1802 23.40602 16.62856 12.1802 23.40602 16.54826 12.1801 23.30143 16.54846 12.0061 23.30143 16.55866 12.009 23.29113 16.56826 12.0177 23.28155 16.57656 12.0316 23.27331 16.46366 12.0315 23.18673 16.45786 12.0176 23.19682 16.44386 12.006 23.22116 16.55856 12.1772 23.29114 16.58276 12.1366 23.26699 16.58276 12.1366 23.26699 16.46806 12.1365 23.17899 16.58676 12.1157 23.26302 16.58676 12.1157 23.26302 16.47086 12.1155 23.17413 16.47186 12.093 23.17247 16.58816 12.0931 23.26167 16.58816 12.0931 23.26167 16.67076 12.1367 23.38168 16.67076 12.1367 23.38168 16.66296 12.1548 23.38615 16.64116 12.1773 23.39875 15.93866 12.1795 24.09593 16.44386 12.0059 24.09593 16.32206 12.0058 24.14638 16.32206 12.0058 24.14638 16.19116 12.1681 24.1917 16.32916 12.1682 24.17354 16.19116 12.1542 24.20335 16.33216 12.1544 24.18479 16.05016 12.1541 24.18479 16.05316 12.1679 24.17354 16.19126 12.0057 24.16359 16.19126 12.0057 24.16359 16.06056 12.0055 24.14638 16.06056 12.0055 24.14638 15.93875 12.0054 24.09593 15.93875 12.0054 24.09593 15.75396 12.0052 23.91107 15.70346 12.0052 23.78926 15.68626 12.0052 23.65855 15.70346 12.0052 23.52783 15.70346 12.0052 23.52783 15.67155 12.1762 23.65855 15.68925 12.1762 23.52407 15.75376 12.1793 23.40602 15.83406 12.1794 23.30143 15.82376 12.1764 23.29114 15.93866 12.1795 23.22117 15.93135 12.1765 23.20856 15.93135 12.1765 23.20856 16.05666 12.1766 23.15665 15.75396 12.0052 23.40602 15.75396 12.0052 23.40602 15.83416 12.0053 23.30143 15.68925 12.1762 23.79303 15.67615 12.1675 23.79654 15.67615 12.1675 23.79654 15.65805 12.1675 23.65855 15.65805 12.1675 23.65855 15.67615 12.1675 23.52056 15.67615 12.1675 23.52056 15.72946 12.1676 23.39197 15.92456 12.1678 23.19682 16.05316 12.1679 23.14356 16.19116 12.1681 23.12539 16.19116 12.1768 23.13895 16.19126 12.0057 23.1535 16.32206 12.0058 23.17071 16.58676 12.0706 23.26302 16.19126 12.0174 23.12539 16.19126 12.0087 23.13895 16.19126 12.0087 23.13895 16.32576 12.0088 23.15665 15.83416 12.0053 24.01567 16.54846 12.0061 24.01567 16.57656 12.0316 24.04378 16.58286 12.0496 24.0501 16.73156 12.0708 23.80332 16.74496 12.1368 23.65855 16.74496 12.1368 23.65855 16.72606 12.1368 23.80186 16.71746 12.1548 23.79955 16.73596 12.1548 23.65855 16.72606 12.1368 23.51523 16.72606 12.1368 23.51523 16.71746 12.1548 23.51754 16.72436 12.1686 23.65855 16.70616 12.1686 23.79654 16.47086 12.1155 24.14296 16.33596 12.1154 24.19884 15.79966 12.1358 24.0501 15.91875 12.154 24.13036 15.80596 12.1538 24.04378 15.80596 12.1538 24.04378 15.92456 12.1678 24.12027 15.81416 12.1677 24.03555 15.82386 12.0083 24.02596 16.19126 12.0086 24.17814 16.32576 12.0088 24.16044 16.47096 12.0705 24.14296 16.47186 12.093 24.14462 16.67076 12.1367 23.93542 16.66296 12.1547 23.93095 16.57646 12.1547 24.04378 16.58276 12.1366 24.0501 16.33646 12.0929 24.20069 15.70676 12.1147 23.93822 15.71165 12.1357 23.93542 15.71165 12.1357 23.93542 15.71936 12.1538 23.93095 15.74136 12.0082 23.91834 15.72956 12.0169 23.92512 15.81425 12.0169 24.03554 16.19126 12.0173 24.1917 16.32926 12.0175 24.17354 16.33606 12.0703 24.19884 16.04646 12.07 24.19884 15.91156 12.0699 24.14296 15.79576 12.0698 24.05407 15.70686 12.0697 23.93822 15.65095 12.0696 23.80332 15.65095 12.1147 23.80332 15.65636 12.1357 23.80186 15.66495 12.1537 23.79955 15.64635 12.1537 23.65855 15.66495 12.1537 23.51754 15.71936 12.1538 23.38615 16.04596 12.0926 23.1164 16.04646 12.07 23.11825 16.05326 12.0172 23.14355 16.05685 12.0085 23.15665 16.06056 12.0056 23.17071 15.67166 12.0081 23.65855 15.65816 12.0168 23.65855 15.63756 12.0486 23.65855 15.63185 12.0696 23.65855 15.63185 12.0696 23.65855 15.65095 12.0696 23.51377 15.64906 12.0921 23.51328 15.62996 12.0921 23.65855 15.65636 12.0486 23.80186 15.67625 12.0168 23.79654 15.68936 12.0081 23.79303 15.71176 12.0487 23.93541 15.79975 12.0488 24.0501 16.05026 12.031 24.18478 16.19126 12.0312 24.20335 16.19126 12.0492 24.21228 16.04796 12.049 24.19342 16.04796 12.049 24.19342 15.91436 12.0489 24.1381 15.63185 12.1146 23.65855 16.04646 12.1151 23.11825 15.91056 12.0924 23.17247 15.91156 12.1149 23.17413 15.79576 12.0698 23.26302 15.91156 12.0699 23.17413 15.91156 12.0699 23.17413 15.91436 12.0489 23.17899 15.93875 12.0054 23.22116 15.81425 12.017 23.28155 15.80606 12.0308 23.27331 15.79975 12.0488 23.26699 15.65095 12.1147 23.51377 15.71946 12.0307 23.38614 15.72956 12.0169 23.39197 15.85556 12.2495 23.83712 15.70386 5.336493 23.89104 15.83636 12.2495 23.74258 15.67596 5.336463 23.75408 16.51146 12.2502 23.51017 16.65386 5.337493 23.41739 16.44746 12.2502 23.43791 16.44746 12.2502 23.43791 16.56126 5.337403 23.31272 16.56126 5.337403 23.31272 16.44476 5.337283 23.23558 16.36706 12.2501 23.38466 5.849956 3.45964e-6 -15.85054 12.32455 3.45964e-6 -15.85054 12.32455 14.2071 -15.85054 5.849956 14.2071 -15.85054 -33.22354 7.981113 7.727861 -33.22354 8.462543 7.727861 -42.86836 8.462543 7.727861 -42.86836 7.981113 7.727861 31.29366 14.2071 3.522961 26.95475 14.2071 2.272461 26.42946 14.2071 1.021961 26.42946 14.2071 -3.349836 24.78875 17.1135 -21.33834 37.25286 17.1135 -21.33834 31.29366 14.2081 -15.37904 24.78875 14.2081 -15.37904 37.25286 17.1125 -5.850737 37.25286 17.1125 -21.33834 31.29366 14.2071 -5.850737 31.29366 14.2071 -15.37904 25.84696 12.4437 -3.467237 25.84696 13.3586 -3.467237 26.37236 12.4437 -4.717638 25.84696 12.4437 1.13936 26.37236 13.3586 -4.717638 25.84696 13.3586 1.13936 31.29366 3.45964e-6 12.51646 31.29366 14.2071 12.51646 31.29366 3.45964e-6 3.522961 26.42946 3.45964e-6 1.021961 26.42946 3.45964e-6 -3.349836 26.95475 3.45964e-6 2.272461 26.95475 3.45964e-6 -4.600336 26.95475 14.2071 -4.600336 9.087258 18.9982 24.52237 17.27336 14.2071 24.52237 9.087258 18.9982 6.854361 17.27336 14.2071 6.854361 4.224255 12.4509 5.043661 4.224255 1.748993 6.854361 4.224255 12.4509 6.854361 4.224255 1.748993 5.043661 0.9011574 12.4509 6.854361 0.9011574 1.748993 6.854361 0.9011574 1.748993 12.51646 0.9011574 12.4509 12.51646 17.27336 1.748993 21.68127 16.74416 5.344263 23.48425 16.81376 5.333923 23.63199 16.81766 5.333913 23.7966 16.77886 5.333863 23.95661 16.75526 5.344233 23.9475 16.74426 5.188983 23.48425 16.66196 5.344183 23.34931 16.66206 5.188913 23.3493 16.55526 5.341433 23.22968 16.67956 5.344143 24.08622 16.67966 5.188873 24.08621 16.67966 5.188873 24.08621 16.75536 5.188963 23.94749 16.83206 5.227883 23.62913 16.78436 5.227843 23.46652 16.40876 5.343933 23.16453 16.41356 5.341293 23.15232 16.41796 5.333543 23.14094 16.56245 5.333683 23.21983 16.56866 5.321353 23.21137 16.68976 5.321473 23.32686 16.82406 5.321593 23.63038 16.82806 5.321583 23.79771 16.78866 5.321533 23.96039 16.70846 5.321433 24.10731 16.25516 5.343773 23.12729 16.25996 5.227323 23.08373 16.09056 5.227143 23.08778 16.09526 5.190973 23.11813 16.09726 5.188333 23.13106 16.25656 5.341133 23.11427 16.25786 5.333373 23.10214 16.25906 5.321043 23.09173 16.42166 5.321203 23.13117 16.57336 5.305283 23.20488 16.57336 5.305283 23.20488 16.42456 5.305133 23.12367 16.42456 5.305133 23.12367 16.42646 5.286413 23.11896 16.57636 5.286563 23.2008 16.69606 5.305403 23.32182 16.78426 5.305483 23.46653 16.83206 5.305523 23.62914 16.83206 5.305523 23.62914 16.83606 5.305513 23.79857 16.79616 5.305463 23.96328 16.71496 5.305363 24.11204 16.71496 5.305363 24.11204 16.59806 5.305233 24.23472 16.59296 5.321303 24.22846 16.57056 5.188753 24.20061 16.57886 5.191403 24.2108 16.69025 5.191533 24.09393 16.80086 5.286743 23.9651 16.83706 5.286803 23.62836 16.83876 5.266713 23.62809 16.83706 5.246613 23.62836 16.78896 5.246573 23.46448 16.26046 5.246053 23.07871 16.08976 5.245873 23.08279 15.92586 5.245693 23.13093 15.94036 5.190813 23.16364 15.94566 5.188163 23.17561 16.09326 5.333203 23.10608 15.93536 5.333033 23.15249 16.09166 5.320863 23.09573 15.93106 5.320693 23.14291 16.09046 5.304783 23.08779 15.92786 5.304613 23.13556 16.08966 5.286053 23.0828 15.92586 5.285883 23.13094 15.92516 5.265783 23.12936 16.08946 5.265963 23.08109 16.26066 5.266143 23.077 16.25986 5.304963 23.08373 15.83356 5.343243 24.21825 15.97226 5.343393 24.29398 16.12456 5.340903 24.34424 16.12326 5.333143 24.35637 16.28786 5.333313 24.35243 16.28946 5.320973 24.36278 16.29146 5.286173 24.37571 16.29176 5.266083 24.37741 15.96316 5.332973 24.31757 15.96756 5.340733 24.30619 15.96756 5.340733 24.30619 16.71906 5.286643 24.11502 16.78886 5.286763 23.46448 16.79046 5.266673 23.46378 16.45536 5.286353 24.32757 16.45606 5.266253 24.32914 16.45606 5.266253 24.32914 16.45006 5.321153 24.3156 16.44576 5.333483 24.30602 16.29156 5.245983 24.37571 16.45536 5.246163 24.32756 16.45536 5.246163 24.32756 16.29076 5.227263 24.37071 16.45336 5.227433 24.32294 16.28956 5.211183 24.36277 16.12215 5.211003 24.36677 16.12136 5.227083 24.37477 16.12075 5.245803 24.37979 15.80486 5.245483 24.25771 15.82586 5.340593 24.22882 15.96765 5.190753 24.30618 15.96326 5.198503 24.31756 15.80786 5.226763 24.25362 15.68516 5.226643 24.13668 15.68126 5.245363 24.13985 15.70896 5.340483 24.11742 15.71915 5.343133 24.1092 15.71915 5.343133 24.1092 15.54415 5.285433 23.83015 15.59225 5.285463 23.99402 15.58866 5.187753 23.6646 15.57566 5.190393 23.66321 15.57956 5.190383 23.82463 15.59246 5.187753 23.82261 15.63686 5.343063 23.97426 15.63686 5.343063 23.97426 15.67266 5.320403 23.3512 15.66616 5.304313 23.34646 15.58496 5.304223 23.49522 15.54916 5.304163 23.82937 15.59685 5.304193 23.99198 15.56356 5.198133 23.6619 15.56746 5.198123 23.82651 15.63705 5.187783 23.97425 15.62495 5.340403 23.97955 15.57946 5.340363 23.82463 15.57556 5.340373 23.66321 15.59246 5.320303 23.49812 15.55305 5.320253 23.66079 15.55706 5.320243 23.82813 15.60426 5.320283 23.98873 15.55716 5.210453 23.82812 15.55316 5.210463 23.66079 15.71926 5.187863 24.10919 15.61375 5.332633 23.98449 15.56736 5.332593 23.82651 15.56736 5.332593 23.82651 15.56346 5.332603 23.66191 15.56346 5.332603 23.66191 16.12336 5.198673 24.35636 16.12466 5.190913 24.34423 16.60126 5.246323 24.23865 16.60226 5.266413 24.23999 16.63126 5.170433 24.16978 16.63126 5.170433 24.16978 16.63126 5.170433 24.16978 16.63126 5.170433 24.16978 16.63146 4.782053 24.16976 16.63146 4.782053 24.16976 15.75046 4.781133 24.16976 15.75046 4.781133 24.16976 15.75046 4.749423 24.16976 15.62046 4.656513 23.15867 15.60636 4.656493 23.14449 15.60636 4.656493 23.14449 16.77576 4.657723 23.14449 15.60636 4.656413 24.31395 15.62046 4.656423 24.29977 15.54546 4.574123 23.08359 16.83676 4.575483 23.08359 15.61356 4.469343 24.30679 16.76876 4.470553 24.30679 15.62065 4.412793 24.29976 16.76176 4.413993 24.29976 15.75016 5.169513 24.16978 15.75016 5.169513 24.16978 15.75016 5.169573 23.28871 15.65116 5.169463 23.41774 15.58886 5.169383 23.568 15.52676 5.094073 23.55134 15.59545 5.094153 23.38557 15.70465 5.094283 23.24321 15.70465 5.094283 23.24321 15.84706 5.094443 23.13398 16.01286 5.094623 23.06531 16.01286 5.094623 23.06531 16.01746 5.126393 23.08265 15.87915 5.169723 23.1897 16.02946 5.169883 23.12746 15.86716 4.799373 23.16834 15.73296 4.799223 23.27126 15.65145 4.781083 23.41772 15.63005 4.799103 23.4054 15.58916 4.781003 23.56798 15.58916 4.781003 23.56798 15.56536 4.799023 23.5616 15.56536 4.799023 23.5616 15.56795 4.780973 23.72923 15.56795 4.780973 23.72923 15.54325 4.798983 23.72923 15.58916 4.780983 23.89047 15.58886 5.169363 23.89049 15.58886 5.169363 23.89049 15.56766 5.169353 23.72925 15.56766 5.169353 23.72925 16.19066 5.170053 23.10623 16.19066 5.170053 23.10623 16.35196 5.170223 23.12746 16.35196 5.170223 23.12746 16.50216 5.170373 23.1897 16.63126 5.170503 23.28871 16.63126 5.170503 23.28871 16.35216 4.781843 23.12744 16.35836 5.152183 23.10366 16.64866 5.152483 23.27128 16.73026 5.170593 23.41774 16.73026 5.170593 23.41774 16.75156 5.152573 23.40542 16.79246 5.170653 23.568 16.79246 5.170653 23.568 16.81626 5.152633 23.56162 16.81366 5.170663 23.72925 16.83836 5.152643 23.72924 16.81626 5.152613 23.89687 16.79246 5.170633 23.89049 16.79246 5.170633 23.89049 16.79276 4.782243 23.89047 16.79276 4.782243 23.89047 16.81396 4.782283 23.72923 16.79276 4.782273 23.56798 16.73046 4.782213 23.41772 16.73026 5.170553 24.04075 16.73026 5.170553 24.04075 16.64886 4.800183 23.27126 16.75186 4.800283 23.4054 16.66426 4.825643 23.25589 16.77066 4.825743 23.39453 16.78616 4.857523 23.38556 16.67696 4.857423 23.2432 16.67696 4.857423 23.2432 16.52566 4.825503 23.14951 16.53456 4.857283 23.13397 16.36416 4.825333 23.08263 16.36876 4.857113 23.0653 16.36876 4.857113 23.0653 16.19086 4.856923 23.04188 16.19086 4.856923 23.04188 16.19096 4.825153 23.05982 16.19096 4.781673 23.10621 16.19066 5.152013 23.08159 16.19066 5.126573 23.05984 16.66406 5.127053 23.2559 16.77046 5.127163 23.39454 16.83726 5.127213 23.55599 16.86016 5.127233 23.72924 16.83726 5.127193 23.9025 16.77046 5.127113 24.06395 16.77046 5.127113 24.06395 16.75156 5.152533 24.05307 16.75156 5.152533 24.05307 16.73046 4.782173 24.04073 16.73046 4.782173 24.04073 16.75186 4.800233 24.05306 16.81656 4.800313 23.89685 16.83856 4.800353 23.72923 16.83856 4.800353 23.72923 16.81656 4.800343 23.5616 16.83756 4.825803 23.55597 16.85486 4.857583 23.55133 16.86776 4.894363 23.54787 16.79776 4.894293 23.37887 16.68636 4.894193 23.23374 16.68636 4.894193 23.23374 16.54126 4.894043 23.12238 16.37226 4.893873 23.05238 16.19086 4.893683 23.0285 16.00956 4.893493 23.05238 16.00956 4.893493 23.05238 16.01296 4.856733 23.0653 16.19076 5.094813 23.04189 16.85466 5.095473 23.55134 16.87806 5.095483 23.72924 16.66406 5.126983 24.20259 16.66406 5.126983 24.20259 16.67676 5.095233 24.21527 16.53436 5.095073 24.3245 16.52546 5.126833 24.30897 16.64866 5.152413 24.18721 16.64866 5.152413 24.18721 16.51456 5.152263 24.29013 16.50216 5.170293 24.26879 16.50216 5.170293 24.26879 16.50246 4.781913 24.26877 16.77066 4.825693 24.06393 16.83756 4.825773 23.90248 16.86036 4.825813 23.72923 16.89156 4.894373 23.72923 16.89986 4.934593 23.72923 16.87566 4.934573 23.54573 16.80486 4.934513 23.37474 16.69216 4.934403 23.2279 16.54536 4.934263 23.11523 16.00736 4.933703 23.0444 15.84056 4.893313 23.12238 15.83636 4.933513 23.11523 15.69535 4.893153 23.23374 15.70486 4.856403 23.2432 15.85625 4.824803 23.14951 15.71756 4.824643 23.25589 15.61116 4.824523 23.39453 15.54436 4.824443 23.55597 15.52156 4.824403 23.72923 15.54436 4.824413 23.90248 15.61116 4.824473 24.06393 15.63005 4.799053 24.05306 15.62976 5.151353 24.05307 15.56506 5.151293 23.89687 15.54306 5.151283 23.72924 15.52126 5.125823 23.72924 15.50336 5.094033 23.72924 15.49005 5.057263 23.72924 15.51385 5.057303 23.54788 15.51385 5.057303 23.54788 15.58385 5.057383 23.37887 15.69526 5.057513 23.23375 15.69526 5.057513 23.23375 15.84035 5.057673 23.12239 16.00936 5.057853 23.05239 16.37215 5.058243 23.05239 16.54116 5.058413 23.12239 16.68626 5.058553 23.23375 16.68626 5.058553 23.23375 16.79756 5.058663 23.37887 16.86766 5.058723 23.54788 16.79756 5.058613 24.07961 16.68626 5.058483 24.22473 16.68626 5.058483 24.22473 16.54116 5.058323 24.33609 16.37215 5.058143 24.40609 16.36866 5.094893 24.39317 16.36396 5.126663 24.37584 16.35836 5.152093 24.35483 16.35196 5.170133 24.33103 16.35196 5.170133 24.33103 16.35216 4.781753 24.33101 16.67696 4.857353 24.21526 16.54126 4.893953 24.33608 16.68636 4.894123 24.22472 16.68636 4.894123 24.22472 16.79776 4.894243 24.0796 16.78616 4.857473 24.0729 16.85486 4.857563 23.90713 16.86776 4.894333 23.91059 16.86776 4.894333 23.91059 16.87566 4.934553 23.91273 16.87836 4.976523 23.91346 16.87836 4.976523 23.91346 16.90256 4.976563 23.72924 16.87836 4.976553 23.54501 16.80726 4.976493 23.37334 16.69416 4.976383 23.22593 16.69416 4.976383 23.22593 16.54666 4.976233 23.11281 16.37506 4.976063 23.0417 16.19086 4.975873 23.01745 16.00656 4.975673 23.0417 15.83496 4.975483 23.11281 15.68745 4.975323 23.22593 15.57436 4.975193 23.37334 15.57685 4.933223 23.37474 15.58406 4.893023 23.37887 15.58406 4.893023 23.37887 15.59566 4.856273 23.38556 15.50356 4.856153 23.72923 15.52695 4.856163 23.90713 15.71756 4.824573 24.20257 15.85625 4.824713 24.30895 16.01766 4.824873 24.37583 16.02336 4.799443 24.35482 16.02966 4.781413 24.33101 16.19096 4.781583 24.35224 16.19066 5.169963 24.35226 16.19066 5.169963 24.35226 16.02946 5.169793 24.33103 16.02946 5.169793 24.33103 15.87915 5.169643 24.26879 15.87946 4.781253 24.26877 15.86716 4.799283 24.29011 15.86716 4.799283 24.29011 15.73296 4.799153 24.18719 15.73296 4.799153 24.18719 15.73276 5.151443 24.18721 15.71736 5.125993 24.20259 15.71736 5.125993 24.20259 15.71736 5.125993 24.20259 15.61095 5.125893 24.06395 15.61095 5.125893 24.06395 15.54415 5.125833 23.9025 15.52676 5.094043 23.90714 15.51385 5.057273 23.9106 15.48175 5.017043 23.72924 15.50595 5.017053 23.91274 15.50595 5.017053 23.91274 15.47906 4.975063 23.72924 15.50326 4.975083 23.91346 15.50606 4.933113 23.91273 15.50606 4.933113 23.91273 15.48186 4.933093 23.72923 15.50606 4.933133 23.54573 15.50326 4.975103 23.54501 15.50595 5.017083 23.54574 15.57676 5.017173 23.37474 15.68946 5.017293 23.2279 15.83626 5.017463 23.11523 16.00726 5.017643 23.0444 16.19076 5.017843 23.02025 16.37426 5.018033 23.0444 16.54526 5.018203 23.11523 16.69216 5.018353 23.2279 16.69216 5.018353 23.2279 16.80476 5.018463 23.37474 16.87566 5.018523 23.54574 16.87566 5.018493 23.91274 16.80476 5.018403 24.08373 16.80476 5.018403 24.08373 16.69216 5.018283 24.23057 16.37426 5.017933 24.41407 16.19076 5.017733 24.43823 16.19076 5.017733 24.43823 16.19076 5.057943 24.42997 16.19076 5.094703 24.41659 16.19066 5.126473 24.39865 16.19066 5.151913 24.3769 16.54536 4.934173 24.34324 16.37436 4.933983 24.41407 16.37506 4.975963 24.41677 16.54666 4.976143 24.34566 16.69216 4.934333 24.23057 16.69416 4.976313 24.23254 16.80726 4.976443 24.08513 15.51406 4.892933 23.54787 15.49015 4.892893 23.72923 15.51406 4.892913 23.91059 15.58406 4.892973 24.0796 15.69535 4.893073 24.22472 16.00956 4.893393 24.40609 16.19086 4.893583 24.42996 16.19086 4.933793 24.43823 16.19086 4.933793 24.43823 16.19086 4.975763 24.44102 16.19086 4.975763 24.44102 16.00726 5.017543 24.41407 16.00656 4.975573 24.41677 16.01286 5.094523 24.39317 16.01746 5.126293 24.37584 15.85596 5.126133 24.30897 15.70465 5.094213 24.21527 15.70465 5.094213 24.21527 15.84706 5.094353 24.3245 15.59545 5.094103 24.07292 15.57676 5.017113 24.08373 15.57436 4.975143 24.08513 15.57685 4.933173 24.08373 15.57685 4.933173 24.08373 15.68956 4.933283 24.23057 16.00736 4.933603 24.41407 15.68745 4.975253 24.23254 15.68946 5.017223 24.23057 16.51476 4.800053 23.16834 16.83486 12.3947 23.15921 16.82536 12.4301 23.15921 16.82536 12.4301 24.1693 16.83486 12.3947 24.1693 16.81036 12.4605 23.15921 16.81036 12.4604 24.1693 16.67646 12.2528 24.16929 16.67646 12.2529 23.15921 16.66136 12.2832 24.16929 16.66136 12.2832 23.15921 15.67396 12.4972 24.1693 15.67396 12.4972 23.15921 15.56755 12.2821 24.16929 15.56755 12.2821 23.15921 15.55806 12.3174 24.16929 15.55806 12.3174 23.15921 15.56746 12.4287 24.1693 15.58245 12.4591 24.1693 15.64946 12.5022 24.1693 15.64946 12.5022 23.15921 15.58245 12.4592 23.15921 15.56746 12.4288 23.15921 16.62846 12.2711 23.91107 16.54826 12.271 24.01567 15.70325 12.2701 23.52783 15.75376 12.2701 23.40603 16.62846 12.2711 23.40603 16.67896 12.2711 23.52783 16.69626 12.1803 23.65855 16.67896 12.1803 23.52783 16.67896 12.1803 23.52783 16.67896 12.1803 23.78926 16.62856 12.1802 23.91107 16.54826 12.1801 24.01567 16.54826 12.1801 24.01567 16.44366 12.18 24.09593 16.44366 12.18 24.09593 16.45096 12.177 24.10853 16.32566 12.1769 24.16044 16.32186 12.1799 24.14638 15.68616 12.1792 23.65855 15.70336 12.1792 23.52783 15.70336 12.1792 23.52783 16.62866 12.0061 23.91107 16.67916 12.0062 23.78926 16.67086 12.0497 23.93541 16.72616 12.0498 23.80186 16.74496 12.0498 23.65855 16.69636 12.0062 23.65855 16.67916 12.0062 23.52783 16.72616 12.0498 23.51523 16.73156 12.0708 23.51377 16.75056 12.0708 23.65855 16.75246 12.0933 23.65855 16.75056 12.1158 23.65855 16.67566 12.0707 23.37887 16.67086 12.0497 23.38168 16.62856 12.1802 23.40602 16.54846 12.0061 23.30143 16.55866 12.009 23.29113 16.57656 12.0316 23.27331 16.58286 12.0496 23.26699 16.58286 12.0496 23.26699 16.46366 12.0315 23.18673 16.46816 12.0495 23.17899 16.32926 12.0175 23.14355 16.45106 12.0089 23.20856 16.44386 12.006 23.22116 16.45096 12.1771 23.20856 16.45776 12.1684 23.19682 16.45776 12.1684 23.19682 16.46356 12.1545 23.18673 16.46806 12.1365 23.17899 16.44386 12.0059 24.09593 16.33456 12.1364 24.19342 16.05016 12.1541 24.18479 16.05316 12.1679 24.17354 15.93875 12.0054 24.09593 15.67155 12.1762 23.65855 15.68925 12.1762 23.52407 15.75376 12.1793 23.40602 15.82376 12.1764 23.29114 15.93135 12.1765 23.20856 15.74116 12.1763 23.91834 15.81416 12.1677 23.28155 15.92456 12.1678 23.19682 16.05316 12.1679 23.14356 16.19116 12.1681 23.12539 16.32566 12.1769 23.15665 16.32916 12.1682 23.14356 16.32916 12.1682 23.14356 16.33216 12.1544 23.13231 16.33456 12.1364 23.12368 16.33456 12.1364 23.12368 16.33596 12.1154 23.11825 16.58676 12.0706 23.26302 16.19126 12.0174 23.12539 16.19126 12.0087 23.13895 16.32576 12.0088 23.15665 15.83416 12.0053 24.01567 16.54846 12.0061 24.01567 16.54846 12.0061 24.01567 16.67566 12.0707 23.93822 16.73156 12.0708 23.80332 16.73336 12.0933 23.80381 16.73156 12.1158 23.80332 16.46806 12.1365 24.1381 16.47086 12.1155 24.14296 16.47086 12.1155 24.14296 16.33596 12.1154 24.19884 16.04646 12.1151 24.19884 15.91436 12.1359 24.1381 15.91156 12.1149 24.14296 15.91156 12.1149 24.14296 15.79565 12.1148 24.05407 15.79966 12.1358 24.0501 15.91875 12.154 24.13036 15.91875 12.154 24.13036 15.80596 12.1538 24.04378 15.92456 12.1678 24.12027 15.81416 12.1677 24.03555 15.82376 12.1764 24.02596 15.82386 12.0083 24.02596 15.93146 12.0084 24.10853 16.05685 12.0085 24.16044 16.19126 12.0086 24.17814 16.47186 12.093 24.14462 16.58816 12.0931 24.05542 16.67726 12.0932 23.93918 16.67566 12.1157 23.93822 16.58676 12.1157 24.05407 16.04596 12.0926 24.20069 15.91056 12.0924 24.14462 15.72946 12.1676 23.92513 16.05326 12.0172 24.17354 16.19126 12.0173 24.1917 16.33226 12.0313 24.18478 16.33456 12.0493 24.19342 16.05016 12.1541 23.13231 16.19116 12.1543 23.11374 16.19116 12.1362 23.10481 16.19126 12.1152 23.09919 16.19126 12.0927 23.09727 16.04596 12.0926 23.1164 16.04646 12.07 23.11825 16.04796 12.0491 23.12368 15.65636 12.0486 23.51523 15.65095 12.0696 23.51377 15.64906 12.0921 23.51328 16.19126 12.0312 24.20335 16.19126 12.0492 24.21228 15.63185 12.1146 23.65855 15.63745 12.1356 23.65855 15.65636 12.1357 23.51523 15.71165 12.1357 23.38168 15.79966 12.1358 23.26699 15.91436 12.1359 23.17899 16.04786 12.1361 23.12368 16.04646 12.1151 23.11825 15.91156 12.1149 23.17413 15.79436 12.0923 23.26167 15.79565 12.1148 23.26302 15.70676 12.1147 23.37887 15.70515 12.0922 23.37791 15.70686 12.0697 23.37887 15.79576 12.0698 23.26302 15.91156 12.0699 23.17413 15.91436 12.0489 23.17899 15.91436 12.0489 23.17899 15.91886 12.0309 23.18673 15.92475 12.0171 23.19682 15.93146 12.0084 23.20856 15.82386 12.0083 23.29113 15.81425 12.017 23.28155 15.80606 12.0308 23.27331 15.79975 12.0488 23.26699 15.79975 12.0488 23.26699 15.71176 12.0487 23.38168 15.65095 12.1147 23.51377 15.89865 12.2496 23.92346 15.76625 5.336553 24.01611 15.85556 12.2495 23.83712 15.70386 5.336493 23.89104 16.57366 12.2503 23.69104 16.56776 12.2503 23.78734 16.48396 12.2502 23.95927 16.41166 12.2501 24.0232 16.50946 5.337333 24.16059 16.61406 5.337443 24.06799 16.73556 5.337573 23.81892 16.74416 5.337583 23.67942 16.55446 12.2503 23.59651 16.71626 5.337563 23.54247 16.51146 12.2502 23.51017 16.65386 5.337493 23.41739 17.27336 4.228493 24.52237 17.27336 4.228493 21.68127 17.27336 1.748993 24.52237 17.27336 12.4509 21.68127 0.9011574 4.228493 21.68127 17.27336 4.228493 21.68127 0.9011574 12.4509 21.68127 3.641857 13.3659 6.271961 0.3187561 13.3659 6.271961 0.3187561 13.3659 6.271961 0.3187561 13.3659 11.93406 0.3187561 12.4509 11.93406 0.3187561 12.4509 6.271961 0.3187561 12.4509 6.271961 3.641857 12.4509 6.271961 32.93795 11.536 22.26369 32.93795 11.536 25.74923 32.93795 12.4509 25.74923 32.93795 12.4509 22.26369 40.98535 3.45964e-6 25.16682 40.98535 14.2071 25.16682 40.98535 14.2071 12.51646 40.98535 3.45964e-6 12.51646 31.29366 14.2071 3.522961 26.95475 14.2071 3.522961 26.42946 14.2071 1.021961 26.42946 14.2071 -3.349836 42.28595 14.2071 3.522961 41.66375 14.2071 12.51646 41.66375 14.2071 3.522961 41.66375 3.45964e-6 12.51646 41.66375 3.45964e-6 3.522961 42.24616 12.4509 13.09886 42.24616 12.4509 4.10536 40.98535 12.4509 13.09886 41.66375 12.4509 12.51646 41.66375 12.4509 3.522961 42.28595 12.4509 3.522961 42.86836 12.4509 4.10536 42.86836 12.4509 -6.433138 42.24616 12.4509 -6.433138 42.28595 12.4509 -5.850737 41.66375 12.4509 -5.850737 42.24616 12.4509 -25.72904 41.66375 12.4509 -25.14654 9.087258 12.4509 -25.72904 9.087258 12.4509 -25.14654 40.98535 12.4509 12.51646 26.42946 3.45964e-6 1.021961 26.42946 3.45964e-6 -3.349836 26.95475 3.45964e-6 3.522961 31.29366 3.45964e-6 3.522961 42.28595 3.45964e-6 3.522961 41.66375 3.45964e-6 3.522961 41.66375 14.2071 3.522961 4.224255 12.4509 5.043661 4.224255 1.748993 5.043661 13.95026 1.748993 5.043661 13.95026 1.748993 5.043661 13.95026 12.4509 5.043661 13.95026 12.4509 5.043661 13.95026 12.4509 6.854361 13.95026 1.748993 6.854361 4.224255 14.2071 5.043661 4.224255 12.4509 5.043661 4.224255 12.4509 6.854361 4.224255 14.2071 6.854361 4.224255 3.45964e-6 6.854361 4.224255 1.748993 6.854361 0.9011574 1.748993 6.854361 0.9011574 3.45964e-6 6.854361 16.75616 5.341623 23.47896 16.74416 5.344263 23.48425 16.67206 5.341553 23.34109 16.77886 5.333863 23.95661 16.76746 5.341603 23.95221 16.66196 5.344183 23.34931 16.54766 5.188793 23.24025 16.54756 5.344073 23.24026 16.81385 5.199453 23.63199 16.82416 5.211793 23.63037 16.83616 5.227873 23.79857 16.83206 5.227883 23.62913 16.77696 5.211763 23.46977 16.68166 5.199333 23.33343 16.56256 5.199213 23.21982 16.67226 5.191563 23.34109 16.55536 5.191453 23.22968 16.41366 5.191303 23.15231 16.40886 5.188653 23.16452 16.40886 5.188653 23.16452 16.40876 5.343933 23.16453 16.78866 5.321533 23.96039 16.70846 5.321433 24.10731 16.69996 5.333763 24.10113 16.69016 5.341513 24.09394 16.57876 5.341383 24.21081 16.57046 5.344023 24.20062 16.43556 5.343873 24.28289 16.25526 5.188493 23.12728 16.25666 5.191143 23.11426 16.25666 5.191143 23.11426 16.25796 5.198903 23.10214 16.09336 5.198733 23.10607 16.09526 5.190973 23.11813 16.42646 5.286413 23.11896 16.69996 5.286683 23.31865 16.69606 5.305403 23.32182 16.78426 5.305483 23.46653 16.71496 5.305363 24.11204 16.59806 5.305233 24.23472 16.59806 5.305233 24.23472 16.59296 5.321303 24.22846 16.59296 5.321303 24.22846 16.58636 5.333643 24.22031 16.57056 5.188753 24.20061 16.57886 5.191403 24.2108 16.69025 5.191533 24.09393 16.77896 5.199393 23.9566 16.78876 5.211733 23.96038 16.79626 5.227823 23.96328 16.84116 5.246603 23.79911 16.83706 5.246613 23.62836 16.42646 5.246223 23.11896 16.26046 5.246053 23.07871 15.93546 5.198563 23.15248 15.94036 5.190813 23.16364 16.26066 5.266143 23.077 16.26046 5.286233 23.07871 16.42706 5.266313 23.11735 15.79486 5.198403 23.23819 15.81076 5.188023 23.25788 15.81055 5.343293 23.25789 15.83356 5.343243 24.21825 16.12326 5.333143 24.35637 16.12206 5.320803 24.36678 16.12126 5.304723 24.37477 16.12075 5.285993 24.37979 16.12075 5.285993 24.37979 16.29146 5.286173 24.37571 16.29176 5.266083 24.37741 16.12056 5.265903 24.38151 15.95415 5.265733 24.34115 15.95476 5.285823 24.33955 15.95655 5.304553 24.33483 15.95946 5.320633 24.32734 15.96316 5.332973 24.31757 16.43566 5.188603 24.28289 16.58646 5.199163 24.2203 16.70006 5.199293 24.10112 16.70006 5.199293 24.10112 16.70856 5.211643 24.1073 16.71496 5.227723 24.11204 16.71906 5.286643 24.11502 16.78886 5.286763 23.46448 16.60116 5.286513 24.23865 16.45326 5.305073 24.32295 16.45006 5.321153 24.3156 16.12215 5.211003 24.36677 16.12136 5.227083 24.37477 15.95476 5.245633 24.33954 15.80486 5.245483 24.25771 15.80386 5.265573 24.2591 15.80486 5.285673 24.25771 15.80775 5.304403 24.25363 15.80775 5.304403 24.25363 15.81256 5.320483 24.24714 15.81256 5.320483 24.24714 15.81866 5.332833 24.23868 15.83366 5.187973 24.21824 15.96765 5.190753 24.30618 15.82595 5.190613 24.22882 15.96326 5.198503 24.31756 15.81876 5.198353 24.23867 15.95956 5.210833 24.32733 15.95655 5.226913 24.33483 15.95655 5.226913 24.33483 15.80786 5.226763 24.25362 15.68516 5.226643 24.13668 15.67986 5.265453 24.14094 15.68116 5.285553 24.13986 15.68516 5.304283 24.13669 15.69136 5.320363 24.13164 15.69136 5.320363 24.13164 15.69946 5.332713 24.12507 15.71915 5.343133 24.1092 15.78815 5.320533 23.23004 15.78316 5.304453 23.22379 15.78316 5.304453 23.22379 15.77996 5.285723 23.21985 15.66215 5.285593 23.34348 15.53836 5.265343 23.65921 15.54005 5.285433 23.65939 15.54246 5.265333 23.83041 15.54415 5.285433 23.83015 15.69106 5.190533 23.36456 15.80246 5.190653 23.24769 15.80246 5.190653 23.24769 15.70166 5.187893 23.37228 15.70166 5.187893 23.37228 15.62596 5.187803 23.51101 15.61375 5.190443 23.50629 15.57566 5.190393 23.66321 15.62585 5.343083 23.51101 15.70156 5.343173 23.37229 15.70156 5.343173 23.37229 15.80236 5.340643 23.2477 15.69096 5.340513 23.36457 15.67266 5.320403 23.3512 15.66616 5.304313 23.34646 15.66616 5.304313 23.34646 15.59695 5.226563 23.99198 15.60236 5.198183 23.50189 15.56356 5.198133 23.6619 15.69146 5.210573 24.13164 15.60426 5.210493 23.98872 15.71926 5.187863 24.10919 16.76746 5.199413 23.47401 15.75046 4.781133 24.16976 15.75046 4.781133 24.16976 16.63156 4.750343 24.16976 15.62046 4.749273 24.29977 16.76156 4.750513 23.72922 16.76156 4.750553 23.15867 15.62046 4.749353 23.15867 15.59726 4.469403 23.13533 15.61356 4.469423 23.15163 16.76876 4.470643 23.15163 16.76876 4.470643 23.15163 16.78506 4.470653 23.13533 16.76876 4.470553 24.30679 16.76176 4.414073 23.15866 16.76176 4.413993 24.29976 15.75046 4.749483 23.28869 15.75016 5.169513 24.16978 15.75016 5.169513 24.16978 15.75016 5.169513 24.16978 15.75046 4.781193 23.28869 15.75016 5.169573 23.28871 15.75016 5.169573 23.28871 15.65116 5.169463 23.41774 15.65116 5.169413 24.04075 15.65116 5.169413 24.04075 15.58886 5.169383 23.568 15.62976 5.151393 23.40542 15.56506 5.151313 23.56162 15.71736 5.126063 23.2559 15.70465 5.094283 23.24321 15.85596 5.126213 23.14952 15.84706 5.094443 23.13398 15.87915 5.169723 23.1897 16.02946 5.169883 23.12746 15.87946 4.781333 23.18968 15.87946 4.781333 23.18968 16.02966 4.781503 23.12744 16.02966 4.781503 23.12744 16.02336 4.799543 23.10364 15.86716 4.799373 23.16834 15.65145 4.781083 23.41772 15.63005 4.799103 23.4054 15.58916 4.781003 23.56798 15.56536 4.799023 23.5616 15.56536 4.799003 23.89685 15.58916 4.780983 23.89047 15.58886 5.169363 23.89049 15.56766 5.169353 23.72925 16.19066 5.170053 23.10623 16.63156 4.750413 23.28869 16.35836 5.152183 23.10366 16.51456 5.152343 23.16836 16.81626 5.152633 23.56162 16.83836 5.152643 23.72924 16.81626 5.152613 23.89687 16.52566 4.825503 23.14951 16.36416 4.825333 23.08263 16.35856 4.799893 23.10364 16.19096 4.781673 23.10621 16.36396 5.126753 23.08265 16.52546 5.126923 23.14952 16.83726 5.127213 23.55599 16.86016 5.127233 23.72924 16.83726 5.127193 23.9025 16.77046 5.127113 24.06395 16.75186 4.800233 24.05306 16.81656 4.800313 23.89685 16.83756 4.825803 23.55597 16.85486 4.857583 23.55133 16.85486 4.857583 23.55133 16.86776 4.894363 23.54787 16.00956 4.893493 23.05238 16.01296 4.856733 23.0653 16.87806 5.095483 23.72924 16.85466 5.095443 23.90714 16.78596 5.095363 24.07292 16.66406 5.126983 24.20259 16.66406 5.126983 24.20259 16.67676 5.095233 24.21527 16.52546 5.126833 24.30897 16.64866 5.152413 24.18721 16.51456 5.152263 24.29013 16.77066 4.825693 24.06393 16.83756 4.825773 23.90248 16.83756 4.825773 23.90248 16.86036 4.825813 23.72923 16.87826 4.857593 23.72923 16.87826 4.857593 23.72923 16.89156 4.894373 23.72923 16.89986 4.934593 23.72923 16.87566 4.934573 23.54573 15.84056 4.893313 23.12238 15.84056 4.893313 23.12238 15.83636 4.933513 23.11523 15.68956 4.933353 23.2279 15.68956 4.933353 23.2279 15.69535 4.893153 23.23374 15.69535 4.893153 23.23374 15.84726 4.856553 23.13397 15.63005 4.799053 24.05306 15.65145 4.781033 24.04073 15.65145 4.781033 24.04073 16.89146 5.058733 23.72924 16.86766 5.058693 23.9106 16.86766 5.058693 23.9106 16.79756 5.058613 24.07961 16.79756 5.058613 24.07961 16.68626 5.058483 24.22473 16.54116 5.058323 24.33609 16.37215 5.058143 24.40609 16.36396 5.126663 24.37584 16.35836 5.152093 24.35483 16.35196 5.170133 24.33103 16.35216 4.781753 24.33101 16.35856 4.799803 24.35482 16.51476 4.799963 24.29011 16.52566 4.825413 24.30895 16.52566 4.825413 24.30895 16.53456 4.857193 24.32449 16.85486 4.857563 23.90713 15.68745 4.975323 23.22593 15.57436 4.975193 23.37334 15.57685 4.933223 23.37474 15.58406 4.893023 23.37887 15.50356 4.856153 23.72923 15.52695 4.856163 23.90713 15.59566 4.856223 24.0729 15.71756 4.824573 24.20257 15.70486 4.856323 24.21526 15.85625 4.824713 24.30895 15.84726 4.856473 24.32449 16.01766 4.824873 24.37583 16.01296 4.856633 24.39316 16.19086 4.856823 24.41658 16.19096 4.825063 24.39863 16.19096 4.781583 24.35224 16.19066 5.169963 24.35226 15.87915 5.169643 24.26879 15.87946 4.781253 24.26877 15.86716 4.799283 24.29011 15.73296 4.799153 24.18719 15.48186 4.933093 23.72923 15.50606 4.933133 23.54573 16.87566 5.018493 23.91274 16.80476 5.018403 24.08373 16.54526 5.018113 24.34324 16.37426 5.017933 24.41407 16.37426 5.017933 24.41407 16.19076 5.017733 24.43823 16.19076 5.094703 24.41659 16.19066 5.126473 24.39865 16.36416 4.825243 24.37583 16.36416 4.825243 24.37583 16.36876 4.857013 24.39316 16.37506 4.975963 24.41677 15.51406 4.892933 23.54787 15.49015 4.892893 23.72923 15.49015 4.892893 23.72923 15.51406 4.892913 23.91059 15.58406 4.892973 24.0796 15.69535 4.893073 24.22472 15.84056 4.893223 24.33608 16.19086 4.975763 24.44102 16.00726 5.017543 24.41407 16.00656 4.975573 24.41677 15.83496 4.975393 24.34566 15.83626 5.017373 24.34324 15.84035 5.057583 24.33609 16.00936 5.057753 24.40609 16.01286 5.094523 24.39317 16.01746 5.126293 24.37584 15.69526 5.057443 24.22473 15.83636 4.933423 24.34324 16.00736 4.933603 24.41407 15.68946 5.017223 24.23057 16.51476 4.800053 23.16834 16.71586 5.344203 23.80029 16.68096 5.344193 23.52813 16.71636 5.344213 23.66192 16.67956 5.344163 23.93382 16.61216 5.344123 23.40805 16.60996 5.344073 24.05341 16.51466 5.344033 23.30986 16.51176 5.343963 24.15091 16.39516 5.343913 23.24026 16.39166 5.343833 24.21968 16.26156 5.343773 23.20397 16.25786 5.343693 24.25502 16.12326 5.343623 23.20349 16.11956 5.343543 24.25454 15.98946 5.343483 23.23883 15.98595 5.343413 24.21825 15.86935 5.343353 23.3076 15.86636 5.343283 24.14864 15.77116 5.343243 23.4051 15.76886 5.343193 24.05046 15.70156 5.343163 23.52469 15.70016 5.343133 23.93038 15.66526 5.343113 23.65822 15.66476 5.343103 23.79659 16.83496 12.3188 23.15921 16.83486 12.3947 23.15921 16.83486 12.3947 23.15921 16.83816 12.3568 23.15921 16.83816 12.3568 23.15921 16.82536 12.4301 23.15921 16.82546 12.2834 23.15921 16.83486 12.3947 24.1693 16.83816 12.3567 24.1693 16.81036 12.4605 23.15921 16.79066 12.4837 24.1693 16.79066 12.4837 23.15921 16.79066 12.4837 23.15921 16.81046 12.253 23.15921 16.81046 12.253 23.15921 16.81046 12.253 24.16929 16.79086 12.2296 24.16929 16.76776 12.4984 24.1693 16.76776 12.4984 23.15921 16.76776 12.4984 23.15921 16.79086 12.2297 23.15921 16.79086 12.2297 23.15921 16.76796 12.215 24.16929 16.76796 12.215 23.15921 16.76796 12.215 23.15921 16.74346 12.2099 24.16929 16.74346 12.2099 24.16929 16.74346 12.21 23.15921 16.74346 12.21 23.15921 16.74346 12.21 23.15921 16.71896 12.2149 24.16929 16.71896 12.2149 23.15921 16.71896 12.2149 23.15921 16.69606 12.2295 24.16929 16.69606 12.2296 23.15921 16.69606 12.2296 23.15921 16.67646 12.2528 24.16929 16.67646 12.2529 23.15921 16.67646 12.2529 23.15921 16.66136 12.2832 23.15921 16.65186 12.3186 24.16929 16.65186 12.3186 23.15921 16.65186 12.3186 23.15921 16.64856 12.3566 23.15921 16.64856 12.3566 23.15921 16.64856 12.3565 24.1693 16.67625 12.4603 24.1693 16.69585 12.4836 24.1693 16.71876 12.4983 24.1693 16.74326 12.5033 24.1693 16.74326 12.5033 23.15921 16.74326 12.5033 23.15921 16.71876 12.4983 23.15921 16.71876 12.4983 23.15921 16.69585 12.4836 23.15921 16.69585 12.4836 23.15921 16.67625 12.4603 23.15921 16.67625 12.4603 23.15921 16.66126 12.4299 23.15921 16.65176 12.3945 23.15921 15.73156 12.4289 23.15921 15.73156 12.4289 24.1693 15.71646 12.4593 23.15921 15.71646 12.4593 23.15921 15.71646 12.4593 24.1693 15.71646 12.4593 24.1693 15.69686 12.4826 24.1693 15.69686 12.4826 23.15921 15.71666 12.2518 23.15921 15.71666 12.2518 24.16929 15.69706 12.2285 24.16929 15.69706 12.2285 23.15921 15.67416 12.2138 24.16929 15.67416 12.2138 23.15921 15.64965 12.2088 24.16929 15.64965 12.2088 23.15921 15.62516 12.2138 24.16929 15.62516 12.2138 23.15921 15.60226 12.2284 24.16929 15.60226 12.2284 24.16929 15.60226 12.2284 23.15921 15.60226 12.2284 23.15921 15.58266 12.2517 24.16929 15.58266 12.2517 23.15921 15.55806 12.3174 24.16929 15.55806 12.3174 23.15921 15.55476 12.3554 23.15921 15.55476 12.3554 24.1693 15.55796 12.3934 24.1693 15.55796 12.3934 23.15921 15.68595 12.441 24.16359 15.68595 12.441 24.16359 16.66556 12.3566 24.13304 16.66556 12.3566 24.13304 16.69606 12.442 24.16359 16.69606 12.442 24.16359 15.71656 12.3556 24.13304 15.71656 12.3556 24.13304 15.68595 12.441 23.1535 15.68595 12.441 23.1535 15.71656 12.3556 23.18405 15.71656 12.3556 23.18405 16.66556 12.3566 23.18405 16.66556 12.3566 23.18405 16.69606 12.4421 23.1535 16.69606 12.4421 23.1535 16.69616 12.2711 23.1535 16.69616 12.2711 23.1535 16.69616 12.2711 24.16359 16.69616 12.2711 24.16359 16.69616 12.2711 23.65855 16.69616 12.2711 23.65855 16.67896 12.2711 23.78926 16.67896 12.2711 23.78926 16.62846 12.2711 23.91107 16.62846 12.2711 23.91107 16.54826 12.271 24.01567 16.44366 12.2709 24.09593 16.32186 12.2707 24.14638 16.32186 12.2707 24.14638 16.19106 12.2706 24.16359 16.19106 12.2706 24.16359 16.19106 12.2706 24.16359 15.68605 12.2701 24.16359 15.68605 12.2701 24.16359 15.68605 12.2701 24.16359 15.68605 12.2701 23.1535 15.68605 12.2701 23.1535 15.68605 12.2701 23.1535 15.68605 12.2701 23.65855 15.68605 12.2701 23.65855 15.70325 12.2701 23.52783 15.75376 12.2701 23.40603 15.83396 12.2702 23.30143 15.83396 12.2702 23.30143 15.93856 12.2703 23.22117 15.93856 12.2703 23.22117 16.06036 12.2705 23.17071 16.19106 12.2706 23.1535 16.19106 12.2706 23.1535 16.19106 12.2706 23.1535 16.32186 12.2707 23.17071 16.32186 12.2707 23.17071 16.44366 12.2709 23.22117 16.54826 12.271 23.30143 16.62846 12.2711 23.40603 16.67896 12.2711 23.52783 16.69626 12.1803 23.65855 16.69626 12.1803 23.65855 16.67896 12.1803 23.52783 16.69305 12.1773 23.52407 16.71076 12.1773 23.65855 16.67896 12.1803 23.78926 16.67896 12.1803 23.78926 16.67896 12.1803 23.78926 16.62856 12.1802 23.91107 16.62856 12.1802 23.91107 16.54826 12.1801 24.01567 16.54826 12.1801 24.01567 16.55856 12.1772 24.02596 16.44366 12.18 24.09593 16.44366 12.18 24.09593 16.45096 12.177 24.10853 16.32186 12.1799 24.14638 16.32186 12.1799 24.14638 16.19116 12.1797 24.16359 16.19116 12.1797 24.16359 16.06046 12.1796 24.14638 16.06046 12.1796 24.14638 16.06036 12.2705 24.14638 16.06036 12.2705 24.14638 15.93856 12.2703 24.09593 15.93856 12.2703 24.09593 15.83396 12.2702 24.01567 15.75376 12.2701 23.91107 15.75376 12.2701 23.91107 15.70325 12.2701 23.78926 15.70325 12.2701 23.78926 15.70336 12.1792 23.78926 15.70336 12.1792 23.78926 15.68616 12.1792 23.65855 15.70336 12.1792 23.52783 16.67916 12.0062 23.78926 16.69316 12.0092 23.79303 16.70626 12.0179 23.79654 16.70626 12.0179 23.79654 16.65306 12.0178 23.92512 16.71756 12.0317 23.79955 16.66306 12.0317 23.93095 16.72446 12.0179 23.65855 16.71086 12.0092 23.65855 16.71086 12.0092 23.65855 16.69636 12.0062 23.65855 16.69636 12.0062 23.65855 16.67916 12.0062 23.52783 16.69316 12.0092 23.52406 16.71756 12.0317 23.51754 16.72616 12.0498 23.51523 16.73156 12.0708 23.51377 16.75056 12.0708 23.65855 16.73336 12.0933 23.51328 16.73336 12.0933 23.51328 16.75246 12.0933 23.65855 16.73156 12.1158 23.51377 16.67566 12.1158 23.37887 16.67726 12.0932 23.37791 16.67086 12.0497 23.38168 16.66306 12.0317 23.38614 16.62856 12.1802 23.40602 16.54826 12.1801 23.30143 16.55866 12.009 23.29113 16.56826 12.0177 23.28155 16.58286 12.0496 23.26699 16.46816 12.0495 23.17899 16.33456 12.0494 23.12368 16.33226 12.0313 23.13231 16.45786 12.0176 23.19682 16.45106 12.0089 23.20856 16.44386 12.006 23.22116 16.44366 12.18 23.22117 16.44366 12.18 23.22117 16.56816 12.1685 23.28155 16.45776 12.1684 23.19682 16.57646 12.1547 23.27331 16.46356 12.1545 23.18673 16.46806 12.1365 23.17899 16.47086 12.1155 23.17413 16.47186 12.093 23.17247 16.58816 12.0931 23.26167 16.67076 12.1367 23.38168 16.65286 12.1686 23.39197 16.64116 12.1773 23.39875 15.75376 12.1793 23.91107 15.75376 12.1793 23.91107 15.83406 12.1794 24.01567 15.93866 12.1795 24.09593 15.93866 12.1795 24.09593 16.33216 12.1544 24.18479 16.33456 12.1364 24.19342 16.19116 12.1362 24.21228 16.04786 12.1361 24.19342 16.19126 12.0057 24.16359 16.06056 12.0055 24.14638 15.75396 12.0052 23.91107 15.70346 12.0052 23.78926 15.75376 12.1793 23.40602 15.74116 12.1763 23.39875 15.83406 12.1794 23.30143 15.83406 12.1794 23.30143 15.82376 12.1764 23.29114 15.93866 12.1795 23.22117 15.93866 12.1795 23.22117 16.05666 12.1766 23.15665 16.06046 12.1796 23.17071 16.06046 12.1796 23.17071 15.83416 12.0053 23.30143 15.83416 12.0053 23.30143 16.19116 12.1797 23.1535 16.19116 12.1797 23.1535 16.32186 12.1799 23.17071 16.32186 12.1799 23.17071 15.74116 12.1763 23.91834 15.68925 12.1762 23.79303 16.19116 12.1768 23.13895 16.19126 12.0057 23.1535 16.19126 12.0057 23.1535 16.32206 12.0058 23.17071 16.32566 12.1769 23.15665 16.33456 12.1364 23.12368 16.33596 12.1154 23.11825 16.33646 12.0929 23.1164 16.33606 12.0703 23.11825 16.47096 12.0705 23.17413 16.58676 12.0706 23.26302 16.19126 12.0702 23.09919 16.19126 12.0492 23.10481 16.19126 12.0492 23.10481 16.19126 12.0312 23.11374 16.19126 12.0087 23.13895 16.55866 12.009 24.02596 16.56826 12.0177 24.03554 16.57656 12.0316 24.04378 16.58286 12.0496 24.0501 16.58676 12.0706 24.05407 16.67566 12.0707 23.93822 16.73156 12.1158 23.80332 16.72606 12.1368 23.80186 16.72606 12.1368 23.51523 16.70616 12.1686 23.52056 16.72436 12.1686 23.65855 16.46356 12.1545 24.13036 16.46356 12.1545 24.13036 16.46806 12.1365 24.1381 16.46806 12.1365 24.1381 16.33596 12.1154 24.19884 16.19126 12.1152 24.2179 16.04646 12.1151 24.19884 15.91436 12.1359 24.1381 15.91156 12.1149 24.14296 15.79565 12.1148 24.05407 15.92456 12.1678 24.12027 15.81416 12.1677 24.03555 15.93135 12.1765 24.10853 15.82376 12.1764 24.02596 16.05685 12.0085 24.16044 16.19126 12.0086 24.17814 16.32576 12.0088 24.16044 16.45106 12.0089 24.10853 16.45786 12.0176 24.12027 16.46366 12.0315 24.13036 16.46816 12.0495 24.1381 16.58816 12.0931 24.05542 16.67726 12.0932 23.93918 16.67566 12.1157 23.93822 16.67566 12.1157 23.93822 16.67566 12.1157 23.93822 16.67076 12.1367 23.93542 16.67076 12.1367 23.93542 16.57646 12.1547 24.04378 16.58276 12.1366 24.0501 16.58276 12.1366 24.0501 16.58676 12.1157 24.05407 16.58676 12.1157 24.05407 16.33646 12.0929 24.20069 16.19126 12.0927 24.21982 16.04596 12.0926 24.20069 15.79436 12.0923 24.05542 15.70515 12.0922 23.93918 15.70676 12.1147 23.93822 15.74136 12.0082 23.91834 15.72956 12.0169 23.92512 16.19126 12.0173 24.1917 16.32926 12.0175 24.17354 16.32926 12.0175 24.17354 16.33226 12.0313 24.18478 16.19126 12.0702 24.2179 16.04646 12.07 24.19884 15.79576 12.0698 24.05407 15.70686 12.0697 23.93822 15.80596 12.1539 23.27331 15.91875 12.154 23.18673 16.19126 12.0927 23.09727 16.04596 12.0926 23.1164 16.04646 12.07 23.11825 16.04796 12.0491 23.12368 16.04796 12.0491 23.12368 16.05026 12.031 23.13231 16.05326 12.0172 23.14355 16.05685 12.0085 23.15665 16.05685 12.0085 23.15665 16.06056 12.0056 23.17071 16.06056 12.0056 23.17071 15.68936 12.0081 23.52406 15.67625 12.0168 23.52055 15.67625 12.0168 23.79654 15.68936 12.0081 23.79303 16.19126 12.0312 24.20335 16.19126 12.0492 24.21228 16.04796 12.049 24.19342 15.71165 12.1357 23.38168 15.79966 12.1358 23.26699 15.79966 12.1358 23.26699 15.91436 12.1359 23.17899 15.91056 12.0924 23.17247 15.79436 12.0923 23.26167 15.79565 12.1148 23.26302 15.70676 12.1147 23.37887 15.79576 12.0698 23.26302 15.91156 12.0699 23.17413 15.91436 12.0489 23.17899 15.91886 12.0309 23.18673 15.92475 12.0171 23.19682 15.93146 12.0084 23.20856 15.93146 12.0084 23.20856 15.93875 12.0054 23.22116 15.93875 12.0054 23.22116 15.82386 12.0083 23.29113 15.72956 12.0169 23.39197 15.74136 12.0082 23.39875 15.96255 12.2497 23.99572 15.97536 5.336773 24.19793 16.04306 12.2497 24.04897 15.85886 5.336653 24.12079 15.89865 12.2496 23.92346 15.76625 5.336553 24.01611 16.13456 12.2498 24.07958 16.10786 5.336913 24.24228 16.31226 5.337143 23.19123 16.27556 12.25 23.35404 16.17276 5.336993 23.18269 16.17926 12.2499 23.34815 16.08476 12.2498 23.36738 16.03576 5.336843 23.21055 0.9011574 11.536 22.26369 17.27336 11.536 22.26369 17.27336 12.4509 22.26369 0.9011574 12.4509 22.26369 14.53266 12.4509 6.271961 14.53266 13.3659 6.271961 17.85576 13.3659 6.271961 17.85576 13.3659 6.271961 17.85576 13.3659 11.93406 17.85576 12.4509 11.93406 17.85576 12.4509 6.271961 17.85576 12.4509 6.271961 -22.81085 3.45964e-6 21.77192 -22.81085 7.981113 21.77192 -42.64174 3.45964e-6 21.77192 -42.64174 7.981113 21.77192 -33.22354 7.981113 7.727861 -33.22354 7.981113 13.23976 -42.86836 7.981113 7.727861 -42.64174 7.981113 7.95446 -42.86836 7.981113 21.99854 -42.64174 7.981113 21.77192 -22.81085 7.981113 21.99854 -22.81085 7.981113 21.77192 -22.81085 7.981113 13.23976 -22.81085 7.981113 13.46636 -33.4502 7.981113 13.46636 -33.4502 7.981113 7.95446 -33.4502 8.462543 13.46636 -38.04597 9.259413 17.61916 -33.4502 8.462543 7.95446 -38.04597 9.259413 7.95446 33.52036 3.45964e-6 25.16682 33.52036 14.2071 25.16682 33.52036 3.45964e-6 12.51646 33.52036 14.2071 12.51646 25.36636 17.1135 17.09886 37.25286 17.1135 17.09886 33.52036 14.2081 21.68127 25.36636 14.2081 21.68127 37.25286 17.1125 -1.163938 25.36636 14.2071 21.68127 25.36636 17.1125 17.09886 17.21236 14.2071 21.68127 12.30926 17.1125 17.09886 26.42946 14.2071 1.021961 26.42946 14.2071 -3.349836 24.78875 17.1135 -21.33834 24.78875 14.2081 -25.74924 12.32455 17.1135 -21.33834 12.32455 14.2081 -25.74924 25.84696 13.3586 -3.467237 25.84696 12.4437 1.13936 26.37236 12.4437 2.38986 26.37236 13.3586 -4.717638 26.37236 13.3586 2.38986 26.37236 13.3586 2.38986 25.84696 13.3586 1.13936 25.84696 13.3586 1.13936 30.71116 12.4437 -6.433138 30.71116 12.4437 -15.39934 30.71116 13.3586 -6.433138 30.71116 13.3586 -15.39934 42.86836 12.4509 4.10536 42.86836 11.536 4.10536 42.86836 11.536 -6.433138 42.86836 12.4509 -6.433138 31.29366 3.45964e-6 -25.14654 12.32455 3.45964e-6 -25.14654 31.29366 14.2071 -25.14654 12.32455 14.2071 -25.14654 9.087258 18.9982 24.52237 0.9011574 14.2071 24.52237 0.9011574 14.2071 6.854361 9.087258 18.9982 6.854361 4.224255 12.4509 5.043661 4.224255 12.4509 6.854361 17.27336 12.4509 6.854361 17.27336 12.4509 12.51646 17.27336 1.748993 12.51646 0.9011574 1.748993 12.51646 17.27336 14.2071 24.52237 17.27336 12.4509 24.52237 13.95026 14.2071 6.854361 13.95026 12.4509 6.854361 13.95026 12.4509 5.043661 13.95026 14.2071 5.043661 0.9011574 12.4509 24.52237 0.9011574 14.2071 24.52237 17.27336 3.45964e-6 6.854361 17.27336 1.748993 6.854361 17.27336 3.45964e-6 12.51646 0.9011574 1.748993 6.854361 0.9011574 3.45964e-6 6.854361 0.9011574 3.45964e-6 12.51646 0.9011574 1.748993 21.68127 16.75616 5.341623 23.47896 16.78876 5.344293 23.63589 16.78876 5.344293 23.63589 16.80166 5.341663 23.63388 16.74416 5.344263 23.48425 16.67206 5.341553 23.34109 16.68166 5.333803 23.33344 16.76736 5.333883 23.47402 16.81376 5.333923 23.63199 16.80556 5.341653 23.79529 16.81766 5.333913 23.7966 16.79256 5.344283 23.7939 16.78886 5.189023 23.63589 16.66206 5.188913 23.3493 16.54766 5.188793 23.24025 16.67956 5.344143 24.08622 16.67966 5.188873 24.08621 16.67966 5.188873 24.08621 16.75536 5.188963 23.94749 16.79266 5.189013 23.79389 16.80176 5.191683 23.63387 16.80566 5.191673 23.79529 16.81385 5.199453 23.63199 16.81776 5.199443 23.79659 16.81776 5.199443 23.79659 16.82416 5.211793 23.63037 16.82816 5.211793 23.79771 16.83616 5.227873 23.79857 16.83206 5.227883 23.62913 16.77696 5.211763 23.46977 16.78436 5.227843 23.46652 16.68986 5.211683 23.32686 16.68986 5.211683 23.32686 16.69606 5.227763 23.32181 16.69606 5.227763 23.32181 16.57346 5.227643 23.20487 16.57346 5.227643 23.20487 16.56866 5.211563 23.21136 16.56866 5.211563 23.21136 16.68166 5.199333 23.33343 16.56256 5.199213 23.21982 16.67226 5.191563 23.34109 16.55536 5.191453 23.22968 16.41366 5.191303 23.15231 16.41366 5.191303 23.15231 16.40886 5.188653 23.16452 16.40886 5.188653 23.16452 16.40876 5.343933 23.16453 16.41796 5.333543 23.14094 16.82806 5.321583 23.79771 16.78866 5.321533 23.96039 16.57876 5.341383 24.21081 16.57046 5.344023 24.20062 16.43556 5.343873 24.28289 16.28396 5.343713 24.32744 16.28396 5.343713 24.32744 16.25516 5.343773 23.12729 16.25526 5.188493 23.12728 16.25526 5.188493 23.12728 16.25666 5.191143 23.11426 16.25666 5.191143 23.11426 16.25796 5.198903 23.10214 16.41806 5.199073 23.14093 16.41806 5.199073 23.14093 16.25906 5.211243 23.09172 16.42176 5.211413 23.13116 16.42176 5.211413 23.13116 16.42466 5.227493 23.12367 16.25996 5.227323 23.08373 16.09056 5.227143 23.08778 16.09176 5.211063 23.09573 16.09526 5.190973 23.11813 16.09726 5.188333 23.13106 16.09726 5.188333 23.13106 16.09716 5.343603 23.13107 16.09716 5.343603 23.13107 16.09516 5.340963 23.11813 16.09516 5.340963 23.11813 16.25656 5.341133 23.11427 16.25786 5.333373 23.10214 16.25786 5.333373 23.10214 16.25906 5.321043 23.09173 16.42166 5.321203 23.13117 16.42456 5.305133 23.12367 16.42646 5.286413 23.11896 16.57636 5.286563 23.2008 16.69996 5.286683 23.31865 16.69996 5.286683 23.31865 16.83606 5.305513 23.79857 16.79616 5.305463 23.96328 16.58636 5.333643 24.22031 16.57056 5.188753 24.20061 16.69025 5.191533 24.09393 16.76756 5.191623 23.95221 16.76756 5.191623 23.95221 16.77896 5.199393 23.9566 16.77896 5.199393 23.9566 16.78876 5.211733 23.96038 16.79626 5.227823 23.96328 16.78896 5.246573 23.46448 16.70006 5.246493 23.31864 16.70006 5.246493 23.31864 16.57636 5.246373 23.20079 15.94566 5.188163 23.17561 15.94556 5.343443 23.17561 15.94556 5.343443 23.17561 15.94025 5.340793 23.16364 16.09326 5.333203 23.10608 16.09046 5.304783 23.08779 16.08966 5.286053 23.0828 16.26046 5.286233 23.07871 16.25986 5.304963 23.08373 15.77896 5.265623 23.21851 15.78006 5.245533 23.21985 15.78316 5.226813 23.22378 15.78826 5.210733 23.23004 16.12586 5.343543 24.33122 16.12456 5.340903 24.34424 16.28596 5.341073 24.34037 16.12326 5.333143 24.35637 16.28786 5.333313 24.35243 16.12206 5.320803 24.36678 16.28946 5.320973 24.36278 16.28946 5.320973 24.36278 16.29066 5.304903 24.37072 16.12075 5.285993 24.37979 16.29146 5.286173 24.37571 16.29176 5.266083 24.37741 16.12056 5.265903 24.38151 15.95415 5.265733 24.34115 15.95476 5.285823 24.33955 16.28406 5.188443 24.32743 16.28406 5.188443 24.32743 16.43566 5.188603 24.28289 16.43566 5.188603 24.28289 16.44096 5.191253 24.29486 16.70856 5.211643 24.1073 16.71496 5.227723 24.11204 16.71906 5.246453 24.11502 16.72046 5.266553 24.11604 16.71906 5.286643 24.11502 16.78886 5.286763 23.46448 16.79046 5.266673 23.46378 16.70136 5.266593 23.31756 16.70136 5.266593 23.31756 16.57736 5.266463 23.1994 16.60116 5.286513 24.23865 16.45326 5.305073 24.32295 16.45536 5.286353 24.32757 16.45606 5.266253 24.32914 16.45006 5.321153 24.3156 16.44576 5.333483 24.30602 16.44086 5.341233 24.29487 16.29156 5.245983 24.37571 16.45536 5.246163 24.32756 16.45016 5.211353 24.31559 16.28956 5.211183 24.36277 16.12075 5.245803 24.37979 15.95476 5.245633 24.33954 15.81866 5.332833 24.23868 15.82586 5.340593 24.22882 15.81256 5.210693 24.24713 15.80786 5.226763 24.25362 15.68516 5.226643 24.13668 15.68516 5.226643 24.13668 15.68126 5.245363 24.13985 15.67986 5.265453 24.14094 15.68116 5.285553 24.13986 15.68516 5.304283 24.13669 15.69136 5.320363 24.13164 15.69946 5.332713 24.12507 15.70896 5.340483 24.11742 15.78815 5.320533 23.23004 15.77996 5.285723 23.21985 15.66075 5.265493 23.34246 15.66215 5.285593 23.34348 15.57866 5.265393 23.49278 15.57866 5.265393 23.49278 15.58026 5.285493 23.4934 15.58026 5.285493 23.4934 15.53836 5.265343 23.65921 15.54005 5.285433 23.65939 15.54246 5.265333 23.83041 15.59225 5.285463 23.99402 15.59076 5.265373 23.99472 15.59225 5.245283 23.99402 15.54415 5.245243 23.83014 15.54005 5.245253 23.65939 15.58036 5.245303 23.4934 15.66215 5.245403 23.34348 15.66215 5.245403 23.34348 15.66626 5.226683 23.34646 15.66626 5.226683 23.34646 15.67276 5.210603 23.3512 15.68126 5.198273 23.35737 15.69106 5.190533 23.36456 15.62596 5.187803 23.51101 15.62596 5.187803 23.51101 15.61375 5.190443 23.50629 15.61375 5.190443 23.50629 15.58866 5.187753 23.6646 15.58866 5.187753 23.6646 15.57566 5.190393 23.66321 15.57956 5.190383 23.82463 15.59246 5.187753 23.82261 15.58855 5.343033 23.66461 15.59236 5.343023 23.82262 15.62585 5.343083 23.51101 15.79476 5.332873 23.2382 15.68116 5.332753 23.35738 15.67266 5.320403 23.3512 15.58496 5.304223 23.49522 15.54506 5.304163 23.65993 15.54506 5.304163 23.65993 15.54916 5.304163 23.82937 15.59685 5.304193 23.99198 15.59695 5.226563 23.99198 15.59695 5.226563 23.99198 15.54916 5.226523 23.82936 15.54515 5.226533 23.65993 15.58506 5.226583 23.49522 15.59256 5.210513 23.49812 15.60236 5.198183 23.50189 15.60236 5.198183 23.50189 15.56356 5.198133 23.6619 15.56746 5.198123 23.82651 15.61386 5.198163 23.98448 15.62506 5.190413 23.97955 15.62495 5.340403 23.97955 15.60226 5.332653 23.5019 15.59246 5.320303 23.49812 15.55305 5.320253 23.66079 15.55305 5.320253 23.66079 15.55706 5.320243 23.82813 15.60426 5.320283 23.98873 15.69146 5.210573 24.13164 15.60426 5.210493 23.98872 15.55716 5.210453 23.82812 15.55316 5.210463 23.66079 15.61375 5.332633 23.98449 15.56346 5.332603 23.66191 16.28606 5.191083 24.34037 16.28796 5.198843 24.35242 16.44585 5.199013 24.30601 16.59306 5.211513 24.22846 16.59806 5.227593 24.23472 16.60126 5.246323 24.23865 16.60226 5.266413 24.23999 16.75626 5.191643 23.47895 16.76746 5.199413 23.47401 16.63126 5.170433 24.16978 15.75046 4.781133 24.16976 15.55836 4.574133 23.09651 15.56776 4.519943 23.10585 15.56776 4.519853 24.35258 15.55836 4.574043 24.36193 15.58346 4.519963 23.12157 16.79876 4.521243 23.12157 16.79876 4.521153 24.33685 16.79876 4.521153 24.33685 15.58346 4.519873 24.33685 15.58346 4.519873 24.33685 15.59726 4.469403 23.13533 15.59726 4.469323 24.32309 15.59726 4.469323 24.32309 16.78506 4.470653 23.13533 16.78506 4.470573 24.32309 16.78506 4.470573 24.32309 15.75046 4.749483 23.28869 15.75016 5.169513 24.16978 15.75016 5.169513 24.16978 15.75046 4.781193 23.28869 15.75046 4.781193 23.28869 15.75016 5.169573 23.28871 15.75016 5.169573 23.28871 15.75016 5.169573 23.28871 15.65116 5.169413 24.04075 15.65116 5.169413 24.04075 15.58886 5.169383 23.568 15.62976 5.151393 23.40542 15.56506 5.151313 23.56162 15.61095 5.125943 23.39454 15.54415 5.125853 23.55599 15.52676 5.094073 23.55134 15.71736 5.126063 23.2559 15.71736 5.126063 23.2559 15.85596 5.126213 23.14952 16.01746 5.126393 23.08265 15.86686 5.151663 23.16836 15.86686 5.151663 23.16836 16.02306 5.151833 23.10366 15.87915 5.169723 23.1897 15.87946 4.781333 23.18968 15.86716 4.799373 23.16834 15.73296 4.799223 23.27126 15.65145 4.781083 23.41772 15.63005 4.799103 23.4054 15.56536 4.799023 23.5616 15.54325 4.798983 23.72923 15.56536 4.799003 23.89685 15.58916 4.780983 23.89047 15.58886 5.169363 23.89049 15.58886 5.169363 23.89049 15.56766 5.169353 23.72925 15.73276 5.151513 23.27128 15.73276 5.151513 23.27128 15.73276 5.151513 23.27128 16.35196 5.170223 23.12746 16.35196 5.170223 23.12746 16.50216 5.170373 23.1897 16.50216 5.170373 23.1897 16.50216 5.170373 23.1897 16.63126 5.170503 23.28871 16.63126 5.170503 23.28871 16.63126 5.170503 23.28871 16.63126 5.170503 23.28871 16.63146 4.782123 23.28869 16.63146 4.782123 23.28869 16.63146 4.782123 23.28869 16.63156 4.750413 23.28869 16.50246 4.781993 23.18968 16.50246 4.781993 23.18968 16.50246 4.781993 23.18968 16.35216 4.781843 23.12744 16.35836 5.152183 23.10366 16.35836 5.152183 23.10366 16.51456 5.152343 23.16836 16.64866 5.152483 23.27128 16.73026 5.170593 23.41774 16.75156 5.152573 23.40542 16.81396 4.782283 23.72923 16.79276 4.782273 23.56798 16.73046 4.782213 23.41772 16.64886 4.800183 23.27126 16.75186 4.800283 23.4054 16.66426 4.825643 23.25589 16.66426 4.825643 23.25589 16.77066 4.825743 23.39453 16.78616 4.857523 23.38556 16.67696 4.857423 23.2432 16.67696 4.857423 23.2432 16.52566 4.825503 23.14951 16.53456 4.857283 23.13397 16.36876 4.857113 23.0653 16.19086 4.856923 23.04188 16.19086 4.856923 23.04188 16.19096 4.825153 23.05982 16.19066 5.152013 23.08159 16.19066 5.126573 23.05984 16.36396 5.126753 23.08265 16.66406 5.127053 23.2559 16.77046 5.127163 23.39454 16.83726 5.127213 23.55599 16.75186 4.800233 24.05306 16.83856 4.800353 23.72923 16.81656 4.800343 23.5616 16.86776 4.894363 23.54787 16.79776 4.894293 23.37887 16.54126 4.894043 23.12238 16.37226 4.893873 23.05238 16.19086 4.893683 23.0285 16.01296 4.856733 23.0653 16.01766 4.824973 23.08263 16.36866 5.094993 23.06531 16.53436 5.095163 23.13398 16.67676 5.095303 23.24321 16.67676 5.095303 23.24321 16.78596 5.095413 23.38557 16.78596 5.095413 23.38557 16.85466 5.095473 23.55134 16.64886 4.800113 24.18719 16.66426 4.825573 24.20257 16.77066 4.825693 24.06393 16.87566 4.934573 23.54573 16.80486 4.934513 23.37474 16.54536 4.934263 23.11523 16.37436 4.934083 23.0444 16.19086 4.933893 23.02024 15.84726 4.856553 23.13397 15.85625 4.824803 23.14951 15.71756 4.824643 23.25589 15.61116 4.824523 23.39453 15.54436 4.824443 23.55597 15.52156 4.824403 23.72923 15.54436 4.824413 23.90248 15.61116 4.824473 24.06393 15.63005 4.799053 24.05306 15.63005 4.799053 24.05306 15.65145 4.781033 24.04073 15.65145 4.781033 24.04073 15.62976 5.151353 24.05307 15.56506 5.151293 23.89687 15.54306 5.151283 23.72924 15.52126 5.125823 23.72924 15.50336 5.094033 23.72924 15.50336 5.094033 23.72924 15.49005 5.057263 23.72924 15.51385 5.057303 23.54788 15.58385 5.057383 23.37887 15.69526 5.057513 23.23375 15.84035 5.057673 23.12239 16.00936 5.057853 23.05239 16.37215 5.058243 23.05239 16.54116 5.058413 23.12239 16.68626 5.058553 23.23375 16.79756 5.058663 23.37887 16.86766 5.058723 23.54788 16.89146 5.058733 23.72924 16.68626 5.058483 24.22473 16.54116 5.058323 24.33609 16.35856 4.799803 24.35482 16.51476 4.799963 24.29011 16.52566 4.825413 24.30895 16.67696 4.857353 24.21526 16.67696 4.857353 24.21526 16.53456 4.857193 24.32449 16.54126 4.893953 24.33608 16.68636 4.894123 24.22472 16.68636 4.894123 24.22472 16.79776 4.894243 24.0796 16.78616 4.857473 24.0729 16.90256 4.976563 23.72924 16.87836 4.976553 23.54501 16.37506 4.976063 23.0417 16.19086 4.975873 23.01745 15.52695 4.856193 23.55133 15.50356 4.856153 23.72923 15.52695 4.856163 23.90713 15.59566 4.856223 24.0729 15.59566 4.856223 24.0729 15.70486 4.856323 24.21526 16.01296 4.856633 24.39316 16.19086 4.856823 24.41658 16.19086 4.856823 24.41658 16.19096 4.825063 24.39863 16.02336 4.799443 24.35482 16.19096 4.799623 24.37688 16.19096 4.799623 24.37688 16.02966 4.781413 24.33101 16.02966 4.781413 24.33101 16.19096 4.781583 24.35224 16.19066 5.169963 24.35226 16.02946 5.169793 24.33103 16.02946 5.169793 24.33103 15.87915 5.169643 24.26879 15.87915 5.169643 24.26879 15.87946 4.781253 24.26877 15.87946 4.781253 24.26877 15.86716 4.799283 24.29011 15.73296 4.799153 24.18719 15.73276 5.151443 24.18721 15.52676 5.094043 23.90714 15.51385 5.057273 23.9106 15.48175 5.017043 23.72924 15.50595 5.017053 23.91274 15.47906 4.975063 23.72924 15.50326 4.975083 23.91346 15.50606 4.933113 23.91273 15.50595 5.017083 23.54574 15.57676 5.017173 23.37474 15.68946 5.017293 23.2279 15.83626 5.017463 23.11523 16.00726 5.017643 23.0444 16.19076 5.017843 23.02025 16.37426 5.018033 23.0444 16.87566 5.018523 23.54574 16.89976 5.018533 23.72924 16.69216 5.018283 24.23057 16.54526 5.018113 24.34324 16.19076 5.057943 24.42997 16.19076 5.094703 24.41659 16.19066 5.151913 24.3769 16.36416 4.825243 24.37583 16.36876 4.857013 24.39316 16.36876 4.857013 24.39316 16.37226 4.893773 24.40609 16.69216 4.934333 24.23057 16.80486 4.934463 24.08373 15.51406 4.892913 23.91059 15.58406 4.892973 24.0796 15.58406 4.892973 24.0796 15.69535 4.893073 24.22472 16.00956 4.893393 24.40609 16.19086 4.893583 24.42996 16.00726 5.017543 24.41407 16.00656 4.975573 24.41677 15.83496 4.975393 24.34566 15.83496 4.975393 24.34566 15.83626 5.017373 24.34324 15.84035 5.057583 24.33609 16.00936 5.057753 24.40609 16.01286 5.094523 24.39317 16.01746 5.126293 24.37584 16.02306 5.151743 24.35483 15.86686 5.151583 24.29013 15.85596 5.126133 24.30897 15.70465 5.094213 24.21527 15.70465 5.094213 24.21527 15.84706 5.094353 24.3245 15.69526 5.057443 24.22473 15.69526 5.057443 24.22473 15.58385 5.057333 24.07961 15.59545 5.094103 24.07292 15.57436 4.975143 24.08513 15.57685 4.933173 24.08373 15.57685 4.933173 24.08373 15.68956 4.933283 24.23057 15.83636 4.933423 24.34324 15.68745 4.975253 24.23254 16.51476 4.800053 23.16834 16.83496 12.3188 24.16929 16.82546 12.2834 24.16929 16.82536 12.4301 24.1693 16.83486 12.3947 24.1693 16.83816 12.3567 24.1693 16.81036 12.4605 23.15921 16.81036 12.4604 24.1693 16.81036 12.4604 24.1693 16.79066 12.4837 24.1693 16.79066 12.4837 24.1693 16.79066 12.4837 23.15921 16.81046 12.253 24.16929 16.79086 12.2296 24.16929 16.79086 12.2296 24.16929 16.76776 12.4984 24.1693 16.79086 12.2297 23.15921 16.76796 12.215 24.16929 16.76796 12.215 24.16929 16.76796 12.215 23.15921 16.74346 12.2099 24.16929 16.71896 12.2149 24.16929 16.71896 12.2149 24.16929 16.71896 12.2149 23.15921 16.69606 12.2295 24.16929 16.69606 12.2295 24.16929 16.69606 12.2296 23.15921 16.67646 12.2528 24.16929 16.66136 12.2832 24.16929 16.65186 12.3186 24.16929 16.64856 12.3565 24.1693 16.65176 12.3945 24.1693 16.66126 12.4299 24.1693 16.66126 12.4299 24.1693 16.67625 12.4603 24.1693 16.67625 12.4603 24.1693 16.69585 12.4836 24.1693 16.71876 12.4983 24.1693 16.71876 12.4983 24.1693 16.74326 12.5033 24.1693 16.74326 12.5033 24.1693 16.74326 12.5033 23.15921 16.71876 12.4983 23.15921 16.67625 12.4603 23.15921 16.66126 12.4299 23.15921 15.73165 12.2822 23.15921 15.73165 12.2822 24.16929 15.69686 12.4826 24.1693 15.69686 12.4826 23.15921 15.71666 12.2518 23.15921 15.71666 12.2518 24.16929 15.67396 12.4972 24.1693 15.67396 12.4972 23.15921 15.58245 12.4591 24.1693 15.60205 12.4825 24.1693 15.60205 12.4825 24.1693 15.62495 12.4972 24.1693 15.62495 12.4972 23.15921 15.60205 12.4825 23.15921 15.60205 12.4825 23.15921 15.58245 12.4592 23.15921 16.66556 12.3566 24.13304 16.66556 12.3566 23.18405 16.69616 12.2711 23.1535 16.69616 12.2711 24.16359 16.32186 12.2707 23.17071 16.44366 12.2709 23.22117 16.54826 12.271 23.30143 16.62846 12.2711 23.40603 16.69626 12.1803 23.65855 16.67896 12.1803 23.52783 16.69305 12.1773 23.52407 16.71076 12.1773 23.65855 16.67896 12.1803 23.78926 16.69305 12.1773 23.79303 16.62856 12.1802 23.91107 16.64116 12.1772 23.91834 16.54826 12.1801 24.01567 16.55856 12.1772 24.02596 16.55856 12.1772 24.02596 16.45096 12.177 24.10853 16.32566 12.1769 24.16044 16.32186 12.1799 24.14638 16.19116 12.1797 24.16359 16.06046 12.1796 24.14638 15.70336 12.1792 23.52783 16.62866 12.0061 23.91107 16.67916 12.0062 23.78926 16.69316 12.0092 23.79303 16.64126 12.0091 23.91834 16.70626 12.0179 23.79654 16.65306 12.0178 23.92512 16.71756 12.0317 23.79955 16.66306 12.0317 23.93095 16.67086 12.0497 23.93541 16.67086 12.0497 23.93541 16.72616 12.0498 23.80186 16.73606 12.0317 23.65855 16.72446 12.0179 23.65855 16.70626 12.0179 23.52055 16.71756 12.0317 23.51754 16.72616 12.0498 23.51523 16.73156 12.0708 23.51377 16.75056 12.1158 23.65855 16.67566 12.0707 23.37887 16.67086 12.0497 23.38168 16.67086 12.0497 23.38168 16.66306 12.0317 23.38614 16.62866 12.0061 23.40602 16.62856 12.1802 23.40602 16.62856 12.1802 23.40602 16.54826 12.1801 23.30143 16.54826 12.1801 23.30143 16.54846 12.0061 23.30143 16.57656 12.0316 23.27331 16.58286 12.0496 23.26699 16.46366 12.0315 23.18673 16.46816 12.0495 23.17899 16.33456 12.0494 23.12368 16.33226 12.0313 23.13231 16.32926 12.0175 23.14355 16.45786 12.0176 23.19682 16.45106 12.0089 23.20856 16.44386 12.006 23.22116 16.44366 12.18 23.22117 16.44366 12.18 23.22117 16.55856 12.1772 23.29114 16.45096 12.1771 23.20856 16.57646 12.1547 23.27331 16.46356 12.1545 23.18673 16.58276 12.1366 23.26699 16.46806 12.1365 23.17899 16.66296 12.1548 23.38615 16.65286 12.1686 23.39197 16.64116 12.1773 23.39875 15.83406 12.1794 24.01567 15.93866 12.1795 24.09593 16.44386 12.0059 24.09593 16.32206 12.0058 24.14638 16.19116 12.1768 24.17814 16.19116 12.1681 24.1917 16.32916 12.1682 24.17354 16.32916 12.1682 24.17354 16.19116 12.1542 24.20335 16.33216 12.1544 24.18479 16.33216 12.1544 24.18479 16.33456 12.1364 24.19342 16.19116 12.1362 24.21228 16.04786 12.1361 24.19342 16.05016 12.1541 24.18479 16.05316 12.1679 24.17354 16.05666 12.1766 24.16044 16.19126 12.0057 24.16359 16.06056 12.0055 24.14638 15.93875 12.0054 24.09593 15.75396 12.0052 23.91107 15.70346 12.0052 23.78926 15.70346 12.0052 23.52783 15.68925 12.1762 23.52407 15.75376 12.1793 23.40602 15.74116 12.1763 23.39875 15.75396 12.0052 23.40602 15.83416 12.0053 23.30143 16.32186 12.1799 23.17071 16.32186 12.1799 23.17071 15.74116 12.1763 23.91834 15.68925 12.1762 23.79303 15.67615 12.1675 23.79654 15.67615 12.1675 23.79654 15.65805 12.1675 23.65855 15.67615 12.1675 23.52056 15.67615 12.1675 23.52056 15.72946 12.1676 23.39197 15.72946 12.1676 23.39197 15.81416 12.1677 23.28155 16.32206 12.0058 23.17071 16.32566 12.1769 23.15665 16.33216 12.1544 23.13231 16.33456 12.1364 23.12368 16.33596 12.1154 23.11825 16.33646 12.0929 23.1164 16.33606 12.0703 23.11825 16.47096 12.0705 23.17413 16.19126 12.0702 23.09919 16.19126 12.0492 23.10481 16.19126 12.0312 23.11374 16.19126 12.0174 23.12539 16.32576 12.0088 23.15665 16.54846 12.0061 24.01567 16.55866 12.009 24.02596 16.58286 12.0496 24.0501 16.58676 12.0706 24.05407 16.67566 12.0707 23.93822 16.67566 12.0707 23.93822 16.73156 12.0708 23.80332 16.73336 12.0933 23.80381 16.73156 12.1158 23.80332 16.74496 12.1368 23.65855 16.74496 12.1368 23.65855 16.72606 12.1368 23.80186 16.72606 12.1368 23.80186 16.71746 12.1548 23.79955 16.71746 12.1548 23.79955 16.73596 12.1548 23.65855 16.73596 12.1548 23.65855 16.72606 12.1368 23.51523 16.71746 12.1548 23.51754 16.71746 12.1548 23.51754 16.70616 12.1686 23.52056 16.72436 12.1686 23.65855 16.70616 12.1686 23.79654 16.65286 12.1686 23.92513 16.65286 12.1686 23.92513 16.56816 12.1685 24.03555 16.45776 12.1684 24.12027 16.46356 12.1545 24.13036 15.91436 12.1359 24.1381 15.91156 12.1149 24.14296 15.79565 12.1148 24.05407 15.91875 12.154 24.13036 15.80596 12.1538 24.04378 15.92456 12.1678 24.12027 15.81416 12.1677 24.03555 15.93135 12.1765 24.10853 15.82376 12.1764 24.02596 15.82386 12.0083 24.02596 15.93146 12.0084 24.10853 15.93146 12.0084 24.10853 16.05685 12.0085 24.16044 16.19126 12.0086 24.17814 16.32576 12.0088 24.16044 16.45106 12.0089 24.10853 16.45786 12.0176 24.12027 16.46366 12.0315 24.13036 16.46816 12.0495 24.1381 16.47096 12.0705 24.14296 16.67726 12.0932 23.93918 16.67076 12.1367 23.93542 16.66296 12.1547 23.93095 16.66296 12.1547 23.93095 16.66296 12.1547 23.93095 16.57646 12.1547 24.04378 16.33646 12.0929 24.20069 16.19126 12.0927 24.21982 15.91056 12.0924 24.14462 15.79436 12.0923 24.05542 15.70515 12.0922 23.93918 15.70676 12.1147 23.93822 15.71165 12.1357 23.93542 15.71936 12.1538 23.93095 15.71936 12.1538 23.93095 15.72946 12.1676 23.92513 15.72946 12.1676 23.92513 15.72946 12.1676 23.92513 15.74136 12.0082 23.91834 15.72956 12.0169 23.92512 15.81425 12.0169 24.03554 15.92475 12.0171 24.12027 16.05326 12.0172 24.17354 16.19126 12.0173 24.1917 16.32926 12.0175 24.17354 16.33226 12.0313 24.18478 16.33456 12.0493 24.19342 16.33606 12.0703 24.19884 16.33606 12.0703 24.19884 16.19126 12.0702 24.2179 15.91156 12.0699 24.14296 15.79576 12.0698 24.05407 15.70686 12.0697 23.93822 15.65095 12.0696 23.80332 15.64906 12.0921 23.80381 15.65095 12.1147 23.80332 15.65636 12.1357 23.80186 15.66495 12.1537 23.79955 15.64635 12.1537 23.65855 15.66495 12.1537 23.51754 15.71936 12.1538 23.38615 15.80596 12.1539 23.27331 15.91875 12.154 23.18673 16.05016 12.1541 23.13231 16.19116 12.1543 23.11374 16.19116 12.1362 23.10481 16.19126 12.1152 23.09919 16.19126 12.0927 23.09727 16.05026 12.031 23.13231 16.05026 12.031 23.13231 16.05326 12.0172 23.14355 16.05326 12.0172 23.14355 16.05685 12.0085 23.15665 16.06056 12.0056 23.17071 15.67166 12.0081 23.65855 15.68936 12.0081 23.52406 15.68936 12.0081 23.52406 15.65816 12.0168 23.65855 15.65816 12.0168 23.65855 15.67625 12.0168 23.52055 15.67625 12.0168 23.52055 15.64646 12.0306 23.65855 15.66505 12.0306 23.51754 15.63756 12.0486 23.65855 15.65636 12.0486 23.51523 15.63185 12.0696 23.65855 15.65095 12.0696 23.51377 15.64906 12.0921 23.51328 15.62996 12.0921 23.65855 15.65636 12.0486 23.80186 15.66505 12.0306 23.79955 15.67625 12.0168 23.79654 15.68936 12.0081 23.79303 15.71946 12.0307 23.93095 15.71946 12.0307 23.93095 15.71176 12.0487 23.93541 15.79975 12.0488 24.0501 15.79975 12.0488 24.0501 15.79975 12.0488 24.0501 15.80606 12.0308 24.04378 15.80606 12.0308 24.04378 15.80606 12.0308 24.04378 15.91886 12.0309 24.13036 15.91886 12.0309 24.13036 16.05026 12.031 24.18478 16.19126 12.0312 24.20335 15.91436 12.0489 24.1381 15.91436 12.0489 24.1381 15.63185 12.1146 23.65855 15.63745 12.1356 23.65855 15.65636 12.1357 23.51523 15.71165 12.1357 23.38168 15.79966 12.1358 23.26699 15.91436 12.1359 23.17899 16.04786 12.1361 23.12368 15.91056 12.0924 23.17247 15.91156 12.1149 23.17413 15.79436 12.0923 23.26167 15.79565 12.1148 23.26302 15.70676 12.1147 23.37887 15.70515 12.0922 23.37791 15.91886 12.0309 23.18673 15.92475 12.0171 23.19682 15.93146 12.0084 23.20856 15.93875 12.0054 23.22116 15.82386 12.0083 23.29113 15.81425 12.017 23.28155 15.80606 12.0308 23.27331 15.79975 12.0488 23.26699 15.71176 12.0487 23.38168 15.65095 12.1147 23.51377 15.71946 12.0307 23.38614 15.72956 12.0169 23.39197 15.72956 12.0169 23.39197 15.74136 12.0082 23.39875 15.96255 12.2497 23.99572 15.96255 12.2497 23.99572 15.97536 5.336773 24.19793 16.04306 12.2497 24.04897 16.04306 12.2497 24.04897 15.85886 5.336653 24.12079 15.89865 12.2496 23.92346 15.85556 12.2495 23.83712 15.83636 12.2495 23.74258 15.83636 12.2495 23.74258 15.67596 5.336463 23.75408 15.68455 5.336473 23.61459 15.84225 12.2495 23.64629 15.84225 12.2495 23.64629 16.57366 12.2503 23.69104 16.56776 12.2503 23.78734 16.53716 12.2503 23.87883 16.53716 12.2503 23.87883 16.48396 12.2502 23.95927 16.48396 12.2502 23.95927 16.41166 12.2501 24.0232 16.41166 12.2501 24.0232 16.32536 12.25 24.06624 16.32536 12.25 24.06624 16.13456 12.2498 24.07958 16.13456 12.2498 24.07958 16.23076 12.2499 24.08548 16.23076 12.2499 24.08548 16.10786 5.336913 24.24228 16.24736 5.337053 24.25081 16.38436 5.337203 24.22295 16.50946 5.337333 24.16059 16.61406 5.337443 24.06799 16.69126 5.337533 23.95145 16.55446 12.2503 23.59651 16.51146 12.2502 23.51017 16.44746 12.2502 23.43791 16.44476 5.337283 23.23558 16.36706 12.2501 23.38466 16.36706 12.2501 23.38466 16.31226 5.337143 23.19123 16.27556 12.25 23.35404 16.27556 12.25 23.35404 16.17926 12.2499 23.34815 16.08476 12.2498 23.36738 15.99836 12.2497 23.41043 15.99836 12.2497 23.41043 15.91066 5.336713 23.27291 15.92615 12.2496 23.47435 15.92615 12.2496 23.47435 15.92615 12.2496 23.47435 15.80606 5.336603 23.36551 15.80606 5.336603 23.36551 15.87286 12.2496 23.5548 15.87286 12.2496 23.5548 15.72885 5.336523 23.48205 17.27336 4.228493 24.52237 17.27336 4.228493 24.52237 0.9011574 4.228493 21.68127 0.9011574 4.228493 21.68127 0.9011574 4.228493 24.52237 0.9011574 4.228493 24.52237 0.9011574 4.228493 24.52237 17.27336 4.228493 21.68127 17.27336 1.748993 24.52237 0.9011574 1.748993 24.52237 0.9011574 1.748993 24.52237 17.27336 11.536 21.68127 0.9011574 11.536 22.26369 0.9011574 11.536 21.68127 17.27336 11.536 22.26369 3.641857 13.3659 4.461262 3.641857 13.3659 4.461262 14.53266 12.4509 4.461262 14.53266 12.4509 4.461262 14.53266 12.4509 4.461262 3.641857 12.4509 4.461262 3.641857 12.4509 4.461262 3.641857 12.4509 4.461262 14.53266 13.3659 4.461262 14.53266 13.3659 4.461262 3.641857 13.3659 6.271961 0.3187561 13.3659 11.93406 -2.308445 13.3659 11.93406 0.3187561 12.4509 11.93406 0.3187561 12.4509 11.93406 -2.308445 12.4509 11.93406 -2.308445 12.4509 11.93406 -2.308445 12.4509 12.51646 0.9011574 12.4509 12.51646 0.9011574 12.4509 6.854361 0.3187561 12.4509 6.271961 3.641857 12.4509 6.271961 3.641857 12.4509 6.271961 13.95026 12.4509 5.043661 13.95026 12.4509 6.854361 14.53266 12.4509 6.271961 14.53266 12.4509 6.271961 14.53266 13.3659 6.271961 20.48296 12.4509 11.93406 17.85576 12.4509 11.93406 20.48296 12.4509 12.51646 17.85576 12.4509 6.271961 12.32455 17.1125 -21.33834 5.849956 17.1125 -21.33834 12.32455 14.2071 -15.37904 12.32455 14.2071 -15.37904 5.849956 14.2071 -15.37904 -22.81085 3.45964e-6 13.46636 -22.81085 7.981113 13.46636 -33.4502 7.981113 13.46636 -33.4502 7.981113 13.46636 -33.4502 3.45964e-6 13.46636 -33.4502 3.45964e-6 13.46636 -33.4502 3.45964e-6 7.95446 -33.4502 3.45964e-6 7.95446 -33.4502 7.981113 7.95446 -33.4502 7.981113 7.95446 -42.64174 7.981113 7.95446 -42.64174 3.45964e-6 7.95446 -33.22354 7.981113 7.727861 -33.22354 8.462543 13.23976 -33.22354 8.462543 13.23976 -33.22354 7.981113 13.23976 -33.22354 8.462543 7.727861 -33.22354 8.462543 7.727861 -42.86836 8.462543 7.727861 -42.86836 8.462543 7.727861 -42.86836 7.981113 7.727861 -42.86836 7.981113 21.99854 -22.81085 8.462543 21.99854 -42.86836 8.462543 21.99854 -42.86836 8.462543 21.99854 -42.64174 8.462543 21.77192 -42.64174 8.462543 7.95446 -33.4502 8.462543 7.95446 -33.4502 8.462543 13.46636 -22.81085 8.462543 13.46636 -22.81085 8.462543 13.23976 -22.81085 8.462543 21.77192 -22.81085 9.259413 17.61916 -38.04597 9.259413 17.61916 -38.04597 9.259413 17.61916 -33.4502 8.462543 7.95446 -38.04597 9.259413 7.95446 -38.04597 9.259413 7.95446 -42.64174 8.462543 7.95446 -42.64174 8.462543 7.95446 -42.64174 8.462543 21.77192 -42.64174 8.462543 21.77192 -22.81085 8.462543 21.77192 33.52036 14.2071 25.16682 40.98535 14.2071 12.51646 40.98535 3.45964e-6 12.51646 33.52036 3.45964e-6 12.51646 17.27336 3.45964e-6 12.51646 33.52036 14.2071 12.51646 17.27336 14.2071 12.51646 40.98535 14.2071 12.53316 40.98535 14.2071 3.522961 37.25286 17.1125 12.53316 37.25286 17.1125 17.09886 37.25286 17.1125 -1.163938 37.25286 17.1125 18.69976 33.52036 14.2071 21.68127 26.95475 14.2071 3.522961 26.95475 14.2071 2.272461 26.95475 14.2071 -5.850737 41.66375 14.2071 -5.850737 24.78875 17.1125 -21.33834 12.32455 17.1125 -21.33834 24.78875 14.2071 -15.37904 30.71116 12.4437 -15.39934 30.71116 13.3586 -15.39934 9.087258 13.3586 -15.39934 9.087258 12.4437 -15.39934 30.71116 12.4437 11.93406 20.48296 12.4437 11.93406 20.48296 13.3586 11.93406 30.71116 13.3586 11.93406 41.66375 14.2071 12.51646 41.66375 3.45964e-6 12.51646 42.24616 12.4509 -25.72904 42.24616 11.536 -25.72904 9.087258 11.536 -25.72904 9.087258 12.4509 -25.72904 41.66375 3.45964e-6 -5.850737 41.66375 14.2071 -25.14654 41.66375 3.45964e-6 -25.14654 26.95475 3.45964e-6 2.272461 26.95475 3.45964e-6 3.522961 26.95475 3.45964e-6 -5.850737 31.29366 3.45964e-6 -5.850737 31.29366 14.2071 -5.850737 4.224255 1.748993 6.854361 4.224255 12.4509 6.854361 17.27336 1.748993 6.854361 17.27336 12.4509 6.854361 17.27336 12.4509 12.51646 17.27336 1.748993 12.51646 0.9011574 12.4509 6.854361 0.9011574 1.748993 6.854361 0.9011574 3.45964e-6 24.52237 0.9011574 1.748993 24.52237 0.9011574 1.748993 21.68127 0.9011574 3.45964e-6 21.68127 16.67956 5.344143 24.08622 16.78866 5.321533 23.96039 16.70846 5.321433 24.10731 16.69016 5.341513 24.09394 16.57876 5.341383 24.21081 16.57046 5.344023 24.20062 16.25516 5.343773 23.12729 16.25796 5.198903 23.10214 16.25906 5.211243 23.09172 16.09176 5.211063 23.09573 16.09336 5.198733 23.10607 16.09716 5.343603 23.13107 16.09516 5.340963 23.11813 16.25656 5.341133 23.11427 16.25906 5.321043 23.09173 16.79616 5.305463 23.96328 16.71496 5.305363 24.11204 16.84286 5.266703 23.79929 16.80246 5.266653 23.96572 16.80086 5.286743 23.9651 16.84116 5.286793 23.79911 15.94566 5.188163 23.17561 15.94556 5.343443 23.17561 16.09166 5.320863 23.09573 15.93106 5.320693 23.14291 16.09046 5.304783 23.08779 15.92786 5.304613 23.13556 16.08966 5.286053 23.0828 16.08946 5.265963 23.08109 16.26066 5.266143 23.077 16.26046 5.286233 23.07871 16.25986 5.304963 23.08373 15.81076 5.188023 23.25788 15.81055 5.343293 23.25789 16.12206 5.320803 24.36678 16.12126 5.304723 24.37477 16.29176 5.266083 24.37741 16.12056 5.265903 24.38151 15.95655 5.304553 24.33483 15.95946 5.320633 24.32734 15.96316 5.332973 24.31757 15.96756 5.340733 24.30619 15.97246 5.188113 24.29397 16.12606 5.188273 24.33121 16.29156 5.245983 24.37571 16.29076 5.227263 24.37071 16.45336 5.227433 24.32294 16.45016 5.211353 24.31559 16.28956 5.211183 24.36277 16.28956 5.211183 24.36277 16.12215 5.211003 24.36677 16.12075 5.245803 24.37979 15.81866 5.332833 24.23868 15.82586 5.340593 24.22882 15.96765 5.190753 24.30618 15.78815 5.320533 23.23004 15.78316 5.304453 23.22379 15.66626 5.226683 23.34646 15.67276 5.210603 23.3512 15.68116 5.332753 23.35738 15.67266 5.320403 23.3512 15.58506 5.226583 23.49522 15.59256 5.210513 23.49812 15.60226 5.332653 23.5019 15.59246 5.320303 23.49812 16.12336 5.198673 24.35636 16.12466 5.190913 24.34423 16.28796 5.198843 24.35242 16.01286 5.094623 23.06531 16.63126 5.170503 23.28871 16.63146 4.782123 23.28869 16.50246 4.781993 23.18968 16.35216 4.781843 23.12744 16.51456 5.152343 23.16836 16.64866 5.152483 23.27128 16.73026 5.170593 23.41774 16.73046 4.782213 23.41772 16.35856 4.799893 23.10364 16.19066 5.126573 23.05984 16.36396 5.126753 23.08265 16.52546 5.126923 23.14952 16.66406 5.127053 23.2559 16.19076 5.094813 23.04189 16.36866 5.094993 23.06531 16.00936 5.057853 23.05239 16.19076 5.058053 23.02851 16.37215 5.058243 23.05239 15.57436 4.975193 23.37334 16.19086 4.856823 24.41658 15.73276 5.151443 24.18721 15.71736 5.125993 24.20259 15.50326 4.975103 23.54501 15.50595 5.017083 23.54574 15.57676 5.017173 23.37474 16.36876 4.857013 24.39316 16.37226 4.893773 24.40609 15.84056 4.893223 24.33608 16.00956 4.893393 24.40609 16.19086 4.893583 24.42996 15.84035 5.057583 24.33609 16.00936 5.057753 24.40609 16.01286 5.094523 24.39317 15.86686 5.151583 24.29013 15.85596 5.126133 24.30897 15.84706 5.094353 24.3245 15.83636 4.933423 24.34324 16.00736 4.933603 24.41407 16.51476 4.800053 23.16834 16.83496 12.3188 23.15921 16.82546 12.2834 23.15921 16.83496 12.3188 24.16929 16.82546 12.2834 24.16929 16.66136 12.2832 24.16929 16.66136 12.2832 23.15921 16.65186 12.3186 24.16929 16.65186 12.3186 23.15921 15.74116 12.3176 23.15921 15.74435 12.3556 23.15921 15.74116 12.3176 24.16929 15.74435 12.3556 24.1693 15.69706 12.2285 24.16929 15.69706 12.2285 23.15921 15.67416 12.2138 24.16929 15.67416 12.2138 23.15921 15.64965 12.2088 24.16929 15.64965 12.2088 23.15921 15.62516 12.2138 24.16929 15.62516 12.2138 23.15921 16.44366 12.2709 24.09593 16.32186 12.2707 24.14638 15.75376 12.2701 23.40603 15.83396 12.2702 23.30143 16.06036 12.2705 23.17071 16.19106 12.2706 23.1535 16.44366 12.2709 23.22117 16.54826 12.271 23.30143 16.67916 12.0062 23.78926 16.69316 12.0092 23.79303 16.71756 12.0317 23.79955 16.72616 12.0498 23.80186 16.74496 12.0498 23.65855 16.73606 12.0317 23.65855 16.71086 12.0092 23.65855 16.69636 12.0062 23.65855 16.70626 12.0179 23.52055 16.71756 12.0317 23.51754 16.71756 12.0317 23.51754 16.72616 12.0498 23.51523 16.66306 12.0317 23.38614 16.65306 12.0178 23.39197 16.54846 12.0061 23.30143 16.32926 12.0175 23.14355 16.45786 12.0176 23.19682 16.45106 12.0089 23.20856 16.44386 12.006 23.22116 16.55856 12.1772 23.29114 16.45096 12.1771 23.20856 16.56816 12.1685 23.28155 16.45776 12.1684 23.19682 16.44386 12.0059 24.09593 16.32206 12.0058 24.14638 16.19116 12.1542 24.20335 16.19116 12.1362 24.21228 16.04786 12.1361 24.19342 16.05016 12.1541 24.18479 15.68626 12.0052 23.65855 15.70346 12.0052 23.52783 15.75376 12.1793 23.40602 15.83406 12.1794 23.30143 15.81416 12.1677 23.28155 15.92456 12.1678 23.19682 16.05316 12.1679 23.14356 16.19126 12.0057 23.1535 16.32576 12.0088 23.15665 15.91056 12.0924 24.14462 15.79436 12.0923 24.05542 16.33456 12.0493 24.19342 16.33606 12.0703 24.19884 16.19126 12.0702 24.2179 15.91156 12.0699 24.14296 15.79576 12.0698 24.05407 15.80596 12.1539 23.27331 15.91875 12.154 23.18673 16.05016 12.1541 23.13231 16.06056 12.0056 23.17071 15.67166 12.0081 23.65855 15.68936 12.0081 23.52406 15.91886 12.0309 24.13036 16.05026 12.031 24.18478 16.19126 12.0492 24.21228 16.04796 12.049 24.19342 15.91436 12.0489 24.1381 15.91436 12.1359 23.17899 16.04786 12.1361 23.12368 16.04646 12.1151 23.11825 15.91156 12.1149 23.17413 15.79436 12.0923 23.26167 15.79565 12.1148 23.26302 15.70676 12.1147 23.37887 15.70515 12.0922 23.37791 17.27336 12.4509 22.26369 12.32455 17.1125 -21.33834 5.849956 14.2071 -25.74924 5.849956 17.1125 -21.33834 12.32455 14.2071 -25.74924 12.32455 14.2071 -25.74924 12.32455 14.2071 -15.37904 -42.64174 7.981113 7.95446 -42.64174 3.45964e-6 7.95446 -42.64174 3.45964e-6 21.77192 -42.64174 7.981113 21.77192 -33.22354 8.462543 13.23976 -33.22354 7.981113 13.23976 -42.86836 7.981113 21.99854 -22.81085 7.981113 21.99854 -22.81085 8.462543 21.99854 -42.86836 8.462543 21.99854 -22.81085 8.462543 13.23976 -22.81085 7.981113 13.23976 -22.81085 9.259413 17.61916 -33.4502 8.462543 13.46636 -38.04597 9.259413 17.61916 -22.81085 8.462543 13.46636 33.52036 11.536 25.16682 32.93795 11.536 22.26369 32.93795 11.536 22.26369 33.52036 11.536 21.68127 32.93795 11.536 25.74923 32.93795 11.536 25.74923 40.98535 11.536 25.16682 41.56775 11.536 25.74923 41.56775 11.536 25.74923 41.56775 11.536 25.74923 40.98535 11.536 13.09886 41.56775 11.536 13.09886 41.56775 11.536 13.09886 41.56775 12.4509 13.09886 41.56775 12.4509 25.74923 41.56775 12.4509 25.74923 32.93795 12.4509 25.74923 32.93795 12.4509 22.26369 17.27336 11.536 22.26369 17.27336 11.536 22.26369 17.27336 11.536 21.68127 33.52036 14.2071 25.16682 40.98535 14.2071 25.16682 40.98535 14.2071 12.51646 17.27336 3.45964e-6 21.68127 33.52036 3.45964e-6 21.68127 33.52036 14.2071 21.68127 17.27336 14.2071 21.68127 40.98535 14.2071 3.522961 37.25286 17.1125 7.967461 31.29366 14.2071 7.967461 37.25286 17.1125 17.09886 37.25286 17.1125 17.09886 31.29366 14.2071 12.51646 37.25286 17.1125 -1.163938 37.25286 17.1125 -1.163938 37.25286 17.1125 18.69976 25.36636 17.1125 17.09886 31.29366 14.2071 3.522961 26.95475 14.2071 3.522961 26.95475 14.2071 2.272461 26.42946 14.2071 1.021961 26.42946 14.2071 -3.349836 26.95475 14.2071 -4.600336 26.95475 14.2071 -5.850737 26.95475 14.2071 -5.850737 31.29366 14.2071 -5.850737 37.25286 17.1125 -5.850737 41.69075 14.2071 -5.850737 42.28595 14.2071 -5.850737 42.28595 14.2071 -5.850737 42.28595 14.2071 -5.850737 42.28595 14.2071 3.522961 42.28595 14.2071 3.522961 31.29366 14.2071 12.51646 25.36636 14.2071 12.51646 37.25286 17.1125 -5.850737 37.25286 17.1125 -21.33834 41.66375 14.2071 -25.74924 41.66375 14.2071 -5.850737 24.78875 14.2071 -25.74924 24.78875 17.1125 -21.33834 12.32455 17.1125 -21.33834 25.84696 12.4437 -3.467237 26.37236 12.4437 -4.717638 26.37236 12.4437 -4.717638 26.37236 12.4437 -4.717638 25.84696 12.4437 1.13936 26.37236 12.4437 2.38986 26.37236 12.4437 2.38986 26.37236 12.4437 4.10536 26.37236 12.4437 4.10536 26.37236 12.4437 4.10536 26.37236 12.4437 -6.433138 26.37236 12.4437 -6.433138 26.37236 12.4437 -6.433138 26.37236 12.4437 -6.433138 26.37236 13.3586 -4.717638 26.37236 13.3586 -4.717638 26.37236 13.3586 4.10536 26.37236 13.3586 4.10536 26.42946 13.3586 -3.349836 26.42946 13.3586 1.021961 26.95475 13.3586 2.272461 26.95475 13.3586 3.522961 30.71116 13.3586 4.10536 30.71116 13.3586 4.10536 30.71116 12.4437 4.10536 30.71116 12.4437 4.10536 26.95475 12.4437 3.522961 26.42946 12.4437 1.021961 26.95475 12.4437 2.272461 26.42946 12.4437 -3.349836 26.95475 12.4437 -4.600336 26.95475 12.4437 -5.850737 30.71116 12.4437 -6.433138 30.71116 12.4437 -6.433138 30.71116 12.6263 -6.433138 30.71116 12.6263 -6.433138 26.37236 13.3586 -6.433138 26.37236 13.3586 -6.433138 26.37236 13.3586 -6.433138 30.71116 13.176 -6.433138 30.71116 13.176 -6.433138 30.71116 12.4437 -15.39934 30.71116 13.3586 -6.433138 30.71116 13.3586 -6.433138 30.71116 13.3586 -15.39934 9.087258 13.3586 -15.39934 9.087258 13.3586 -15.98174 31.29366 13.3586 -15.98174 26.95475 13.3586 -5.850737 26.95475 13.3586 -4.600336 31.29366 13.3586 -5.850737 9.087258 12.4437 -15.39934 9.087258 12.4437 -15.98174 31.29366 12.4437 -15.98174 31.29366 12.4437 -5.850737 30.71116 13.176 -6.344336 31.04656 13.176 -6.433138 31.04656 12.6263 -6.433138 30.71116 12.6263 -6.344336 31.29366 12.4437 3.522961 31.29366 12.4437 12.51646 30.71116 12.4437 11.93406 20.48296 12.4437 12.51646 20.48296 12.4437 11.93406 20.48296 13.3586 11.93406 30.71116 13.3586 11.93406 31.29366 13.3586 3.522961 31.29366 13.3586 12.51646 20.48296 13.3586 12.51646 41.66375 14.2071 12.51646 41.66375 14.2071 3.522961 40.98535 14.2071 3.522961 42.24616 12.4509 13.09886 42.24616 12.4509 13.09886 42.24616 11.536 13.09886 42.24616 11.536 13.09886 42.24616 11.536 13.09886 42.24616 12.4509 4.10536 42.24616 12.4509 4.10536 40.98535 12.4509 13.09886 42.86836 12.4509 4.10536 42.86836 11.536 4.10536 42.86836 11.536 4.10536 42.24616 11.536 4.10536 42.24616 11.536 4.10536 42.24616 11.536 4.10536 42.28595 11.536 3.522961 41.66375 11.536 3.522961 41.66375 11.536 12.51646 40.98535 11.536 13.09886 40.98535 11.536 13.09886 40.98535 11.536 12.51646 42.28595 11.536 -5.850737 42.86836 11.536 -6.433138 42.86836 11.536 -6.433138 42.24616 11.536 -6.433138 42.24616 11.536 -6.433138 42.24616 11.536 -6.433138 42.86836 12.4509 -6.433138 42.24616 12.4509 -6.433138 42.24616 12.4509 -6.433138 41.66375 12.4509 -5.850737 42.24616 12.4509 -25.72904 41.66375 12.4509 -25.14654 41.66375 11.536 -25.14654 41.66375 11.536 -25.14654 41.66375 11.536 -5.850737 41.66375 11.536 -5.850737 42.24616 11.536 -25.72904 42.24616 11.536 -25.72904 9.087258 11.536 -25.72904 9.087258 11.536 -25.14654 31.29366 3.45964e-6 -5.850737 31.29366 3.45964e-6 -15.98174 31.29366 14.2071 -5.850737 31.29366 14.2071 -15.98174 12.32455 3.45964e-6 -15.98174 31.29366 3.45964e-6 -15.98174 31.29366 14.2071 -15.98174 12.32455 14.2071 -15.98174 26.95475 3.45964e-6 -4.600336 26.95475 14.2071 -4.600336 26.95475 3.45964e-6 -5.850737 42.28595 3.45964e-6 3.522961 42.28595 3.45964e-6 -5.850737 42.28595 3.45964e-6 -5.850737 41.66375 3.45964e-6 -5.850737 41.66375 14.2071 -5.850737</float_array>
          <technique_common>
            <accessor source="#DniprovskaPolitehnika_poli_h_poli_l_l_002-mesh-positions-array" count="4687" stride="3">
              <param name="X" type="float"/>
              <param name="Y" type="float"/>
              <param name="Z" type="float"/>
            </accessor>
          </technique_common>
        </source>
        <source id="DniprovskaPolitehnika_poli_h_poli_l_l_002-mesh-normals">
          <float_array id="DniprovskaPolitehnika_poli_h_poli_l_l_002-mesh-normals-array" count="7419">0 0 1 0.07840216 -0.8043739 -0.5889278 0.07842391 -0.8043537 -0.5889524 0 0 -1 0.9893212 0.06595575 0.1299753 0.9893267 0.06591045 0.1299565 -0.7775527 0.1983223 0.5967246 -0.7775456 0.1986688 0.5966186 0.5535682 -0.6448001 0.5270628 0.5539121 -0.6443219 0.5272863 0.1223962 0.3395306 0.9325976 0.122413 0.3394621 0.9326204 0.7018211 0.7123532 0 0 0.3535251 -0.9354251 -0.701821 0.7123535 0 -0.130185 -0.06613087 -0.9892819 -0.1300936 -0.06576043 -0.9893186 0.9207435 -0.08185732 -0.3814852 0.9207201 -0.08201664 -0.3815072 1 0 0 -1 0 0 -0.9056119 0.1982659 0.3749102 -0.9056577 0.1978304 0.3750297 0.07834607 -0.8045133 0.5887447 0.07842504 -0.8043609 0.5889424 0.9056634 -0.1978592 0.3750008 0.9056178 -0.1983347 0.3748599 0.9961266 0.08463293 -0.0238555 0.9961624 0.08419227 -0.02392029 0 1 0 0.9480777 0.02446174 0.3170967 0.9481279 0.02446645 0.3169466 -0.5373622 -0.8432526 0.01292002 -0.5398184 -0.8416852 0.01273775 0.9219232 -0.06544125 0.3818051 0.9219415 -0.06590908 0.3816803 -0.5189187 0.08250921 -0.8508324 -0.5185458 0.08494025 -0.8508206 -0.6871935 -0.08707469 0.7212372 -0.6876 -0.0840578 0.7212078 0.7046688 0.6467747 -0.291761 0.7035102 0.6480842 -0.2916508 -0.3677078 0.6424943 0.6723036 -0.3677687 0.6423519 0.6724063 0.8967614 -0.4425144 0 -0.9593632 -6.21688e-4 0.2821734 -0.959362 -6.02309e-4 0.2821781 -0.3909766 -0.8411684 -0.3735949 -0.3906549 -0.841462 -0.37327 -0.1364342 -0.9800984 0.1441977 -0.1370455 -0.9799348 0.1447281 0.195349 -0.979601 0.04712516 0.1953315 -0.9796052 0.04710966 -0.8481227 0.257908 -0.4627867 -0.8486011 0.2552232 -0.4633976 0.2597017 -0.8413701 -0.4739744 0.2592084 -0.8419343 -0.4732418 -0.8066534 0.4875673 -0.3340485 -0.8056778 0.4898356 -0.3330833 0.9687055 -0.07947409 0.2351456 0.9684761 -0.08401811 0.2345102 -0.2272362 -0.2590366 0.9387565 -0.227426 -0.2580507 0.9389821 -0.1166756 -0.4394574 -0.8906537 -0.1168414 -0.4413525 -0.8896943 0.4304108 0.839781 0.3309298 0.4281299 0.8418605 0.3285968 0.7615904 -0.6402251 0.1004583 0.7591169 -0.6432902 0.09959554 -0.9266735 -0.2589478 0.2724377 -0.9259619 -0.2621073 0.271835 0.1258457 0.2570762 0.9581622 0.1257364 0.2558217 0.9585122 0.9914525 0.001115322 0.1304642 0.9913552 0 0.1312054 -0.4773904 -0.08417063 0.8746506 -0.4773647 -0.08436411 0.8746461 0.8746822 0.08419668 0.477328 0.8746498 0.08527529 0.4771957 -0.1002552 0.6464582 0.7563337 -0.1002805 0.6465609 0.7562426 -0.8053286 -0.4901462 -0.3334705 -0.8062169 -0.4880712 -0.3343664 0.7213095 -0.08172565 0.6877744 0.7214069 -0.0852651 0.6872423 -0.3598928 -0.3390388 0.8692122 -0.3596739 -0.3396244 0.8690742 -0.7935874 -4.46746e-4 0.6084561 -0.7932075 -9.03511e-4 0.6089507 -0.9562624 0.08103877 0.2810605 -0.9560884 0.08456945 0.2806121 -4.8391e-4 0 0.9999999 0.001442372 -4.38657e-4 0.9999989 -4.87656e-4 0 0.9999999 4.884e-4 0 1 1.22489e-4 0 1 2.42542e-4 0 1 -4.80682e-4 0 0.9999999 -0.001462578 -4.44449e-4 0.9999989 4.88639e-4 0 1 -1.22549e-4 0 1 3.85023e-4 -2.13129e-4 1 -3.19939e-5 0 1 1.28669e-4 0 1 -3.85282e-4 -2.13931e-4 1 -7.91844e-5 -4.51333e-5 1 -4.021e-6 -9.00763e-5 1 2.63931e-5 -4.50063e-5 1 0.5876808 0.2582232 0.7667804 0.5882832 0.2559241 0.7670891 0.9961655 -0.08415251 -0.02392953 0.9961299 -0.08459216 -0.02386504 0.7642245 0.4458515 -0.4660229 0.7655379 0.4422153 -0.4673303 -0.5529407 -0.6447752 -0.5277515 -0.5527569 -0.644975 -0.5276998 0.2009541 -0.9795884 -0.004916787 0.2011719 -0.9795438 -0.004899024 -0.6522298 -0.6449537 0.3982851 -0.6540824 -0.6425555 0.3991224 0.1930968 0.9800435 0.0472052 0.1931625 0.9800301 0.04721552 0.1005546 -0.6414303 -0.7605629 0.1005696 -0.6417222 -0.7603148 0.07032883 0.8393893 -0.5389614 0.07032042 0.8395564 -0.5387024 -9.90397e-4 0.9999996 9.90787e-5 -0.001088559 0.9999994 0 0 0.8445513 -0.5354747 0 0.8445512 -0.5354748 0 1 4.08148e-6 0 1 3.94208e-6 0 1 -2.4638e-6 0 1 -8.41812e-7 -0.1305574 -7.27145e-5 0.9914408 -0.130509 -7.79561e-5 0.9914472 0.3752133 -0.1992256 0.9052758 0.3752141 -0.1994298 0.9052304 -0.5029242 -0.2566459 -0.8253486 -0.5029508 -0.2573665 -0.825108 0 -1 0 9.89357e-4 -0.9999982 0.001673042 0.001124322 -0.9999987 -0.001215934 8.35684e-4 -0.9999997 -1.56956e-4 9.25129e-4 -0.9999996 -2.52957e-4 0.6064286 -0.08514344 0.7905663 0.6068552 -0.08261001 0.7905077 -0.2151293 -0.6437702 -0.7343565 -0.2147797 -0.6448581 -0.7335036 0.6070606 0.6434958 -0.4662517 0.608181 0.6421008 -0.4667146 -0.709679 -0.6401354 0.2942491 -0.7077903 -0.6423521 0.2939674 -0.4658208 -0.6433672 -0.6075276 -0.4666259 -0.6410105 -0.609398 9.89518e-4 -0.9999983 -0.001645624 0.001124322 -0.9999987 0.00122714 9.25106e-4 -0.9999997 2.52946e-4 8.35657e-4 -0.9999997 1.56947e-4 0.2073862 0.8394812 0.5022573 0.2050608 0.8424155 0.4982834 0.5412601 -0.8407567 -0.01287722 0.5389932 -0.8422089 -0.01306825 -0.4382376 0.8988592 0 -0.4382377 0.8988592 0 -0.9892515 -0.0660268 0.1304688 -0.9891704 -0.06822031 0.1299543 -0.6924523 0.4887269 -0.5307126 -0.6927687 0.4876732 -0.5312687 -0.8690563 -0.3389618 -0.3603419 -0.8688359 -0.3398317 -0.3600538 -0.572151 -0.340062 -0.746325 -0.5721544 -0.3396224 -0.7465226 -0.3827763 -4.18244e-4 -0.923841 -0.3827283 -4.17782e-4 -0.9238608 -0.07852488 0.9791021 -0.1875979 -0.07844603 0.9791148 -0.1875649 0.9658132 -0.2592391 0 0.9658004 -0.2592872 0 -0.6702939 -0.6453838 -0.3663141 -0.6705812 -0.6450118 -0.3664434 0.9323838 0.3400254 -0.1226514 0.9319999 0.3411926 -0.1223275 -0.2011479 0.979203 0.02647697 -0.2012472 0.9791828 0.02647203 0.666538 0.2572761 -0.6996687 0.6663746 0.2591653 -0.6991268 -0.207094 -0.8401922 0.5011879 -0.2076061 -0.8388576 0.5032075 0.5483228 0.8047433 -0.2274431 0.548837 0.8043727 -0.2275138 0.6524517 -0.6450006 -0.3978456 0.6554887 -0.6411178 -0.3991272 -0.2280614 0.804317 -0.5486915 -0.2282653 0.8040839 -0.5489481 -0.9914536 -5.612e-4 -0.1304591 -0.9914537 -5.612e-4 -0.1304582 0.5305825 0.4890036 -0.6923567 0.5312329 0.4877684 -0.6927291 0.4288042 0.4443679 -0.7865521 0.4289565 0.4432743 -0.7870859 -0.8057586 0.4896296 0.3331908 -0.8066645 0.487506 0.3341113 0.988169 0.08186829 -0.1296911 0.9880086 0.08345711 -0.1298995 -0.8506619 -0.08740901 0.5183957 -0.8507161 -0.08160167 0.5192527 -0.6664689 0.2606613 0.6984804 -0.6670033 0.2556927 0.6998056 -0.3983128 0.6449748 -0.652192 -0.3984807 0.6446469 -0.6524137 -0.60727 0.06614571 -0.7917373 -0.607634 0.0644682 -0.7915964 -0.1280507 0.1995787 -0.971479 -0.1280986 0.1997214 -0.9714433 -0.9914661 -7.69999e-4 0.1303634 -0.9914689 -7.70797e-4 0.1303414 -0.9656424 0.2598745 2.58273e-5 -0.9658379 0.259147 0 -0.4312815 0.8397079 -0.3299807 -0.4321119 0.8389263 -0.3308808 0.6142493 0.7891122 0 0.9595385 0.001233458 -0.2815749 0.9593697 6.21728e-4 -0.2821518 -0.9964675 0.08397972 0 -0.9964573 0.08410137 8.14515e-6 0.2279629 -0.2577486 -0.9389348 0.2279245 -0.2579764 -0.9388816 0.005787551 -0.9799835 0.1989947 0.005821287 -0.9799191 0.1993107 0.1050223 -0.9797601 0.1704128 0.1045176 -0.9799414 0.1696797 -0.2520086 -0.4445357 -0.8595812 -0.2519843 -0.443905 -0.8599141 0.1513034 0.841953 0.5179021 0.151458 0.8415889 0.5184482 -0.8041006 0.5944933 4.6411e-5 -0.8041451 0.5944333 4.02959e-5 -0.1691519 -0.9801272 0.103626 -0.16912 -0.9801306 0.1036462 0.3812373 0.08483827 -0.9205762 0.3812599 0.08410227 -0.9206344 0.3625265 -0.8040878 0.4711872 0.3625257 -0.8040797 0.4712016 -0.5305505 -0.4888791 -0.6924691 -0.5305019 -0.4892045 -0.6922764 -0.5186899 -0.08454453 -0.850772 -0.5187172 -0.08509427 -0.8507006 -0.2931414 -0.6413871 0.709007 -0.2929505 -0.6427738 0.707829 0.05523359 0.9799425 0.1914734 0.0552411 0.9799227 0.1915726 -0.4658272 -0.4450997 -0.7647818 -0.4658101 -0.4454165 -0.7646079 -0.01898372 0.643925 -0.7648531 -0.01897078 0.6439142 -0.7648625 0.4741615 -0.8417029 0.2582772 0.4755913 -0.8407059 0.2588952 0 5.17571e-5 -1 1.45285e-6 5.17572e-5 -1 -0.9217779 -0.06804329 -0.3817009 -0.9217762 -0.06759363 -0.3817853 -0.1619265 0.9790691 0.1233032 -0.1619375 0.9790593 0.1233658 0.09967368 0.6416673 -0.7604791 0.09966135 0.6418406 -0.7603343 0.1532352 -0.8413783 0.518268 0.1530885 -0.8416205 0.5179179 -0.9914522 -5.61246e-4 0.130469 -0.9914529 -5.61223e-4 0.1304645 -0.02386587 4.55297e-5 -0.9997153 -0.02394938 3.03612e-5 -0.9997132 -0.7667848 0.257241 0.5881055 -0.7667036 0.2573143 0.5881793 -0.9323512 -0.3400942 -0.1227081 -0.9327038 -0.3390187 -0.123004 -0.3819112 -0.0659126 -0.9218456 -0.3817788 -0.06656491 -0.9218536 0.1885015 -0.9790207 -0.07736736 0.1889045 -0.9789382 -0.07742941 -0.1023778 -0.9801891 -0.1695531 -0.1032248 -0.9798082 -0.1712324 0.7656962 -0.6429424 -0.01828998 0.7662845 -0.6422434 -0.01820921 0.4773932 0.08467459 -0.8746005 0.4773991 0.08428138 -0.8746353 -0.4721755 0.803922 -0.3616074 -0.4714003 0.8045428 -0.361238 0.2356383 3.64327e-4 -0.9718408 0.235621 3.80369e-4 -0.971845 0.2821956 -0.8411126 0.4614058 0.2821875 -0.84109 0.4614521 -1.89887e-6 0 -1 -0.3658182 -0.6442847 0.6716207 -0.36647 -0.6429483 0.6725453 0.4311901 -0.8396367 0.330281 0.4302519 -0.8404383 0.3294645 -0.8249374 0.2573564 0.5032356 -0.8242946 0.2611417 0.5023381 -0.2719538 -0.2579398 -0.9270967 -0.2719432 -0.2586393 -0.9269049 0.4711395 -0.8047745 0.3610618 0.4721744 -0.8039395 0.36157 -0.7616924 -0.6401042 -0.1004554 -0.7589607 -0.6434858 -0.09952312 0.5030522 0.2565671 0.825295 0.5022572 0.2598869 0.8247404 -0.6919274 -0.4890557 0.5310942 -0.6922271 -0.4880813 0.5315998 -0.7935718 0 0.6084768 -0.7932201 -8.76107e-4 0.6089344 0.9378992 0.2620921 0.2272727 0.9388862 0.2578747 0.2280206 0.0767036 0.8043448 0.589191 0.07666993 0.8044237 0.5890877 -0.8589035 0.4459193 0.251875 -0.8605008 0.4423246 0.2527598 -0.3718546 -0.8419263 0.3910042 -0.3713753 -0.8423358 0.3905777 1.77592e-4 -0.1698604 -0.9854682 1.78123e-4 -0.1698585 -0.9854685 0.8967578 -0.4419889 -0.02171194 0.8955425 -0.4444614 -0.02139514 -0.4741113 0.8417451 -0.2582317 -0.4757338 0.8406072 -0.2589536 0.4775286 -0.0843175 -0.8745611 0.4774973 -0.08430165 -0.8745797 0.4302908 0.8397959 -0.3310481 0.4315442 0.8388741 -0.331753 -0.381286 -0.0848177 0.920558 -0.3811319 -0.08379513 0.9207155 0.9656603 0.2587721 -0.02317607 0.9647755 0.2620895 -0.0227465 0.4605031 -0.8421373 -0.2806099 0.4640545 -0.8396377 -0.2822448 0.5187526 0.08450537 0.8507376 0.5186665 0.08523732 0.8507171 0.001053571 -0.9999994 2.00475e-4 5.40416e-4 -1 -6.2028e-5 0.001050412 -0.9999994 4.37961e-4 -0.0948165 -0.9799057 0.1754844 -0.09437221 -0.9800825 0.174735 0.9881355 -0.08191549 0.1299164 0.9880361 -0.08345425 0.1296921 -0.7931979 -4.56959e-4 -0.6089638 -0.7935314 -9.03987e-4 -0.6085288 0.5487831 0.8043823 0.2276102 0.5483054 0.804733 0.2275215 -0.1766542 0.9796074 -0.09572279 -0.1762505 0.9796992 -0.09552633 0.102865 0.9799824 0.1704509 0.1027091 0.9800434 0.1701934 -0.1901125 -0.980158 0.05610293 -0.1909881 -0.9799771 0.05628883 0.9893289 -0.065876 -0.1299564 0.9894063 -0.06364494 -0.1304786 -0.968478 0.08392041 -0.2345375 -0.9684522 0.08442312 -0.2344636 0.7353218 0.6424379 -0.2158134 0.7332659 0.6448783 -0.2155298 -0.9922118 -0.1245623 -8.70657e-6 -0.9922103 -0.1245749 -8.60074e-6 0.9913566 0 -0.131195 0.9914532 0.001075446 -0.1304591 0.5030549 -0.257215 0.8250916 0.5030146 -0.2589344 0.8245783 0.07868957 -0.9789858 0.1881355 0.07873302 -0.9789813 0.1881403 0.7916128 -0.06553077 0.6074991 0.7916666 -0.06618458 0.6073579 -9.82172e-4 0.9999996 1.28885e-4 -9.72186e-4 0.9999995 8.3387e-5 -0.001265466 0.9999992 1.6642e-4 -0.001073062 0.9999995 1.65752e-4 -0.001073837 0.9999995 1.29086e-4 -9.9887e-4 0.9999995 2.02974e-4 -9.74111e-4 0.9999996 1.19953e-4 -9.83723e-4 0.9999996 8.85562e-5 -8.06838e-4 0.9999997 -1.84108e-5 -0.001249551 0.9999992 3.13641e-4 -0.001065194 0.9999994 3.68603e-4 -0.001007497 0.9999995 1.66021e-4 -0.001027166 0.9999995 7.7078e-5 -0.00104767 0.9999995 7.27901e-5 -0.001063346 0.9999995 3.88413e-5 -0.001022279 0.9999995 8.13738e-5 -0.001102149 0.9999994 1.01961e-4 -0.00103724 0.9999995 9.22312e-5 -0.001040995 0.9999995 7.80966e-5 -0.001058995 0.9999995 6.9096e-5 -0.001044154 0.9999995 5.70816e-5 -0.001052141 0.9999995 7.7113e-5 -0.5172658 0.8422731 0.1516975 -0.5173696 0.8422032 0.1517324 -0.4460331 0.02345681 -0.894709 -0.445914 0.02345889 -0.8947685 -0.17941 -0.6447274 0.7430604 -0.1797769 -0.6435543 0.743988 0.5007863 -0.840517 -0.2067468 0.502134 -0.8396198 -0.2071233 -0.1300222 -0.08376234 0.9879667 -0.1299483 -0.08425563 0.9879345 0.6873829 -0.0841341 -0.7214058 0.6875118 -0.08315706 -0.7213962 -0.1748481 -0.9799042 -0.09599959 -0.1743093 -0.9800252 -0.09574419 0.1922724 -0.9797255 -0.0562976 0.1931214 -0.9795492 -0.05645978 -0.5247689 0.8416952 -0.1271489 -0.5262255 0.840754 -0.1273567 0.7906629 0.08180791 -0.6067616 0.7907295 0.08518654 -0.6062096 -0.5963484 -0.2007231 0.7772252 -0.5962394 -0.1990938 0.7777277 0.712871 0.4390086 -0.5468879 0.711651 0.4415963 -0.5463933 0.824927 -0.2574375 -0.5032113 0.8243135 -0.2610961 -0.5023307 0.4987655 0.841724 0.2067213 0.5016743 0.839575 0.2084148 -0.6087512 -3.53159e-4 0.7933613 -0.6087644 -4.57373e-4 0.7933511 -0.6090734 -6.57574e-4 0.7931137 0.4670124 -0.4432567 0.7651294 0.4671244 -0.4427477 0.7653557 0.3820871 -0.06568622 -0.9217889 0.3819182 -0.06502223 -0.9219061 0.07206666 -0.8395954 0.5384106 0.07211118 -0.8395462 0.5384815 0.9914694 7.62438e-4 0.1303382 0.9914659 7.54658e-4 0.1303645 -0.09895157 -0.6466287 -0.7563598 -0.09885174 -0.6468818 -0.7561563 -0.1049262 0.9797762 -0.1703792 -0.1049618 0.9797706 -0.1703899 -0.2821602 0.8411186 -0.4614165 -0.2824636 0.84082 -0.461775 -0.1947423 -0.9805194 0.02563786 -0.1947291 -0.9805226 0.02561753 0.8683727 0.3410828 -0.3599882 0.8686475 0.3399354 -0.3604103 -0.607108 -0.06756776 -0.7917416 -0.6074586 -0.06592196 -0.7916113 0.7051239 -0.6461855 -0.2919671 0.7055568 -0.6457066 -0.2919805 -0.9878119 0.08579373 -0.1298742 -0.9879608 0.08344173 -0.1302727 -0.7331401 -0.6450231 0.2155246 -0.7353399 -0.6424193 0.2158071 -0.3814125 0.08481293 -0.9205061 -0.381371 0.08416455 -0.9205827 -0.6900071 -4.87588e-4 0.7238025 -0.6899602 -4.85784e-4 0.7238472 -0.07211285 0.839538 -0.5384939 -0.07213217 0.8394199 -0.5386755 0.09920161 0.6416429 0.7605614 0.09989315 0.6391054 0.7626046 0.7644032 -0.4459701 -0.4656161 0.7658714 -0.441879 -0.4671016 0.8583837 0.4469179 -0.2518769 0.860483 0.4421924 -0.2530515 0.9560813 -0.08470296 -0.2805959 0.9562438 -0.08110338 -0.2811052 7.3895e-4 -0.9999998 -1.58856e-4 0.001863002 -0.9999955 -0.002385437 5.58095e-4 -0.9999997 5.29352e-4 0 -1 -1.32303e-5 5.57814e-4 -0.9999998 -5.29577e-4 3.56783e-4 -0.9999949 -0.003180563 3.60114e-4 -0.9999952 0.003071188 0.00232619 -0.9999957 -0.001774072 0.002904832 -0.9999958 -3.96824e-4 0.002904951 -0.9999957 3.96866e-4 0.004629075 -0.999983 0.003546774 9.91278e-4 -0.9999994 7.25547e-4 0.001473844 -0.9999989 -3.97944e-4 0.001473724 -0.9999989 3.90935e-4 0.001187622 -0.9999994 1.39528e-5 1.98402e-4 -1 3.45564e-4 9.31797e-4 -0.9999996 -1.5359e-4 9.91237e-4 -0.9999995 -1.12237e-4 0.001187562 -0.9999993 2.28785e-4 9.89548e-4 -0.9999996 -1.12257e-4 9.8943e-4 -0.9999995 -1.15122e-4 -0.607243 0.06613993 0.7917585 -0.6076209 0.06447356 0.791606 -0.3921824 0.8408904 -0.3729564 -0.3926492 0.8404962 -0.3733537 0.01204997 0.8417257 0.539771 0.01204341 0.8416939 0.5398208 0.5885269 0.8047525 0.07752162 0.5876635 0.8053749 0.07760846 -0.9328522 0.3388497 -0.1223431 -0.9332501 0.337632 -0.1226748 -0.7065442 0.6445811 0.2920796 -0.7055071 0.645758 0.291987 0.9999999 5.44285e-4 0 1 5.4082e-4 0 -0.1164847 -0.4414039 0.8897157 -0.1164997 -0.4418659 0.8894844 0.7487552 0.02432179 -0.6624003 0.7483593 0.0243135 -0.6628478 -0.09888494 -0.6466434 0.7563558 -0.09874898 -0.6468701 0.7561797 -0.1999595 0.9798042 0 -0.1999442 0.9798074 0 -0.1532173 0.8413771 -0.5182752 -0.1530788 0.8417142 -0.5177685 -0.8927694 0.2575705 0.369622 -0.8933727 0.2555509 0.3695663 -0.4274762 -0.8424764 0.3278682 -0.4298487 -0.8403381 0.3302453 0.7113014 -0.4434334 0.5453597 0.7124825 -0.440909 0.5458645 0.8686702 0.3398208 0.3604635 0.8683726 0.3410627 0.3600073 -0.8953317 -0.4448992 0.02111905 -0.8943855 -0.4467877 0.02134215 0.4297562 -0.4437778 -0.7863658 0.4292752 -0.4452711 -0.7857841 0.8882922 0.4442504 0.1165281 0.8901659 0.4402496 0.1174101 -0.3335226 -0.4891402 0.8059186 -0.333515 -0.4889208 0.8060547 0.46304 -0.2576984 -0.8480482 0.4633122 -0.2565392 -0.8482508 0.8746957 -0.08523094 0.4771198 0.8748054 -0.07987159 0.4778454 2.75737e-4 -0.2625262 -0.9649249 2.78201e-4 -0.2625149 -0.9649279 0.8061935 0.4881528 0.3343039 0.8053669 0.4900671 0.3334943 -0.9647132 -0.262283 0.02315378 -0.9656518 -0.2588388 0.02278947 -0.6990433 -0.2592129 -0.6664438 -0.6994234 -0.2559782 -0.6672946 -0.7588849 0.6434853 0.1001029 -0.7618087 0.6400449 0.09995055 0.933342 -0.3374745 0.1224079 0.9328048 -0.3388684 0.1226511 -0.1277015 -0.1997863 -0.9714823 -0.1277621 -0.1995984 -0.971513 0.2281622 -0.8042337 0.5487717 0.2280191 -0.8044264 0.5485485 0.3703899 0.843266 -0.3895047 0.3718392 0.8420584 -0.3907344 -0.3974671 -0.6444897 -0.6531869 -0.3971503 -0.6454321 -0.6524486 -0.9880074 -0.08345395 -0.1299104 -0.9877194 -0.08622765 -0.1302894 0.1987634 0.980036 -0.004744946 0.1990665 0.9799746 -0.004725456 0.09484094 0.9799019 -0.1754923 0.09436678 0.9800722 -0.1747955 -0.9219216 0 -0.3873769 0.01380366 -0.8416242 0.5398871 0.01380842 -0.8415852 0.539948 0.7933786 5.81295e-4 0.6087282 0.7933636 5.76119e-4 0.608748 0.3597533 0.3397499 0.8689923 0.3594842 0.3405476 0.8687914 -0.1002679 0.6465415 -0.7562609 -0.1002794 0.6466143 -0.7561971 -0.5282578 -0.6429382 0.5545938 -0.5272263 -0.6444653 0.5538023 0.1002867 -0.6465357 -0.7562633 0.1002783 -0.6465963 -0.7562127 -0.4604874 -0.8419885 0.2810816 -0.4595565 -0.8426471 0.2806308 0.95857 0.2555685 -0.1258111 0.957408 0.2596697 -0.1262601 -0.9891678 -0.06826573 -0.1299503 -0.9892578 -0.06590586 -0.1304815 -0.6921966 -0.488073 -0.531647 -0.691936 -0.4889501 -0.5311803 0.6540183 0.6426628 -0.3990548 0.6523596 0.6447733 -0.3983647 0.7130581 0.4389551 0.5466869 0.7108349 0.4435979 0.545834 -0.7557539 0.6471985 0.09985077 -0.7582086 0.6443799 0.09946972 -0.9237675 -0.001059234 -0.3829525 -0.9240251 -5.19722e-4 -0.3823317 -0.9560785 -0.08460742 0.2806342 -0.9562422 -0.08113795 0.2811004 -0.5027734 0.2593802 -0.8245853 -0.5032746 0.2572162 -0.8249573 0.7239927 8.9403e-4 0.6898072 0.7236693 4.18892e-4 0.6901469 9.91536e-4 -0.9999981 0.001728236 0.001127421 -0.9999987 -0.001249849 8.35635e-4 -0.9999997 -1.56943e-4 9.25114e-4 -0.9999997 -2.44226e-4 0.6121107 -0.6369128 -0.4686818 0.6091796 -0.6407808 -0.4672262 0.467956 -0.640424 -0.6089945 0.4685805 -0.6386835 -0.6103407 0.1557037 0.9804307 -0.1204662 0.1559864 0.9803595 -0.1206789 -0.5384921 -0.8396425 0.07090002 -0.5403258 -0.8384681 0.07084697 -0.7065498 0.6446248 -0.2919697 -0.7054308 0.6458988 -0.2918599 -0.4292712 -0.4433444 0.7868749 -0.4282492 -0.4464114 0.7856968 0.173729 0.9801564 0.0954557 0.1743292 0.9800273 0.09568655 -0.870585 -0.4444677 -0.2110221 -0.870452 -0.4447551 -0.2109649 -6.2516e-4 0.5947026 0.8039457 -6.27967e-4 0.5947168 0.8039351 -0.200964 0.9795864 0.004913687 -0.2011983 0.9795383 0.004908263 0.1372384 0.9798794 -0.1449204 0.1370581 0.9799234 -0.1447944 0.3813793 -0.08213859 0.9207623 0.3814527 -0.083162 0.9206399 -0.1281076 0.1995383 0.9714798 -0.1281025 0.1995053 0.9714872 0.7916892 -0.06618469 -0.6073285 0.7916036 -0.06552875 -0.607511 0.5375311 -0.8402602 -0.07087558 0.5387208 -0.839495 -0.0709092 0.5282825 0.6429368 -0.5545718 0.5269196 0.6449241 -0.5535601 -0.9914517 -0.00111407 0.1304695 -0.9914522 -0.00111407 0.1304665 -0.7119255 0.4411168 0.5464231 -0.7131679 0.4385048 0.5469051 0.5231953 0.8426505 0.1273063 0.5245379 0.8417932 0.127453 0.1619675 -0.9790543 -0.1233662 0.1570621 -0.9802111 -0.1204894 0.847655 -0.2592566 0.46289 0.8479366 -0.2577031 0.4632416 -0.4690713 0.6381425 0.6105295 -0.4678934 0.641346 0.6080717 -0.6554633 0.6411266 0.3991549 -0.6549869 0.6417459 0.3989415 -0.9914528 -0.00111407 -0.1304614 -0.9914538 -0.001153767 -0.130454 0.3977602 0.6441725 0.6533213 0.3970054 0.6455317 0.6524382 -0.2086488 0.8392768 -0.5020758 -0.2083693 0.8396086 -0.5016371 0.360998 0.804618 -0.4714555 0.3603565 0.8052228 -0.4709134 9.91643e-4 -0.999998 -0.001755654 0.001127362 -0.9999986 0.001227319 9.25096e-4 -0.9999997 2.48591e-4 8.35671e-4 -0.9999997 1.5695e-4 0.3656296 0.6446162 -0.6714053 0.3666355 0.6426967 -0.6726956 -0.3697769 -0.2559972 0.8931577 -0.3696019 -0.2568114 0.8929963 0.7917279 0.06740087 0.6071442 0.7916221 0.06618458 0.607416 0.9656538 0.2598322 0 -0.381132 -0.08379518 -0.9207153 -0.3812696 -0.08481174 -0.9205654 -0.4297801 0.443845 0.7863146 -0.4292153 0.4453583 0.7857673 0.02728843 -0.9790666 -0.2017024 0.02728664 -0.97904 -0.2018319 0.02281177 0.2582579 0.9658067 0.02279621 0.2582625 0.9658058 0.9964675 -0.08397948 -8.31718e-6 0.9964573 -0.08410048 0 0.2266147 0.8045702 0.5489196 0.2263032 0.8049367 0.5485105 2.40959e-6 -5.1757e-5 1 -4.53568e-6 -5.17569e-5 1 0.6072079 0.06610101 0.7917887 0.6071716 0.0659281 0.7918308 0.8286305 0.4420714 -0.3434303 0.8294145 0.4401358 -0.3440234 0.0238837 -4.58421e-5 0.9997148 0.02393913 -4.61951e-5 0.9997134 0.7906593 -0.08214944 -0.6067202 0.7907801 -0.08558207 -0.6060881 4.8187e-4 0 -0.9999999 -4.87775e-4 0 -0.9999999 -4.81695e-4 0 -0.9999999 1.27966e-4 0 -1 -1.28e-4 0 -1 -9.90393e-6 0 -1 -3.95472e-5 0 -1 3.96383e-5 0 -1 -0.5386765 0.8395459 -0.07064408 -0.5403836 0.8384067 -0.07113349 0.5880106 0.2559467 -0.7672906 0.5879043 0.2581833 -0.7666223 -0.965638 0.2588383 0.02337062 -0.9660582 0.257281 0.02319949 -0.1387131 0.9797178 0.1446092 -0.1383863 0.9798313 0.1441518 0.3981775 -0.6451974 0.6520546 0.3987026 -0.6442083 0.6527112 -0.9796161 0.02306044 0.1995512 -0.979732 0.02305305 0.198982 0.5520318 0.02417898 -0.8334724 0.551881 0.024181 -0.8335723 0.6063592 0.08476734 -0.7906599 0.6062719 0.08527952 -0.7906718 0.171283 -0.9797393 -0.1037946 0.1710696 -0.9797852 -0.1037122 -0.001051306 0.9999994 -2.96552e-4 -0.001052021 0.9999995 -3.72053e-4 -0.001051723 0.9999994 -3.53652e-4 -0.001051664 0.9999994 -4.02608e-4 -6.26152e-4 0.9999999 7.90627e-5 -0.001478493 0.999999 6.81844e-5 0.9240337 5.40178e-4 -0.3823106 0.9237517 0.001059293 -0.3829907 -0.708497 0.6420942 -0.2928262 -0.7097737 0.6402611 -0.2937467 -0.5403254 0.8384673 0.07086032 -0.53864 0.8395472 0.0709058 -0.8744237 -0.08515506 -0.4776317 -0.8743377 -0.08886808 -0.4771124 5.46803e-4 -0.9999999 -6.77206e-5 0.001296162 -0.9999992 -6.77366e-5 0.001159012 -0.9999994 -6.8836e-5 0.001306653 -0.9999992 -7.75551e-5 0.001047551 -0.9999995 -2.02586e-4 0.001052618 -0.9999995 1.47769e-4 0 -4.99437e-5 1 1.37884e-6 -4.99436e-5 1 2.49639e-6 0 1 -0.9658398 0.2591398 0 -0.9658397 0.2591406 0 -0.001087725 0.9999995 6.86904e-5 -0.001071572 0.9999995 7.07195e-5 -0.001043915 0.9999995 1.00944e-4 -0.001051783 0.9999995 5.14266e-5 0.7775303 -0.1988396 -0.5965817 0.7775354 -0.1985161 -0.5966827 -0.1301235 -0.06577533 0.9893137 -0.1301526 -0.06608688 0.9892891 -0.3827173 -2.18138e-4 0.9238656 -0.3826587 -2.18141e-4 0.9238899 -0.1513085 -0.8419869 -0.5178455 -0.1513642 -0.8417895 -0.5181499 0.1276676 0.1997177 -0.9715008 0.127644 0.1995924 -0.9715297 0.8031842 0.5957308 4.08149e-5 0.8032335 0.5956643 4.68788e-5 0.8032338 0.595664 4.50758e-5 0.8065952 -0.487631 -0.3340966 0.8065241 -0.4877934 -0.334031 0.9391043 -0.2576721 0.2273507 0.9391704 -0.2573693 0.2274209 0.001053214 -0.9999994 -5.16232e-4 0.001164436 -0.9999994 -7.16617e-5 0.00105077 -0.9999995 -2.91631e-4 8.53821e-4 -0.9999997 -7.78208e-5 0.9855995 -0.1690965 -1.20963e-5 0.9855988 -0.1691005 -1.08654e-5 0.9855908 -0.1691476 -1.34755e-5 0.001480996 -0.9999989 -7.07386e-5 0.001474618 -0.999999 -7.69263e-5 8.53626e-4 -0.9999997 -7.82502e-5 0.001051008 -0.9999994 -5.83261e-4 0.001052975 -0.9999995 -1.71482e-4 -0.9219586 0 -0.3872883 -0.9219587 0 -0.3872885 -0.9574057 -0.2600057 0.1255847 -0.9585348 -0.255374 0.1264719 -0.1931661 0.9795396 0.05647212 -0.1937038 0.9794272 0.05657827 0.3344021 -0.4880517 -0.8062139 0.3343883 -0.4879361 -0.8062897 0.4789732 3.68769e-4 -0.8778295 0.479213 6.8013e-4 -0.8776985 -0.8955661 -0.4449285 0 0.3819531 0.06591564 0.9218282 0.3817914 0.06657683 0.9218476 0.4710491 0.8043714 0.3620764 0.4707492 0.804609 0.3619388 9.50555e-4 -0.9999995 -7.37174e-5 0.00134772 -0.9999992 -7.15464e-5 0.001201212 -0.9999994 -7.497e-5 7.13723e-4 -0.9999998 -8.01825e-5 0.001053631 -0.9999994 -1.9955e-4 0.00105077 -0.9999994 -4.37643e-4 -0.07841557 0.8043777 -0.5889207 -0.07841598 0.8043898 -0.5889042 -0.9914648 -7.54953e-4 -0.1303724 -0.991468 -7.53041e-4 -0.1303488 0.766258 0.2586366 -0.5881803 0.7662721 0.2585536 -0.5881982 0.9962489 0.08653533 0 0.9962531 0.08648645 0 -0.9219587 0 0.3872885 -0.7665604 -0.2572057 0.5884134 -0.7664802 -0.2575908 0.5883496 0.128113 -0.1994796 0.9714912 0.1280272 -0.1997607 0.9714447 -0.1954434 0.979582 -0.04712808 -0.1953837 0.9795942 -0.04712158 0 0.898862 0.4382317 0 0.8988623 0.4382315 -0.4382377 0.8988592 0 -0.438237 0.8988596 0 0.0209437 0.4441428 0.8957112 0.02093935 0.4440582 0.8957533 -0.9717568 -6.02307e-4 -0.235984 -0.9717574 -6.06421e-4 -0.235982 -0.9999999 -5.44285e-4 0 -1 -5.4616e-4 0 0.1304295 7.78974e-5 0.9914577 0.130553 1.48025e-4 0.9914413 0.9714214 0.2001264 0.127632 0.971346 0.200565 0.1275181 0.1809793 -0.6433579 -0.7438664 0.1808463 -0.6438105 -0.7435071 0.001051783 -0.9999995 -7.03109e-5 0.001051783 -0.9999995 -7.03111e-5 1.33652e-4 -0.123328 -0.992366 1.283e-4 -0.1233131 -0.9923678 -0.8690212 0.3396101 0.3598154 -0.8692074 0.3388642 0.3600687 -0.9999998 -7.21449e-4 0 -0.08699202 0 -0.9962091 -0.9999998 -7.11142e-4 0 -0.0479682 0.9798513 0.1938831 -0.04827308 0.9796563 0.1947901 -0.6078669 -0.6422578 -0.4669079 -0.6087066 -0.6408845 -0.4677002 0.8640615 0.4902338 0.1143181 0.8654609 0.4878463 0.1139451 0.5723536 0.340016 -0.7461907 0.5718964 0.3411389 -0.7460287 0.5317444 -0.4875677 0.692478 0.5315505 -0.4886617 0.6918554 -0.2910839 -0.6472849 -0.7044803 -0.2913952 -0.6467844 -0.7048112 0.3811561 0.08414947 0.9206731 0.3812804 0.08483654 0.9205585 -0.1609885 -0.9790796 0.1244421 -0.1612073 -0.9790403 0.1244685 0.7558187 -0.647204 0.09932291 0.7567659 -0.6461215 0.09915876 0.6087694 0 0.7933472 0.6087585 0 0.7933556 0.5384682 0.839649 0.07100445 0.5374925 0.840295 0.07075476 0.4301531 -0.8404375 -0.3295956 0.4312979 -0.8395848 -0.3302718 0.3334583 0.4880996 -0.8065757 0.3334647 0.4892946 -0.8058487 1.81545e-4 -0.1699937 0.9854452 1.78834e-4 -0.1699931 0.9854453 -0.1243898 0.9790945 -0.1609389 -0.1244145 0.9790939 -0.1609232 -0.5884972 -0.2559603 -0.7669129 -0.5884422 -0.2569579 -0.7666215 0.9585619 -0.2555965 0.1258155 0.9586554 -0.2552635 0.1257793 -0.58851 -0.8047733 0.07743328 -0.5873814 -0.8055865 0.07754743 -0.3343208 0.4883503 -0.8060668 -0.3344516 0.4880068 -0.8062205 -0.06968396 -0.839657 -0.5386282 -0.06966602 -0.8397198 -0.5385327 0.9999998 7.15733e-4 0 0.9999998 7.16296e-4 0 -0.1009508 0.641732 0.7602559 -0.1008502 0.639094 0.7624882 -0.8707772 0.4441984 -0.2107959 -0.8708396 0.4440789 -0.2107899 -0.07672029 -0.8042482 -0.5893207 -0.07674837 -0.8044808 -0.5889996 -6.4164e-4 0.9999999 6.77687e-5 -0.001499593 0.9999989 7.87363e-5 -0.2913604 -0.6469583 0.704666 -0.2912008 -0.6472818 0.7044348 -0.605822 0.6459342 0.4644877 -0.6051644 0.6467247 0.4642449 -0.2807348 -0.0845161 -0.956057 -0.2807716 -0.08517539 -0.9559878 -0.9239628 -5.03765e-4 0.3824819 -0.9237514 -7.24604e-4 0.3829921 -0.9203656 -0.08602219 -0.3814805 -0.9203779 -0.08588719 -0.3814814 0.6063519 0.08474713 0.7906677 0.6063014 0.08529561 0.7906474 -0.1280683 0.8415716 0.5247434 -0.1280124 0.8417372 0.5244916 0.6059326 -0.6457648 -0.4645789 0.605368 -0.6464604 -0.4643477 0.3603079 0.8052312 0.4709362 0.3610016 0.804583 0.4715126 0.8537526 5.97812e-4 -0.5206785 0.854015 0.001127183 -0.5202473 0.3334968 0.4878967 0.8066826 0.3335123 0.4890085 0.8060026 0.9206837 0.08186161 0.3816285 0.9206848 0.08187419 0.3816233 0.4649797 -0.6463868 -0.6049613 0.4648065 -0.6466236 -0.6048412 -0.7666426 0.6418163 0.01819658 -0.7654882 0.6431885 0.01834404 0.9237461 6.86847e-4 0.383005 0.9237509 7.02871e-4 0.3829934 -0.8640969 -0.4903032 0.1137519 -0.8642708 -0.4900068 0.1137076 -9.94511e-4 0.9999996 -1.7438e-5 -0.001054286 0.9999995 3.48217e-5 -9.4364e-4 0.9999996 2.78329e-4 -0.0010553 0.9999995 9.06174e-5 -0.001054167 0.9999995 9.16943e-5 0.8945569 0.02441698 -0.4462869 0.8948482 0.02442967 -0.4457017 0.1208757 -0.9802672 -0.1564138 0.1209923 -0.9802358 -0.1565201 -0.4319417 0.8390303 0.3308393 -0.431276 0.8396738 0.3300742 0.8932402 -0.2554381 0.3699643 0.8937427 -0.2538034 0.3698754 -0.7046097 -0.646786 -0.2918787 -0.7036494 -0.6478785 -0.2917724 0.7651054 0.6436462 -0.01825863 0.7661823 0.6423678 -0.0181235 0.3819271 0.06660515 -0.9217893 0.3818063 0.06590396 -0.9218897 -0.3819458 0.06500655 -0.9218958 -0.3820691 0.06565308 -0.9217988 0.5461193 -0.442336 -0.7114019 0.5464075 -0.4411254 -0.711932 -0.3343926 0.4877058 0.8064272 -0.3343779 0.4881507 0.806164 0.8690097 -0.3396554 -0.3598003 0.8692357 -0.3387528 -0.3601053 -0.8689844 0.3397648 -0.3597584 -0.8692216 0.3388443 -0.3600536 -0.3814055 0.08481973 0.9205084 -0.381366 0.08415466 0.9205857 -0.7915888 0.06555497 0.6075277 -0.7916834 0.06626057 0.6073276 0.2151197 0.6438205 0.7343152 0.2147589 0.6449159 0.7334589 0.07671403 0.8044209 -0.5890857 0.07666873 0.804485 -0.5890042 -0.3826067 -2.52832e-4 -0.9239113 -0.3828285 -1.4711e-4 -0.9238195 -0.2939479 0.6414912 0.7085787 -0.2939983 0.6416331 0.7084292 -0.1990736 -0.9799729 0.004789173 -0.1995322 -0.9798797 0.004761636 0.5051192 0.8630496 0 0.5051192 0.8630496 0 -0.1232318 -0.9791066 0.161754 -0.1233518 -0.9790413 0.1620569 -0.1304647 -1.55339e-4 0.9914529 -0.1305673 -1.21761e-4 0.9914395 0.8479855 0.2578886 0.4630487 0.8477128 0.2593339 0.4627407 -0.5459311 -0.4425028 -0.7114425 -0.5461987 -0.4412031 -0.7120441 -0.3694353 -0.2559767 -0.8933049 -0.3695434 -0.258423 -0.8925555 0.9713026 -0.2004364 0.1280496 0.9719349 -0.197698 0.127507 -0.8644453 0.4897069 0.1136724 -0.8656759 0.4873602 0.1143901 0.6474691 0.446222 0.6177942 0.6484131 0.4441136 0.6183234 -0.5317702 0.4873511 0.6926105 -0.5315676 0.4885466 0.6919235 -0.7933863 -3.81772e-4 -0.6087184 -0.7933613 -3.77463e-4 -0.6087511 0.9269864 0.257567 -0.2726824 0.9266887 0.2588232 -0.2725047 -0.3747645 -0.2001066 -0.9052674 -0.374745 -0.2001795 -0.9052594 -0.6088838 -2.71799e-4 -0.7932595 -0.6085251 -4.31546e-4 -0.7935345 0.746639 -0.3381807 -0.5728561 0.7464006 -0.3395982 -0.5723279 0.587589 0.8054383 -0.07751286 0.5885484 0.8047465 -0.07742118 0.1173922 -0.4413154 0.8896403 0.1174368 -0.4419119 0.8893383 -0.5873959 -0.8055671 -0.07763832 -0.588504 -0.8047682 -0.07753193 -0.3602954 -0.8052912 0.470843 -0.3611876 -0.8044727 0.4715583 -0.02282315 -0.2582618 -0.9658054 -0.02281421 -0.2582511 -0.9658085 0.5495414 -0.8039792 0.2272039 0.5484288 -0.8047975 0.2269957 0.6185148 0.4429966 -0.6489943 0.6174507 0.4454468 -0.64833 -0.1144004 0.4885209 -0.8650201 -0.1143978 0.4886552 -0.8649448 0.2579365 0.841908 -0.4739828 0.2578305 0.8420835 -0.473729 -0.1010259 0.6417385 -0.7602406 -0.1010434 0.6417576 -0.7602219 0.8065547 -0.4877933 0.3339571 0.8066568 -0.4875722 0.3340333 -0.7775234 0.1988469 -0.5965881 -0.7775266 0.1985429 -0.5966851 -0.3309302 -0.838622 -0.4326643 -0.3302533 -0.8395156 -0.4314467 -0.7664757 -0.2575929 -0.5883546 -0.7665604 -0.2572057 -0.5884134 -0.8778069 -5.24695e-4 -0.4790145 -0.8778084 -5.47706e-4 -0.4790117 0.6087518 6.85531e-4 0.7933605 0.6087515 6.96313e-4 0.7933608 -0.2809558 0.08424568 -0.956016 -0.2810445 0.08493399 -0.955929 0.1258814 0.2562143 -0.9583883 0.1257168 0.256995 -0.9582009 0.6040774 0.6477551 0.4642241 0.6046506 0.6470984 0.4643937 0.9881564 0.08202803 0.1296865 0.9880189 0.08331686 0.1299124 -0.5726904 0.3396096 -0.7461174 -0.5731147 0.338518 -0.7462875 0.9272171 -0.2573902 -0.2720637 0.9269612 -0.2585122 -0.2718724 -0.8950303 -0.4460057 0 -0.8956604 -0.4447389 -4.34641e-5 -0.791603 0.0655198 -0.6075128 -0.7916861 0.06628412 -0.6073217 0.2931094 0.6416836 -0.7087517 0.2935603 0.6387203 -0.7112375 0.8653958 0.4878459 -0.1144409 0.864113 0.4902911 -0.1136817 0.9558576 0.08582782 -0.2810159 0.9559113 0.08472895 -0.2811666 0.9217684 0.0676015 -0.3818026 0.9217316 0.06595599 -0.3821789 -0.1224046 -0.3391543 -0.9327334 -0.1224915 -0.3394542 -0.9326129 -0.3602508 0.3395567 -0.8688617 -0.360236 0.3395639 -0.8688651 -0.9237543 -6.86834e-4 -0.3829852 -0.9239587 -4.63765e-4 -0.382492 -0.5884197 0.2559131 -0.7669882 -0.588387 0.2570908 -0.7666192 0.7916303 0.06618398 -0.6074052 0.7917231 0.06738644 -0.6071521 0.8962268 0.4435961 4.36363e-5 0.8967635 0.4425103 0 0.5312486 0.4876109 0.6928279 0.5305966 0.4888682 0.6924415 0.7567314 -0.6461444 -0.09927326 0.755835 -0.6471691 -0.0994274 0.5728772 -0.339577 -0.7459888 0.5729226 -0.3384617 -0.7464606 0.869206 -0.338902 0.3600366 0.8690107 -0.3397061 0.3597502 0.4626607 0.2588645 -0.8478999 0.4623486 0.260206 -0.8476595 -0.001227736 0.9999994 1.74179e-5 -0.00119549 0.9999994 1.13201e-4 -0.001013278 0.9999995 7.79012e-5 -0.001148998 0.9999994 4.45326e-5 -0.001095294 0.9999994 6.88045e-5 -6.26484e-4 0.5948065 -0.8038688 -6.25267e-4 0.5948038 -0.8038707 0.6072034 0.06592136 -0.7918071 0.607177 0.06609523 -0.7918128 0.9658139 0.2592367 0 0.9658141 0.2592359 0 -0.7865514 0.4441302 -0.4290517 -0.7865233 0.4441877 -0.4290436 0.9237473 0 -0.3830028 0.9240267 0.001034557 -0.3823266 0.6040166 0.6479156 -0.4640792 0.6047329 0.6470583 -0.4643424 0.6072686 -0.06609666 0.7917424 0.60761 -0.06447911 0.7916139 0.9914534 0.001163244 -0.1304566 0.9913561 5.81587e-4 -0.1311971 -0.0702663 -0.8395907 0.5386558 -0.07028579 -0.8397674 0.5383779 0.991468 7.70055e-4 -0.1303492 0.9914649 7.76337e-4 -0.1303723 0.7035935 0.6479468 0.2917554 0.7046366 0.6467578 0.2918761 -0.9718458 0.1977161 0.1281569 -0.9713721 0.2004712 0.1274654 -0.6667096 -0.2574067 0.6994571 -0.6661149 -0.2595616 0.6992272 -0.8927402 0.2576267 -0.3696532 -0.8933947 0.2554919 -0.3695535 0.7773143 0.2007646 0.5962182 0.7773344 0.2002376 0.5963693 0.9217191 0.06589901 0.382219 0.9217619 0.06761777 0.3818151 -0.2726621 0.2577268 -0.9269479 -0.2725433 0.2585425 -0.9267556 -0.7461017 -0.3397302 -0.5726393 -0.7460365 -0.3402331 -0.5724256 -0.9585093 0.2555825 -0.1262441 -0.9585699 0.2553433 -0.1262688 0.3429111 0.4428642 -0.8284221 0.3428973 0.4421055 -0.8288331 -0.7661795 -0.6423717 0.01810705 -0.765097 -0.6436567 0.01824098 -0.5902404 0.8035073 0.07741057 -0.5896396 0.8039425 0.07747131 1.30366e-4 -0.1233568 0.9923624 1.32105e-4 -0.1233698 0.9923608 -0.8931125 -0.255424 -0.3702821 -0.8923618 -0.2578768 -0.3703917 -0.5883746 0.2570937 0.7666279 -0.5884231 0.2559124 0.7669858 -0.6041638 -0.6477374 0.4641364 -0.6045902 -0.647207 0.4643209 0.1144703 -0.4882186 -0.8651816 0.1144092 -0.4883278 -0.865128 -0.2012416 0.9791839 -0.02647447 -0.2011475 0.9792033 -0.02647316 0.5967885 -0.199225 0.7772728 0.5967661 -0.1992105 0.7772938 -0.02373605 -0.08471459 -0.9961226 -0.02371573 -0.0845021 -0.996141 0.3602235 -0.3396742 -0.8688271 0.3601948 -0.339547 -0.8688886 0.07710742 0.9791261 0.1880601 0.07725876 0.9790479 0.1884045 0.127682 0.1995499 0.9715334 0.1276924 0.199499 0.9715425 0.5903089 -0.8034693 0.07728254 0.5896391 -0.8039557 0.07733678 -0.7366064 0.6408402 0.2161823 -0.7357857 0.6418156 0.2160837 -0.2161221 0.6445492 -0.733381 -0.2164344 0.6437289 -0.7340091 -0.5469191 0.4412483 0.7114629 -0.5474479 0.4379228 0.713109 0.8954911 0.4445652 -0.02139031 0.8942918 0.4469879 -0.02107614 0.1456518 -0.9797042 0.1377152 0.1447003 -0.9799502 0.1369652 -0.9713771 0.2004694 -0.1274306 -0.9718505 0.1977139 -0.1281241 -0.9894118 0.06357181 -0.130472 -0.989334 0.06582319 -0.1299445 0.7423992 0.6452561 0.1802443 0.7438679 0.6435279 0.1803677 0.9894732 -0.06364703 0.1299696 0.9892584 -0.06595677 0.1304515 0.5186709 -0.08261924 0.8509727 0.5187981 -0.08493208 0.8506674 -0.5412893 0.840738 0.01287162 -0.5388991 0.8422691 0.01306748 0.1133182 0.4886585 0.8650849 0.1133708 0.488823 0.864985 0.9795792 0.02448755 -0.1995624 0.9796886 0.02449846 -0.1990231 0.3748193 0.1993904 -0.9054027 0.3748116 0.1995157 -0.9053782 0.5967769 -0.1990225 -0.7773337 0.5967893 -0.1990059 -0.7773283 -0.9656547 -0.259829 0 -0.9656549 -0.2598282 0 0.2726051 -0.2578182 0.9269391 0.2726323 -0.2592195 0.9265403 0.02335 -0.2582454 0.9657972 0.02342647 -0.2589699 0.9656013 0.9978277 0.02450871 0.06114912 0.9978061 0.02450162 0.06150358 -0.854044 -5.83051e-4 0.5202005 -0.8540257 -5.44176e-4 0.5202305 0.5963326 0.2006543 -0.7772551 0.5962709 0.1992678 -0.7776591 -0.8945913 0.02311158 0.4462871 -0.8944894 0.02311593 0.4464911 0.7773116 0.2004694 -0.5963211 0.7773035 0.2008864 -0.5961913 -0.6927303 0.4876725 0.5313194 -0.6924664 0.4885901 0.5308201 -0.1302523 0.06582844 -0.9892932 -0.1302714 0.06569194 -0.9892997 0.7674512 -0.254002 -0.5886439 0.7674543 -0.2541034 -0.5885963 0.02190744 -0.4444301 0.8955456 0.0218988 -0.4438937 0.8958119 -0.8967856 0.4424655 4.35196e-5 -0.8967918 0.442453 4.35184e-5 0.1305474 1.19877e-4 -0.9914422 0.1304946 1.55012e-4 -0.9914491 0.9585711 -0.2555688 -0.1258019 0.958605 -0.2554559 -0.1257725 0.1999442 0.9798074 0 0.1999595 0.9798042 0 -0.1301704 0.0843302 -0.9878989 -0.1301028 0.08413052 -0.9879248 0.921917 -0.06545233 -0.3818182 0.9219304 -0.06583875 -0.3817194 -0.05517971 -0.9799454 -0.1914744 -0.05550295 -0.9797399 -0.1924297 0.1262452 0.841971 -0.5245445 0.1263449 0.8417258 -0.524914 -0.7773674 -0.1989032 0.5967725 -0.7773253 -0.2005027 0.5962918 0.7463954 -0.3397688 0.5722335 0.7466155 -0.3382508 0.5728453 -0.1724469 0.9794556 0.1045417 -0.1709883 0.9797954 0.1037495 0.3698704 0.2551792 0.893353 0.3698722 0.2560172 0.8931125 -0.1302354 0.06577634 0.9892989 -0.1303402 0.0654658 0.9893056 0.2807006 0.08509618 0.9560156 0.280814 0.0843783 0.956046 -0.7466222 0.3382543 -0.5728346 -0.7464219 0.3397278 -0.5722231 0.9049984 0.2000758 -0.3754299 0.9049525 0.2005637 -0.3752802 0.6626266 0.02424395 0.7485575 0.6622154 0.0242536 0.7489209 -0.1263267 0.2558206 -0.9584349 -0.1263668 0.2562265 -0.9583212 -0.001044452 0.9999995 4.37282e-5 -0.001084029 0.9999994 1.91658e-4 -0.001045703 0.9999995 6.96063e-5 -0.00104314 0.9999995 6.95746e-5 -0.0010432 0.9999995 5.50166e-5 -0.0971533 0.9795729 0.1760632 -0.09664571 0.9797777 0.1752009 0.6073286 -0.06450146 -0.791828 0.607555 -0.06607019 -0.791525 -0.9240267 -0.001054465 -0.3823264 -0.9237402 3.98284e-5 -0.3830198 0.9237517 0.001059293 0.3829907 0.9240313 5.40186e-4 0.3823167 0.3820888 -0.06500184 0.9218367 0.3819019 -0.06566572 0.9218671 -0.9219313 0.06544601 0.3817846 -0.9219323 0.06579124 0.3817227 -0.9217909 -0.06810361 0.3816589 -0.921768 -0.06765264 0.3817944 0.09884631 0.6466648 0.7563426 0.09885436 0.646633 0.7563687 0 1 2.59752e-6 0 1 1.1514e-6 -0.1276632 -0.1997726 0.9714901 -0.1277147 -0.1997925 0.9714793 0.1303076 -0.06578177 0.9892891 0.1303427 -0.06577336 0.989285 0.2107422 0.4443597 -0.8707079 0.2107478 0.4438682 -0.8709571 -0.1263965 -0.8417234 0.5249055 -0.1262086 -0.8419665 0.5245607 -0.9712936 -0.2004891 0.1280353 -0.9713566 -0.2001252 0.1281262 0.04596394 0.9799763 -0.1937363 0.04596978 0.9799583 -0.193826 0.07148635 -0.8395501 -0.5385586 0.07148039 -0.8396075 -0.5384699 -0.9051585 -0.2001084 -0.3750264 -0.9050997 -0.2006802 -0.3748626 0.2068229 0.8393854 -0.5026493 0.2067986 0.8395519 -0.5023813 -0.3311842 0.8396083 -0.4305519 -0.3310679 0.8398 -0.4302677 0.09930443 0 0.9950571 -0.7903623 -0.08559769 -0.6066304 -0.7903913 -0.08560466 -0.6065917 -0.4635667 -0.6469937 -0.6053967 -0.4636043 -0.6469247 -0.6054416 -0.9272113 0.2573549 0.2721171 -0.9268728 0.2588763 0.2718273 0.5720908 0.3411322 0.7458828 0.5721029 0.3400111 0.7463852 0.7935866 4.46746e-4 0.6084573 0.793578 8.75579e-4 0.608468 0.793466 5.93983e-4 0.6086143 0.7561321 0.6467649 0.09979724 0.7551201 0.6479223 0.09995222 -0.2067968 -0.840278 -0.5011666 -0.2078869 -0.8389046 -0.5030131 0.6919196 0.4889149 0.531234 0.6921373 0.4881757 0.53163 0.1305572 4.81394e-5 0.9914408 0.1304947 1.3025e-5 0.9914491 -0.3751589 0.1992829 0.9052857 -0.3751956 0.1991804 0.9052931 -0.3819622 -0.06590771 0.9218249 -0.3817813 -0.06654447 0.921854 -0.9713523 -0.2001308 -0.1281493 -0.9712901 -0.2004903 -0.1280599 -0.4631934 0.2564385 0.8483462 -0.4631387 0.2581284 0.8478635 -0.6066449 -0.08525651 -0.7903881 -0.6066406 -0.08519434 -0.7903981 -0.7773079 -0.2005577 -0.5962961 -0.7773782 -0.1987718 -0.5968023 0.3429765 0.4429442 0.8283525 0.3429631 0.442104 0.8288066 -0.3702921 0.2560265 0.8929358 -0.3704776 0.2551639 0.8931057 0.1304191 1.47919e-4 -0.991459 0.130546 7.79535e-5 -0.9914423 -0.5016429 -0.839545 0.2086112 -0.5001142 -0.8405592 0.2081973 0.7051628 -0.6461799 0.2918852 0.7056232 -0.6456707 0.2918995 -0.791438 -0.06742572 -0.6075194 -0.7915221 -0.06814366 -0.6073297 0.3312029 -0.8396655 -0.430426 0.3311594 -0.8396547 -0.4304805 -0.1807669 0.6444058 0.7430105 -0.1811082 0.6432515 0.7439271 0.6701121 0.6455981 0.3662689 0.67044 0.6451587 0.366443 0.7662626 0.258475 0.5882451 0.7666795 0.2572629 0.5882334 -0.5305555 -0.4891078 0.6923037 -0.5305411 -0.4889649 0.6924157 0 0.8351135 -0.5500777 0 0.8351134 -0.5500781 -0.3597411 -0.33882 -0.8693603 -0.3597667 -0.3395223 -0.8690757 -0.001074373 0.9999995 6.91105e-5 -0.001067876 0.9999995 6.99132e-5 -9.95183e-4 0.9999996 7.80599e-5 -0.001055777 0.9999995 5.82724e-5 -0.001051366 0.9999995 3.21392e-5 0.6063944 -0.08512055 -0.790595 0.6068977 -0.08261388 -0.7904747 0.2924743 -0.6465572 -0.7045726 0.2925235 -0.6463894 -0.7047061 -0.2592583 0.9658081 0 -0.7906799 0.08211386 0.6066982 -0.7907063 0.08202409 0.6066759 0.001022994 -0.9999995 -1.20244e-4 0.001082181 -0.9999995 1.20368e-4 8.74376e-4 -0.9999997 3.6049e-4 9.80362e-4 -0.9999995 -6.00499e-5 0.001107156 -0.9999994 -6.88499e-5 9.38056e-4 -0.9999996 -1.2036e-4 0.001032173 -0.9999995 -9.62e-5 0.001085579 -0.9999994 1.6851e-4 0.001091182 -0.9999995 -1.68156e-4 7.95402e-4 -0.9999998 9.62927e-5 8.27996e-4 -0.9999997 -6.39661e-5 0.00146234 -0.9999989 9.62648e-5 0.001058757 -0.9999995 -5.0685e-5 0.001087725 -0.9999995 -1.45597e-4 0.001071989 -0.9999995 -6.33135e-5 0.00105828 -0.9999995 -5.70197e-5 0.001056373 -0.9999995 -7.60215e-5 0.001008212 -0.9999996 -8.86457e-5 0.00104475 -0.9999995 -8.62271e-5 0.001054048 -0.9999995 -6.66314e-5 0.001066923 -0.9999995 -8.42674e-5 0.001043081 -0.9999995 -7.41428e-5 -0.7667815 0.257314 -0.588078 -0.7666975 0.257534 -0.5880911 -0.5967883 0.1989942 0.7773321 -0.5967856 0.1989313 0.7773504 -0.7652425 -0.6437423 -6.39556e-5 -0.7652425 -0.6437422 -6.39556e-5 -0.1144323 0.48846 0.8650504 -0.1144016 0.4882099 0.8651956 -0.1258111 -0.2562805 0.9583799 -0.1257568 -0.256424 0.9583486 -0.2108104 -0.4437603 0.8709971 -0.2104494 -0.4452428 0.8703275 -0.1263657 0.2557328 0.9584531 -0.1262816 0.2558428 0.958435 0 0.8445518 0.535474 0 0.8445522 0.5354735 0.865594 -0.4876427 0.1138051 0.8655941 -0.4876467 0.1137881 -0.9240265 -0.001054465 0.3823272 -0.9237519 0 0.3829916 0.8251131 0.2570416 -0.5031085 0.8249645 0.2577704 -0.5029791 -0.6088 -3.53132e-4 -0.7933236 -0.6087627 -3.01217e-4 -0.7933524 0.1300427 0.08433288 0.9879155 0.1300069 0.08413344 0.9879372 -0.4775446 0.08429396 0.8745546 -0.4775537 0.08384048 0.8745933 0.7909722 0.08220666 0.6063046 0.790451 0.08515262 0.6065775 -0.1960936 -0.9805852 0 -0.1999718 -0.9798017 -9.91205e-5 -0.6176953 0.4459268 0.6477669 -0.6192315 0.4424182 0.6487053 0.4662022 0.4427179 0.765935 0.4657178 0.4456633 0.7645202 0.5401786 0.8415505 0 0.5401771 0.8415514 0 -0.5317177 0.4876198 -0.6924617 -0.5315185 0.4887113 -0.691845 0.7652762 0.6437021 0 0.7652456 0.6437385 0 -0.9962489 -0.08653533 -8.50873e-6 -0.9962375 -0.08666491 0 0.988007 -0.08345395 -0.1299137 0.9881702 -0.08186835 -0.1296822 0.2910907 0.6470755 -0.7046697 0.2913317 0.6466281 -0.7049809 0.001056194 -0.9999994 4.05171e-4 0.001052558 -0.9999995 1.6778e-4 0.6088402 5.12232e-4 -0.7932928 0.6088811 5.134e-4 -0.7932615 -0.5401771 0.8415514 0 -0.5401155 0.8415909 0 0.7652296 -0.6437576 0 0.765228 -0.6437594 0 0.2349045 -0.08467757 -0.9683231 0.234875 -0.08459955 -0.9683371 -4.83238e-4 0 -0.9999999 -4.835e-4 0 -0.9999999 4.83252e-4 0 -0.9999999 6.40451e-5 0 -1 3.95793e-5 0 -1 -9.90079e-6 0 -1 -1.3195e-5 0 -1 -0.46358 -0.6470659 0.6053093 -0.4635533 -0.6471593 0.6052299 0.3828281 1.46491e-4 0.9238197 0.3825982 2.50934e-4 0.9239148 0.234745 0.08468413 -0.9683613 0.2347059 0.0845561 -0.968382 -0.2576376 -0.8422791 0.4734858 -0.2578316 -0.8420388 0.4738075 -0.4789489 -3.62164e-4 0.8778427 -0.4789386 -3.59292e-4 0.8778483 0.992428 -0.1228281 -8.59236e-6 0.9924287 -0.1228227 -9.56145e-6 0.3748066 0.1992952 0.9054289 0.3748312 0.1991798 0.9054442 -0.3311045 0.8397428 0.4303508 -0.3311054 0.8396551 0.4305211 -0.7652328 0.6437537 0 0.5030177 0.8387936 -0.2083235 0.5017558 0.8396357 -0.2079734 -0.765273 -0.643706 0 -0.7652425 -0.6437423 0 0.6899778 4.95733e-4 -0.7238304 0.6899634 4.95501e-4 -0.7238442 -0.130556 -1.3927e-4 0.991441 -0.1305642 -1.44249e-4 0.9914399 0 0.8445518 0.5354739 0 0.844552 0.5354738 0.895618 0.444824 0 0.1960959 0.9805848 0 0.196125 0.980579 0 0.1305536 1.44242e-4 -0.9914413 0.130442 0 -0.991456 0.6709167 -0.6449974 0.3658543 0.6710315 -0.6448612 0.3658835 -0.3826882 -2.18263e-4 -0.9238775 -0.3827036 -1.66199e-4 -0.9238713 -0.9219324 0 0.3873507 0.9418739 -0.335967 0 0.9417476 -0.3363206 -3.31854e-5 -0.3173376 0.02353578 0.9480206 -0.3171762 0.02353858 0.9480745 -0.9962489 -0.08653563 0 -0.9962488 -0.0865364 0 -0.5962478 -0.1989954 -0.7777464 -0.5963466 -0.2005468 -0.7772721 -0.001245379 0.9999992 1.74386e-4 -0.001023709 0.9999995 6.69669e-5 -0.001213669 0.9999993 2.38914e-5 -0.001062572 0.9999995 7.12115e-5 -0.001047432 0.9999995 7.25693e-5 -0.1301267 0.08413398 0.9879213 -0.1301038 0.08434128 0.9879067 -0.1232312 -0.979115 -0.1617032 -0.1232892 -0.9790699 -0.161932 0.1999567 -0.9798048 0 0.1999573 -0.9798046 0 0.9049599 0.2004129 0.3753428 0.9049907 0.2000741 0.3754495 -0.9964717 0.08393031 0 -0.9964717 0.08393061 0 0.3827565 4.8848e-4 -0.9238492 0.3826785 4.36283e-4 -0.9238815 0.1175867 -0.439446 -0.8905396 0.1177743 -0.4413608 -0.8895673 0.1305847 1.4424e-4 0.9914373 0.1304061 0 0.9914608 0.3311594 -0.8396547 0.4304805 0.3312048 -0.8396649 0.4304257 3.354e-4 -0.3369278 0.9415305 3.48897e-4 -0.3367165 0.941606 -0.9413858 -0.3373321 0 -0.9413837 -0.337338 0 -0.1305735 -4.8447e-5 -0.9914386 -0.1304594 -1.41498e-5 -0.9914537 -0.5206705 -3.40119e-4 -0.8537576 -0.520716 -2.85307e-4 -0.85373 3.67133e-4 -0.3367094 -0.9416086 3.54298e-4 -0.3365877 -0.9416521 0.1999715 -0.9798017 -9.67605e-5 0.2038122 -0.97901 0 0.02375423 0.08506333 0.9960924 0.02371895 0.08462214 0.9961308 -0.7488196 0.02321761 0.6623671 -0.7489005 0.02321654 0.6622756 0.06101197 0.02382653 -0.9978526 0.06107139 0.0238254 -0.997849 0.3921465 -0.840934 0.3728955 0.3923165 -0.840829 0.3729537 -0.5721462 -0.3397065 0.7464907 -0.5721306 -0.3400499 0.7463462 0.3344535 -0.4879386 0.806261 0.3343591 -0.4881823 0.8061527 -0.5473285 -0.8054885 0.2271999 -0.5483255 -0.8047668 0.2273538 -0.6485641 0.4441772 -0.6181192 -0.6494219 0.4422454 -0.6186035 -3.55702e-4 0.3363605 0.9417333 -3.38502e-4 0.336581 0.9416545 -3.3161e-4 0.3365805 0.9416547 -0.2266309 -0.8043167 -0.5492843 -0.226804 -0.8041267 -0.5494909 0.2924065 -0.6467023 0.7044677 0.2925978 -0.6463773 0.7046865 -0.5294902 0.6416814 0.5548741 -0.5292199 0.6421143 0.5546311 -0.1132283 -0.4891294 0.8648306 -0.1133674 -0.4887952 0.8650013 -0.5482478 -0.8047793 -0.2274967 -0.5473488 -0.8054327 -0.2273489 0.7666604 -0.642053 0 0.7652425 -0.6437422 -6.39556e-5 -3.54063e-4 0.3363631 -0.9417324 -3.32897e-4 0.3365839 -0.9416535 -3.32828e-4 0.3365805 -0.9416547 0.7353494 -0.6423443 -0.2159982 0.7366105 -0.6408395 -0.2161708 0.5374157 0.8403349 -0.0708639 0.5385035 0.8396363 -0.0708878 -0.1456036 0.9797196 -0.1376565 -0.1455599 0.9797216 -0.1376878 0.9328721 -0.3387732 -0.122403 0.9333129 -0.3374264 -0.1227622 0.9660375 -0.2573432 -0.02337294 0.965718 -0.258554 -0.02320837 0.9319451 0.3412237 0.1226575 0.9324166 0.3400126 0.122437 0.7460252 0.340183 0.5724701 0.7460823 0.3397772 0.5726367 -0.0250101 -0.9803979 0.195434 -0.02513694 -0.9790056 0.2022772 -0.02583515 -0.9790832 -0.2018133 -0.02433484 -0.9803136 -0.1959416 0.04796504 -0.9798577 -0.1938509 0.04812252 -0.9797781 -0.1942138 -0.1991943 0.02363753 -0.9796749 -0.1994462 0.02363491 -0.9796238 7.65688e-4 -0.9999997 0 0.002450048 -0.9999951 -0.002013862 0.002718508 -0.9999958 -0.001115858 0.002718865 -0.9999958 0.001116096 0.002450346 -0.9999951 0.002014279 7.65895e-4 -0.9999997 0 0.002433061 -0.9999954 -0.001855134 0.002718746 -0.9999957 -0.001089453 0.00271821 -0.9999957 0.001089155 0.002432823 -0.9999954 0.001854658 7.65822e-4 -0.9999992 9.90471e-4 7.66166e-4 -0.9999998 0 0.001607239 -0.9999987 4.88396e-4 7.65851e-4 -0.9999994 9.48554e-4 7.66144e-4 -0.9999998 0 0.001600861 -0.9999987 5.02302e-4 0.001046299 -0.9999995 -7.76984e-5 0.001044809 -0.9999995 -7.33864e-5 0.001044392 -0.9999995 -7.77182e-5 0.001045465 -0.9999995 -7.48287e-5 -0.9237579 -5.29964e-4 0.3829767 -0.9240276 -0.00104922 0.3823245 0.1708428 0.9852983 0 0.170843 0.9852983 0 0.9962291 0.08676236 0 0.9962489 0.08653563 8.50876e-6 -0.7642242 -0.4457672 0.4661041 -0.7654179 -0.4425404 0.467219 0.5375915 -0.8402307 0.07076776 0.5385649 -0.8395859 0.0710172 0.8778223 5.42812e-4 0.4789863 0.8777916 5.82954e-4 0.4790424 -0.01204389 -0.841789 -0.5396723 -0.01202583 -0.8415003 -0.5401228 0.9207152 0.08136039 -0.3816599 0.9207197 0.08201533 -0.3815087 0.991354 5.81659e-4 0.1312133 0.991452 0.001163363 0.1304674 -0.9418563 0.3360159 0 -0.9418556 0.3360182 0 0.7551411 0.647908 -0.09988594 0.7561627 0.6467413 -0.09971916 0.827759 -0.4437828 -0.3433246 0.8305299 -0.4383821 -0.3435713 -0.6992967 0.259576 -0.6660364 -0.699707 0.2557758 -0.6670748 0.5531498 0.6444553 0.527923 0.5525236 0.6453801 0.5274487 -0.1259447 -0.2579131 -0.9579242 -0.1257961 -0.2564353 -0.9583404 0.390514 0.8415917 0.373125 0.3910646 0.8411324 0.373584 -0.549525 0.8039858 -0.2272206 -0.5486371 0.8046382 -0.2270569 0.8923295 0.2588282 -0.3698057 0.8922331 0.2594143 -0.3696274 -0.9327375 -0.3389376 0.1229724 -0.9323558 -0.340102 0.1226514 0.7879464 -0.4403833 0.4303524 0.7866293 -0.4439305 0.4291156 -0.7904049 -0.08560222 0.6065745 -0.7903584 -0.0855984 0.6066355 0.6088589 4.31523e-4 0.7932786 0.6088725 4.30354e-4 0.7932681 -0.1435967 -0.9799872 -0.1378594 -0.1424524 -0.9802788 -0.1369707 0.5887477 -0.2559055 -0.7667391 0.5888271 -0.2545157 -0.7671405 0.2025362 -0.9789115 -0.0266717 0.2026028 -0.9788979 -0.02666473 -0.5246231 -0.8417369 -0.127475 -0.5231426 -0.8426876 -0.1272774 -0.02648866 0.9803582 -0.1954386 -0.02794164 0.9791197 -0.2013555 0.7124828 -0.6364402 0.2954863 0.7077479 -0.6431259 0.2923732 -0.4625551 -0.2593917 0.8477964 -0.4629343 -0.2577901 0.848078 0.1697759 0.9799747 -0.1040471 0.1703039 0.9798538 -0.1043227 0.4675619 0.638644 -0.6111626 0.4657927 0.6430975 -0.6078345 -0.5474582 0.4379193 -0.7131032 -0.5472303 0.43925 -0.7124595 0.6096131 -0.6407363 0.4667216 0.6117162 -0.6368854 0.4692339 0.9718351 -0.1977748 -0.128147 0.9713723 -0.2004721 -0.127463 0.5464919 -0.4411542 0.7118494 0.5460347 -0.44229 0.7114955 0.1006243 -0.641426 0.7605574 0.1012575 -0.6390308 0.7624871 -0.3428896 -0.4421012 -0.8288386 -0.3430637 -0.43944 -0.8301806 0.4686167 -0.6386696 0.6103275 0.4679482 -0.640427 0.6089974 -0.1619272 0.9790759 -0.1232486 -0.1619567 0.9790449 -0.1234548 0.7933865 6.34129e-4 -0.608718 0.7933637 6.49437e-4 -0.6087477 0.369755 0.2560207 -0.89316 0.3698946 0.2556259 -0.8932153 0.5466516 0.4391394 0.7129717 0.5451959 0.4425001 0.7120078 -0.9961434 0.08441746 0.02392184 -0.9961884 0.08389943 0.02386659 0.7909736 -0.08219605 0.6063042 0.7904556 -0.08554726 0.606516 0.1301927 0.06607925 0.9892843 0.130151 0.0661025 0.9892882 0.4748095 0.8409708 0.2594689 0.4723563 0.8426544 0.2584822 0.8927336 0.2574198 0.3698132 0.8921095 0.2594943 0.3698695 -0.5002674 -0.8405132 -0.2080147 -0.5015496 -0.8395559 -0.2087918 0.2913007 0.6466005 0.705019 0.2911598 0.6468948 0.7048073 0 -1 0 0.2084298 -0.8396446 0.5015517 0.2085092 -0.8394291 0.5018793 -3.56634e-4 0.9999997 -6.60816e-4 -6.6331e-4 0.9999998 -3.71048e-4 -0.001149117 0.9999957 -0.00275582 -6.74162e-4 0.9999997 3.18032e-4 -3.82344e-4 0.9999998 6.60816e-4 -3.82178e-4 0.9999998 -6.60886e-4 -6.74226e-4 0.9999997 -3.17965e-4 -0.001149117 0.9999957 0.00275582 -6.63427e-4 0.9999998 3.70939e-4 -3.56569e-4 0.9999998 6.60886e-4 -5.64401e-4 0.9999997 -5.5816e-4 -0.001149177 0.9999992 -4.88417e-4 -0.001532256 0.9999989 0 -5.54481e-4 0.9999998 -5.44153e-4 -0.001149177 0.9999994 -4.18673e-4 -0.001524925 0.9999989 0 -0.001044392 0.9999995 -7.33983e-5 -0.001206338 0.9999994 8.63535e-5 -9.87832e-4 0.9999996 1.3924e-4 -0.001078605 0.9999995 5.46898e-5 0.8655194 -0.4877684 -0.1138348 0.8655954 -0.4876224 -0.1138824 0.0251224 0.9790318 -0.2021525 0.02498286 0.9804019 -0.1954174 0.372736 -0.8418612 -0.3903045 0.3749181 -0.8400145 -0.3921889 0.6994853 0.2557173 0.6673299 0.699092 0.259172 0.6664085 0.4637218 0.6470875 0.6051777 0.463849 0.6469157 0.6052637 0.1225859 0.9791119 0.1622119 0.1194001 0.9803831 0.1568201 -0.3826771 -4.17803e-4 0.9238821 -0.3826751 -4.18246e-4 0.923883 -0.687426 0.08325171 0.7214671 -0.6874507 0.08412098 0.7213428 -0.2805885 -0.8413537 -0.4619461 -0.2803264 -0.8417518 -0.4613797 0.9240229 0 0.3823371 0.9237624 9.94533e-4 0.382965 -0.1877499 0.9791924 0.07701981 -0.188555 0.9790283 0.07714062 -0.1299554 -0.08375591 -0.9879761 -0.1300181 -0.08432579 -0.9879193 -0.2279036 0.2584505 0.9387564 -0.2278833 0.2578116 0.9389369 -0.5375916 -0.8432053 0 -0.5375901 -0.8432064 0 -0.6087741 -6.77135e-4 -0.7933434 -0.6087447 -6.5722e-4 -0.793366 -0.8688481 -0.3398814 0.3599774 -0.8691015 -0.3388733 0.3603158 0.3814658 -0.08316153 -0.9206346 0.3813793 -0.08213859 -0.9207623 0.0963391 -0.9798768 -0.1748146 0.09706395 -0.9796314 -0.1757869 -0.7568036 -0.6459879 -0.09973984 -0.7561187 -0.646772 -0.09985363 0.2115615 -0.4444262 -0.8704752 0.2115573 -0.4437406 -0.8708261 0.1907935 0.9800132 -0.0563206 0.1909985 0.9799723 -0.05633878 -0.2925599 0.6464081 -0.704674 -0.2924028 0.6467456 -0.7044294 -2.74333e-6 5.40214e-5 -1 -6.66641e-7 0 -1 0 5.40215e-5 -1 0.05734676 -0.9798154 0.191503 0.05718606 -0.9798898 0.1911695 -0.7666042 0.64212 0 -0.7652456 0.6437385 6.49242e-5 0.7622841 0.6472428 0 0.763658 0.6456211 6.47896e-5 0.2012315 0.9791858 0.02648091 0.202472 0.9789214 0.02679717 0.360232 -0.3398714 0.8687465 0.3602423 -0.3395748 0.8688581 0.8709135 -0.4439155 0.2108291 0.8706822 -0.4444196 0.2107223 0.1816963 0.9804162 -0.07596504 0.1875931 0.9791746 -0.07762831 -0.791445 -0.06742292 0.6075106 -0.7915279 -0.06813222 0.6073235 -0.3819432 0.06499868 0.9218973 -0.382079 0.06561052 0.9217977 0.971752 6.4117e-4 0.2360038 0.9717587 6.41104e-4 0.2359758 0.5375648 0.8432225 0 0.5375948 0.8432034 0 0.8967897 -0.4424571 0 0.8967891 -0.4424585 0 -0.4657379 -0.6432937 0.6076689 -0.4677162 -0.6382861 0.6114183 0.9893232 0.0659458 -0.1299642 0.9893243 0.06597036 -0.1299442 0.2940638 0.6388239 0.7109364 0.2926782 0.6416208 0.7089869 -0.4700635 -0.8052836 -0.3613291 -0.4699422 -0.8053845 -0.361262 -0.2348558 0.08409434 0.9683858 -0.2349266 0.08524948 0.9682676 -0.6174939 -0.4454149 0.6483108 -0.6184909 -0.4429886 0.6490224 -0.7213835 0.08512753 -0.687284 -0.7213233 0.08171331 -0.6877614 -0.3751909 0.1994875 -0.9052274 -0.3751579 0.199391 -0.9052623 6.00962e-5 0 1 2.4266e-4 0 1 -4.83968e-4 0 1 -0.0019598 -4.47012e-4 0.999998 -1.22489e-4 0 1 4.86914e-4 0 0.9999999 0.00144869 -4.4059e-4 0.9999989 1.28343e-4 0 1 -2.56929e-4 -2.13961e-4 1 2.57371e-4 -2.13717e-4 1 -4.02092e-6 -9.00769e-5 1 -7.91781e-5 -4.51321e-5 1 2.63933e-5 -4.50059e-5 1 -0.8925102 -0.2578297 0.3700668 -0.8929709 -0.2554391 0.370613 -0.5032321 0.8388072 0.2077497 -0.5019963 0.839636 0.2073916 0.1798748 0.6432582 -0.7442204 0.1794018 0.6447202 -0.7430686 -0.02099311 -0.4443683 -0.8955983 -0.02096635 -0.4439999 -0.8957815 -0.9203663 -0.08596515 0.3814919 -0.9203737 -0.08589226 0.3814903 0.1214662 -0.9802852 0.1558427 0.1249269 -0.978908 0.1616556 0.605989 -0.6457484 0.4645281 0.6053053 -0.6465924 0.4642453 -0.7645165 0.4456567 0.4657302 -0.7658461 0.4419914 0.4670368 -0.1244221 0.9790929 0.160923 -0.1244314 0.9790768 0.1610143 0.471352 -0.8045294 -0.3613307 0.4720797 -0.8039541 -0.3616611 0.2720716 0.258507 0.9269042 0.2718942 0.2593133 0.9267309 0.1265574 -0.2563887 -0.9582527 0.1262473 -0.2579393 -0.9578773 0.6673946 -0.2557024 -0.6994289 0.6660744 -0.2606046 -0.6988778 0.712273 -0.4409376 -0.5461147 0.711512 -0.4434006 -0.5451115 -0.8968132 0.4424096 0 -0.8967689 0.4424992 0 0.6499393 -0.4411646 0.6188319 0.6492445 -0.4427272 0.6184451 -0.4648428 0.6467205 -0.6047098 -0.4648334 0.6467449 -0.6046909 0.7081784 0.6420944 -0.2935954 0.7071623 0.6433416 -0.2933143 -0.4711568 0.8046788 0.3612526 -0.472302 0.8037797 0.3617582 0.8275712 0.4439473 0.3435646 0.8294565 0.4402777 0.3437407 -0.8295503 -0.4400759 -0.3437727 -0.827566 -0.4439205 -0.3436118 -0.8882867 -0.4442639 -0.116518 -0.8902764 -0.4400267 -0.1174073 -0.2934022 -0.6412586 -0.7090153 -0.2927393 -0.6427841 -0.707907 0.9574426 0.2595376 0.1262696 0.9585608 0.2555962 0.1258247 -0.3603637 -0.8051287 -0.4710687 -0.3612204 -0.804342 -0.4717563 -0.8477393 -0.2592725 -0.4627265 -0.8479955 -0.2578962 -0.4630261 -0.0272867 0.9790864 0.2016066 -0.02717232 0.9803448 0.195412 0.2164223 -0.6437115 0.7340279 0.2160968 -0.6446834 0.7332704 0.5486565 -0.8045986 -0.2271499 0.5494875 -0.8039922 -0.2272888 0.07029283 0.8395301 0.5387468 0.07024407 0.8396164 0.5386187 0.1393159 -0.979568 -0.1450442 0.1383985 -0.9798156 -0.1442478 -0.5494801 0.8039938 0.2273008 -0.5484014 0.8047857 0.2271037 0.5297372 -0.6416845 -0.5546346 0.527672 -0.6447376 -0.5530604 -0.9209591 0.08189195 0.3809568 -0.9204425 0.08559036 0.3813923 0.1575933 -0.9801758 0.1200829 0.1616286 -0.9790429 0.1238999 -0.6081243 -0.6422842 0.4665362 -0.6105051 -0.638155 0.4690862 0.5456489 0.4425052 -0.7116577 0.5462203 0.4391172 -0.713316 0.5896127 -0.803962 -0.07747203 0.5902763 -0.8034797 -0.07742273 0.1302621 -0.08432102 0.9878876 0.130121 -0.08320325 0.9880009 -0.6041606 -0.6476649 -0.4642416 -0.6046415 -0.6471005 -0.4644026 -0.588458 -0.2569543 0.7666106 -0.588485 -0.2559631 0.7669214 -0.7557815 0.6471766 -0.09978342 -0.7581993 0.6444036 -0.09938824 0.7616834 0.6401126 0.1004706 0.7590951 0.6433176 0.0995841 0 0.8988622 0.4382314 0 0.8988622 0.4382315 0.1301286 0.06630605 -0.9892776 0.1301789 0.066141 -0.9892821 0.176559 -0.9796285 0.09568166 0.1762934 -0.9796892 0.09555029 -0.1880744 -0.9790565 0.07795137 -0.1812779 -0.9804877 0.07604044 0.07686263 -0.9803569 -0.1816387 0.07872521 -0.9790064 -0.1880131 0.2521224 0.4437462 0.8599556 0.2522457 0.4432285 0.8601863 -0.608853 -5.13414e-4 0.7932831 -0.6085637 -3.55124e-4 0.7935049 -0.3304181 -0.8386969 0.4329104 -0.3275542 -0.8423629 0.4279404 -0.07842594 0.804367 0.588934 -0.07838803 0.8042119 0.5891509 -0.8901827 0.4402096 0.1174324 -0.8911803 0.4382384 0.117239 -0.5458226 -0.4424926 0.7115321 -0.546297 -0.4412354 0.7119487 -0.7464068 0.3395847 0.5723279 -0.7465972 0.3382467 0.5728716 0.6871815 0.08696961 -0.7212613 0.6875762 0.08439308 -0.7211913 -0.8248199 -0.2571873 0.5035145 -0.8240454 -0.2617009 0.5024558 -0.9585424 -0.255351 -0.1264605 -0.9574104 -0.2599915 -0.1255778 0.7589893 0.6433602 -0.1001152 0.7616826 0.6401988 -0.09992605 -0.761722 0.6400648 -0.1004826 -0.7589479 0.6434951 -0.0995602 -0.9680317 -0.08923113 -0.2344198 -0.9683227 -0.08404862 -0.2351319 0.3273884 0.8426528 0.4274963 0.3297165 0.8396236 0.4316471 0.6177838 -0.4457643 -0.6477943 0.6191943 -0.44234 -0.6487942 -0.8901944 0.440274 -0.117102 -0.8911541 0.4382097 -0.1175441 -0.5402371 -0.8415129 -8.45781e-5 -0.5375586 -0.8432264 0 0.1301394 -0.08433413 -0.9879026 0.1302822 -0.08319306 -0.9879805 0.6076388 0.6432975 0.4657719 0.6098549 0.639317 0.4683491 -0.7129453 0.4391351 -0.5466895 -0.713168 0.4385358 -0.54688 -0.0991078 -0.6418837 -0.7603704 -0.09930592 -0.6413413 -0.760802 0.5398352 0.8416743 -0.0127502 0.5373039 0.8432896 -0.01293909 -0.5536385 0.644712 -0.5270967 -0.5535835 0.6448204 -0.5270219 0.7775263 -0.1984624 0.5967123 0.7775319 -0.1989614 0.5965389 0.1166013 0.4394281 -0.890678 0.1168365 0.4419771 -0.8893849 0.4675617 0.6386357 0.6111715 0.4658948 0.6428516 0.6080164 -0.711704 -0.4410943 -0.5467296 -0.712233 -0.4400269 -0.5469009 -0.1885293 0.9790144 -0.07737851 -0.1877885 0.9792028 -0.0767951 0.9652399 -0.2613658 -1.91839e-5 0.9652295 -0.261404 -1.7716e-5 0.7615908 -0.6403082 -0.09992569 0.7590104 -0.6433378 -0.1000998 0.025846 0.9790799 0.2018285 0.02423661 0.9803931 0.1955562 0.382722 0 -0.9238636 0.3827372 0 -0.9238573 0.1877133 0.9790813 0.07850784 0.1873275 0.9791766 0.0782411 -0.3440364 0.4412918 -0.8287946 -0.344142 0.4386202 -0.8301678 -0.7236543 -4.27396e-4 -0.6901625 -0.723676 -4.23892e-4 -0.6901397 -0.6057613 0.6460803 -0.4643636 -0.6052304 0.6467078 -0.4641823 -0.9332859 0.3376128 0.1224547 -0.9328017 0.3388692 0.1226731 -0.9391691 0.2573673 -0.2274281 -0.9390874 0.2577294 -0.2273556 0.6927309 -0.4877673 0.5312317 0.6924729 -0.488674 0.5307344 0.920742 -0.08187538 0.3814847 0.9207451 -0.08186388 0.3814797 0.11437 -0.4885317 0.8650181 0.1144024 -0.4884502 0.8650598 -0.9209593 0.08185803 -0.3809637 -0.9204412 0.08564442 -0.3813832 0.8305262 -0.4383864 0.3435747 0.827759 -0.4437828 0.3433246 0.8053008 0.4902718 -0.3333532 0.8062468 0.4880632 -0.3343061 0.8506747 0.0857656 -0.518649 0.8506564 0.08740764 -0.5184049 0.8510531 -0.08153468 -0.5187108 0.8510258 -0.08287137 -0.5185437 -0.9389018 -0.2578017 -0.2280389 -0.9378947 -0.2620922 -0.227291 -0.8296784 0.4403035 0.3431714 -0.8305065 0.4382079 0.3438499 0.4649497 -0.6465936 0.6047632 0.4648168 -0.6467516 0.6046965 -0.2347775 -0.08459341 0.9683613 -0.2347344 -0.08521384 0.9683173 0.1191965 0.9804428 -0.1566024 0.1194002 0.980376 -0.1568651 -0.9051764 -0.200116 0.3749793 -0.9051226 -0.2006988 0.3747975 0.1562471 0.9804069 0.1199548 0.1611452 0.9790313 0.12462 -0.606558 0.08242303 -0.7907553 -0.6067271 0.08525282 -0.7903255 0.3701775 -0.2568031 0.8927603 0.3701506 -0.256 0.893002 -0.4298376 -0.8403431 -0.3302472 -0.4305753 -0.8396506 -0.3310469 0.500917 -0.8404896 0.2065415 0.5020647 -0.8396374 0.2072203 -0.7424564 -0.6451964 -0.180222 -0.7438338 -0.6435724 -0.1803493 -0.2926012 0.646247 0.7048045 -0.2923663 0.6466832 0.7045018 -0.228022 0.8043373 0.5486782 -0.2282029 0.8040901 0.548965 0.07643646 0.9791345 -0.1882905 0.07469648 0.9804246 -0.1821761 0.01761001 0.6439136 0.7648956 0.01765489 0.6436861 0.7650859 -0.2356238 -2.10856e-4 0.9718443 -0.2356078 -2.08868e-4 0.9718483 -0.8966553 0.4422088 0.0214684 -0.8956971 0.4441363 0.02167809 -0.761789 -0.6400762 0.0999003 -0.7589757 -0.6433763 0.1001148 0.858792 -0.4461651 -0.2518194 0.8606278 -0.4420028 -0.2528899 -0.8584439 -0.4468088 0.2518653 -0.8604738 -0.4422239 0.2530274 -0.09953337 -0.6391471 0.7626167 -0.09963923 -0.6413698 0.7607346 0.4580122 0.8437541 -0.2798284 0.4589974 0.8430569 -0.2803147 0.7074117 0.6430885 0.2932677 0.7099326 0.6395395 0.2949323 0.8902806 0.4401857 -0.116778 0.8882107 0.444249 -0.117152 -0.8510401 0.08165848 0.5187126 -0.8510275 0.08284294 0.5185454 -0.5385206 -0.8396481 -0.07061839 -0.5403131 -0.8384534 -0.07111877 0.3751907 -0.1992645 -0.9052765 0.3751995 -0.1991478 -0.9052986 -0.1876686 -0.9790783 -0.0786519 -0.1814945 -0.9805098 -0.0752353 0.8933405 -0.2554581 -0.369708 0.8936421 -0.2537957 -0.3701237 -0.9877176 -0.08623379 0.1302987 -0.9880176 -0.0833168 0.1299212 -0.8901979 -0.4401862 0.1174052 -0.8883385 -0.4441564 0.1165328 -0.7083929 0.6420604 0.2931517 -0.7099395 0.6402277 0.2934185 0.6924252 -0.4886869 -0.5307849 0.6927135 -0.4877607 -0.5312603 -0.6085634 0.6421623 0.466131 -0.6109313 0.6378651 0.4689255 -0.07406342 -0.9803624 -0.1827679 -0.07721018 -0.9790433 -0.1884488 0.5262314 -0.8407522 0.1273438 0.5246996 -0.841739 0.1271453 -0.7080014 -0.6422635 -0.2936522 -0.709511 -0.6401697 -0.2945792 0.5402371 -0.8415129 0 0.5375584 -0.8432266 -8.25636e-5 -0.5896533 0.8039425 -0.07736551 -0.5902085 0.8035394 -0.07732081 0.7674497 -0.2541055 0.5886013 0.7674512 -0.254002 0.5886439 0.2802987 0.8417419 0.4614144 0.2805086 0.8415279 0.4616773 -0.7117137 -0.4411256 0.5466918 -0.712203 -0.4400527 0.5469191 0.2025121 0.9789171 -0.02664846 0.2011967 0.9791889 -0.02662634 -0.07209247 0.8396753 0.5382827 -0.07208979 0.8394734 0.5385977 -0.9585056 0.2555913 0.1262533 -0.9585465 0.2554273 0.126276 0.744346 -0.6430681 0.1800348 0.7427334 -0.6449708 0.1798881 -0.9961885 -0.08390092 0.02385783 -0.9961391 -0.08446729 0.02391868 -0.8305849 0.4382758 -0.3435742 -0.8294749 0.4404779 -0.3434395 -0.9893355 0.06577038 0.1299598 -0.9894099 0.063573 0.1304858 0.1164092 0.4414261 0.8897145 0.1164245 0.441985 0.889435 0.596261 0.1990852 0.7777132 0.5963277 0.2004688 0.7773066 0.2948879 -0.6388975 -0.7105287 0.2944666 -0.6411877 -0.7086381 -0.4743369 -0.8413061 -0.2592462 -0.472424 -0.8426349 -0.2584224 -0.07851427 0.9790973 0.1876276 -0.07849735 0.9791352 0.1874365 -0.3727711 0.8418 0.390403 -0.3733681 0.8413373 0.3908296 -0.6068825 0.08239573 0.7905092 -0.6064189 0.08528721 0.7905583 -0.3626602 0.8039077 0.4713915 -0.3626068 0.8039357 0.4713852 0.5173402 -0.8422194 -0.151743 0.5174369 -0.8421587 -0.1517493 0.1300503 0.08412986 -0.9879317 0.1300458 0.08433651 -0.9879147 0.6921893 0.4881101 -0.5316227 0.6918983 0.4891142 -0.5310784 -0.8062404 -0.4880618 0.3343234 -0.8053269 -0.4902167 0.3333709 -0.344094 0.4413433 0.8287433 -0.34421 0.4386231 0.830138 -0.744234 0.6431887 -0.1800668 -0.7429087 0.6447567 -0.1799318 0.02797174 -0.9790825 0.2015319 0.02646851 -0.9803639 0.1954125 0.3828201 3.42871e-4 -0.9238229 0.3826024 2.43392e-4 -0.9239131 -0.07727485 -0.979004 0.1886258 -0.07723253 -0.9790818 0.1882395 -0.609261 0.6407949 -0.4671006 -0.608617 0.6420819 -0.466172 0.2951849 -0.6389046 0.7103992 0.2941319 -0.6412349 0.7087343 0.5316888 -0.487576 -0.6925148 0.5315191 -0.4886978 -0.691854 -0.756019 -0.6469032 0.0997579 -0.7568269 -0.6459764 0.09963804 -0.9978646 0.02304375 -0.06111699 -0.9978405 0.02305001 -0.06150585 0.3700643 -0.2584258 -0.8923389 0.3699046 -0.2560006 -0.8931037 0.1231243 -0.3394376 -0.9325355 0.123113 -0.3394833 -0.9325204 0.5731265 -0.338487 0.7462926 0.5727043 -0.3395939 0.7461138 -0.05734753 0.9797929 -0.1916173 -0.05716896 0.9799141 -0.1910499 -0.4606004 0.8421891 0.2802942 -0.4618412 0.8413095 0.2808934 -0.8275595 -0.443928 0.3436177 -0.8295529 -0.4400727 0.3437702 -0.7037121 -0.6478584 0.2916657 -0.7045465 -0.6469122 0.2917513 -0.6074087 -0.06756335 0.7915112 -0.6071783 -0.06593507 0.7918252 -0.5731025 0.338509 0.746301 -0.5726522 0.3396071 0.7461479 -0.5031525 0.8388218 -0.2078837 -0.5021206 0.8395878 -0.2072858 0.5889524 -0.2545044 0.767048 0.588581 -0.2559289 0.7668591 -0.5163432 -0.8428183 0.151813 -0.5158364 -0.8431419 0.1517394 -0.6475927 -0.4459652 -0.6178502 -0.6483348 -0.4443401 -0.6182426 -0.8643677 0.4898658 -0.1135776 -0.8656678 0.4873866 -0.1143401 -0.9879701 0.08330708 0.1302882 -0.987811 0.08579677 0.1298788 0.2818925 1.16615e-4 0.959446 0.2819329 1.84626e-4 0.9594342 -0.9056122 0.1983824 -0.3748479 -0.9056696 0.1978318 -0.3750002 0.3442879 -0.4392868 -0.8297548 0.3433806 -0.4420921 -0.8286402 -0.1175962 0.4393891 -0.8905663 -0.1177728 0.4414443 -0.8895261 0.2810803 -0.08489286 0.9559221 0.2809821 -0.08358931 0.9560659 0.7460945 0.3398801 -0.5725596 0.7460424 0.3401878 -0.5724449 0.9415344 0.336917 0 0.9415114 0.3369812 0 0.6142494 0.789112 0 0.6142497 0.7891118 0 0.1002125 -0.6465846 0.7562314 0.1002674 -0.6465474 0.7562559 -0.5519618 0.02335977 0.8335421 -0.551539 0.02336847 0.8338217 -0.208495 0.8394349 0.5018755 -0.208455 0.8396224 0.5015784 -0.4697978 -0.8055502 0.3610802 -0.4700574 -0.8053411 0.3612089 -0.001028835 0.9999995 -9.91491e-5 -9.88151e-4 0.9999995 2.96677e-4 -6.84403e-4 0.9999994 8.39257e-4 -0.003933072 0.999992 7.92544e-4 -0.003012895 0.999992 0.00268054 -0.001027882 0.9999995 -1.97895e-4 -9.91025e-4 0.9999995 3.96255e-4 -0.003322362 0.9999921 -0.002233624 -0.00400561 0.999992 -2.29049e-4 -0.0039168 0.999992 8.38423e-4 0.002187132 0.9999924 -0.003258407 -0.001081466 0.9999994 7.81932e-5 -0.002055406 0.9999979 -4.00671e-4 -3.02734e-4 0.9999999 -4.55729e-4 -0.001081049 0.9999995 5.21118e-5 -2.27776e-4 1 4.8538e-4 -2.93544e-4 0.9999999 -4.5599e-4 -0.001081347 0.9999995 7.25788e-5 -0.001081049 0.9999994 8.06238e-5 -0.001075923 0.9999995 7.65906e-5 -0.001081228 0.9999994 7.49235e-5 -0.6142487 0.7891125 0 -0.614251 0.7891107 0 0.8338275 0.02438145 0.5514865 0.8334133 0.02436816 0.552113 0.2263764 0.8049041 -0.5485283 0.2266421 0.8045873 -0.5488832 -0.02340608 0.2581298 -0.9658268 -0.02342313 0.2582897 -0.9657836 -0.1999743 0.9798011 0 -0.1999738 0.9798012 0 0.9713505 0.2005627 -0.1274868 0.9714274 0.2001218 -0.1275937 0.2273416 0.2589108 -0.9387657 0.227355 0.2591671 -0.9386917 0.003742873 0.9798957 0.1994756 0.003714561 0.9799869 0.1990277 -0.0610404 0.02371853 0.9978535 -0.06126672 0.02372133 0.9978396 0.7210092 0.08526957 0.687659 0.7209882 0.08542597 0.6876617 -0.003784775 -0.9798926 -0.1994904 -0.003756761 -0.979799 -0.1999499 -0.1224429 -0.3394616 0.9326165 -0.1224267 -0.3393636 0.9326543 0.3594902 0.3405411 -0.8687916 0.3598033 0.3397651 -0.8689656 -0.3334865 -0.4890515 -0.8059873 -0.3334426 -0.4891166 -0.805966 -0.8744794 0.08440726 -0.4776622 -0.8744755 0.08511137 -0.4775447 0.1303111 -0.06575739 -0.9892902 0.130306 -0.06582528 -0.9892863 0.3172265 0.0240125 -0.9480457 0.3173104 0.02401059 -0.9480177 -0.8334556 0.02317082 -0.5521007 -0.833423 0.02317261 -0.5521497 -0.9852872 -0.170907 -1.23868e-5 -0.9852972 -0.17085 -1.22043e-5 0.9237426 7.25387e-4 -0.3830133 0.9237567 7.39677e-4 -0.382979 0.1281235 -0.1995817 -0.9714688 0.1281012 -0.1994833 -0.9714919 -0.1939069 -0.979874 -0.04740333 -0.1937257 -0.9799113 -0.04737365 -0.8642486 -0.4900143 -0.1138439 -0.864129 -0.4902418 -0.1137719 0.4459519 0.02409243 0.8947327 0.4461839 0.02408832 0.894617 -0.9481725 0.0230835 -0.3169165 -0.9481146 0.02308571 -0.3170899 -0.2818947 -1.89498e-4 -0.9594454 -0.281934 -1.37764e-4 -0.9594338 0 -1 9.85522e-7 0 -1 -9.85522e-7 0 -1 3.36725e-7 0 -1 9.02133e-7 -0.9647144 -0.2632986 -1.77171e-5 -0.9647156 -0.2632945 -1.96528e-5 0.1991638 0.02390897 0.9796746 0.1992326 0.02390819 0.9796606 0.6993653 -0.2592 0.6661109 0.6993995 -0.2590271 0.6661422 -0.9997109 -6.41227e-4 0.02403992 -0.9997109 -6.3543e-4 0.02403795 -0.3828287 -2.49342e-4 0.9238194 -0.3825984 -3.39625e-4 0.9239147 0.8705715 0.4444899 0.2110307 0.8704962 0.4446604 0.2109823 0.343824 -0.4417571 0.8286349 0.3437613 -0.4420979 0.8284792 -0.596797 0.1991957 -0.7772738 -0.5967801 0.1990921 -0.7773133 -0.1611924 -0.9790427 -0.1244688 -0.1609371 -0.9790937 -0.1243984 0.18851 -0.979017 0.07739365 0.1888968 -0.9789393 0.0774337 -0.362543 0.8040632 -0.4712165 -0.3627041 0.8039121 -0.4713504 2.80779e-4 -0.2625743 0.9649118 2.73623e-4 -0.2625645 0.9649145 -0.6626958 0.02329772 -0.7485263 -0.662715 0.02329689 -0.7485093 0.128085 -0.8413866 -0.525036 0.1280849 -0.8414808 -0.5248851 0.9997103 6.49651e-4 -0.02406281 0.9997109 6.41139e-4 -0.02403813 -0.0010553 0.9999995 6.87942e-5 -0.001044452 0.9999995 7.86219e-5 0 0.9820826 0.1884514 0 0.9820827 0.1884508 -0.5051192 0.8630496 0 -0.5051192 0.8630498 0 -0.7460494 -0.3402477 0.5724001 -0.7461014 -0.3398818 0.5725497 0.3626212 -0.8039167 -0.4714063 0.3624574 -0.8040907 -0.4712354 -0.07667016 -0.8045121 0.5889669 -0.07665538 -0.8045319 0.5889419 -0.5402086 0.8415312 0 -0.5402101 0.8415302 0 0.5156407 0.8432769 -0.1516535 0.5158631 0.8431295 -0.1517173 -0.1231035 0.3393931 0.9325545 -0.1231151 0.339429 0.9325399 -0.7210083 -0.0852881 -0.6876576 -0.7210034 -0.08513396 -0.6876819 0.367624 -0.6426059 -0.6722428 0.36777 -0.6423257 -0.6724306 -0.1133456 -0.4887667 -0.8650202 -0.1133635 -0.4888297 -0.8649823 0 1 -6.46694e-6 0 1 6.79063e-6 0 1 -3.20518e-6 0 1 -8.72727e-7 0.09887158 0.6466816 -0.756325 0.09888815 0.6466621 -0.7563394 0.9056082 -0.1982855 -0.3749091 0.9056435 -0.1979139 -0.37502 -0.2266464 -0.8044514 0.5490807 -0.2266914 -0.8043998 0.5491376 -0.01379603 0.841687 -0.5397897 -0.0137912 0.8416544 -0.5398406 0.471132 0.804379 -0.361952 0.4708187 0.8046384 -0.3617829 -0.170843 0.9852983 0 -0.1708431 0.9852983 0 0 0.8988623 0.4382313 -0.02643632 0 -0.9996506 0.7935813 9.40846e-4 -0.6084635 0.7935405 4.4679e-4 -0.6085175 0.7934406 5.94015e-4 -0.6086473 0 -1 2.41288e-6 0 -1 3.79491e-7 -0.790688 0.08219814 -0.6066763 -0.7907081 0.08193755 -0.6066853 0.1231398 -0.3397012 0.9324375 0.1230732 -0.3394361 0.9325429 0.608761 4.5055e-4 -0.7933536 0.6087883 4.84663e-4 -0.7933326 0.4639081 0.6469238 -0.6052098 0.4636797 0.6472566 -0.6050291 0.1133561 0.4889834 -0.8648964 0.1133148 0.4891266 -0.8648208 -0.3429823 -0.4417745 0.8289744 -0.3428896 -0.4421012 0.8288386 -0.01759022 -0.643842 -0.7649562 -0.01765066 -0.6440616 -0.7647701 -0.1173976 0.4415311 0.8895325 -0.1173842 0.4413076 0.8896452 -0.786221 -0.4443547 -0.4294246 -0.7861311 -0.4445124 -0.4294262 0.9964799 -0.08383196 0 0.9964837 -0.08378839 0 -0.60667 -0.0851553 0.7903798 -0.6066632 -0.08527165 0.7903724 -0.7935804 5.97619e-5 -0.6084654 -0.793181 -8.56309e-4 -0.6089856 -0.4382374 0.8988593 0 -0.4382375 0.8988593 0 0.5206638 3.30395e-4 0.8537618 0.520447 6.31291e-4 0.8538939 0 0.9121737 0.409804 -0.3748061 -0.2001697 0.9052361 -0.3747515 -0.2003804 0.9052122 -0.1999863 -0.9797987 0 -0.1999721 -0.9798016 0 0 0.8499418 0.5268767 -0.2715298 0.9624301 0 -0.2389861 0.9658194 0.1003919 0.2282041 -0.8041122 -0.5489321 0.2280191 -0.8043077 -0.5487227 -0.2389863 0.9658194 -0.1003926 -0.2715302 0.96243 0 0 0.8499366 -0.5268852 -0.4382374 0.8988593 0 0.5477374 0.8366504 0 0 0.8499364 -0.5268855 0.4999403 0.8660598 0 0 0.8499408 0.5268781 -0.4671853 0.4426875 -0.7653533 -0.4671091 0.4427766 -0.7653483 -0.2116521 0.4437993 0.870773 -0.2116643 0.4433273 0.8710104 -0.4675315 0.6413919 -0.6083016 -0.4675806 0.641119 -0.6085515 0.5500779 0.8351134 0 0.5500778 0.8351134 0 -0.02394723 0.08449888 -0.9961358 -0.02387851 0.08507317 -0.9960886 0 0.8351136 -0.5500777 0 0.8351135 -0.5500776 -1 2.5322e-7 0 0.2530683 -0.4434191 0.8598465 0.2530996 -0.4433361 0.85988 0 0.8445515 -0.5354745 0 0.8445513 -0.5354747 0.7862032 0.4443466 0.4294658 0.7862204 0.4443408 0.4294401 0 0.982083 -0.1884492 0 0.9820829 -0.1884495 0 1 -1.13219e-6 0 1 5.41109e-7 0 1 1.13222e-6 -0.02185058 0.4445074 -0.8955088 -0.02194857 0.443955 -0.8957803 -0.005799651 0.9798986 -0.1994122 -0.005817592 0.9799785 -0.1990185 -0.1231393 0.3394278 -0.9325371 -0.1231315 0.3393948 -0.9325503 -0.194779 -0.9805126 -0.02562117 -0.1947278 -0.9805223 -0.02563393 0.7129687 -0.63635 -0.2945072 0.7073801 -0.6430644 -0.293397 0.1430288 0.9801354 0.1373955 0.1430958 0.9801084 0.137518 0.0189743 -0.6439549 0.7648282 0.01895838 -0.6439911 0.7647981 0.9683156 0.08418339 0.2351129 0.9683198 0.08419811 0.2350908 -0.2530886 0.4434393 -0.8598302 -0.253061 0.44342 -0.8598482 0.02394771 -0.08502149 0.9960913 0.02387291 -0.08445578 0.9961412 0 -1 1.13219e-6 0.1224389 0.3395296 -0.9325923 0.1224096 0.3394622 -0.9326207 0.2084529 -0.8396228 -0.5015786 0.2084709 -0.8394584 -0.5018462 -0.2939878 0.6416074 -0.7084569 -0.2938842 0.641578 -0.7085265 0.8912667 -0.4381395 0.1169506 0.8911536 -0.4383791 0.1169154 0 -1 8.22429e-7 0 -1 -8.22429e-7 0.3826629 2.86629e-4 0.9238881 0.3826827 2.86733e-4 0.9238798 -0.7933636 -4.47453e-4 0.608748 -0.7933772 -4.37861e-4 0.6087303 -0.4648071 0.6467211 0.6047366 -0.4648211 0.6467026 0.6047456 0.8912255 -0.4382304 -0.1169245 0.8912193 -0.4382418 -0.1169283 -0.3602023 0.3395889 0.8688692 -0.3602298 0.3395493 0.8688733 -0.3703165 0.255602 -0.8930472 -0.3703494 0.256024 -0.8929128 -0.2594519 0.8416388 0.4736337 -0.2592228 0.8418825 0.4733259 0.1263031 -0.2564099 0.9582806 0.1263169 -0.2563005 0.958308 -0.04594624 -0.9799789 0.1937276 -0.04597711 -0.9799419 0.1939074 0.5402055 -0.8415331 0 0.540204 -0.8415341 0 -0.6712065 0.6446321 -0.3659666 -0.6710486 0.6448435 -0.3658833 0.3301169 0.8397957 -0.431006 0.3301653 0.8397023 -0.431151 0.2025808 -0.978903 0.02664947 0.2025765 -0.9789031 0.02667802 -0.9219392 0.06589335 -0.3816887 -0.9219327 0.06543207 -0.3817836 0 0.8351136 -0.5500776 0 0.8351135 -0.5500777 -0.9657855 -0.2593425 0 -0.9658114 -0.2592456 0 -0.1305136 -9.72903e-5 -0.9914466 -0.1305614 -9.89929e-5 -0.9914403</float_array>
          <technique_common>
            <accessor source="#DniprovskaPolitehnika_poli_h_poli_l_l_002-mesh-normals-array" count="2473" stride="3">
              <param name="X" type="float"/>
              <param name="Y" type="float"/>
              <param name="Z" type="float"/>
            </accessor>
          </technique_common>
        </source>
        <source id="DniprovskaPolitehnika_poli_h_poli_l_l_002-mesh-map-0">
          <float_array id="DniprovskaPolitehnika_poli_h_poli_l_l_002-mesh-map-0-array" count="17220">0.7098025 0.3764204 0.8388525 0.1454851 0.8388525 0.6073696 0.5678769 0.05593138 0.5678769 0.05173546 0.5684832 0.05142313 0.5678769 0.05593138 0.5684832 0.05142313 0.5684832 0.0557869 0.2666032 0.7147295 0.4975152 0.8437573 0.03588247 0.8437573 0.503166 0.09547394 0.503166 0.001778542 0.5504614 0.001741349 0.503166 0.09547394 0.5504614 0.001741349 0.5504614 0.09544134 0.3918699 0.01621335 0.3918699 0.01099753 0.392998 0.01099646 0.3918699 0.01621335 0.392998 0.01099646 0.392998 0.01619118 0.7245804 0.0190342 0.7209555 0.01902192 0.7210849 0.01793432 0.7245804 0.0190342 0.7210849 0.01793432 0.7247529 0.01794713 0.493986 0.08366996 0.4943292 0.08382731 0.4943292 0.0873391 0.493986 0.08366996 0.4943292 0.0873391 0.4939854 0.08712464 0.5648267 0.02970087 0.5658158 0.02980339 0.5658158 0.03481054 0.5648267 0.02970087 0.5658158 0.03481054 0.5648261 0.03480124 0.02160704 0.1649766 0.02160704 0.02278554 0.0665515 0.1451893 0.8581173 0.870158 0.997292 0.998269 0.7230594 0.998269 0.9465017 0.00192523 0.9924107 0.1484594 0.9436498 0.1484569 0.4996954 0.04903459 0.406 0.04903459 0.4059628 0.001739203 0.4996954 0.04903459 0.4059628 0.001739203 0.4996628 0.001739203 0.9401875 0.0017367 0.9401875 0.275974 0.893086 0.2760067 0.9401875 0.0017367 0.893086 0.2760067 0.893086 0.001769363 0.7130557 0.01908099 0.7078574 0.01906824 0.7078434 0.01793611 0.7130557 0.01908099 0.7078434 0.01793611 0.713065 0.01794898 0.04038166 0.05731081 0.04038166 0.06107199 0.03977411 0.0610907 0.04038166 0.05731081 0.03977411 0.0610907 0.03977411 0.05731773 0.8896114 0.5001205 0.8423283 0.5000785 0.8423282 0.001740634 0.8896114 0.5001205 0.8423282 0.001740634 0.8896113 0.001782596 0.5007466 0.9173054 0.5008142 0.827866 0.8027376 0.827866 0.5007466 0.9173054 0.8027376 0.827866 0.80267 0.9173054 0.4865599 0.07728242 0.4386143 0.07728242 0.438563 0.05264174 0.4865599 0.07728242 0.438563 0.05264174 0.4865133 0.05264174 0.7165801 0.01794719 0.7210849 0.01793432 0.7209555 0.01902192 0.7165801 0.01794719 0.7209555 0.01902192 0.7165032 0.01903426 0.5628035 0.05573743 0.5621533 0.0556069 0.5621533 0.05126637 0.5628035 0.05573743 0.5621533 0.05126637 0.5628031 0.05156475 0.3840489 0.01321393 0.3792253 0.01321393 0.3792661 0.01212412 0.3840489 0.01321393 0.3792661 0.01212412 0.3841462 0.01212412 0.02929174 0.02738231 0.02927339 0.02255696 0.02981305 0.02256518 0.02929174 0.02738231 0.02981305 0.02256518 0.02983134 0.02737772 0.2282301 0.2325416 0.6854991 0.2318606 0.6854991 0.2475438 0.2282301 0.2325416 0.6854991 0.2475438 0.2446222 0.2482002 0.2282301 0.3264024 0.2282301 0.2325416 0.2446222 0.2482002 0.001737952 0.3424239 0.001737952 0.001762509 0.01813012 0.001738011 0.001737952 0.3424239 0.01813012 0.001738011 0.01813012 0.3267162 0.2282301 0.3264024 0.2446222 0.2482002 0.2446222 0.3420633 0.001737952 0.3424239 0.01813012 0.3267162 0.2282301 0.3264024 0.2282301 0.3264024 0.2446222 0.3420633 0.001737952 0.3424239 0.8369808 0.001733899 0.8369809 0.09543383 0.7898795 0.09546655 0.8369808 0.001733899 0.7898795 0.09546655 0.7898795 0.001771211 0.08894538 0.2984126 0.08895057 0.1035789 0.09143739 0.1036137 0.08894538 0.2984126 0.09143739 0.1036137 0.09254831 0.2984642 0.5660173 0.06679928 0.5660173 0.07135367 0.5656345 0.07140028 0.5660173 0.06679928 0.5656345 0.07140028 0.5656345 0.06675553 0.3792702 0.01099205 0.3841701 0.01099151 0.3841462 0.01212412 0.3792702 0.01099205 0.3841462 0.01212412 0.3792661 0.01212412 0.3824034 0.02056336 0.3824262 0.02478253 0.3818861 0.02474999 0.3824034 0.02056336 0.3818861 0.02474999 0.3818627 0.02053999 0.4863402 0.1460306 0.4862422 0.0989257 0.5368499 0.0989257 0.4863402 0.1460306 0.5368499 0.0989257 0.5369479 0.1460306 0.1159257 0.03851681 0.1159235 0.04207873 0.1153822 0.04204142 0.1159257 0.03851681 0.1153822 0.04204142 0.1153844 0.03848886 0.5545952 0.05374836 0.5539293 0.05356305 0.5539293 0.0490629 0.5545952 0.05374836 0.5539293 0.0490629 0.5545946 0.04939389 0.9698901 0.02988958 0.9695963 0.02986633 0.9695963 0.02522742 0.9698901 0.02988958 0.9695963 0.02522742 0.9698901 0.02517616 0.6967631 0.01330971 0.7252529 0.01330971 0.7252646 0.01414078 0.6967631 0.01330971 0.7252646 0.01414078 0.6967741 0.01414078 0.3915829 0.01797312 0.3915829 0.02235436 0.3877021 0.0223264 0.3915829 0.01797312 0.3877021 0.0223264 0.3877021 0.01794576 0.965988 0.02257061 0.9663572 0.02261453 0.9659734 0.02692037 0.965988 0.02257061 0.9659734 0.02692037 0.9655994 0.02696031 0.9661929 0.01554197 0.9656625 0.01119172 0.9660185 0.01117801 0.9661929 0.01554197 0.9660185 0.01117801 0.9665357 0.01543736 0.4636176 0.895805 0.001733064 0.895805 0.001733064 0.8486954 0.4636176 0.895805 0.001733064 0.8486954 0.4636176 0.8486954 0.001732468 0.3465495 0.2027652 0.3465393 0.2027653 0.7474212 0.001732468 0.3465495 0.2027653 0.7474212 0.001732528 0.7474314 0.7461785 0.01603513 0.7464632 0.01609033 0.7454339 0.02047371 0.7461785 0.01603513 0.7454339 0.02047371 0.7451671 0.02032595 0.4940927 0.05742925 0.4945994 0.05740004 0.4945988 0.0618723 0.4940927 0.05742925 0.4945988 0.0618723 0.4940927 0.06193763 0.4980908 0.08833068 0.4980908 0.08405083 0.4983533 0.08391088 0.4980908 0.08833068 0.4983533 0.08391088 0.4983533 0.08827 0.5613514 0.02513736 0.5604875 0.02532267 0.560498 0.02042281 0.5613514 0.02513736 0.560498 0.02042281 0.5613614 0.02036565 0.02929174 0.02738231 0.02927339 0.03210973 0.02873104 0.03209465 0.02929174 0.02738231 0.02873104 0.03209465 0.0287494 0.02737998 0.4987642 0.05315411 0.4940926 0.05315411 0.4941067 0.05264955 0.4987642 0.05315411 0.4941067 0.05264955 0.4988108 0.05264896 0.4318047 0.05963772 0.4318081 0.06363314 0.4313163 0.06368452 0.4318047 0.05963772 0.4313163 0.06368452 0.4313163 0.05962377 0.7567701 0.02042657 0.7568867 0.02076923 0.7529984 0.0212543 0.7567701 0.02042657 0.7529984 0.0212543 0.7529844 0.02090275 0.08600467 0.0785861 0.08600467 0.08249294 0.08562296 0.08250343 0.08600467 0.0785861 0.08562296 0.08250343 0.08562296 0.07851147 0.5547345 0.06197106 0.5542322 0.06201648 0.5542322 0.05765622 0.5547345 0.06197106 0.5542322 0.05765622 0.5547339 0.05757695 0.4160377 0.0578348 0.4160423 0.05726957 0.4201124 0.05726957 0.4160377 0.0578348 0.4201124 0.05726957 0.4200704 0.0578348 0.3720405 0.0134359 0.3720428 0.01099151 0.3757435 0.01100593 0.3720405 0.0134359 0.3757435 0.01100593 0.3757411 0.01345032 0.115924 0.03423225 0.1159257 0.03851681 0.1153844 0.03848886 0.115924 0.03423225 0.1153844 0.03848886 0.1153822 0.03421366 0.499116 0.05938029 0.4985763 0.05940473 0.4985769 0.05511093 0.499116 0.05938029 0.4985769 0.05511093 0.499116 0.05507361 0.5674938 0.04171878 0.5674933 0.03697735 0.5681775 0.0368328 0.5674938 0.04171878 0.5681775 0.0368328 0.5681775 0.04172813 0.5652988 0.02783572 0.5652894 0.02306509 0.5661377 0.02312928 0.5652988 0.02783572 0.5661377 0.02312928 0.5661472 0.02802801 0.4905514 0.06194794 0.4905514 0.06554126 0.490009 0.06551909 0.4905514 0.06194794 0.490009 0.06551909 0.4900084 0.06193625 0.4024146 0.03466999 0.4024152 0.03937876 0.4014239 0.03929483 0.4024146 0.03466999 0.4014239 0.03929483 0.4014239 0.0344882 0.7421445 0.01621413 0.7396501 0.01617336 0.7396501 0.01126062 0.7421445 0.01621413 0.7396501 0.01126062 0.7421445 0.01130139 0.9683085 0.05944013 0.968309 0.05503451 0.9688508 0.05505657 0.9683085 0.05944013 0.9688508 0.05505657 0.9688508 0.05944955 0.9550485 0.00220263 0.955627 0.002809286 0.9560987 0.003627479 0.9560987 0.003627479 0.9564369 0.004599571 0.9566105 0.005660235 0.9566105 0.005660235 0.9566105 0.006736576 0.9564414 0.007751762 0.9564414 0.007751762 0.9561076 0.008643388 0.9556359 0.009346246 0.9556359 0.009346246 0.9550529 0.009812414 0.9544076 0.01001292 0.9544076 0.01001292 0.9537401 0.009931921 0.9530903 0.009574651 0.9530903 0.009574651 0.9525117 0.008964478 0.9520355 0.008146286 0.9520355 0.008146286 0.9517017 0.007177174 0.9515237 0.006117105 0.9515237 0.006117105 0.9515237 0.005040705 0.9516973 0.004024922 0.9516973 0.004024922 0.9520311 0.003133893 0.9525029 0.002431094 0.9525029 0.002431094 0.9530858 0.001964867 0.9537312 0.001764416 0.9537312 0.001764416 0.9543987 0.001844823 0.9550485 0.00220263 0.9550485 0.00220263 0.9560987 0.003627479 0.9566105 0.005660235 0.9566105 0.005660235 0.9564414 0.007751762 0.9556359 0.009346246 0.9556359 0.009346246 0.9544076 0.01001292 0.9530903 0.009574651 0.9530903 0.009574651 0.9520355 0.008146286 0.9515237 0.006117105 0.9515237 0.006117105 0.9516973 0.004024922 0.9525029 0.002431094 0.9525029 0.002431094 0.9537312 0.001764416 0.9550485 0.00220263 0.9550485 0.00220263 0.9566105 0.005660235 0.9556359 0.009346246 0.9556359 0.009346246 0.9530903 0.009574651 0.9515237 0.006117105 0.9515237 0.006117105 0.9525029 0.002431094 0.9550485 0.00220263 0.9556359 0.009346246 0.9515237 0.006117105 0.9550485 0.00220263 0.5615993 0.06782352 0.5615993 0.06460189 0.5621612 0.06471848 0.5615993 0.06782352 0.5621612 0.06471848 0.5621645 0.0679028 0.02929174 0.02738231 0.0287494 0.02737998 0.02873104 0.02256745 0.02929174 0.02738231 0.02873104 0.02256745 0.02927339 0.02255696 0.5583333 0.06948649 0.5583333 0.07349824 0.5579088 0.07334208 0.5583333 0.06948649 0.5579088 0.07334208 0.5579082 0.0693804 0.9656231 0.02257329 0.965988 0.02257061 0.9655994 0.02696031 0.9656231 0.02257329 0.9655994 0.02696031 0.9652296 0.02704226 0.6070441 0.7105561 0.2062317 0.7105561 0.2063633 0.5362924 0.6070441 0.7105561 0.2063633 0.5362924 0.6071759 0.5362924 0.7464691 0.01153594 0.7464632 0.01609033 0.7461785 0.01603513 0.7464691 0.01153594 0.7461785 0.01603513 0.7461843 0.01157754 0.4940222 0.07158589 0.4940222 0.06694006 0.4944049 0.06701695 0.4940222 0.07158589 0.4944049 0.06701695 0.4944049 0.07158589 0.07629126 0.1096212 0.08009684 0.1074962 0.08032453 0.107771 0.07629126 0.1096212 0.08032453 0.107771 0.07643902 0.1099442 0.5616435 0.08090388 0.5620217 0.0809971 0.5620217 0.08486664 0.5616435 0.08090388 0.5620217 0.08486664 0.5616435 0.08485734 0.4705097 0.08307802 0.4666914 0.08307802 0.4666587 0.08272314 0.4705097 0.08307802 0.4666587 0.08272314 0.470575 0.08272314 0.5675163 0.1251118 0.5403779 0.1251556 0.5403779 0.09666049 0.5675163 0.1251118 0.5403779 0.09666049 0.5675163 0.09661674 0.3508753 0.00173223 0.4828096 0.1234257 0.1153198 0.1234258 0.3508753 0.00173223 0.1153198 0.1234258 0.1213853 0.00173223 0.5727575 0.001736998 0.6630914 0.001736998 0.6630634 0.01742011 0.5727575 0.001736998 0.6630634 0.01742011 0.5891216 0.01742011 0.5725104 0.1542115 0.5727575 0.001736998 0.5891216 0.01742011 0.09554845 0.01742005 0.02160668 0.01742005 0.02162998 0.001736938 0.5725104 0.1542115 0.5891216 0.01742011 0.5888745 0.1698947 0.5725104 0.1542115 0.5888745 0.1698947 0.495347 0.1698946 0.09554845 0.01742005 0.02162998 0.001736938 0.1119639 0.001736938 0.4789782 0.1542115 0.5725104 0.1542115 0.495347 0.1698946 0.4788989 0.2029721 0.4789782 0.1542115 0.495347 0.1698946 0.09529668 0.1698946 0.09554845 0.01742005 0.1119639 0.001736938 0.09529668 0.1698946 0.1119639 0.001736938 0.1117168 0.1542115 0.1888242 0.1698946 0.09529668 0.1698946 0.1117168 0.1542115 0.4788989 0.2029721 0.495347 0.1698946 0.4952678 0.2186553 0.1888242 0.1698946 0.1117168 0.1542115 0.2052443 0.1542115 0.205165 0.2029721 0.4788989 0.2029721 0.4952678 0.2186553 0.1888242 0.1698946 0.2052443 0.1542115 0.205165 0.2029721 0.205165 0.2029721 0.4952678 0.2186553 0.1887449 0.2186553 0.205165 0.2029721 0.1887449 0.2186553 0.1888242 0.1698946 0.7322625 0.0156235 0.7322625 0.02053624 0.7287334 0.02053159 0.7322625 0.0156235 0.7287334 0.02053159 0.7287334 0.01562231 0.5539329 0.03443771 0.5539445 0.02965432 0.5550284 0.02959173 0.5539329 0.03443771 0.5550284 0.02959173 0.5550174 0.03432375 0.383452 0.02049803 0.3834748 0.02467536 0.3829686 0.02475464 0.383452 0.02049803 0.3829686 0.02475464 0.3829452 0.02054935 0.6814516 0.01409626 0.6850712 0.01452732 0.6711307 0.01453161 0.6711307 0.01453161 0.6707618 0.001881897 0.6713344 0.005155503 0.6711307 0.01453161 0.6713344 0.005155503 0.6728121 0.008207559 0.6780518 0.01283198 0.6814516 0.01409626 0.6711307 0.01453161 0.6711307 0.01453161 0.6728121 0.008207559 0.6751026 0.01082557 0.6751026 0.01082557 0.6780518 0.01283198 0.6711307 0.01453161 0.3865393 0.03047382 0.3859329 0.03051114 0.3859329 0.02728027 0.3865393 0.03047382 0.3859329 0.02728027 0.3865393 0.02725696 0.3838893 0.01583588 0.3842269 0.01580798 0.3842269 0.02030694 0.3838893 0.01583588 0.3842269 0.02030694 0.3838893 0.02041882 0.4899948 0.05304741 0.4902796 0.05310106 0.4902796 0.0570265 0.4899948 0.05304741 0.4902796 0.0570265 0.4899948 0.05705928 0.5539303 0.07775413 0.5539303 0.07377147 0.5543619 0.07384026 0.5539303 0.07775413 0.5543619 0.07384026 0.5543619 0.077739 0.4905194 0.07881212 0.4905216 0.08256983 0.49013 0.08263516 0.4905194 0.07881212 0.49013 0.08263516 0.49013 0.0789566 0.5633032 0.01590436 0.5665757 0.01659047 0.5539333 0.01578348 0.5539333 0.01578348 0.5539263 0.001830339 0.5543597 0.005468368 0.5539333 0.01578348 0.5543597 0.005468368 0.5556254 0.008914947 0.5602549 0.01431703 0.5633032 0.01590436 0.5539333 0.01578348 0.5539333 0.01578348 0.5556254 0.008914947 0.5576329 0.01193451 0.5576329 0.01193451 0.5602549 0.01431703 0.5539333 0.01578348 0.451168 0.08272278 0.4549863 0.08272278 0.4550563 0.08308327 0.451168 0.08272278 0.4550563 0.08308327 0.4511401 0.08308327 0.03897428 0.03673398 0.03897428 0.04137396 0.03875511 0.04134607 0.03897428 0.03673398 0.03875511 0.04134607 0.03875565 0.03679573 0.5925875 0.02257388 0.758293 0.02409154 0.7582931 0.2816896 0.5925875 0.02257388 0.7582931 0.2816896 0.5925875 0.1479556 0.76176 0.001787602 0.7864007 0.001736223 0.7864007 0.2205452 0.76176 0.001787602 0.7864007 0.2205452 0.7617601 0.2205964 0.7357715 0.02137196 0.7357552 0.02024269 0.7407903 0.02024322 0.7357715 0.02137196 0.7407903 0.02024322 0.7408265 0.02137196 0.5613614 0.02942544 0.560498 0.02972495 0.5604875 0.02532267 0.5613614 0.02942544 0.5604875 0.02532267 0.5613514 0.02513736 0.5661472 0.02802801 0.5661377 0.02312928 0.5671223 0.02317821 0.5661472 0.02802801 0.5671223 0.02317821 0.5671318 0.02817255 0.03390586 0.02342772 0.03803652 0.02342796 0.03827893 0.02442598 0.03390586 0.02342772 0.03827893 0.02442598 0.03406435 0.02442598 0.5577528 0.004181742 0.5577714 0.001737415 0.5612587 0.001734077 0.5577528 0.004181742 0.5612587 0.001734077 0.5612448 0.004181742 0.9821376 0.08041745 0.985844 0.08041745 0.9858906 0.08080691 0.9821376 0.08041745 0.9858906 0.08080691 0.982077 0.08080691 0.4023934 0.03022414 0.4014321 0.03023111 0.4014321 0.001740694 0.4023934 0.03022414 0.4014321 0.001740694 0.4023934 0.001734256 0.9652296 0.02704226 0.9655994 0.02696031 0.9663097 0.03142124 0.9652296 0.02704226 0.9663097 0.03142124 0.9659484 0.03157311 0.5584893 0.03686046 0.5584887 0.03186148 0.5594678 0.03187775 0.5584893 0.03686046 0.5594678 0.03187775 0.5594678 0.03697353 0.08986788 0.08679056 0.08947622 0.08684372 0.08947622 0.08301663 0.08986788 0.08679056 0.08947622 0.08301663 0.08986788 0.08307087 0.494003 0.07743084 0.494003 0.07409739 0.4945037 0.07397615 0.494003 0.07743084 0.4945037 0.07397615 0.4945032 0.07733285 0.9692899 0.05033606 0.969276 0.05074101 0.9656208 0.05073881 0.9692899 0.05033606 0.9656208 0.05073881 0.9657233 0.05033606 0.03770041 0.05070167 0.03831899 0.0506131 0.03831899 0.05538481 0.03770041 0.05070167 0.03831899 0.05538481 0.03770041 0.0552892 0.4588255 0.08273339 0.4627231 0.08273339 0.4629073 0.08307605 0.4588255 0.08273339 0.4629073 0.08307605 0.4589457 0.08307552 0.5677837 0.04818284 0.5677837 0.04360461 0.5684468 0.04355335 0.5677837 0.04818284 0.5684468 0.04355335 0.5684468 0.04830873 0.6885833 0.01241576 0.6885766 0.008695363 0.6932629 0.008684873 0.6885833 0.01241576 0.6932629 0.008684873 0.6932696 0.01240527 0.9656668 0.04240983 0.9665102 0.04202288 0.9665108 0.04592043 0.9656668 0.04240983 0.9665108 0.04592043 0.9656668 0.04620015 0.4985802 0.06956326 0.4985802 0.07367062 0.4981524 0.07376384 0.4985802 0.06956326 0.4981524 0.07376384 0.4981518 0.0697031 0.553926 0.04342806 0.553926 0.03917384 0.5547904 0.03936386 0.553926 0.04342806 0.5547904 0.03936386 0.5547904 0.04373109 0.430952 0.05264401 0.4309334 0.05324804 0.4268656 0.05324804 0.430952 0.05264401 0.4268656 0.05324804 0.4268692 0.05264401 0.4273027 0.05978602 0.4278429 0.05974286 0.4278429 0.06348425 0.4273027 0.05978602 0.4278429 0.06348425 0.4273021 0.06351691 0.4314042 0.0706011 0.4314042 0.06708109 0.4319077 0.0669645 0.4314042 0.0706011 0.4319077 0.0669645 0.4319083 0.07052183 0.4741269 0.08272397 0.4787611 0.08272397 0.4787751 0.08301103 0.4741269 0.08272397 0.4787751 0.08301103 0.4740663 0.08301103 0.9664567 0.03424763 0.9664567 0.03853219 0.9653285 0.03846228 0.9664567 0.03424763 0.9653285 0.03846228 0.965328 0.03420102 0.03953462 0.03479588 0.03845542 0.03480058 0.03845542 0.02960222 0.03953462 0.03479588 0.03845542 0.02960222 0.03953409 0.02965819 0.5649613 0.01270252 0.5649613 0.001744747 0.5691858 0.001763343 0.5649613 0.01270252 0.5691858 0.001763343 0.5691858 0.01272118 0.6967279 0.009639263 0.6967629 0.008685827 0.7249945 0.008682429 0.6967279 0.009639263 0.7249945 0.008682429 0.7249596 0.009639263 0.4436311 0.08309632 0.4435985 0.08272695 0.4475147 0.08272695 0.4436311 0.08309632 0.4475147 0.08272695 0.447454 0.08309632 0.8289586 0.6353201 0.923645 0.4509383 0.923645 0.8073392 0.8289586 0.6353201 0.923645 0.8073392 0.8289586 0.8092827 0.7520791 0.01337271 0.7561278 0.01333075 0.7561278 0.01771032 0.7520791 0.01337271 0.7561278 0.01771032 0.7520791 0.01775228 0.1164681 0.03000324 0.1154434 0.02999275 0.1154434 0.001761078 0.1164681 0.03000324 0.1154434 0.001761078 0.1164647 0.001771569 0.4344993 0.05728095 0.4344993 0.05267947 0.4350067 0.05269807 0.4344993 0.05728095 0.4350067 0.05269807 0.4350067 0.05733233 0.9893882 0.0807715 0.9893742 0.08041942 0.9935189 0.08041995 0.9893882 0.0807715 0.9935189 0.08041995 0.993449 0.0807715 0.9566028 0.01752126 0.9562668 0.01746058 0.9558796 0.01333928 0.9566028 0.01752126 0.9558796 0.01333928 0.956209 0.01331591 0.3838893 0.01583588 0.3838893 0.02041882 0.383452 0.02049803 0.3838893 0.01583588 0.383452 0.02049803 0.383452 0.01585924 0.08674669 0.09673827 0.08665102 0.09238857 0.08699131 0.09232926 0.08674669 0.09673827 0.08699131 0.09232926 0.08708614 0.09676611 0.711806 0.003978908 0.7103351 0.001737058 0.7464261 0.001737058 0.711806 0.003978908 0.7464261 0.001737058 0.7444913 0.003979444 0.9665428 0.006828725 0.9660185 0.01117801 0.9656625 0.01119172 0.9665428 0.006828725 0.9656625 0.01119172 0.9662002 0.006749153 0.8254896 0.8239666 0.6106089 0.8237777 0.610609 0.5895137 0.8254896 0.8239666 0.610609 0.5895137 0.8254896 0.5897026 0.4275373 0.05727893 0.4275699 0.05788415 0.4238169 0.05788415 0.4275373 0.05727893 0.4238169 0.05788415 0.4237936 0.05727893 0.03452873 0.03178489 0.03502428 0.03201043 0.03439718 0.03642702 0.03452873 0.03178489 0.03439718 0.03642702 0.03392148 0.03603851 0.03368204 0.02256155 0.03770548 0.02256131 0.03803652 0.02342796 0.03368204 0.02256155 0.03803652 0.02342796 0.03390586 0.02342772 0.3824262 0.02478253 0.3824034 0.02056336 0.3829452 0.02054935 0.3824262 0.02478253 0.3829452 0.02054935 0.3829686 0.02475464 0.969276 0.05074101 0.9692013 0.05112153 0.9654669 0.05112153 0.969276 0.05074101 0.9654669 0.05112153 0.9656208 0.05073881 0.08637893 0.09669852 0.08628588 0.09244138 0.08665102 0.09238857 0.08637893 0.09669852 0.08665102 0.09238857 0.08674669 0.09673827 0.9733887 0.07583701 0.9733887 0.001755356 0.9980304 0.0017367 0.9733887 0.07583701 0.9980304 0.0017367 0.9980304 0.07581835 0.3834748 0.02467536 0.383452 0.02049803 0.3838893 0.02041882 0.3834748 0.02467536 0.3838893 0.02041882 0.383912 0.02454018 0.5661799 0.07845264 0.5658528 0.0784201 0.5658534 0.07377189 0.5661799 0.07845264 0.5658534 0.07377189 0.5661799 0.07372993 0.4235612 0.05987298 0.4237926 0.05990552 0.4237926 0.0644232 0.4235612 0.05987298 0.4237926 0.0644232 0.4235612 0.06430435 0.3608446 0.001736402 0.3930181 0.001736402 0.3930181 0.006699085 0.3608446 0.001736402 0.3930181 0.006699085 0.3608446 0.006699085 0.3784336 0.01905798 0.3733798 0.01905798 0.373395 0.01792871 0.3784336 0.01905798 0.373395 0.01792871 0.3784685 0.01792871 0.9785472 0.0808112 0.9748268 0.0808112 0.9747709 0.08041954 0.9785472 0.0808112 0.9747709 0.08041954 0.9785985 0.08041954 0.5669238 0.08046746 0.5669238 0.08433711 0.5665578 0.08443498 0.5669238 0.08046746 0.5665578 0.08443498 0.5665578 0.08048141 0.9566028 0.01752126 0.9568943 0.01764237 0.9561555 0.02181041 0.9566028 0.01752126 0.9561555 0.02181041 0.9558796 0.02161455 0.2479484 0.5307706 0.2481592 0.2516514 0.6489717 0.2516514 0.2479484 0.5307706 0.6489717 0.2516514 0.6487609 0.5307705 0.6885833 0.01241576 0.6932696 0.01240527 0.6932629 0.01599156 0.6885833 0.01241576 0.6932629 0.01599156 0.6885766 0.01600211 0.7499417 0.006217062 0.7499311 0.001755356 0.7541123 0.001746058 0.7499417 0.006217062 0.7541123 0.001746058 0.7541233 0.006203055 0.5623742 0.07397955 0.5623742 0.07684451 0.5618057 0.07675594 0.5623742 0.07397955 0.5618057 0.07675594 0.5618057 0.07386189 0.5661377 0.02312928 0.5661478 0.0180661 0.5671318 0.01801604 0.5661377 0.02312928 0.5671318 0.01801604 0.5671223 0.02317821 0.7029574 0.01908099 0.7029294 0.01794898 0.7078434 0.01793611 0.7029574 0.01908099 0.7078434 0.01793611 0.7078574 0.01906824 0.5587666 0.05729895 0.5587666 0.06099253 0.5584462 0.06107407 0.5587666 0.05729895 0.5584462 0.06107407 0.5584417 0.05727559 0.9978539 0.08251935 0.9978539 0.07837933 0.9982122 0.07833272 0.9978539 0.08251935 0.9982122 0.07833272 0.9982099 0.08256131 0.03931468 0.03668034 0.03931468 0.04139721 0.03897428 0.04137396 0.03931468 0.03668034 0.03897428 0.04137396 0.03897428 0.03673398 0.04401797 0.02256119 0.09110724 0.02260315 0.09110724 0.07367467 0.04401797 0.02256119 0.09110724 0.07367467 0.04401797 0.07363283 0.3921269 0.02494859 0.3921414 0.02908855 0.3916007 0.02912586 0.3921269 0.02494859 0.3916007 0.02912586 0.3915868 0.02497655 0.03816235 0.04382908 0.03816235 0.04840731 0.03748589 0.04846799 0.03816235 0.04382908 0.03748589 0.04846799 0.03748589 0.04370784 0.7499417 0.006217062 0.7541233 0.006203055 0.7541128 0.01049691 0.7499417 0.006217062 0.7541128 0.01049691 0.7499311 0.01050621 0.9564916 0.01334857 0.9568943 0.01764237 0.9566028 0.01752126 0.9564916 0.01334857 0.9566028 0.01752126 0.956209 0.01331591 0.6747468 0.001736938 0.7069204 0.001736402 0.7069204 0.004236936 0.6747468 0.001736938 0.7069204 0.004236936 0.6747468 0.004236936 0.5578277 0.08096855 0.5578277 0.07653015 0.5581815 0.07666075 0.5578277 0.08096855 0.5581815 0.07666075 0.5581793 0.08101981 0.5576174 0.08762115 0.5576174 0.08385413 0.5578845 0.08399862 0.5576174 0.08762115 0.5578845 0.08399862 0.5578845 0.08767241 0.554443 0.06470793 0.5544424 0.06841081 0.5539357 0.06834203 0.554443 0.06470793 0.5539357 0.06834203 0.5539357 0.06460994 0.383452 0.01585924 0.383452 0.02049803 0.3829452 0.02054935 0.383452 0.01585924 0.3829452 0.02054935 0.3829452 0.01587319 0.03403359 0.02741426 0.03451812 0.02746254 0.03502428 0.03201043 0.03403359 0.02741426 0.03502428 0.03201043 0.03452873 0.03178489 0.4900215 0.07525342 0.4900215 0.07125681 0.4904577 0.07127898 0.4900215 0.07525342 0.4904577 0.07127898 0.4904577 0.07518941 0.03350502 0.04292428 0.03350502 0.038859 0.0340085 0.03895223 0.03350502 0.04292428 0.0340085 0.03895223 0.0340085 0.04298496 0.5582565 0.03895753 0.5590086 0.03903681 0.5590086 0.04397636 0.5582565 0.03895753 0.5590086 0.04397636 0.5582565 0.04376894 0.7396501 0.008699893 0.7421445 0.00873959 0.7421445 0.01130139 0.7396501 0.008699893 0.7421445 0.01130139 0.7396501 0.01126062 0.02983134 0.02737772 0.03033149 0.02736485 0.03031313 0.03204333 0.02983134 0.02737772 0.03031313 0.03204333 0.02981305 0.03209227 0.5631439 0.04360526 0.5631439 0.0481835 0.56248 0.04830938 0.5631439 0.04360526 0.56248 0.04830938 0.56248 0.04354935 0.4985138 0.06220501 0.4985138 0.06656414 0.4980766 0.06644755 0.4985138 0.06220501 0.4980766 0.06644755 0.4980772 0.06214207 0.9658191 0.01560926 0.9652842 0.01117277 0.9656625 0.01119172 0.9658191 0.01560926 0.9656625 0.01119172 0.9661929 0.01554197 0.3964899 0.002073287 0.397954 0.002343654 0.397954 0.03750097 0.3964899 0.002073287 0.397954 0.03750097 0.3964893 0.03775274 0.03931468 0.03668034 0.03975421 0.03663957 0.03975421 0.04141592 0.03931468 0.03668034 0.03975421 0.04141592 0.03931468 0.04139721 0.05514556 0.08414793 0.05835336 0.08101844 0.05856865 0.08129465 0.05514556 0.08414793 0.05856865 0.08129465 0.05542141 0.0843662 0.3910443 0.02496719 0.3915868 0.02497655 0.3916007 0.02912586 0.3910443 0.02496719 0.3916007 0.02912586 0.3910588 0.02910256 0.4902796 0.05310106 0.4906223 0.05315697 0.4906223 0.05698466 0.4902796 0.05310106 0.4906223 0.05698466 0.4902796 0.0570265 0.758192 0.009698629 0.7575856 0.009675323 0.7575867 0.005838394 0.758192 0.009698629 0.7575867 0.005838394 0.7581954 0.005847692 0.02983134 0.02737772 0.02981305 0.02256518 0.03031313 0.02258968 0.02983134 0.02737772 0.03031313 0.02258968 0.03033149 0.02736485 0.5539316 0.08740794 0.5539316 0.08283674 0.5541541 0.08282268 0.5539316 0.08740794 0.5541541 0.08282268 0.5541541 0.08730304 0.03350502 0.038859 0.03350502 0.04292428 0.03296375 0.04290568 0.03350502 0.038859 0.03296375 0.04290568 0.03296321 0.03883099 0.6678737 0.01836413 0.6988009 0.01836901 0.6992262 0.01879674 0.6674977 0.01879155 0.6665369 0.001847147 0.6678737 0.01836413 0.6678737 0.01836413 0.6992262 0.01879674 0.6674977 0.01879155 0.9677428 0.01950138 0.9661929 0.01554197 0.9665357 0.01543736 0.9677428 0.01950138 0.9665357 0.01543736 0.9680545 0.01931291 0.4192922 0.052648 0.4234054 0.052648 0.4233949 0.05325543 0.4192922 0.052648 0.4233949 0.05325543 0.4192956 0.05325543 0.5539344 0.02028769 0.5570219 0.02025967 0.5570208 0.02517127 0.5539344 0.02028769 0.5570208 0.02517127 0.5539344 0.02520042 0.558686 0.048285 0.558686 0.052868 0.5580585 0.05298447 0.558686 0.048285 0.5580585 0.05298447 0.5580585 0.04821979 0.05542141 0.0843662 0.05856865 0.08129465 0.05879843 0.0815792 0.05542141 0.0843662 0.05879843 0.0815792 0.05571871 0.08458548 0.08531576 0.1008089 0.08637893 0.09669852 0.08674669 0.09673827 0.08531576 0.1008089 0.08674669 0.09673827 0.08566015 0.1009391 0.9680683 0.002680659 0.9665428 0.006828725 0.9662002 0.006749153 0.9680683 0.002680659 0.9662002 0.006749153 0.9677569 0.002510249 0.6829548 0.008674383 0.6829723 0.00980699 0.677795 0.00980699 0.6829548 0.008674383 0.677795 0.00980699 0.6777985 0.008674979 0.4110203 0.05319273 0.4110227 0.05265092 0.4158176 0.05265039 0.4110203 0.05319273 0.4158176 0.05265039 0.4158281 0.05319273 0.04944413 0.08809131 0.04912036 0.08803421 0.04912036 0.08354216 0.04944413 0.08809131 0.04912036 0.08354216 0.0494436 0.0836727 0.9618586 0.002114713 0.9618592 0.0340085 0.9603388 0.03423583 0.9618586 0.002114713 0.9603388 0.03423583 0.9603388 0.001949191 0.3720405 0.0134359 0.3683667 0.01345038 0.3683691 0.01100599 0.3720405 0.0134359 0.3683691 0.01100599 0.3720428 0.01099151 0.5664178 0.06392502 0.5664178 0.05985975 0.5669229 0.05980372 0.5664178 0.06392502 0.5669229 0.05980372 0.5669223 0.06383657 0.4822714 0.08310401 0.4822807 0.08273023 0.4857914 0.08273023 0.4822714 0.08310401 0.4857914 0.08273023 0.4856888 0.08310401 0.3883794 0.01216638 0.3841462 0.01212412 0.3841701 0.01099151 0.3883794 0.01216638 0.3841701 0.01099151 0.3884196 0.01103377 0.08531576 0.1008089 0.08317327 0.1044937 0.08009684 0.1074962 0.08009684 0.1074962 0.07629126 0.1096212 0.07201963 0.1107158 0.07201963 0.1107158 0.06757265 0.110708 0.0632559 0.1095987 0.0632559 0.1095987 0.05935829 0.1074622 0.05614757 0.1044458 0.05614757 0.1044458 0.05384546 0.1007539 0.0526061 0.09663772 0.0526061 0.09663772 0.05251306 0.09238064 0.05357396 0.08826959 0.05357396 0.08826959 0.05571871 0.08458548 0.05879843 0.0815792 0.05879843 0.0815792 0.06260073 0.07945793 0.06687235 0.07836329 0.06687235 0.07836329 0.07131934 0.07837104 0.07563829 0.079481 0.07563829 0.079481 0.07953482 0.08161258 0.08274334 0.08462834 0.08274334 0.08462834 0.08504766 0.08832085 0.08628588 0.09244138 0.08628588 0.09244138 0.08637893 0.09669852 0.08531576 0.1008089 0.08531576 0.1008089 0.08009684 0.1074962 0.07201963 0.1107158 0.07201963 0.1107158 0.0632559 0.1095987 0.05614757 0.1044458 0.05614757 0.1044458 0.0526061 0.09663772 0.05357396 0.08826959 0.05357396 0.08826959 0.05879843 0.0815792 0.06687235 0.07836329 0.06687235 0.07836329 0.07563829 0.079481 0.08274334 0.08462834 0.08274334 0.08462834 0.08628588 0.09244138 0.08531576 0.1008089 0.08531576 0.1008089 0.07201963 0.1107158 0.05614757 0.1044458 0.05614757 0.1044458 0.05357396 0.08826959 0.06687235 0.07836329 0.06687235 0.07836329 0.08274334 0.08462834 0.08531576 0.1008089 0.05614757 0.1044458 0.06687235 0.07836329 0.08531576 0.1008089 0.0909388 0.07608371 0.09127706 0.0760383 0.09127706 0.08068412 0.0909388 0.07608371 0.09127706 0.08068412 0.0909388 0.08063977 0.08203089 0.3054657 0.07860374 0.3055242 0.07965677 0.1105574 0.08203089 0.3054657 0.07965677 0.1105574 0.08202463 0.1105166 0.4983016 0.07650941 0.4983016 0.08104568 0.497969 0.08101767 0.4983016 0.07650941 0.497969 0.08101767 0.4979684 0.07641154 0.5584417 0.05727559 0.5584462 0.06107407 0.5582059 0.06116968 0.5584417 0.05727559 0.5582059 0.06116968 0.5582059 0.05727213 0.758192 0.001740336 0.7581954 0.005847692 0.7575867 0.005838394 0.758192 0.001740336 0.7575867 0.005838394 0.7575856 0.001740336 0.3910443 0.03246396 0.3910588 0.02910256 0.3916007 0.02912586 0.3910443 0.03246396 0.3916007 0.02912586 0.3915868 0.03249192 0.04569762 0.07845121 0.04566508 0.07809966 0.05009645 0.07809966 0.04569762 0.07845121 0.05009645 0.07809966 0.05003577 0.07845121 0.7461843 0.01157754 0.7451841 0.00725615 0.7454513 0.007121324 0.7461843 0.01157754 0.7454513 0.007121324 0.7464691 0.01153594 0.06245303 0.07912564 0.05856865 0.08129465 0.05835336 0.08101844 0.06245303 0.07912564 0.05835336 0.08101844 0.06231659 0.07880544 0.4015854 0.04130685 0.4015854 0.04450392 0.4009791 0.04445958 0.4015854 0.04130685 0.4009791 0.04445958 0.4009791 0.04125201 0.562942 0.03661525 0.5640257 0.03672242 0.5640257 0.04092776 0.562942 0.03661525 0.5640257 0.04092776 0.5629415 0.04077386 0.0569331 0.07809829 0.05673736 0.07857668 0.05362302 0.07857668 0.0569331 0.07809829 0.05362302 0.07857668 0.0537675 0.07809829 0.5629521 0.06161624 0.5624431 0.0616675 0.5624431 0.05765575 0.5629521 0.06161624 0.5624431 0.05765575 0.5629527 0.05757421 0.7529844 0.02090275 0.7529984 0.0212543 0.7491101 0.02076923 0.7529844 0.02090275 0.7491101 0.02076923 0.749194 0.02042651 0.7336143 0.01153349 0.7287027 0.01153349 0.7287085 0.00867635 0.7287085 0.00867635 0.7361831 0.00867635 0.7361773 0.01153349 0.7287085 0.00867635 0.7361773 0.01153349 0.7336143 0.01153349 0.09714299 0.371544 0.09714347 0.3658273 0.09779715 0.3656466 0.09714299 0.371544 0.09779715 0.3656466 0.09779715 0.3714373 0.3841503 0.373692 0.3858286 0.373692 0.3858286 0.3805094 0.3841503 0.373692 0.3858286 0.3805094 0.3841508 0.3804847 0.215157 0.3806346 0.2150872 0.3801057 0.2205945 0.3801057 0.215157 0.3806346 0.2205945 0.3801057 0.2205287 0.3806346 0.9418033 0.1512996 0.9571742 0.1512996 0.9571768 0.1577367 0.9418033 0.1512996 0.9571768 0.1577367 0.9418054 0.1577367 0.9983982 0.05835539 0.9973481 0.05835956 0.9973481 0.05173105 0.9983982 0.05835539 0.9973481 0.05173105 0.9983987 0.0515052 0.09512579 0.3804863 0.09511828 0.3868643 0.09459877 0.3867896 0.09512579 0.3804863 0.09459877 0.3867896 0.0946061 0.3805472 0.09511828 0.3868643 0.09512579 0.3804863 0.09561443 0.380446 0.09511828 0.3868643 0.09561443 0.380446 0.09560465 0.386947 0.9456121 0.3785699 0.9443403 0.3735002 0.9448826 0.3732935 0.9456121 0.3785699 0.9448826 0.3732935 0.9461896 0.3785102 0.4048641 0.3742594 0.4048641 0.3808103 0.4033953 0.3806732 0.4048641 0.3742594 0.4033953 0.3806732 0.4033953 0.3739945 0.5057495 0.3732311 0.5057207 0.371553 0.5115196 0.371553 0.5057495 0.3732311 0.5115196 0.371553 0.5115196 0.3732311 0.9414858 0.3621287 0.9478658 0.3621287 0.9480926 0.3631411 0.9414858 0.3621287 0.9480926 0.3631411 0.9419201 0.3631415 0.4001799 0.3794392 0.3992804 0.3794577 0.3992835 0.3736928 0.4001799 0.3794392 0.3992835 0.3736928 0.4001799 0.3736937 0.5216376 0.377976 0.5278481 0.377976 0.5280222 0.3784748 0.5216376 0.377976 0.5280222 0.3784748 0.5217079 0.3784748 0.9571237 0.1384612 0.958017 0.1385187 0.9580211 0.143837 0.9571237 0.1384612 0.9580211 0.143837 0.9571279 0.1438041 0.1463205 0.3757789 0.1418407 0.3756224 0.1418407 0.3694806 0.1463205 0.3757789 0.1418407 0.3694806 0.1463205 0.3696376 0.418464 0.3745722 0.4237753 0.3738738 0.4238853 0.3743957 0.418464 0.3745722 0.4238853 0.3743957 0.4184386 0.3751115 0.9982388 0.2171656 0.9982625 0.2227591 0.9977285 0.2226482 0.9982388 0.2171656 0.9977285 0.2226482 0.9977005 0.2171738 0.0513522 0.3800051 0.05071198 0.380136 0.05071198 0.3744927 0.0513522 0.3800051 0.05071198 0.3744927 0.0513522 0.3742904 0.9748618 0.3833082 0.9748617 0.001601994 0.994054 0.001609206 0.9748618 0.3833082 0.994054 0.001609206 0.9940541 0.3833154 0.9979062 0.3378188 0.9979062 0.3441679 0.9972634 0.3441181 0.9979062 0.3378188 0.9972634 0.3441181 0.9972634 0.3376894 0.9972592 0.2283097 0.9980608 0.2282979 0.9980608 0.2347769 0.9972592 0.2283097 0.9980608 0.2347769 0.9972592 0.2348057 0.8254429 0.5637084 0.5671504 0.5635401 0.5671504 0.001600503 0.8254429 0.5637084 0.5671504 0.001600503 0.8254428 0.001768827 0.9136214 0.3646243 0.918217 0.3621134 0.9233247 0.3608725 0.9233247 0.3608725 0.9285803 0.3609846 0.9336318 0.3624442 0.9336318 0.3624442 0.9381372 0.3651524 0.9417881 0.368924 0.9417881 0.368924 0.9443403 0.3735002 0.9456121 0.3785699 0.9456121 0.3785699 0.945518 0.3837879 0.9440696 0.3888006 0.9440696 0.3888006 0.9413622 0.3932636 0.9375824 0.3968738 0.9375824 0.3968738 0.9329823 0.3993856 0.927883 0.4006267 0.927883 0.4006267 0.9226235 0.4005134 0.917572 0.3990538 0.917572 0.3990538 0.9130626 0.3963445 0.9094151 0.3925761 0.9094151 0.3925761 0.9068635 0.3879979 0.9055917 0.3829281 0.9055917 0.3829281 0.9056819 0.3777089 0.9071342 0.3726974 0.9071342 0.3726974 0.9098376 0.3682333 0.9136214 0.3646243 0.9136214 0.3646243 0.9233247 0.3608725 0.9336318 0.3624442 0.9336318 0.3624442 0.9417881 0.368924 0.9456121 0.3785699 0.9456121 0.3785699 0.9440696 0.3888006 0.9375824 0.3968738 0.9375824 0.3968738 0.927883 0.4006267 0.917572 0.3990538 0.917572 0.3990538 0.9094151 0.3925761 0.9055917 0.3829281 0.9055917 0.3829281 0.9071342 0.3726974 0.9136214 0.3646243 0.9136214 0.3646243 0.9336318 0.3624442 0.9456121 0.3785699 0.9456121 0.3785699 0.9375824 0.3968738 0.917572 0.3990538 0.917572 0.3990538 0.9055917 0.3829281 0.9136214 0.3646243 0.9456121 0.3785699 0.917572 0.3990538 0.9136214 0.3646243 0.5397334 0.3715605 0.5398607 0.3732283 0.534107 0.3732283 0.5397334 0.3715605 0.534107 0.3732283 0.5340044 0.37156 0.09560465 0.386947 0.09389561 0.3932239 0.09344053 0.393022 0.09560465 0.386947 0.09344053 0.393022 0.09511828 0.3868643 0.5312694 0.3779694 0.5377664 0.3779694 0.5377253 0.3784585 0.5312694 0.3779694 0.5377253 0.3784585 0.5313516 0.3784579 0.9981797 0.2028955 0.9981797 0.2093288 0.9972564 0.2094798 0.9981797 0.2028955 0.9972564 0.2094798 0.9972564 0.2027907 0.3904877 0.3807727 0.3890287 0.380901 0.3890287 0.3737038 0.3904877 0.3807727 0.3890287 0.3737038 0.3904877 0.3737141 0.9981889 0.1497356 0.9972614 0.1498527 0.9972614 0.1429368 0.9981889 0.1497356 0.9972614 0.1429368 0.9981889 0.1430456 0.9690087 0.04676425 0.9616568 0.04676473 0.9616568 0.00160253 0.9690087 0.04676425 0.9616568 0.00160253 0.9690087 0.00160253 0.9979886 0.3603319 0.9972578 0.3603319 0.9972578 0.3546769 0.9979886 0.3603319 0.9972578 0.3546769 0.9979886 0.3547672 0.2288346 0.3693073 0.2287895 0.3651447 0.5024408 0.3664339 0.2288346 0.3693073 0.5024408 0.3664339 0.5024696 0.3693072 0.9983038 0.07067137 0.9983038 0.07728749 0.9972589 0.07727932 0.9983038 0.07067137 0.9972589 0.07727932 0.9972589 0.07043731 0.997255 0.001626729 0.9982404 0.001629233 0.9982405 0.04159742 0.997255 0.001626729 0.9982405 0.04159742 0.997255 0.04159432 0.09392428 0.3741682 0.09561443 0.380446 0.09512579 0.3804863 0.09392428 0.3741682 0.09512579 0.3804863 0.09346866 0.3743318 0.9972536 0.3098117 0.9980878 0.3099328 0.9980878 0.3151701 0.9972536 0.3098117 0.9980878 0.3151701 0.9972536 0.3151023 0.9384991 0.3647055 0.9388376 0.3642947 0.9426912 0.3682743 0.9384991 0.3647055 0.9426912 0.3682743 0.9422568 0.3685849 0.4996964 0.3779696 0.4995194 0.3786869 0.4949675 0.3786869 0.4996964 0.3779696 0.4949675 0.3786869 0.4952179 0.3779696 0.13836 0.3706874 0.1386222 0.3721557 0.131923 0.3721588 0.13836 0.3706874 0.131923 0.3721588 0.1317885 0.37069 0.3406642 0.3872312 0.3406512 0.3805299 0.3412976 0.3805566 0.3406642 0.3872312 0.3412976 0.3805566 0.34131 0.3871748 0.4470974 0.3737042 0.4529414 0.3737037 0.452847 0.37436 0.4470974 0.3737042 0.452847 0.37436 0.4469249 0.37436 0.9981625 0.368878 0.9974431 0.3688765 0.9974431 0.3632932 0.9981625 0.368878 0.9974431 0.3632932 0.9981625 0.3632034 0.4561234 0.3749886 0.4563 0.373695 0.4628052 0.3736947 0.4561234 0.3749886 0.4628052 0.3736947 0.4624602 0.3749886 0.4469249 0.37436 0.452847 0.37436 0.4527894 0.3751155 0.4469249 0.37436 0.4527894 0.3751155 0.4468263 0.3751155 0.3351458 0.379744 0.3351458 0.3737824 0.3359475 0.373824 0.3351458 0.379744 0.3359475 0.373824 0.3359475 0.3797692 0.2650536 0.3736976 0.3120645 0.3736976 0.3126107 0.3757367 0.2650536 0.3736976 0.3126107 0.3757367 0.2645156 0.3757367 0.1380078 0.3694179 0.13836 0.3706874 0.1317885 0.37069 0.1380078 0.3694179 0.1317885 0.37069 0.1316083 0.3694205 0.3399142 0.3872672 0.3399013 0.3805145 0.3406512 0.3805299 0.3399142 0.3872672 0.3406512 0.3805299 0.3406642 0.3872312 0.01553308 0.3758385 0.02048802 0.3758385 0.02038329 0.3765894 0.01553308 0.3758385 0.02038329 0.3765894 0.01538938 0.3765894 0.03268569 0.3839696 0.03214228 0.3839582 0.03214228 0.378395 0.03268569 0.3839696 0.03214228 0.378395 0.03268569 0.3785254 0.3937036 0.3736968 0.3951693 0.3736951 0.3951693 0.3808766 0.3937036 0.3736968 0.3951693 0.3808766 0.3937042 0.380741 0.3607496 0.3808785 0.3591322 0.3809565 0.3591328 0.3737038 0.3607496 0.3808785 0.3591328 0.3737038 0.3607491 0.3737121 0.997388 0.1516573 0.9983464 0.1515259 0.9983464 0.1582159 0.997388 0.1516573 0.9983464 0.1582159 0.9973858 0.1580968 0.3214565 0.3742455 0.3219119 0.3741305 0.3227648 0.3805865 0.3214565 0.3742455 0.3227648 0.3805865 0.3223011 0.3805742 0.1186442 0.380109 0.1241761 0.380109 0.1244267 0.3806208 0.1186442 0.380109 0.1244267 0.3806208 0.1188043 0.3806208 0.3983851 0.3736959 0.3992835 0.3736928 0.3992804 0.3794577 0.3983851 0.3736959 0.3992804 0.3794577 0.3983809 0.3794403 0.1385782 0.3823735 0.1380731 0.3824438 0.1380731 0.3760545 0.1385782 0.3823735 0.1380731 0.3760545 0.1385782 0.3761193 0.3217836 0.380566 0.3223011 0.3805742 0.3214606 0.3868986 0.3217836 0.380566 0.3214606 0.3868986 0.3209596 0.3867632 0.9383812 0.2338108 0.9018813 0.2338477 0.9021329 0.183921 0.9383812 0.2338108 0.9021329 0.183921 0.9386337 0.1838841 0.01500874 0.3782047 0.01548492 0.3782663 0.01548433 0.3846566 0.01500874 0.3782047 0.01548433 0.3846566 0.01500874 0.3847182 0.9416629 0.2218692 0.9570342 0.2218692 0.957045 0.2270321 0.9416629 0.2218692 0.957045 0.2270321 0.9416736 0.2270321 0.5300773 0.3729971 0.5234653 0.3729971 0.5236131 0.3715515 0.5300773 0.3729971 0.5236131 0.3715515 0.5303524 0.3715515 0.9982404 0.1093955 0.9972622 0.1093832 0.9972622 0.102537 0.9982404 0.1093955 0.9972622 0.102537 0.9982399 0.1027711 0.9716532 0.3760076 0.9716532 0.3826279 0.9712474 0.3825704 0.9716532 0.3760076 0.9712474 0.3825704 0.9712474 0.3760527 0.9972742 0.06500023 0.9973481 0.05835956 0.9983982 0.05835539 0.9972742 0.06500023 0.9983982 0.05835539 0.9983221 0.06521797 0.5410279 0.3779769 0.547416 0.3779769 0.5474736 0.3784531 0.5410279 0.3779769 0.5474736 0.3784531 0.5409581 0.3784572 0.9980917 0.2876008 0.9972533 0.2876003 0.9972533 0.2818728 0.9980917 0.2876008 0.9972533 0.2818728 0.9980917 0.2819313 0.346198 0.3737094 0.346198 0.3810207 0.3445217 0.380997 0.346198 0.3737094 0.3445217 0.380997 0.3445217 0.3737156 0.0114271 0.3771134 0.005849003 0.3771131 0.006177544 0.3758335 0.0114271 0.3771134 0.006177544 0.3758335 0.01190447 0.3758335 0.1417773 0.3790668 0.1422711 0.3793277 0.1422711 0.384879 0.1417773 0.3790668 0.1422711 0.384879 0.1417773 0.3847107 0.0887643 0.37629 0.08875775 0.3807681 0.08803361 0.3810142 0.0887643 0.37629 0.08803361 0.3810142 0.08804452 0.3764623 0.9982596 0.09871661 0.9972577 0.09869509 0.9972577 0.09185922 0.9982596 0.09871661 0.9972577 0.09185922 0.9982602 0.09210264 0.9586285 0.2353171 0.9517394 0.2353171 0.9517681 0.230414 0.9586285 0.2353171 0.9517681 0.230414 0.9586542 0.230414 0.9972571 0.2390077 0.9980598 0.238999 0.9980598 0.245442 0.9972571 0.2390077 0.9980598 0.245442 0.9972571 0.2454677 0.9972555 0.3263304 0.9972555 0.3205892 0.9979919 0.320737 0.9972555 0.3263304 0.9979919 0.320737 0.9979919 0.3264332 0.9418157 0.1619932 0.947961 0.1619932 0.9479729 0.1665739 0.9418157 0.1619932 0.9479729 0.1665739 0.941827 0.1665739 0.9641272 0.1544417 0.964808 0.1492511 0.9648137 0.1693177 0.9648137 0.1693177 0.9447477 0.1691607 0.9499433 0.168519 0.9648137 0.1693177 0.9499433 0.168519 0.95478 0.1665537 0.9621226 0.1592663 0.9641272 0.1544417 0.9648137 0.1693177 0.9648137 0.1693177 0.95478 0.1665537 0.9589368 0.1633963 0.9621226 0.1592663 0.9648137 0.1693177 0.9589368 0.1633963 0.9120805 0.3975954 0.9081446 0.3935278 0.9085115 0.3932426 0.9120805 0.3975954 0.9085115 0.3932426 0.912369 0.3972235 0.9120805 0.3975954 0.912369 0.3972235 0.9171244 0.4000808 0.9120805 0.3975954 0.9171244 0.4000808 0.9169428 0.4005157 0.08396589 0.3801055 0.08388787 0.3806685 0.07867014 0.3806685 0.08396589 0.3801055 0.07867014 0.3806685 0.07859826 0.3801055 0.9461896 0.3785102 0.9448826 0.3732935 0.9453852 0.3731053 0.9461896 0.3785102 0.9453852 0.3731053 0.9467261 0.378458 0.997254 0.1690267 0.9972534 0.1625811 0.9982554 0.1623706 0.997254 0.1690267 0.9982554 0.1623706 0.9982554 0.1686068 0.997264 0.3778484 0.9972536 0.3720249 0.9979075 0.3722003 0.997264 0.3778484 0.9979075 0.3722003 0.9979181 0.3779581 0.1348643 0.3760622 0.1348643 0.3823086 0.1343551 0.3823826 0.1348643 0.3760622 0.1343551 0.3823826 0.1343551 0.3760047 0.3406512 0.3805299 0.3406642 0.3739784 0.34131 0.3740863 0.3406512 0.3805299 0.34131 0.3740863 0.3412976 0.3805566 0.554372 0.3683364 0.5080963 0.3683364 0.5056363 0.365139 0.554372 0.3683364 0.5056363 0.365139 0.5567335 0.365139 0.5588237 0.378229 0.5583021 0.3782952 0.5583021 0.3719059 0.5588237 0.378229 0.5583021 0.3719059 0.5588237 0.3719748 0.3209596 0.3743687 0.3214565 0.3742455 0.3223011 0.3805742 0.3209596 0.3743687 0.3223011 0.3805742 0.3217836 0.380566 0.5147148 0.3724537 0.5201154 0.3724496 0.5201194 0.3733543 0.5147148 0.3724537 0.5201194 0.3733543 0.5147395 0.3733533 0.3793464 0.3809614 0.3793464 0.3737211 0.3809384 0.3737047 0.3793464 0.3809614 0.3809384 0.3737047 0.3809379 0.3808628 0.3317714 0.3753028 0.3318536 0.3769776 0.3260358 0.3769776 0.3317714 0.3753028 0.3260358 0.3769776 0.3259767 0.3753028 0.2111326 0.3836845 0.2111326 0.3781768 0.2116708 0.3782397 0.2111326 0.3836845 0.2116708 0.3782397 0.2116708 0.3836072 0.3219119 0.3741305 0.3222845 0.3740484 0.323154 0.3806111 0.3219119 0.3741305 0.323154 0.3806111 0.3227648 0.3805865 0.9679845 0.207807 0.9716114 0.207808 0.9716218 0.2129662 0.9679845 0.207807 0.9716218 0.2129662 0.9679949 0.2129641 0.5175063 0.3779689 0.5172436 0.3786806 0.5128534 0.3786911 0.5175063 0.3779689 0.5128534 0.3786911 0.5130437 0.3779754 0.1087136 0.3801053 0.1150997 0.3801053 0.1151757 0.3805648 0.1087136 0.3801053 0.1151757 0.3805648 0.1086643 0.3805648 0.9127076 0.3967977 0.9089459 0.3929171 0.9094151 0.3925761 0.9127076 0.3967977 0.9094151 0.3925761 0.9130626 0.3963445 0.3359475 0.3797692 0.3359475 0.373824 0.3366943 0.3739421 0.3359475 0.3797692 0.3366943 0.3739421 0.3366943 0.3798416 0.2418871 0.3801152 0.2473903 0.3801152 0.2474724 0.3806037 0.2418871 0.3801152 0.2474724 0.3806037 0.2418502 0.3806037 0.02527242 0.3801113 0.02533197 0.3805544 0.01870965 0.3805544 0.02527242 0.3801113 0.01870965 0.3805544 0.01875692 0.3801113 0.9679845 0.207807 0.9679949 0.20262 0.9716218 0.2026211 0.9679845 0.207807 0.9716218 0.2026211 0.9716114 0.207808 0.3687677 0.3848425 0.3687677 0.3791258 0.3692432 0.3793886 0.3687677 0.3848425 0.3692432 0.3793886 0.3692427 0.385015 0.4131592 0.3738567 0.418464 0.3745722 0.4184386 0.3751115 0.4131592 0.3738567 0.4184386 0.3751115 0.412994 0.3743781 0.9981853 0.1902651 0.9972538 0.1903554 0.9972538 0.1836736 0.9981853 0.1902651 0.9972538 0.1836736 0.9981853 0.1838297 0.9566058 0.1473304 0.9617763 0.1480166 0.9417924 0.1480166 0.9417924 0.1480166 0.9417924 0.1278699 0.9424742 0.1330841 0.9417924 0.1480166 0.9424742 0.1330841 0.9444701 0.1379432 0.9517844 0.1453176 0.9566058 0.1473304 0.9417924 0.1480166 0.9417924 0.1480166 0.9444701 0.1379432 0.9476447 0.1421161 0.9476447 0.1421161 0.9517844 0.1453176 0.9417924 0.1480166 0.2567165 0.3801141 0.256967 0.3805862 0.2511189 0.3805862 0.2567165 0.3801141 0.2511189 0.3805862 0.250967 0.3801136 0.9972597 0.3043306 0.9972597 0.2990369 0.9981054 0.2991355 0.9972597 0.3043306 0.9981054 0.2991355 0.9981054 0.304384 0.4080722 0.3738034 0.409747 0.3737515 0.409747 0.3795797 0.4080722 0.3738034 0.409747 0.3795797 0.4080718 0.3796541 0.05993026 0.4051204 0.05851942 0.4051188 0.05851942 0.365142 0.05993026 0.4051204 0.05851942 0.365142 0.05993026 0.3651434 0.9571237 0.1384612 0.9571279 0.1438041 0.9562232 0.1438041 0.9571237 0.1384612 0.9562232 0.1438041 0.9562232 0.1384858 0.03316724 0.3764608 0.03303587 0.3758328 0.03878957 0.3758328 0.03316724 0.3764608 0.03878957 0.3758328 0.0389949 0.3764608 0.001602888 0.001603841 0.5638245 0.001603782 0.563943 0.3603647 0.001602888 0.001603841 0.563943 0.3603647 0.001721322 0.3603647 0.9225401 0.4010856 0.9226235 0.4005134 0.927883 0.4006267 0.9225401 0.4010856 0.927883 0.4006267 0.9279496 0.4012017 0.4270821 0.3736986 0.4338378 0.3736991 0.4338132 0.3744387 0.4270821 0.3736986 0.4338132 0.3744387 0.4271067 0.3744387 0.0646522 0.3651421 0.0661686 0.3651416 0.06616443 0.4051191 0.0646522 0.3651421 0.06616443 0.4051191 0.0646522 0.4051191 0.9973769 0.1389786 0.9973789 0.1325596 0.9983477 0.132383 0.9973769 0.1389786 0.9983477 0.132383 0.9983477 0.1390566 0.969044 0.1451245 0.9616966 0.1451327 0.9616965 0.09997808 0.969044 0.1451245 0.9616965 0.09997808 0.969044 0.09996986 0.3160326 0.3737996 0.3177016 0.3739064 0.31774 0.3798038 0.3160326 0.3737996 0.31774 0.3798038 0.3160709 0.3797176 0.02373951 0.3758314 0.02901679 0.3758314 0.02883917 0.376555 0.02373951 0.3758314 0.02883917 0.376555 0.02364712 0.3765508 0.9710853 0.2323969 0.964893 0.2323969 0.9648945 0.2261422 0.9710853 0.2323969 0.9648945 0.2261422 0.9710864 0.2261422 0.9982138 0.3506062 0.9973164 0.3506463 0.9973164 0.3460739 0.9982138 0.3506062 0.9973164 0.3460739 0.9982138 0.3460184 0.9546741 0.135378 0.9541732 0.1367399 0.9534734 0.1378867 0.9534734 0.1378867 0.9526164 0.1387379 0.9516518 0.1392389 0.9516518 0.1392389 0.9506622 0.1393523 0.9497058 0.1390715 0.9497058 0.1390715 0.9488446 0.1384186 0.9481449 0.1374341 0.9481449 0.1374341 0.9476522 0.136185 0.9473955 0.134762 0.9473955 0.134762 0.9473955 0.1332538 0.9476522 0.1317676 0.9476522 0.1317676 0.9481531 0.1304051 0.9488528 0.1292588 0.9488528 0.1292588 0.949714 0.1284077 0.9506746 0.1279066 0.9506746 0.1279066 0.9516641 0.1277931 0.9526205 0.1280735 0.9526205 0.1280735 0.9534817 0.1287264 0.9541814 0.1297116 0.9541814 0.1297116 0.9546782 0.1309606 0.9549308 0.1323836 0.9549308 0.1323836 0.9549308 0.1338918 0.9546741 0.135378 0.9546741 0.135378 0.9534734 0.1378867 0.9516518 0.1392389 0.9516518 0.1392389 0.9497058 0.1390715 0.9481449 0.1374341 0.9481449 0.1374341 0.9473955 0.134762 0.9476522 0.1317676 0.9476522 0.1317676 0.9488528 0.1292588 0.9506746 0.1279066 0.9506746 0.1279066 0.9526205 0.1280735 0.9541814 0.1297116 0.9541814 0.1297116 0.9549308 0.1323836 0.9546741 0.135378 0.9546741 0.135378 0.9516518 0.1392389 0.9481449 0.1374341 0.9481449 0.1374341 0.9476522 0.1317676 0.9506746 0.1279066 0.9506746 0.1279066 0.9541814 0.1297116 0.9546741 0.135378 0.9481449 0.1374341 0.9506746 0.1279066 0.9546741 0.135378 0.5627681 0.3699167 0.5633105 0.3697848 0.5640309 0.3752438 0.5627681 0.3699167 0.5640309 0.3752438 0.5634719 0.3752371 0.9058395 0.3617561 0.9104597 0.361753 0.9105911 0.3625779 0.9058395 0.3617561 0.9105911 0.3625779 0.9060202 0.3625779 0.9972595 0.2497313 0.9980037 0.2497672 0.9980037 0.256468 0.9972595 0.2497313 0.9980037 0.256468 0.9972595 0.2564844 0.1247453 0.3763567 0.124811 0.3758351 0.1310616 0.3758351 0.1247453 0.3763567 0.1310616 0.3758351 0.1311314 0.3763567 0.09714299 0.371544 0.09663426 0.3717002 0.09663426 0.3660697 0.09714299 0.371544 0.09663426 0.3660697 0.09714347 0.3658273 0.9602596 0.3565992 0.9602596 0.630075 0.9548202 0.6301038 0.9602596 0.3565992 0.9548202 0.6301038 0.9565048 0.3566207 0.9681428 0.3568475 0.9666978 0.6299681 0.9634725 0.6298326 0.9681428 0.3568475 0.9634725 0.6298326 0.9634725 0.3566504 0.9058395 0.3617561 0.9057532 0.3608598 0.910394 0.3608598 0.9058395 0.3617561 0.910394 0.3608598 0.9104597 0.361753 0.08481246 0.3763532 0.07842427 0.3763532 0.07849001 0.3758357 0.08481246 0.3763532 0.07849001 0.3758357 0.08474266 0.3758357 0.1054409 0.3657116 0.1054455 0.4111348 0.1048842 0.4116931 0.1511538 0.3652115 0.1511583 0.4117569 0.150597 0.4111971 0.1511538 0.3652115 0.150597 0.4111971 0.1505923 0.3657739 0.1054409 0.3657116 0.1048842 0.4116931 0.1048796 0.3651477 0.1511538 0.3652115 0.1505923 0.3657739 0.1054409 0.3657116 0.1054409 0.3657116 0.1048796 0.3651477 0.1511538 0.3652115 0.1134968 0.3694304 0.1134968 0.3763207 0.1086438 0.3763166 0.1134968 0.3694304 0.1086438 0.3763166 0.1086438 0.3694264 0.2295667 0.3801079 0.2297905 0.3806514 0.2245451 0.3806514 0.2295667 0.3801079 0.2245451 0.3806514 0.2244322 0.3801079 0.5634719 0.3752371 0.5640309 0.3752438 0.5633105 0.3807048 0.5634719 0.3752371 0.5633105 0.3807048 0.5627681 0.380559 0.9980563 0.2603941 0.9980563 0.2664127 0.9972537 0.2663798 0.9980563 0.2603941 0.9972537 0.2663798 0.9972537 0.2603767 0.1010282 0.3660809 0.101673 0.3654304 0.101673 0.4128119 0.0546621 0.4128119 0.0546621 0.3654309 0.05531102 0.3660809 0.0546621 0.4128119 0.05531102 0.3660809 0.05531102 0.4121619 0.1010282 0.4121614 0.1010282 0.3660809 0.101673 0.4128119 0.0546621 0.4128119 0.05531102 0.4121619 0.1010282 0.4121614 0.101673 0.4128119 0.0546621 0.4128119 0.1010282 0.4121614 0.9418423 0.2178388 0.9418423 0.1952575 0.9418423 0.1726766 0.9418423 0.1726766 0.9455474 0.1726766 0.9455469 0.2178384 0.9418423 0.1726766 0.9455469 0.2178384 0.9418423 0.2178388 0.9417403 0.1134667 0.9417403 0.07860398 0.9584919 0.07858753 0.9417403 0.1134667 0.9584919 0.07858753 0.9584919 0.1134504 0.9487587 0.217837 0.9487587 0.1726824 0.9524612 0.1726782 0.9487587 0.217837 0.9524612 0.1726782 0.9524612 0.2178328 0.06936889 0.3651568 0.07077556 0.365166 0.07077556 0.4051337 0.06936889 0.3651568 0.07077556 0.4051337 0.06936889 0.4051244 0.2079275 0.4050686 0.2430745 0.4051219 0.2027413 0.4101939 0.2027413 0.365142 0.225501 0.3651748 0.2079275 0.3702796 0.2079275 0.3702796 0.2079275 0.4050686 0.2027413 0.4101939 0.2079275 0.3702796 0.2027413 0.4101939 0.2027413 0.365142 0.3315364 0.3737 0.3317714 0.3753028 0.3259767 0.3753028 0.3315364 0.3737 0.3259767 0.3753028 0.3258084 0.3736994 0.351089 0.38098 0.3494117 0.3809882 0.3494117 0.3737149 0.351089 0.38098 0.3494117 0.3737149 0.3510895 0.3737396 0.1215248 0.376402 0.1167055 0.3763272 0.1167055 0.369441 0.1215248 0.376402 0.1167055 0.369441 0.1215248 0.3695159 0.5031025 0.3784648 0.5031641 0.3779752 0.5095543 0.3779752 0.5031025 0.3784648 0.5095543 0.3779752 0.5096159 0.3784638 0.3687865 0.3736971 0.3759735 0.3736971 0.3760597 0.3752865 0.3687865 0.3736971 0.3760597 0.3752865 0.3687906 0.3752865 0.9713109 0.1983996 0.9680199 0.1959807 0.9680193 0.1496962 0.9680193 0.1496962 0.9713109 0.1472942 0.9713109 0.1728469 0.9680193 0.1496962 0.9713109 0.1728469 0.9713109 0.1983996 0.9414858 0.3621287 0.941127 0.3608639 0.9476779 0.3608639 0.9414858 0.3621287 0.9476779 0.3608639 0.9478658 0.3621287 0.3359423 0.3863447 0.3359475 0.3797692 0.3366943 0.3798416 0.3359423 0.3863447 0.3366943 0.3798416 0.3366891 0.3863663 0.9529772 0.4081019 0.9018718 0.4081019 0.9023811 0.4075869 0.9524679 0.4075869 0.9524679 0.3571074 0.9529772 0.3823471 0.9529772 0.4081019 0.9023811 0.4075869 0.9524679 0.4075869 0.9524679 0.4075869 0.9529772 0.3823471 0.9529772 0.4081019 0.9383811 0.001606583 0.9386337 0.1838841 0.9021329 0.183921 0.9383811 0.001606583 0.9021329 0.183921 0.9018803 0.001643598 0.2114346 0.373696 0.2615168 0.373696 0.2611482 0.3758577 0.2364764 0.3758577 0.2118057 0.3758577 0.2114346 0.373696 0.2611482 0.3758577 0.2364764 0.3758577 0.2114346 0.373696 0.9023811 0.3571074 0.9023811 0.4075869 0.9018718 0.4081019 0.9529772 0.3565919 0.9529772 0.3823471 0.9524679 0.3571074 0.9023811 0.3571074 0.9018718 0.4081019 0.9018718 0.3565919 0.9529772 0.3565919 0.9524679 0.3571074 0.9023811 0.3571074 0.9023811 0.3571074 0.9018718 0.3565919 0.9529772 0.3565919 0.001912117 0.8933346 0.5641338 0.8933346 0.563832 0.9436723 0.001912117 0.8933346 0.563832 0.9436723 0.001610279 0.9436724 0.9983754 0.2961369 0.9975339 0.2961399 0.9975339 0.2904853 0.9983754 0.2961369 0.9975339 0.2904853 0.9983754 0.2904248 0.5588237 0.3719748 0.5583021 0.3719059 0.5599664 0.3657324 0.5588237 0.3719748 0.5599664 0.3657324 0.5604508 0.3659321 0.4370673 0.3749974 0.4372192 0.373699 0.4438065 0.3736994 0.4370673 0.3749974 0.4438065 0.3736994 0.4434821 0.3749974 0.09335863 0.3714353 0.08779406 0.3713142 0.08779406 0.3651739 0.09335863 0.3714353 0.08779406 0.3651739 0.09335446 0.3652951 0.07397705 0.4051313 0.07397705 0.3651637 0.07519942 0.3651514 0.07397705 0.4051313 0.07519942 0.3651514 0.07519942 0.4051186 0.3160326 0.3865637 0.3160709 0.3797176 0.31774 0.3798038 0.3160326 0.3865637 0.31774 0.3798038 0.3177016 0.3866211 0.9983103 0.192244 0.9983103 0.1989217 0.9973704 0.1988437 0.9983103 0.192244 0.9973704 0.1988437 0.9973704 0.1924165 0.002227902 0.413861 0.05070716 0.413861 0.02646726 0.4144853 0.001600086 0.3651418 0.05133384 0.3651418 0.05070662 0.3657619 0.001600086 0.3651418 0.05070662 0.3657619 0.002227365 0.3657619 0.002227902 0.413861 0.02646726 0.4144853 0.001600086 0.4144853 0.001600086 0.3651418 0.002227365 0.3657619 0.002227902 0.413861 0.001600086 0.4144853 0.001600086 0.3651418 0.002227902 0.413861 0.9982196 0.1728101 0.9982197 0.1794796 0.9972538 0.179303 0.9982196 0.1728101 0.9972538 0.179303 0.9972538 0.172884 0.9417741 0.1170844 0.9571436 0.1170844 0.9571341 0.123535 0.9417741 0.1170844 0.9571341 0.123535 0.9417641 0.123535 0.9556669 0.1628223 0.9511407 0.1628223 0.9512505 0.161987 0.9556669 0.1628223 0.9512505 0.161987 0.955823 0.161987 0.06144666 0.405121 0.05993026 0.4051204 0.05993026 0.3651434 0.06144666 0.405121 0.05993026 0.3651434 0.06144666 0.365144 0.9556768 0.1726763 0.9593808 0.1726778 0.9593811 0.2178298 0.9556768 0.1726763 0.9593811 0.2178298 0.9556768 0.2178283 0.5641672 0.9983697 0.001945436 0.9983698 0.001610577 0.9489408 0.5641672 0.9983697 0.001610577 0.9489408 0.5638324 0.9489408 0.5018829 0.3745426 0.4974198 0.3745426 0.4972689 0.3737 0.5018829 0.3745426 0.4972689 0.3737 0.5017771 0.3737 0.9018709 0.2389753 0.9716559 0.2389748 0.9716559 0.3514188 0.9018709 0.2389753 0.9716559 0.3514188 0.9018709 0.3514198 0.3559154 0.3809072 0.3543002 0.3809811 0.3543002 0.3737038 0.3559154 0.3809072 0.3543002 0.3737038 0.3559154 0.3737121 0.5588237 0.378229 0.5604508 0.3842681 0.5599664 0.3844642 0.5588237 0.378229 0.5599664 0.3844642 0.5583021 0.3782952 0.7056258 0.946469 0.7056258 0.6896525 0.9458666 0.4466925 0.7056258 0.946469 0.9458666 0.4466925 0.9458666 0.9387891 0.3786421 0.8135969 0.001618683 0.8135969 0.003750085 0.5682926 0.3786421 0.8135969 0.003750085 0.5682926 0.6165713 0.5682926 0.4271067 0.3744387 0.4338132 0.3744387 0.4337721 0.3750686 0.4271067 0.3744387 0.4337721 0.3750686 0.4271437 0.3750686 0.08456939 0.3651518 0.08458012 0.3712967 0.07842034 0.3712884 0.08456939 0.3651518 0.07842034 0.3712884 0.07840961 0.3651435 0.9690499 0.09593904 0.9616988 0.09593689 0.9616988 0.05078434 0.9690499 0.09593904 0.9616988 0.05078434 0.9690499 0.05078744 0.9485309 0.2356426 0.9416489 0.2356426 0.9416283 0.2304134 0.9485309 0.2356426 0.9416283 0.2304134 0.9485155 0.2304134 0.3655609 0.3808736 0.3639555 0.3809567 0.3639555 0.3736906 0.3655609 0.3808736 0.3639555 0.3736906 0.3655609 0.3736922 0.04650181 0.3759722 0.04650127 0.382424 0.04599201 0.3822885 0.04650181 0.3759722 0.04599201 0.3822885 0.04599201 0.3759352 0.1995287 0.3651359 0.1995287 0.4106559 0.1543701 0.4106559 0.1995287 0.3651359 0.1543701 0.4106559 0.1543701 0.3651359 0.05093789 0.3694134 0.05121713 0.3716797 0.005499899 0.3716797 0.05093789 0.3694134 0.005499899 0.3716797 0.005779147 0.3694129 0.5434592 0.3715569 0.5500872 0.3715569 0.5498033 0.3730153 0.5434592 0.3715569 0.5498033 0.3730153 0.5433022 0.3730153 0.9416895 0.04009842 0.9584494 0.04010367 0.9584494 0.07496643 0.9584494 0.07496643 0.9429543 0.07496142 0.9416895 0.07496035 0.9584494 0.07496643 0.9416895 0.07496035 0.9416895 0.04009842 0.04226309 0.3760405 0.04278481 0.3761062 0.04278481 0.3823485 0.04226309 0.3760405 0.04278481 0.3823485 0.04226309 0.3824184 0.413418 0.3782727 0.413418 0.38378 0.4129502 0.3838292 0.413418 0.3782727 0.4129502 0.3838292 0.4129502 0.3782029 0.1247478 0.3694179 0.1316083 0.3694205 0.1317885 0.37069 0.1247478 0.3694179 0.1317885 0.37069 0.1247443 0.3706874 0.4725444 0.3736914 0.4729592 0.3751287 0.4671768 0.3751287 0.4725444 0.3736914 0.4671768 0.3751287 0.4668688 0.373692 0.5532225 0.3780058 0.5532225 0.3722891 0.55452 0.3719811 0.5532225 0.3780058 0.55452 0.3719811 0.55452 0.3775459 0.9983987 0.0515052 0.9973481 0.05173105 0.9972741 0.04557496 0.9983987 0.0515052 0.9972741 0.04557496 0.9983226 0.04514372 0.5201441 0.3715553 0.5201154 0.3724496 0.5147148 0.3724537 0.5201441 0.3715553 0.5147148 0.3724537 0.5147641 0.3715595 0.8286528 0.3865292 0.8286527 0.001608371 0.8986652 0.001637101 0.8286528 0.3865292 0.8986652 0.001637101 0.8986652 0.3865538 0.9381372 0.3651524 0.9384991 0.3647055 0.9422568 0.3685849 0.9381372 0.3651524 0.9422568 0.3685849 0.9417881 0.368924 0.9972575 0.08072507 0.9982703 0.08072203 0.9982703 0.08758246 0.9972575 0.08072507 0.9982703 0.08758246 0.9972575 0.08736222 0.9716054 0.2219085 0.9679816 0.2218182 0.9679816 0.2176209 0.9716054 0.2219085 0.9679816 0.2176209 0.9716054 0.2177072 0.2331436 0.3806186 0.2330614 0.3801053 0.2385677 0.3801053 0.2331436 0.3806186 0.2385677 0.3801053 0.2385091 0.3806186 0.912369 0.3972235 0.9085115 0.3932426 0.9089459 0.3929171 0.912369 0.3972235 0.9089459 0.3929171 0.9127076 0.3967977 0.4827077 0.3749381 0.4762929 0.3749381 0.4759273 0.3737038 0.4827077 0.3749381 0.4759273 0.3737038 0.4825106 0.3737043 0.9625948 0.2230539 0.9625948 0.1729793 0.9647694 0.173353 0.9625948 0.2230539 0.9647694 0.173353 0.9647694 0.2226924 0.9578033 0.1258893 0.9583829 0.1258196 0.9583829 0.1311749 0.9578033 0.1258893 0.9583829 0.1311749 0.9578033 0.1310927 0.001607298 0.8885558 0.001629889 0.8184906 0.7007293 0.8184906 0.001607298 0.8885558 0.7007293 0.8184906 0.7007067 0.8885558 0.9483513 0.3654279 0.9483513 0.3699823 0.9475026 0.3700644 0.9483513 0.3654279 0.9475026 0.3700644 0.9475026 0.3655592 0.9981013 0.2769097 0.9972639 0.2769103 0.9972639 0.2711775 0.9981013 0.2769097 0.9972639 0.2711775 0.9981013 0.2712351 0.9982302 0.1239066 0.9982302 0.1303417 0.9972572 0.1304535 0.9982302 0.1239066 0.9972572 0.1304535 0.9972572 0.1237636 0.4928278 0.3749333 0.4864582 0.3749333 0.4866717 0.3736995 0.4928278 0.3749333 0.4866717 0.3736995 0.4932057 0.3737 0.1465039 0.383675 0.1459603 0.3836053 0.1459597 0.3782377 0.1465039 0.383675 0.1459597 0.3782377 0.1465039 0.3781678 0.9416356 0.03647935 0.9416356 0.001608252 0.9583976 0.001607775 0.9416356 0.03647935 0.9583976 0.001607775 0.9583976 0.0364784 0.9977005 0.2171738 0.9977285 0.2117282 0.9982625 0.2116008 0.9977005 0.2171738 0.9982625 0.2116008 0.9982388 0.2171656 0.9981111 0.3356645 0.9974741 0.3356943 0.9974746 0.329223 0.9981111 0.3356645 0.9974746 0.329223 0.9981111 0.3291131 0.9982464 0.1131506 0.9982464 0.1195901 0.9972569 0.1197133 0.9982464 0.1131506 0.9972569 0.1197133 0.9972565 0.1130232 0.9964519 0.4010026 0.9964519 0.4309989 0.9961038 0.4306349 0.9964519 0.4010026 0.9961038 0.4306349 0.9961038 0.4013664 0.9936 0.4976605 0.9936 0.4935796 0.9942749 0.4938531 0.9936 0.4976605 0.9942749 0.4938531 0.9942749 0.4977973 0.9847746 0.5254908 0.9842256 0.5255566 0.9842256 0.5210732 0.9847746 0.5254908 0.9842256 0.5210732 0.9847746 0.5211516 0.991859 0.3842281 0.9875394 0.38423 0.9875281 0.3837309 0.991859 0.3842281 0.9875281 0.3837309 0.9918527 0.3837291 0.9802474 0.3060903 0.9839153 0.3061094 0.9839153 0.3160729 0.9802474 0.3060903 0.9839153 0.3160729 0.9802474 0.3160538 0.9953544 0.4406355 0.9947955 0.4406217 0.9948017 0.4370939 0.9953544 0.4406355 0.9948017 0.4370939 0.9953593 0.4371205 0.9609649 0.3653439 0.9609648 0.001926898 0.9764159 0.001971244 0.9609649 0.3653439 0.9764159 0.001971244 0.9764159 0.3653882 0.5277054 0.5315719 0.5246422 0.5315719 0.524703 0.5310167 0.5277054 0.5315719 0.524703 0.5310167 0.5277611 0.5310192 0.637239 0.5310211 0.6371985 0.531325 0.6330518 0.531325 0.637239 0.5310211 0.6330518 0.531325 0.6330113 0.5310211 0.8053933 0.4233109 0.805946 0.4188794 0.8065099 0.4189742 0.8053933 0.4233109 0.8065099 0.4189742 0.8059716 0.423264 0.8396723 0.2318948 0.8421307 0.2285835 0.8426705 0.2288974 0.8396723 0.2318948 0.8426705 0.2288974 0.8401147 0.2323353 0.990944 0.3945111 0.9875195 0.3944466 0.9875195 0.3904651 0.990944 0.3945111 0.9875195 0.3904651 0.990944 0.3905296 0.9811848 0.3442382 0.9819151 0.3445363 0.9815931 0.3487261 0.9811848 0.3442382 0.9815931 0.3487261 0.9808551 0.3485396 0.9847797 0.4759242 0.9847944 0.4793304 0.9842343 0.4793506 0.9847797 0.4759242 0.9842343 0.4793506 0.9842184 0.4759324 0.8059681 0.4277399 0.8053933 0.4233109 0.8059716 0.423264 0.8059681 0.4277399 0.8059716 0.423264 0.8065313 0.427551 0.9886816 0.5052221 0.988991 0.5052728 0.9889965 0.5094891 0.9886816 0.5052221 0.9889965 0.5094891 0.9886876 0.509508 0.8433471 0.316335 0.8433471 0.3262937 0.8396743 0.3263501 0.8433471 0.316335 0.8396743 0.3263501 0.8396743 0.3163912 0.805534 0.4950594 0.805534 0.4906418 0.8063183 0.4905026 0.805534 0.4950594 0.8063183 0.4905026 0.8063183 0.4950391 0.9895555 0.2216727 0.9870965 0.2183616 0.9855511 0.2145085 0.9855511 0.2145085 0.9850236 0.2103719 0.9855511 0.2062355 0.9855511 0.2062355 0.9870965 0.2023773 0.9895555 0.1990711 0.9895555 0.1990711 0.9895555 0.2216727 0.9855511 0.2145085 0.9855511 0.2145085 0.9855511 0.2062355 0.9895555 0.1990711 0.9834182 0.1793528 0.9802564 0.1793215 0.9815364 0.001935958 0.9834182 0.1793528 0.9815364 0.001935958 0.983719 0.001956224 0.6410894 0.5313815 0.6411299 0.5310187 0.644507 0.5310187 0.6410894 0.5313815 0.644507 0.5310187 0.6445627 0.5313815 0.7389343 0.5310112 0.7424153 0.5310112 0.7424583 0.5313494 0.7389343 0.5310112 0.7424583 0.5313494 0.7388888 0.5313494 0.5094681 0.5315343 0.5095188 0.5310171 0.5129251 0.5310171 0.5094681 0.5315343 0.5129251 0.5310171 0.5128408 0.5315343 0.9848468 0.5158937 0.9842211 0.5157684 0.9842211 0.511561 0.9848468 0.5158937 0.9842211 0.511561 0.9848468 0.5118229 0.9882522 0.4510722 0.9879372 0.4511089 0.9879553 0.4468148 0.9882522 0.4510722 0.9879553 0.4468148 0.9882696 0.4468484 0.8426254 0.3082355 0.8426304 0.3040584 0.8436732 0.3040382 0.8426254 0.3082355 0.8436732 0.3040382 0.8436684 0.3082001 0.8439421 0.3665708 0.8428986 0.3665455 0.8429028 0.3619836 0.8439421 0.3665708 0.8429028 0.3619836 0.8439458 0.3619937 0.7167412 0.5314694 0.7168758 0.5310227 0.7195542 0.5310111 0.7167412 0.5314694 0.7195542 0.5310111 0.719374 0.5314569 0.9969211 0.4532447 0.996861 0.4491639 0.9976062 0.4488839 0.9969211 0.4532447 0.9976062 0.4488839 0.9976673 0.453076 0.988469 0.4128715 0.9875688 0.4130488 0.9875467 0.4086496 0.988469 0.4128715 0.9875467 0.4086496 0.9884475 0.4085566 0.9865348 0.3435539 0.9874522 0.3433994 0.9874442 0.3478029 0.9865348 0.3435539 0.9874442 0.3478029 0.9865275 0.3478739 0.4825117 0.5315648 0.4791042 0.5315648 0.4790537 0.5310108 0.4825117 0.5315648 0.4790537 0.5310108 0.4824763 0.5310108 0.8094438 0.4125917 0.3896619 0.4125917 0.3890898 0.2089563 0.8094438 0.4125917 0.3890898 0.2089563 0.8088716 0.2089563 0.8406941 0.3549996 0.8407021 0.3513504 0.841745 0.3513808 0.8406941 0.3549996 0.841745 0.3513808 0.8417376 0.3550451 0.7505028 0.5313021 0.7464118 0.5313021 0.7464473 0.5310172 0.7505028 0.5313021 0.7464473 0.5310172 0.7506092 0.5310172 0.9855511 0.2145085 0.9849696 0.2146654 0.9844219 0.2103618 0.9855511 0.2145085 0.9844219 0.2103618 0.9850236 0.2103719 0.9837129 0.236833 0.9837129 0.2268695 0.9875904 0.2268745 0.9837129 0.236833 0.9875904 0.2268745 0.9875904 0.2368387 0.9924601 0.5349306 0.9924601 0.5312801 0.9927542 0.5313155 0.9924601 0.5349306 0.9927542 0.5313155 0.9927542 0.5348901 0.608738 0.5310171 0.612772 0.5310171 0.6128093 0.5313407 0.608738 0.5310171 0.6128093 0.5313407 0.608688 0.5313407 0.8447853 0.2036485 0.3916078 0.2036486 0.3888521 0.001916706 0.8447853 0.2036485 0.3888521 0.001916706 0.8420304 0.001916646 0.6978114 0.531023 0.697852 0.531376 0.6943787 0.531376 0.6978114 0.531023 0.6943787 0.531376 0.6944395 0.531023 0.8436677 0.298201 0.8396824 0.2981465 0.8396824 0.2882121 0.8436677 0.298201 0.8396824 0.2882121 0.8436677 0.2882665 0.5017949 0.5314843 0.501753 0.5310149 0.5054913 0.5310149 0.5017949 0.5314843 0.5054913 0.5310149 0.5055621 0.5314843 0.5808473 0.5314667 0.5776777 0.5314667 0.5775815 0.5310206 0.5808473 0.5314667 0.5775815 0.5310206 0.5807004 0.5310206 0.4900376 0.5315392 0.4864782 0.5315392 0.4864175 0.5310183 0.4900376 0.5315392 0.4864175 0.5310183 0.4900174 0.5310208 0.9802517 0.2166443 0.9812431 0.2166582 0.9812431 0.2213397 0.9802517 0.2166443 0.9812431 0.2213397 0.9802517 0.221272 0.9923523 0.4824972 0.9923523 0.4870337 0.9915581 0.4868982 0.9923523 0.4824972 0.9915581 0.4868982 0.9915581 0.4824795 0.6831398 0.5314245 0.6801412 0.5314245 0.6799893 0.5310164 0.6831398 0.5314245 0.6799893 0.5310164 0.6830265 0.5310164 0.997651 0.4453244 0.9976062 0.4488839 0.996861 0.4491639 0.997651 0.4453244 0.996861 0.4491639 0.9969052 0.4457007 0.9902342 0.2421888 0.9902602 0.245489 0.9802967 0.245489 0.9902342 0.2421888 0.9802967 0.245489 0.9802701 0.2421875 0.9943 0.4671802 0.9943 0.4714275 0.9938309 0.4713832 0.9943 0.4671802 0.9938309 0.4713832 0.9938309 0.4671688 0.9979266 0.4614739 0.9969291 0.4615598 0.9969291 0.4570031 0.9979266 0.4614739 0.9969291 0.4570031 0.9979266 0.4569677 0.980257 0.2368209 0.980257 0.2268568 0.9837129 0.2268695 0.980257 0.2368209 0.9837129 0.2268695 0.9837129 0.236833 0.9884475 0.4166253 0.9875467 0.4168753 0.9875688 0.4130488 0.9884475 0.4166253 0.9875688 0.4130488 0.988469 0.4128715 0.9847773 0.1950297 0.9853851 0.1950196 0.9848361 0.1993194 0.9847773 0.1950297 0.9848361 0.1993194 0.9842528 0.1991657 0.5207446 0.531479 0.5170537 0.531479 0.5170637 0.5310158 0.5207446 0.531479 0.5170637 0.5310158 0.520699 0.5310158 0.9848448 0.5050553 0.9842271 0.5050933 0.9842271 0.5007757 0.9848448 0.5050553 0.9842271 0.5007757 0.9848448 0.5009036 0.9933229 0.5178707 0.9933229 0.5135418 0.9938964 0.5136582 0.9933229 0.5178707 0.9938964 0.5136582 0.9938964 0.5178252 0.9961956 0.384683 0.9918658 0.3846921 0.991859 0.3842281 0.9961956 0.384683 0.991859 0.3842281 0.9962192 0.3842183 0.9888194 0.4236189 0.9894173 0.4235689 0.9888873 0.427854 0.9888194 0.4236189 0.9888873 0.427854 0.9883084 0.4277395 0.6518576 0.5310231 0.6517089 0.5314309 0.6486324 0.5314309 0.6518576 0.5310231 0.6486324 0.5314309 0.6487425 0.5310231 0.9869329 0.4826358 0.9877246 0.4825851 0.9877246 0.4871876 0.9869329 0.4826358 0.9877246 0.4871876 0.9869329 0.4871166 0.9929941 0.4529458 0.9927089 0.4530342 0.9920538 0.4488661 0.9929941 0.4529458 0.9920538 0.4488661 0.9923505 0.4488587 0.6719568 0.5310204 0.6755264 0.5310192 0.6755568 0.5313648 0.6719568 0.5310204 0.6755568 0.5313648 0.6719113 0.5313648 0.9875472 0.1878827 0.9875689 0.1838063 0.9883409 0.1839582 0.9875472 0.1878827 0.9883409 0.1839582 0.9883183 0.188144 0.9874448 0.3395653 0.9884461 0.3394274 0.9884528 0.343307 0.9874448 0.3395653 0.9884528 0.343307 0.9874522 0.3433994 0.6597931 0.5313722 0.6562286 0.5313722 0.6562844 0.5310217 0.6597931 0.5313722 0.6562844 0.5310217 0.6597577 0.5310217 0.9958801 0.4371901 0.9953593 0.4371205 0.9953544 0.4340586 0.9958801 0.4371901 0.9953544 0.4340586 0.9958739 0.4341598 0.9961352 0.3786152 0.9921517 0.3786152 0.9921321 0.3750967 0.9961352 0.3786152 0.9921321 0.3750967 0.9961155 0.3750967 0.9877904 0.4033259 0.9876399 0.4006592 0.9920928 0.4006592 0.9877904 0.4033259 0.9920928 0.4006592 0.9922422 0.4033259 0.9918515 0.3832296 0.9918527 0.3837291 0.9875281 0.3837309 0.9918515 0.3832296 0.9875281 0.3837309 0.9875421 0.3832317 0.9886083 0.4438319 0.988085 0.4438825 0.9880813 0.4402422 0.9886083 0.4438319 0.9880813 0.4402422 0.9886034 0.4402269 0.8062503 0.5211374 0.8062503 0.5256182 0.8057111 0.5255624 0.8062503 0.5211374 0.8057111 0.5255624 0.8057111 0.5212234 0.9847944 0.47223 0.9847797 0.4759242 0.9842184 0.4759324 0.9847944 0.47223 0.9842184 0.4759324 0.9842343 0.4722262 0.9897374 0.3273382 0.9897416 0.3234041 0.9906571 0.3235409 0.9897374 0.3273382 0.9906571 0.3235409 0.9906528 0.3275508 0.8067079 0.5327871 0.8062475 0.532839 0.8062475 0.5285924 0.8067079 0.5327871 0.8062475 0.5285924 0.8067079 0.5285734 0.9576541 0.5493027 0.9576541 0.4645565 0.9803822 0.4645767 0.9576541 0.5493027 0.9803822 0.4645767 0.9803823 0.5493178 0.8131573 0.3597608 0.8390512 0.3597633 0.8390676 0.3605133 0.8131573 0.3597608 0.8390676 0.3605133 0.8131737 0.3605133 0.9894963 0.3432792 0.9884528 0.343307 0.9884461 0.3394274 0.9894963 0.3432792 0.9884461 0.3394274 0.9894889 0.3393844 0.9891303 0.5171639 0.9891434 0.5139641 0.9894893 0.5138591 0.9891303 0.5171639 0.9894893 0.5138591 0.9894791 0.5169882 0.9942841 0.4751431 0.9942841 0.4796062 0.993481 0.4796258 0.9942841 0.4751431 0.993481 0.4796258 0.993481 0.4750431 0.9947999 0.4671815 0.9947999 0.4714394 0.9943 0.4714275 0.9947999 0.4671815 0.9943 0.4714275 0.9943 0.4671802 0.9867522 0.3374904 0.9867298 0.3330217 0.9877742 0.3330369 0.9867522 0.3374904 0.9877742 0.3330369 0.9877963 0.3374879 0.9899995 0.4646452 0.9899995 0.4692475 0.9890883 0.4692981 0.9899995 0.4646452 0.9890883 0.4692981 0.9890883 0.4646098 0.9836931 0.4593396 0.9609687 0.4593486 0.9609687 0.3699955 0.9836931 0.4593396 0.9609687 0.3699955 0.9836931 0.3699859 0.9897374 0.3189791 0.9906528 0.3190296 0.9906571 0.3235409 0.9897374 0.3189791 0.9906571 0.3235409 0.9897416 0.3234041 0.990276 0.2492794 0.9803125 0.2492794 0.9802967 0.245489 0.990276 0.2492794 0.9802967 0.245489 0.9902602 0.245489 0.5316036 0.5315368 0.5316593 0.5310134 0.5348642 0.5310134 0.5316036 0.5315368 0.5348642 0.5310134 0.534773 0.5315368 0.9867298 0.3330217 0.9867522 0.3291351 0.9877963 0.3291649 0.9867298 0.3330217 0.9877963 0.3291649 0.9877742 0.3330369 0.981905 0.2549964 0.9819025 0.2808936 0.9811379 0.2809069 0.981905 0.2549964 0.9811379 0.2809069 0.9811378 0.2550094 0.9821028 0.3408841 0.9819151 0.3445363 0.9811848 0.3442382 0.9821028 0.3408841 0.9811848 0.3442382 0.9813779 0.3404899 0.8058296 0.5026796 0.8058296 0.4983614 0.8064436 0.4982348 0.8058296 0.5026796 0.8064436 0.4982348 0.8064436 0.5026986 0.8396763 0.3078508 0.8405863 0.3080583 0.8405911 0.3114454 0.8396763 0.3078508 0.8405911 0.3114454 0.8396812 0.3111721 0.9883183 0.188144 0.9883409 0.1839582 0.9892408 0.1840778 0.9883183 0.188144 0.9892408 0.1840778 0.9892178 0.1883453 0.5428962 0.5310143 0.5429823 0.53148 0.5393925 0.53148 0.5428962 0.5310143 0.5393925 0.53148 0.5393319 0.5310143 0.9827086 0.1870402 0.9842528 0.1908938 0.9847773 0.1950297 0.9847773 0.1950297 0.9842528 0.1991657 0.9827086 0.2030205 0.9827086 0.2030205 0.9802478 0.2063306 0.9802478 0.1837314 0.9802478 0.1837314 0.9827086 0.1870402 0.9847773 0.1950297 0.9847773 0.1950297 0.9827086 0.2030205 0.9802478 0.1837314 0.8417056 0.2365758 0.8437601 0.2348543 0.8437601 0.2677847 0.8417056 0.2365758 0.8437601 0.2677847 0.8417056 0.2663975 0.8426254 0.3082355 0.8436684 0.3082001 0.8436739 0.3116278 0.8426254 0.3082355 0.8436739 0.3116278 0.8426304 0.3116785 0.9802505 0.2550173 0.9811378 0.2550094 0.9811379 0.2809069 0.9802505 0.2550173 0.9811379 0.2809069 0.9802506 0.2809144 0.5658495 0.5310105 0.5659621 0.5314125 0.5620648 0.5314125 0.5658495 0.5310105 0.5620648 0.5314125 0.5620003 0.5310105 0.9909583 0.431352 0.9909559 0.4345227 0.9887011 0.43455 0.9909583 0.431352 0.9887011 0.43455 0.9887011 0.4313791 0.9892514 0.526012 0.9885988 0.5257664 0.9885987 0.5221109 0.9892514 0.526012 0.9885987 0.5221109 0.9892516 0.5224748 0.8407164 0.3448355 0.8396717 0.3448305 0.8396717 0.3409369 0.8407164 0.3448355 0.8396717 0.3409369 0.8407164 0.3409623 0.98025 0.3572137 0.9835104 0.357225 0.9835104 0.3616894 0.98025 0.3572137 0.9835104 0.3616894 0.98025 0.361678 0.9886335 0.534892 0.9883235 0.5349325 0.9883223 0.531363 0.9886335 0.534892 0.9883223 0.531363 0.9886335 0.5314136 0.839674 0.2828206 0.839674 0.2728618 0.8436955 0.2728745 0.839674 0.2828206 0.8436955 0.2728745 0.8436955 0.2828332 0.8058501 0.5106824 0.8058501 0.5067383 0.8065009 0.5064514 0.8058501 0.5106824 0.8065009 0.5064514 0.8065009 0.5105286 0.993164 0.3645657 0.9931701 0.3598862 0.9941714 0.3599495 0.993164 0.3645657 0.9941714 0.3599495 0.9941646 0.3645746 0.573067 0.5314893 0.5699938 0.5314893 0.5700596 0.5310134 0.573067 0.5314893 0.5700596 0.5310134 0.5731076 0.5310134 0.8061905 0.4760234 0.8061867 0.4725437 0.8067101 0.4724779 0.8061905 0.4760234 0.8067101 0.4724779 0.8067137 0.475993 0.3849878 0.001916706 0.3853892 0.3159337 0.02110129 0.3159337 0.3849878 0.001916706 0.02110129 0.3159337 0.02070003 0.001916706 0.9896438 0.4785816 0.9886377 0.4787088 0.9886376 0.4750488 0.9896438 0.4785816 0.9886376 0.4750488 0.9896441 0.4749644 0.985259 0.4663848 0.9842149 0.46639 0.9842149 0.4620724 0.985259 0.4663848 0.9842149 0.4620724 0.985259 0.4620503 0.9918515 0.3832296 0.9875421 0.3832317 0.9875757 0.3827653 0.9918515 0.3832296 0.9875757 0.3827653 0.9918598 0.3827641 0.9851325 0.4909446 0.9851325 0.4947065 0.9842238 0.4945393 0.9851325 0.4909446 0.9842238 0.4945393 0.9842238 0.490704 0.8067101 0.4797245 0.8061867 0.4797168 0.8061905 0.4760234 0.8067101 0.4797245 0.8061905 0.4760234 0.8067137 0.475993 0.9886813 0.5172936 0.9886946 0.5140432 0.9891434 0.5139641 0.9886813 0.5172936 0.9891434 0.5139641 0.9891303 0.5171639 0.6680368 0.5313152 0.6638205 0.5313152 0.6637686 0.5310113 0.6680368 0.5313152 0.6637686 0.5310113 0.6680544 0.5310113 0.9956566 0.5057818 0.9962694 0.5057086 0.9962694 0.5100452 0.9956566 0.5057818 0.9962694 0.5100452 0.9956566 0.5099534 0.9871448 0.2552279 0.9871448 0.284847 0.9857306 0.2846648 0.9871448 0.2552279 0.9857306 0.2846648 0.9857306 0.2554051 0.9958739 0.440671 0.9953544 0.4406355 0.9953593 0.4371205 0.9958739 0.440671 0.9953593 0.4371205 0.9958801 0.4371901 0.8358411 0.3541082 0.8131142 0.3541157 0.8131142 0.2089667 0.8358411 0.3541082 0.8131142 0.2089667 0.8358411 0.2089565 0.8486258 0.3663993 0.8486258 0.001922845 0.9571314 0.00196588 0.8486258 0.3663993 0.9571314 0.00196588 0.9571315 0.3664436 0.9939292 0.5012069 0.9939292 0.5040777 0.9934243 0.5042145 0.9939292 0.5012069 0.9934243 0.5042145 0.9934243 0.5013183 0.9930931 0.5258157 0.9930931 0.52135 0.993593 0.5214791 0.9930931 0.5258157 0.993593 0.5214791 0.9935931 0.525803 0.9961888 0.4894895 0.9961888 0.4851353 0.9969749 0.4851859 0.9961888 0.4894895 0.9969749 0.4851859 0.9969749 0.4896566 0.6870993 0.5313786 0.6870524 0.5310207 0.690532 0.5310207 0.6870993 0.5313786 0.690532 0.5310207 0.6904814 0.5313786 0.8407164 0.3409623 0.8417299 0.3409218 0.8417299 0.3447495 0.8407164 0.3409623 0.8417299 0.3447495 0.8407164 0.3448355 0.3891288 0.5925759 0.3892073 0.5310215 0.4620489 0.5310215 0.3891288 0.5925759 0.4620489 0.5310215 0.4619703 0.5925759 0.9962192 0.3842183 0.991859 0.3842281 0.9918527 0.3837291 0.9962192 0.3842183 0.9918527 0.3837291 0.996228 0.3837196 0.8396806 0.3038154 0.8405911 0.303947 0.8405863 0.3080583 0.8396806 0.3038154 0.8405863 0.3080583 0.8396763 0.3078508 0.7051821 0.5313752 0.7018001 0.5313752 0.7017494 0.5310149 0.7051821 0.5313752 0.7017494 0.5310149 0.7052277 0.5310149 0.9930903 0.457046 0.9930903 0.4617192 0.9921105 0.4617192 0.9930903 0.457046 0.9921105 0.4617192 0.9921105 0.4569953 0.9882813 0.4195044 0.9888542 0.4192924 0.9894173 0.4235689 0.9882813 0.4195044 0.9894173 0.4235689 0.9888194 0.4236189 0.9886876 0.5011526 0.9889965 0.5012704 0.988991 0.5052728 0.9886876 0.5011526 0.988991 0.5052728 0.9886816 0.5052221 0.6167066 0.5310211 0.6209344 0.5310211 0.6208534 0.5313293 0.6167066 0.5310211 0.6208534 0.5313293 0.6166965 0.5313293 0.9943557 0.5010602 0.9943519 0.5038802 0.9939292 0.5040777 0.9943557 0.5010602 0.9939292 0.5040777 0.9939292 0.5012069 0.9879553 0.4468148 0.9879372 0.4511089 0.9875316 0.4511361 0.9879553 0.4468148 0.9875316 0.4511361 0.9875497 0.4467888 0.6007522 0.5313308 0.6007016 0.5310122 0.6048331 0.5310122 0.6007522 0.5313308 0.6048331 0.5310122 0.6047977 0.5313308 0.993164 0.3645657 0.9941646 0.3645746 0.9941714 0.3692478 0.993164 0.3645657 0.9941714 0.3692478 0.9931701 0.3692947 0.9921205 0.3645632 0.993164 0.3645657 0.9931701 0.3692947 0.9921205 0.3645632 0.9931701 0.3692947 0.9921266 0.3693111 0.9882522 0.4510722 0.9882696 0.4551379 0.987955 0.4552429 0.9882522 0.4510722 0.987955 0.4552429 0.9879372 0.4511089 0.9812431 0.2166582 0.9822826 0.2166665 0.9822826 0.221367 0.9812431 0.2166582 0.9822826 0.221367 0.9812431 0.2213397 0.4663884 0.5310745 0.4663884 0.5349022 0.4658877 0.5349022 0.4663884 0.5310745 0.4658877 0.5349022 0.4658877 0.5310693 0.6291473 0.5310205 0.629184 0.5313245 0.6249607 0.5313245 0.6291473 0.5310205 0.6249607 0.5313245 0.6250056 0.5310205 0.9808551 0.3485396 0.9815931 0.3487261 0.9811604 0.353165 0.9808551 0.3485396 0.9811604 0.353165 0.9804098 0.3530951 0.9868435 0.1793534 0.9834182 0.1793528 0.983719 0.001956224 0.9868435 0.1793534 0.983719 0.001956224 0.986083 0.001956939 0.844669 0.3080785 0.8436684 0.3082001 0.8436732 0.3040382 0.844669 0.3080785 0.8436732 0.3040382 0.8446739 0.3039673 0.8405863 0.3080583 0.8415838 0.3081899 0.8415887 0.3116177 0.8405863 0.3080583 0.8415887 0.3116177 0.8405911 0.3114454 0.9880135 0.314129 0.9880135 0.2882351 0.9888885 0.2882249 0.9880135 0.314129 0.9888885 0.2882249 0.9888885 0.3141189 0.8076531 0.4434746 0.8075691 0.4392621 0.8080422 0.4392114 0.8076531 0.4434746 0.8080422 0.4392114 0.8081261 0.4434543 0.8081261 0.4434543 0.8081261 0.447839 0.8076531 0.4478187 0.8081261 0.4434543 0.8076531 0.4478187 0.8076531 0.4434746 0.9868435 0.1793534 0.986083 0.001956939 0.9884678 0.001935958 0.9868435 0.1793534 0.9884678 0.001935958 0.9902981 0.1793234 0.9980452 0.3904608 0.9980464 0.3944443 0.994778 0.3944202 0.9980452 0.3904608 0.994778 0.3944202 0.994778 0.3904368 0.844669 0.3080785 0.8446739 0.3114708 0.8436739 0.3116278 0.844669 0.3080785 0.8436739 0.3116278 0.8436684 0.3082001 0.9941245 0.1793292 0.9941245 0.001934528 0.9971674 0.001925706 0.9941245 0.1793292 0.9971674 0.001925706 0.9962251 0.1793241 0.9888018 0.3292915 0.98878 0.3331179 0.9877742 0.3330369 0.9888018 0.3292915 0.9877742 0.3330369 0.9877963 0.3291649 0.9897627 0.4939512 0.9897627 0.4973965 0.9889674 0.4971573 0.9897627 0.4939512 0.9889674 0.4971573 0.9889673 0.4936195 0.8439415 0.3572294 0.8439458 0.3619937 0.8429028 0.3619836 0.8439415 0.3572294 0.8429028 0.3619836 0.8428986 0.3572396 0.5581748 0.5315265 0.5551508 0.5315265 0.5550401 0.5310105 0.5581748 0.5315265 0.5550401 0.5310105 0.558095 0.5310105 0.8076531 0.4434746 0.8076531 0.4478187 0.8072394 0.4477934 0.8076531 0.4434746 0.8072394 0.4477934 0.8072394 0.4435 0.9875308 0.3521251 0.9882907 0.3521403 0.9882907 0.3780342 0.9875308 0.3521251 0.9882907 0.3780342 0.9875309 0.378019 0.8132863 0.6470962 0.8132862 0.3725433 0.9538166 0.3726 0.8132863 0.6470962 0.9538166 0.3726 0.9538167 0.6471528 0.984176 0.290748 0.984176 0.3007121 0.9802495 0.3007197 0.984176 0.290748 0.9802495 0.3007197 0.9802495 0.2907555 0.4745187 0.5347496 0.4745187 0.5310199 0.4750359 0.5310231 0.4745187 0.5347496 0.4750359 0.5310231 0.4750359 0.5347154 0.8131474 0.3654856 0.8131449 0.3648778 0.8390527 0.3648778 0.8131474 0.3654856 0.8390527 0.3648778 0.839056 0.3654856 0.3891806 0.5262717 0.389483 0.4185553 0.7528997 0.4185552 0.3891806 0.5262717 0.7528997 0.4185552 0.7525975 0.5262717 0.9880813 0.4402422 0.9875213 0.4402472 0.9875262 0.4364904 0.9880813 0.4402422 0.9875262 0.4364904 0.988085 0.4365006 0.9856906 0.3330742 0.9867298 0.3330217 0.9867522 0.3374904 0.9856906 0.3330742 0.9867522 0.3374904 0.9857127 0.3375247 0.5888978 0.5310125 0.5888522 0.5313385 0.5848017 0.5313385 0.5888978 0.5310125 0.5848017 0.5313385 0.5847561 0.5310113 0.9923505 0.4488587 0.9920538 0.4488661 0.9924654 0.4446624 0.9923505 0.4488587 0.9924654 0.4446624 0.9927539 0.4447359 0.805877 0.4829676 0.8068727 0.4828031 0.8068727 0.4864523 0.805877 0.4829676 0.8068727 0.4864523 0.805877 0.4865751 0.8016793 0.4185643 0.8016793 0.6931172 0.7567403 0.6930992 0.8016793 0.4185643 0.7567403 0.6930992 0.7567402 0.4185463 0.9883406 0.1916921 0.9883183 0.188144 0.9892178 0.1883453 0.9883406 0.1916921 0.9892178 0.1883453 0.9892408 0.1919623 0.9977299 0.5134027 0.9980534 0.5133621 0.9980534 0.5175038 0.9977299 0.5134027 0.9980534 0.5175038 0.9977299 0.5174583 0.4938952 0.5315288 0.4939408 0.5310202 0.4974495 0.5310202 0.4938952 0.5315288 0.4974495 0.5310202 0.4973684 0.5315288 0.9817481 0.3363547 0.9807141 0.3363901 0.9807141 0.3316864 0.9817481 0.3363547 0.9807141 0.3316864 0.9817481 0.3316713 0.3850744 0.3214243 0.3853604 0.544666 0.02107256 0.5446661 0.3850744 0.3214243 0.02107256 0.5446661 0.02078652 0.3214243 0.9979141 0.5234839 0.9979141 0.5277318 0.9974197 0.5277167 0.9979141 0.5234839 0.9974197 0.5277167 0.9974196 0.5234587 0.9865275 0.3397918 0.9874448 0.3395653 0.9874522 0.3433994 0.9865275 0.3397918 0.9874522 0.3433994 0.9865348 0.3435539 0.98878 0.3331179 0.9888018 0.337517 0.9877963 0.3374879 0.98878 0.3331179 0.9877963 0.3374879 0.9877742 0.3330369 0.9938639 0.1812231 0.9965355 0.1810004 0.9965355 0.3576348 0.9938639 0.1812231 0.9965355 0.3576348 0.9946874 0.3577883 0.9886034 0.4402269 0.9880813 0.4402422 0.988085 0.4365006 0.9886034 0.4402269 0.988085 0.4365006 0.9886083 0.4365208 0.8396723 0.2318948 0.8396723 0.2092931 0.8421306 0.2126044 0.8421306 0.2126044 0.8436766 0.2164574 0.8442036 0.220594 0.8442036 0.220594 0.8436766 0.2247306 0.8421307 0.2285835 0.8421307 0.2285835 0.8396723 0.2318948 0.8421306 0.2126044 0.8421306 0.2126044 0.8442036 0.220594 0.8421307 0.2285835 0.5927174 0.531336 0.592763 0.5310124 0.5968136 0.5310124 0.5927174 0.531336 0.5968136 0.5310124 0.5968591 0.531336 0.8415838 0.3081899 0.8426254 0.3082355 0.8426304 0.3116785 0.8415838 0.3081899 0.8426304 0.3116785 0.8415887 0.3116177 0.8077639 0.4339085 0.8077663 0.4370831 0.8055077 0.4370743 0.8077639 0.4339085 0.8055077 0.4370743 0.8055077 0.4338996 0.9829252 0.3189337 0.9859026 0.3188882 0.9859026 0.3233526 0.9829252 0.3189337 0.9859026 0.3233526 0.9829252 0.3233981 0.8407164 0.3409623 0.8396717 0.3409369 0.8397838 0.3364713 0.8407164 0.3409623 0.8397838 0.3364713 0.8408279 0.3365169 0.8417376 0.347053 0.841745 0.3513808 0.8407021 0.3513504 0.8417376 0.347053 0.8407021 0.3513504 0.8406941 0.3470391 0.8417376 0.347053 0.8427793 0.3470239 0.8427867 0.3513352 0.8417376 0.347053 0.8427867 0.3513352 0.841745 0.3513808 0.982167 0.3489139 0.9817466 0.3532109 0.9811604 0.353165 0.982167 0.3489139 0.9811604 0.353165 0.9815931 0.3487261 0.7524647 0.8264817 0.7524597 0.8110257 0.9831398 0.8110256 0.9831398 0.8110256 0.9831347 0.7941774 0.9980733 0.7941774 0.002160727 0.8254916 0.001912534 0.001917064 0.01685124 0.001917064 0.002160727 0.8254916 0.01685124 0.001917064 0.01709687 0.8110257 0.4970944 0.8254915 0.002160727 0.8254916 0.01709687 0.8110257 0.9831398 0.8110256 0.9980733 0.7941774 0.998081 0.8254914 0.9831398 0.8110256 0.998081 0.8254914 0.7674009 0.8254915 0.7524647 0.8264817 0.9831398 0.8110256 0.7674009 0.8254915 0.4970944 0.8254915 0.01709687 0.8110257 0.512028 0.8110257 0.4970944 0.8254915 0.512028 0.8110257 0.5120331 0.8264817 0.7524647 0.8264817 0.7674009 0.8254915 0.7674059 0.8409425 0.4970969 0.8409425 0.4970944 0.8254915 0.5120331 0.8264817 0.5120331 0.8264817 0.7524647 0.8264817 0.7674059 0.8409425 0.5120331 0.8264817 0.7674059 0.8409425 0.4970969 0.8409425 0.8065185 0.4539978 0.8055069 0.4540079 0.8055069 0.4493246 0.8065185 0.4539978 0.8055069 0.4493246 0.8065182 0.4493752 0.8408279 0.3365169 0.8397838 0.3364713 0.8400007 0.3317323 0.8408279 0.3365169 0.8400007 0.3317323 0.8410442 0.331793 0.5510029 0.5314189 0.5469675 0.5314189 0.5468764 0.5310182 0.5510029 0.5314189 0.5468764 0.5310182 0.5509623 0.5310182 0.9844943 0.5314635 0.9844944 0.535605 0.984215 0.5356405 0.9844943 0.5314635 0.984215 0.5356405 0.9842149 0.5314178 0.8069232 0.4617011 0.8059269 0.4617112 0.8059269 0.4570873 0.8069232 0.4617011 0.8059269 0.4570873 0.8069232 0.4570215 0.9926742 0.4488466 0.9923505 0.4488587 0.9927539 0.4447359 0.9926742 0.4488466 0.9927539 0.4447359 0.9930695 0.4448097 0.7091119 0.5313649 0.7091524 0.5310119 0.7126308 0.5310119 0.7091119 0.5313649 0.7126308 0.5310119 0.7126815 0.5313649 0.8065038 0.4648678 0.8065038 0.4692715 0.8055075 0.4692208 0.8065038 0.4648678 0.8055075 0.4692208 0.8055075 0.4647641 0.7276427 0.531347 0.7240731 0.531347 0.7241188 0.5310186 0.7276427 0.531347 0.7241188 0.5310186 0.7275971 0.5310186 0.7315259 0.5313486 0.7314854 0.5310177 0.735055 0.5310177 0.7315259 0.5313486 0.735055 0.5310177 0.7350043 0.5313486 0.9965929 0.533577 0.9965929 0.5443228 0.9965929 0.5435121 0.9947955 0.4340219 0.9953544 0.4340586 0.9953593 0.4371205 0.9947955 0.4340219 0.9953593 0.4371205 0.9948017 0.4370939 0.8055115 0.5134872 0.8060973 0.5135935 0.8060973 0.5179224 0.8055115 0.5134872 0.8060973 0.5179224 0.8055115 0.5179629 0.4706889 0.5311568 0.4706889 0.5353085 0.4702227 0.5352529 0.4706889 0.5311568 0.4702227 0.5352529 0.4702227 0.5311328 0.9811848 0.3442382 0.9803187 0.3439767 0.9805161 0.3401575 0.9811848 0.3442382 0.9805161 0.3401575 0.9813779 0.3404899 0.9804019 0.325798 0.9804019 0.3234677 0.9804019 0.319006 0.9804019 0.319006 0.9829252 0.3189337 0.9829252 0.3233981 0.9829252 0.3233981 0.9829252 0.3257284 0.9804019 0.325798 0.9804019 0.319006 0.9829252 0.3233981 0.9804019 0.325798 0.5955392 0.1414964 0.5960439 0.1457259 0.5952508 0.1458866 0.5955392 0.1414964 0.5952508 0.1458866 0.5947248 0.1415148 0.6259976 0.1734759 0.6259645 0.1738831 0.6225682 0.173881 0.6259976 0.1734759 0.6225682 0.173881 0.6225146 0.1734759 0.5930204 0.1478617 0.5937924 0.1479359 0.5937924 0.1523144 0.5930204 0.1478617 0.5937924 0.1523144 0.5930247 0.1521286 0.4814643 0.01903456 0.4815757 0.02907472 0.4775686 0.02907472 0.4814643 0.01903456 0.4775686 0.02907472 0.4774531 0.01903504 0.5091214 0.1519308 0.5080704 0.1519472 0.5081059 0.1475647 0.5091214 0.1519308 0.5081059 0.1475647 0.5091574 0.1475027 0.4410855 0.02309441 0.4455342 0.02309441 0.4454847 0.0241751 0.4410855 0.02309441 0.4454847 0.0241751 0.4410526 0.0241751 0.4059092 0.0155633 0.4013043 0.0155633 0.4013347 0.01450115 0.4059092 0.0155633 0.4013347 0.01450115 0.4058864 0.01450115 0.728693 0.001611232 0.998139 0.001611232 0.9983918 0.253142 0.728693 0.001611232 0.9983918 0.253142 0.7289447 0.253142 0.7003745 0.009072542 0.6964789 0.009103834 0.696421 0.008612811 0.7003745 0.009072542 0.696421 0.008612811 0.7003456 0.008581519 0.7242887 0.02381187 0.7242887 0.02098506 0.7248719 0.02097266 0.7242887 0.02381187 0.7248719 0.02097266 0.724873 0.02378708 0.6620693 0.1494982 0.6620693 0.1458843 0.6631314 0.1458492 0.6620693 0.1494982 0.6631314 0.1458492 0.6631308 0.1495055 0.6992902 0.03411024 0.6997696 0.03417629 0.6997686 0.03742402 0.6992902 0.03411024 0.6997686 0.03742402 0.6992902 0.03730851 0.707661 0.04909479 0.7082115 0.04903703 0.7082369 0.05253231 0.707661 0.04909479 0.7082369 0.05253231 0.7076855 0.05255299 0.5081651 0.2100241 0.53185 0.2099993 0.5318501 0.468057 0.5081651 0.2100241 0.5318501 0.468057 0.5081651 0.4680818 0.4532499 0.01895159 0.4532499 0.02333515 0.4498479 0.023328 0.4532499 0.01895159 0.4498479 0.023328 0.4498479 0.01894742 0.6766397 0.1987623 0.6766397 0.1954867 0.6770088 0.1955919 0.6766397 0.1987623 0.6770088 0.1955919 0.677013 0.198785 0.5799316 0.5324109 0.5566108 0.5325182 0.5566107 0.306789 0.5799316 0.5324109 0.5566107 0.306789 0.5799316 0.3066817 0.5102012 0.1628044 0.5093613 0.1628952 0.5093613 0.1585187 0.5102012 0.1628044 0.5093613 0.1585187 0.5102012 0.1585683 0.6631308 0.1495055 0.6631314 0.1458492 0.6642072 0.1457393 0.6631308 0.1495055 0.6642072 0.1457393 0.6642072 0.1494101 0.6863325 0.1929851 0.6867015 0.1929603 0.6867015 0.196142 0.6863325 0.1929851 0.6867015 0.196142 0.6863325 0.1962534 0.6358864 0.1738098 0.6358782 0.1734768 0.639976 0.1734768 0.6358864 0.1738098 0.639976 0.1734768 0.6400462 0.1738098 0.520051 0.1536901 0.5205597 0.1496386 0.5209457 0.1496807 0.520051 0.1536901 0.5209457 0.1496807 0.5204283 0.1537981 0.6868553 0.1838717 0.6868553 0.1803433 0.6872202 0.18043 0.6868553 0.1838717 0.6872202 0.18043 0.6872244 0.1839956 0.5055477 0.1408271 0.5057706 0.1400349 0.509559 0.1400355 0.5055477 0.1408271 0.509559 0.1400355 0.5092371 0.1408271 0.5017883 0.3246023 0.3813508 0.2985666 0.3813508 0.01274353 0.5017883 0.3246023 0.3813508 0.01274353 0.5017883 0.03877508 0.5946342 0.1544569 0.5946342 0.1586332 0.593674 0.1587198 0.5946342 0.1544569 0.593674 0.1587198 0.593674 0.1546302 0.7058323 0.1927211 0.7088993 0.2038891 0.7088993 0.218211 0.6820053 0.2172443 0.6820053 0.1886015 0.685068 0.2140904 0.7058323 0.2148363 0.7058323 0.1927211 0.7088993 0.218211 0.6820053 0.2172443 0.685068 0.2140904 0.7058323 0.2148363 0.7088993 0.218211 0.6820053 0.2172443 0.7058323 0.2148363 0.648293 0.1508226 0.6483038 0.1477977 0.6488869 0.1478245 0.648293 0.1508226 0.6488869 0.1478245 0.6488762 0.1508371 0.6528811 0.1655563 0.6487255 0.1655563 0.6486182 0.1648861 0.6528811 0.1655563 0.6486182 0.1648861 0.6526376 0.1648861 0.5531411 0.3081628 0.5033993 0.02953892 0.616102 0.02954006 0.6622528 0.1617437 0.6622528 0.158744 0.6628116 0.1588359 0.6622528 0.1617437 0.6628116 0.1588359 0.6628117 0.1618458 0.6312792 0.2139497 0.6321493 0.2173222 0.6321588 0.220806 0.6321588 0.220806 0.6313074 0.2241623 0.6296545 0.227163 0.6296545 0.227163 0.6273057 0.2296057 0.6244314 0.231319 0.6244314 0.231319 0.6212224 0.2321938 0.6178977 0.2321608 0.6178977 0.2321608 0.6146829 0.23123 0.6117951 0.2294604 0.6117951 0.2294604 0.6094376 0.2269788 0.6077656 0.2239452 0.6077656 0.2239452 0.6068956 0.2205727 0.6068862 0.2170889 0.6068862 0.2170889 0.6077376 0.2137326 0.6093946 0.2107309 0.6093946 0.2107309 0.6117392 0.208289 0.6146135 0.2065758 0.6146135 0.2065758 0.6178235 0.2057051 0.6211472 0.2057342 0.6211472 0.2057342 0.6243619 0.206665 0.6272488 0.2084304 0.6272488 0.2084304 0.6296073 0.2109161 0.6312792 0.2139497 0.6312792 0.2139497 0.6321588 0.220806 0.6296545 0.227163 0.6296545 0.227163 0.6244314 0.231319 0.6178977 0.2321608 0.6178977 0.2321608 0.6117951 0.2294604 0.6077656 0.2239452 0.6077656 0.2239452 0.6068862 0.2170889 0.6093946 0.2107309 0.6093946 0.2107309 0.6146135 0.2065758 0.6211472 0.2057342 0.6211472 0.2057342 0.6272488 0.2084304 0.6312792 0.2139497 0.6312792 0.2139497 0.6296545 0.227163 0.6178977 0.2321608 0.6178977 0.2321608 0.6077656 0.2239452 0.6093946 0.2107309 0.6093946 0.2107309 0.6211472 0.2057342 0.6312792 0.2139497 0.6178977 0.2321608 0.6093946 0.2107309 0.6312792 0.2139497 0.6126591 0.1739695 0.6098033 0.1739695 0.6096316 0.1734716 0.6126591 0.1739695 0.6096316 0.1734716 0.6125162 0.1734716 0.5091214 0.1435948 0.5091574 0.1475027 0.5081059 0.1475647 0.5091214 0.1435948 0.5081059 0.1475647 0.5080704 0.1437062 0.5128808 0.1004669 0.5128808 0.1258959 0.5121983 0.1258856 0.5128808 0.1004669 0.5121983 0.1258856 0.5121983 0.1004565 0.6483281 0.1609096 0.6483281 0.1565188 0.6491733 0.1564363 0.6483281 0.1609096 0.6491733 0.1564363 0.6491733 0.1609509 0.6019032 0.1691808 0.605576 0.1691797 0.6055471 0.1697152 0.6019032 0.1691808 0.6055471 0.1697152 0.6019114 0.1697152 0.627368 0.1695878 0.6232082 0.1695878 0.6232165 0.1691827 0.627368 0.1695878 0.6232165 0.1691827 0.627434 0.1691827 0.7076855 0.05255299 0.7082369 0.05253231 0.7082115 0.05620521 0.7076855 0.05255299 0.7082115 0.05620521 0.707661 0.0561887 0.5049399 0.3341671 0.5049389 0.5140316 0.3813486 0.5650383 0.5049399 0.3341671 0.3813486 0.5650383 0.3813486 0.3028368 0.6028728 0.1073746 0.6023837 0.1117438 0.601527 0.1116923 0.6028728 0.1073746 0.601527 0.1116923 0.6020333 0.1072055 0.4110845 0.01450085 0.4133391 0.01450085 0.4135437 0.01768815 0.4110845 0.01450085 0.4135437 0.01768815 0.411292 0.01768815 0.5986459 0.1671261 0.5986459 0.1712204 0.5981618 0.1711647 0.5986459 0.1671261 0.5981618 0.1711647 0.5981618 0.1671025 0.6449237 0.1197719 0.6451259 0.1645375 0.5995419 0.1645375 0.6449237 0.1197719 0.5995419 0.1645375 0.5993375 0.1197719 0.7166283 0.01925742 0.7165777 0.01664435 0.7209613 0.01664435 0.7166283 0.01925742 0.7209613 0.01664435 0.7210118 0.01925742 0.7082115 0.05620521 0.7087959 0.05621337 0.7087184 0.05982434 0.7082115 0.05620521 0.7087184 0.05982434 0.7081341 0.05980372 0.7070104 0.1815134 0.6946324 0.2124558 0.6946324 0.0340501 0.7070104 0.1815134 0.6946324 0.0340501 0.7070103 0.06588184 0.7003456 0.008581519 0.696421 0.008612811 0.6964087 0.008091092 0.7003456 0.008581519 0.6964087 0.008091092 0.7003415 0.008059799 0.72277 0.006211519 0.7227722 0.003889203 0.7233544 0.003853082 0.72277 0.006211519 0.7233544 0.003853082 0.7233544 0.006166636 0.6489034 0.1197991 0.6488991 0.1441697 0.6482544 0.14418 0.6489034 0.1197991 0.6482544 0.14418 0.6482544 0.1198084 0.6192073 0.1734728 0.6192981 0.1739023 0.6160255 0.1739023 0.6192073 0.1734728 0.6160255 0.1739023 0.6158976 0.1734738 0.5928829 0.1732885 0.5924542 0.1732101 0.5924542 0.1697396 0.5928829 0.1732885 0.5924542 0.1697396 0.5928829 0.1698633 0.5419425 0.02309858 0.5419456 0.02380269 0.5165547 0.02380269 0.5419425 0.02309858 0.5165547 0.02380269 0.5165516 0.02309858 0.518159 0.1677916 0.5174548 0.1676801 0.5174548 0.1633346 0.518159 0.1677916 0.5174548 0.1633346 0.518159 0.1635615 0.5082341 0.08331179 0.5089722 0.08329427 0.5089722 0.1086851 0.5082341 0.08331179 0.5089722 0.1086851 0.5082341 0.1087026 0.4283642 0.00259304 0.4029346 0.00259304 0.4029326 0.001609563 0.4283642 0.00259304 0.4029326 0.001609563 0.4283616 0.001612067 0.5886545 0.1707342 0.5886545 0.1670644 0.5892378 0.1670753 0.5886545 0.1707342 0.5892378 0.1670753 0.5892378 0.1707326 0.6628003 0.1659122 0.6634445 0.1656522 0.6634445 0.1697913 0.6628003 0.1659122 0.6634445 0.1697913 0.6628003 0.1699151 0.5161027 0.1222091 0.5165058 0.1226382 0.5165163 0.1508941 0.5161027 0.1222091 0.5165163 0.1508941 0.5161123 0.1512615 0.7065713 0.04583889 0.7031183 0.04578524 0.7031183 0.03600639 0.7065713 0.04583889 0.7031183 0.03600639 0.7065713 0.03606057 0.6692039 0.01735687 0.6692117 0.0180568 0.6438574 0.0180568 0.6692039 0.01735687 0.6438574 0.0180568 0.6438497 0.01735687 0.614486 0.0977832 0.614486 0.07255017 0.6152495 0.07257497 0.614486 0.0977832 0.6152495 0.07257497 0.6152495 0.097808 0.5923837 0.7646245 0.5923836 0.2666636 0.7987101 0.2658613 0.5923837 0.7646245 0.7987101 0.2658613 0.7987111 0.7638223 0.5733974 0.02524 0.5776191 0.02524 0.577615 0.02576124 0.5733974 0.02524 0.577615 0.02576124 0.5733851 0.02576065 0.4661141 0.02274537 0.4653837 0.02319926 0.464515 0.0235216 0.464515 0.0235216 0.463572 0.02368706 0.4626125 0.02368706 0.4626125 0.02368706 0.4617025 0.02351737 0.4609082 0.02319926 0.4609082 0.02319926 0.460283 0.02274537 0.4598641 0.02218538 0.4598641 0.02218538 0.4596866 0.02156609 0.4597568 0.02092128 0.4597568 0.02092128 0.4600787 0.02030199 0.4606214 0.0197463 0.4606214 0.0197463 0.4613476 0.01929235 0.4622163 0.01897001 0.4622163 0.01897001 0.4631634 0.01880031 0.4641208 0.01880031 0.4641208 0.01880031 0.4650287 0.01897001 0.4658231 0.01929235 0.4658231 0.01929235 0.4664503 0.0197463 0.4668672 0.02030199 0.4668672 0.02030199 0.4670447 0.02092552 0.4669745 0.02156609 0.4669745 0.02156609 0.4666547 0.02218961 0.4661141 0.02274537 0.4661141 0.02274537 0.464515 0.0235216 0.4626125 0.02368706 0.4626125 0.02368706 0.4609082 0.02319926 0.4598641 0.02218538 0.4598641 0.02218538 0.4597568 0.02092128 0.4606214 0.0197463 0.4606214 0.0197463 0.4622163 0.01897001 0.4641208 0.01880031 0.4641208 0.01880031 0.4658231 0.01929235 0.4668672 0.02030199 0.4668672 0.02030199 0.4669745 0.02156609 0.4661141 0.02274537 0.4661141 0.02274537 0.4626125 0.02368706 0.4598641 0.02218538 0.4598641 0.02218538 0.4606214 0.0197463 0.4641208 0.01880031 0.4641208 0.01880031 0.4668672 0.02030199 0.4661141 0.02274537 0.4598641 0.02218538 0.4641208 0.01880031 0.4661141 0.02274537 0.5055477 0.1408271 0.5092371 0.1408271 0.5088616 0.1414496 0.5055477 0.1408271 0.5088616 0.1414496 0.5052919 0.1414496 0.4738009 0.01897621 0.4774531 0.01903504 0.4775686 0.02907472 0.4738009 0.01897621 0.4775686 0.02907472 0.4739123 0.02901637 0.5733851 0.02576065 0.577615 0.02576124 0.5776232 0.02628034 0.5733851 0.02576065 0.5776232 0.02628034 0.5734016 0.02628034 0.6873596 0.2062087 0.6873596 0.2023172 0.6876395 0.2024369 0.6873596 0.2062087 0.6876395 0.2024369 0.6876395 0.2062541 0.6139829 0.102586 0.6140664 0.1063189 0.610161 0.1063189 0.6139829 0.102586 0.610161 0.1063189 0.6100774 0.102586 0.4849264 0.0224123 0.4851384 0.02094721 0.5130807 0.02094721 0.4849264 0.0224123 0.5130807 0.02094721 0.5132132 0.0224123 0.512358 0.1561691 0.512358 0.1520588 0.5134094 0.1521001 0.512358 0.1561691 0.5134094 0.1521001 0.5134097 0.1562598 0.6731428 0.1906651 0.676308 0.1906651 0.676407 0.1910554 0.6731428 0.1906651 0.676407 0.1910554 0.6731593 0.1910554 0.6691771 0.01664423 0.6692039 0.01735687 0.6438497 0.01735687 0.6691771 0.01664423 0.6438497 0.01735687 0.6438229 0.01664423 0.6586229 0.1523254 0.6590259 0.1524045 0.6586186 0.1556958 0.6586229 0.1523254 0.6586186 0.1556958 0.658203 0.1557029 0.6068136 0.08972412 0.6068136 0.1151531 0.6061313 0.1151428 0.6068136 0.08972412 0.6061313 0.1151428 0.6061313 0.08971381 0.6597734 0.1197851 0.6632104 0.1197728 0.6632104 0.1236835 0.6597734 0.1197851 0.6632104 0.1236835 0.6597734 0.1236953 0.6134825 0.06393343 0.6134814 0.06061547 0.6158314 0.06062376 0.6134825 0.06393343 0.6158314 0.06062376 0.6158325 0.06393754 0.8019396 0.2575485 0.9255299 0.3970326 0.9255299 0.5768972 0.8019396 0.2575485 0.9255299 0.5768972 0.8019385 0.545571 0.5453481 0.02524715 0.5700823 0.02524715 0.570172 0.02603298 0.5453481 0.02524715 0.570172 0.02603298 0.5454378 0.02603298 0.5419456 0.02380269 0.5419332 0.02441781 0.5165423 0.02441781 0.5419456 0.02380269 0.5165423 0.02441781 0.5165547 0.02380269 0.4532499 0.01895159 0.4498479 0.01894742 0.4498478 0.01665812 0.4532499 0.01895159 0.4498478 0.01665812 0.4532499 0.01666533 0.5909259 0.1646892 0.5905228 0.1647408 0.5905228 0.1605831 0.5909259 0.1646892 0.5905228 0.1605831 0.5909259 0.1605996 0.7210118 0.01925742 0.7210448 0.02234983 0.7166633 0.02234554 0.7210118 0.01925742 0.7166633 0.02234554 0.7166283 0.01925742 0.6036713 0.237105 0.5804037 0.2355698 0.5804037 0.2036617 0.6036713 0.237105 0.5804037 0.2036617 0.6036713 0.205197 0.4562233 0.003827631 0.432985 0.00383079 0.4324139 0.001613318 0.4562233 0.003827631 0.4324139 0.001613318 0.4571481 0.001613318 0.7121267 0.2100737 0.7121267 0.03600525 0.7156348 0.03599178 0.7121267 0.2100737 0.7156348 0.03599178 0.7145488 0.2100644 0.4466043 0.01665407 0.4466063 0.01763749 0.4211773 0.01763749 0.4466043 0.01665407 0.4211773 0.01763749 0.4211748 0.01665407 0.6534491 0.1564463 0.6534491 0.1599788 0.6524024 0.1601067 0.6534491 0.1564463 0.6524024 0.1601067 0.6524024 0.1565412 0.706393 0.005409002 0.7026743 0.003941297 0.6995194 0.001608252 0.6995194 0.001608252 0.7216351 0.001608252 0.7183126 0.003941297 0.7183126 0.003941297 0.7144882 0.005409002 0.7104228 0.00590533 0.7104228 0.00590533 0.706393 0.005409002 0.6995194 0.001608252 0.6995194 0.001608252 0.7183126 0.003941297 0.7104228 0.00590533 0.7082369 0.05253231 0.7088212 0.05252826 0.7087959 0.05621337 0.7082369 0.05253231 0.7087959 0.05621337 0.7082115 0.05620521 0.6192365 0.1152946 0.6192365 0.03168672 0.6645008 0.03173214 0.6192365 0.1152946 0.6645008 0.03173214 0.6645008 0.11534 0.5862298 0.1777698 0.6698377 0.1777698 0.669813 0.2014505 0.5862298 0.1777698 0.669813 0.2014505 0.586205 0.2014505 0.5827137 0.19301 0.5827137 0.1964269 0.5823383 0.1963774 0.5827137 0.19301 0.5823383 0.1963774 0.5823383 0.1930554 0.001615405 0.4788671 0.001615345 0.001616418 0.3692983 0.001987755 0.001615405 0.4788671 0.3692983 0.001987755 0.3692984 0.4792384 0.6521333 0.1451243 0.6521333 0.1198913 0.6527271 0.1198582 0.6521333 0.1451243 0.6527271 0.1198582 0.6527271 0.1450913 0.9287488 0.52678 0.9287487 0.2572639 0.9743254 0.2573124 0.9287488 0.52678 0.9743254 0.2573124 0.9743254 0.5268285 0.5194544 0.1566655 0.5204942 0.1565185 0.5204942 0.1602883 0.5194544 0.1566655 0.5204942 0.1602883 0.5194544 0.1603914 0.4466131 0.0185917 0.4211835 0.0185917 0.4211773 0.01763749 0.4466131 0.0185917 0.4211773 0.01763749 0.4466063 0.01763749 0.4532499 0.01895159 0.4564568 0.01897734 0.4564611 0.02335894 0.4532499 0.01895159 0.4564611 0.02335894 0.4532499 0.02333515 0.6307434 0.1696627 0.6307888 0.1691887 0.6343584 0.1691918 0.6307434 0.1696627 0.6343584 0.1691918 0.6343708 0.1696627 0.6134825 0.06393343 0.6158325 0.06393754 0.6157847 0.06718945 0.6134825 0.06393343 0.6157847 0.06718945 0.6134368 0.06718528 0.5070354 0.07565271 0.5067453 0.0788809 0.5063336 0.07881623 0.5070354 0.07565271 0.5063336 0.07881623 0.5066198 0.07566648 0.695243 0.003865301 0.6960808 0.006030797 0.6707136 0.006030797 0.695243 0.003865301 0.6707136 0.006030797 0.6714151 0.003863215 0.6989178 0.01869159 0.6996766 0.02100676 0.674247 0.02100676 0.6989178 0.01869159 0.674247 0.02100676 0.6750265 0.01869159 0.7133365 0.01665294 0.7133541 0.02079731 0.7035757 0.02079731 0.7133365 0.01665294 0.7035757 0.02079731 0.7035582 0.01664865 0.6637647 0.1317639 0.6598556 0.1317639 0.6598024 0.1283662 0.6637647 0.1317639 0.6598024 0.1283662 0.6637115 0.1283662 0.4642424 0.003848791 0.4634417 0.001619637 0.4888585 0.001616477 0.4642424 0.003848791 0.4888585 0.001616477 0.4881197 0.003847777 0.6565514 0.1198578 0.6565471 0.1450898 0.6559575 0.1451228 0.6565514 0.1198578 0.6559575 0.1451228 0.6559575 0.1198897 0.5128983 0.1670348 0.5134201 0.1670307 0.5134201 0.1713225 0.5128983 0.1670348 0.5134201 0.1713225 0.5128983 0.1713143 0.5532595 0.01106935 0.7241102 0.01021301 0.7245507 0.01297819 0.5532595 0.01106935 0.7245507 0.01297819 0.5535623 0.01297825 0.4933105 0.005148351 0.6672614 0.006174921 0.6672531 0.008673429 0.4933105 0.005148351 0.6672531 0.008673429 0.4933001 0.00876677 0.5219594 0.1694152 0.5223327 0.1693781 0.5223327 0.1733273 0.5219594 0.1694152 0.5223327 0.1733273 0.5219594 0.1732901 0.4565776 0.01675939 0.4565776 0.01675939 0.4565776 0.01675939 0.5057706 0.1400349 0.5059481 0.1391065 0.5098107 0.1391069 0.5057706 0.1400349 0.5098107 0.1391069 0.509559 0.1400355 0.5949392 0.164902 0.5941448 0.1651784 0.5941448 0.1611425 0.5949392 0.164902 0.5941448 0.1611425 0.5949392 0.1609733 0.5096694 0.1656904 0.5096737 0.169519 0.5089865 0.1694592 0.5096694 0.1656904 0.5089865 0.1694592 0.5089865 0.16548 0.6055502 0.173825 0.6013905 0.1738185 0.6014863 0.1734751 0.6055502 0.173825 0.6014863 0.1734751 0.6055923 0.1734815 0.6960601 0.001612782 0.695243 0.003865301 0.6714151 0.003863215 0.6714151 0.003863215 0.6706971 0.001611769 0.6833786 0.001612782 0.6714151 0.003863215 0.6833786 0.001612782 0.6960601 0.001612782 0.6574344 0.1648613 0.6566761 0.1649645 0.6566761 0.1607304 0.6574344 0.1648613 0.6566761 0.1607304 0.6574333 0.1607923 0.5221469 0.1667218 0.5213771 0.1669734 0.5213771 0.163119 0.5221469 0.1667218 0.5213771 0.163119 0.5221469 0.1629953 0.6733847 0.1781179 0.6733311 0.1777786 0.6772102 0.1777786 0.6733847 0.1781179 0.6772102 0.1777786 0.6773258 0.1781179 0.6678309 0.03179764 0.6678309 0.03179764 0.6678309 0.03179764 0.5134324 0.1629343 0.5134324 0.1585393 0.5142293 0.1585063 0.5134324 0.1629343 0.5142293 0.1585063 0.5142293 0.1630209 0.505753 0.1671705 0.5050021 0.1672057 0.5050085 0.1630129 0.505753 0.1671705 0.5050085 0.1630129 0.5057633 0.1631345 0.6112662 0.0704267 0.6112704 0.09565979 0.6105027 0.09563499 0.6112662 0.0704267 0.6105027 0.09563499 0.6105027 0.07040303 0.4642424 0.003848791 0.4881197 0.003847777 0.4888502 0.006042957 0.4761439 0.006042957 0.4634377 0.006042957 0.4642424 0.003848791 0.4888502 0.006042957 0.4761439 0.006042957 0.4642424 0.003848791 0.6485062 0.1714109 0.6485062 0.167369 0.6489049 0.167436 0.6485062 0.1714109 0.6489049 0.167436 0.6489007 0.1714118 0.6590259 0.1590623 0.6586229 0.1591575 0.658203 0.1557029 0.6590259 0.1590623 0.658203 0.1557029 0.6586186 0.1556958 0.4629069 0.5429968 0.462908 0.9541081 0.439256 0.954203 0.4629069 0.5429968 0.439256 0.954203 0.4392559 0.5430876 0.6910772 0.1781224 0.6871154 0.1781159 0.6871494 0.1777766 0.6910772 0.1781224 0.6871494 0.1777766 0.6910244 0.1777871 0.4998072 0.03207427 0.4988533 0.03208351 0.4988538 0.02750235 0.4998072 0.03207427 0.4988538 0.02750235 0.4998072 0.0275802 0.5123719 0.1435531 0.5128571 0.1435953 0.5128571 0.1477686 0.5123719 0.1435531 0.5128571 0.1477686 0.5123719 0.1477583 0.663384 0.156673 0.663384 0.1524544 0.6643337 0.1522914 0.663384 0.156673 0.6643337 0.1522914 0.6643337 0.1565925 0.5937924 0.1479359 0.5945178 0.1480597 0.5945178 0.1525248 0.5937924 0.1479359 0.5945178 0.1525248 0.5937924 0.1523144 0.6733797 0.2052086 0.6730403 0.2052086 0.6730403 0.2019237 0.6733797 0.2052086 0.6730403 0.2019237 0.6733797 0.2020145 0.6730398 0.193113 0.6734184 0.1931707 0.6734184 0.1964226 0.6730398 0.193113 0.6734184 0.1964226 0.6730406 0.1964598 0.6730582 0.1840797 0.6730582 0.1801964 0.6734018 0.1802459 0.6730582 0.1840797 0.6734018 0.1802459 0.6734018 0.1840426 0.4933105 0.005148351 0.4933001 0.001636028 0.6672531 0.003752768 0.4933105 0.005148351 0.6672531 0.003752768 0.6672614 0.006174921 0.6529307 0.206524 0.6557989 0.2081084 0.6581345 0.2103481 0.6581345 0.2103481 0.6597812 0.2130905 0.660623 0.2161511 0.660623 0.2161511 0.6606024 0.2193156 0.6597275 0.2223783 0.6597275 0.2223783 0.658052 0.2251207 0.6556916 0.2273604 0.6556916 0.2273604 0.6528069 0.2289427 0.6495963 0.2297635 0.6495963 0.2297635 0.6462743 0.2297635 0.6430719 0.2289448 0.6430719 0.2289448 0.640208 0.2273604 0.6378722 0.2251186 0.6378722 0.2251186 0.6362257 0.2223783 0.6353838 0.2193177 0.6353838 0.2193177 0.6354044 0.2161511 0.6362793 0.2130905 0.6362793 0.2130905 0.6379548 0.2103481 0.6403152 0.2081084 0.6403152 0.2081084 0.6431998 0.2065261 0.6464104 0.2057054 0.6464104 0.2057054 0.6497324 0.2057054 0.6529307 0.206524 0.6529307 0.206524 0.6581345 0.2103481 0.660623 0.2161511 0.660623 0.2161511 0.6597275 0.2223783 0.6556916 0.2273604 0.6556916 0.2273604 0.6495963 0.2297635 0.6430719 0.2289448 0.6430719 0.2289448 0.6378722 0.2251186 0.6353838 0.2193177 0.6353838 0.2193177 0.6362793 0.2130905 0.6403152 0.2081084 0.6403152 0.2081084 0.6464104 0.2057054 0.6529307 0.206524 0.6529307 0.206524 0.660623 0.2161511 0.6556916 0.2273604 0.6556916 0.2273604 0.6430719 0.2289448 0.6353838 0.2193177 0.6353838 0.2193177 0.6403152 0.2081084 0.6529307 0.206524 0.6556916 0.2273604 0.6353838 0.2193177 0.6529307 0.206524 0.4133391 0.01450085 0.4176544 0.01450085 0.4178619 0.01768815 0.4133391 0.01450085 0.4178619 0.01768815 0.4135437 0.01768815 0.5879216 0.7756795 0.4738031 0.7733303 0.4738031 0.5303884 0.5879216 0.7756795 0.4738031 0.5303884 0.5879216 0.6371269 0.638486 0.01665323 0.6385066 0.01763415 0.6137725 0.01763415 0.638486 0.01665323 0.6137725 0.01763415 0.6137518 0.01665008 0.6526226 0.167409 0.6530717 0.1673295 0.6530712 0.1710498 0.6526226 0.167409 0.6530712 0.1710498 0.6526226 0.1710839 0.5054202 0.1715477 0.5054244 0.1749584 0.5050087 0.1750038 0.5054202 0.1715477 0.5050087 0.1750038 0.5050087 0.1715043 0.5119439 0.134438 0.5089099 0.1344236 0.5089099 0.130513 0.5119439 0.134438 0.5089099 0.130513 0.5119434 0.1305274 0.5259195 0.173596 0.52592 0.1775535 0.525561 0.1776154 0.5259195 0.173596 0.525561 0.1776154 0.525561 0.1735795 0.5061311 0.1541845 0.5061301 0.1578294 0.5055457 0.1578145 0.5061311 0.1541845 0.5055457 0.1578145 0.5055479 0.1541824 0.6100431 0.1155675 0.6100431 0.1111828 0.6132287 0.1111889 0.6100431 0.1155675 0.6132287 0.1111889 0.6132293 0.1155736 0.6989178 0.01869159 0.6750265 0.01869159 0.6742274 0.01665002 0.6989178 0.01869159 0.6742274 0.01665002 0.699657 0.01665002 0.5955392 0.1414964 0.5947248 0.1415148 0.5952422 0.1371761 0.5955392 0.1414964 0.5952422 0.1371761 0.5960357 0.1372991 0.6448111 0.1708753 0.6448143 0.1673366 0.6452808 0.1672742 0.6448111 0.1708753 0.6452808 0.1672742 0.6452808 0.1708697 0.6837156 0.1777694 0.6836165 0.1782493 0.6807897 0.1782493 0.6837156 0.1777694 0.6807897 0.1782493 0.6809052 0.1777694 0.5205597 0.1496386 0.5200672 0.1457007 0.5204448 0.1456726 0.5205597 0.1496386 0.5204448 0.1456726 0.5209457 0.1496807 0.6148654 0.05254411 0.6148654 0.04895806 0.6154095 0.04891675 0.6148654 0.05254411 0.6154095 0.04891675 0.6154116 0.05254006 0.5201907 0.1496297 0.5197066 0.145766 0.5200672 0.1457007 0.5201907 0.1496297 0.5200672 0.1457007 0.5205597 0.1496386 0.7186371 0.004637002 0.7146615 0.006164133 0.7144882 0.005409002 0.7186371 0.004637002 0.7144882 0.005409002 0.7183126 0.003941297 0.5055479 0.1541824 0.5055457 0.1578145 0.505005 0.1577737 0.5055479 0.1541824 0.505005 0.1577737 0.505005 0.1541782 0.6631234 0.1393529 0.6641213 0.1393147 0.6640111 0.1438959 0.6631234 0.1393529 0.6640111 0.1438959 0.6630153 0.1438465 0.5901114 0.1648027 0.5901157 0.1605913 0.5905228 0.1605831 0.5901114 0.1648027 0.5905228 0.1605831 0.5905228 0.1647408 0.6628117 0.1618458 0.6628116 0.1588359 0.6633914 0.1588833 0.6628117 0.1618458 0.6633914 0.1588833 0.6633914 0.1618829 0.4707512 0.01886433 0.4738009 0.01897621 0.4739123 0.02901637 0.4707512 0.01886433 0.4739123 0.02901637 0.4708627 0.02890396 0.6636262 0.1734939 0.6636708 0.1738291 0.6596059 0.1738227 0.6636262 0.1734939 0.6596059 0.1738227 0.6596481 0.1734834 0.6494242 0.1508967 0.6488762 0.1508371 0.6488869 0.1478245 0.6494242 0.1508967 0.6488869 0.1478245 0.6494339 0.147909 0.5050081 0.2048554 0.5050081 0.2015091 0.5053601 0.2015267 0.5050081 0.2048554 0.5053601 0.2015267 0.5053601 0.2047796 0.5089986 0.1756705 0.5086422 0.1756881 0.5086487 0.171646 0.5089986 0.1756705 0.5086487 0.171646 0.5090091 0.1717068 0.5122861 0.2020985 0.5152844 0.2029811 0.5152095 0.2033466 0.5122861 0.2020985 0.5152095 0.2033466 0.5121262 0.2024385 0.5056463 0.06883591 0.5069558 0.07216173 0.5065234 0.07229119 0.5056463 0.06883591 0.5065234 0.07229119 0.5052397 0.06903952 0.6088289 0.1691826 0.6127535 0.1691826 0.6126751 0.1696593 0.6088289 0.1691826 0.6126751 0.1696593 0.6087835 0.1696593 0.6858931 0.1905651 0.6855538 0.1905857 0.6855538 0.1867107 0.6858931 0.1905651 0.6855538 0.1867107 0.6858889 0.1867746 0.6908704 0.1892002 0.6908704 0.1924499 0.6904886 0.1925222 0.6908704 0.1892002 0.6904886 0.1925222 0.6904844 0.1893425 0.6796137 0.1863642 0.6795435 0.1867332 0.676044 0.1867375 0.6796137 0.1863642 0.676044 0.1867375 0.6761719 0.1863642 0.5069558 0.07216173 0.5074806 0.07558929 0.5070354 0.07565271 0.5069558 0.07216173 0.5070354 0.07565271 0.5065234 0.07229119 0.4988533 0.03208351 0.4978114 0.03208976 0.4978114 0.02745383 0.4988533 0.03208351 0.4978114 0.02745383 0.4988538 0.02750235 0.5074806 0.07558929 0.5079215 0.07549291 0.5076147 0.07884484 0.5074806 0.07558929 0.5076147 0.07884484 0.5071822 0.07889175 0.6906078 0.1955752 0.6909482 0.1954762 0.6909514 0.1989798 0.6906078 0.1955752 0.6909514 0.1989798 0.6906078 0.1990087 0.6377357 0.169182 0.6409792 0.1691852 0.641099 0.1696572 0.6377357 0.169182 0.641099 0.1696572 0.6377975 0.1696572 0.5074806 0.07558929 0.5071822 0.07889175 0.5067453 0.0788809 0.5074806 0.07558929 0.5067453 0.0788809 0.5070354 0.07565271 0.5074003 0.1980529 0.5070958 0.1982759 0.505489 0.1953058 0.5074003 0.1980529 0.505489 0.1953058 0.5058363 0.1951673 0.4847975 0.02739101 0.4945785 0.02739101 0.4945877 0.03123742 0.4847975 0.02739101 0.4945877 0.03123742 0.4848068 0.03123742 0.6165621 0.1697164 0.616492 0.1691766 0.6199501 0.1691756 0.6165621 0.1697164 0.6199501 0.1691756 0.6199832 0.1697164 0.6914126 0.1724889 0.6677255 0.1725137 0.6677255 0.03386521 0.6914126 0.1724889 0.6677255 0.03386521 0.6914126 0.03384041 0.676793 0.1820724 0.6802099 0.1820724 0.6800613 0.1824562 0.676793 0.1820724 0.6800613 0.1824562 0.6767022 0.1824562 0.5050011 0.05965203 0.5055059 0.05965763 0.5055059 0.0639593 0.5050011 0.05965203 0.5055059 0.0639593 0.5050011 0.06396502 0.72219 0.003859221 0.7227722 0.003889203 0.72277 0.006211519 0.72219 0.003859221 0.72277 0.006211519 0.7221868 0.006173372 0.39595 0.0134412 0.3913859 0.0134412 0.3913818 0.01235258 0.39595 0.0134412 0.3913818 0.01235258 0.3959624 0.01235258 0.5196906 0.1536027 0.5201907 0.1496297 0.5205597 0.1496386 0.5196906 0.1536027 0.5205597 0.1496386 0.520051 0.1536901 0.6570041 0.1704261 0.6570041 0.1674811 0.6575471 0.1673815 0.6570041 0.1704261 0.6575471 0.1673815 0.6575471 0.170356 0.6326628 0.1738809 0.6292088 0.1738809 0.6292666 0.1734738 0.6326628 0.1738809 0.6292666 0.1734738 0.632634 0.173478 0.463035 0.02599227 0.4668617 0.02549064 0.466813 0.02621543 0.463035 0.02599227 0.466813 0.02621543 0.4628582 0.02673494 0.589166 0.2531362 0.589166 0.507873 0.5835613 0.5074732 0.3781257 0.007675707 0.3781257 0.4928197 0.3725211 0.4924198 0.589166 0.2531362 0.5835613 0.5074732 0.5835613 0.2471914 0.589166 0.2531362 0.5835613 0.2471914 0.7198955 0.2569161 0.3781257 0.007675707 0.3725211 0.4924198 0.37252 0.001731812 0.7198955 0.03205382 0.3781257 0.007675707 0.37252 0.001731812 0.7255001 0.2628608 0.589166 0.2531362 0.7198955 0.2569161 0.7198955 0.03205382 0.37252 0.001731812 0.7255001 0.02690958 0.7255001 0.2628608 0.7198955 0.2569161 0.7198955 0.03205382 0.7255001 0.2628608 0.7198955 0.03205382 0.7255001 0.02690958 0.5063336 0.07881623 0.5067453 0.0788809 0.505665 0.08176505 0.5063336 0.07881623 0.505665 0.08176505 0.5052826 0.08162194 0.5277639 0.1953406 0.5262268 0.1982024 0.5240471 0.2005323 0.5240471 0.2005323 0.5213685 0.2021709 0.5183812 0.203006 0.5183812 0.203006 0.5152844 0.2029811 0.5122861 0.2020985 0.5122861 0.2020985 0.5095985 0.2004182 0.5074003 0.1980529 0.5074003 0.1980529 0.5058363 0.1951673 0.5050219 0.1919547 0.5050219 0.1919547 0.5050088 0.1886348 0.5057978 0.1854354 0.5057978 0.1854354 0.5073349 0.1825736 0.5095145 0.1802437 0.5095145 0.1802437 0.5121932 0.178605 0.5151805 0.17777 0.5151805 0.17777 0.5182773 0.1777949 0.5212756 0.1786775 0.5212756 0.1786775 0.5239632 0.1803578 0.5261656 0.182722 0.5261656 0.182722 0.5277253 0.1856098 0.5285398 0.1888213 0.5285398 0.1888213 0.5285572 0.1921412 0.5277639 0.1953406 0.5277639 0.1953406 0.5240471 0.2005323 0.5183812 0.203006 0.5183812 0.203006 0.5122861 0.2020985 0.5074003 0.1980529 0.5074003 0.1980529 0.5050219 0.1919547 0.5057978 0.1854354 0.5057978 0.1854354 0.5095145 0.1802437 0.5151805 0.17777 0.5151805 0.17777 0.5212756 0.1786775 0.5261656 0.182722 0.5261656 0.182722 0.5285398 0.1888213 0.5277639 0.1953406 0.5277639 0.1953406 0.5183812 0.203006 0.5074003 0.1980529 0.5074003 0.1980529 0.5057978 0.1854354 0.5151805 0.17777 0.5151805 0.17777 0.5261656 0.182722 0.5277639 0.1953406 0.5074003 0.1980529 0.5151805 0.17777 0.5277639 0.1953406 0.6028537 0.1160304 0.6020135 0.1160945 0.601527 0.1116923 0.6028537 0.1160304 0.601527 0.1116923 0.6023837 0.1117438 0.5152844 0.2029811 0.5183812 0.203006 0.5183953 0.2033722 0.5152844 0.2029811 0.5183953 0.2033722 0.5152095 0.2033466 0.00310266 0.482834 0.3554129 0.482834 0.3539273 0.8101992 0.00310266 0.482834 0.3539273 0.8101992 0.001618087 0.8101992 0.6908105 0.1825102 0.6908147 0.1860201 0.6904499 0.1860179 0.6908105 0.1825102 0.6904499 0.1860179 0.6904499 0.182438 0.5122292 0.1736644 0.5127228 0.1737222 0.5127228 0.1764501 0.5122292 0.1736644 0.5127228 0.1764501 0.5122292 0.1763716 0.4590791 0.02541089 0.463035 0.02599227 0.4628582 0.02673494 0.4590791 0.02541089 0.4628582 0.02673494 0.4587704 0.02613306 0.5285321 0.1996257 0.5289074 0.1995597 0.5289074 0.2027662 0.5285321 0.1996257 0.5289074 0.2027662 0.5285321 0.2027415 0.6158314 0.06062376 0.6134814 0.06061547 0.6134368 0.05746269 0.6158314 0.06062376 0.6134368 0.05746269 0.6157847 0.0574668 0.696421 0.008612811 0.6930866 0.008705079 0.6930619 0.008183836 0.696421 0.008612811 0.6930619 0.008183836 0.6964087 0.008091092 0.5170124 0.1693652 0.5170124 0.1734259 0.5166476 0.1734713 0.5170124 0.1693652 0.5166476 0.1734713 0.5166476 0.1693281 0.6526598 0.1498475 0.6553463 0.1498506 0.6553536 0.1522006 0.6526598 0.1498475 0.6553536 0.1522006 0.6526681 0.1522006 0.5057978 0.1854354 0.5054495 0.1852945 0.5070285 0.1823499 0.5057978 0.1854354 0.5070285 0.1823499 0.5073349 0.1825736 0.6154116 0.05254006 0.6154095 0.04891675 0.6159949 0.04890435 0.6154116 0.05254006 0.6159949 0.04890435 0.615996 0.05254006 0.7045879 0.009103834 0.7003745 0.009072542 0.7003456 0.008581519 0.7045879 0.009103834 0.7003456 0.008581519 0.7045921 0.008612811 0.5056794 0.1113671 0.5056794 0.1357387 0.5050092 0.1356769 0.5056794 0.1113671 0.5050092 0.1356769 0.5050092 0.1113063 0.7209613 0.01664435 0.7232475 0.01664435 0.7232981 0.01925742 0.7209613 0.01664435 0.7232981 0.01925742 0.7210118 0.01925742 0.6630153 0.1351251 0.6640116 0.1350044 0.6641213 0.1393147 0.6630153 0.1351251 0.6641213 0.1393147 0.6631234 0.1393529 0.648293 0.1508226 0.6488762 0.1508371 0.6488935 0.1542912 0.648293 0.1508226 0.6488935 0.1542912 0.6483081 0.1542932 0.7695579 0.3735004 0.7690709 0.3699712 0.7693717 0.3698981 0.7695579 0.3735004 0.7693717 0.3698981 0.7698636 0.3735004 0.7704278 0.3571665 0.7698381 0.3571636 0.7698178 0.3532646 0.7704278 0.3571665 0.7698178 0.3532646 0.7704082 0.3533947 0.7863397 0.3746812 0.7863534 0.3743255 0.7901063 0.3742682 0.7863397 0.3746812 0.7901063 0.3742682 0.7900469 0.3746246 0.9499994 0.3701559 0.9496985 0.3701206 0.9496985 0.3665606 0.9499994 0.3701559 0.9496985 0.3665606 0.9499946 0.3665195 0.3401955 0.3732624 0.340134 0.3698152 0.3407921 0.3699259 0.3401955 0.3732624 0.3407921 0.3699259 0.3408565 0.3734872 0.8831776 0.2765776 0.8831365 0.2674814 0.9029604 0.2674814 0.9030015 0.2765776 0.9030061 0.2773202 0.8831821 0.2773202 0.8831776 0.2765776 0.9029604 0.2674814 0.9030015 0.2765776 0.8831776 0.2765776 0.9030015 0.2765776 0.8831821 0.2773202 0.7812699 0.3851765 0.7809642 0.385213 0.7809642 0.3815788 0.7812699 0.3851765 0.7809642 0.3815788 0.7812699 0.3816154 0.8630977 0.001776039 0.904303 0.001782894 0.904303 0.1293371 0.8630977 0.001776039 0.904303 0.1293371 0.8630977 0.1293303 0.7480124 0.9982206 0.001903116 0.9982207 0.001789033 0.9767935 0.7480124 0.9982206 0.001789033 0.9767935 0.7479029 0.9767935 0.9633591 0.3552564 0.963919 0.3552524 0.9639166 0.3780075 0.9633591 0.3552564 0.9639166 0.3780075 0.9633591 0.3780115 0.4395385 0.3582788 0.4395794 0.3576199 0.4620684 0.3576199 0.4395385 0.3582788 0.4620684 0.3576199 0.4620273 0.3582788 0.3427192 0.3448538 0.3430583 0.3447956 0.3430583 0.3477838 0.3427192 0.3448538 0.3430583 0.3477838 0.3427192 0.3477581 0.8618066 0.2840837 0.8659203 0.2842783 0.8658472 0.2851964 0.8618066 0.2840837 0.8658472 0.2851964 0.8618066 0.2850053 0.4516447 0.3806413 0.4516447 0.3769655 0.4520231 0.3770374 0.4516447 0.3806413 0.4520231 0.3770374 0.4520231 0.380667 0.3408665 0.3534663 0.3405942 0.3532825 0.3419934 0.3506327 0.3408665 0.3534663 0.3419934 0.3506327 0.3423086 0.3507412 0.6945774 0.3671268 0.6946254 0.3681135 0.6912959 0.3681284 0.6945774 0.3671268 0.6912959 0.3681284 0.6912342 0.3671412 0.6841101 0.3787698 0.6841101 0.3747794 0.6848073 0.3749666 0.6841101 0.3787698 0.6848073 0.3749666 0.6848073 0.3789707 0.4429605 0.3481406 0.4429594 0.3517996 0.4395316 0.3518002 0.4429605 0.3481406 0.4395316 0.3518002 0.4395329 0.3481418 0.9597691 0.3576311 0.9597597 0.3582662 0.9372705 0.3582662 0.9597691 0.3576311 0.9372705 0.3582662 0.9372799 0.3576311 0.7474827 0.3488551 0.7247418 0.3488551 0.7247544 0.3481401 0.7474827 0.3488551 0.7247544 0.3481401 0.7474952 0.3481401 0.9425964 0.3762843 0.9423299 0.376343 0.9420055 0.3731561 0.9425964 0.3762843 0.9420055 0.3731561 0.9422731 0.3731613 0.79142 0.3647412 0.79142 0.3689091 0.7904309 0.3688948 0.79142 0.3647412 0.7904309 0.3688948 0.7904309 0.3647441 0.440836 0.3678768 0.4438685 0.3671557 0.4439373 0.3675704 0.440836 0.3678768 0.4439373 0.3675704 0.4409731 0.3682739 0.7745485 0.3726359 0.7739898 0.3727774 0.7734693 0.3690016 0.7745485 0.3726359 0.7734693 0.3690016 0.7740519 0.3690016 0.7010457 0.3671131 0.7043009 0.3671131 0.7044243 0.36753 0.7010457 0.3671131 0.7044243 0.36753 0.7011553 0.36753 0.7427895 0.3840987 0.7401313 0.3840987 0.7400118 0.383725 0.7427895 0.3840987 0.7400118 0.383725 0.7426372 0.383725 0.4635086 0.3705388 0.4639825 0.3705223 0.4639951 0.373285 0.4635086 0.3705388 0.4639951 0.373285 0.4635205 0.373309 0.4599605 0.3671498 0.4599651 0.3681138 0.4561939 0.3681879 0.4599605 0.3671498 0.4561939 0.3681879 0.4562304 0.3672232 0.9275848 0.2829729 0.9270595 0.2831807 0.9265199 0.2831761 0.9265199 0.2831761 0.9259946 0.2829592 0.9255266 0.2825483 0.9255266 0.2825483 0.9251446 0.2819685 0.9248724 0.2812608 0.9248724 0.2812608 0.9247339 0.280471 0.9247339 0.2796537 0.9247339 0.2796537 0.9248724 0.2788684 0.9251446 0.2781654 0.9251446 0.2781654 0.9255266 0.27759 0.9259946 0.277186 0.9259946 0.277186 0.9265199 0.2769805 0.9270595 0.2769851 0.9270595 0.2769851 0.9275848 0.277202 0.9280527 0.2776129 0.9280527 0.2776129 0.9284347 0.2781927 0.928707 0.2789027 0.928707 0.2789027 0.9288454 0.2796925 0.9288454 0.2805052 0.9288454 0.2805052 0.928707 0.2812927 0.9284347 0.2819982 0.9284347 0.2819982 0.9280527 0.2825688 0.9275848 0.2829729 0.9275848 0.2829729 0.9265199 0.2831761 0.9255266 0.2825483 0.9255266 0.2825483 0.9248724 0.2812608 0.9247339 0.2796537 0.9247339 0.2796537 0.9251446 0.2781654 0.9259946 0.277186 0.9259946 0.277186 0.9270595 0.2769851 0.9280527 0.2776129 0.9280527 0.2776129 0.928707 0.2789027 0.9288454 0.2805052 0.9288454 0.2805052 0.9284347 0.2819982 0.9275848 0.2829729 0.9275848 0.2829729 0.9255266 0.2825483 0.9247339 0.2796537 0.9247339 0.2796537 0.9259946 0.277186 0.9280527 0.2776129 0.9280527 0.2776129 0.9288454 0.2805052 0.9275848 0.2829729 0.9247339 0.2796537 0.9280527 0.2776129 0.9275848 0.2829729 0.9216468 0.2753944 0.9217079 0.2758875 0.918658 0.2758541 0.9216468 0.2753944 0.918658 0.2758541 0.9186277 0.275361 0.42687 0.3841658 0.4272329 0.3842549 0.4272329 0.3865834 0.42687 0.3841658 0.4272329 0.3865834 0.42687 0.386556 0.4478688 0.3813453 0.4479373 0.3816615 0.44423 0.3816613 0.4478688 0.3813453 0.44423 0.3816613 0.4442254 0.3813453 0.7863397 0.3746812 0.7825821 0.3746246 0.7825502 0.3742682 0.7863397 0.3746812 0.7825502 0.3742682 0.7863534 0.3743255 0.9217278 0.2764163 0.9186677 0.2763829 0.918658 0.2758541 0.9217278 0.2764163 0.918658 0.2758541 0.9217079 0.2758875 0.7861851 0.3631457 0.7853781 0.3660175 0.7850391 0.3659719 0.7861851 0.3631457 0.7850391 0.3659719 0.7858699 0.3630225 0.9329648 0.3544015 0.9329648 0.006802499 0.9715356 0.002008616 0.9329648 0.3544015 0.9715356 0.002008616 0.9715356 0.3496076 0.9389116 0.3694587 0.9381714 0.3696641 0.9379733 0.3662444 0.9389116 0.3694587 0.9379733 0.3662444 0.9387205 0.3661485 0.7669217 0.3796304 0.7669217 0.3828669 0.7665385 0.3827996 0.7669217 0.3796304 0.7665385 0.3827996 0.7665392 0.379522 0.7926883 0.3518872 0.7918062 0.3493544 0.7920734 0.3491669 0.7926883 0.3518872 0.7920734 0.3491669 0.7929794 0.3517681 0.9105752 0.2822517 0.9143509 0.2817313 0.9143509 0.2823138 0.9105752 0.2822517 0.9143509 0.2823138 0.9107168 0.2828152 0.42816 0.37462 0.424398 0.37462 0.4243478 0.3742338 0.42816 0.37462 0.4243478 0.3742338 0.4281373 0.3742338 0.7807225 0.3633663 0.7807238 0.3666124 0.7802461 0.3666124 0.7807225 0.3633663 0.7802461 0.3666124 0.7802485 0.3633343 0.9423863 0.379679 0.9423863 0.3825827 0.9419666 0.3824823 0.9423863 0.379679 0.9419666 0.3824823 0.9419669 0.3795557 0.4574937 0.382176 0.4579175 0.3820384 0.4579175 0.3846921 0.4574937 0.382176 0.4579175 0.3846921 0.4574937 0.3847869 0.7337082 0.333903 0.7337111 0.3346253 0.710956 0.3346253 0.7337082 0.333903 0.710956 0.3346253 0.7109532 0.333903 0.7033685 0.3718902 0.7037911 0.3718582 0.7037911 0.3753464 0.7033685 0.3718902 0.7037911 0.3753464 0.7033685 0.3753373 0.3408565 0.3734872 0.3407809 0.3764958 0.3401231 0.3761751 0.3408565 0.3734872 0.3401231 0.3761751 0.3401955 0.3732624 0.7875348 0.3606455 0.7871782 0.3604859 0.7883274 0.3575509 0.7875348 0.3606455 0.7883274 0.3575509 0.7887085 0.3576468 0.7827432 0.2919402 0.7834291 0.2917698 0.7842057 0.2948294 0.7827432 0.2919402 0.7842057 0.2948294 0.7834883 0.2948805 0.9570963 0.3824936 0.9570963 0.3795796 0.9575214 0.3794729 0.9570963 0.3824936 0.9575214 0.3794729 0.9575214 0.3824349 0.9091724 0.2753621 0.9092757 0.274942 0.9122251 0.274924 0.9091724 0.2753621 0.9122251 0.274924 0.9121703 0.2753443 0.9153953 0.2753455 0.9121703 0.2753443 0.9122251 0.274924 0.9153953 0.2753455 0.9122251 0.274924 0.9153982 0.2749252 0.3400951 0.3815918 0.3403673 0.3816284 0.3403673 0.3847604 0.3400951 0.3815918 0.3403673 0.3847604 0.3400951 0.3847923 0.7357915 0.5119234 0.4176591 0.511933 0.4181932 0.4098193 0.7357915 0.5119234 0.4181932 0.4098193 0.7363257 0.4098193 0.7951469 0.3766539 0.7951469 0.3798653 0.7946515 0.3799024 0.7951469 0.3766539 0.7946515 0.3799024 0.7946515 0.3766586 0.7740519 0.3690016 0.7734693 0.3690016 0.7739898 0.3652259 0.7740519 0.3690016 0.7739898 0.3652259 0.7745485 0.365372 0.7448656 0.3343867 0.7482271 0.3343581 0.7481585 0.3347968 0.7448656 0.3343867 0.7481585 0.3347968 0.7448228 0.334826 0.7926958 0.3576535 0.7929905 0.3547175 0.7932913 0.3546805 0.7926958 0.3576535 0.7932913 0.3546805 0.7929872 0.3577034 0.6888623 0.379161 0.6892193 0.3791975 0.6892193 0.3828956 0.6888623 0.379161 0.6892193 0.3828956 0.6888623 0.3829185 0.9179829 0.2828152 0.9143509 0.2823138 0.9143509 0.2817313 0.9179829 0.2828152 0.9143509 0.2817313 0.918129 0.282247 0.720348 0.5165734 0.7184915 0.5315104 0.4176536 0.5315104 0.720348 0.5165734 0.4176536 0.5315104 0.4195101 0.5165734 0.7933526 0.3577668 0.7924302 0.3607676 0.7920886 0.3606266 0.7933526 0.3577668 0.7920886 0.3606266 0.7929872 0.3577034 0.7690709 0.3770342 0.7695579 0.3735004 0.7698636 0.3735004 0.7690709 0.3770342 0.7698636 0.3735004 0.7693669 0.3771072 0.7812433 0.2895389 0.7818689 0.2892761 0.7834291 0.2917698 0.7812433 0.2895389 0.7834291 0.2917698 0.7827432 0.2919402 0.4506537 0.3720682 0.4543337 0.3725792 0.4543337 0.3728227 0.4506537 0.3720682 0.4543337 0.3728227 0.4505944 0.3723117 0.9217278 0.2764163 0.9217056 0.2769476 0.9186557 0.2769165 0.9217278 0.2764163 0.9186557 0.2769165 0.9186677 0.2763829 0.7850391 0.3690263 0.7850391 0.3659719 0.7853781 0.3660175 0.7850391 0.3690263 0.7853781 0.3660175 0.7853829 0.3689852 0.9425508 0.3699974 0.9428098 0.3700712 0.9422731 0.3731613 0.9425508 0.3699974 0.9422731 0.3731613 0.9420055 0.3731561 0.4357765 0.3843383 0.4357886 0.3816537 0.4362371 0.3815963 0.4357765 0.3843383 0.4362371 0.3815963 0.4362277 0.3842398 0.9213683 0.2842813 0.9179829 0.2828152 0.918129 0.282247 0.9213683 0.2842813 0.918129 0.282247 0.9216468 0.283775 0.7522989 0.3316114 0.7522965 0.3348302 0.7517844 0.3348531 0.7522989 0.3316114 0.7517844 0.3348531 0.7517844 0.3316434 0.7739898 0.3727774 0.7734979 0.3729007 0.7729631 0.3689971 0.7739898 0.3727774 0.7729631 0.3689971 0.7734693 0.3690016 0.7538777 0.3842078 0.7537778 0.3837171 0.7557828 0.3837171 0.7538777 0.3842078 0.7557828 0.3837171 0.7559032 0.3842078 0.4688701 0.365122 0.4688695 0.3690205 0.4682613 0.3690234 0.4688701 0.365122 0.4682613 0.3690234 0.4682613 0.3652516 0.7891244 0.3544824 0.7887378 0.3544543 0.7883839 0.3514067 0.7891244 0.3544824 0.7883839 0.3514067 0.7887663 0.3513682 0.7106977 0.002903521 0.8595373 0.00178951 0.8595373 0.2825067 0.7106977 0.002903521 0.8595373 0.2825067 0.7106977 0.2836207 0.4500824 0.3491328 0.4500887 0.3481425 0.454248 0.348131 0.4500824 0.3491328 0.454248 0.348131 0.4542554 0.3491211 0.4929122 0.3816053 0.4932179 0.3815687 0.4932179 0.385203 0.4929122 0.3816053 0.4932179 0.385203 0.4929122 0.3851664 0.7495306 0.3840551 0.7465606 0.3840551 0.7465173 0.383716 0.7495306 0.3840551 0.7465173 0.383716 0.7495739 0.383716 0.9610885 0.3815378 0.9614276 0.3815789 0.9614276 0.3845511 0.9610885 0.3815378 0.9614276 0.3845511 0.9610885 0.3845922 0.4281646 0.3750151 0.4244482 0.3750151 0.424398 0.37462 0.4281646 0.3750151 0.424398 0.37462 0.42816 0.37462 0.7832251 0.3482357 0.7832251 0.3569841 0.7808662 0.3569304 0.7832251 0.3482357 0.7808662 0.3569304 0.7808662 0.3481821 0.942901 0.3762113 0.9425964 0.3762843 0.9422731 0.3731613 0.942901 0.3762113 0.9422731 0.3731613 0.9425932 0.3731703 0.7809697 0.3048816 0.7825713 0.3015813 0.7832504 0.3017943 0.7809697 0.3048816 0.7832504 0.3017943 0.7815846 0.3052213 0.9186226 0.2774132 0.9185713 0.2778406 0.9153913 0.277825 0.9186226 0.2774132 0.9153913 0.277825 0.9153902 0.2773953 0.4186468 0.3838564 0.4186468 0.3857786 0.4181787 0.385847 0.4186468 0.3838564 0.4181787 0.385847 0.4181801 0.3838929 0.4974421 0.3748911 0.4974421 0.3781195 0.4965689 0.3779825 0.4974421 0.3748911 0.4965689 0.3779825 0.4965689 0.3746919 0.7599375 0.3794457 0.7599466 0.3789713 0.7628824 0.3789713 0.7599375 0.3794457 0.7628824 0.3789713 0.7628641 0.3794457 0.7487719 0.3789764 0.7488473 0.379415 0.7455446 0.379415 0.7487719 0.3789764 0.7455446 0.379415 0.745495 0.3789764 0.915393 0.2758374 0.9121354 0.2758374 0.9121703 0.2753443 0.915393 0.2758374 0.9121703 0.2753443 0.9153953 0.2753455 0.7887085 0.3576468 0.7883274 0.3575509 0.7887378 0.3544543 0.7887085 0.3576468 0.7887378 0.3544543 0.7891244 0.3544824 0.9122872 0.2781546 0.9122182 0.277825 0.9153913 0.277825 0.9122872 0.2781546 0.9153913 0.277825 0.9153925 0.2781546 0.7411389 0.3339241 0.744881 0.3339139 0.7448656 0.3343867 0.7411389 0.3339241 0.7448656 0.3343867 0.7411338 0.3343963 0.443969 0.3679448 0.4439373 0.3675704 0.4468134 0.3675364 0.443969 0.3679448 0.4468134 0.3675364 0.4467676 0.3679118 0.5039749 0.3897536 0.5039749 0.3870543 0.5043534 0.3869116 0.5039749 0.3897536 0.5043534 0.3869116 0.5043534 0.3896441 0.9122182 0.277825 0.9121651 0.2773965 0.9153902 0.2773953 0.9122182 0.277825 0.9153902 0.2773953 0.9153913 0.277825 0.9334946 0.3600034 0.9334946 0.382759 0.9329599 0.3827584 0.9334946 0.3600034 0.9329599 0.3827584 0.9329599 0.3600028 0.7802485 0.3633343 0.7802461 0.3666124 0.7797245 0.3666124 0.7802485 0.3633343 0.7797245 0.3666124 0.7797234 0.3633252 0.4468134 0.3675364 0.4468039 0.3671211 0.4494416 0.3677729 0.4468134 0.3675364 0.4494416 0.3677729 0.4493961 0.3681746 0.9092683 0.2778418 0.9067429 0.2778739 0.9066002 0.2774443 0.9092683 0.2778418 0.9066002 0.2774443 0.9091672 0.277412 0.5211642 0.3861805 0.521458 0.3861623 0.521458 0.3892442 0.5211642 0.3861805 0.521458 0.3892442 0.5211642 0.3893309 0.9491304 0.3630165 0.9494456 0.3629115 0.9503337 0.3664841 0.9491304 0.3630165 0.9503337 0.3664841 0.9499946 0.3665195 0.9459409 0.3872079 0.9459409 0.3847287 0.9462692 0.3848886 0.9459409 0.3872079 0.9462692 0.3848886 0.9462692 0.3873265 0.6886916 0.3755838 0.6886916 0.3719998 0.6896394 0.3720683 0.6886916 0.3755838 0.6896394 0.3720683 0.6896394 0.3756979 0.9574421 0.3673034 0.9575424 0.3705496 0.9570948 0.370545 0.9574421 0.3673034 0.9570948 0.370545 0.9569993 0.3673536 0.4439373 0.3675704 0.4438685 0.3671557 0.4468039 0.3671211 0.4439373 0.3675704 0.4468039 0.3671211 0.4468134 0.3675364 0.9066054 0.2753944 0.9067503 0.274973 0.9092757 0.274942 0.9066054 0.2753944 0.9092757 0.274942 0.9091724 0.2753621 0.7415705 0.3789797 0.7416686 0.3792709 0.7387649 0.3792709 0.7415705 0.3789797 0.7387649 0.3792709 0.7387489 0.3789797 0.782053 0.3354178 0.7808616 0.3357161 0.7808616 0.3083556 0.782053 0.3354178 0.7808616 0.3083556 0.7820524 0.3086764 0.9293784 0.2725675 0.9293784 0.2757571 0.9290537 0.275748 0.9293784 0.2725675 0.9290537 0.275748 0.9290537 0.2726262 0.7929872 0.3577034 0.7920886 0.3606266 0.791821 0.3604945 0.7929872 0.3577034 0.791821 0.3604945 0.7926958 0.3576535 0.6830147 0.3671889 0.6851397 0.3672711 0.6851421 0.3700699 0.6830147 0.3671889 0.6851421 0.3700699 0.6830147 0.3699922 0.3419934 0.3421178 0.3423086 0.3419808 0.3430583 0.3447956 0.3419934 0.3421178 0.3430583 0.3447956 0.3427192 0.3448538 0.9570972 0.3736999 0.9575412 0.3737546 0.9574446 0.3766949 0.9570972 0.3736999 0.9574446 0.3766949 0.9569993 0.376599 0.9571587 0.365044 0.9536609 0.365044 0.9536152 0.3623704 0.9571587 0.365044 0.9536152 0.3623704 0.9571124 0.3623704 0.4117141 0.3795831 0.4086105 0.3795831 0.4083709 0.3789719 0.4117141 0.3795831 0.4083709 0.3789719 0.4113727 0.3789719 0.6800664 0.3760973 0.6791943 0.3761019 0.6791943 0.3720116 0.6800664 0.3760973 0.6791943 0.3720116 0.6800664 0.3720852 0.7248069 0.3794222 0.7247955 0.3789786 0.7284988 0.3789786 0.7248069 0.3794222 0.7284988 0.3789786 0.7285382 0.3794222 0.9379733 0.3662444 0.9381714 0.3696641 0.9373262 0.3697965 0.9379733 0.3662444 0.9373262 0.3697965 0.9371208 0.3662855 0.5058664 0.3796989 0.5053363 0.3796858 0.5053363 0.3766839 0.5058664 0.3796989 0.5053363 0.3766839 0.5058664 0.3767073 0.6683433 0.3671193 0.6682611 0.3679669 0.6644214 0.3679669 0.6683433 0.3671193 0.6644214 0.3679669 0.6643986 0.3671193 0.7911037 0.3766475 0.7911013 0.3796762 0.79057 0.3796939 0.7911037 0.3766475 0.79057 0.3796939 0.79057 0.3766549 0.7774078 0.3824961 0.7769817 0.3824368 0.776984 0.3794749 0.7774078 0.3824961 0.776984 0.3794749 0.7774078 0.3795822 0.795567 0.3688406 0.7960527 0.3727478 0.7953463 0.3728954 0.795567 0.3688406 0.7953463 0.3728954 0.7948507 0.3688833 0.7513287 0.3492173 0.7513287 0.3458616 0.7518026 0.3458753 0.7513287 0.3492173 0.7518026 0.3458753 0.7518026 0.3492402 0.7518026 0.3458753 0.752276 0.3458605 0.752276 0.3492162 0.7518026 0.3458753 0.752276 0.3492162 0.7518026 0.3492402 0.7411338 0.3343963 0.7448656 0.3343867 0.7448228 0.334826 0.7411338 0.3343963 0.7448228 0.334826 0.7411195 0.3348355 0.9215418 0.2778739 0.9185713 0.2778406 0.9186226 0.2774132 0.9215418 0.2778739 0.9186226 0.2774132 0.9216417 0.2774443 0.9387205 0.3661485 0.9379733 0.3662444 0.9381714 0.3624595 0.9387205 0.3661485 0.9381714 0.3624595 0.9389116 0.3624869 0.7011553 0.36753 0.7044243 0.36753 0.7044973 0.3679798 0.7011553 0.36753 0.7044973 0.3679798 0.7012374 0.3679795 0.4208142 0.3747727 0.4178824 0.3751543 0.4179059 0.3748104 0.4208142 0.3747727 0.4179059 0.3748104 0.4207509 0.3744384 0.4113588 0.3742272 0.4114124 0.375171 0.4075916 0.375171 0.4113588 0.3742272 0.4075916 0.375171 0.4074929 0.3742272 0.3405942 0.3397368 0.3408665 0.3395302 0.3423086 0.3419808 0.3405942 0.3397368 0.3423086 0.3419808 0.3419934 0.3421178 0.9384109 0.3815873 0.9378784 0.381601 0.9378784 0.3790854 0.9384109 0.3815873 0.9378784 0.3790854 0.9384109 0.3790626 0.3400787 0.3610544 0.3401782 0.3577687 0.3406862 0.3577967 0.3400787 0.3610544 0.3406862 0.3577967 0.3405899 0.3610505 0.7787753 0.3700313 0.7783599 0.3730583 0.7780447 0.3730583 0.7787753 0.3700313 0.7780447 0.3730583 0.7784698 0.3699536 0.7855691 0.3720989 0.7847239 0.3690719 0.7850391 0.3690263 0.7855691 0.3720989 0.7850391 0.3690263 0.7858699 0.3719802 0.5043956 0.3837227 0.504307 0.3840085 0.5007099 0.3840085 0.5043956 0.3837227 0.5007099 0.3840085 0.5007385 0.3837227 0.7839859 0.3020631 0.7832504 0.3017943 0.7841447 0.2982485 0.7839859 0.3020631 0.7841447 0.2982485 0.7849062 0.2983945 0.7832504 0.3017943 0.7825713 0.3015813 0.7834296 0.2981718 0.7832504 0.3017943 0.7834296 0.2981718 0.7841447 0.2982485 0.4178824 0.3751543 0.4150524 0.3747623 0.4151489 0.3744283 0.4178824 0.3751543 0.4151489 0.3744283 0.4179059 0.3748104 0.4318398 0.3828618 0.4318398 0.3790906 0.4322177 0.3791179 0.4318398 0.3828618 0.4322177 0.3791179 0.4322177 0.3828299 0.9455093 0.3667865 0.9424388 0.3660971 0.9424388 0.3628087 0.9455093 0.3667865 0.9424388 0.3628087 0.9455093 0.3634981 0.7562528 0.3789754 0.7562264 0.3793575 0.7524558 0.3793581 0.7562528 0.3789754 0.7524558 0.3793581 0.7524347 0.3789754 0.9154016 0.2746053 0.9185136 0.2746208 0.9185781 0.2749408 0.9154016 0.2746053 0.9185781 0.2749408 0.9153982 0.2749252 0.4700373 0.3793509 0.4704151 0.3792834 0.4704157 0.3829833 0.4700373 0.3793509 0.4704157 0.3829833 0.4700373 0.383005 0.4229282 0.3791179 0.4233037 0.37909 0.4233037 0.3827168 0.4229282 0.3791179 0.4233037 0.3827168 0.4229282 0.3827909 0.4401938 0.3847119 0.4397873 0.3846891 0.4397873 0.3818218 0.4401938 0.3847119 0.4397873 0.3818218 0.4401915 0.3819085 0.9494502 0.3737845 0.9491304 0.3736795 0.9499994 0.3701559 0.9494502 0.3737845 0.9499994 0.3701559 0.9503337 0.3701925 0.7887663 0.3513682 0.7883839 0.3514067 0.7872874 0.3486159 0.7887663 0.3513682 0.7872874 0.3486159 0.7876464 0.3485167 0.4660583 0.3791828 0.4664832 0.3792278 0.4664832 0.3824175 0.4660583 0.3791828 0.4664832 0.3824175 0.4660583 0.3824249 0.701846 0.3799498 0.701846 0.3766472 0.7023199 0.376658 0.701846 0.3799498 0.7023199 0.376658 0.7023205 0.3799692 0.5172863 0.3871516 0.5172934 0.3840163 0.5176084 0.3840574 0.5172863 0.3871516 0.5176084 0.3840574 0.5175969 0.3871141 0.4580727 0.350884 0.4541923 0.3510177 0.4542353 0.3500968 0.4580727 0.350884 0.4542353 0.3500968 0.4581614 0.3499615 0.7787753 0.3760898 0.7783599 0.3730583 0.7787037 0.3730629 0.7787753 0.3760898 0.7787037 0.3730629 0.7791096 0.3760077 0.7351888 0.3789722 0.7352173 0.3794665 0.7321653 0.3794665 0.7351888 0.3789722 0.7321653 0.3794665 0.7321058 0.3789722 0.915393 0.2758374 0.918658 0.2758541 0.9186677 0.2763829 0.915393 0.2758374 0.9186677 0.2763829 0.9153913 0.2763674 0.9153953 0.2753455 0.9153982 0.2749252 0.9185781 0.2749408 0.9153953 0.2753455 0.9185781 0.2749408 0.9186277 0.275361 0.9215418 0.2778739 0.9214116 0.2782022 0.9185045 0.2781701 0.9215418 0.2778739 0.9185045 0.2781701 0.9185713 0.2778406 0.4032447 0.3776464 0.4039921 0.3773701 0.4039921 0.3806642 0.4032447 0.3776464 0.4039921 0.3806642 0.4032447 0.3808548 0.76016 0.382003 0.76016 0.3845916 0.7597685 0.3845415 0.76016 0.382003 0.7597685 0.3845415 0.7597685 0.3818933 0.4001223 0.3839942 0.4004613 0.3840399 0.4004613 0.3870075 0.4001223 0.3839942 0.4004613 0.3870075 0.4001223 0.3870486 0.6930657 0.3852503 0.6927791 0.3852868 0.6927791 0.3815773 0.6930657 0.3852503 0.6927791 0.3815773 0.6930657 0.3816115 0.9122251 0.274924 0.9092757 0.274942 0.9094098 0.2746208 0.9122251 0.274924 0.9094098 0.2746208 0.9122958 0.2746041 0.469453 0.3629087 0.4466974 0.3629087 0.4466968 0.3623691 0.469453 0.3629087 0.4466968 0.3623691 0.4694524 0.3623691 0.4678249 0.3690274 0.4678249 0.3653988 0.4682613 0.3652516 0.4678249 0.3690274 0.4682613 0.3652516 0.4682613 0.3690234 0.3412975 0.3669761 0.3407943 0.367035 0.3402907 0.3642165 0.3412975 0.3669761 0.3402907 0.3642165 0.340798 0.364185 0.4075523 0.3851007 0.4075523 0.3816125 0.4078889 0.3816582 0.4075523 0.3851007 0.4078889 0.3816582 0.4078865 0.3850824 0.9215486 0.274973 0.9241071 0.2750183 0.9242475 0.2754398 0.9215486 0.274973 0.9242475 0.2754398 0.9216468 0.2753944 0.3427192 0.3477581 0.3430583 0.3477838 0.3423086 0.3507412 0.3427192 0.3477581 0.3423086 0.3507412 0.3419934 0.3506327 0.7929872 0.3577034 0.7932913 0.3546805 0.7936661 0.3546664 0.7929872 0.3577034 0.7936661 0.3546664 0.7933526 0.3577668 0.9186226 0.2774132 0.9153902 0.2773953 0.9153907 0.2768974 0.9186226 0.2774132 0.9153907 0.2768974 0.9186557 0.2769165 0.4523132 0.3807013 0.4520231 0.380667 0.4520231 0.3770374 0.4523132 0.3807013 0.4520231 0.3770374 0.4523132 0.3771303 0.7372816 0.3339139 0.7411389 0.3339241 0.7411338 0.3343963 0.7372816 0.3339139 0.7411338 0.3343963 0.7372867 0.3343867 0.9122182 0.277825 0.9092683 0.2778418 0.9091672 0.277412 0.9122182 0.277825 0.9091672 0.277412 0.9121651 0.2773965 0.4427915 0.3718563 0.4469462 0.3718569 0.4469325 0.3728466 0.4427915 0.3718563 0.4469325 0.3728466 0.4427937 0.3728466 0.7956007 0.3459464 0.7960442 0.34591 0.7960442 0.3491607 0.7956007 0.3459464 0.7960442 0.3491607 0.7956001 0.3491423 0.9378704 0.3763499 0.9370514 0.3762449 0.9370514 0.3722271 0.9378704 0.3763499 0.9370514 0.3722271 0.9378704 0.3723824 0.7810281 0.3603941 0.7813254 0.3605173 0.7814173 0.3634713 0.7810281 0.3603941 0.7814173 0.3634713 0.7811236 0.363412 0.7954248 0.3852063 0.7951431 0.3851698 0.7951431 0.381531 0.7954248 0.3852063 0.7951431 0.381531 0.7954248 0.381499 0.929402 0.288829 0.929402 0.4686323 0.7996109 0.468646 0.929402 0.288829 0.7996109 0.468646 0.7996109 0.2888427 0.7929794 0.3517681 0.7932913 0.3546805 0.7929905 0.3547175 0.7929794 0.3517681 0.7929905 0.3547175 0.7926883 0.3518872 0.6754732 0.3723337 0.6754029 0.3726627 0.6722688 0.3722159 0.6754732 0.3723337 0.6722688 0.3722159 0.6722797 0.3718767 0.6966271 0.3814351 0.6971583 0.3814535 0.6971583 0.3834857 0.6966271 0.3814351 0.6971583 0.3834857 0.6966271 0.3834606 0.7834883 0.2948805 0.7842057 0.2948294 0.7841447 0.2982485 0.7834883 0.2948805 0.7841447 0.2982485 0.7834296 0.2981718 0.7866404 0.3852623 0.7866404 0.3816246 0.7869269 0.3815892 0.7866404 0.3852623 0.7869269 0.3815892 0.7869269 0.3852989 0.7791921 0.3633252 0.7797234 0.3633252 0.7797245 0.3666124 0.7791921 0.3633252 0.7797245 0.3666124 0.7791921 0.3666033 0.7960363 0.3649749 0.795567 0.3688406 0.7948507 0.3688833 0.7960363 0.3649749 0.7948507 0.3688833 0.7953295 0.3649124 0.7698178 0.3647208 0.7690765 0.3649218 0.7690973 0.361174 0.7698178 0.3647208 0.7690973 0.361174 0.7698381 0.3610712 0.5094233 0.3824017 0.5094257 0.379288 0.5098602 0.379361 0.5094233 0.3824017 0.5098602 0.379361 0.5098602 0.3824291 0.7023955 0.3820123 0.7023955 0.3856694 0.7021 0.3856956 0.7023955 0.3820123 0.7021 0.3856956 0.7021 0.3820984 0.9649905 0.3815828 0.9653303 0.3815417 0.9653303 0.3845961 0.9649905 0.3815828 0.9653303 0.3845961 0.9649905 0.3845549 0.791099 0.319882 0.7947091 0.3197457 0.7947091 0.3284429 0.791099 0.319882 0.7947091 0.3284429 0.791099 0.3285787 0.4145226 0.3837257 0.4145637 0.3840647 0.4115093 0.3840647 0.4145226 0.3837257 0.4115093 0.3840647 0.4115504 0.3837257 0.9069295 0.2782022 0.9067429 0.2778739 0.9092683 0.2778418 0.9069295 0.2782022 0.9092683 0.2778418 0.9094007 0.2781713 0.3414605 0.361011 0.3410584 0.3610363 0.3411556 0.3578373 0.3414605 0.361011 0.3411556 0.3578373 0.3415533 0.3578804 0.462496 0.3811827 0.4618097 0.3809499 0.4618097 0.3776169 0.462496 0.3811827 0.4618097 0.3776169 0.4624959 0.3779365 0.7704278 0.3571665 0.7704273 0.3609468 0.7698381 0.3610712 0.7704278 0.3571665 0.7698381 0.3610712 0.7698381 0.3571636 0.3707851 0.3481455 0.3730527 0.3481563 0.3727853 0.5039381 0.3707851 0.3481455 0.3727853 0.5039381 0.3695005 0.5039222 0.7807225 0.3633663 0.7802485 0.3633343 0.7801495 0.3602343 0.7807225 0.3633663 0.7801495 0.3602343 0.7806282 0.3602982 0.4541216 0.351844 0.4500902 0.3518555 0.4500833 0.3510292 0.4541216 0.351844 0.4500833 0.3510292 0.4541923 0.3510177 0.8579168 0.2851964 0.8578437 0.2842783 0.8618066 0.2840837 0.8579168 0.2851964 0.8618066 0.2840837 0.8618066 0.2850053 0.5085387 0.3870062 0.5085387 0.3837966 0.5088455 0.3838058 0.5085387 0.3870062 0.5088455 0.3838058 0.5088455 0.3869514 0.6693947 0.3726298 0.6693508 0.3723002 0.6722797 0.3718767 0.6693947 0.3726298 0.6722797 0.3718767 0.6722688 0.3722159 0.9216468 0.2753944 0.9186277 0.275361 0.9185781 0.2749408 0.9216468 0.2753944 0.9185781 0.2749408 0.9215486 0.274973 0.7704273 0.3609468 0.7704082 0.3644784 0.7698178 0.3647208 0.7704273 0.3609468 0.7698178 0.3647208 0.7698381 0.3610712 0.6912342 0.3671412 0.6912959 0.3681284 0.6887283 0.3681135 0.6912342 0.3671412 0.6887283 0.3681135 0.6886569 0.3671268 0.5017721 0.3787732 0.501008 0.3785951 0.501008 0.374897 0.5017721 0.3787732 0.501008 0.374897 0.5017721 0.3751435 0.7416686 0.3792709 0.7417988 0.3794859 0.7388197 0.3794859 0.7416686 0.3792709 0.7388197 0.3794859 0.7387649 0.3792709 0.340798 0.364185 0.3402907 0.3642165 0.3400787 0.3610544 0.340798 0.364185 0.3400787 0.3610544 0.3405899 0.3610505 0.7355356 0.383999 0.731898 0.383999 0.7318626 0.3837172 0.7355356 0.383999 0.7318626 0.3837172 0.7355721 0.3837172 0.7904819 0.3821639 0.7908561 0.3823123 0.7908561 0.3850203 0.7904819 0.3821639 0.7908561 0.3850203 0.7904819 0.3849056 0.4688701 0.365122 0.4696263 0.3650159 0.4696263 0.3690194 0.4688701 0.365122 0.4696263 0.3690194 0.4688695 0.3690205 0.4359722 0.3481312 0.4359699 0.3696879 0.3951784 0.3696879 0.4359722 0.3481312 0.3951784 0.3696879 0.3951807 0.3481312 0.9186557 0.2769165 0.9153907 0.2768974 0.9153913 0.2763674 0.9186557 0.2769165 0.9153913 0.2763674 0.9186677 0.2763829 0.9710839 0.3552576 0.9711706 0.3586952 0.9676231 0.3586952 0.9710839 0.3552576 0.9676231 0.3586952 0.9675318 0.3552576 0.4038585 0.3742361 0.4039458 0.3751869 0.4001067 0.3751869 0.4038585 0.3742361 0.4001067 0.3751869 0.4000644 0.3742355 0.7810281 0.3603941 0.7811236 0.363412 0.7807225 0.3633663 0.7810281 0.3603941 0.7807225 0.3633663 0.7806282 0.3602982 0.9570948 0.370545 0.9575424 0.3705496 0.9575412 0.3737546 0.9570948 0.370545 0.9575412 0.3737546 0.9570972 0.3736999 0.4155135 0.3789802 0.4193485 0.3789802 0.4193623 0.3794385 0.4155135 0.3789802 0.4193623 0.3794385 0.415518 0.3794385 0.4405912 0.3749006 0.4405912 0.3781947 0.4397239 0.3780543 0.4405912 0.3749006 0.4397239 0.3780543 0.4397239 0.3746963 0.8812162 0.281716 0.9025819 0.281716 0.9032944 0.2837335 0.8812162 0.281716 0.9032944 0.2837335 0.8805533 0.2837335 0.9192522 0.7886282 0.8099278 0.7854665 0.8099278 0.5848577 0.9192522 0.7886282 0.8099278 0.5848577 0.9192522 0.4836698 0.6644259 0.3687064 0.6644214 0.3679669 0.6682611 0.3679669 0.6644259 0.3687064 0.6682611 0.3679669 0.6681469 0.3687064 0.396465 0.3752611 0.3972959 0.4848372 0.3945978 0.4861207 0.396465 0.3752611 0.3945978 0.4861207 0.3945978 0.3761486 0.7933446 0.3516809 0.7936661 0.3546664 0.7932913 0.3546805 0.7933446 0.3516809 0.7932913 0.3546805 0.7929794 0.3517681 0.9528087 0.3781944 0.9528087 0.3745304 0.9533817 0.3744574 0.9528087 0.3781944 0.9533817 0.3744574 0.9533817 0.3782652 0.8662281 0.2811878 0.8647051 0.2797689 0.8636377 0.2780357 0.8636377 0.2780357 0.8630949 0.276099 0.8631171 0.2740963 0.8631171 0.2740963 0.8637 0.2721568 0.8648068 0.2704222 0.8648068 0.2704222 0.866359 0.2690007 0.8682541 0.268001 0.8682541 0.268001 0.87036 0.2674804 0.8725331 0.2674745 0.8725331 0.2674745 0.8746292 0.2679943 0.876502 0.2689972 0.876502 0.2689972 0.8780238 0.2704115 0.8790929 0.2721493 0.8790929 0.2721493 0.8796353 0.2740861 0.8796135 0.2760886 0.8796135 0.2760886 0.8790301 0.2780283 0.8779239 0.2797626 0.8779239 0.2797626 0.8763711 0.2811843 0.8744766 0.2821839 0.8744766 0.2821839 0.8723707 0.2827045 0.8701959 0.2827059 0.8701959 0.2827059 0.8681015 0.2821906 0.8662281 0.2811878 0.8662281 0.2811878 0.8636377 0.2780357 0.8631171 0.2740963 0.8631171 0.2740963 0.8648068 0.2704222 0.8682541 0.268001 0.8682541 0.268001 0.8725331 0.2674745 0.876502 0.2689972 0.876502 0.2689972 0.8790929 0.2721493 0.8796135 0.2760886 0.8796135 0.2760886 0.8779239 0.2797626 0.8744766 0.2821839 0.8744766 0.2821839 0.8701959 0.2827059 0.8662281 0.2811878 0.8662281 0.2811878 0.8631171 0.2740963 0.8682541 0.268001 0.8682541 0.268001 0.876502 0.2689972 0.8796135 0.2760886 0.8796135 0.2760886 0.8744766 0.2821839 0.8662281 0.2811878 0.8682541 0.268001 0.8796135 0.2760886 0.8662281 0.2811878 0.8630901 0.1346346 0.9043015 0.1346392 0.9043015 0.262116 0.8630901 0.1346346 0.9043015 0.262116 0.8630901 0.2621114 0.6851379 0.3829243 0.5640051 0.4015346 0.4927118 0.3671159 0.6851379 0.3829243 0.4927118 0.3671159 0.6523933 0.3671159 0.3400884 0.001774966 0.7056669 0.001774907 0.7074019 0.3345091 0.3400884 0.001774966 0.7074019 0.3345091 0.3418326 0.3345092 0.299935 0.5964404 0.299935 0.4406854 0.3017836 0.4407036 0.299935 0.5964404 0.3017836 0.4407036 0.3026133 0.5964661 0.4275989 0.3771065 0.4282842 0.3769696 0.4282842 0.3805307 0.4275989 0.3771065 0.4282842 0.3805307 0.4275989 0.3805353 0.4930135 0.3719784 0.4929562 0.3757861 0.4925043 0.3757907 0.4930135 0.3719784 0.4925043 0.3757907 0.4925622 0.3719555 0.9708856 0.3602945 0.9713439 0.3602413 0.9713439 0.3827304 0.9708856 0.3602945 0.9713439 0.3827304 0.9708856 0.3827837 0.789483 0.3688532 0.789483 0.3647509 0.7904309 0.3647441 0.789483 0.3688532 0.7904309 0.3647441 0.7904309 0.3688948 0.4925622 0.379571 0.4925043 0.3757907 0.4929562 0.3757861 0.4925622 0.379571 0.4929562 0.3757861 0.4930135 0.3795391 0.9370536 0.3877139 0.9370536 0.3840797 0.9373181 0.3841162 0.9370536 0.3877139 0.9373181 0.3841162 0.9373181 0.3876774 0.3820927 0.3484361 0.3850868 0.3489179 0.3841557 0.4940658 0.3820927 0.3484361 0.3841557 0.4940658 0.3820928 0.4937325 0.946578 0.3769806 0.9470031 0.3770673 0.9470031 0.3805828 0.946578 0.3769806 0.9470031 0.3805828 0.946578 0.3805052 0.513729 0.3815971 0.513729 0.3851583 0.5134233 0.3851948 0.513729 0.3815971 0.5134233 0.3851948 0.5134227 0.3815606 0.7773104 0.2888349 0.7773104 0.3479506 0.7558804 0.3480601 0.7773104 0.2888349 0.7558804 0.3480601 0.7558804 0.288949 0.4691657 0.3720043 0.4700855 0.3719494 0.4700857 0.3756338 0.4691657 0.3720043 0.4700857 0.3756338 0.4691657 0.3756203 0.4352769 0.3721936 0.4361734 0.3720886 0.4361734 0.3759739 0.4352769 0.3721936 0.4361734 0.3759739 0.4352769 0.3760013 0.7013446 0.3695395 0.7015877 0.3702357 0.6979351 0.3701779 0.7013446 0.3695395 0.6979351 0.3701779 0.6977833 0.3694835 0.4635205 0.3671682 0.4639951 0.3671602 0.4639825 0.3705223 0.4635205 0.3671682 0.4639825 0.3705223 0.4635086 0.3705388 0.4542353 0.3500968 0.4500806 0.3501088 0.4500824 0.3491328 0.4542353 0.3500968 0.4500824 0.3491328 0.4542554 0.3491211 0.7765806 0.4098519 0.7756078 0.5650534 0.7734156 0.5650976 0.7765806 0.4098519 0.7734156 0.5650976 0.7734093 0.4099158 0.3786302 0.5039222 0.3758993 0.5039381 0.3752022 0.3481552 0.3786302 0.5039222 0.3752022 0.3481552 0.3770872 0.3481455 0.7883793 0.3174265 0.7883793 0.2893404 0.7896525 0.2891321 0.7883793 0.3174265 0.7896525 0.2891321 0.7896525 0.3176392 0.7939915 0.3426556 0.7903999 0.3426527 0.7903999 0.3339033 0.7939915 0.3426556 0.7903999 0.3339033 0.7939915 0.3339056 0.4500833 0.3510292 0.4500806 0.3501088 0.4542353 0.3500968 0.4500833 0.3510292 0.4542353 0.3500968 0.4541923 0.3510177 0.3372619 0.8676751 0.3324224 0.9336408 0.001912474 0.9336408 0.3372619 0.8676751 0.001912474 0.9336408 0.006752014 0.8676751 0.4970856 0.3852471 0.4967849 0.385286 0.4967849 0.3816471 0.4970856 0.3852471 0.4967849 0.3816471 0.4970856 0.381686 0.7698178 0.3532646 0.7698381 0.3571636 0.7690973 0.3571619 0.7698178 0.3532646 0.7690973 0.3571619 0.7690765 0.3531585 0.388334 0.349137 0.3916099 0.3490731 0.3886588 0.4941731 0.388334 0.349137 0.3886588 0.4941731 0.3864001 0.4942165 0.252683 0.5307592 0.1942674 0.5307512 0.1942674 0.4667469 0.252683 0.5307592 0.1942674 0.4667469 0.252683 0.4667549 0.3758993 0.5039381 0.3727853 0.5039381 0.3730527 0.3481563 0.3758993 0.5039381 0.3730527 0.3481563 0.3752022 0.3481552 0.4397286 0.365844 0.4395995 0.3623694 0.4431164 0.3623664 0.4397286 0.365844 0.4431164 0.3623664 0.4432455 0.3658407 0.7960472 0.5242165 0.8552314 0.5242165 0.8552314 0.5379406 0.4140965 0.5379406 0.3417953 0.5379406 0.3417953 0.5242165 0.4140965 0.5379406 0.3417953 0.5242165 0.4009794 0.5242165 0.4140965 0.4045249 0.4140965 0.5379406 0.4009794 0.5242165 0.7960472 0.5242165 0.8552314 0.5379406 0.7829256 0.5379406 0.7960472 0.5242165 0.7829256 0.5379406 0.7829256 0.404525 0.4140965 0.4045249 0.4009794 0.5242165 0.4009749 0.390801 0.7960472 0.390801 0.7960472 0.5242165 0.7829256 0.404525 0.7211847 0.390801 0.7960472 0.390801 0.7829256 0.404525 0.488959 0.4045249 0.4140965 0.4045249 0.4009749 0.390801 0.488959 0.4045249 0.4009749 0.390801 0.4758374 0.390801 0.488959 0.3618583 0.488959 0.4045249 0.4758374 0.390801 0.7211847 0.390801 0.7829256 0.404525 0.7080631 0.404525 0.7211847 0.390801 0.7080631 0.404525 0.7080631 0.3618583 0.488959 0.3618583 0.4758374 0.390801 0.4758374 0.3481366 0.7211847 0.3481366 0.7211847 0.390801 0.7080631 0.3618583 0.7080631 0.3618583 0.488959 0.3618583 0.4758374 0.3481366 0.4758374 0.3481366 0.7211847 0.3481366 0.7080631 0.3618583 0.907862 0.2469555 0.907862 0.001900315 0.929292 0.001790881 0.907862 0.2469555 0.929292 0.001790881 0.9292921 0.246846 0.7943971 0.2896897 0.7943971 0.3164476 0.7932116 0.3167547 0.7943971 0.2896897 0.7932116 0.3167547 0.7932116 0.289377 0.3850868 0.3489179 0.388334 0.349137 0.3864001 0.4942165 0.3850868 0.3489179 0.3864001 0.4942165 0.3841557 0.4940658 0.7042447 0.3718629 0.7042447 0.3753784 0.7037911 0.3753464 0.7042447 0.3718629 0.7037911 0.3753464 0.7037911 0.3718582 0.4694228 0.3588122 0.4657644 0.3588127 0.4657644 0.3552528 0.4694228 0.3588122 0.4657644 0.3552528 0.4694228 0.3552514 0.4617662 0.3509177 0.4626256 0.3481338 0.4708495 0.3481338 0.4617662 0.3509177 0.4708495 0.3481338 0.46999 0.3509177 0.7865874 0.3789775 0.7866588 0.3793572 0.7829828 0.3793572 0.7865874 0.3789775 0.7829828 0.3793572 0.7829571 0.3789775 0.3405899 0.3610505 0.3406862 0.3577967 0.3411556 0.3578373 0.3405899 0.3610505 0.3411556 0.3578373 0.3410584 0.3610363 0.4530801 0.3671498 0.4562304 0.3672232 0.4561939 0.3681879 0.4530801 0.3671498 0.4561939 0.3681879 0.4530071 0.3681138 0.7791096 0.370118 0.7787037 0.3730629 0.7783599 0.3730583 0.7791096 0.370118 0.7783599 0.3730583 0.7787753 0.3700313 0.7858699 0.3719802 0.7850391 0.3690263 0.7853829 0.3689852 0.7858699 0.3719802 0.7853829 0.3689852 0.7861851 0.3718524 0.772925 0.3807971 0.772925 0.3773912 0.7734217 0.377236 0.772925 0.3807971 0.7734217 0.377236 0.7734217 0.380514 0.7856136 0.3458724 0.7856137 0.3200675 0.7868417 0.3203186 0.7856136 0.3458724 0.7868417 0.3203186 0.7868416 0.3455391 0.3061754 0.4408097 0.3085296 0.4410174 0.3078038 0.5960956 0.3061754 0.4408097 0.3078038 0.5960956 0.3061754 0.5959518 0.950561 0.3852885 0.950561 0.3815813 0.9508475 0.3816179 0.950561 0.3852885 0.9508475 0.3816179 0.9508475 0.3852565 0.7516959 0.2888325 0.7516914 0.3302136 0.7109249 0.3302136 0.7516959 0.2888325 0.7109249 0.3302136 0.7109295 0.2888325 0.9951868 0.002019286 0.9951868 0.4611199 0.9750931 0.4636127 0.9951868 0.002019286 0.9750931 0.4636127 0.9750931 0.004512131 0.6571536 0.9493277 0.3371354 0.9493278 0.3371312 0.9198622 0.6571536 0.9493277 0.3371312 0.9198622 0.6571494 0.9198622 0.4429605 0.3481406 0.4465211 0.3481418 0.44652 0.3518002 0.4429605 0.3481406 0.44652 0.3518002 0.4429594 0.3517996 0.9093566 0.2694142 0.9079915 0.2508767 0.9276078 0.2508767 0.9093566 0.2694142 0.9276078 0.2508767 0.928973 0.2694142 0.4062792 0.8233101 0.4050085 0.7395654 0.7481322 0.7395654 0.4062792 0.8233101 0.7481322 0.7395654 0.8529081 0.82331 0.1907076 0.5203446 0.1907076 0.8083371 0.001775085 0.729539 0.1907076 0.5203446 0.001775085 0.729539 0.001775085 0.4415488 0.4573967 0.3749849 0.4582556 0.3747623 0.4582556 0.3780536 0.4573967 0.3749849 0.4582556 0.3780536 0.4573967 0.3782134 0.9107168 0.2828152 0.9073336 0.2842813 0.9070551 0.283775 0.9107168 0.2828152 0.9070551 0.283775 0.9105752 0.2822517 0.9228196 0.8213475 0.9228195 0.4737486 0.9772757 0.4669824 0.9228196 0.8213475 0.9772757 0.4669824 0.9772757 0.8145812 0.6756485 0.3678111 0.6792781 0.3673097 0.6794288 0.3678684 0.6756485 0.3678111 0.6794288 0.3678684 0.6756531 0.3683889 0.9330906 0.002302348 0.9333314 0.001777112 0.9497962 0.001777112 0.9330906 0.002302348 0.9497962 0.001777112 0.9495553 0.002302348 0.9499946 0.3665195 0.9503337 0.3664841 0.9503337 0.3701925 0.9499946 0.3665195 0.9503337 0.3701925 0.9499994 0.3701559 0.6940257 0.3721314 0.6940257 0.3761446 0.6932044 0.3761401 0.6940257 0.3721314 0.6932044 0.3761401 0.6932044 0.3720493 0.4635086 0.3705388 0.4635205 0.373309 0.4630485 0.3732724 0.4635086 0.3705388 0.4630485 0.3732724 0.4630358 0.3705097 0.3662018 0.4722354 0.3548576 0.4722331 0.3548576 0.3481395 0.3662018 0.4722354 0.3548576 0.3481395 0.3662018 0.3481418 0.4543337 0.3725792 0.458009 0.3720682 0.4580684 0.3723117 0.4543337 0.3725792 0.4580684 0.3723117 0.4543337 0.3728227 0.6939118 0.369552 0.6977833 0.3694835 0.6979351 0.3701779 0.6939118 0.369552 0.6979351 0.3701779 0.6939586 0.3702486 0.1942784 0.6755114 0.4010982 0.6755114 0.4020758 0.8624315 0.1942784 0.6755114 0.4020758 0.8624315 0.1952559 0.8624315 0.3232765 0.9388391 0.3232743 0.9501814 0.001786053 0.9501814 0.3232765 0.9388391 0.001786053 0.9501814 0.001788318 0.9388391 0.5228688 0.536747 0.7376493 0.5367465 0.7372624 0.5420082 0.5228688 0.536747 0.7372624 0.5420082 0.5270589 0.5420082 0.5134751 0.6647242 0.5228688 0.536747 0.5270589 0.5420082 0.3472852 0.3386437 0.7521919 0.3386436 0.7518061 0.3439053 0.3472852 0.3386437 0.7518061 0.3439053 0.3514742 0.3439053 0.5134751 0.6647242 0.5270589 0.5420082 0.517664 0.6699853 0.3472852 0.3386437 0.3514742 0.3439053 0.3279225 0.6647242 0.3279225 0.6647242 0.5134751 0.6647242 0.517664 0.6699853 0.3229608 0.6699853 0.3472852 0.3386437 0.3279225 0.6647242 0.517664 0.6699853 0.3229608 0.6699853 0.3279225 0.6647242 0.4479742 0.3765985 0.4480701 0.3772503 0.4441481 0.3772503 0.4479742 0.3765985 0.4441481 0.3772503 0.4441756 0.3765988 0.9945575 0.8355863 0.9808334 0.8355863 0.9808334 0.4667618 0.9945575 0.8355863 0.9808334 0.4667618 0.9945574 0.4667572 0.7810429 0.3388919 0.7819902 0.338804 0.7819896 0.3427116 0.7810429 0.3388919 0.7819896 0.3427116 0.7810429 0.3427538 0.7707392 0.7343302 0.5313408 0.7343302 0.5303638 0.5474105 0.7707392 0.7343302 0.5303638 0.5474105 0.7697622 0.5474105 0.6756531 0.3683889 0.6718773 0.3678684 0.6720142 0.3673097 0.6756531 0.3683889 0.6720142 0.3673097 0.6756485 0.3678111 0.7655137 0.3528848 0.7655115 0.374445 0.724745 0.374445 0.7655137 0.3528848 0.724745 0.374445 0.7247473 0.3528848 0.7249077 0.3840335 0.7248849 0.3837231 0.7281355 0.3837231 0.7249077 0.3840335 0.7281355 0.3837231 0.7282223 0.3840335 0.2777145 0.5442996 0.2963773 0.4407923 0.2963773 0.6476127 0.6982865 0.3780654 0.6975845 0.3781545 0.6975845 0.3743878 0.6982865 0.3780654 0.6975845 0.3743878 0.6982865 0.3744426 0.6650173 0.915665 0.3573789 0.915665 0.4402859 0.8273483 0.6650173 0.915665 0.4402859 0.8273483 0.6554659 0.8273484 0.2887436 0.4406559 0.2888531 0.4620836 0.05870926 0.4620836 0.2887436 0.4406559 0.05870926 0.4620836 0.05859971 0.440656 0.3365359 0.436242 0.001774489 0.43621 0.001774489 0.001782059 0.3365359 0.436242 0.001774489 0.001782059 0.3365359 0.001818537 0.6692607 0.8273437 0.8181045 0.8273447 0.8170121 0.9731575 0.6692607 0.8273437 0.8170121 0.9731575 0.6681684 0.973161 0.776521 0.3528853 0.7765217 0.356806 0.7765217 0.3588537 0.7765217 0.3588537 0.7739902 0.3588503 0.7739902 0.3568026 0.7739902 0.3568026 0.7739902 0.3528807 0.776521 0.3528853 0.7765217 0.3588537 0.7739902 0.3568026 0.776521 0.3528853 0.7805078 0.2201218 0.7803238 0.5335441 0.7684327 0.5335441 0.839876 0.05910211 0.5934785 0.05910211 0.5934859 0.04744881 0.7805078 0.2201218 0.7684327 0.5335441 0.7686227 0.2084684 0.7805078 0.2201218 0.7686227 0.2084684 0.8397888 0.2084684 0.839876 0.05910211 0.5934859 0.04744881 0.8517743 0.04744875 0.8516731 0.2201217 0.7805078 0.2201218 0.8397888 0.2084684 0.8397888 0.2084684 0.839876 0.05910211 0.8517743 0.04744875 0.8517743 0.04744875 0.8516731 0.2201217 0.8397888 0.2084684 0.6312667 0.1860615 0.6498677 0.1860934 0.6498678 0.4392471 0.6312667 0.1860615 0.6498678 0.4392471 0.6312668 0.4392153 0.7569829 0.002725899 0.7546041 0.002725899 0.7545809 0.002266228 0.7569829 0.002725899 0.7545809 0.002266228 0.756951 0.002266228 0.6538052 0.002256572 0.657369 0.002256572 0.6574385 0.003013372 0.6538052 0.002256572 0.6574385 0.003013372 0.6537994 0.003013372 0.9479497 0.5861019 0.7849752 0.5860324 0.7849751 0.3095894 0.9479497 0.5861019 0.7849751 0.3095894 0.9479497 0.309659 0.3217279 0.004319846 0.3215251 0.002256333 0.3267896 0.002256333 0.3217279 0.004319846 0.3267896 0.002256333 0.3269925 0.004319846 0.2261458 0.05648982 0.368373 0.05648982 0.3433454 0.06721532 0.2261458 0.05648982 0.3433454 0.06721532 0.2511619 0.06721532 0.3986819 0.05107718 0.2259626 0.05107718 0.225951 0.03239786 0.3986819 0.05107718 0.225951 0.03239786 0.3986819 0.03239786 0.7105658 0.002254545 0.7108324 0.002836167 0.7081436 0.002836167 0.7105658 0.002254545 0.7081436 0.002836167 0.707964 0.002254903 0.6041406 0.003724277 0.6040479 0.003036677 0.6075827 0.003036677 0.6041406 0.003724277 0.6075827 0.003036677 0.6075885 0.003724277 0.6267561 0.4995833 0.6080768 0.4995891 0.6080768 0.1860681 0.6267561 0.4995833 0.6080768 0.1860681 0.6267561 0.1860623 0.8773992 0.002255558 0.8773528 0.002627968 0.8746872 0.002627968 0.8773992 0.002255558 0.8746872 0.002627968 0.8747741 0.002255558 0.972406 0.00873959 0.972406 0.005448102 0.9726307 0.005424976 0.972406 0.00873959 0.9726307 0.005424976 0.9726307 0.00877428 0.4027132 0.8859001 0.4026552 0.5958359 0.7278352 0.5958358 0.4027132 0.8859001 0.7278352 0.5958358 0.7278932 0.8859 0.8623825 0.002625346 0.8595605 0.002625346 0.8595141 0.002261757 0.8623825 0.002625346 0.8595141 0.002261757 0.8623767 0.002261757 0.8699658 0.002588272 0.8669785 0.002588272 0.8670306 0.002257108 0.8699658 0.002588272 0.8670306 0.002257108 0.8700541 0.002257108 0.2476112 0.002263069 0.2476097 0.003040611 0.2273976 0.003040611 0.2476112 0.002263069 0.2273976 0.003040611 0.2273976 0.002263069 0.9755948 0.7954043 0.9755948 0.3939619 0.9854237 0.3939591 0.9755948 0.7954043 0.9854237 0.3939591 0.9854238 0.7954043 0.7694418 0.002257645 0.7717539 0.002257645 0.7717307 0.002718746 0.7694418 0.002257645 0.7717307 0.002718746 0.7694302 0.002718746 0.3808735 0.002290189 0.3827285 0.002271354 0.3827285 0.004411041 0.3808735 0.002290189 0.3827285 0.004411041 0.3808735 0.004429936 0.9726558 0.1261837 0.9726558 0.3084051 0.8561896 0.3031695 0.9726558 0.1261837 0.8561896 0.3031695 0.8561896 0.2123926 0.6188043 0.002283751 0.6188405 0.005050837 0.615733 0.005050837 0.6188043 0.002283751 0.615733 0.005050837 0.6156975 0.00227791 0.9977384 0.9926438 0.8634912 0.9154594 0.9977347 0.841466 0.6458328 0.002253115 0.6492054 0.002253115 0.6491648 0.003078281 0.6458328 0.002253115 0.6491648 0.003078281 0.6457574 0.003078281 0.3516083 0.002762794 0.3313961 0.002762794 0.331394 0.002260208 0.3516083 0.002762794 0.331394 0.002260208 0.3516069 0.002260208 0.08710253 0.8942608 0.220765 0.9658149 0.002707362 0.913861 0.002707362 0.913861 0.220765 0.9658149 0.008397698 0.938651 0.008397698 0.938651 0.220765 0.9658149 0.003866195 0.9658149 0.6938685 0.002748668 0.6904844 0.002748668 0.6905423 0.002260863 0.6938685 0.002748668 0.6905423 0.002260863 0.693799 0.002260863 0.4363915 0.2464786 0.4931106 0.4492789 0.4672134 0.458864 0.4931106 0.4492789 0.4363915 0.2464786 0.5185533 0.4501711 0.4363915 0.2464786 0.5222641 0.3636863 0.5185533 0.4501711 0.4363915 0.2464786 0.5317587 0.24981 0.5222641 0.3636863 0.4363915 0.2464786 0.5311529 0.1564567 0.5317587 0.24981 0.5316623 0.1446 0.5311529 0.1564567 0.4363915 0.2464786 0.3409249 0.1379255 0.5316623 0.1446 0.4363915 0.2464786 0.3398134 0.1638523 0.3409249 0.1379255 0.4363915 0.2464786 0.6264855 0.002779066 0.623507 0.002668917 0.6235939 0.002324521 0.6264855 0.002779066 0.6235939 0.002324521 0.6265319 0.002433121 0.8515924 0.00225377 0.8548375 0.00225377 0.8549012 0.002578139 0.8515924 0.00225377 0.8549012 0.002578139 0.8516097 0.002578139 0.6833018 0.002363801 0.6832084 0.002675414 0.6808674 0.002618134 0.6833018 0.002363801 0.6808674 0.002618134 0.6810072 0.00230956 0.7507866 0.589258 0.6561734 0.5051699 0.6561734 0.1961051 0.7507866 0.589258 0.6561734 0.1961051 0.7507866 0.1921763 0.7236692 0.002257108 0.7270881 0.002257108 0.7270938 0.002668738 0.7236692 0.002257108 0.7270938 0.002668738 0.7236633 0.002668738 0.6561734 0.5051699 0.7507866 0.589258 0.4073125 0.5871313 0.6561734 0.5051699 0.4073125 0.5871313 0.402476 0.5035937 0.3399552 0.171338 0.399282 0.2905889 0.3399552 0.3788145 0.7615107 0.002597332 0.7614875 0.002265572 0.7647095 0.002265572 0.7615107 0.002597332 0.7647095 0.002265572 0.7647731 0.002597332 0.8514842 0.01263397 0.8514842 0.009131014 0.8514842 0.01347988 0.8514842 0.009131014 0.8514842 0.008286416 0.8514842 0.01347988 0.8569307 0.8820852 0.8622156 0.97078 0.6250815 0.97078 0.8569307 0.8820852 0.6250815 0.97078 0.7386824 0.8820852 0.885658 0.00226432 0.8857653 0.002574741 0.8827534 0.002574741 0.885658 0.00226432 0.8827534 0.002574741 0.8826825 0.00226432 0.004129946 0.8870357 0.002314746 0.803745 0.2145624 0.803745 0.004129946 0.8870357 0.2145624 0.803745 0.3080598 0.8870357 0.5919259 0.27892 0.6035473 0.2788489 0.6035473 0.4988977 0.4240828 0.4117344 0.3991306 0.4119 0.3741754 0.4013696 0.2869349 0.4019314 0.2619825 0.412781 0.2370302 0.4129465 0.03486758 0.5025637 0.03486752 0.05055803 0.046489 0.0504812 0.03486758 0.5025637 0.046489 0.0504812 0.04648905 0.4906321 0.5919259 0.487114 0.5919259 0.27892 0.6035473 0.4988977 0.4357044 0.488125 0.5919259 0.487114 0.6035473 0.4988977 0.2370302 0.5012629 0.03486758 0.5025637 0.04648905 0.4906321 0.2370302 0.5012629 0.04648905 0.4906321 0.2254087 0.4894791 0.2370302 0.4129465 0.2370302 0.5012629 0.2254087 0.4894791 0.2254087 0.4011627 0.2596414 0.4009439 0.4357044 0.3998088 0.4357044 0.488125 0.6035473 0.4988977 0.4240828 0.5000567 0.2370302 0.4129465 0.2254087 0.4894791 0.2254087 0.4011627 0.2869349 0.4019314 0.2370302 0.4129465 0.2254087 0.4011627 0.4357044 0.3998088 0.4357044 0.488125 0.4240828 0.5000567 0.4357044 0.3998088 0.4240828 0.5000567 0.4240828 0.4117344 0.2869349 0.4019314 0.2254087 0.4011627 0.4357044 0.3998088 0.4357044 0.3998088 0.4240828 0.4117344 0.3741754 0.4013696 0.3741754 0.4013696 0.2869349 0.4019314 0.4357044 0.3998088 0.473123 0.05047249 0.4731897 0.06317281 0.4550071 0.06317281 0.473123 0.05047249 0.4550071 0.06317281 0.4549405 0.05047249 0.6297885 0.002433121 0.633138 0.002324521 0.6331727 0.002669632 0.6297885 0.002433121 0.6331727 0.002669632 0.6297827 0.002779066 0.05100697 0.05046653 0.1378476 0.05046653 0.1378476 0.06914579 0.05100697 0.05046653 0.1378476 0.06914579 0.05100697 0.06914579 0.1767032 0.05046486 0.1766915 0.06914722 0.1423691 0.06914722 0.1767032 0.05046486 0.1423691 0.06914722 0.1423807 0.05046486 0.2104856 0.01202434 0.002276182 0.01202434 0.002328276 0.002262651 0.2104856 0.01202434 0.002328276 0.002262651 0.2105348 0.002262651 0.7018125 0.005590081 0.7020726 0.00554955 0.7020726 0.008771419 0.7018125 0.005590081 0.7020726 0.008771419 0.7018125 0.008742451 0.6111639 0.003151237 0.6075827 0.003036677 0.6075885 0.002258718 0.6111639 0.003151237 0.6075885 0.002258718 0.6112393 0.002375543 0.7065851 0.008218288 0.7065851 0.005503296 0.7068867 0.005539655 0.7065851 0.008218288 0.7068867 0.005539655 0.7068867 0.008177638 0.952471 0.3156224 0.971072 0.3156572 0.971072 0.7017983 0.952471 0.3156224 0.971072 0.7017983 0.952471 0.7017635 0.7719117 0.005635261 0.7719117 0.008190035 0.7716073 0.00829792 0.7719117 0.005635261 0.7716073 0.00829792 0.7716073 0.005687355 0.9722158 0.002523899 0.969052 0.002529799 0.9690172 0.002257823 0.9722158 0.002523899 0.9690172 0.002257823 0.9722506 0.002257823 0.6576313 0.009067893 0.6573749 0.009038925 0.6573749 0.005747556 0.6576313 0.009067893 0.6573749 0.005747556 0.6576313 0.005712747 0.7317064 0.002657532 0.7316955 0.002252459 0.7350333 0.002252459 0.7317064 0.002657532 0.7350333 0.002252459 0.7350535 0.002657532 0.6297827 0.002779066 0.6264855 0.002779066 0.6265319 0.002433121 0.6297827 0.002779066 0.6265319 0.002433121 0.6297885 0.002433121 0.7191317 0.002674102 0.7157012 0.002674102 0.7157071 0.002263188 0.7191317 0.002674102 0.7157071 0.002263188 0.719126 0.002263188 0.8469601 0.002263426 0.8469601 0.01326477 0.8451449 0.0132662 0.8469601 0.002263426 0.8451449 0.0132662 0.8451449 0.002264857 0.03010272 0.485741 0.01844358 0.485741 0.01869863 0.03239333 0.2213769 0.1209696 0.2463988 0.1209696 0.2714207 0.1316951 0.3588988 0.1316951 0.3839322 0.1209696 0.408954 0.1209696 0.5889689 0.03239339 0.5888473 0.2530924 0.5771881 0.2530924 0.5889689 0.03239339 0.5771881 0.2530924 0.5773099 0.04428356 0.03034615 0.0442835 0.03010272 0.485741 0.01869863 0.03239333 0.20977 0.0442835 0.03034615 0.0442835 0.01869863 0.03239333 0.4090004 0.03239333 0.5889689 0.03239339 0.5773099 0.04428356 0.4090004 0.03239333 0.5773099 0.04428356 0.420648 0.0442835 0.408954 0.1209696 0.4090004 0.03239333 0.420648 0.0442835 0.20977 0.0442835 0.01869863 0.03239333 0.2214291 0.03239333 0.20977 0.0442835 0.2214291 0.03239333 0.2213769 0.1209696 0.408954 0.1209696 0.420648 0.0442835 0.4206016 0.1328599 0.3588988 0.1316951 0.408954 0.1209696 0.4206016 0.1328599 0.2097178 0.1328599 0.20977 0.0442835 0.2213769 0.1209696 0.2714207 0.1316951 0.3588988 0.1316951 0.4206016 0.1328599 0.2097178 0.1328599 0.2213769 0.1209696 0.2714207 0.1316951 0.2714207 0.1316951 0.4206016 0.1328599 0.2097178 0.1328599 0.9497334 0.09575355 0.9497334 0.08904314 0.9608801 0.08910107 0.9497334 0.09575355 0.9608801 0.08910107 0.9608801 0.09581148 0.6075827 0.003036677 0.6040479 0.003036677 0.6039841 0.002258718 0.6075827 0.003036677 0.6039841 0.002258718 0.6075885 0.002258718 0.2275619 0.008569478 0.227831 0.008604288 0.227831 0.01131618 0.2275619 0.008569478 0.227831 0.01131618 0.2275619 0.01135683 0.2723481 0.002263069 0.2723504 0.002999186 0.2521374 0.002999186 0.2723481 0.002263069 0.2521374 0.002999186 0.2521345 0.002263069 0.9771674 0.00225383 0.9958497 0.002265512 0.9958498 0.3883138 0.9771674 0.00225383 0.9958498 0.3883138 0.9771675 0.3883023 0.2305032 0.3836704 0.05103302 0.3836705 0.05111998 0.3698586 0.2305032 0.3836704 0.05111998 0.3698586 0.2305873 0.3698586 0.6833018 0.002363801 0.6859212 0.002321302 0.6858857 0.002630054 0.6833018 0.002363801 0.6858857 0.002630054 0.6832084 0.002675414 0.3124028 0.9589195 0.3120478 0.8911198 0.5247251 0.8911198 0.3124028 0.9589195 0.5247251 0.8911198 0.5250816 0.9589195 0.8406163 0.002266407 0.8406003 0.03798079 0.7837593 0.03798085 0.8406163 0.002266407 0.7837593 0.03798085 0.7837738 0.002266407 0.5849167 0.4383782 0.5663158 0.4383463 0.5663157 0.258372 0.5849167 0.4383782 0.5663157 0.258372 0.5849167 0.2584038 0.01850098 0.7985208 0.01844304 0.5084564 0.3981056 0.5084564 0.01850098 0.7985208 0.3981056 0.5084564 0.3981637 0.7985208 0.6702111 0.002296984 0.6730397 0.002332508 0.6730426 0.002716839 0.6702111 0.002296984 0.6730426 0.002716839 0.6701676 0.002681314 0.7792392 0.0148611 0.7792391 0.04060453 0.7675858 0.04061102 0.7675868 0.02676373 0.5876182 0.02686387 0.5876199 0.01416367 0.7792392 0.0148611 0.7675858 0.04061102 0.7675868 0.02676373 0.5992736 0.01496124 0.7792392 0.0148611 0.7675868 0.02676373 0.5992736 0.01496124 0.7675868 0.02676373 0.5876199 0.01416367 0.01391959 0.6922312 0.002263367 0.6922377 0.002266168 0.01529353 0.01392322 0.02718317 0.01391959 0.6922312 0.002266168 0.01529353 0.01392322 0.02718317 0.002266168 0.01529353 0.3883899 0.01507866 0.5992752 0.002261042 0.5992736 0.01496124 0.5876199 0.01416367 0.400044 0.0269683 0.01392322 0.02718317 0.3883899 0.01507866 0.5992752 0.002261042 0.5876199 0.01416367 0.4000456 0.01426804 0.4000456 0.01426804 0.400044 0.0269683 0.3883899 0.01507866 0.3883915 0.002378404 0.5992752 0.002261042 0.4000456 0.01426804 0.3883915 0.002378404 0.4000456 0.01426804 0.3883899 0.01507866 0.311536 0.004761397 0.3115128 0.002260386 0.316815 0.002260386 0.311536 0.004761397 0.316815 0.002260386 0.3168368 0.004761397 0.425169 0.05046474 0.4504111 0.05046474 0.4504111 0.06914401 0.425169 0.05046474 0.4504111 0.06914401 0.425169 0.06914401 0.2228663 0.002257406 0.222895 0.004832327 0.2151224 0.004832327 0.2228663 0.002257406 0.2151224 0.004832327 0.2150937 0.002257406 0.698466 0.002715647 0.698466 0.002266347 0.7019429 0.002266347 0.698466 0.002715647 0.7019429 0.002266347 0.7018269 0.002715647 0.8069396 0.1811423 0.593683 0.1811423 0.5934743 0.06553357 0.8069396 0.1811423 0.5934743 0.06553357 0.8067339 0.06553351 0.6759037 0.002681314 0.6730426 0.002716839 0.6730397 0.002332508 0.6759037 0.002681314 0.6730397 0.002332508 0.6758545 0.002296984 0.1812145 0.06317985 0.1812174 0.05046784 0.1995247 0.05046784 0.1812145 0.06317985 0.1995247 0.05046784 0.1995217 0.06317985 0.6654841 0.002264559 0.6655653 0.003008425 0.6622565 0.003008425 0.6654841 0.002264559 0.6622565 0.003008425 0.6621116 0.002264559 0.746985 0.002702236 0.7469908 0.002261757 0.7497434 0.002261757 0.746985 0.002702236 0.7497434 0.002261757 0.7497085 0.002702236 0.6037994 0.00570333 0.6040537 0.005755424 0.6040537 0.00896573 0.6037994 0.00570333 0.6040537 0.00896573 0.6037994 0.008983135 0.7395702 0.002255856 0.7424733 0.002255856 0.7424733 0.002687513 0.7395702 0.002255856 0.7424733 0.002687513 0.7395992 0.002687513 0.7767018 0.002558469 0.7767018 0.005722284 0.7764357 0.005757093 0.7767018 0.002558469 0.7764357 0.005757093 0.7764357 0.00252366 0.3353487 0.1378457 0.3354368 0.3446564 0.05110758 0.3446564 0.3353487 0.1378457 0.05110758 0.3446564 0.05101919 0.1378458 0.3561385 0.00226593 0.3763507 0.00226593 0.3763441 0.00272715 0.3561385 0.00226593 0.3763441 0.00272715 0.3561319 0.00272715 0.6490173 0.009097933 0.6490173 0.006110668 0.6492656 0.006039738 0.6490173 0.009097933 0.6492656 0.006039738 0.6492656 0.008977651 0.9645828 0.08912432 0.9608801 0.08910107 0.9497334 0.08904314 0.9497334 0.08904314 0.9460306 0.08902001 0.9460306 0.002272009 0.9460306 0.002272009 0.9645828 0.002364873 0.9645828 0.08912432 0.9497334 0.08904314 0.9460306 0.002272009 0.9645828 0.08912432 0.2230492 0.008839249 0.2230492 0.01160907 0.2227773 0.01159167 0.2230492 0.008839249 0.2227773 0.01159167 0.2227773 0.008897185 0.7495836 0.008314967 0.7495836 0.005676746 0.7498791 0.005640625 0.7495836 0.008314967 0.7498791 0.005640625 0.7498791 0.008355379 0.641211 0.00225985 0.6412283 0.003116071 0.6377645 0.003116071 0.641211 0.00225985 0.6377645 0.003116071 0.637734 0.00225985 0.05108433 0.3644792 0.05101805 0.351779 0.333354 0.351779 0.05108433 0.3644792 0.333354 0.351779 0.3334206 0.3644792 0.8563041 0.007665872 0.9415103 0.00239849 0.9415103 0.1315642 0.8563041 0.007665872 0.9415103 0.1315642 0.8563041 0.1368316 0.5617955 0.05046308 0.5617955 0.3347923 0.5362709 0.3348032 0.5617955 0.05046308 0.5362709 0.3348032 0.5362709 0.05047392 0.9237974 0.592822 0.9237974 0.8759291 0.7324011 0.876271 0.9237974 0.592822 0.7324011 0.876271 0.7324011 0.593164 0.2971363 0.002988815 0.2769277 0.002988815 0.2769225 0.002263069 0.2971363 0.002988815 0.2769225 0.002263069 0.2971311 0.002263069 0.3069037 0.00494641 0.3016391 0.00494641 0.3016667 0.002262055 0.3069037 0.00494641 0.3016667 0.002262055 0.3069313 0.002262055</float_array>
          <technique_common>
            <accessor source="#DniprovskaPolitehnika_poli_h_poli_l_l_002-mesh-map-0-array" count="8610" stride="2">
              <param name="S" type="float"/>
              <param name="T" type="float"/>
            </accessor>
          </technique_common>
        </source>
        <vertices id="DniprovskaPolitehnika_poli_h_poli_l_l_002-mesh-vertices">
          <input semantic="POSITION" source="#DniprovskaPolitehnika_poli_h_poli_l_l_002-mesh-positions"/>
        </vertices>
        <triangles material="_24467c7-3342-44ab-b98c-11976b2d5aea-material" count="485">
          <input semantic="VERTEX" source="#DniprovskaPolitehnika_poli_h_poli_l_l_002-mesh-vertices" offset="0"/>
          <input semantic="NORMAL" source="#DniprovskaPolitehnika_poli_h_poli_l_l_002-mesh-normals" offset="1"/>
          <input semantic="TEXCOORD" source="#DniprovskaPolitehnika_poli_h_poli_l_l_002-mesh-map-0" offset="2" set="0"/>
          <p>0 0 0 1 0 1 2 0 2 369 1 3 385 1 4 384 1 5 369 2 6 384 2 7 383 2 8 5 3 9 8 3 10 3 3 11 27 3 12 30 3 13 29 3 14 27 3 15 29 3 16 28 3 17 429 4 18 430 4 19 467 4 20 429 5 21 467 5 22 468 5 23 489 6 24 490 6 25 492 6 26 489 7 27 492 7 28 495 7 29 194 8 30 195 8 31 319 8 32 194 9 33 319 9 34 191 9 35 417 10 36 418 10 37 470 10 38 417 11 39 470 11 40 469 11 41 13 12 42 4 12 43 15 12 44 6 13 45 14 13 46 16 13 47 7 14 48 17 14 49 18 14 50 19 3 51 26 3 52 25 3 53 19 3 54 25 3 55 23 3 56 32 3 57 40 3 58 38 3 59 32 3 60 38 3 61 36 3 62 401 15 63 402 15 64 434 15 65 401 16 66 434 16 67 433 16 68 589 17 69 600 17 70 598 17 71 589 18 72 598 18 73 591 18 74 20 19 75 24 19 76 21 19 77 20 19 78 21 19 79 22 19 80 9 3 81 12 3 82 11 3 83 9 3 84 11 3 85 10 3 86 790 20 87 789 20 88 787 20 89 790 20 90 787 20 91 788 20 92 456 21 93 492 21 94 490 21 95 456 22 96 490 22 97 455 22 98 421 23 99 422 23 100 449 23 101 421 24 102 449 24 103 450 24 104 425 25 105 426 25 106 427 25 107 425 26 108 427 26 109 480 26 110 134 27 111 141 27 112 140 27 113 134 28 114 140 28 115 139 28 116 768 29 117 770 29 118 729 29 119 768 29 120 729 29 121 769 29 122 767 29 123 768 29 124 769 29 125 763 29 126 762 29 127 766 29 128 763 29 129 766 29 130 765 29 131 767 29 132 769 29 133 764 29 134 763 29 135 765 29 136 767 29 137 767 29 138 764 29 139 763 29 140 42 3 141 46 3 142 45 3 143 42 3 144 45 3 145 44 3 146 724 30 147 721 30 148 722 30 149 724 31 150 722 31 151 723 31 152 267 32 153 268 32 154 292 32 155 267 33 156 292 33 157 291 33 158 428 34 159 479 34 160 480 34 161 428 35 162 480 35 163 427 35 164 163 36 165 165 36 166 242 36 167 163 37 168 242 37 169 162 37 170 31 20 171 35 20 172 33 20 173 31 20 174 33 20 175 34 20 176 216 38 177 234 38 178 232 38 179 216 39 180 232 39 181 215 39 182 376 40 183 389 40 184 388 40 185 376 41 186 388 41 187 372 41 188 181 42 189 182 42 190 220 42 191 181 43 192 220 43 193 219 43 194 496 44 195 497 44 196 499 44 197 496 44 198 499 44 199 498 44 200 54 45 201 63 45 202 61 45 203 54 46 204 61 46 205 52 46 206 170 47 207 262 47 208 261 47 209 170 48 210 261 48 211 259 48 212 223 49 213 308 49 214 309 49 215 223 50 216 309 50 217 221 50 218 47 0 219 50 0 220 48 0 221 47 0 222 48 0 223 49 0 224 774 0 225 773 0 226 771 0 227 774 0 228 771 0 229 772 0 230 69 51 231 73 51 232 130 51 233 69 52 234 130 52 235 68 52 236 246 53 237 283 53 238 282 53 239 246 54 240 282 54 241 243 54 242 88 55 243 89 55 244 102 55 245 88 56 246 102 56 247 86 56 248 358 57 249 361 57 250 360 57 251 358 58 252 360 58 253 359 58 254 134 59 255 135 59 256 133 59 257 134 60 258 133 60 259 132 60 260 231 61 261 211 61 262 212 61 263 231 62 264 212 62 265 214 62 266 664 63 267 707 63 268 706 63 269 664 64 270 706 64 271 663 64 272 566 65 273 676 65 274 675 65 275 566 66 276 675 66 277 565 66 278 581 67 279 585 67 280 584 67 281 581 68 282 584 68 283 583 68 284 257 69 285 288 69 286 287 69 287 257 70 288 287 70 289 256 70 290 629 71 291 681 71 292 680 71 293 629 72 294 680 72 295 628 72 296 561 73 297 542 73 298 545 73 299 561 74 300 545 74 301 563 74 302 180 75 303 216 75 304 215 75 305 180 76 306 215 76 307 213 76 308 136 77 309 138 77 310 199 77 311 136 78 312 199 78 313 198 78 314 473 79 315 488 79 316 487 79 317 473 80 318 487 80 319 471 80 320 410 81 321 411 81 322 442 81 323 410 82 324 442 82 325 441 82 326 197 83 327 324 83 328 321 83 329 197 84 330 321 84 331 196 84 332 447 85 333 448 85 334 486 85 335 447 86 336 486 86 337 484 86 338 633 87 339 668 87 340 623 87 341 633 88 342 623 88 343 620 88 344 249 89 345 254 89 346 252 89 347 249 90 348 252 90 349 250 90 350 516 91 351 515 91 352 509 91 353 509 92 354 507 92 355 512 92 356 512 93 357 511 93 358 510 93 359 510 94 360 513 94 361 514 94 362 514 95 363 517 95 364 533 95 365 533 96 366 532 96 367 531 96 368 531 0 369 530 0 370 529 0 371 529 97 372 527 97 373 525 97 374 525 98 375 524 98 376 523 98 377 523 99 378 522 99 379 521 99 380 521 100 381 520 100 382 519 100 383 519 96 384 518 96 385 516 96 386 516 101 387 509 101 388 512 101 389 512 0 390 510 0 391 514 0 392 514 102 393 533 102 394 531 102 395 531 103 396 529 103 397 525 103 398 525 104 399 523 104 400 521 104 401 521 0 402 519 0 403 516 0 404 516 105 405 512 105 406 514 105 407 514 0 408 531 0 409 525 0 410 525 106 411 521 106 412 516 106 413 514 107 414 525 107 415 516 107 416 679 108 417 693 108 418 692 108 419 679 109 420 692 109 421 678 109 422 134 110 423 132 110 424 142 110 425 134 111 426 142 111 427 141 111 428 121 112 429 120 112 430 92 112 431 121 113 432 92 113 433 94 113 434 169 114 435 170 114 436 259 114 437 169 115 438 259 115 439 258 115 440 755 3 441 757 3 442 756 3 443 755 3 444 756 3 445 754 3 446 71 116 447 73 116 448 69 116 449 71 117 450 69 117 451 62 117 452 304 118 453 305 118 454 293 118 455 304 119 456 293 119 457 306 119 458 59 120 459 60 120 460 58 120 461 59 121 462 58 121 463 57 121 464 604 122 465 605 122 466 666 122 467 604 123 468 666 123 469 665 123 470 656 124 471 657 124 472 658 124 473 656 125 474 658 125 475 654 125 476 536 126 477 537 126 478 539 126 479 536 127 480 539 127 481 538 127 482 778 128 483 777 128 484 775 128 485 778 129 486 775 129 487 776 129 488 748 29 489 749 29 490 750 29 491 748 29 492 750 29 493 746 29 494 744 29 495 748 29 496 746 29 497 738 29 498 739 29 499 740 29 500 744 29 501 746 29 502 745 29 503 744 29 504 745 29 505 741 29 506 738 130 507 740 130 508 737 130 509 743 131 510 744 131 511 741 131 512 742 29 513 743 29 514 741 29 515 736 29 516 738 29 517 737 29 518 736 29 519 737 29 520 735 29 521 734 132 522 736 132 523 735 132 524 742 29 525 741 29 526 731 29 527 734 29 528 735 29 529 733 29 530 732 133 531 742 133 532 731 133 533 734 29 534 733 29 535 732 29 536 732 29 537 731 29 538 730 29 539 732 29 540 730 29 541 734 29 542 570 134 543 631 134 544 630 134 545 570 135 546 630 135 547 569 135 548 475 136 549 476 136 550 474 136 551 475 137 552 474 137 553 424 137 554 152 138 555 167 138 556 166 138 557 152 139 558 166 139 559 151 139 560 546 140 561 544 140 562 541 140 563 541 141 564 551 141 565 550 141 566 541 142 567 550 142 568 549 142 569 547 140 570 546 140 571 541 140 572 541 143 573 549 143 574 548 143 575 548 144 576 547 144 577 541 144 578 671 145 579 691 145 580 690 145 581 671 146 582 690 146 583 689 146 584 106 147 585 107 147 586 154 147 587 106 148 588 154 148 589 153 148 590 609 149 591 607 149 592 618 149 593 609 150 594 618 150 595 617 150 596 714 151 597 712 151 598 713 151 599 714 152 600 713 152 601 699 152 602 720 153 603 717 153 604 718 153 605 720 154 606 718 154 607 719 154 608 555 155 609 554 155 610 540 155 611 540 140 612 543 140 613 560 140 614 540 140 615 560 140 616 558 140 617 556 156 618 555 156 619 540 156 620 540 157 621 558 157 622 557 157 623 557 158 624 556 158 625 540 158 626 567 159 627 568 159 628 627 159 629 567 160 630 627 160 631 677 160 632 74 161 633 75 161 634 72 161 635 74 162 636 72 162 637 70 162 638 786 163 639 785 163 640 783 163 641 786 164 642 783 164 643 784 164 644 791 20 645 792 20 646 793 20 647 791 20 648 793 20 649 794 20 650 457 165 651 460 165 652 459 165 653 457 166 654 459 166 655 458 166 656 362 167 657 363 167 658 361 167 659 362 168 660 361 168 661 358 168 662 441 169 663 442 169 664 481 169 665 441 170 666 481 170 667 440 170 668 406 171 669 407 171 670 405 171 671 406 172 672 405 172 673 403 172 674 642 173 675 552 173 676 553 173 677 642 174 678 553 174 679 646 174 680 643 175 681 647 175 682 645 175 683 643 176 684 645 176 685 644 176 686 506 177 687 508 177 688 505 177 689 506 178 690 505 178 691 504 178 692 258 179 693 259 179 694 290 179 695 258 180 696 290 180 697 289 180 698 395 181 699 396 181 700 416 181 701 395 182 702 416 182 703 415 182 704 577 183 705 637 183 706 651 183 707 577 184 708 651 184 709 575 184 710 112 185 711 119 185 712 118 185 713 112 186 714 118 186 715 117 186 716 686 187 717 701 187 718 700 187 719 686 188 720 700 188 721 685 188 722 373 189 723 375 189 724 371 189 725 373 190 726 371 190 727 370 190 728 327 191 729 84 191 730 82 191 731 327 192 732 82 192 733 80 192 734 366 193 735 367 193 736 365 193 737 366 194 738 365 194 739 364 194 740 578 195 741 579 195 742 636 195 743 578 196 744 636 196 745 635 196 746 387 197 747 394 197 748 393 197 749 387 198 750 393 198 751 386 198 752 113 199 753 114 199 754 111 199 755 113 200 756 111 200 757 91 200 758 452 201 759 453 201 760 454 201 761 452 202 762 454 202 763 491 202 764 592 203 765 596 203 766 595 203 767 592 204 768 595 204 769 594 204 770 233 205 771 235 205 772 253 205 773 233 206 774 253 206 775 255 206 776 218 207 777 238 207 778 236 207 779 218 208 780 236 208 781 217 208 782 280 209 783 159 209 784 161 209 785 280 210 786 161 210 787 241 210 788 436 211 789 437 211 790 463 211 791 436 212 792 463 212 793 464 212 794 414 213 795 466 213 796 465 213 797 414 214 798 465 214 799 413 214 800 374 215 801 381 215 802 380 215 803 374 216 804 380 216 805 377 216 806 526 217 807 528 217 808 534 217 809 526 218 810 534 218 811 535 218 812 641 219 813 653 219 814 652 219 815 641 220 816 652 220 817 639 220 818 781 221 819 779 221 820 780 221 821 781 221 822 780 221 823 782 221 824 274 222 825 277 222 826 295 222 827 274 223 828 295 223 829 270 223 830 501 224 831 502 224 832 503 224 833 501 225 834 503 225 835 500 225 836 103 226 837 104 226 838 149 226 839 103 227 840 149 227 841 148 227 842 188 228 843 316 228 844 314 228 845 188 229 846 314 229 847 186 229 848 190 230 849 189 230 850 126 230 851 190 231 852 126 231 853 127 231 854 106 232 855 153 232 856 152 232 857 106 233 858 152 233 859 105 233 860 207 234 861 178 234 862 179 234 863 207 235 864 179 235 865 206 235 866 334 236 867 337 236 868 336 236 869 334 237 870 336 237 871 335 237 872 296 238 873 309 238 874 308 238 875 296 239 876 308 239 877 294 239 878 758 19 879 761 19 880 760 19 881 758 19 882 760 19 883 759 19 884 612 240 885 613 240 886 662 240 887 612 241 888 662 241 889 661 241 890 329 242 891 398 242 892 423 242 893 329 243 894 423 243 895 397 243 896 408 244 897 409 244 898 407 244 899 408 245 900 407 245 901 406 245 902 165 246 903 163 246 904 151 246 905 165 247 906 151 247 907 166 247 908 701 248 909 716 248 910 715 248 911 701 249 912 715 249 913 700 249 914 98 250 915 99 250 916 178 250 917 98 251 918 178 251 919 207 251 920 752 3 921 753 3 922 747 3 923 752 3 924 747 3 925 751 3 926 167 252 927 152 252 928 153 252 929 167 253 930 153 253 931 168 253 932 160 254 933 158 254 934 109 254 935 160 255 936 109 255 937 110 255 938 129 256 939 131 256 940 193 256 941 129 257 942 193 257 943 128 257 944 350 258 945 349 258 946 354 258 947 350 259 948 354 259 949 353 259 950 439 260 951 461 260 952 462 260 953 439 261 954 462 261 955 438 261 956 624 262 957 621 262 958 650 262 959 624 263 960 650 263 961 684 263 962 655 264 963 659 264 964 660 264 965 655 265 966 660 265 967 705 265 968 190 266 969 318 266 970 317 266 971 190 267 972 317 267 973 315 267 974 798 3 975 795 3 976 796 3 977 798 3 978 796 3 979 797 3 980 578 268 981 635 268 982 634 268 983 578 269 984 634 269 985 576 269 986 177 270 987 100 270 988 187 270 989 177 271 990 187 271 991 185 271 992 683 272 993 698 272 994 697 272 995 683 273 996 697 273 997 682 273 998 442 274 999 443 274 1000 482 274 1001 442 275 1002 482 275 1003 481 275 1004 404 276 1005 435 276 1006 434 276 1007 404 277 1008 434 277 1009 402 277 1010 586 278 1011 603 278 1012 602 278 1013 586 279 1014 602 279 1015 587 279 1016 156 280 1017 171 280 1018 263 280 1019 156 281 1020 263 281 1021 155 281 1022 76 282 1023 77 282 1024 75 282 1025 76 283 1026 75 283 1027 74 283 1028 41 19 1029 43 19 1030 37 19 1031 41 19 1032 37 19 1033 39 19 1034 115 284 1035 116 284 1036 201 284 1037 115 285 1038 201 285 1039 164 285 1040 356 286 1041 355 286 1042 368 286 1043 356 287 1044 368 287 1045 357 287 1046 177 288 1047 185 288 1048 183 288 1049 177 289 1050 183 289 1051 175 289 1052 192 290 1053 318 290 1054 190 290 1055 192 291 1056 190 291 1057 127 291 1058 330 3 1059 333 3 1060 332 3 1061 330 292 1062 332 292 1063 331 292 1064 229 293 1065 230 293 1066 226 293 1067 229 294 1068 226 294 1069 225 294 1070 582 295 1071 670 295 1072 669 295 1073 582 296 1074 669 296 1075 580 296 1076 239 297 1077 286 297 1078 251 297 1079 239 298 1080 251 298 1081 237 298 1082 105 299 1083 152 299 1084 151 299 1085 105 300 1086 151 300 1087 150 300 1088 391 301 1089 392 301 1090 398 301 1091 391 302 1092 398 302 1093 329 302 1094 710 303 1095 711 303 1096 709 303 1097 710 304 1098 709 304 1099 708 304 1100 204 305 1101 202 305 1102 125 305 1103 204 306 1104 125 306 1105 203 306 1106 445 307 1107 446 307 1108 444 307 1109 445 308 1110 444 308 1111 412 308 1112 573 309 1113 574 309 1114 620 309 1115 573 310 1116 620 310 1117 623 310 1118 139 311 1119 123 311 1120 124 311 1121 139 312 1122 124 312 1123 137 312 1124 420 313 1125 451 313 1126 472 313 1127 420 314 1128 472 314 1129 419 314 1130 284 315 1131 285 315 1132 303 315 1133 284 316 1134 303 316 1135 302 316 1136 227 317 1137 307 317 1138 308 317 1139 227 318 1140 308 318 1141 223 318 1142 338 319 1143 342 319 1144 340 319 1145 338 320 1146 340 320 1147 339 320 1148 76 321 1149 79 321 1150 78 321 1151 76 322 1152 78 322 1153 77 322 1154 281 323 1155 301 323 1156 300 323 1157 281 324 1158 300 324 1159 279 324 1160 147 325 1161 164 325 1162 201 325 1163 147 326 1164 201 326 1165 146 326 1166 607 327 1167 606 327 1168 619 327 1169 607 328 1170 619 328 1171 618 328 1172 696 329 1173 704 329 1174 703 329 1175 696 330 1176 703 330 1177 695 330 1178 139 331 1179 140 331 1180 122 331 1181 139 332 1182 122 332 1183 123 332 1184 85 333 1185 328 333 1186 325 333 1187 85 334 1188 325 334 1189 87 334 1190 202 335 1191 204 335 1192 205 335 1193 202 336 1194 205 336 1195 323 336 1196 346 337 1197 345 337 1198 341 337 1199 343 338 1200 344 338 1201 346 338 1202 346 339 1203 341 339 1204 343 339 1205 222 340 1206 223 340 1207 221 340 1208 222 341 1209 221 341 1210 184 341 1211 593 342 1212 673 342 1213 672 342 1214 593 343 1215 672 343 1216 590 343 1217 638 344 1218 640 344 1219 649 344 1220 638 345 1221 649 345 1222 648 345 1223 379 346 1224 382 346 1225 390 346 1226 379 347 1227 390 347 1228 378 347 1229 279 348 1230 300 348 1231 275 348 1232 279 349 1233 275 349 1234 278 349 1235 97 350 1236 98 350 1237 207 350 1238 97 351 1239 207 351 1240 96 351 1241 271 352 1242 296 352 1243 294 352 1244 271 353 1245 294 353 1246 269 353 1247 400 354 1248 432 354 1249 431 354 1250 400 355 1251 431 355 1252 399 355 1253 247 356 1254 248 356 1255 245 356 1256 247 357 1257 245 357 1258 244 357 1259 56 358 1260 95 358 1261 93 358 1262 56 359 1263 93 359 1264 55 359 1265 351 360 1266 352 360 1267 347 360 1268 351 361 1269 347 361 1270 348 361 1271 561 362 1272 562 362 1273 559 362 1274 561 363 1275 559 363 1276 542 363 1277 322 364 1278 208 364 1279 209 364 1280 322 365 1281 209 365 1282 320 365 1283 625 366 1284 688 366 1285 687 366 1286 625 367 1287 687 367 1288 626 367 1289 477 368 1290 480 368 1291 479 368 1292 477 369 1293 479 369 1294 478 369 1295 97 370 1296 67 370 1297 60 370 1298 60 371 1299 59 371 1300 51 371 1301 51 372 1302 53 372 1303 65 372 1304 65 373 1305 66 373 1306 90 373 1307 90 374 1308 101 374 1309 108 374 1310 108 375 1311 157 375 1312 172 375 1313 172 376 1314 278 376 1315 275 376 1316 275 377 1317 272 377 1318 273 377 1319 273 378 1320 276 378 1321 240 378 1322 240 379 1323 173 379 1324 174 379 1325 174 380 1326 176 380 1327 99 380 1328 99 381 1329 98 381 1330 97 381 1331 97 382 1332 60 382 1333 51 382 1334 51 383 1335 65 383 1336 90 383 1337 90 384 1338 108 384 1339 172 384 1340 172 385 1341 275 385 1342 273 385 1343 273 386 1344 240 386 1345 174 386 1346 174 387 1347 99 387 1348 97 387 1349 97 388 1350 51 388 1351 90 388 1352 90 389 1353 172 389 1354 273 389 1355 273 390 1356 174 390 1357 97 390 1358 90 391 1359 273 391 1360 97 391 1361 298 392 1362 311 392 1363 310 392 1364 298 393 1365 310 393 1366 297 393 1367 726 394 1368 728 394 1369 727 394 1370 726 395 1371 727 395 1372 725 395 1373 224 396 1374 313 396 1375 210 396 1376 224 397 1377 210 397 1378 228 397 1379 587 398 1380 602 398 1381 601 398 1382 587 399 1383 601 399 1384 588 399 1385 694 400 1386 695 400 1387 703 400 1388 694 401 1389 703 401 1390 702 401 1391 144 402 1392 146 402 1393 201 402 1394 144 403 1395 201 403 1396 200 403 1397 265 404 1398 266 404 1399 260 404 1400 265 405 1401 260 405 1402 264 405 1403 62 406 1404 64 406 1405 326 406 1406 62 407 1407 326 407 1408 71 407 1409 299 408 1410 300 408 1411 301 408 1412 299 409 1413 301 409 1414 312 409 1415 611 410 1416 597 410 1417 599 410 1418 611 411 1419 599 411 1420 614 411 1421 485 412 1422 494 412 1423 493 412 1424 485 413 1425 493 413 1426 483 413 1427 610 414 1428 608 414 1429 616 414 1430 610 415 1431 616 415 1432 615 415 1433 143 416 1434 81 416 1435 83 416 1436 143 417 1437 83 417 1438 145 417 1439 565 418 1440 675 418 1441 674 418 1442 565 419 1443 674 419 1444 564 419 1445 622 420 1446 667 420 1447 632 420 1448 632 421 1449 571 421 1450 572 421 1451 632 422 1452 572 422 1453 622 422 1454</p>
        </triangles>
        <triangles material="_cb67e9a-6184-4b9d-be52-ea609f6d336f-material" count="493">
          <input semantic="VERTEX" source="#DniprovskaPolitehnika_poli_h_poli_l_l_002-mesh-vertices" offset="0"/>
          <input semantic="NORMAL" source="#DniprovskaPolitehnika_poli_h_poli_l_l_002-mesh-normals" offset="1"/>
          <input semantic="TEXCOORD" source="#DniprovskaPolitehnika_poli_h_poli_l_l_002-mesh-map-0" offset="2" set="0"/>
          <p>932 423 1455 1006 423 1456 1007 423 1457 932 424 1458 1007 424 1459 931 424 1460 1214 425 1461 1257 425 1462 1256 425 1463 1214 426 1464 1256 426 1465 1213 426 1466 1514 427 1467 1530 427 1468 1529 427 1469 1514 428 1470 1529 428 1471 1513 428 1472 1137 429 1473 1118 429 1474 1143 429 1475 1137 430 1476 1143 430 1477 1138 430 1478 1168 431 1479 1171 431 1480 1134 431 1481 1168 432 1482 1134 432 1483 1191 432 1484 892 433 1485 969 433 1486 902 433 1487 892 434 1488 902 434 1489 891 434 1490 969 435 1491 892 435 1492 894 435 1493 969 436 1494 894 436 1495 971 436 1496 1455 437 1497 1454 437 1498 1558 437 1499 1455 438 1500 1558 438 1501 1548 438 1502 1196 439 1503 1197 439 1504 1236 439 1505 1196 440 1506 1236 440 1507 1235 440 1508 1218 441 1509 1259 441 1510 1258 441 1511 1218 442 1512 1258 442 1513 1217 442 1514 1161 443 1515 1185 443 1516 1184 443 1517 1161 444 1518 1184 444 1519 1160 444 1520 1579 445 1521 1554 445 1522 1555 445 1523 1579 446 1524 1555 446 1525 1567 446 1526 981 447 1527 982 447 1528 993 447 1529 981 448 1530 993 448 1531 995 448 1532 1569 449 1533 1570 449 1534 1568 449 1535 1569 450 1536 1568 450 1537 1543 450 1538 828 451 1539 833 451 1540 832 451 1541 828 452 1542 832 452 1543 831 452 1544 1466 453 1545 1481 453 1546 1480 453 1547 1466 454 1548 1480 454 1549 1479 454 1550 1443 455 1551 1444 455 1552 1442 455 1553 1443 456 1554 1442 456 1555 1441 456 1556 841 457 1557 840 457 1558 842 457 1559 841 458 1560 842 458 1561 843 458 1562 1598 3 1563 1601 3 1564 1600 3 1565 1598 3 1566 1600 3 1567 1599 3 1568 857 459 1569 858 459 1570 875 459 1571 857 460 1572 875 460 1573 874 460 1574 882 461 1575 883 461 1576 884 461 1577 882 462 1578 884 462 1579 928 462 1580 1596 0 1581 1597 0 1582 1594 0 1583 1596 0 1584 1594 0 1585 1595 0 1586 1438 463 1587 1439 463 1588 1447 463 1589 1447 464 1590 1450 464 1591 1452 464 1592 1452 465 1593 1489 465 1594 1453 465 1595 1453 466 1596 1454 466 1597 1455 466 1598 1455 140 1599 1456 140 1600 1467 140 1601 1467 467 1602 1469 467 1603 1575 467 1604 1575 468 1605 1547 468 1606 1482 468 1607 1482 469 1608 1483 469 1609 1422 469 1610 1422 470 1611 1416 470 1612 1412 470 1613 1412 471 1614 1399 471 1615 1397 471 1616 1397 472 1617 1390 472 1618 1389 472 1619 1389 473 1620 1490 473 1621 1438 473 1622 1438 474 1623 1447 474 1624 1452 474 1625 1452 475 1626 1453 475 1627 1455 475 1628 1455 476 1629 1467 476 1630 1575 476 1631 1575 477 1632 1482 477 1633 1422 477 1634 1422 478 1635 1412 478 1636 1397 478 1637 1397 479 1638 1389 479 1639 1438 479 1640 1438 480 1641 1452 480 1642 1455 480 1643 1455 481 1644 1575 481 1645 1422 481 1646 1422 482 1647 1397 482 1648 1438 482 1649 1455 483 1650 1422 483 1651 1438 483 1652 1309 484 1653 1308 484 1654 1302 484 1655 1309 485 1656 1302 485 1657 1303 485 1658 971 486 1659 972 486 1660 970 486 1661 971 487 1662 970 487 1663 969 487 1664 912 488 1665 913 488 1666 911 488 1667 912 489 1668 911 489 1669 910 489 1670 1152 490 1671 1156 490 1672 1154 490 1673 1152 491 1674 1154 491 1675 1153 491 1676 1123 492 1677 1230 492 1678 1229 492 1679 1123 493 1680 1229 493 1681 1228 493 1682 1224 494 1683 1271 494 1684 1269 494 1685 1224 495 1686 1269 495 1687 1223 495 1688 1100 496 1689 1092 496 1690 1104 496 1691 1100 497 1692 1104 497 1693 1103 497 1694 1562 498 1695 1563 498 1696 1564 498 1697 1562 499 1698 1564 499 1699 1561 499 1700 1587 500 1701 1590 500 1702 1588 500 1703 1587 501 1704 1588 501 1705 1586 501 1706 1267 502 1707 1268 502 1708 1266 502 1709 1267 503 1710 1266 503 1711 1264 503 1712 1346 504 1713 1347 504 1714 1349 504 1715 1346 505 1716 1349 505 1717 1351 505 1718 893 506 1719 894 506 1720 892 506 1721 893 507 1722 892 507 1723 872 507 1724 1522 508 1725 1524 508 1726 1538 508 1727 1522 509 1728 1538 509 1729 1537 509 1730 1512 510 1731 1528 510 1732 1527 510 1733 1512 511 1734 1527 511 1735 1526 511 1736 1391 512 1737 1392 512 1738 1492 512 1739 1391 513 1740 1492 513 1741 1491 513 1742 1200 514 1743 1240 514 1744 1238 514 1745 1200 515 1746 1238 515 1747 1199 515 1748 977 516 1749 978 516 1750 996 516 1751 977 517 1752 996 517 1753 994 517 1754 845 518 1755 866 518 1756 867 518 1757 845 519 1758 867 519 1759 844 519 1760 1495 520 1761 1498 520 1762 1497 520 1763 1495 521 1764 1497 521 1765 1496 521 1766 1263 522 1767 1265 522 1768 1262 522 1769 1263 523 1770 1262 523 1771 1261 523 1772 844 524 1773 867 524 1774 886 524 1775 844 525 1776 886 525 1777 885 525 1778 881 526 1779 927 526 1780 926 526 1781 881 527 1782 926 527 1783 880 527 1784 1088 528 1785 1080 528 1786 1074 528 1787 1088 529 1788 1074 529 1789 1076 529 1790 1180 530 1791 1200 530 1792 1199 530 1793 1180 531 1794 1199 531 1795 1179 531 1796 956 532 1797 958 532 1798 978 532 1799 956 533 1800 978 533 1801 977 533 1802 898 534 1803 962 534 1804 960 534 1805 898 535 1806 960 535 1807 897 535 1808 1473 536 1809 1540 536 1810 1539 536 1811 1473 537 1812 1539 537 1813 1471 537 1814 1209 538 1815 1210 538 1816 1253 538 1817 1209 539 1818 1253 539 1819 1252 539 1820 1190 540 1821 1216 540 1822 1215 540 1823 1190 541 1824 1215 541 1825 1189 541 1826 1205 542 1827 1248 542 1828 1247 542 1829 1205 543 1830 1247 543 1831 1246 543 1832 813 544 1833 815 544 1834 851 544 1835 813 545 1836 851 545 1837 835 545 1838 888 546 1839 900 546 1840 899 546 1841 888 547 1842 899 547 1843 887 547 1844 1551 548 1845 1555 548 1846 1554 548 1847 1551 549 1848 1554 549 1849 1553 549 1850 824 550 1851 818 550 1852 812 550 1853 824 551 1854 812 551 1855 811 551 1856 834 552 1857 835 552 1858 848 552 1859 834 553 1860 848 553 1861 847 553 1862 1618 554 1863 1616 554 1864 1614 554 1865 1618 554 1866 1614 554 1867 1615 554 1868 1001 555 1869 1002 555 1870 1003 555 1871 1001 556 1872 1003 556 1873 1004 556 1874 1113 557 1875 1115 557 1876 1117 557 1877 1113 558 1878 1117 558 1879 1136 558 1880 1201 559 1881 1243 559 1882 1242 559 1883 1201 560 1884 1242 560 1885 1241 560 1886 1174 561 1887 1175 561 1888 1128 561 1889 1174 562 1890 1128 562 1891 1130 562 1892 939 563 1893 992 563 1894 998 563 1895 939 564 1896 998 564 1897 937 564 1898 1169 565 1899 1171 565 1900 1168 565 1901 1169 566 1902 1168 566 1903 1166 566 1904 984 567 1905 999 567 1906 997 567 1907 984 568 1908 997 568 1909 983 568 1910 1494 569 1911 1403 569 1912 1404 569 1913 1494 570 1914 1404 570 1915 1500 570 1916 1274 571 1917 1277 571 1918 1276 571 1919 1274 572 1920 1276 572 1921 1275 572 1922 1221 573 1923 1222 573 1924 1260 573 1925 1221 574 1926 1260 574 1927 1219 574 1928 854 575 1929 814 575 1930 816 575 1931 854 576 1932 816 576 1933 856 576 1934 1518 577 1935 1519 577 1936 1520 577 1937 1518 578 1938 1520 578 1939 1517 578 1940 1226 579 1941 1227 579 1942 1270 579 1943 1226 580 1944 1270 580 1945 1225 580 1946 1460 581 1947 1468 581 1948 1457 581 1949 1460 582 1950 1457 582 1951 1387 582 1952 952 583 1953 957 583 1954 955 583 1955 952 584 1956 955 584 1957 954 584 1958 896 585 1959 948 585 1960 947 585 1961 896 586 1962 947 586 1963 895 586 1964 901 587 1965 903 587 1966 968 587 1967 901 588 1968 968 588 1969 963 588 1970 1364 140 1971 1362 140 1972 1360 140 1973 1360 589 1974 1370 589 1975 1369 589 1976 1360 590 1977 1369 590 1978 1368 590 1979 1366 140 1980 1364 140 1981 1360 140 1982 1360 591 1983 1368 591 1984 1367 591 1985 1366 592 1986 1360 592 1987 1367 592 1988 1419 593 1989 1408 593 1990 1409 593 1991 1419 594 1992 1409 594 1993 1418 594 1994 1419 595 1995 1418 595 1996 1421 595 1997 1419 596 1998 1421 596 1999 1420 596 2000 1423 597 2001 1415 597 2002 1413 597 2003 1423 598 2004 1413 598 2005 1436 598 2006 1548 599 2007 1558 599 2008 1557 599 2009 1548 600 2010 1557 600 2011 1549 600 2012 1121 601 2013 1122 601 2014 1120 601 2015 1121 602 2016 1120 602 2017 1119 602 2018 941 603 2019 942 603 2020 940 603 2021 941 604 2022 940 604 2023 938 604 2024 826 605 2025 836 605 2026 859 605 2027 826 606 2028 859 606 2029 822 606 2030 978 607 2031 979 607 2032 980 607 2033 978 608 2034 980 608 2035 996 608 2036 1039 609 2037 1042 609 2038 1046 609 2039 1039 610 2040 1046 610 2041 1053 610 2042 964 611 2043 987 611 2044 986 611 2045 964 612 2046 986 612 2047 965 612 2048 829 613 2049 813 613 2050 835 613 2051 829 614 2052 835 614 2053 834 614 2054 1516 615 2055 1521 615 2056 1531 615 2057 1516 616 2058 1531 616 2059 1515 616 2060 1300 617 2061 1287 617 2062 1288 617 2063 1300 618 2064 1288 618 2065 1304 618 2066 1212 619 2067 1255 619 2068 1254 619 2069 1212 620 2070 1254 620 2071 1211 620 2072 1401 621 2073 1395 621 2074 1396 621 2075 1401 622 2076 1396 622 2077 1400 622 2078 815 623 2079 855 623 2080 853 623 2081 815 624 2082 853 624 2083 851 624 2084 1363 625 2085 1386 625 2086 1385 625 2087 1363 626 2088 1385 626 2089 1384 626 2090 1506 627 2091 1509 627 2092 1525 627 2093 1506 628 2094 1525 628 2095 1523 628 2096 817 629 2097 821 629 2098 820 629 2099 817 630 2100 820 630 2101 819 630 2102 1417 631 2103 1410 631 2104 1412 631 2105 1417 632 2106 1412 632 2107 1416 632 2108 880 633 2109 926 633 2110 925 633 2111 880 634 2112 925 634 2113 878 634 2114 1510 635 2115 1511 635 2116 1508 635 2117 1510 636 2118 1508 636 2119 1507 636 2120 1000 637 2121 991 637 2122 943 637 2123 1000 638 2124 943 638 2125 944 638 2126 1363 639 2127 1365 639 2128 1388 639 2129 1363 640 2130 1388 640 2131 1386 640 2132 929 641 2133 876 641 2134 877 641 2135 929 642 2136 877 642 2137 930 642 2138 1464 643 2139 1466 643 2140 1479 643 2141 1464 644 2142 1479 644 2143 1478 644 2144 1147 645 2145 1150 645 2146 1149 645 2147 1147 646 2148 1149 646 2149 1145 646 2150 1379 647 2151 1358 647 2152 1359 647 2153 1359 140 2154 1361 140 2155 1383 140 2156 1359 140 2157 1383 140 2158 1382 140 2159 1380 648 2160 1379 648 2161 1359 648 2162 1359 649 2163 1382 649 2164 1381 649 2165 1381 650 2166 1380 650 2167 1359 650 2168 850 651 2169 852 651 2170 873 651 2171 850 652 2172 873 652 2173 849 652 2174 1532 653 2175 1533 653 2176 1566 653 2177 1532 654 2178 1566 654 2179 1565 654 2180 1295 655 2181 1282 655 2182 1284 655 2183 1295 656 2184 1284 656 2185 1294 656 2186 1319 657 2187 1323 657 2188 1326 657 2189 1319 657 2190 1326 657 2191 1327 657 2192 1569 658 2193 1543 658 2194 1544 658 2195 1569 659 2196 1544 659 2197 1573 659 2198 920 660 2199 921 660 2200 934 660 2201 920 661 2202 934 661 2203 933 661 2204 1602 20 2205 1622 20 2206 1620 20 2207 1602 20 2208 1620 20 2209 1621 20 2210 1488 662 2211 1483 662 2212 1482 662 2213 1488 663 2214 1482 663 2215 1487 663 2216 918 664 2217 919 664 2218 917 664 2219 918 665 2220 917 665 2221 916 665 2222 1310 666 2223 1311 666 2224 1313 666 2225 1310 667 2226 1313 667 2227 1312 667 2228 1204 668 2229 1245 668 2230 1244 668 2231 1204 669 2232 1244 669 2233 1203 669 2234 1095 670 2235 1107 670 2236 1102 670 2237 1095 671 2238 1102 671 2239 1105 671 2240 1293 672 2241 1283 672 2242 1285 672 2243 1293 673 2244 1285 673 2245 1292 673 2246 1499 674 2247 1433 674 2248 1435 674 2249 1499 675 2250 1435 675 2251 1501 675 2252 861 676 2253 860 676 2254 871 676 2255 861 677 2256 871 677 2257 870 677 2258 1406 678 2259 1407 678 2260 1484 678 2261 1406 679 2262 1484 679 2263 1432 679 2264 1318 3 2265 1325 3 2266 1331 3 2267 1331 3 2268 1333 3 2269 1334 3 2270 1334 3 2271 1335 3 2272 1336 3 2273 1336 680 2274 1337 680 2275 1340 680 2276 1340 681 2277 1343 681 2278 1344 681 2279 1344 3 2280 1345 3 2281 1355 3 2282 1355 3 2283 1354 3 2284 1353 3 2285 1353 3 2286 1352 3 2287 1350 3 2288 1350 3 2289 1348 3 2290 1332 3 2291 1332 682 2292 1330 682 2293 1329 682 2294 1329 3 2295 1324 3 2296 1320 3 2297 1320 3 2298 1322 3 2299 1318 3 2300 1318 3 2301 1331 3 2302 1334 3 2303 1334 3 2304 1336 3 2305 1340 3 2306 1340 683 2307 1344 683 2308 1355 683 2309 1355 3 2310 1353 3 2311 1350 3 2312 1350 3 2313 1332 3 2314 1329 3 2315 1329 684 2316 1320 684 2317 1318 684 2318 1318 685 2319 1334 685 2320 1340 685 2321 1340 686 2322 1355 686 2323 1350 686 2324 1350 687 2325 1329 687 2326 1318 687 2327 1340 3 2328 1350 3 2329 1318 3 2330 1459 688 2331 1476 688 2332 1474 688 2333 1459 689 2334 1474 689 2335 1458 689 2336 1427 690 2337 1429 690 2338 1426 690 2339 1427 691 2340 1426 691 2341 1424 691 2342 953 692 2343 976 692 2344 974 692 2345 953 693 2346 974 693 2347 951 693 2348 935 694 2349 905 694 2350 946 694 2351 935 695 2352 946 695 2353 945 695 2354 932 696 2355 1005 696 2356 924 696 2357 932 697 2358 924 697 2359 1006 697 2360 1584 698 2361 1585 698 2362 1583 698 2363 1584 699 2364 1583 699 2365 1582 699 2366 1592 700 2367 1593 700 2368 1589 700 2369 1592 701 2370 1589 701 2371 1591 701 2372 1427 702 2373 1431 702 2374 1430 702 2375 1427 703 2376 1430 703 2377 1429 703 2378 846 704 2379 1008 704 2380 827 704 2381 846 705 2382 827 705 2383 830 705 2384 1035 706 2385 1043 706 2386 1041 706 2387 1033 707 2388 1032 707 2389 1030 707 2390 1033 708 2391 1030 708 2392 1026 708 2393 1035 709 2394 1041 709 2395 1038 709 2396 1033 710 2397 1026 710 2398 1035 710 2399 1035 711 2400 1038 711 2401 1033 711 2402 1411 712 2403 1414 712 2404 1371 712 2405 1411 713 2406 1371 713 2407 1398 713 2408 1477 714 2409 1542 714 2410 1541 714 2411 1477 715 2412 1541 715 2413 1475 715 2414 1458 716 2415 1474 716 2416 1472 716 2417 1458 717 2418 1472 717 2419 1470 717 2420 950 718 2421 949 718 2422 961 718 2423 950 719 2424 961 719 2425 959 719 2426 1086 720 2427 1087 720 2428 1089 720 2429 1081 721 2430 1079 721 2431 1084 721 2432 1081 722 2433 1084 722 2434 1082 722 2435 1090 723 2436 1086 723 2437 1089 723 2438 1081 724 2439 1082 724 2440 1090 724 2441 1089 725 2442 1081 725 2443 1090 725 2444 1028 19 2445 1025 19 2446 1022 19 2447 1022 19 2448 1036 19 2449 1027 19 2450 1022 19 2451 1027 19 2452 1028 19 2453 1010 726 2454 1111 726 2455 1014 726 2456 1010 727 2457 1014 727 2458 1017 727 2459 1023 0 2460 1019 0 2461 1044 0 2462 1023 728 2463 1044 728 2464 1037 728 2465 1314 729 2466 1315 729 2467 1316 729 2468 1314 730 2469 1316 730 2470 1317 730 2471 1012 731 2472 1109 731 2473 1018 731 2474 1021 732 2475 1024 732 2476 1015 732 2477 1015 733 2478 1012 733 2479 1018 733 2480 1015 734 2481 1018 734 2482 1021 734 2483 1188 735 2484 1212 735 2485 1211 735 2486 1188 736 2487 1211 736 2488 1187 736 2489 1297 737 2490 1299 737 2491 1301 737 2492 1297 738 2493 1301 738 2494 1307 738 2495 1378 739 2496 1437 739 2497 1451 739 2498 1378 740 2499 1451 740 2500 1449 740 2501 868 741 2502 869 741 2503 890 741 2504 868 742 2505 890 742 2506 889 742 2507 1231 743 2508 1232 743 2509 1279 743 2510 1231 744 2511 1279 744 2512 1278 744 2513 1050 745 2514 1034 745 2515 1040 745 2516 1040 746 2517 1055 746 2518 1052 746 2519 1040 747 2520 1052 747 2521 1050 747 2522 1161 748 2523 1162 748 2524 1186 748 2525 1161 749 2526 1186 749 2527 1185 749 2528 879 750 2529 880 750 2530 878 750 2531 879 751 2532 878 751 2533 839 751 2534 1054 752 2535 1047 752 2536 1071 752 2537 1057 753 2538 1060 753 2539 1051 753 2540 1054 754 2541 1071 754 2542 1057 754 2543 1057 755 2544 1051 755 2545 1054 755 2546 1619 20 2547 1615 20 2548 1614 20 2549 1619 20 2550 1614 20 2551 1617 20 2552 1059 756 2553 1056 756 2554 1067 756 2555 1065 757 2556 1063 757 2557 1059 757 2558 1067 758 2559 1065 758 2560 1059 758 2561 1061 759 2562 1071 759 2563 1047 759 2564 1049 760 2565 1051 760 2566 1060 760 2567 1061 761 2568 1047 761 2569 1048 761 2570 1049 762 2571 1060 762 2572 1061 762 2573 1061 763 2574 1048 763 2575 1049 763 2576 1627 764 2577 1626 764 2578 1624 764 2579 1627 765 2580 1624 765 2581 1605 765 2582 1552 766 2583 1550 766 2584 1556 766 2585 1552 767 2586 1556 767 2587 1536 767 2588 965 768 2589 986 768 2590 985 768 2591 965 769 2592 985 769 2593 967 769 2594 1165 770 2595 1167 770 2596 1164 770 2597 1165 771 2598 1164 771 2599 1163 771 2600 923 772 2601 936 772 2602 904 772 2603 923 773 2604 904 773 2605 907 773 2606 1341 774 2607 1342 774 2608 1339 774 2609 1341 774 2610 1339 774 2611 1338 774 2612 1291 775 2613 1292 775 2614 1285 775 2615 1291 776 2616 1285 776 2617 1286 776 2618 1202 777 2619 1181 777 2620 1159 777 2621 1202 778 2622 1159 778 2623 1011 778 2624 1077 779 2625 1075 779 2626 1064 779 2627 1069 780 2628 1062 780 2629 1073 780 2630 1069 781 2631 1073 781 2632 1078 781 2633 1077 782 2634 1064 782 2635 1066 782 2636 1069 783 2637 1078 783 2638 1077 783 2639 1066 784 2640 1069 784 2641 1077 784 2642 1173 785 2643 1129 785 2644 1131 785 2645 1173 786 2646 1131 786 2647 1144 786 2648 1151 787 2649 1158 787 2650 1157 787 2651 1151 788 2652 1157 788 2653 1155 788 2654 1425 789 2655 1434 789 2656 1405 789 2657 1425 790 2658 1405 790 2659 1428 790 2660 1321 791 2661 1319 791 2662 1327 791 2663 1321 792 2664 1327 792 2665 1328 792 2666 1029 20 2667 1031 20 2668 1045 20 2669 1029 20 2670 1045 20 2671 1020 20 2672 1625 793 2673 1603 793 2674 1604 793 2675 1625 793 2676 1604 793 2677 1623 793 2678 1559 794 2679 1560 794 2680 1534 794 2681 1559 795 2682 1534 795 2683 1535 795 2684 809 19 2685 810 19 2686 807 19 2687 809 19 2688 807 19 2689 808 19 2690 1289 796 2691 1290 796 2692 1298 796 2693 1289 797 2694 1298 797 2695 1296 797 2696 964 798 2697 966 798 2698 988 798 2699 964 799 2700 988 799 2701 987 799 2702 1609 800 2703 1608 800 2704 1607 800 2705 1609 801 2706 1607 801 2707 1606 801 2708 1613 802 2709 1612 802 2710 1610 802 2711 1613 803 2712 1610 803 2713 1611 803 2714 916 804 2715 917 804 2716 915 804 2717 916 805 2718 915 805 2719 914 805 2720 823 806 2721 838 806 2722 837 806 2723 823 807 2724 837 807 2725 825 807 2726 1094 808 2727 1098 808 2728 1108 808 2729 1094 809 2730 1108 809 2731 1096 809 2732 1377 810 2733 1448 810 2734 1440 810 2735 1377 811 2736 1440 811 2737 1376 811 2738 1239 812 2739 1281 812 2740 1280 812 2741 1239 813 2742 1280 813 2743 1237 813 2744 864 814 2745 865 814 2746 863 814 2747 864 815 2748 863 815 2749 862 815 2750 1099 816 2751 1101 816 2752 1106 816 2753 1099 817 2754 1106 817 2755 1097 817 2756 1093 818 2757 1083 818 2758 1085 818 2759 1093 819 2760 1085 819 2761 1091 819 2762 1273 820 2763 1305 820 2764 1306 820 2765 1273 821 2766 1306 821 2767 1272 821 2768 1013 822 2769 1112 822 2770 1116 822 2771 1116 823 2772 1114 823 2773 1110 823 2774 1116 824 2775 1110 824 2776 1013 824 2777 909 825 2778 908 825 2779 906 825 2780 909 826 2781 906 826 2782 922 826 2783 1576 827 2784 1581 827 2785 1580 827 2786 1576 828 2787 1580 828 2788 1577 828 2789 1178 829 2790 1179 829 2791 1199 829 2792 1178 830 2793 1199 830 2794 1198 830 2795 1195 831 2796 1234 831 2797 1233 831 2798 1195 832 2799 1233 832 2800 1193 832 2801 1250 833 2802 1251 833 2803 1249 833 2804 1250 834 2805 1249 834 2806 1206 834 2807 1191 835 2808 1134 835 2809 1135 835 2810 1191 836 2811 1135 836 2812 1220 836 2813 1505 837 2814 1521 837 2815 1516 837 2816 1505 838 2817 1516 838 2818 1504 838 2819 799 3 2820 802 3 2821 801 3 2822 799 3 2823 801 3 2824 800 3 2825 1489 839 2826 1512 839 2827 1526 839 2828 1489 840 2829 1526 840 2830 1453 840 2831 1183 841 2832 1208 841 2833 1207 841 2834 1183 842 2835 1207 842 2836 1182 842 2837 1374 843 2838 1356 843 2839 1357 843 2840 1374 844 2841 1357 844 2842 1375 844 2843 1373 845 2844 1503 845 2845 1502 845 2846 1373 846 2847 1502 846 2848 1372 846 2849 1418 847 2850 1409 847 2851 1410 847 2852 1418 848 2853 1410 848 2854 1417 848 2855 1176 849 2856 1177 849 2857 1194 849 2858 1176 850 2859 1194 850 2860 1192 850 2861 1058 851 2862 1072 851 2863 1070 851 2864 1058 852 2865 1070 852 2866 1068 852 2867 1463 853 2868 1465 853 2869 1462 853 2870 1463 854 2871 1462 854 2872 1461 854 2873 805 20 2874 806 20 2875 803 20 2876 805 20 2877 803 20 2878 804 20 2879 1571 855 2880 1572 855 2881 1574 855 2882 1571 856 2883 1574 856 2884 1578 856 2885 1394 857 2886 1402 857 2887 1493 857 2888 1394 858 2889 1493 858 2890 1393 858 2891 1139 859 2892 1142 859 2893 1141 859 2894 1139 860 2895 1141 860 2896 1140 860 2897 1124 861 2898 1127 861 2899 1126 861 2900 1124 862 2901 1126 862 2902 1125 862 2903 1485 863 2904 1486 863 2905 1546 863 2906 1485 864 2907 1546 864 2908 1545 864 2909 1146 865 2910 1009 865 2911 1016 865 2912 1146 866 2913 1016 866 2914 1148 866 2915 1441 867 2916 1446 867 2917 1445 867 2918 1441 868 2919 1445 868 2920 1443 868 2921 975 869 2922 990 869 2923 989 869 2924 975 870 2925 989 870 2926 973 870 2927 1172 871 2928 1132 871 2929 1133 871 2930 1172 872 2931 1133 872 2932 1170 872 2933</p>
        </triangles>
        <triangles material="_7574b1f-4692-4d6e-acfa-485268e73d49-material" count="440">
          <input semantic="VERTEX" source="#DniprovskaPolitehnika_poli_h_poli_l_l_002-mesh-vertices" offset="0"/>
          <input semantic="NORMAL" source="#DniprovskaPolitehnika_poli_h_poli_l_l_002-mesh-normals" offset="1"/>
          <input semantic="TEXCOORD" source="#DniprovskaPolitehnika_poli_h_poli_l_l_002-mesh-map-0" offset="2" set="0"/>
          <p>1800 873 2934 1802 873 2935 1803 873 2936 1800 874 2937 1803 874 2938 1798 874 2939 2013 875 2940 2012 875 2941 2024 875 2942 2013 876 2943 2024 876 2944 2014 876 2945 1951 877 2946 2031 877 2947 2028 877 2948 1951 878 2949 2028 878 2950 2027 878 2951 1700 879 2952 1701 879 2953 1712 879 2954 1700 880 2955 1712 880 2956 1713 880 2957 1854 881 2958 1852 881 2959 1866 881 2960 1854 882 2961 1866 882 2962 1865 882 2963 2252 883 2964 2253 883 2965 2268 883 2966 2252 884 2967 2268 884 2968 2269 884 2969 2354 0 2970 2353 0 2971 2352 0 2972 2354 0 2973 2352 0 2974 2327 0 2975 2231 885 2976 2232 885 2977 2235 885 2978 2231 886 2979 2235 886 2980 2213 886 2981 1719 887 2982 1718 887 2983 1726 887 2984 1719 888 2985 1726 888 2986 1724 888 2987 1871 889 2988 1872 889 2989 1870 889 2990 1871 890 2991 1870 890 2992 1869 890 2993 1789 891 2994 1926 891 2995 1925 891 2996 1789 892 2997 1925 892 2998 1924 892 2999 1760 893 3000 1752 893 3001 1779 893 3002 1760 894 3003 1779 894 3004 1769 894 3005 1921 895 3006 1922 895 3007 1976 895 3008 1921 896 3009 1976 896 3010 1975 896 3011 2210 897 3012 2234 897 3013 2233 897 3014 2210 898 3015 2233 898 3016 2209 898 3017 1876 899 3018 1871 899 3019 1869 899 3020 1876 900 3021 1869 900 3022 2104 900 3023 1775 901 3024 1782 901 3025 1784 901 3026 1775 902 3027 1784 902 3028 1774 902 3029 1827 903 3030 1813 903 3031 1814 903 3032 1827 904 3033 1814 904 3034 1829 904 3035 1947 905 3036 1948 905 3037 2010 905 3038 1947 906 3039 2010 906 3040 2009 906 3041 1847 907 3042 1845 907 3043 1844 907 3044 1844 908 3045 1842 908 3046 1824 908 3047 1824 909 3048 1823 909 3049 1812 909 3050 1812 910 3051 1847 910 3052 1844 910 3053 1844 911 3054 1824 911 3055 1812 911 3056 2297 912 3057 2299 912 3058 2298 912 3059 2297 913 3060 2298 913 3061 2296 913 3062 2164 914 3063 2163 914 3064 2172 914 3065 2164 915 3066 2172 915 3067 2171 915 3068 2226 916 3069 2188 916 3070 2238 916 3071 2226 917 3072 2238 917 3073 2225 917 3074 2151 918 3075 2208 918 3076 2207 918 3077 2151 919 3078 2207 919 3079 2150 919 3080 1832 920 3081 1946 920 3082 1945 920 3083 1832 921 3084 1945 921 3085 1828 921 3086 1643 922 3087 1663 922 3088 1662 922 3089 1643 923 3090 1662 923 3091 1642 923 3092 1998 924 3093 1999 924 3094 2052 924 3095 1998 925 3096 2052 925 3097 2053 925 3098 2002 926 3099 2049 926 3100 2050 926 3101 2002 927 3102 2050 927 3103 2001 927 3104 2168 928 3105 2169 928 3106 2167 928 3107 2168 929 3108 2167 929 3109 2165 929 3110 2090 930 3111 2091 930 3112 2094 930 3113 2090 931 3114 2094 931 3115 2089 931 3116 1873 932 3117 1906 932 3118 1905 932 3119 1873 933 3120 1905 933 3121 1904 933 3122 1816 934 3123 1959 934 3124 1957 934 3125 1816 935 3126 1957 935 3127 1815 935 3128 2215 936 3129 2217 936 3130 2237 936 3131 2215 937 3132 2237 937 3133 2236 937 3134 2303 0 3135 2306 0 3136 2304 0 3137 2303 0 3138 2304 0 3139 2305 0 3140 2103 938 3141 2096 938 3142 2097 938 3143 2103 939 3144 2097 939 3145 2102 939 3146 1734 940 3147 1720 940 3148 1721 940 3149 1734 941 3150 1721 941 3151 1733 941 3152 1844 942 3153 1849 942 3154 1885 942 3155 1844 943 3156 1885 943 3157 1842 943 3158 1927 944 3159 1928 944 3160 1980 944 3161 1927 945 3162 1980 945 3163 1979 945 3164 2221 946 3165 2180 946 3166 2181 946 3167 2221 947 3168 2181 947 3169 2224 947 3170 1756 948 3171 1759 948 3172 1758 948 3173 1756 949 3174 1758 949 3175 1757 949 3176 1629 950 3177 1631 950 3178 1630 950 3179 1629 951 3180 1630 951 3181 1628 951 3182 2182 952 3183 2228 952 3184 2227 952 3185 2182 953 3186 2227 953 3187 2204 953 3188 1843 954 3189 1841 954 3190 1884 954 3191 1843 955 3192 1884 955 3193 1848 955 3194 1694 956 3195 1686 956 3196 1687 956 3197 1694 957 3198 1687 957 3199 1727 957 3200 2280 958 3201 2273 958 3202 2274 958 3203 2280 959 3204 2274 959 3205 2279 959 3206 2250 960 3207 2272 960 3208 2271 960 3209 2250 961 3210 2271 961 3211 2249 961 3212 1932 962 3213 1933 962 3214 1990 962 3215 1932 963 3216 1990 963 3217 1988 963 3218 1955 964 3219 2034 964 3220 2033 964 3221 1955 965 3222 2033 965 3223 1954 965 3224 1665 966 3225 1690 966 3226 1689 966 3227 1665 967 3228 1689 967 3229 1688 967 3230 2093 968 3231 2094 968 3232 2091 968 3233 2093 969 3234 2091 969 3235 2030 969 3236 1792 970 3237 1868 970 3238 1896 970 3239 1792 971 3240 1896 971 3241 1794 971 3242 1695 972 3243 1728 972 3244 1682 972 3245 1695 973 3246 1682 973 3247 1684 973 3248 1939 974 3249 1940 974 3250 1938 974 3251 1939 975 3252 1938 975 3253 1913 975 3254 1791 976 3255 1793 976 3256 1928 976 3257 1791 977 3258 1928 977 3259 1927 977 3260 1875 978 3261 1908 978 3262 1906 978 3263 1875 979 3264 1906 979 3265 1873 979 3266 1857 980 3267 1858 980 3268 1856 980 3269 1857 981 3270 1856 981 3271 1855 981 3272 2242 982 3273 2255 982 3274 2254 982 3275 2242 983 3276 2254 983 3277 2241 983 3278 1834 984 3279 1835 984 3280 1831 984 3281 1834 985 3282 1831 985 3283 1830 985 3284 2023 986 3285 2025 986 3286 1795 986 3287 2023 987 3288 1795 987 3289 2022 987 3290 1667 988 3291 1668 988 3292 1700 988 3293 1667 989 3294 1700 989 3295 1699 989 3296 1863 990 3297 1899 990 3298 1898 990 3299 1863 991 3300 1898 991 3301 1897 991 3302 1676 992 3303 1660 992 3304 1661 992 3305 1676 993 3306 1661 993 3307 1681 993 3308 1886 994 3309 1915 994 3310 1820 994 3311 1886 995 3312 1820 995 3313 1822 995 3314 1649 996 3315 1659 996 3316 1658 996 3317 1649 997 3318 1658 997 3319 1657 997 3320 2191 998 3321 2192 998 3322 2244 998 3323 2191 999 3324 2244 999 3325 2243 999 3326 1929 1000 3327 1930 1000 3328 1987 1000 3329 1929 1001 3330 1987 1001 3331 1986 1001 3332 1960 1002 3333 2048 1002 3334 2047 1002 3335 1960 1003 3336 2047 1003 3337 1959 1003 3338 2278 1004 3339 2275 1004 3340 2276 1004 3341 2278 1005 3342 2276 1005 3343 2277 1005 3344 2282 1006 3345 2269 1006 3346 2270 1006 3347 2282 1007 3348 2270 1007 3349 2281 1007 3350 1645 1008 3351 1653 1008 3352 1652 1008 3353 1645 1009 3354 1652 1009 3355 1650 1009 3356 2139 1010 3357 2141 1010 3358 2178 1010 3359 2139 1011 3360 2178 1011 3361 2206 1011 3362 1710 1012 3363 1713 1012 3364 1712 1012 3365 1710 1013 3366 1712 1013 3367 1711 1013 3368 2197 1014 3369 2199 1014 3370 2246 1014 3371 2197 1015 3372 2246 1015 3373 2245 1015 3374 1918 1016 3375 1892 1016 3376 1894 1016 3377 1918 1017 3378 1894 1017 3379 1923 1017 3380 2159 1018 3381 2210 1018 3382 2209 1018 3383 2159 1019 3384 2209 1019 3385 2158 1019 3386 1818 1020 3387 1819 1020 3388 1962 1020 3389 1818 1021 3390 1962 1021 3391 1961 1021 3392 1655 1022 3393 1698 1022 3394 1697 1022 3395 1655 1023 3396 1697 1023 3397 1654 1023 3398 2309 3 3399 2307 3 3400 2314 3 3401 2309 3 3402 2314 3 3403 2313 3 3404 2113 1024 3405 2114 1024 3406 2112 1024 3407 2113 1025 3408 2112 1025 3409 2111 1025 3410 2004 1026 3411 2047 1026 3412 2048 1026 3413 2004 1027 3414 2048 1027 3415 2003 1027 3416 2176 1028 3417 2196 1028 3418 2195 1028 3419 2176 1029 3420 2195 1029 3421 2175 1029 3422 1889 1030 3423 1890 1030 3424 1917 1030 3425 1889 1031 3426 1917 1031 3427 1916 1031 3428 1696 1032 3429 1729 1032 3430 1728 1032 3431 1696 1033 3432 1728 1033 3433 1695 1033 3434 1994 1034 3435 1995 1034 3436 2056 1034 3437 1994 1035 3438 2056 1035 3439 2057 1035 3440 1881 1036 3441 1914 1036 3442 1912 1036 3443 1881 1037 3444 1912 1037 3445 1911 1037 3446 2316 20 3447 2317 20 3448 2318 20 3449 2316 20 3450 2318 20 3451 2315 20 3452 1821 1038 3453 1963 1038 3454 1962 1038 3455 1821 1039 3456 1962 1039 3457 1819 1039 3458 1861 1040 3459 1862 1040 3460 1896 1040 3461 1861 1041 3462 1896 1041 3463 1868 1041 3464 2261 1042 3465 2264 1042 3466 2266 1042 3467 2261 1043 3468 2266 1043 3469 2260 1043 3470 1995 1044 3471 1997 1044 3472 2055 1044 3473 1995 1045 3474 2055 1045 3475 2056 1045 3476 2109 1046 3477 2110 1046 3478 2107 1046 3479 2109 1047 3480 2107 1047 3481 2106 1047 3482 1919 1048 3483 1922 1048 3484 1921 1048 3485 1919 1049 3486 1921 1049 3487 1920 1049 3488 1900 1050 3489 1902 1050 3490 1903 1050 3491 1900 1051 3492 1903 1051 3493 1931 1051 3494 1877 1052 3495 1909 1052 3496 1907 1052 3497 1877 1053 3498 1907 1053 3499 1874 1053 3500 1986 1054 3501 1987 1054 3502 1989 1054 3503 1986 1055 3504 1989 1055 3505 1985 1055 3506 1675 1056 3507 1680 1056 3508 1679 1056 3509 1675 1057 3510 1679 1057 3511 1677 1057 3512 1867 1058 3513 1860 1058 3514 1857 1058 3515 1857 1059 3516 1855 1059 3517 1851 1059 3518 1851 1060 3519 1846 1060 3520 1790 1060 3521 1790 1061 3522 1867 1061 3523 1857 1061 3524 1857 1062 3525 1851 1062 3526 1790 1062 3527 1801 1063 3528 1805 1063 3529 1804 1063 3530 1801 1064 3531 1804 1064 3532 1799 1064 3533 1998 1065 3534 2053 1065 3535 2054 1065 3536 1998 1066 3537 2054 1066 3538 1996 1066 3539 2105 1067 3540 2106 1067 3541 2107 1067 3542 2105 1068 3543 2107 1068 3544 2108 1068 3545 1762 1069 3546 1763 1069 3547 1764 1069 3548 1762 1070 3549 1764 1070 3550 1773 1070 3551 2131 1071 3552 2132 1071 3553 2135 1071 3554 2131 1072 3555 2135 1072 3556 2162 1072 3557 1853 1073 3558 1888 1073 3559 1887 1073 3560 1853 1074 3561 1887 1074 3562 1850 1074 3563 2073 1075 3564 2074 1075 3565 2072 1075 3566 2073 1076 3567 2072 1076 3568 2069 1076 3569 2153 1077 3570 2154 1077 3571 2134 1077 3572 2153 1078 3573 2134 1078 3574 2133 1078 3575 2230 1079 3576 2240 1079 3577 2239 1079 3578 2230 1080 3579 2239 1080 3580 2229 1080 3581 1833 1081 3582 1839 1081 3583 1837 1081 3584 1833 1082 3585 1837 1082 3586 1836 1082 3587 1859 1083 3588 1895 1083 3589 1893 1083 3590 1859 1084 3591 1893 1084 3592 1891 1084 3593 2036 1085 3594 2038 1085 3595 2035 1085 3596 2036 1086 3597 2035 1086 3598 1956 1086 3599 1744 1087 3600 1750 1087 3601 1749 1087 3602 1744 1088 3603 1749 1088 3604 1748 1088 3605 2258 1089 3606 2259 1089 3607 2267 1089 3608 2258 1090 3609 2267 1090 3610 2283 1090 3611 2321 19 3612 2320 19 3613 2319 19 3614 2321 19 3615 2319 19 3616 2322 19 3617 1972 1091 3618 2061 1091 3619 2060 1091 3620 1972 1092 3621 2060 1092 3622 1970 1092 3623 1992 1093 3624 2058 1093 3625 2059 1093 3626 1992 1094 3627 2059 1094 3628 2075 1094 3629 1710 1095 3630 1711 1095 3631 1709 1095 3632 1710 1096 3633 1709 1096 3634 1708 1096 3635 1942 1097 3636 2008 1097 3637 2007 1097 3638 1942 1098 3639 2007 1098 3640 1941 1098 3641 2256 1099 3642 2257 1099 3643 2258 1099 3644 2256 1100 3645 2258 1100 3646 2283 1100 3647 2177 1101 3648 2198 1101 3649 2196 1101 3650 2177 1102 3651 2196 1102 3652 2176 1102 3653 1767 1103 3654 1768 1103 3655 1777 1103 3656 1767 1104 3657 1777 1104 3658 1778 1104 3659 1840 1105 3660 1953 1105 3661 1952 1105 3662 1840 1106 3663 1952 1106 3664 1838 1106 3665 1807 1107 3666 1806 1107 3667 1808 1107 3668 1807 1108 3669 1808 1108 3670 1809 1108 3671 2251 1109 3672 2252 1109 3673 2269 1109 3674 2251 1110 3675 2269 1110 3676 2282 1110 3677 2311 20 3678 2310 20 3679 2308 20 3680 2311 20 3681 2308 20 3682 2312 20 3683 2326 20 3684 2349 20 3685 2348 20 3686 2326 20 3687 2348 20 3688 2325 20 3689 2216 1111 3690 2220 1111 3691 2219 1111 3692 2216 1112 3693 2219 1112 3694 2218 1112 3695 2011 1113 3696 1949 1113 3697 1950 1113 3698 2011 1114 3699 1950 1114 3700 2026 1114 3701 1878 1115 3702 1883 1115 3703 1882 1115 3704 1878 1116 3705 1882 1116 3706 1880 1116 3707 2146 1117 3708 2184 1117 3709 2183 1117 3710 2146 1118 3711 2183 1118 3712 2145 1118 3713 2069 1119 3714 1982 1119 3715 1983 1119 3716 2069 1120 3717 1983 1120 3718 2073 1120 3719 2300 19 3720 2302 19 3721 1640 19 3722 2300 19 3723 1640 19 3724 2301 19 3725 1699 1121 3726 1700 1121 3727 1713 1121 3728 1699 1122 3729 1713 1122 3730 1714 1122 3731 1879 1123 3732 1910 1123 3733 1909 1123 3734 1879 1124 3735 1909 1124 3736 1877 1124 3737 2140 1125 3738 2144 1125 3739 2143 1125 3740 2140 1126 3741 2143 1126 3742 2142 1126 3743 1974 1127 3744 2065 1127 3745 2064 1127 3746 1974 1128 3747 2064 1128 3748 2062 1128 3749 1864 1129 3750 1901 1129 3751 1899 1129 3752 1864 1130 3753 1899 1130 3754 1863 1130 3755 1776 1131 3756 1780 1131 3757 1782 1131 3758 1776 1132 3759 1782 1132 3760 1775 1132 3761 1706 1133 3762 1707 1133 3763 1705 1133 3764 1706 1134 3765 1705 1134 3766 1704 1134 3767 2222 1135 3768 2223 1135 3769 2220 1135 3770 2222 1136 3771 2220 1136 3772 2216 1136 3773 1662 1137 3774 1663 1137 3775 1685 1137 3776 1662 1138 3777 1685 1138 3778 1683 1138 3779 1651 1139 3780 1693 1139 3781 1692 1139 3782 1651 1140 3783 1692 1140 3784 1691 1140 3785 2036 1141 3786 1956 1141 3787 1958 1141 3788 2036 1142 3789 1958 1142 3790 2046 1142 3791 2039 1143 3792 2036 1143 3793 2046 1143 3794 2039 1144 3795 2046 1144 3796 2045 1144 3797 1643 1145 3798 1644 1145 3799 1664 1145 3800 1643 1146 3801 1664 1146 3802 1663 1146 3803 1933 1147 3804 1993 1147 3805 1991 1147 3806 1933 1148 3807 1991 1148 3808 1990 1148 3809 1736 1149 3810 1787 1149 3811 1788 1149 3812 1736 1150 3813 1788 1150 3814 1731 1150 3815 1772 1151 3816 1783 1151 3817 1781 1151 3818 1772 1152 3819 1781 1152 3820 1771 1152 3821 1975 1153 3822 1976 1153 3823 2067 1153 3824 1975 1154 3825 2067 1154 3826 2066 1154 3827 2295 1155 3828 2297 1155 3829 2296 1155 3830 2295 1156 3831 2296 1156 3832 2288 1156 3833 1965 1157 3834 2053 1157 3835 2052 1157 3836 1965 1158 3837 2052 1158 3838 1964 1158 3839 1909 1159 3840 1937 1159 3841 1936 1159 3842 1909 1160 3843 1936 1160 3844 1907 1160 3845 2119 1161 3846 2120 1161 3847 2118 1161 3848 2119 1162 3849 2118 1162 3850 2117 1162 3851 1738 1163 3852 1739 1163 3853 1737 1163 3854 1738 1164 3855 1737 1164 3856 1735 1164 3857 1735 1165 3858 1743 1165 3859 1742 1165 3860 1735 1166 3861 1742 1166 3862 1738 1166 3863 2295 1167 3864 2288 1167 3865 2289 1167 3866 2295 1168 3867 2289 1168 3868 2294 1168 3869 1647 1169 3870 1648 1169 3871 1646 1169 3872 1647 1170 3873 1646 1170 3874 1641 1170 3875 1965 1171 3876 1966 1171 3877 2054 1171 3878 1965 1172 3879 2054 1172 3880 2053 1172 3881 2286 1173 3882 2287 1173 3883 2285 1173 3884 2286 1174 3885 2285 1174 3886 2284 1174 3887 1967 1175 3888 1968 1175 3889 2056 1175 3890 1967 1176 3891 2056 1176 3892 2055 1176 3893 2029 1177 3894 2032 1177 3895 2095 1177 3896 2029 1178 3897 2095 1178 3898 2092 1178 3899 2000 1179 3900 2001 1179 3901 2050 1179 3902 2000 1180 3903 2050 1180 3904 2051 1180 3905 2161 1181 3906 2166 1181 3907 2200 1181 3908 2161 1182 3909 2200 1182 3910 2160 1182 3911 1738 1183 3912 1742 1183 3913 1741 1183 3914 1738 1184 3915 1741 1184 3916 1740 1184 3917 2121 1185 3918 2122 1185 3919 2125 1185 3920 2121 1186 3921 2125 1186 3922 2126 1186 3923 1638 20 3924 1639 20 3925 1636 20 3926 1638 20 3927 1636 20 3928 1637 20 3929 2015 1187 3930 2020 1187 3931 2018 1187 3932 2015 1188 3933 2018 1188 3934 2016 1188 3935 2156 1189 3936 2157 1189 3937 2152 1189 3938 2156 1190 3939 2152 1190 3940 2155 1190 3941 2116 1191 3942 2124 1191 3943 2123 1191 3944 2116 1192 3945 2123 1192 3946 2115 1192 3947 2323 0 3948 2324 0 3949 2350 0 3950 2323 0 3951 2350 0 3952 2351 0 3953 2246 1193 3954 2247 1193 3955 2248 1193 3956 2246 1194 3957 2248 1194 3958 2263 1194 3959 1935 1195 3960 1995 1195 3961 1994 1195 3962 1935 1196 3963 1994 1196 3964 1934 1196 3965 1669 1197 3966 1670 1197 3967 1703 1197 3968 1669 1198 3969 1703 1198 3970 1702 1198 3971 1657 1199 3972 1658 1199 3973 1672 1199 3974 1657 1200 3975 1672 1200 3976 1671 1200 3977 2080 1201 3978 2100 1201 3979 2098 1201 3980 2080 1202 3981 2098 1202 3982 2079 1202 3983 1632 20 3984 1635 20 3985 1633 20 3986 1632 20 3987 1633 20 3988 1634 20 3989 1981 1203 3990 1986 1203 3991 1985 1203 3992 1981 1204 3993 1985 1204 3994 1984 1204 3995 1761 1205 3996 1770 1205 3997 1751 1205 3998 1761 1206 3999 1751 1206 4000 1753 1206 4001 2179 1207 4002 2214 1207 4003 2212 1207 4004 2179 1208 4005 2212 1208 4006 2211 1208 4007 2087 1209 4008 2088 1209 4009 2086 1209 4010 2087 1210 4011 2086 1210 4012 2063 1210 4013 2329 19 4014 2328 19 4015 2330 19 4016 2329 19 4017 2330 19 4018 2331 19 4019 1730 1211 4020 1722 1211 4021 1723 1211 4022 1730 1212 4023 1723 1212 4024 1732 1212 4025 1817 1213 4026 1960 1213 4027 1959 1213 4028 1817 1214 4029 1959 1214 4030 1816 1214 4031 1968 1215 4032 1969 1215 4033 2057 1215 4034 1968 1216 4035 2057 1216 4036 2056 1216 4037 2292 1217 4038 2293 1217 4039 2290 1217 4040 2292 1218 4041 2290 1218 4042 2291 1218 4043 2245 1219 4044 2246 1219 4045 2263 1219 4046 2245 1220 4047 2263 1220 4048 2262 1220 4049 1789 1221 4050 1810 1221 4051 2021 1221 4052 2021 1222 4053 2019 1222 4054 2017 1222 4055 2017 1223 4056 1978 1223 4057 1926 1223 4058 1926 1224 4059 1789 1224 4060 2021 1224 4061 2021 1225 4062 2017 1225 4063 1926 1225 4064 1725 1226 4065 1717 1226 4066 1716 1226 4067 1725 1227 4068 1716 1227 4069 1745 1227 4070 1937 1228 4071 1998 1228 4072 1996 1228 4073 1937 1229 4074 1996 1229 4075 1936 1229 4076 2185 1230 4077 2147 1230 4078 2129 1230 4079 2185 1231 4080 2129 1231 4081 2130 1231 4082 2148 1232 4083 2149 1232 4084 2136 1232 4085 2148 1233 4086 2136 1233 4087 2137 1233 4088 2069 1234 4089 2072 1234 4090 2071 1234 4091 2069 1235 4092 2071 1235 4093 2070 1235 4094 2040 1236 4095 2097 1236 4096 2096 1236 4097 2040 1237 4098 2096 1237 4099 2037 1237 4100 2040 1238 4101 2042 1238 4102 2099 1238 4103 2040 1239 4104 2099 1239 4105 2097 1239 4106 1977 1240 4107 2068 1240 4108 2067 1240 4109 1977 1241 4110 2067 1241 4111 1976 1241 4112 2337 29 4113 2336 29 4114 2335 29 4115 2335 29 4116 2347 29 4117 2334 29 4118 2343 29 4119 2345 29 4120 2346 29 4121 2343 29 4122 2346 29 4123 2344 29 4124 2340 29 4125 2343 29 4126 2344 29 4127 2335 1242 4128 2334 1242 4129 2332 1242 4130 2335 29 4131 2332 29 4132 2333 29 4133 2337 29 4134 2335 29 4135 2333 29 4136 2340 29 4137 2344 29 4138 2342 29 4139 2340 29 4140 2342 29 4141 2341 29 4142 2337 29 4143 2333 29 4144 2338 29 4145 2339 1243 4146 2340 1243 4147 2341 1243 4148 2341 29 4149 2337 29 4150 2338 29 4151 2341 29 4152 2338 29 4153 2339 29 4154 2082 1244 4155 2083 1244 4156 2101 1244 4157 2082 1245 4158 2101 1245 4159 2081 1245 4160 2070 1246 4161 2071 1246 4162 2085 1246 4163 2070 1247 4164 2085 1247 4165 2084 1247 4166 1673 1248 4167 1674 1248 4168 1678 1248 4169 1673 1249 4170 1678 1249 4171 1715 1249 4172 1746 1250 4173 1786 1250 4174 1785 1250 4175 1746 1251 4176 1785 1251 4177 1747 1251 4178 2043 1252 4179 2077 1252 4180 2078 1252 4181 2043 1253 4182 2078 1253 4183 2041 1253 4184 1656 1254 4185 1657 1254 4186 1671 1254 4187 1656 1255 4188 1671 1255 4189 1666 1255 4190 2170 1256 4191 2203 1256 4192 2202 1256 4193 2170 1257 4194 2202 1257 4195 2201 1257 4196 2006 1258 4197 2076 1258 4198 2044 1258 4199 2006 1259 4200 2044 1259 4201 2005 1259 4202 2174 1260 4203 2194 1260 4204 2193 1260 4205 2174 1261 4206 2193 1261 4207 2173 1261 4208 2187 1262 4209 2190 1262 4210 2189 1262 4211 2187 1263 4212 2189 1263 4213 2186 1263 4214 1811 1264 4215 1797 1264 4216 1796 1264 4217 2265 1265 4218 2270 1265 4219 2269 1265 4220 2265 1266 4221 2269 1266 4222 2268 1266 4223 1943 1267 4224 1825 1267 4225 1826 1267 4226 1943 1268 4227 1826 1268 4228 1944 1268 4229 1754 1269 4230 1755 1269 4231 1766 1269 4232 1754 1270 4233 1766 1270 4234 1765 1270 4235 1921 1271 4236 1973 1271 4237 1971 1271 4238 1921 1272 4239 1971 1272 4240 1920 1272 4241 2128 0 4242 2138 0 4243 2205 0 4244 2205 1273 4245 2148 1273 4246 2137 1273 4247 2137 1274 4248 2127 1274 4249 2128 1274 4250 2205 1275 4251 2137 1275 4252 2128 1275 4253</p>
        </triangles>
        <triangles material="dd6ec947-059f-4429-bb77-994319614f3e-material" count="515">
          <input semantic="VERTEX" source="#DniprovskaPolitehnika_poli_h_poli_l_l_002-mesh-vertices" offset="0"/>
          <input semantic="NORMAL" source="#DniprovskaPolitehnika_poli_h_poli_l_l_002-mesh-normals" offset="1"/>
          <input semantic="TEXCOORD" source="#DniprovskaPolitehnika_poli_h_poli_l_l_002-mesh-map-0" offset="2" set="0"/>
          <p>2571 1276 4254 2572 1276 4255 2581 1276 4256 2571 1277 4257 2581 1277 4258 2580 1277 4259 3065 1278 4260 3066 1278 4261 3091 1278 4262 3065 1279 4263 3091 1279 4264 3089 1279 4265 2595 1280 4266 2596 1280 4267 2593 1280 4268 2595 1281 4269 2593 1281 4270 2582 1281 4271 2576 1282 4272 2566 1282 4273 2551 1282 4274 2576 1283 4275 2551 1283 4276 2554 1283 4277 2681 1284 4278 2686 1284 4279 2685 1284 4280 2681 1285 4281 2685 1285 4282 2684 1285 4283 2682 1286 4284 2683 1286 4285 2690 1286 4286 2682 1287 4287 2690 1287 4288 2691 1287 4289 2659 1288 4290 2660 1288 4291 2673 1288 4292 2659 1289 4293 2673 1289 4294 2674 1289 4295 2356 3 4296 2355 3 4297 2360 3 4298 2356 3 4299 2360 3 4300 2357 3 4301 2444 1290 4302 2465 1290 4303 2463 1290 4304 2444 1291 4305 2463 1291 4306 2443 1291 4307 3082 1292 4308 3081 1292 4309 3086 1292 4310 3082 1293 4311 3086 1293 4312 3085 1293 4313 2615 1294 4314 2641 1294 4315 2640 1294 4316 2615 1295 4317 2640 1295 4318 2613 1295 4319 2955 1296 4320 2956 1296 4321 3011 1296 4322 2955 1297 4323 3011 1297 4324 3009 1297 4325 3015 1298 4326 3016 1298 4327 3014 1298 4328 3015 1299 4329 3014 1299 4330 2958 1299 4331 3176 19 4332 3177 19 4333 3174 19 4334 3176 19 4335 3174 19 4336 3175 19 4337 2977 1300 4338 2984 1300 4339 2982 1300 4340 2977 1301 4341 2982 1301 4342 2975 1301 4343 3048 1302 4344 3072 1302 4345 3073 1302 4346 3048 1303 4347 3073 1303 4348 3047 1303 4349 3170 20 4350 3172 20 4351 3173 20 4352 3170 20 4353 3173 20 4354 3171 20 4355 2584 1304 4356 2601 1304 4357 2600 1304 4358 2584 1305 4359 2600 1305 4360 2583 1305 4361 2613 1306 4362 2640 1306 4363 2639 1306 4364 2613 1307 4365 2639 1307 4366 2638 1307 4367 2929 1308 4368 2928 1308 4369 2935 1308 4370 2929 1309 4371 2935 1309 4372 2934 1309 4373 2435 1310 4374 2434 1310 4375 2446 1310 4376 2435 1311 4377 2446 1311 4378 2445 1311 4379 2374 1312 4380 2394 1312 4381 2393 1312 4382 2374 1313 4383 2393 1313 4384 2392 1313 4385 3035 1314 4386 3038 1314 4387 3039 1314 4388 3035 1315 4389 3039 1315 4390 3032 1315 4391 2647 1316 4392 2648 1316 4393 2646 1316 4394 2647 1317 4395 2646 1317 4396 2645 1317 4397 3161 1318 4398 3160 1318 4399 3158 1318 4400 3161 1319 4401 3158 1319 4402 3159 1319 4403 2609 1320 4404 2589 1320 4405 2590 1320 4406 2609 1321 4407 2590 1321 4408 2616 1321 4409 2520 1322 4410 2522 1322 4411 2523 1322 4412 2524 1323 4413 2521 1323 4414 2533 1323 4415 2567 1324 4416 2520 1324 4417 2523 1324 4418 2524 1325 4419 2533 1325 4420 2567 1325 4421 2523 1326 4422 2524 1326 4423 2567 1326 4424 2945 1327 4425 2946 1327 4426 2991 1327 4427 2945 1328 4428 2991 1328 4429 2990 1328 4430 2574 1329 4431 2573 1329 4432 2693 1329 4433 2574 1330 4434 2693 1330 4435 2575 1330 4436 3151 1331 4437 3157 1331 4438 3156 1331 4439 3017 1332 4440 3046 1332 4441 3045 1332 4442 3017 1333 4443 3045 1333 4444 3044 1333 4445 2699 1334 4446 2701 1334 4447 2703 1334 4448 2703 1335 4449 2705 1335 4450 2707 1335 4451 2707 1336 4452 2709 1336 4453 2711 1336 4454 2711 1337 4455 2713 1337 4456 2715 1337 4457 2715 1338 4458 2717 1338 4459 2716 1338 4460 2716 1339 4461 2714 1339 4462 2712 1339 4463 2712 1340 4464 2710 1340 4465 2708 1340 4466 2708 1341 4467 2706 1341 4468 2704 1341 4469 2704 1342 4470 2702 1342 4471 2700 1342 4472 2700 1343 4473 2698 1343 4474 2695 1343 4475 2695 1344 4476 2696 1344 4477 2694 1344 4478 2694 1345 4479 2697 1345 4480 2699 1345 4481 2699 1346 4482 2703 1346 4483 2707 1346 4484 2707 1347 4485 2711 1347 4486 2715 1347 4487 2715 1348 4488 2716 1348 4489 2712 1348 4490 2712 1349 4491 2708 1349 4492 2704 1349 4493 2704 1350 4494 2700 1350 4495 2695 1350 4496 2695 1351 4497 2694 1351 4498 2699 1351 4499 2699 1352 4500 2707 1352 4501 2715 1352 4502 2715 1353 4503 2712 1353 4504 2704 1353 4505 2704 1354 4506 2695 1354 4507 2699 1354 4508 2715 1355 4509 2704 1355 4510 2699 1355 4511 3077 1356 4512 3078 1356 4513 3083 1356 4514 3077 1357 4515 3083 1357 4516 3084 1357 4517 2692 1358 4518 2684 1358 4519 2685 1358 4520 2692 1359 4521 2685 1359 4522 2689 1359 4523 2754 1360 4524 2756 1360 4525 2753 1360 4526 2754 1361 4527 2753 1361 4528 2751 1361 4529 2668 1362 4530 2688 1362 4531 2687 1362 4532 2668 1363 4533 2687 1363 4534 2667 1363 4535 3053 1364 4536 3054 1364 4537 3076 1364 4538 3053 1365 4539 3076 1365 4540 3075 1365 4541 2474 1366 4542 2458 1366 4543 2459 1366 4544 2474 1367 4545 2459 1367 4546 2476 1367 4547 2958 1368 4548 3014 1368 4549 3013 1368 4550 2958 1369 4551 3013 1369 4552 2957 1369 4553 3150 1370 4554 3149 1370 4555 3148 1370 4556 3150 1371 4557 3148 1371 4558 3147 1371 4559 2602 1372 4560 2603 1372 4561 2605 1372 4562 2602 1373 4563 2605 1373 4564 2637 1373 4565 2894 1374 4566 2896 1374 4567 2950 1374 4568 2894 1375 4569 2950 1375 4570 2892 1375 4571 2454 1376 4572 2406 1376 4573 2407 1376 4574 2454 1377 4575 2407 1377 4576 2408 1377 4577 2365 20 4578 2366 20 4579 2363 20 4580 2365 20 4581 2363 20 4582 2364 20 4583 3093 1378 4584 2974 1378 4585 2966 1378 4586 3093 1379 4587 2966 1379 4588 2969 1379 4589 3013 1380 4590 3042 1380 4591 3041 1380 4592 3013 1381 4593 3041 1381 4594 3012 1381 4595 3169 29 4596 3167 29 4597 3165 29 4598 3169 29 4599 3165 29 4600 3162 29 4601 2443 1382 4602 2463 1382 4603 2462 1382 4604 2443 1383 4605 2462 1383 4606 2442 1383 4607 3029 1384 4608 3030 1384 4609 3033 1384 4610 3029 1385 4611 3033 1385 4612 3040 1385 4613 2748 1386 4614 2750 1386 4615 2746 1386 4616 2748 1387 4617 2746 1387 4618 2743 1387 4619 2464 1388 4620 2466 1388 4621 2482 1388 4622 2464 1389 4623 2482 1389 4624 2481 1389 4625 2457 1390 4626 2456 1390 4627 2411 1390 4628 2457 1391 4629 2411 1391 4630 2413 1391 4631 2730 1392 4632 2737 1392 4633 2735 1392 4634 2730 1393 4635 2735 1393 4636 2728 1393 4637 2548 1394 4638 2549 1394 4639 2547 1394 4640 2548 1395 4641 2547 1395 4642 2546 1395 4643 2780 1396 4644 2785 1396 4645 2784 1396 4646 2780 1397 4647 2784 1397 4648 2782 1397 4649 2763 1398 4650 2761 1398 4651 2759 1398 4652 2763 1399 4653 2759 1399 4654 2758 1399 4655 2919 1400 4656 2920 1400 4657 2917 1400 4658 2919 1401 4659 2917 1401 4660 2916 1401 4661 2569 1402 4662 2578 1402 4663 2577 1402 4664 2569 1403 4665 2577 1403 4666 2568 1403 4667 2529 1404 4668 2528 1404 4669 2526 1404 4670 2529 1405 4671 2526 1405 4672 2525 1405 4673 2536 1406 4674 2655 1406 4675 2656 1406 4676 2536 1407 4677 2656 1407 4678 2519 1407 4679 2765 1408 4680 2766 1408 4681 2771 1408 4682 2765 1409 4683 2771 1409 4684 2773 1409 4685 2786 1410 4686 2787 1410 4687 2788 1410 4688 2786 1411 4689 2788 1411 4690 2789 1411 4691 3125 0 4692 3123 0 4693 3124 0 4694 3125 0 4695 3124 0 4696 3126 0 4697 2423 1412 4698 2424 1412 4699 2427 1412 4700 2423 1413 4701 2427 1413 4702 2429 1413 4703 2727 3 4704 2723 3 4705 2719 3 4706 2719 1414 4707 2721 1414 4708 2718 1414 4709 2718 3 4710 2724 3 4711 2731 3 4712 2731 3 4713 2738 3 4714 2741 3 4715 2741 3 4716 2745 3 4717 2749 3 4718 2749 3 4719 2752 3 4720 2755 3 4721 2755 1415 4722 2757 1415 4723 2760 1415 4724 2760 1416 4725 2762 1416 4726 2777 1416 4727 2777 3 4728 2776 3 4729 2774 3 4730 2774 3 4731 2772 3 4732 2770 3 4733 2770 3 4734 2768 3 4735 2736 3 4736 2736 3 4737 2729 3 4738 2727 3 4739 2727 3 4740 2719 3 4741 2718 3 4742 2718 3 4743 2731 3 4744 2741 3 4745 2741 3 4746 2749 3 4747 2755 3 4748 2755 3 4749 2760 3 4750 2777 3 4751 2777 3 4752 2774 3 4753 2770 3 4754 2770 1417 4755 2736 1417 4756 2727 1417 4757 2727 1418 4758 2718 1418 4759 2741 1418 4760 2741 3 4761 2755 3 4762 2777 3 4763 2777 1419 4764 2770 1419 4765 2727 1419 4766 2741 1420 4767 2777 1420 4768 2727 1420 4769 2647 1421 4770 2645 1421 4771 2658 1421 4772 2647 1422 4773 2658 1422 4774 2657 1422 4775 2552 1423 4776 2554 1423 4777 2551 1423 4778 2552 1424 4779 2551 1424 4780 2550 1424 4781 2429 1425 4782 2427 1425 4783 2428 1425 4784 2429 1426 4785 2428 1426 4786 2405 1426 4787 2472 1427 4788 2473 1427 4789 2471 1427 4790 2472 1428 4791 2471 1428 4792 2470 1428 4793 2378 1429 4794 2391 1429 4795 2389 1429 4796 2378 1430 4797 2389 1430 4798 2377 1430 4799 2530 1431 4800 2532 1431 4801 2531 1431 4802 2530 1432 4803 2531 1432 4804 2527 1432 4805 2626 1433 4806 2627 1433 4807 2665 1433 4808 2626 1434 4809 2665 1434 4810 2663 1434 4811 3020 1435 4812 3021 1435 4813 3019 1435 4814 3020 1436 4815 3019 1436 4816 3018 1436 4817 2764 1437 4818 2765 1437 4819 2773 1437 4820 2764 1437 4821 2773 1437 4822 2775 1437 4823 2948 1438 4824 2949 1438 4825 2868 1438 4826 2948 1439 4827 2868 1439 4828 3006 1439 4829 2800 1440 4830 2801 1440 4831 2799 1440 4832 2800 1441 4833 2799 1441 4834 2797 1441 4835 2485 1442 4836 2433 1442 4837 2469 1442 4838 2485 1443 4839 2469 1443 4840 2516 1443 4841 2838 1444 4842 2887 1444 4843 2886 1444 4844 2838 1445 4845 2886 1445 4846 2884 1445 4847 3155 1446 4848 3154 1446 4849 3152 1446 4850 3155 1447 4851 3152 1447 4852 3153 1447 4853 2781 1448 4854 2783 1448 4855 2779 1448 4856 2781 1448 4857 2779 1448 4858 2778 1448 4859 2737 1449 4860 2769 1449 4861 2767 1449 4862 2737 1450 4863 2767 1450 4864 2735 1450 4865 2977 1451 4866 2975 1451 4867 2856 1451 4868 2977 1452 4869 2856 1452 4870 2859 1452 4871 2418 1453 4872 2419 1453 4873 2451 1453 4874 2418 1454 4875 2451 1454 4876 2450 1454 4877 2969 1455 4878 2972 1455 4879 3069 1455 4880 2969 1456 4881 3069 1456 4882 3093 1456 4883 3164 1457 4884 3166 1457 4885 3168 1457 4886 3164 1457 4887 3168 1457 4888 3163 1457 4889 2810 1458 4890 2820 1458 4891 2822 1458 4892 2810 1459 4893 2822 1459 4894 2812 1459 4895 3099 1460 4896 3098 1460 4897 3104 1460 4898 3099 1461 4899 3104 1461 4900 3103 1461 4901 2802 1462 4902 2805 1462 4903 2804 1462 4904 2802 1463 4905 2804 1463 4906 2803 1463 4907 2610 1464 4908 2614 1464 4909 2612 1464 4910 2610 1465 4911 2612 1465 4912 2611 1465 4913 2564 1466 4914 2542 1466 4915 2535 1466 4916 2535 1467 4917 2539 1467 4918 2540 1467 4919 2540 1468 4920 2543 1468 4921 2565 1468 4922 2565 1469 4923 2564 1469 4924 2535 1469 4925 2535 1470 4926 2540 1470 4927 2565 1470 4928 3014 1471 4929 3043 1471 4930 3042 1471 4931 3014 1472 4932 3042 1472 4933 3013 1472 4934 2367 3 4935 2370 3 4936 2369 3 4937 2367 3 4938 2369 3 4939 2368 3 4940 3116 3 4941 3117 3 4942 3122 3 4943 3116 3 4944 3122 3 4945 3115 3 4946 3094 1473 4947 3090 1473 4948 3092 1473 4949 3094 1474 4950 3092 1474 4951 2973 1474 4952 3181 3 4953 3180 3 4954 3178 3 4955 3181 3 4956 3178 3 4957 3179 3 4958 2792 1475 4959 2793 1475 4960 2791 1475 4961 2792 1476 4962 2791 1476 4963 2790 1476 4964 2361 19 4965 2362 19 4966 2358 19 4967 2361 19 4968 2358 19 4969 2359 19 4970 2623 1477 4971 2662 1477 4972 2661 1477 4973 2623 1478 4974 2661 1478 4975 2621 1478 4976 2806 1479 4977 2807 1479 4978 2804 1479 4979 2806 1480 4980 2804 1480 4981 2805 1480 4982 2977 1481 4983 2937 1481 4984 2936 1481 4985 2977 1482 4986 2936 1482 4987 2984 1482 4988 2932 1483 4989 2933 1483 4990 2995 1483 4991 2932 1484 4992 2995 1484 4993 2994 1484 4994 2838 1485 4995 2884 1485 4996 2882 1485 4997 2838 1486 4998 2882 1486 4999 2836 1486 5000 2998 1487 5001 3026 1487 5002 3025 1487 5003 2998 1488 5004 3025 1488 5005 2997 1488 5006 2811 1489 5007 2813 1489 5008 2808 1489 5009 2811 1490 5010 2808 1490 5011 2814 1490 5012 2815 1491 5013 2809 1491 5014 2817 1491 5015 2815 1492 5016 2817 1492 5017 2819 1492 5018 2631 1493 5019 2653 1493 5020 2654 1493 5021 2631 1494 5022 2654 1494 5023 2630 1494 5024 2447 1495 5025 2398 1495 5026 2397 1495 5027 2447 1496 5028 2397 1496 5029 2415 1496 5030 2818 1497 5031 2816 1497 5032 2823 1497 5033 2818 1498 5034 2823 1498 5035 2821 1498 5036 2744 1499 5037 2747 1499 5038 2742 1499 5039 2744 1500 5040 2742 1500 5041 2740 1500 5042 2437 1501 5043 2441 1501 5044 2440 1501 5045 2437 1502 5046 2440 1502 5047 2439 1502 5048 3101 1503 5049 3102 1503 5050 3100 1503 5051 3101 1504 5052 3100 1504 5053 3097 1504 5054 3107 1505 5055 3108 1505 5056 3106 1505 5057 3107 1506 5058 3106 1506 5059 3105 1506 5060 2417 1507 5061 2449 1507 5062 2448 1507 5063 2417 1508 5064 2448 1508 5065 2416 1508 5066 2824 140 5067 2826 140 5068 2828 140 5069 2648 1509 5070 2679 1509 5071 2678 1509 5072 2648 1510 5073 2678 1510 5074 2646 1510 5075 2635 1511 5076 2636 1511 5077 2671 1511 5078 2635 1512 5079 2671 1512 5080 2670 1512 5081 2563 1513 5082 2619 1513 5083 2617 1513 5084 2563 1514 5085 2617 1514 5086 2562 1514 5087 2487 1515 5088 2509 1515 5089 2508 1515 5090 2487 1516 5091 2508 1516 5092 2486 1516 5093 2827 1517 5094 2811 1517 5095 2814 1517 5096 2814 1518 5097 2842 1518 5098 2840 1518 5099 2814 1519 5100 2840 1519 5101 2827 1519 5102 2553 1520 5103 2557 1520 5104 2556 1520 5105 2553 1521 5106 2556 1521 5107 2555 1521 5108 2633 1522 5109 2634 1522 5110 2669 1522 5111 2633 1523 5112 2669 1523 5113 2632 1523 5114 2467 1524 5115 2468 1524 5116 2484 1524 5117 2467 1525 5118 2484 1525 5119 2483 1525 5120 2841 140 5121 2845 140 5122 2848 140 5123 2649 1526 5124 2652 1526 5125 2651 1526 5126 2649 1527 5127 2651 1527 5128 2650 1527 5129 2560 1528 5130 2561 1528 5131 2559 1528 5132 2560 1529 5133 2559 1529 5134 2558 1529 5135 2732 1530 5136 2733 1530 5137 2734 1530 5138 2732 1531 5139 2734 1531 5140 2739 1531 5141 2818 1532 5142 2821 1532 5143 2825 1532 5144 2857 1533 5145 2844 1533 5146 2818 1533 5147 2825 1534 5148 2857 1534 5149 2818 1534 5150 2383 1535 5151 2380 1535 5152 2379 1535 5153 2383 1536 5154 2379 1536 5155 2517 1536 5156 2869 1537 5157 3007 1537 5158 3006 1537 5159 2869 1538 5160 3006 1538 5161 2868 1538 5162 3113 0 5163 3114 0 5164 3111 0 5165 3113 0 5166 3111 0 5167 3112 0 5168 2506 1539 5169 2507 1539 5170 2505 1539 5171 2506 1540 5172 2505 1540 5173 2432 1540 5174 2586 1541 5175 2588 1541 5176 2606 1541 5177 2586 1542 5178 2606 1542 5179 2604 1542 5180 2421 1543 5181 2381 1543 5182 2382 1543 5183 2421 1544 5184 2382 1544 5185 2422 1544 5186 2591 1545 5187 2592 1545 5188 2622 1545 5189 2591 1546 5190 2622 1546 5191 2620 1546 5192 2596 1547 5193 2625 1547 5194 2624 1547 5195 2596 1548 5196 2624 1548 5197 2593 1548 5198 2959 1549 5199 3023 1549 5200 3022 1549 5201 2959 1550 5202 3022 1550 5203 2960 1550 5204 2996 1551 5205 2983 1551 5206 3068 1551 5207 2996 1552 5208 3068 1552 5209 3067 1552 5210 2401 1553 5211 2388 1553 5212 2390 1553 5213 2401 1554 5214 2390 1554 5215 2399 1554 5216 3107 1555 5217 3110 1555 5218 3109 1555 5219 3107 1556 5220 3109 1556 5221 3108 1556 5222 2837 1557 5223 2839 1557 5224 2888 1557 5225 2888 1558 5226 2890 1558 5227 2891 1558 5228 2891 1559 5229 2893 1559 5230 2895 1559 5231 2895 140 5232 2847 140 5233 2849 140 5234 2849 1560 5235 2850 1560 5236 2851 1560 5237 2851 1561 5238 2853 1561 5239 2855 1561 5240 2855 1562 5241 2858 1562 5242 2860 1562 5243 2860 1563 5244 2861 1563 5245 2862 1563 5246 2862 1564 5247 2863 1564 5248 2864 1564 5249 2864 140 5250 2829 140 5251 2830 140 5252 2830 1565 5253 2832 1565 5254 2834 1565 5255 2834 1566 5256 2835 1566 5257 2837 1566 5258 2837 1567 5259 2888 1567 5260 2891 1567 5261 2891 1568 5262 2895 1568 5263 2849 1568 5264 2849 1569 5265 2851 1569 5266 2855 1569 5267 2855 1570 5268 2860 1570 5269 2862 1570 5270 2862 1571 5271 2864 1571 5272 2830 1571 5273 2830 1572 5274 2834 1572 5275 2837 1572 5276 2837 1573 5277 2891 1573 5278 2849 1573 5279 2849 1574 5280 2855 1574 5281 2862 1574 5282 2862 1575 5283 2830 1575 5284 2837 1575 5285 2849 1576 5286 2862 1576 5287 2837 1576 5288 2896 1577 5289 2962 1577 5290 2961 1577 5291 2896 1578 5292 2961 1578 5293 2950 1578 5294 3141 1579 5295 3142 1579 5296 3140 1579 5297 3141 1580 5298 3140 1580 5299 3139 1580 5300 2722 1581 5301 2720 1581 5302 2725 1581 5303 2722 1582 5304 2725 1582 5305 2726 1582 5306 2514 1583 5307 2478 1583 5308 2511 1583 5309 2514 1584 5310 2511 1584 5311 2515 1584 5312 2901 1585 5313 2909 1585 5314 2907 1585 5315 2901 1586 5316 2907 1586 5317 2902 1586 5318 2500 1587 5319 2498 1587 5320 2504 1587 5321 2500 1588 5322 2504 1588 5323 2503 1588 5324 2400 1589 5325 2404 1589 5326 2403 1589 5327 2400 1590 5328 2403 1590 5329 2402 1590 5330 2918 1591 5331 2923 1591 5332 2922 1591 5333 2918 1592 5334 2922 1592 5335 2921 1592 5336 2911 1593 5337 2866 1593 5338 2871 1593 5339 2911 1594 5340 2871 1594 5341 2900 1594 5342 2815 1595 5343 2819 1595 5344 2846 1595 5345 2815 1596 5346 2846 1596 5347 2843 1596 5348 2571 1597 5349 2580 1597 5350 2579 1597 5351 2571 1598 5352 2579 1598 5353 2570 1598 5354 2914 1599 5355 2925 1599 5356 2924 1599 5357 2914 1600 5358 2924 1600 5359 2915 1600 5360 2488 1601 5361 2489 1601 5362 2490 1601 5363 2488 1602 5364 2490 1602 5365 2510 1602 5366 2394 1603 5367 2414 1603 5368 2412 1603 5369 2394 1604 5370 2412 1604 5371 2393 1604 5372 2993 1605 5373 3062 1605 5374 3061 1605 5375 2993 1606 5376 3061 1606 5377 2992 1606 5378 2395 1607 5379 2396 1607 5380 2414 1607 5381 2395 1608 5382 2414 1608 5383 2394 1608 5384 2544 1609 5385 2545 1609 5386 2543 1609 5387 2544 1610 5388 2543 1610 5389 2540 1610 5390 2921 1611 5391 2922 1611 5392 2947 1611 5393 2921 1612 5394 2947 1612 5395 3005 1612 5396 2643 1613 5397 2676 1613 5398 2675 1613 5399 2643 1614 5400 2675 1614 5401 2642 1614 5402 2420 1615 5403 2452 1615 5404 2451 1615 5405 2420 1616 5406 2451 1616 5407 2419 1616 5408 3044 1617 5409 3045 1617 5410 3056 1617 5411 3044 1618 5412 3056 1618 5413 3055 1618 5414 2537 1619 5415 2552 1619 5416 2550 1619 5417 2537 1620 5418 2550 1620 5419 2538 1620 5420 2499 1621 5421 2495 1621 5422 2497 1621 5423 2499 1622 5424 2497 1622 5425 2431 1622 5426 2931 1623 5427 2990 1623 5428 2991 1623 5429 2931 1624 5430 2991 1624 5431 2930 1624 5432 2913 1625 5433 2908 1625 5434 2910 1625 5435 2913 1626 5436 2910 1626 5437 2912 1626 5438 2502 1627 5439 2513 1627 5440 2512 1627 5441 2502 1628 5442 2512 1628 5443 2501 1628 5444 2971 1629 5445 2976 1629 5446 2981 1629 5447 2971 1630 5448 2981 1630 5449 2970 1630 5450 2905 1631 5451 2906 1631 5452 2904 1631 5453 2905 1632 5454 2904 1632 5455 2903 1632 5456 2460 1633 5457 2461 1633 5458 2477 1633 5459 2460 1634 5460 2477 1634 5461 2475 1634 5462 2372 1635 5463 2371 1635 5464 2373 1635 5465 2372 1636 5466 2373 1636 5467 2376 1636 5468 2941 1637 5469 2942 1637 5470 2940 1637 5471 2941 1638 5472 2940 1638 5473 2939 1638 5474 3058 1639 5475 3080 1639 5476 3079 1639 5477 3058 1640 5478 3079 1640 5479 3057 1640 5480 2906 1641 5481 2999 1641 5482 2998 1641 5483 2906 1642 5484 2998 1642 5485 2904 1642 5486 2588 1643 5487 2608 1643 5488 2607 1643 5489 2588 1644 5490 2607 1644 5491 2606 1644 5492 2999 1645 5493 3000 1645 5494 3028 1645 5495 2999 1646 5496 3028 1646 5497 3027 1646 5498 3051 1647 5499 3052 1647 5500 3074 1647 5501 3051 1648 5502 3074 1648 5503 3049 1648 5504 3064 1649 5505 3088 1649 5506 3087 1649 5507 3064 1650 5508 3087 1650 5509 3063 1650 5510 2999 1651 5511 3027 1651 5512 3026 1651 5513 2999 1652 5514 3026 1652 5515 2998 1652 5516 2965 1653 5517 2967 1653 5518 2964 1653 5519 2965 1654 5520 2964 1654 5521 2963 1654 5522 2618 1655 5523 2541 1655 5524 2534 1655 5525 2618 1656 5526 2534 1656 5527 2518 1656 5528 2943 1657 5529 2944 1657 5530 2987 1657 5531 2943 1658 5532 2987 1658 5533 2986 1658 5534 3119 19 5535 3120 19 5536 3121 19 5537 3119 19 5538 3121 19 5539 3118 19 5540 3010 1659 5541 3037 1659 5542 3036 1659 5543 3010 1660 5544 3036 1660 5545 3008 1660 5546 2493 1661 5547 2494 1661 5548 2492 1661 5549 2493 1662 5550 2492 1662 5551 2491 1662 5552 3002 1663 5553 3030 1663 5554 3029 1663 5555 3002 1664 5556 3029 1664 5557 3001 1664 5558 2664 1665 5559 2666 1665 5560 2680 1665 5561 2664 1666 5562 2680 1666 5563 2672 1666 5564 2375 1667 5565 2395 1667 5566 2394 1667 5567 2375 1668 5568 2394 1668 5569 2374 1668 5570 3004 1669 5571 3034 1669 5572 3031 1669 5573 3004 1670 5574 3031 1670 5575 3003 1670 5576 3071 1671 5577 3095 1671 5578 3096 1671 5579 3071 1672 5580 3096 1672 5581 3070 1672 5582 2599 1673 5583 2629 1673 5584 2628 1673 5585 2599 1674 5586 2628 1674 5587 2597 1674 5588 3128 140 5589 3135 140 5590 3136 140 5591 3132 140 5592 3134 140 5593 3133 140 5594 3128 140 5595 3136 140 5596 3137 140 5597 3128 140 5598 3137 140 5599 3138 140 5600 3132 140 5601 3133 140 5602 3131 140 5603 3130 140 5604 3132 140 5605 3131 140 5606 3127 140 5607 3128 140 5608 3138 140 5609 3130 140 5610 3131 140 5611 3129 140 5612 3127 140 5613 3138 140 5614 3130 140 5615 3127 1675 5616 3130 1675 5617 3129 1675 5618 3025 1676 5619 3026 1676 5620 3050 1676 5621 3025 1677 5622 3050 1677 5623 3024 1677 5624 2867 1678 5625 2926 1678 5626 2927 1678 5627 2927 1679 5628 2938 1679 5629 2978 1679 5630 2978 1680 5631 2976 1680 5632 2971 1680 5633 2971 1681 5634 2968 1681 5635 2965 1681 5636 2965 1682 5637 2963 1682 5638 2899 1682 5639 2899 29 5640 2898 29 5641 2897 29 5642 2897 1683 5643 2951 1683 5644 2952 1683 5645 2952 1684 5646 2953 1684 5647 2885 1684 5648 2885 1685 5649 2883 1685 5650 2881 1685 5651 2881 1686 5652 2878 1686 5653 2875 1686 5654 2875 1687 5655 2873 1687 5656 2870 1687 5657 2870 29 5658 2865 29 5659 2867 29 5660 2867 1688 5661 2927 1688 5662 2978 1688 5663 2978 1689 5664 2971 1689 5665 2965 1689 5666 2965 1690 5667 2899 1690 5668 2897 1690 5669 2897 1691 5670 2952 1691 5671 2885 1691 5672 2885 1692 5673 2881 1692 5674 2875 1692 5675 2875 1693 5676 2870 1693 5677 2867 1693 5678 2867 1694 5679 2978 1694 5680 2965 1694 5681 2965 1695 5682 2897 1695 5683 2885 1695 5684 2885 1696 5685 2875 1696 5686 2867 1696 5687 2965 1697 5688 2885 1697 5689 2867 1697 5690 2585 1698 5691 2587 1698 5692 2605 1698 5693 2585 1699 5694 2605 1699 5695 2603 1699 5696 2976 1700 5697 2978 1700 5698 2985 1700 5699 2976 1701 5700 2985 1701 5701 2981 1701 5702 3146 20 5703 3145 20 5704 3143 20 5705 3146 20 5706 3143 20 5707 3144 20 5708 2386 1702 5709 2387 1702 5710 2385 1702 5711 2386 1703 5712 2385 1703 5713 2384 1703 5714 2410 1704 5715 2455 1704 5716 2453 1704 5717 2410 1705 5718 2453 1705 5719 2409 1705 5720 2598 1706 5721 2599 1706 5722 2597 1706 5723 2598 1707 5724 2597 1707 5725 2594 1707 5726 2879 1708 5727 2880 1708 5728 2877 1708 5729 2879 1709 5730 2877 1709 5731 2876 1709 5732 2886 1710 5733 2887 1710 5734 2889 1710 5735 2886 1711 5736 2889 1711 5737 2954 1711 5738 2463 1712 5739 2480 1712 5740 2479 1712 5741 2463 1713 5742 2479 1713 5743 2462 1713 5744 2426 1714 5745 2496 1714 5746 2430 1714 5747 2426 1715 5748 2430 1715 5749 2425 1715 5750 2874 1716 5751 2872 1716 5752 2831 1716 5753 2874 1717 5754 2831 1717 5755 2833 1717 5756 2897 1718 5757 2980 1718 5758 2979 1718 5759 2897 1719 5760 2979 1719 5761 2951 1719 5762 2992 1720 5763 3061 1720 5764 3060 1720 5765 2992 1721 5766 3060 1721 5767 3059 1721 5768 2436 1722 5769 2444 1722 5770 2443 1722 5771 2436 1723 5772 2443 1723 5773 2438 1723 5774 2796 1724 5775 2798 1724 5776 2795 1724 5777 2796 1725 5778 2795 1725 5779 2794 1725 5780 2966 1726 5781 2852 1726 5782 2854 1726 5783 2966 1727 5784 2854 1727 5785 2969 1727 5786 2644 1728 5787 2677 1728 5788 2676 1728 5789 2644 1729 5790 2676 1729 5791 2643 1729 5792 2945 1730 5793 2990 1730 5794 2989 1730 5795 2945 1731 5796 2989 1731 5797 2988 1731 5798</p>
        </triangles>
        <triangles material="_ec1b319-fdc1-4cf5-85b7-492c3437ed94-material" count="687">
          <input semantic="VERTEX" source="#DniprovskaPolitehnika_poli_h_poli_l_l_002-mesh-vertices" offset="0"/>
          <input semantic="NORMAL" source="#DniprovskaPolitehnika_poli_h_poli_l_l_002-mesh-normals" offset="1"/>
          <input semantic="TEXCOORD" source="#DniprovskaPolitehnika_poli_h_poli_l_l_002-mesh-map-0" offset="2" set="0"/>
          <p>3221 1732 5799 3252 1732 5800 3250 1732 5801 3221 1733 5802 3250 1733 5803 3249 1733 5804 3505 1734 5805 3590 1734 5806 3589 1734 5807 3505 1735 5808 3589 1735 5809 3504 1735 5810 3271 1736 5811 3275 1736 5812 3274 1736 5813 3271 1737 5814 3274 1737 5815 3273 1737 5816 3207 1738 5817 3211 1738 5818 3209 1738 5819 3207 1739 5820 3209 1739 5821 3210 1739 5822 3495 1740 5823 3497 1740 5824 3494 1740 5825 3495 1741 5826 3494 1741 5827 3493 1741 5828 3479 1742 5829 3481 1742 5830 3521 1742 5831 3524 1743 5832 3526 1743 5833 3475 1743 5834 3479 1744 5835 3521 1744 5836 3524 1744 5837 3479 3 5838 3524 3 5839 3475 3 5840 3341 1745 5841 3342 1745 5842 3448 1745 5843 3341 1746 5844 3448 1746 5845 3339 1746 5846 3205 20 5847 3191 20 5848 3203 20 5849 3205 20 5850 3203 20 5851 3204 20 5852 4252 3 5853 4249 3 5854 4250 3 5855 4252 3 5856 4250 3 5857 4251 3 5858 3769 1747 5859 3771 1747 5860 3775 1747 5861 3769 1748 5862 3775 1748 5863 3776 1748 5864 3722 1749 5865 3727 1749 5866 3725 1749 5867 3722 1750 5868 3725 1750 5869 3723 1750 5870 3789 1751 5871 3790 1751 5872 3788 1751 5873 3789 1752 5874 3788 1752 5875 3785 1752 5876 3623 1753 5877 3682 1753 5878 3681 1753 5879 3623 1754 5880 3681 1754 5881 3622 1754 5882 3234 1755 5883 3305 1755 5884 3304 1755 5885 3234 1756 5886 3304 1756 5887 3233 1756 5888 3850 1757 5889 3825 1757 5890 3786 1757 5891 3850 1758 5892 3786 1758 5893 3787 1758 5894 3710 1759 5895 3712 1759 5896 3713 1759 5897 3710 1760 5898 3713 1760 5899 3715 1760 5900 3691 1761 5901 3695 1761 5902 3693 1761 5903 3691 1762 5904 3693 1762 5905 3692 1762 5906 3412 1763 5907 3407 1763 5908 3403 1763 5909 3412 1764 5910 3403 1764 5911 3414 1764 5912 3764 1765 5913 3768 1765 5914 3767 1765 5915 3764 1766 5916 3767 1766 5917 3763 1766 5918 3761 1767 5919 3762 1767 5920 3766 1767 5921 3761 1768 5922 3766 1768 5923 3765 1768 5924 3973 1769 5925 4035 1769 5926 4033 1769 5927 3973 1770 5928 4033 1770 5929 3972 1770 5930 3628 1771 5931 3629 1771 5932 3672 1771 5933 3628 1772 5934 3672 1772 5935 3673 1772 5936 3860 1773 5937 3931 1773 5938 3930 1773 5939 3860 1774 5940 3930 1774 5941 3857 1774 5942 3502 1775 5943 3503 1775 5944 3501 1775 5945 3502 1776 5946 3501 1776 5947 3478 1776 5948 3332 1777 5949 3337 1777 5950 3336 1777 5951 3332 1778 5952 3336 1778 5953 3335 1778 5954 3369 1779 5955 3370 1779 5956 3442 1779 5957 3369 1780 5958 3442 1780 5959 3368 1780 5960 3381 1781 5961 3382 1781 5962 3380 1781 5963 3381 1782 5964 3380 1782 5965 3319 1782 5966 3608 1783 5967 3669 1783 5968 3668 1783 5969 3608 1784 5970 3668 1784 5971 3607 1784 5972 3726 1785 5973 3731 1785 5974 3755 1785 5975 3755 1786 5976 3753 1786 5977 3752 1786 5978 3752 1787 5979 3751 1787 5980 3749 1787 5981 3749 0 5982 3747 0 5983 3746 0 5984 3746 1788 5985 3745 1788 5986 3744 1788 5987 3744 0 5988 3743 0 5989 3740 0 5990 3740 1789 5991 3737 1789 5992 3736 1789 5993 3736 0 5994 3734 0 5995 3730 0 5996 3730 1790 5997 3728 1790 5998 3718 1790 5999 3718 1791 6000 3717 1791 6001 3721 1791 6002 3721 0 6003 3720 0 6004 3719 0 6005 3719 0 6006 3724 0 6007 3726 0 6008 3726 102 6009 3755 102 6010 3752 102 6011 3752 1792 6012 3749 1792 6013 3746 1792 6014 3746 1793 6015 3744 1793 6016 3740 1793 6017 3740 0 6018 3736 0 6019 3730 0 6020 3730 1794 6021 3718 1794 6022 3721 1794 6023 3721 0 6024 3719 0 6025 3726 0 6026 3726 0 6027 3752 0 6028 3746 0 6029 3746 1795 6030 3740 1795 6031 3730 1795 6032 3730 1796 6033 3721 1796 6034 3726 1796 6035 3746 1797 6036 3730 1797 6037 3726 1797 6038 4027 1798 6039 3984 1798 6040 3985 1798 6041 4027 1799 6042 3985 1799 6043 4021 1799 6044 3967 1800 6045 3881 1800 6046 3882 1800 6047 3967 1801 6048 3882 1801 6049 3883 1801 6050 3255 1802 6051 3289 1802 6052 3288 1802 6053 3255 1803 6054 3288 1803 6055 3286 1803 6056 3271 1804 6057 3277 1804 6058 3276 1804 6059 3271 1805 6060 3276 1805 6061 3275 1805 6062 3962 1806 6063 3986 1806 6064 3985 1806 6065 3962 1807 6066 3985 1807 6067 3984 1807 6068 3853 1808 6069 3904 1808 6070 3905 1808 6071 3853 1809 6072 3905 1809 6073 3947 1809 6074 3198 0 6075 3193 0 6076 3192 0 6077 3198 0 6078 3192 0 6079 3199 0 6080 3560 1810 6081 3579 1810 6082 3578 1810 6083 3560 1811 6084 3578 1811 6085 3577 1811 6086 3376 1812 6087 3441 1812 6088 3422 1812 6089 3376 1813 6090 3422 1813 6091 3375 1813 6092 3852 1814 6093 3851 1814 6094 3940 1814 6095 3852 1815 6096 3940 1815 6097 3939 1815 6098 3540 1816 6099 3541 1816 6100 3539 1816 6101 3540 1817 6102 3539 1817 6103 3525 1817 6104 3354 1818 6105 3331 1818 6106 3333 1818 6107 3354 1819 6108 3333 1819 6109 3355 1819 6110 3834 1820 6111 3900 1820 6112 3899 1820 6113 3834 1821 6114 3899 1821 6115 3897 1821 6116 3241 1822 6117 3243 1822 6118 3309 1822 6119 3241 1823 6120 3309 1823 6121 3308 1823 6122 3830 1824 6123 3831 1824 6124 3821 1824 6125 3830 1825 6126 3821 1825 6127 3823 1825 6128 3748 1826 6129 3750 1826 6130 3759 1826 6131 3748 1827 6132 3759 1827 6133 3760 1827 6134 3343 1828 6135 3344 1828 6136 3452 1828 6137 3343 1829 6138 3452 1829 6139 3451 1829 6140 3493 1830 6141 3491 1830 6142 3511 1830 6143 3493 1831 6144 3511 1831 6145 3495 1831 6146 3848 1832 6147 3849 1832 6148 3924 1832 6149 3848 1833 6150 3924 1833 6151 3923 1833 6152 3483 1834 6153 3597 1834 6154 3657 1834 6155 3483 1835 6156 3657 1835 6157 3476 1835 6158 3918 1836 6159 3956 1836 6160 3953 1836 6161 3918 1837 6162 3953 1837 6163 3916 1837 6164 4061 1838 6165 4063 1838 6166 4014 1838 6167 4061 1839 6168 4014 1839 6169 4016 1839 6170 4015 1840 6171 4016 1840 6172 4014 1840 6173 4015 1841 6174 4014 1841 6175 4013 1841 6176 4000 1842 6177 4002 1842 6178 4054 1842 6179 4000 1843 6180 4054 1843 6181 4053 1843 6182 4260 3 6183 4259 3 6184 4258 3 6185 4260 3 6186 4258 3 6187 4234 3 6188 3914 1844 6189 3915 1844 6190 3912 1844 6191 3914 1845 6192 3912 1845 6193 3819 1845 6194 3478 1846 6195 3501 1846 6196 3500 1846 6197 3478 1847 6198 3500 1847 6199 3499 1847 6200 3395 1848 6201 3397 1848 6202 3398 1848 6203 3395 1849 6204 3398 1849 6205 3427 1849 6206 3799 1850 6207 3800 1850 6208 3867 1850 6209 3799 1851 6210 3867 1851 6211 3855 1851 6212 3363 1852 6213 3449 1852 6214 3450 1852 6215 3363 1853 6216 3450 1853 6217 3362 1853 6218 3538 1854 6219 3539 1854 6220 3541 1854 6221 3538 1855 6222 3541 1855 6223 3562 1855 6224 4220 0 6225 4248 0 6226 4247 0 6227 4220 0 6228 4247 0 6229 4219 0 6230 3856 1856 6231 3858 1856 6232 3797 1856 6233 3856 1857 6234 3797 1857 6235 3855 1857 6236 3220 1858 6237 3221 1858 6238 3249 1858 6239 3220 1859 6240 3249 1859 6241 3248 1859 6242 3508 1860 6243 3598 1860 6244 3597 1860 6245 3508 1861 6246 3597 1861 6247 3483 1861 6248 3246 1862 6249 3247 1862 6250 3244 1862 6251 3246 1863 6252 3244 1863 6253 3238 1863 6254 3962 1864 6255 3963 1864 6256 3987 1864 6257 3962 1865 6258 3987 1865 6259 3986 1865 6260 3805 1866 6261 3905 1866 6262 3904 1866 6263 3805 1867 6264 3904 1867 6265 3802 1867 6266 4026 1868 6267 3971 1868 6268 3972 1868 6269 4026 1869 6270 3972 1869 6271 4033 1869 6272 3846 1870 6273 3847 1870 6274 3845 1870 6275 3846 1871 6276 3845 1871 6277 3844 1871 6278 3537 1872 6279 3538 1872 6280 3562 1872 6281 3537 1873 6282 3562 1873 6283 3561 1873 6284 3958 1874 6285 3959 1874 6286 3981 1874 6287 3958 1875 6288 3981 1875 6289 3980 1875 6290 3503 1876 6291 3588 1876 6292 3587 1876 6293 3503 1877 6294 3587 1877 6295 3501 1877 6296 3983 1878 6297 4029 1878 6298 4039 1878 6299 3983 1879 6300 4039 1879 6301 3982 1879 6302 3489 1880 6303 3600 1880 6304 3599 1880 6305 3489 1881 6306 3599 1881 6307 3487 1881 6308 3920 1882 6309 3925 1882 6310 3926 1882 6311 3920 1883 6312 3926 1883 6313 3917 1883 6314 4238 1884 6315 4236 1884 6316 4237 1884 6317 4238 1885 6318 4237 1885 6319 4172 1885 6320 3631 1886 6321 3670 1886 6322 3671 1886 6323 3631 1887 6324 3671 1887 6325 3630 1887 6326 3225 1888 6327 3300 1888 6328 3299 1888 6329 3225 1889 6330 3299 1889 6331 3223 1889 6332 3872 1890 6333 3871 1890 6334 3970 1890 6335 3872 1891 6336 3970 1891 6337 4024 1891 6338 3838 1892 6339 3839 1892 6340 3891 1892 6341 3838 1893 6342 3891 1893 6343 3903 1893 6344 3357 1894 6345 3329 1894 6346 3331 1894 6347 3357 1895 6348 3331 1895 6349 3354 1895 6350 3518 1896 6351 3528 1896 6352 3523 1896 6353 3518 1897 6354 3523 1897 6355 3520 1897 6356 3943 1898 6357 3973 1898 6358 3972 1898 6359 3943 1899 6360 3972 1899 6361 3941 1899 6362 3648 1900 6363 3649 1900 6364 3700 1900 6365 3648 1901 6366 3700 1901 6367 3678 1901 6368 3988 1902 6369 3989 1902 6370 3990 1902 6371 3988 1903 6372 3990 1903 6373 4041 1903 6374 4031 1904 6375 4034 1904 6376 4038 1904 6377 4031 1905 6378 4038 1905 6379 4028 1905 6380 3703 1906 6381 3709 1906 6382 3708 1906 6383 3703 1907 6384 3708 1907 6385 3706 1907 6386 3294 1908 6387 3351 1908 6388 3352 1908 6389 3294 1909 6390 3352 1909 6391 3292 1909 6392 3371 1910 6393 3372 1910 6394 3392 1910 6395 3371 1911 6396 3392 1911 6397 3424 1911 6398 4017 1912 6399 4018 1912 6400 4016 1912 6401 4017 1913 6402 4016 1913 6403 4015 1913 6404 3923 1914 6405 3924 1914 6406 3925 1914 6407 3923 1915 6408 3925 1915 6409 3920 1915 6410 3887 1916 6411 3991 1916 6412 3990 1916 6413 3887 1917 6414 3990 1917 6415 3885 1917 6416 3387 1918 6417 3384 1918 6418 3395 1918 6419 3387 1919 6420 3395 1919 6421 3394 1919 6422 3796 1920 6423 3930 1920 6424 3929 1920 6425 3796 1921 6426 3929 1921 6427 3795 1921 6428 3239 1922 6429 3245 1922 6430 3242 1922 6431 3239 1923 6432 3242 1923 6433 3240 1923 6434 3991 1924 6435 4042 1924 6436 4041 1924 6437 3991 1925 6438 4041 1925 6439 3990 1925 6440 3741 1926 6441 3742 1926 6442 3739 1926 6443 3741 1927 6444 3739 1927 6445 3738 1927 6446 3897 1928 6447 3899 1928 6448 3999 1928 6449 3897 1929 6450 3999 1929 6451 3896 1929 6452 3929 1930 6453 3957 1930 6454 3954 1930 6455 3929 1931 6456 3954 1931 6457 3927 1931 6458 3992 1932 6459 3993 1932 6460 4044 1932 6461 3992 1933 6462 4044 1933 6463 4043 1933 6464 3901 1934 6465 3902 1934 6466 4003 1934 6467 3901 1935 6468 4003 1935 6469 4001 1935 6470 3216 1936 6471 3217 1936 6472 3215 1936 6473 3216 1937 6474 3215 1937 6475 3210 1937 6476 3379 1938 6477 3417 1938 6478 3416 1938 6479 3379 1939 6480 3416 1939 6481 3415 1939 6482 3624 1940 6483 3626 1940 6484 3684 1940 6485 3624 1941 6486 3684 1941 6487 3683 1941 6488 3894 1942 6489 3997 1942 6490 3996 1942 6491 3894 1943 6492 3996 1943 6493 3893 1943 6494 3930 1944 6495 3931 1944 6496 3957 1944 6497 3930 1945 6498 3957 1945 6499 3929 1945 6500 4060 1946 6501 4059 1946 6502 4063 1946 6503 4060 1947 6504 4063 1947 6505 4061 1947 6506 3875 1948 6507 3876 1948 6508 3874 1948 6509 3875 1949 6510 3874 1949 6511 3801 1949 6512 3472 1950 6513 3464 1950 6514 3465 1950 6515 3472 1951 6516 3465 1951 6517 3473 1951 6518 3816 1952 6519 3813 1952 6520 3814 1952 6521 3816 1953 6522 3814 1953 6523 3815 1953 6524 3855 1954 6525 3797 1954 6526 3798 1954 6527 3855 1955 6528 3798 1955 6529 3799 1955 6530 3880 1956 6531 3781 1956 6532 3782 1956 6533 3880 1957 6534 3782 1957 6535 3841 1957 6536 3791 1958 6537 3792 1958 6538 3790 1958 6539 3791 1959 6540 3790 1959 6541 3789 1959 6542 3995 1960 6543 4046 1960 6544 4045 1960 6545 3995 1961 6546 4045 1961 6547 3994 1961 6548 3222 1962 6549 3224 1962 6550 3298 1962 6551 3222 1963 6552 3298 1963 6553 3259 1963 6554 3492 1964 6555 3488 1964 6556 3486 1964 6557 3492 1965 6558 3486 1965 6559 3512 1965 6560 3602 1966 6561 3603 1966 6562 3659 1966 6563 3602 1967 6564 3659 1967 6565 3658 1967 6566 3388 1968 6567 3419 1968 6568 3418 1968 6569 3388 1969 6570 3418 1969 6571 3386 1969 6572 3578 1970 6573 3579 1970 6574 3627 1970 6575 3578 1971 6576 3627 1971 6577 3621 1971 6578 3910 1972 6579 3911 1972 6580 3952 1972 6581 3910 1973 6582 3952 1973 6583 3909 1973 6584 3640 1974 6585 3641 1974 6586 3679 1974 6587 3640 1975 6588 3679 1975 6589 3680 1975 6590 4062 1976 6591 4051 1976 6592 4052 1976 6593 4062 1977 6594 4052 1977 6595 4019 1977 6596 3808 1978 6597 3812 1978 6598 3811 1978 6599 3808 1979 6600 3811 1979 6601 3809 1979 6602 3558 1980 6603 3559 1980 6604 3576 1980 6605 3558 1981 6606 3576 1981 6607 3575 1981 6608 3293 1982 6609 3348 1982 6610 3349 1982 6611 3293 1983 6612 3349 1983 6613 3350 1983 6614 3349 1984 6615 3306 1984 6616 3307 1984 6617 3349 1985 6618 3307 1985 6619 3350 1985 6620 3394 1986 6621 3395 1986 6622 3427 1986 6623 3394 1987 6624 3427 1987 6625 3426 1987 6626 3966 1988 6627 3989 1988 6628 3988 1988 6629 3966 1989 6630 3988 1989 6631 3964 1989 6632 3577 1990 6633 3578 1990 6634 3619 1990 6635 3577 1991 6636 3619 1991 6637 3618 1991 6638 3335 1992 6639 3336 1992 6640 3365 1992 6641 3335 1993 6642 3365 1993 6643 3364 1993 6644 3842 1994 6645 3843 1994 6646 3840 1994 6647 3842 1995 6648 3840 1995 6649 3827 1995 6650 3664 1996 6651 3685 1996 6652 3686 1996 6653 3664 1997 6654 3686 1997 6655 3711 1997 6656 3793 1998 6657 3794 1998 6658 3792 1998 6659 3793 1999 6660 3792 1999 6661 3791 1999 6662 4049 2000 6663 4050 2000 6664 4048 2000 6665 4049 2001 6666 4048 2001 6667 4047 2001 6668 3951 2002 6669 3979 2002 6670 3978 2002 6671 3951 2003 6672 3978 2003 6673 3950 2003 6674 4057 2004 6675 4066 2004 6676 4064 2004 6677 4057 2005 6678 4064 2005 6679 4058 2005 6680 3806 2006 6681 3807 2006 6682 3805 2006 6683 3806 2007 6684 3805 2007 6685 3804 2007 6686 3428 2008 6687 3429 2008 6688 3431 2008 6689 3428 2009 6690 3431 2009 6691 3445 2009 6692 3699 2010 6693 3700 2010 6694 3701 2010 6695 3699 2011 6696 3701 2011 6697 3702 2011 6698 3700 2012 6699 3649 2012 6700 3651 2012 6701 3700 2013 6702 3651 2013 6703 3701 2013 6704 3843 2014 6705 3892 2014 6706 3879 2014 6707 3843 2015 6708 3879 2015 6709 3840 2015 6710 3328 2016 6711 3330 2016 6712 3327 2016 6713 3328 2017 6714 3327 2017 6715 3326 2017 6716 3265 2018 6717 3253 2018 6718 3254 2018 6719 3265 2019 6720 3254 2019 6721 3263 2019 6722 3421 2020 6723 3440 2020 6724 3439 2020 6725 3421 2021 6726 3439 2021 6727 3420 2021 6728 4010 2022 6729 4023 2022 6730 4022 2022 6731 4010 2023 6732 4022 2023 6733 4013 2023 6734 3236 2024 6735 3237 2024 6736 3235 2024 6737 3236 2025 6738 3235 2025 6739 3232 2025 6740 3425 2026 6741 3444 2026 6742 3443 2026 6743 3425 2027 6744 3443 2027 6745 3423 2027 6746 3975 2028 6747 4037 2028 6748 4036 2028 6749 3975 2029 6750 4036 2029 6751 3974 2029 6752 3213 2030 6753 3212 2030 6754 3207 2030 6755 3213 2031 6756 3207 2031 6757 3214 2031 6758 3917 2032 6759 3926 2032 6760 3928 2032 6761 3917 2033 6762 3928 2033 6763 3955 2033 6764 3921 2034 6765 3922 2034 6766 3919 2034 6767 3921 2035 6768 3919 2035 6769 3913 2035 6770 3374 2036 6771 3390 2036 6772 3391 2036 6773 3374 2037 6774 3391 2037 6775 3373 2037 6776 4009 2038 6777 4011 2038 6778 4007 2038 6779 4009 2039 6780 4007 2039 6781 4006 2039 6782 3565 2040 6783 3566 2040 6784 3583 2040 6785 3565 2041 6786 3583 2041 6787 3582 2041 6788 4008 2042 6789 4066 2042 6790 3877 2042 6791 4008 2043 6792 3877 2043 6793 3873 2043 6794 3818 2044 6795 3817 2044 6796 3822 2044 6797 3818 2045 6798 3822 2045 6799 3820 2045 6800 4017 2046 6801 3985 2046 6802 3986 2046 6803 4017 2047 6804 3986 2047 6805 4020 2047 6806 4015 2048 6807 4013 2048 6808 4022 2048 6809 4015 2049 6810 4022 2049 6811 4021 2049 6812 3966 2050 6813 3969 2050 6814 3884 2050 6815 3966 2051 6816 3884 2051 6817 3989 2051 6818 3542 2052 6819 3546 2052 6820 3545 2052 6821 3542 2053 6822 3545 2053 6823 3544 2053 6824 3938 2054 6825 3968 2054 6826 3965 2054 6827 3938 2055 6828 3965 2055 6829 3936 2055 6830 4004 2056 6831 4005 2056 6832 4056 2056 6833 4004 2057 6834 4056 2057 6835 4055 2057 6836 3228 2058 6837 3231 2058 6838 3303 2058 6839 3228 2059 6840 3303 2059 6841 3301 2059 6842 4014 2060 6843 4063 2060 6844 4065 2060 6845 4014 2061 6846 4065 2061 6847 4012 2061 6848 3733 2062 6849 3735 2062 6850 3732 2062 6851 3733 2063 6852 3732 2063 6853 3729 2063 6854 3510 2064 6855 3485 2064 6856 3487 2064 6857 3510 2065 6858 3487 2065 6859 3599 2065 6860 3810 2066 6861 3908 2066 6862 3907 2066 6863 3810 2067 6864 3907 2067 6865 3906 2067 6866 3358 2068 6867 3297 2068 6868 3258 2068 6869 3358 2069 6870 3258 2069 6871 3359 2069 6872 4025 2070 6873 4032 2070 6874 4030 2070 6875 4025 2071 6876 4030 2071 6877 4027 2071 6878 3785 2072 6879 3788 2072 6880 3787 2072 6881 3785 2073 6882 3787 2073 6883 3786 2073 6884 3855 2074 6885 3867 2074 6886 3866 2074 6887 3855 2075 6888 3866 2075 6889 3856 2075 6890 3988 2076 6891 4041 2076 6892 4040 2076 6893 3988 2077 6894 4040 2077 6895 3987 2077 6896 3230 2078 6897 3233 2078 6898 3304 2078 6899 3230 2079 6900 3304 2079 6901 3302 2079 6902 3389 2080 6903 3387 2080 6904 3394 2080 6905 3389 2081 6906 3394 2081 6907 3393 2081 6908 3991 2082 6909 3992 2082 6910 4043 2082 6911 3991 2083 6912 4043 2083 6913 4042 2083 6914 3662 2084 6915 3663 2084 6916 3661 2084 6917 3662 2085 6918 3661 2085 6919 3660 2085 6920 3859 2086 6921 3863 2086 6922 3862 2086 6923 3859 2087 6924 3862 2087 6925 3861 2087 6926 3616 2088 6927 3675 2088 6928 3674 2088 6929 3616 2089 6930 3674 2089 6931 3615 2089 6932 3832 2090 6933 3837 2090 6934 3836 2090 6935 3832 2091 6936 3836 2091 6937 3835 2091 6938 3401 2092 6939 3402 2092 6940 3406 2092 6941 3401 2093 6942 3406 2093 6943 3430 2093 6944 4182 19 6945 4184 19 6946 4178 19 6947 4182 19 6948 4178 19 6949 4180 19 6950 3939 2094 6951 3867 2094 6952 3800 2094 6953 3939 2095 6954 3800 2095 6955 3852 2095 6956 3366 2096 6957 3367 2096 6958 3378 2096 6959 3366 2097 6960 3378 2097 6961 3377 2097 6962 3934 2098 6963 3961 2098 6964 3960 2098 6965 3934 2099 6966 3960 2099 6967 3933 2099 6968 3476 2100 6969 3657 2100 6970 3701 2100 6971 3476 2101 6972 3701 2101 6973 3651 2101 6974 3227 2102 6975 3455 2102 6976 3456 2102 6977 3227 2103 6978 3456 2103 6979 3229 2103 6980 3895 2104 6981 3896 2104 6982 3999 2104 6983 3895 2105 6984 3999 2105 6985 3998 2105 6986 3557 2106 6987 3558 2106 6988 3575 2106 6989 3557 2107 6990 3575 2107 6991 3573 2107 6992 3592 2108 6993 3636 2108 6994 3634 2108 6995 3592 2109 6996 3634 2109 6997 3591 2109 6998 3932 2110 6999 3864 2110 7000 3865 2110 7001 3932 2111 7002 3865 2111 7003 3935 2111 7004 3437 2112 7005 3438 2112 7006 3447 2112 7007 3437 2113 7008 3447 2113 7009 3436 2113 7010 3854 2114 7011 3946 2114 7012 3945 2114 7013 3854 2115 7014 3945 2115 7015 3868 2115 7016 3646 2116 7017 3654 2116 7018 3652 2116 7019 3646 2117 7020 3652 2117 7021 3650 2117 7022 3869 2118 7023 3944 2118 7024 3942 2118 7025 3869 2119 7026 3942 2119 7027 3870 2119 7028 3890 2120 7029 3993 2120 7030 3992 2120 7031 3890 2121 7032 3992 2121 7033 3889 2121 7034 3948 2122 7035 3949 2122 7036 3977 2122 7037 3948 2123 7038 3977 2123 7039 3976 2123 7040 3548 2124 7041 3549 2124 7042 3547 2124 7043 3548 2125 7044 3547 2125 7045 3543 2125 7046 3505 2126 7047 3506 2126 7048 3591 2126 7049 3505 2127 7050 3591 2127 7051 3590 2127 7052 4075 2128 7053 4079 2128 7054 4078 2128 7055 4075 2129 7056 4078 2129 7057 4077 2129 7058 3834 2130 7059 3897 2130 7060 3898 2130 7061 3834 2131 7062 3898 2131 7063 3833 2131 7064 3550 2132 7065 3551 2132 7066 3567 2132 7067 3550 2133 7068 3567 2133 7069 3566 2133 7070 3620 2134 7071 3625 2134 7072 3623 2134 7073 3620 2135 7074 3623 2135 7075 3622 2135 7076 3283 2136 7077 3313 2136 7078 3311 2136 7079 3283 2137 7080 3311 2137 7081 3281 2137 7082 3435 2138 7083 3446 2138 7084 3377 2138 7085 3435 2139 7086 3377 2139 7087 3378 2139 7088 4027 2140 7089 4021 2140 7090 4022 2140 7091 4027 2141 7092 4022 2141 7093 4025 2141 7094 3506 2142 7095 3593 2142 7096 3592 2142 7097 3506 2143 7098 3592 2143 7099 3591 2143 7100 3715 2144 7101 3713 2144 7102 3714 2144 7103 3715 2145 7104 3714 2145 7105 3694 2145 7106 3704 2146 7107 3707 2146 7108 3696 2146 7109 3704 2147 7110 3696 2147 7111 3705 2147 7112 3876 2148 7113 3888 2148 7114 3886 2148 7115 3876 2149 7116 3886 2149 7117 3874 2149 7118 3906 2150 7119 3907 2150 7120 3951 2150 7121 3906 2151 7122 3951 2151 7123 3950 2151 7124 3410 2152 7125 3434 2152 7126 3433 2152 7127 3410 2153 7128 3433 2153 7129 3432 2153 7130 3321 2154 7131 3322 2154 7132 3400 2154 7133 3321 2155 7134 3400 2155 7135 3399 2155 7136 3489 2156 7137 3490 2156 7138 3601 2156 7139 3489 2157 7140 3601 2157 7141 3600 2157 7142 4138 20 7143 4143 20 7144 4159 20 7145 4138 20 7146 4159 20 7147 4148 20 7148 3987 2158 7149 4040 2158 7150 4020 2158 7151 3987 2159 7152 4020 2159 7153 3986 2159 7154 3280 2160 7155 3282 2160 7156 3312 2160 7157 3280 2161 7158 3312 2161 7159 3310 2161 7160 3605 2162 7161 3666 2162 7162 3665 2162 7163 3605 2163 7164 3665 2163 7165 3604 2163 7166 3832 2164 7167 3835 2164 7168 3834 2164 7169 3832 2165 7170 3834 2165 7171 3833 2165 7172 3996 2166 7173 3997 2166 7174 4046 2166 7175 3996 2167 7176 4046 2167 7177 3995 2167 7178 3360 2168 7179 3361 2168 7180 3356 2168 7181 3360 2169 7182 3356 2169 7183 3334 2169 7184 3572 2170 7185 3574 2170 7186 3612 2170 7187 3572 2171 7188 3612 2171 7189 3611 2171 7190 3778 2172 7191 3777 2172 7192 3780 2172 7193 3778 2173 7194 3780 2173 7195 3779 2173 7196 4227 2174 7197 4225 2174 7198 4226 2174 7199 4227 2175 7200 4226 2175 7201 4229 2175 7202 3617 2176 7203 3679 2176 7204 3641 2176 7205 3617 2177 7206 3641 2177 7207 3643 2177 7208 4067 2178 7209 4072 2178 7210 4069 2178 7211 4067 2179 7212 4069 2179 7213 4070 2179 7214 3937 2180 7215 3866 2180 7216 3867 2180 7217 3937 2181 7218 3867 2181 7219 3939 2181 7220 3596 2182 7221 3458 2182 7222 3656 2182 7223 3596 2183 7224 3656 2183 7225 3594 2183 7226 4071 2184 7227 4092 2184 7228 4094 2184 7229 4094 2185 7230 4090 2185 7231 4088 2185 7232 4088 2186 7233 4086 2186 7234 4084 2186 7235 4084 29 7236 4082 29 7237 4081 29 7238 4081 2187 7239 4101 2187 7240 4102 2187 7241 4102 2188 7242 4103 2188 7243 4106 2188 7244 4106 2189 7245 4109 2189 7246 4110 2189 7247 4110 2190 7248 4111 2190 7249 4113 2190 7250 4113 2191 7251 4117 2191 7252 4121 2191 7253 4121 2192 7254 4080 2192 7255 4076 2192 7256 4076 2193 7257 4074 2193 7258 4073 2193 7259 4073 2194 7260 4068 2194 7261 4071 2194 7262 4071 2195 7263 4094 2195 7264 4088 2195 7265 4088 2196 7266 4084 2196 7267 4081 2196 7268 4081 2197 7269 4102 2197 7270 4106 2197 7271 4106 2198 7272 4110 2198 7273 4113 2198 7274 4113 2199 7275 4121 2199 7276 4076 2199 7277 4076 2200 7278 4073 2200 7279 4071 2200 7280 4071 2201 7281 4088 2201 7282 4081 2201 7283 4081 2202 7284 4106 2202 7285 4113 2202 7286 4113 2203 7287 4076 2203 7288 4071 2203 7289 4081 2204 7290 4113 2204 7291 4071 2204 7292 3190 19 7293 3202 19 7294 3200 19 7295 3190 19 7296 3200 19 7297 3201 19 7298 4228 2205 7299 4231 2205 7300 4218 2205 7301 4228 2206 7302 4218 2206 7303 4230 2206 7304 4224 3 7305 4223 3 7306 4221 3 7307 4224 3 7308 4221 3 7309 4222 3 7310 4100 2207 7311 4083 2207 7312 4085 2207 7313 4100 2208 7314 4085 2208 7315 4099 2208 7316 3516 2209 7317 3533 2209 7318 3531 2209 7319 3516 2210 7320 3531 2210 7321 3514 2210 7322 3315 2211 7323 3318 2211 7324 3317 2211 7325 3315 2212 7326 3317 2212 7327 3316 2212 7328 3754 2213 7329 3756 2213 7330 3757 2213 7331 3754 2214 7332 3757 2214 7333 3758 2214 7334 3613 2215 7335 3614 2215 7336 3673 2215 7337 3613 2216 7338 3673 2216 7339 3672 2216 7340 3291 2217 7341 3317 2217 7342 3318 2217 7343 3291 2218 7344 3318 2218 7345 3290 2218 7346 3324 2219 7347 3325 2219 7348 3262 2219 7349 3324 2220 7350 3262 2220 7351 3323 2220 7352 4095 2221 7353 4096 2221 7354 4093 2221 7355 4095 2222 7356 4093 2222 7357 4091 2222 7358 3346 2223 7359 3347 2223 7360 3353 2223 7361 3346 2224 7362 3353 2224 7363 3454 2224 7364 3264 2225 7365 3279 2225 7366 3278 2225 7367 3264 2226 7368 3278 2226 7369 3266 2226 7370 4152 3 7371 4154 3 7372 4150 3 7373 4152 3 7374 4150 3 7375 4149 3 7376 3639 2227 7377 3690 2227 7378 3689 2227 7379 3639 2228 7380 3689 2228 7381 3638 2228 7382 3571 2229 7383 3610 2229 7384 3609 2229 7385 3571 2230 7386 3609 2230 7387 3570 2230 7388 3586 2231 7389 3585 2231 7390 3568 2231 7391 3586 2232 7392 3568 2232 7393 3569 2232 7394 3383 2233 7395 3385 2233 7396 3382 2233 7397 3383 2234 7398 3382 2234 7399 3381 2234 7400 3583 2235 7401 3584 2235 7402 3631 2235 7403 3583 2236 7404 3631 2236 7405 3630 2236 7406 4107 2237 7407 4108 2237 7408 4105 2237 7409 4107 2238 7410 4105 2238 7411 4104 2238 7412 4119 2239 7413 4122 2239 7414 4120 2239 7415 4119 2240 7416 4120 2240 7417 4116 2240 7418 3460 2241 7419 3461 2241 7420 3462 2241 7421 3460 2242 7422 3462 2242 7423 3459 2242 7424 3509 2243 7425 3484 2243 7426 3595 2243 7427 3509 2244 7428 3595 2244 7429 3507 2244 7430 3567 2245 7431 3584 2245 7432 3583 2245 7433 3567 2246 7434 3583 2246 7435 3566 2246 7436 4123 29 7437 4130 29 7438 4125 29 7439 4123 29 7440 4125 29 7441 4127 29 7442 3408 2247 7443 3409 2247 7444 3405 2247 7445 3408 2248 7446 3405 2248 7447 3404 2248 7448 3589 2249 7449 3590 2249 7450 3633 2249 7451 3589 2250 7452 3633 2250 7453 3632 2250 7454 4097 2251 7455 4098 2251 7456 4087 2251 7457 4097 2252 7458 4087 2252 7459 4089 2252 7460 4126 20 7461 3206 20 7462 4132 20 7463 4126 20 7464 4132 20 7465 4128 20 7466 4122 2253 7467 4078 2253 7468 4079 2253 7469 4122 2254 7470 4079 2254 7471 4120 2254 7472 3260 2255 7473 3340 2255 7474 3338 2255 7475 3260 2256 7476 3338 2256 7477 3261 2256 7478 4167 140 7479 4166 140 7480 4168 140 7481 4156 140 7482 4155 140 7483 4153 140 7484 4156 140 7485 4153 140 7486 4151 140 7487 4157 140 7488 4156 140 7489 4151 140 7490 4167 140 7491 4168 140 7492 3189 140 7493 4167 140 7494 3189 140 7495 3188 140 7496 4157 140 7497 4151 140 7498 4158 140 7499 4169 140 7500 4167 140 7501 3188 140 7502 4163 2257 7503 4169 2257 7504 3188 2257 7505 3187 2258 7506 4157 2258 7507 4158 2258 7508 3187 140 7509 4158 140 7510 4160 140 7511 3186 140 7512 3187 140 7513 4160 140 7514 4163 140 7515 3188 140 7516 4162 140 7517 4163 140 7518 4162 140 7519 4161 140 7520 3186 140 7521 4160 140 7522 4144 140 7523 4140 140 7524 4163 140 7525 4161 140 7526 4161 2259 7527 3186 2259 7528 4144 2259 7529 4144 2260 7530 4140 2260 7531 4161 2260 7532 4139 3 7533 4147 3 7534 4142 3 7535 4139 3 7536 4142 3 7537 4145 3 7538 3469 2261 7539 3471 2261 7540 3468 2261 7541 3469 2262 7542 3468 2262 7543 3463 2262 7544 4096 2263 7545 4097 2263 7546 4089 2263 7547 4096 2264 7548 4089 2264 7549 4093 2264 7550 3345 2265 7551 3453 2265 7552 3452 2265 7553 3345 2266 7554 3452 2266 7555 3344 2266 7556 3208 2267 7557 3219 2267 7558 3226 2267 7559 3208 2268 7560 3226 2268 7561 3218 2268 7562 3517 2269 7563 3515 2269 7564 3530 2269 7565 3517 2270 7566 3530 2270 7567 3527 2270 7568 3257 2271 7569 3296 2271 7570 3295 2271 7571 3257 2272 7572 3295 2272 7573 3256 2272 7574 3950 2273 7575 3978 2273 7576 3977 2273 7577 3950 2274 7578 3977 2274 7579 3949 2274 7580 3606 2275 7581 3607 2275 7582 3668 2275 7583 3606 2276 7584 3668 2276 7585 3667 2276 7586 3878 2277 7587 3877 2277 7588 4066 2277 7589 3878 2278 7590 4066 2278 7591 4057 2278 7592 3804 2279 7593 3805 2279 7594 3802 2279 7595 3804 2280 7596 3802 2280 7597 3803 2280 7598 3496 2281 7599 3513 2281 7600 3480 2281 7601 3496 2282 7602 3480 2282 7603 3498 2282 7604 3466 2283 7605 3467 2283 7606 3470 2283 7607 3466 2284 7608 3470 2284 7609 3474 2284 7610 4114 2285 7611 4118 2285 7612 4115 2285 7613 4114 2286 7614 4115 2286 7615 4112 2286 7616 3268 2287 7617 3270 2287 7618 3251 2287 7619 3268 2288 7620 3251 2288 7621 3267 2288 7622 3196 19 7623 3197 19 7624 3194 19 7625 3196 19 7626 3194 19 7627 3195 19 7628 4242 0 7629 4239 0 7630 4240 0 7631 4242 0 7632 4240 0 7633 4241 0 7634 4257 20 7635 4232 20 7636 4233 20 7637 4257 20 7638 4233 20 7639 4256 20 7640 3412 2289 7641 3413 2289 7642 3411 2289 7643 3412 2290 7644 3411 2290 7645 3407 2290 7646 3522 2291 7647 3482 2291 7648 3477 2291 7649 3522 2292 7650 3477 2292 7651 3457 2292 7652 4217 2293 7653 4207 2293 7654 4209 2293 7655 4217 2294 7656 4209 2294 7657 4216 2294 7658 3182 2295 7659 3185 2295 7660 3184 2295 7661 3182 2296 7662 3184 2296 7663 3183 2296 7664 3637 2297 7665 3688 2297 7666 3687 2297 7667 3637 2298 7668 3687 2298 7669 3635 2298 7670 3525 2299 7671 3529 2299 7672 3716 2299 7673 3525 2300 7674 3716 2300 7675 3540 2300 7676 4124 0 7677 4129 0 7678 4133 0 7679 4124 0 7680 4133 0 7681 4131 0 7682 3645 2301 7683 3647 2301 7684 3644 2301 7685 3645 2302 7686 3644 2302 7687 3642 2302 7688 3770 2303 7689 3772 2303 7690 3773 2303 7691 3770 2304 7692 3773 2304 7693 3774 2304 7694 3210 2305 7695 3215 2305 7696 3214 2305 7697 3210 2306 7698 3214 2306 7699 3207 2306 7700 3677 2307 7701 3698 2307 7702 3697 2307 7703 3677 2308 7704 3697 2308 7705 3676 2308 7706 3381 2309 7707 3319 2309 7708 3320 2309 7709 3381 2310 7710 3320 2310 7711 3396 2310 7712 4187 19 7713 4191 19 7714 4188 19 7715 4187 19 7716 4188 19 7717 4190 19 7718 3247 2311 7719 3269 2311 7720 3272 2311 7721 3247 2312 7722 3272 2312 7723 3244 2312 7724 3553 2313 7725 3569 2313 7726 3568 2313 7727 3553 2314 7728 3568 2314 7729 3552 2314 7730 4181 3 7731 4186 3 7732 4185 3 7733 4181 3 7734 4185 3 7735 4183 3 7736 4194 20 7737 4195 20 7738 4196 20 7739 4194 20 7740 4196 20 7741 4198 20 7742 4203 29 7743 4204 29 7744 4205 29 7745 4203 2315 7746 4205 2315 7747 4189 2315 7748 4202 29 7749 4203 29 7750 4189 29 7751 4199 29 7752 4197 29 7753 4206 29 7754 4199 2316 7755 4206 2316 7756 4200 2316 7757 4202 29 7758 4189 29 7759 4192 29 7760 4199 29 7761 4200 29 7762 4201 29 7763 4201 2317 7764 4202 2317 7765 4192 2317 7766 4193 29 7767 4199 29 7768 4201 29 7769 4192 2318 7770 4193 2318 7771 4201 2318 7772 3532 2319 7773 3556 2319 7774 3555 2319 7775 3532 2320 7776 3555 2320 7777 3554 2320 7778 4134 140 7779 4137 140 7780 4135 140 7781 4134 140 7782 4135 140 7783 4136 140 7784 3564 2321 7785 3581 2321 7786 3580 2321 7787 3564 2322 7788 3580 2322 7789 3563 2322 7790 4175 3 7791 4179 3 7792 4177 3 7793 4175 3 7794 4177 3 7795 4176 3 7796 3642 2323 7797 3655 2323 7798 3653 2323 7799 3642 2324 7800 3653 2324 7801 3645 2324 7802 4141 19 7803 4146 19 7804 4165 19 7805 4141 19 7806 4165 19 7807 4164 19 7808 3314 2325 7809 3284 2325 7810 3285 2325 7811 3314 2326 7812 3285 2326 7813 3287 2326 7814 4211 3 7815 4210 3 7816 4213 3 7817 3535 2327 7818 3536 2327 7819 3534 2327 7820 3535 2328 7821 3534 2328 7822 3519 2328 7823 4214 2329 7824 4215 2329 7825 4208 2329 7826 4214 2330 7827 4208 2330 7828 4212 2330 7829 4246 3 7830 4243 3 7831 4244 3 7832 4246 3 7833 4244 3 7834 4245 3 7835 4255 19 7836 4254 19 7837 4235 19 7838 4255 19 7839 4235 19 7840 4253 19 7841 4171 2331 7842 4174 2331 7843 4173 2331 7844 4171 1885 7845 4173 1885 7846 4170 1885 7847 3829 2332 7848 3828 2332 7849 3783 2332 7850 3783 2333 7851 3784 2333 7852 3826 2333 7853 3826 2334 7854 3824 2334 7855 3829 2334 7856 3783 2335 7857 3826 2335 7858 3829 2335 7859</p>
        </triangles>
        <triangles material="_1e7300e-43e4-42c3-ab47-beb3e2f8575b-material" count="250">
          <input semantic="VERTEX" source="#DniprovskaPolitehnika_poli_h_poli_l_l_002-mesh-vertices" offset="0"/>
          <input semantic="NORMAL" source="#DniprovskaPolitehnika_poli_h_poli_l_l_002-mesh-normals" offset="1"/>
          <input semantic="TEXCOORD" source="#DniprovskaPolitehnika_poli_h_poli_l_l_002-mesh-map-0" offset="2" set="0"/>
          <p>4498 140 7860 4515 140 7861 4516 140 7862 4502 140 7863 4506 140 7864 4507 140 7865 4498 140 7866 4516 140 7867 4499 140 7868 4498 140 7869 4499 140 7870 4496 140 7871 4502 140 7872 4507 140 7873 4505 140 7874 4501 140 7875 4498 140 7876 4496 140 7877 4496 2336 7878 4502 2336 7879 4505 2336 7880 4505 2337 7881 4501 2337 7882 4496 2337 7883 4511 19 7884 4504 19 7885 4508 19 7886 4511 19 7887 4508 19 7888 4509 19 7889 4469 2338 7890 4472 2338 7891 4471 2338 7892 4469 2339 7893 4471 2339 7894 4470 2339 7895 4361 2340 7896 4367 2340 7897 4368 2340 7898 4361 2341 7899 4368 2341 7900 4371 2341 7901 4480 20 7902 4481 20 7903 4482 20 7904 4480 20 7905 4482 20 7906 4483 20 7907 4407 2342 7908 4408 2342 7909 4423 2342 7910 4407 2343 7911 4423 2343 7912 4427 2343 7913 4561 140 7914 4564 140 7915 4563 140 7916 4561 140 7917 4563 140 7918 4559 140 7919 4500 0 7920 4503 0 7921 4510 0 7922 4500 0 7923 4510 0 7924 4512 0 7925 4347 2344 7926 4354 2344 7927 4353 2344 7928 4347 2345 7929 4353 2345 7930 4346 2345 7931 4352 2346 7932 4356 2346 7933 4355 2346 7934 4352 2347 7935 4355 2347 7936 4351 2347 7937 4473 0 7938 4514 0 7939 4497 0 7940 4473 0 7941 4497 0 7942 4513 0 7943 4461 2348 7944 4463 2348 7945 4464 2348 7946 4461 2349 7947 4464 2349 7948 4460 2349 7949 4280 2350 7950 4283 2350 7951 4282 2350 7952 4280 2351 7953 4282 2351 7954 4281 2351 7955 4523 0 7956 4520 0 7957 4521 0 7958 4523 0 7959 4521 0 7960 4522 0 7961 4434 2352 7962 4437 2352 7963 4436 2352 7964 4434 2353 7965 4436 2353 7966 4435 2353 7967 4331 2354 7968 4335 2354 7969 4334 2354 7970 4331 2355 7971 4334 2355 7972 4330 2355 7973 4389 2356 7974 4390 2356 7975 4392 2356 7976 4389 2357 7977 4392 2357 7978 4391 2357 7979 4488 0 7980 4489 0 7981 4486 0 7982 4488 0 7983 4486 0 7984 4487 0 7985 4447 2358 7986 4448 2358 7987 4453 2358 7988 4447 2359 7989 4453 2359 7990 4452 2359 7991 4440 2360 7992 4403 2360 7993 4404 2360 7994 4440 2361 7995 4404 2361 7996 4441 2361 7997 4528 2362 7998 4525 2362 7999 4526 2362 8000 4528 2363 8001 4526 2363 8002 4529 2363 8003 4305 2364 8004 4294 2364 8005 4295 2364 8006 4305 2365 8007 4295 2365 8008 4306 2365 8009 4518 2366 8010 4532 2366 8011 4517 2366 8012 4369 2367 8013 4370 2367 8014 4379 2367 8015 4369 2368 8016 4379 2368 8017 4378 2368 8018 4399 2369 8019 4400 2369 8020 4398 2369 8021 4399 2370 8022 4398 2370 8023 4397 2370 8024 4534 2371 8025 4530 2371 8026 4535 2371 8027 4535 2372 8028 4530 2372 8029 4536 2372 8030 4536 2373 8031 4530 2373 8032 4537 2373 8033 4350 2374 8034 4380 2374 8035 4344 2374 8036 4350 2375 8037 4344 2375 8038 4345 2375 8039 4531 2376 8040 4539 2376 8041 4538 2376 8042 4539 2377 8043 4531 2377 8044 4540 2377 8045 4531 2378 8046 4542 2378 8047 4540 2378 8048 4531 2379 8049 4543 2379 8050 4542 2379 8051 4531 2380 8052 4544 2380 8053 4543 2380 8054 4546 2381 8055 4544 2381 8056 4531 2381 8057 4548 2382 8058 4546 2382 8059 4531 2382 8060 4524 2383 8061 4548 2383 8062 4531 2383 8063 4299 2384 8064 4329 2384 8065 4328 2384 8066 4299 2385 8067 4328 2385 8068 4297 2385 8069 4307 2386 8070 4312 2386 8071 4311 2386 8072 4307 2387 8073 4311 2387 8074 4308 2387 8075 4443 2388 8076 4455 2388 8077 4454 2388 8078 4443 2389 8079 4454 2389 8080 4442 2389 8081 4554 2390 8082 4553 2390 8083 4552 2390 8084 4554 2391 8085 4552 2391 8086 4555 2391 8087 4300 2392 8088 4303 2392 8089 4302 2392 8090 4300 2393 8091 4302 2393 8092 4301 2393 8093 4553 2394 8094 4554 2394 8095 4556 2394 8096 4553 2395 8097 4556 2395 8098 4557 2395 8099 4479 2396 8100 4558 2396 8101 4477 2396 8102 4318 2397 8103 4322 2397 8104 4320 2397 8105 4318 2398 8106 4320 2398 8107 4319 2398 8108 4565 29 8109 4562 29 8110 4568 29 8111 4562 0 8112 4571 0 8113 4568 0 8114 4551 2399 8115 4533 2399 8116 4527 2399 8117 4551 2400 8118 4527 2400 8119 4550 2400 8120 4275 2401 8121 4289 2401 8122 4288 2401 8123 4275 2402 8124 4288 2402 8125 4274 2402 8126 4492 2403 8127 4495 2403 8128 4493 2403 8129 4492 2404 8130 4493 2404 8131 4494 2404 8132 4623 29 8133 4627 29 8134 4626 29 8135 4580 29 8136 4579 29 8137 4578 29 8138 4577 29 8139 4608 29 8140 4607 29 8141 4606 29 8142 4605 29 8143 4604 29 8144 4606 29 8145 4604 29 8146 4603 29 8147 4624 29 8148 4623 29 8149 4626 29 8150 4582 29 8151 4624 29 8152 4626 29 8153 4609 29 8154 4606 29 8155 4603 29 8156 4609 29 8157 4603 29 8158 4601 29 8159 4607 2405 8160 4609 2405 8161 4601 2405 8162 4596 0 8163 4574 0 8164 4576 0 8165 4582 29 8166 4626 29 8167 4625 29 8168 4607 29 8169 4601 29 8170 4596 29 8171 4577 2406 8172 4607 2406 8173 4596 2406 8174 4576 2407 8175 4582 2407 8176 4625 2407 8177 4576 29 8178 4625 29 8179 4580 29 8180 4577 29 8181 4596 29 8182 4576 29 8183 4576 29 8184 4580 29 8185 4578 29 8186 4578 29 8187 4577 29 8188 4576 29 8189 4658 3 8190 4657 3 8191 4653 3 8192 4658 3 8193 4653 3 8194 4655 3 8195 4296 2408 8196 4287 2408 8197 4304 2408 8198 4296 2409 8199 4304 2409 8200 4298 2409 8201 4566 0 8202 4583 0 8203 4581 0 8204 4566 0 8205 4581 0 8206 4575 0 8207 4595 20 8208 4569 20 8209 4560 20 8210 4595 20 8211 4560 20 8212 4573 20 8213 4491 3 8214 4485 3 8215 4484 3 8216 4491 3 8217 4484 3 8218 4490 3 8219 4279 2410 8220 4286 2410 8221 4285 2410 8222 4279 2411 8223 4285 2411 8224 4284 2411 8225 4341 2412 8226 4355 2412 8227 4358 2412 8228 4341 2413 8229 4358 2413 8230 4357 2413 8231 4458 2414 8232 4459 2414 8233 4439 2414 8234 4458 2415 8235 4439 2415 8236 4438 2415 8237 4659 19 8238 4656 19 8239 4668 19 8240 4659 19 8241 4668 19 8242 4661 19 8243 4417 2416 8244 4422 2416 8245 4421 2416 8246 4417 2417 8247 4421 2417 8248 4419 2417 8249 4273 2418 8250 4278 2418 8251 4277 2418 8252 4273 2419 8253 4277 2419 8254 4276 2419 8255 4323 2420 8256 4338 2420 8257 4340 2420 8258 4323 2421 8259 4340 2421 8260 4321 2421 8261 4290 2422 8262 4293 2422 8263 4292 2422 8264 4290 2423 8265 4292 2423 8266 4291 2423 8267 4298 2424 8268 4299 2424 8269 4297 2424 8270 4298 2425 8271 4297 2425 8272 4296 2425 8273 4309 2426 8274 4310 2426 8275 4324 2426 8276 4309 2427 8277 4324 2427 8278 4317 2427 8279 4617 20 8280 4614 20 8281 4598 20 8282 4617 20 8283 4598 20 8284 4593 20 8285 4610 140 8286 4611 140 8287 4612 140 8288 4590 140 8289 4589 140 8290 4588 140 8291 4586 140 8292 4587 140 8293 4585 140 8294 4619 140 8295 4621 140 8296 4622 140 8297 4619 140 8298 4622 140 8299 4620 140 8300 4600 140 8301 4610 140 8302 4612 140 8303 4591 140 8304 4600 140 8305 4612 140 8306 4618 140 8307 4619 140 8308 4620 140 8309 4618 140 8310 4620 140 8311 4584 140 8312 4585 2428 8313 4618 2428 8314 4584 2428 8315 4591 140 8316 4612 140 8317 4613 140 8318 4591 140 8319 4613 140 8320 4590 140 8321 4585 140 8322 4584 140 8323 4567 140 8324 4586 140 8325 4585 140 8326 4567 140 8327 4570 140 8328 4591 140 8329 4590 140 8330 4588 140 8331 4586 140 8332 4567 140 8333 4570 140 8334 4590 140 8335 4588 140 8336 4588 140 8337 4567 140 8338 4570 140 8339 4616 3 8340 4594 3 8341 4599 3 8342 4616 3 8343 4599 3 8344 4615 3 8345 4355 2429 8346 4356 2429 8347 4359 2429 8348 4355 2430 8349 4359 2430 8350 4358 2430 8351 4425 2431 8352 4426 2431 8353 4446 2431 8354 4425 2432 8355 4446 2432 8356 4424 2432 8357 4383 177 8358 4384 177 8359 4382 177 8360 4383 177 8361 4382 177 8362 4381 177 8363 4666 20 8364 4660 20 8365 4662 20 8366 4666 20 8367 4662 20 8368 4664 20 8369 4630 29 8370 4519 29 8371 4628 29 8372 4630 29 8373 4628 29 8374 4629 29 8375 4443 2433 8376 4444 2433 8377 4456 2433 8378 4443 2434 8379 4456 2434 8380 4455 2434 8381 4261 3 8382 4268 3 8383 4267 3 8384 4261 3 8385 4267 3 8386 4262 3 8387 4271 20 8388 4272 20 8389 4269 20 8390 4271 20 8391 4269 20 8392 4270 20 8393 4643 19 8394 4637 19 8395 4632 19 8396 4643 19 8397 4632 19 8398 4634 19 8399 4678 0 8400 4675 0 8401 4676 0 8402 4678 0 8403 4676 0 8404 4677 0 8405 4411 2435 8406 4414 2435 8407 4413 2435 8408 4411 2436 8409 4413 2436 8410 4412 2436 8411 4635 140 8412 4649 140 8413 4650 140 8414 4647 140 8415 4646 140 8416 4645 140 8417 4635 140 8418 4650 140 8419 4647 140 8420 4644 140 8421 4635 140 8422 4647 140 8423 4644 140 8424 4647 140 8425 4645 140 8426 4670 140 8427 4669 140 8428 4667 140 8429 4663 140 8430 4670 140 8431 4667 140 8432 4663 140 8433 4667 140 8434 4654 140 8435 4641 2437 8436 4644 2437 8437 4645 2437 8438 4665 140 8439 4663 140 8440 4654 140 8441 4641 140 8442 4645 140 8443 4651 140 8444 4651 140 8445 4665 140 8446 4654 140 8447 4652 140 8448 4641 140 8449 4651 140 8450 4652 2438 8451 4651 2438 8452 4654 2438 8453 4433 2439 8454 4432 2439 8455 4401 2439 8456 4433 2440 8457 4401 2440 8458 4402 2440 8459 4648 0 8460 4633 0 8461 4631 0 8462 4648 0 8463 4631 0 8464 4638 0 8465 4343 2441 8466 4349 2441 8467 4348 2441 8468 4343 2442 8469 4348 2442 8470 4342 2442 8471 4362 2443 8472 4363 2443 8473 4376 2443 8474 4362 2444 8475 4376 2444 8476 4375 2444 8477 4265 19 8478 4266 19 8479 4263 19 8480 4265 19 8481 4263 19 8482 4264 19 8483 4420 2445 8484 4413 2445 8485 4414 2445 8486 4420 2446 8487 4414 2446 8488 4418 2446 8489 4642 0 8490 4640 0 8491 4639 0 8492 4642 0 8493 4639 0 8494 4636 0 8495 4373 2447 8496 4374 2447 8497 4377 2447 8498 4373 2448 8499 4377 2448 8500 4372 2448 8501 4466 2449 8502 4467 2449 8503 4468 2449 8504 4466 2450 8505 4468 2450 8506 4465 2450 8507 4313 2451 8508 4314 2451 8509 4326 2451 8510 4313 2452 8511 4326 2452 8512 4325 2452 8513 4450 2453 8514 4451 2453 8515 4462 2453 8516 4450 2454 8517 4462 2454 8518 4449 2454 8519 4315 2455 8520 4316 2455 8521 4339 2455 8522 4315 2456 8523 4339 2456 8524 4327 2456 8525 4672 20 8526 4671 20 8527 4673 20 8528 4672 20 8529 4673 20 8530 4674 20 8531 4395 2457 8532 4396 2457 8533 4394 2457 8534 4395 2458 8535 4394 2458 8536 4393 2458 8537 4333 2459 8538 4337 2459 8539 4336 2459 8540 4333 2460 8541 4336 2460 8542 4332 2460 8543 4602 0 8544 4599 0 8545 4594 0 8546 4594 3 8547 4592 3 8548 4572 3 8549 4572 3 8550 4597 3 8551 4602 3 8552 4594 3 8553 4572 3 8554 4602 3 8555 4430 2461 8556 4431 2461 8557 4429 2461 8558 4430 2462 8559 4429 2462 8560 4428 2462 8561 4409 2463 8562 4416 2463 8563 4415 2463 8564 4409 2464 8565 4415 2464 8566 4410 2464 8567 4364 2465 8568 4365 2465 8569 4366 2465 8570 4364 2466 8571 4366 2466 8572 4360 2466 8573 4686 3 8574 4545 3 8575 4683 3 8576 4686 3 8577 4683 3 8578 4685 3 8579 4474 2467 8580 4478 2467 8581 4475 2467 8582 4474 2468 8583 4475 2468 8584 4476 2468 8585 4541 20 8586 4681 20 8587 4679 20 8588 4541 20 8589 4679 20 8590 4680 20 8591 4684 19 8592 4547 19 8593 4549 19 8594 4684 19 8595 4549 19 8596 4682 19 8597 4387 2469 8598 4388 2469 8599 4386 2469 8600 4387 2470 8601 4386 2470 8602 4385 2470 8603 4457 2471 8604 4405 2471 8605 4406 2471 8606 4457 2472 8607 4406 2472 8608 4445 2472 8609</p>
        </triangles>
      </mesh>
    </geometry>
  </library_geometries>
  <library_visual_scenes>
    <visual_scene id="Scene" name="Scene">
      <node id="_24467c7-3342-44ab-b98c-11976b2d5aea" name="424467c7-3342-44ab-b98c-11976b2d5aea" type="NODE">
        <matrix sid="transform">1 1.4243e-14 8.74228e-8 0 8.74228e-8 -1.62921e-7 -0.9999999 0 0 0.9999999 -1.62921e-7 0 0 0 0 1</matrix>
        <instance_geometry url="#DniprovskaPolitehnika_poli_h_poli_l_l_002-mesh" name="424467c7-3342-44ab-b98c-11976b2d5aea">
          <bind_material>
            <technique_common>
              <instance_material symbol="_24467c7-3342-44ab-b98c-11976b2d5aea-material" target="#_24467c7-3342-44ab-b98c-11976b2d5aea-material">
                <bind_vertex_input semantic="UVMap" input_semantic="TEXCOORD" input_set="0"/>
              </instance_material>
              <instance_material symbol="_cb67e9a-6184-4b9d-be52-ea609f6d336f-material" target="#_cb67e9a-6184-4b9d-be52-ea609f6d336f-material">
                <bind_vertex_input semantic="UVMap" input_semantic="TEXCOORD" input_set="0"/>
              </instance_material>
              <instance_material symbol="_7574b1f-4692-4d6e-acfa-485268e73d49-material" target="#_7574b1f-4692-4d6e-acfa-485268e73d49-material">
                <bind_vertex_input semantic="UVMap" input_semantic="TEXCOORD" input_set="0"/>
              </instance_material>
              <instance_material symbol="dd6ec947-059f-4429-bb77-994319614f3e-material" target="#dd6ec947-059f-4429-bb77-994319614f3e-material">
                <bind_vertex_input semantic="UVMap" input_semantic="TEXCOORD" input_set="0"/>
              </instance_material>
              <instance_material symbol="_ec1b319-fdc1-4cf5-85b7-492c3437ed94-material" target="#_ec1b319-fdc1-4cf5-85b7-492c3437ed94-material">
                <bind_vertex_input semantic="UVMap" input_semantic="TEXCOORD" input_set="0"/>
              </instance_material>
              <instance_material symbol="_1e7300e-43e4-42c3-ab47-beb3e2f8575b-material" target="#_1e7300e-43e4-42c3-ab47-beb3e2f8575b-material">
                <bind_vertex_input semantic="UVMap" input_semantic="TEXCOORD" input_set="0"/>
              </instance_material>
            </technique_common>
          </bind_material>
        </instance_geometry>
      </node>
    </visual_scene>
  </library_visual_scenes>
  <scene>
    <instance_visual_scene url="#Scene"/>
  </scene>
</COLLADA>