<?xml version="1.0" encoding="utf-8"?>
<COLLADA xmlns="http://www.collada.org/2005/11/COLLADASchema" version="1.4.1" xmlns:xsi="http://www.w3.org/2001/XMLSchema-instance">
  <asset>
    <contributor>
      <author>Blender User</author>
      <authoring_tool>Blender 3.3.9 commit date:2023-07-17, commit time:12:27, hash:a23b30d4f773</authoring_tool>
    </contributor>
    <created>2025-11-11T21:30:04</created>
    <modified>2025-11-11T21:30:04</modified>
    <unit name="meter" meter="1"/>
    <up_axis>Z_UP</up_axis>
  </asset>
  <library_effects>
    <effect id="_52f0cb1-13f5-4b1e-9ee4-1dc8ff341026-effect">
      <profile_COMMON>
        <newparam sid="_52f0cb1-13f5-4b1e-9ee4-1dc8ff341026-surface">
          <surface type="2D">
            <init_from>_52f0cb1-13f5-4b1e-9ee4-1dc8ff341026</init_from>
          </surface>
        </newparam>
        <newparam sid="_52f0cb1-13f5-4b1e-9ee4-1dc8ff341026-sampler">
          <sampler2D>
            <source>_52f0cb1-13f5-4b1e-9ee4-1dc8ff341026-surface</source>
          </sampler2D>
        </newparam>
        <technique sid="common">
          <lambert>
            <emission>
              <color sid="emission">0 0 0 1</color>
            </emission>
            <diffuse>
              <texture texture="_52f0cb1-13f5-4b1e-9ee4-1dc8ff341026-sampler" texcoord="UVMap"/>
            </diffuse>
            <index_of_refraction>
              <float sid="ior">1.45</float>
            </index_of_refraction>
          </lambert>
        </technique>
      </profile_COMMON>
    </effect>
    <effect id="cf3baa43-b6ef-4a47-a15e-c5009307443b-effect">
      <profile_COMMON>
        <newparam sid="cf3baa43-b6ef-4a47-a15e-c5009307443b-surface">
          <surface type="2D">
            <init_from>cf3baa43-b6ef-4a47-a15e-c5009307443b</init_from>
          </surface>
        </newparam>
        <newparam sid="cf3baa43-b6ef-4a47-a15e-c5009307443b-sampler">
          <sampler2D>
            <source>cf3baa43-b6ef-4a47-a15e-c5009307443b-surface</source>
          </sampler2D>
        </newparam>
        <technique sid="common">
          <lambert>
            <emission>
              <color sid="emission">0 0 0 1</color>
            </emission>
            <diffuse>
              <texture texture="cf3baa43-b6ef-4a47-a15e-c5009307443b-sampler" texcoord="UVMap"/>
            </diffuse>
            <index_of_refraction>
              <float sid="ior">1.45</float>
            </index_of_refraction>
          </lambert>
        </technique>
      </profile_COMMON>
    </effect>
    <effect id="_967dabe-3d16-4f56-ba75-0cc8b941888a-effect">
      <profile_COMMON>
        <newparam sid="_967dabe-3d16-4f56-ba75-0cc8b941888a-surface">
          <surface type="2D">
            <init_from>_967dabe-3d16-4f56-ba75-0cc8b941888a</init_from>
          </surface>
        </newparam>
        <newparam sid="_967dabe-3d16-4f56-ba75-0cc8b941888a-sampler">
          <sampler2D>
            <source>_967dabe-3d16-4f56-ba75-0cc8b941888a-surface</source>
          </sampler2D>
        </newparam>
        <technique sid="common">
          <lambert>
            <emission>
              <color sid="emission">0 0 0 1</color>
            </emission>
            <diffuse>
              <texture texture="_967dabe-3d16-4f56-ba75-0cc8b941888a-sampler" texcoord="UVMap"/>
            </diffuse>
            <index_of_refraction>
              <float sid="ior">1.45</float>
            </index_of_refraction>
          </lambert>
        </technique>
      </profile_COMMON>
    </effect>
    <effect id="_e9606d5-7bed-4c29-8410-333f4bba1af6-effect">
      <profile_COMMON>
        <newparam sid="_e9606d5-7bed-4c29-8410-333f4bba1af6-surface">
          <surface type="2D">
            <init_from>_e9606d5-7bed-4c29-8410-333f4bba1af6</init_from>
          </surface>
        </newparam>
        <newparam sid="_e9606d5-7bed-4c29-8410-333f4bba1af6-sampler">
          <sampler2D>
            <source>_e9606d5-7bed-4c29-8410-333f4bba1af6-surface</source>
          </sampler2D>
        </newparam>
        <technique sid="common">
          <lambert>
            <emission>
              <color sid="emission">0 0 0 1</color>
            </emission>
            <diffuse>
              <texture texture="_e9606d5-7bed-4c29-8410-333f4bba1af6-sampler" texcoord="UVMap"/>
            </diffuse>
            <index_of_refraction>
              <float sid="ior">1.45</float>
            </index_of_refraction>
          </lambert>
        </technique>
      </profile_COMMON>
    </effect>
    <effect id="_35888ca-cdff-4f03-88a4-179c0e7a602f-effect">
      <profile_COMMON>
        <newparam sid="_35888ca-cdff-4f03-88a4-179c0e7a602f-surface">
          <surface type="2D">
            <init_from>_35888ca-cdff-4f03-88a4-179c0e7a602f</init_from>
          </surface>
        </newparam>
        <newparam sid="_35888ca-cdff-4f03-88a4-179c0e7a602f-sampler">
          <sampler2D>
            <source>_35888ca-cdff-4f03-88a4-179c0e7a602f-surface</source>
          </sampler2D>
        </newparam>
        <technique sid="common">
          <lambert>
            <emission>
              <color sid="emission">0 0 0 1</color>
            </emission>
            <diffuse>
              <texture texture="_35888ca-cdff-4f03-88a4-179c0e7a602f-sampler" texcoord="UVMap"/>
            </diffuse>
            <index_of_refraction>
              <float sid="ior">1.45</float>
            </index_of_refraction>
          </lambert>
        </technique>
      </profile_COMMON>
    </effect>
  </library_effects>
  <library_images>
    <image id="_35888ca-cdff-4f03-88a4-179c0e7a602f" name="_35888ca-cdff-4f03-88a4-179c0e7a602f">
      <init_from>535888ca-cdff-4f03-88a4-179c0e7a602f_combined.jpg</init_from>
    </image>
    <image id="_52f0cb1-13f5-4b1e-9ee4-1dc8ff341026" name="_52f0cb1-13f5-4b1e-9ee4-1dc8ff341026">
      <init_from>152f0cb1-13f5-4b1e-9ee4-1dc8ff341026_combined.jpg</init_from>
    </image>
    <image id="_967dabe-3d16-4f56-ba75-0cc8b941888a" name="_967dabe-3d16-4f56-ba75-0cc8b941888a">
      <init_from>6967dabe-3d16-4f56-ba75-0cc8b941888a_combined.jpg</init_from>
    </image>
    <image id="_e9606d5-7bed-4c29-8410-333f4bba1af6" name="_e9606d5-7bed-4c29-8410-333f4bba1af6">
      <init_from>9e9606d5-7bed-4c29-8410-333f4bba1af6_combined.jpg</init_from>
    </image>
    <image id="cf3baa43-b6ef-4a47-a15e-c5009307443b" name="cf3baa43-b6ef-4a47-a15e-c5009307443b">
      <init_from>cf3baa43-b6ef-4a47-a15e-c5009307443b_combined.jpg</init_from>
    </image>
  </library_images>
  <library_materials>
    <material id="_52f0cb1-13f5-4b1e-9ee4-1dc8ff341026-material" name="152f0cb1-13f5-4b1e-9ee4-1dc8ff341026">
      <instance_effect url="#_52f0cb1-13f5-4b1e-9ee4-1dc8ff341026-effect"/>
    </material>
    <material id="cf3baa43-b6ef-4a47-a15e-c5009307443b-material" name="cf3baa43-b6ef-4a47-a15e-c5009307443b">
      <instance_effect url="#cf3baa43-b6ef-4a47-a15e-c5009307443b-effect"/>
    </material>
    <material id="_967dabe-3d16-4f56-ba75-0cc8b941888a-material" name="6967dabe-3d16-4f56-ba75-0cc8b941888a">
      <instance_effect url="#_967dabe-3d16-4f56-ba75-0cc8b941888a-effect"/>
    </material>
    <material id="_e9606d5-7bed-4c29-8410-333f4bba1af6-material" name="9e9606d5-7bed-4c29-8410-333f4bba1af6">
      <instance_effect url="#_e9606d5-7bed-4c29-8410-333f4bba1af6-effect"/>
    </material>
    <material id="_35888ca-cdff-4f03-88a4-179c0e7a602f-material" name="535888ca-cdff-4f03-88a4-179c0e7a602f">
      <instance_effect url="#_35888ca-cdff-4f03-88a4-179c0e7a602f-effect"/>
    </material>
  </library_materials>
  <library_geometries>
    <geometry id="PalacePratsi_h_l_l_002-mesh" name="PalacePratsi_h+l_l.002">
      <mesh>
        <source id="PalacePratsi_h_l_l_002-mesh-positions">
          <float_array id="PalacePratsi_h_l_l_002-mesh-positions-array" count="4920">20.51718 26.67861 -37.63129 0.7657852 26.32401 -37.63129 0.7657852 26.32401 -37.63129 20.51718 26.32401 -37.63129 0.7657852 26.67861 -37.63129 0.7657852 26.67861 -37.63129 1.321083 26.67861 -38.18629 0.7657852 26.67861 -60.56929 1.321083 26.67861 -60.01429 20.51718 26.67861 -60.01429 20.51718 31.42351 -49.10029 20.51718 26.67861 -38.18629 0.7657852 26.32401 -60.56929 -30.54672 18.38401 61.72563 -15.07471 8.71038e-6 17.24511 -17.81332 13.12121 20.06171 -17.81332 8.71038e-6 20.06171 -22.17992 13.12121 25.96821 -22.17992 8.71038e-6 25.96821 -23.97182 13.12121 29.46411 -23.97182 8.71038e-6 29.46411 -28.84612 13.12121 39.63411 -28.84612 8.71038e-6 39.63411 -28.84612 13.12121 42.94621 -28.84612 8.71038e-6 42.94621 -34.72961 8.71401e-6 42.94621 -34.72961 13.12121 42.94621 -34.72961 13.12121 43.29241 -34.72961 8.71038e-6 43.29241 -37.62991 8.71038e-6 42.94621 -37.62991 13.12121 42.94621 -38.48482 8.71401e-6 42.94621 -38.48482 8.71401e-6 42.94621 -38.48482 13.12121 42.94621 -38.48482 13.12121 42.94621 -38.48482 13.12121 43.29241 -38.48482 8.71038e-6 43.29241 -41.38512 13.12121 43.29241 -41.38512 8.71038e-6 43.29241 -41.38512 8.71038e-6 42.94621 -41.38512 13.12121 42.94621 -42.23991 8.71401e-6 42.94621 -42.23991 13.12121 42.94621 -42.23991 13.12121 43.29241 -42.23991 8.71038e-6 43.29241 -48.89542 13.12121 43.29241 -48.89542 8.71038e-6 43.29241 -48.89542 8.71038e-6 42.94621 -48.89542 8.71038e-6 42.94621 -48.89542 13.12121 42.94621 -48.89542 13.12121 42.94621 -49.75021 8.71401e-6 42.94621 -49.75021 8.71401e-6 42.94621 -49.75021 13.12121 42.94621 -49.75021 13.12121 42.94621 -49.75021 13.12121 43.29241 -49.75021 8.71038e-6 43.29241 -53.50537 13.12121 43.29241 -53.50537 8.71038e-6 43.29241 -56.4057 13.12121 43.29241 -56.4057 8.71038e-6 43.29241 -56.4057 8.71038e-6 42.94621 -56.4057 13.12121 42.94621 -56.83348 13.12121 42.94621 -56.83348 8.71038e-6 42.94621 -56.83348 13.12121 43.37401 -56.83348 8.71038e-6 43.37401 -56.48733 13.12121 43.37401 -56.48733 8.71038e-6 43.37401 -56.83348 8.71401e-6 46.27431 -56.83348 13.12121 46.27431 -56.83348 13.12121 47.12991 -56.83348 8.71038e-6 47.12991 -56.83348 8.71401e-6 53.78611 -56.83348 13.12121 53.78611 -56.83348 13.12121 54.64161 -56.83348 8.71038e-6 54.64161 -56.83348 8.71401e-6 57.54201 -56.83348 13.12121 57.54201 -56.83348 13.12121 58.39751 -56.83348 13.12121 58.39751 -56.83348 8.71038e-6 58.39751 -56.83348 8.71038e-6 58.39751 -56.48731 13.12121 58.39751 -56.48731 8.71038e-6 58.39751 -56.4057 13.12121 61.72563 -56.4057 8.71401e-6 61.72563 -56.4057 8.71038e-6 61.37947 -56.4057 13.12121 61.37947 -53.50537 13.12121 61.37947 -53.50537 8.71038e-6 61.37947 -53.50537 13.12121 61.72563 -53.50537 8.71401e-6 61.72563 -49.75021 13.12121 61.72563 -49.75021 8.71401e-6 61.72563 -48.89542 13.12121 61.72563 -48.89542 8.71038e-6 61.72563 -48.89542 8.71038e-6 61.37947 -48.89542 13.12121 61.37947 -45.99512 13.12121 61.37947 -45.99512 13.12121 61.37947 -45.99512 8.71038e-6 61.37947 -45.99512 8.71038e-6 61.37947 -45.99512 13.12121 61.72563 -45.99512 8.71401e-6 61.72563 -42.23991 13.12121 61.72563 -42.23991 8.71401e-6 61.72563 -41.38512 13.12121 61.72563 -41.38512 13.12121 61.72563 -41.38512 8.71038e-6 61.72563 -41.38512 8.71038e-6 61.72563 -41.38512 8.71038e-6 61.37947 -41.38512 13.12121 61.37947 -38.48482 13.12121 61.37947 -38.48482 8.71038e-6 61.37947 -38.48482 13.12121 61.72563 -38.48482 8.71401e-6 61.72563 -37.62991 8.71038e-6 61.37947 -37.62991 13.12121 61.37947 -34.72961 13.12121 61.37947 -34.72961 8.71038e-6 61.37947 -33.87482 13.12121 61.72563 -33.87482 8.71038e-6 61.72563 -33.87482 8.71038e-6 61.37947 -33.87482 8.71038e-6 61.37947 -33.87482 13.12121 61.37947 -33.87482 13.12121 61.37947 -30.97452 13.12121 61.37947 -30.97452 8.71038e-6 61.37947 -30.54672 8.71401e-6 61.72563 -30.54672 8.71038e-6 63.43321 -30.54672 18.38401 63.43321 -18.23101 8.71038e-6 63.43321 -18.23101 18.38401 63.43321 -17.75872 18.38401 63.43321 -17.75872 8.71038e-6 63.43321 -14.09582 18.38401 63.43321 -14.09582 8.71038e-6 63.43321 -13.62352 18.38401 63.43321 -13.62352 8.71038e-6 63.43321 -10.78081 18.38401 53.78611 -10.78081 8.71038e-6 53.78611 -10.78081 18.38401 50.88571 -10.78081 18.38401 50.88571 -10.78081 8.71038e-6 50.88571 -10.78081 8.71038e-6 50.88571 -10.28192 18.38401 50.45801 -10.28192 8.71038e-6 50.45801 -10.28192 18.38401 46.70211 -10.28192 8.71038e-6 46.70211 -10.78081 18.38401 46.27431 -10.78081 8.71038e-6 46.27431 -15.07471 13.12121 17.24511 -11.67821 6.306378 14.19081 -11.48402 6.760629 14.02851 -8.437718 13.12121 11.48311 -4.936115 13.12121 8.723313 -4.936115 13.12121 8.723313 -4.936115 8.71038e-6 8.723313 -4.936115 8.71038e-6 8.723313 -8.437718 8.71038e-6 11.48311 -0.5143166 8.71038e-6 20.96581 2.961884 8.71038e-6 18.35191 2.961884 13.12121 18.35191 11.90618 14.91911 16.55161 14.21989 14.91911 19.87151 16.53298 14.91911 16.55241 16.76238 14.91911 16.55241 16.76238 14.91911 17.02261 17.97498 14.91911 17.02261 17.97498 14.91911 16.55231 18.20409 14.91911 16.55241 20.51718 14.91911 19.87151 20.51718 14.91911 16.55241 -4.323414 1.537079 -21.93329 1.321083 26.32401 -60.01429 8.549286 17.67861 -38.18629 1.321083 8.71038e-6 -60.01429 13.39208 18.23621 -60.01429 20.51718 21.68621 -60.01429 20.51718 26.32401 -60.01429 14.32138 18.23621 -60.01429 14.32138 8.71038e-6 -60.01429 -9.539017 0.2760087 -30.98559 -8.625317 0.2760087 -30.56299 -8.625317 0.2760087 -30.56299 -8.625317 0.5553377 -30.56299 -10.73552 0.2760087 -26.00098 -10.73552 0.2760087 -26.00098 -10.73552 0.5553377 -26.00098 -11.64912 0.2760087 -26.42358 -12.06892 8.71038e-6 -25.51599 -12.06892 1.537079 -25.51599 -4.323414 8.71038e-6 -21.93329 -5.884315 1.229789 -29.29509 -5.884315 1.229789 -29.29509 -7.711616 0.7936667 -30.14029 -7.711616 0.7936667 -30.14029 -7.711616 0.5553377 -30.14029 -9.821816 0.5553377 -25.57839 -9.821816 0.7936667 -25.57839 -9.821816 0.7936667 -25.57839 -8.908116 0.7936667 -25.15579 -7.994415 1.229789 -24.73309 -7.994415 1.229789 -24.73309 -7.080814 1.229789 -24.31049 -4.970615 1.229789 -28.87249 -7.994415 1.021969 -24.73309 -5.884315 1.021969 -29.29509 -6.798016 0.7936667 -29.71769 -3.858314 8.71038e-6 10.01321 -3.858314 13.12121 10.01321 -0.5143166 13.12121 20.96581 -0.6216164 6.306378 21.05551 -0.8159142 6.760629 21.21771 -3.560715 6.760629 23.51121 -3.754917 6.306378 23.67351 -8.739216 6.760629 11.73501 -8.544915 6.306378 11.57271 -10.78081 12.06061 61.72563 -10.78081 11.73941 42.94621 -10.78081 11.73941 42.94621 -10.78081 11.73941 61.72563 -10.78081 12.06061 42.94621 -10.78081 12.06061 42.94621 -6.577114 12.06061 61.72563 -6.577114 12.06061 42.94621 -6.577114 12.06061 42.94621 -6.577114 11.73941 42.94621 -6.577114 11.73941 42.94621 -6.577114 11.73941 61.72563 -6.727116 8.71038e-6 61.57563 -6.727116 11.73941 61.57563 -8.227116 8.71038e-6 61.57563 -8.227116 11.73941 61.57563 -8.227116 8.71038e-6 54.41581 -8.227116 11.73941 54.41581 -8.227116 8.71038e-6 55.91581 -8.227116 11.73941 55.91581 -6.727116 8.71038e-6 44.59621 -6.727116 11.73941 43.09621 -6.727116 11.73941 44.59621 -6.727116 8.71038e-6 43.09621 -8.227116 8.71038e-6 43.09621 -8.227116 11.73941 43.09621 -8.227116 8.71038e-6 44.59621 -8.227116 11.73941 44.59621 -30.54672 13.12121 61.72563 -47.47002 16.47441 52.33591 -56.83348 13.12121 61.72563 -30.54672 16.47441 52.33591 -31.15152 18.38401 64.66268 -31.15152 18.80201 64.66268 -31.15152 18.80201 41.86041 -31.15152 18.38401 41.86041 -17.81332 13.62371 20.06171 -20.26942 13.62371 23.12781 -28.33702 13.62371 35.73871 -28.84612 13.62371 39.63411 -28.84612 13.12121 39.63411 -28.33702 13.12121 35.73871 -20.26942 13.12121 23.12781 -17.81332 13.12121 20.06171 3.604683 13.62371 6.440411 3.604683 13.12121 6.440411 8.315384 13.12121 6.440411 8.315384 13.62371 6.440411 -3.770317 13.62371 9.484612 -4.877514 13.62371 8.159512 -4.877514 13.12121 8.159512 -3.770317 13.12121 9.484612 -3.597015 13.12121 24.07121 -3.597015 13.62371 24.07121 -0.2617149 13.12121 21.28441 -0.2617149 13.62371 21.28441 -0.5143166 13.62371 20.96581 -3.862217 13.62371 23.76311 -9.524716 13.62371 29.40881 -11.64661 13.62371 32.50781 -11.64661 13.12121 32.50781 -9.524716 13.12121 29.40881 -3.862217 13.12121 23.76311 -0.5143166 13.12121 20.96581 -4.465218 15.49451 16.72241 -7.186714 13.12121 12.97301 -7.289116 15.49451 18.94301 -10.29102 13.12121 15.41411 -16.64182 15.49451 29.78221 -20.57232 13.12121 27.32961 -18.42482 15.49451 32.90091 -22.53242 13.12121 30.75791 -19.96272 15.49451 36.14751 -24.22302 13.12121 34.32691 -21.24622 15.49451 39.50281 -25.63392 13.12121 38.01531 10.81589 18.41461 -38.18629 10.81589 18.41461 -37.24929 8.549286 17.67861 -37.24929 56.60748 17.78241 -9.72519 56.60748 17.67861 -9.72519 55.94649 17.78241 -8.12819 55.94649 17.67861 -8.12819 54.89448 17.78241 -6.75679 54.89448 17.67861 -6.75679 53.52248 17.67861 -5.70459 53.52248 17.78241 -5.70459 48.49848 17.78241 -5.043091 46.90148 17.78241 -5.70459 44.47748 17.78241 -8.12819 43.81648 17.78241 -9.72519 43.59048 17.78241 -11.43889 43.81648 17.78241 -13.15269 44.47748 17.78241 -14.74969 48.49848 17.78241 -17.83479 50.21149 17.78241 -18.06039 50.21149 17.67861 -18.06039 48.49848 17.67861 -17.83479 44.47748 17.67861 -14.74969 43.81648 17.67861 -13.15269 43.59048 17.67861 -11.43889 43.81648 17.67861 -9.72519 44.47748 17.67861 -8.12819 46.90148 17.67861 -5.70459 48.49848 17.67861 -5.043091 52.81448 8.71038e-6 -16.61059 52.81448 17.67861 -16.61059 54.06448 8.71038e-6 -15.76079 54.06448 17.67861 -15.76079 47.60948 8.71038e-6 -6.267189 47.60948 17.67861 -6.267189 46.35948 8.71038e-6 -7.117088 46.35948 17.67861 -7.117088 20.51718 26.67861 -37.63128 0.7657852 26.67861 -37.63128 1.321083 26.67861 -38.18628 0.7657852 26.67861 -60.56927 1.321083 26.67861 -60.01428 20.51718 26.67861 -60.56927 20.51718 26.67861 -60.01428 20.51718 26.67861 -38.18628 -30.54672 13.12121 42.94621 -15.66822 13.12121 42.94621 -11.64661 8.71038e-6 32.50782 -11.64661 13.12121 32.50782 -9.524716 8.71038e-6 29.40882 -9.524716 13.12121 29.40882 -3.862217 5.805528 23.76312 -11.78551 5.805528 14.28041 -28.84612 13.12121 42.94621 -30.97452 13.12121 42.94621 -37.62991 13.12121 43.29241 -37.62991 8.71038e-6 43.29241 -37.62991 8.71038e-6 42.94621 -37.62991 13.12121 42.94621 -41.38512 8.71038e-6 42.94621 -41.38512 13.12121 42.94621 -42.23991 8.71401e-6 42.94621 -42.23991 13.12121 42.94621 -42.23991 13.12121 43.29241 -42.23991 8.71038e-6 43.29241 -45.14022 13.12121 43.29241 -45.14022 8.71038e-6 43.29241 -45.14022 8.71038e-6 42.94621 -45.14022 13.12121 42.94621 -45.99512 8.71401e-6 42.94621 -45.99512 13.12121 42.94621 -45.99512 13.12121 43.29241 -45.99512 8.71038e-6 43.29241 -48.89542 13.12121 43.29241 -48.89542 8.71038e-6 43.29241 -56.4057 13.12121 43.29241 -56.4057 8.71038e-6 43.29241 -56.4057 8.71038e-6 42.94621 -56.4057 13.12121 42.94621 -56.48733 13.12121 47.12991 -56.48733 8.71038e-6 47.12991 -56.48731 13.12121 50.03021 -56.48731 8.71038e-6 50.03021 -56.83348 13.12121 61.72563 -56.83348 8.71401e-6 61.72563 -56.4057 13.12121 61.72563 -56.4057 8.71401e-6 61.72563 -49.75021 13.12121 61.37947 -49.75021 8.71038e-6 61.37947 -49.75021 13.12121 61.72563 -49.75021 8.71401e-6 61.72563 -48.89542 13.12121 61.72563 -48.89542 8.71038e-6 61.72563 -48.89542 8.71038e-6 61.37947 -48.89542 13.12121 61.37947 -34.72961 13.12121 61.37947 -34.72961 8.71038e-6 61.37947 -34.72961 13.12121 61.72563 -34.72961 8.71401e-6 61.72563 -30.97452 13.12121 61.37947 -30.97452 8.71038e-6 61.37947 -30.97452 13.12121 61.72563 -30.97452 8.71401e-6 61.72563 -30.54672 8.71038e-6 63.43321 -30.54672 18.38401 63.43321 -30.07442 18.38401 63.43321 -30.07442 18.38401 63.43321 -30.07442 8.71038e-6 63.43321 -28.24302 18.38401 64.82923 -28.24302 18.38401 64.82923 -26.41152 18.38401 63.43321 -26.41152 18.38401 63.43321 -26.41152 8.71038e-6 63.43321 -25.93922 18.38401 63.43321 -25.93922 8.71038e-6 63.43321 -10.78081 8.71038e-6 61.72563 -10.78081 18.38401 61.72563 -10.78081 18.38401 58.39751 -10.78081 18.38401 58.39751 -10.78081 8.71038e-6 58.39751 -10.28192 18.38401 57.96975 -10.28192 18.38401 57.96975 -10.28192 18.38401 57.96975 -10.78081 18.38401 57.54201 -10.78081 18.38401 50.88571 -10.28192 18.38401 50.45801 -10.28192 18.38401 50.45801 -10.28192 18.38401 50.45801 -10.28192 18.38401 50.45801 -10.28192 8.71038e-6 50.45801 -10.78081 18.38401 50.03021 -10.78081 18.38401 50.03021 -10.78081 8.71038e-6 50.03021 -10.78081 18.38401 47.12991 -10.28192 18.38401 46.70211 -10.28192 18.38401 46.70211 -10.28192 18.38401 46.70211 -10.78081 18.38401 46.27431 -10.53131 18.38401 46.48821 -10.53131 18.38401 46.48821 -10.53131 18.38401 46.91601 -10.53131 18.38401 46.91601 -10.53131 18.38401 50.24411 -10.53131 18.38401 50.24411 -10.53131 18.38401 50.67191 -10.53131 18.38401 50.67191 -10.53131 18.38401 57.75586 -10.53131 18.38401 57.75586 -10.53131 18.38401 58.18363 -10.53131 18.38401 58.18363 -27.84482 18.38401 64.52574 -27.84482 18.38401 64.52574 -28.64112 18.38401 64.52574 -11.67821 6.306378 14.19081 -10.11161 7.674058 12.88172 -8.437718 13.12121 11.48312 -8.437718 5.805528 11.48312 -8.437718 8.71038e-6 11.48312 -0.5143166 5.805528 20.96582 -0.5143166 8.71038e-6 20.96582 2.961884 8.71038e-6 18.35192 2.961884 13.12121 18.35192 6.297287 13.12121 16.55162 6.297287 13.12121 16.55162 6.297287 8.71038e-6 16.55162 8.701287 13.12121 16.55162 8.701287 13.12121 17.02282 11.52029 13.12121 17.02282 11.52029 13.12121 16.55162 11.90618 14.91911 16.55162 11.90618 8.71038e-6 16.55162 14.21989 8.71038e-6 19.87152 14.21989 14.91911 19.87152 16.53298 14.91911 16.55242 16.53298 8.71038e-6 16.55242 16.76238 14.91911 16.55242 16.76238 8.71038e-6 16.55242 17.97498 14.91911 17.02262 17.97498 8.71038e-6 17.02262 17.97498 14.91911 16.55232 17.97498 8.71038e-6 16.55232 18.20409 14.91911 16.55242 18.20409 8.71038e-6 16.55242 20.51718 8.71038e-6 19.87152 20.51718 14.91911 19.87152 8.315384 17.67861 -4.631477 8.315384 8.71038e-6 -4.631477 -9.177617 8.71038e-6 -11.43888 -9.177617 8.71038e-6 -11.43888 -9.177617 17.67861 -11.43888 -9.177617 17.67861 -11.43888 1.599583 17.67861 -34.73828 -4.323414 1.537079 -21.93328 -1.373615 1.537079 -28.31048 -1.373615 8.71038e-6 -28.31048 1.599583 8.71038e-6 -34.73828 13.39208 18.23621 -60.01428 20.51718 21.68621 -60.01428 13.39208 18.23621 -64.82927 20.51718 18.23621 -64.82927 14.32138 18.23621 -60.01428 14.32138 8.71038e-6 -60.01428 14.32138 18.23621 -64.20128 14.32138 8.71038e-6 -64.20128 -4.323414 8.71038e-6 -21.93328 -6.798016 1.021969 -29.71768 -8.908116 1.021969 -25.15578 -7.994415 1.021969 -24.73308 -5.884315 1.021969 -29.29508 -1.792015 7.612818 22.03342 -2.188316 7.674058 22.36452 -3.754917 6.306378 23.67352 -9.715317 7.612818 12.55062 -10.78081 12.06061 61.72563 -10.78081 11.73941 61.72563 -6.577114 12.06061 61.72563 -6.577114 11.73941 61.72563 -6.727116 11.73941 60.07563 -6.727116 8.71038e-6 60.07563 -8.227116 8.71038e-6 60.07563 -8.227116 11.73941 60.07563 -6.727116 8.71038e-6 55.91581 -6.727116 11.73941 54.41581 -6.727116 11.73941 54.41581 -6.727116 11.73941 55.91581 -6.727116 8.71038e-6 54.41581 -6.727116 8.71038e-6 54.41581 -8.227116 8.71038e-6 54.41581 -8.227116 11.73941 54.41581 -6.727116 8.71038e-6 50.25601 -6.727116 11.73941 48.75601 -6.727116 11.73941 50.25601 -6.727116 8.71038e-6 48.75601 -8.227116 8.71038e-6 48.75601 -8.227116 11.73941 48.75601 -8.227116 8.71038e-6 50.25601 -8.227116 11.73941 50.25601 -6.727116 11.73941 48.75601 -6.727116 8.71038e-6 48.75601 -8.227116 8.71038e-6 48.75601 -8.227116 8.71038e-6 48.75601 -8.227116 11.73941 48.75601 -8.227116 11.73941 48.75601 -8.227116 8.71038e-6 50.25601 -8.227116 11.73941 50.25601 -20.76852 20.73511 41.86041 -10.38552 18.80201 41.86041 -10.38552 18.38401 41.86041 -31.15152 18.80201 41.86041 -31.15152 18.38401 41.86041 -24.34212 13.62371 29.29542 -25.43362 13.62371 33.11051 -25.65342 13.62371 32.56621 -26.93902 13.62371 32.43452 -25.65342 13.12121 32.56621 -24.34212 13.12121 29.29542 -26.93902 13.12121 32.43452 -25.43362 13.12121 33.11051 -8.437718 13.62371 11.48312 -4.936115 13.62371 8.723317 -4.936115 13.62371 8.723317 -4.936115 13.12121 8.723317 -4.936115 13.12121 8.723317 -3.858314 13.12121 10.01322 -3.858314 13.62371 10.01322 3.532986 13.62371 6.033916 -0.4957161 13.62371 7.500916 -0.4957161 13.12121 7.500916 3.532986 13.12121 6.033916 -14.48462 13.62371 39.39511 -15.25241 13.62371 42.94621 -13.10002 13.62371 35.96812 -11.30041 13.62371 32.72161 -11.30041 13.62371 32.72161 -11.30041 13.12121 32.72161 -9.203217 13.62371 29.65862 -9.203217 13.62371 29.65862 -9.203217 13.12121 29.65862 -6.757217 13.62371 26.87442 -6.757217 13.62371 26.87442 -6.757217 13.12121 26.87442 -3.597015 13.12121 24.07122 -3.597015 13.62371 24.07122 -3.597015 13.62371 24.07122 -0.2617149 13.62371 21.28442 3.181885 13.62371 18.69512 6.400185 13.62371 16.95802 8.315384 13.62371 16.95662 8.315384 13.62371 16.55012 6.297287 13.62371 16.55162 6.297287 13.62371 16.55162 2.961884 13.62371 18.35192 2.961884 13.62371 18.35192 -0.5143166 13.62371 20.96582 -3.862217 13.62371 23.76312 -7.045814 13.62371 26.58712 -9.524716 13.62371 29.40882 -11.64661 13.62371 32.50782 -13.46751 13.62371 35.79281 -14.87452 13.62371 39.27521 -15.66822 13.62371 42.94621 2.961884 13.12121 18.35192 -3.903816 13.12121 10.77801 -1.478817 15.49451 14.72572 1.652283 15.49451 12.96461 4.909683 15.49451 11.44971 2.957386 13.12121 7.251915 -0.4617157 13.12121 8.842118 -7.289116 15.49451 18.94302 -10.29102 13.12121 15.41412 -9.933815 15.49451 21.37432 -13.19831 13.12121 18.08672 -19.96272 15.49451 36.14751 -21.24622 15.49451 39.50281 -16.94592 13.12121 40.96072 -15.78732 13.12121 37.93191 20.51718 23.75951 6.362217 6.973183 17.67861 -4.957977 7.476387 17.67861 -4.957977 8.340287 17.78281 -4.764084 8.870087 17.78281 -4.764084 20.51718 21.56431 2.275619 -0.5297165 17.33171 -35.23628 1.299885 18.41461 -35.90928 2.842983 18.41461 -35.19528 1.013283 17.33171 -34.52328 55.94649 17.78241 -8.128182 55.94649 17.67861 -8.128182 54.89448 17.78241 -6.756783 54.89448 17.67861 -6.756783 45.52949 17.78241 -6.756783 44.47748 17.78241 -8.128182 43.81648 17.78241 -9.725182 43.59048 17.78241 -11.43888 44.47748 17.78241 -14.74968 45.52949 17.78241 -16.12098 50.21149 17.78241 -18.06038 50.21149 17.67861 -18.06038 45.52949 17.67861 -16.12098 44.47748 17.67861 -14.74968 43.59048 17.67861 -11.43888 43.81648 17.67861 -9.725182 44.47748 17.67861 -8.128182 45.52949 17.67861 -6.756783 51.92548 17.67861 -17.83478 51.92548 17.78241 -17.83478 44.54248 17.67861 -12.61438 44.54248 8.71038e-6 -12.61438 45.04048 17.67861 -14.04168 45.04048 8.71038e-6 -14.04168 45.89049 17.67861 -15.29148 45.89049 8.71038e-6 -15.29148 48.39548 8.71038e-6 -16.93628 48.39548 17.67861 -16.93628 49.88048 8.71038e-6 -17.21908 49.88048 17.67861 -17.21908 55.99248 17.67861 -11.77068 55.99248 8.71038e-6 -11.77068 55.88148 17.67861 -10.26338 55.88148 8.71038e-6 -10.26338 55.38348 17.67861 -8.836182 55.38348 8.71038e-6 -8.836182 53.38948 8.71038e-6 -6.598984 53.38948 17.67861 -6.598984 52.02848 8.71038e-6 -5.941483 52.02848 17.67861 -5.941483 50.54349 8.71038e-6 -5.658684 50.54349 17.67861 -5.658684 49.03648 8.71038e-6 -5.769783 49.03648 17.67861 -5.769783 47.60948 8.71038e-6 -6.267181 47.60948 17.67861 -6.267181 -30.54672 18.38401 42.94621 -30.54672 13.12121 61.72563 -30.54672 13.12121 61.72563 -30.54672 18.38401 61.72563 -30.54672 13.12121 42.94621 -10.78081 18.38401 42.94621 -10.78081 8.71038e-6 42.94621 -3.862217 5.805528 23.76312 -17.81332 13.12121 20.06172 -17.81332 8.71038e-6 20.06172 -20.26942 13.12121 23.12782 -20.26942 8.71038e-6 23.12782 -22.17992 13.12121 25.96822 -22.17992 8.71038e-6 25.96822 -28.84612 13.12121 42.94621 -28.84612 8.71038e-6 42.94621 -30.97452 13.12121 42.94621 -30.97452 8.71038e-6 42.94621 -34.72961 13.12121 43.29241 -34.72961 8.71038e-6 43.29241 -37.62991 13.12121 43.29241 -37.62991 8.71038e-6 43.29241 -38.48482 13.12121 43.29241 -38.48482 8.71038e-6 43.29241 -41.38512 13.12121 43.29241 -41.38512 8.71038e-6 43.29241 -45.14022 13.12121 43.29241 -45.14022 8.71038e-6 43.29241 -45.14022 8.71038e-6 42.94621 -45.14022 13.12121 42.94621 -52.65055 13.12121 43.29241 -52.65055 8.71038e-6 43.29241 -52.65055 8.71038e-6 42.94621 -52.65055 8.71038e-6 42.94621 -52.65055 13.12121 42.94621 -52.65055 13.12121 42.94621 -53.50537 8.71401e-6 42.94621 -53.50537 8.71401e-6 42.94621 -53.50537 13.12121 42.94621 -53.50537 13.12121 42.94621 -53.50537 13.12121 43.29241 -53.50537 8.71038e-6 43.29241 -56.83348 13.12121 42.94621 -56.83348 8.71038e-6 42.94621 -56.83348 13.12121 43.37401 -56.83348 8.71038e-6 43.37401 -56.48733 13.12121 43.37401 -56.48733 8.71038e-6 43.37401 -56.48733 13.12121 46.27431 -56.48733 13.12121 46.27431 -56.48733 8.71038e-6 46.27431 -56.48733 8.71038e-6 46.27431 -56.83348 8.71401e-6 46.27431 -56.83348 13.12121 46.27431 -56.83348 13.12121 47.12991 -56.83348 8.71038e-6 47.12991 -56.48733 13.12121 47.12991 -56.48733 8.71038e-6 47.12991 -56.83348 8.71401e-6 50.03021 -56.83348 13.12121 50.03021 -56.83348 13.12121 50.88571 -56.83348 8.71038e-6 50.88571 -56.48731 13.12121 53.78611 -56.48731 8.71038e-6 53.78611 -56.83348 8.71401e-6 53.78611 -56.83348 13.12121 53.78611 -56.83348 13.12121 54.64161 -56.83348 8.71038e-6 54.64161 -56.48731 13.12121 54.64161 -56.48731 8.71038e-6 54.64161 -56.48731 13.12121 57.54201 -56.48731 8.71038e-6 57.54201 -56.83348 8.71401e-6 57.54201 -56.83348 13.12121 57.54201 -56.48731 13.12121 61.29786 -56.48731 8.71038e-6 61.29786 -56.83348 8.71401e-6 61.29786 -56.83348 8.71401e-6 61.29786 -56.83348 13.12121 61.29786 -56.83348 13.12121 61.29786 -56.83348 13.12121 61.72563 -56.83348 8.71401e-6 61.72563 -52.65055 13.12121 61.72563 -52.65055 8.71038e-6 61.72563 -52.65055 8.71038e-6 61.37947 -52.65055 8.71038e-6 61.37947 -52.65055 13.12121 61.37947 -52.65055 13.12121 61.37947 -49.75021 13.12121 61.37947 -49.75021 8.71038e-6 61.37947 -45.99512 13.12121 61.72563 -45.99512 8.71401e-6 61.72563 -45.14022 13.12121 61.72563 -45.14022 8.71038e-6 61.72563 -41.38512 8.71038e-6 61.37947 -41.38512 13.12121 61.37947 -38.48482 13.12121 61.37947 -38.48482 8.71038e-6 61.37947 -38.48482 13.12121 61.72563 -38.48482 8.71401e-6 61.72563 -37.62991 13.12121 61.72563 -37.62991 8.71038e-6 61.72563 -30.97452 13.12121 61.72563 -30.97452 8.71401e-6 61.72563 -30.54672 8.71401e-6 61.72563 -30.07442 18.38401 63.43321 -30.07442 8.71038e-6 63.43321 -28.24302 18.38401 64.82923 -28.24302 8.71038e-6 64.82923 -25.93922 18.38401 63.43321 -25.93922 8.71038e-6 63.43321 -25.93922 18.38401 61.72563 -25.93922 18.38401 61.72563 -25.93922 8.71038e-6 61.72563 -25.93922 8.71038e-6 61.72563 -18.23101 18.38401 61.72563 -18.23101 18.38401 61.72563 -18.23101 8.71038e-6 61.72563 -18.23101 8.71038e-6 61.72563 -18.23101 8.71038e-6 63.43321 -18.23101 18.38401 63.43321 -13.62352 18.38401 63.43321 -13.62352 8.71038e-6 63.43321 -13.62352 18.38401 61.72563 -13.62352 18.38401 61.72563 -13.62352 8.71038e-6 61.72563 -13.62352 8.71038e-6 61.72563 -10.78081 8.71038e-6 61.72563 -10.78081 18.38401 61.72563 -10.78081 18.38401 58.39751 -10.78081 8.71038e-6 58.39751 -10.28192 18.38401 57.96975 -10.28192 8.71038e-6 57.96975 -10.78081 18.38401 57.54201 -10.78081 8.71038e-6 57.54201 -10.78081 18.38401 54.64161 -10.78081 18.38401 54.64161 -10.78081 8.71038e-6 54.64161 -10.78081 8.71038e-6 54.64161 -10.28192 18.38401 54.21391 -10.28192 8.71038e-6 54.21391 -10.78081 18.38401 46.27431 -10.78081 8.71038e-6 46.27431 -0.5143166 5.805528 20.96582 6.297287 13.12121 16.55162 11.52029 13.12121 17.02282 11.52029 8.71038e-6 17.02282 11.52029 13.12121 16.55162 11.52029 8.71038e-6 16.55162 14.21989 8.71038e-6 19.87152 14.21989 14.91911 19.87152 16.53298 14.91911 16.55242 16.53298 8.71038e-6 16.55242 16.76238 8.71038e-6 17.02262 16.76238 14.91911 17.02262 17.97498 14.91911 17.02262 17.97498 8.71038e-6 17.02262 8.315384 13.12121 6.440414 8.315384 8.71038e-6 6.440414 1.599583 17.67861 -34.73828 -1.373615 1.537079 -28.31048 -1.373615 8.71038e-6 -28.31048 1.599583 8.71038e-6 -34.73828 0.05648422 8.71038e-6 -35.45228 0.05648422 17.67861 -35.45228 1.321083 8.71038e-6 -38.18628 1.321083 26.32401 -60.01428 1.321083 26.32401 -38.18628 8.549286 17.67861 -38.18628 1.321083 8.71038e-6 -60.01428 14.32138 18.23621 -64.20128 14.32138 8.71038e-6 -64.20128 20.51718 8.71038e-6 -64.20128 20.51718 18.23621 -64.20128 -9.119217 1.537079 -31.89318 -9.119217 1.537079 -31.89318 -9.119217 8.71038e-6 -31.89318 -9.119217 8.71038e-6 -31.89318 -9.539017 0.2760087 -30.98558 -9.539017 0.2760087 -30.98558 -9.539017 1.537079 -30.98558 -9.539017 1.537079 -30.98558 -8.625317 0.2760087 -30.56298 -8.625317 0.5553377 -30.56298 -10.73552 0.2760087 -26.00098 -10.73552 0.5553377 -26.00098 -11.64912 1.537079 -26.42358 -11.64912 0.2760087 -26.42358 -11.64912 0.2760087 -26.42358 -11.64912 8.71038e-6 -26.42358 -7.080814 1.537079 -24.31048 -4.970615 1.537079 -28.87248 -5.884315 1.229789 -29.29508 -6.798016 1.021969 -29.71768 -7.711616 0.7936667 -30.14028 -7.711616 0.5553377 -30.14028 -9.821816 0.5553377 -25.57838 -9.821816 0.7936667 -25.57838 -8.908116 0.7936667 -25.15578 -8.908116 1.021969 -25.15578 -7.994415 1.229789 -24.73308 -7.080814 1.229789 -24.31048 -4.970615 1.229789 -28.87248 -7.994415 1.021969 -24.73308 -5.884315 1.021969 -29.29508 -6.798016 0.7936667 -29.71768 3.604683 8.71038e-6 6.440414 -0.3191147 13.12121 7.869217 -0.3191147 8.71038e-6 7.869217 -3.858314 8.71038e-6 10.01322 -3.858314 13.12121 10.01322 3.604683 13.12121 6.440414 -0.5143166 13.12121 20.96582 -0.6216164 6.306378 21.05552 -0.8159142 6.760628 21.21772 -1.086216 7.143068 21.44362 -1.417717 7.432488 21.72062 -1.417717 7.432488 21.72062 -1.792015 7.612818 22.03342 -1.792015 7.612818 22.03342 -2.188316 7.674058 22.36452 -3.862217 13.12121 23.76312 -2.584515 7.612818 22.69562 -2.958817 7.432488 23.00832 -3.290318 7.143068 23.28532 -3.560715 6.760628 23.51122 -3.754917 6.306378 23.67352 -9.715317 7.612818 12.55062 -9.341015 7.432488 12.23791 -6.727116 8.71038e-6 61.57563 -6.727116 11.73941 60.07563 -6.727116 11.73941 61.57563 -6.727116 8.71038e-6 60.07563 -6.727116 8.71038e-6 44.59621 -6.727116 11.73941 44.59621 -8.227116 8.71038e-6 44.59621 -8.227116 11.73941 44.59621 -6.727116 8.71038e-6 50.25601 -6.727116 8.71038e-6 50.25601 -6.727116 11.73941 48.75601 -6.727116 11.73941 50.25601 -6.727116 11.73941 50.25601 -6.727116 8.71038e-6 48.75601 -8.227116 8.71038e-6 50.25601 -8.227116 11.73941 50.25601 -47.47002 16.47441 52.33591 -56.83348 13.12121 61.72563 -56.83348 13.12121 42.94621 -10.38552 18.80201 64.66268 -31.15152 18.38401 64.66268 -10.38552 18.38401 64.66268 -31.15152 18.80201 64.66268 -20.76852 20.73511 64.66268 -12.05202 13.12121 13.97342 -12.05202 13.62371 13.97342 -28.84612 13.62371 39.63411 -29.25262 13.62371 39.60761 -28.84612 13.62371 42.94621 -29.25262 13.62371 42.94621 -29.25262 13.12121 42.94621 -29.25262 13.12121 39.60761 -28.84612 13.12121 42.94621 -28.84612 13.12121 39.63411 -3.858314 13.12121 10.01322 -3.858314 13.62371 10.01322 -0.3191147 13.62371 7.869217 -0.3191147 13.12121 7.869217 3.604683 13.62371 6.440414 3.604683 13.12121 6.440414 -4.877514 13.62371 8.159516 -8.693818 13.62371 11.16742 -8.693818 13.12121 11.16742 -4.877514 13.12121 8.159516 6.400185 13.12121 16.95802 6.400185 13.62371 16.95802 8.315384 13.12121 16.95662 8.315384 13.62371 16.95662 8.315384 13.62371 16.55012 6.297287 13.62371 16.55162 2.961884 13.62371 18.35192 -0.5143166 13.62371 20.96582 -3.862217 13.62371 23.76312 -7.045814 13.62371 26.58712 -7.045814 13.62371 26.58712 -9.524716 13.62371 29.40882 -9.524716 13.12121 29.40882 -7.045814 13.12121 26.58712 -7.045814 13.12121 26.58712 -3.862217 13.12121 23.76312 -0.5143166 13.12121 20.96582 2.961884 13.12121 18.35192 8.315384 13.12121 16.55012 -4.465218 15.49451 16.72242 -3.903816 13.12121 10.77801 -7.186714 13.12121 12.97301 -1.478817 15.49451 14.72572 -1.478817 15.49451 14.72572 0.8977852 13.12121 18.59472 1.652283 15.49451 12.96461 3.724186 13.12121 17.00502 4.909683 15.49451 11.44971 6.823082 13.12121 15.56382 -9.933815 15.49451 21.37432 -13.19831 13.12121 18.08672 -12.38362 15.49451 24.00182 -15.89141 13.12121 20.97512 -14.62411 15.49451 26.81002 -18.35432 13.12121 24.06222 -21.24622 15.49451 39.50281 -25.63392 13.12121 38.01531 -22.27021 15.49321 42.94621 -26.70622 13.12121 41.63042 -22.26752 15.49451 42.94621 10.81589 18.41461 -37.24928 8.549286 17.67861 -37.24928 8.549286 17.67861 -37.24928 1.321083 17.67861 -38.18628 0.8878861 17.67861 -37.24928 0.8878861 17.67861 -37.24928 1.919884 18.41461 -37.24928 50.21149 17.78241 -4.817383 48.49848 17.78241 -5.043083 45.52949 17.78241 -16.12098 46.90148 17.78241 -17.17328 46.90148 17.67861 -17.17328 45.52949 17.67861 -16.12098 48.49848 17.67861 -5.043083 50.21149 17.67861 -4.817383 44.71448 17.67861 -9.622384 45.37248 8.71038e-6 -8.261483 45.37248 17.67861 -8.261483 44.71448 8.71038e-6 -9.622384 44.43149 17.67861 -11.10708 44.43149 8.71038e-6 -11.10708 49.88048 8.71038e-6 -17.21908 49.88048 17.67861 -17.21908 51.38748 8.71038e-6 -17.10808 51.38748 17.67861 -17.10808 52.81448 8.71038e-6 -16.61058 52.81448 17.67861 -16.61058 54.06448 8.71038e-6 -15.76078 54.06448 17.67861 -15.76078 55.05148 17.67861 -14.61638 55.05148 8.71038e-6 -14.61638 46.35948 8.71038e-6 -7.117081 46.35948 17.67861 -7.117081 0.7657852 26.67861 -60.56927 20.51718 26.67861 -60.56927 20.51718 26.32401 -60.56927 0.7657852 26.32401 -60.56927 -30.54672 18.38401 42.94621 -30.54672 13.12121 42.94621 -10.78081 18.38401 42.94621 -15.66822 13.12121 42.94621 -10.78081 8.71038e-6 42.94621 -15.66822 8.71038e-6 42.94621 -14.87452 8.71038e-6 39.27521 -14.87452 13.12121 39.27521 -13.46751 8.71038e-6 35.79281 -13.46751 13.12121 35.79281 -11.64661 8.71038e-6 32.50782 -11.64661 13.12121 32.50782 -26.93902 13.12121 32.43452 -26.93902 8.71038e-6 32.43452 -28.33702 13.12121 35.73871 -28.33702 8.71038e-6 35.73871 -28.84612 13.12121 39.63411 -28.84612 8.71038e-6 39.63411 -30.97452 13.12121 42.94621 -30.97452 8.71038e-6 42.94621 -30.97452 13.12121 43.29241 -30.97452 13.12121 43.29241 -30.97452 8.71038e-6 43.29241 -30.97452 8.71038e-6 43.29241 -33.87482 13.12121 43.29241 -33.87482 8.71038e-6 43.29241 -33.87482 8.71038e-6 42.94621 -33.87482 13.12121 42.94621 -34.72961 8.71401e-6 42.94621 -34.72961 13.12121 42.94621 -45.99512 8.71401e-6 42.94621 -45.99512 13.12121 42.94621 -45.99512 13.12121 43.29241 -45.99512 8.71038e-6 43.29241 -49.75021 13.12121 43.29241 -49.75021 8.71038e-6 43.29241 -52.65055 13.12121 43.29241 -52.65055 8.71038e-6 43.29241 -56.48731 13.12121 50.03021 -56.48731 8.71038e-6 50.03021 -56.83348 8.71401e-6 50.03021 -56.83348 13.12121 50.03021 -56.48731 13.12121 58.39751 -56.48731 8.71038e-6 58.39751 -56.48731 13.12121 61.29786 -56.48731 8.71038e-6 61.29786 -53.50537 13.12121 61.72563 -53.50537 8.71401e-6 61.72563 -52.65055 13.12121 61.72563 -52.65055 8.71038e-6 61.72563 -45.14022 8.71038e-6 61.37947 -45.14022 13.12121 61.37947 -42.23991 13.12121 61.37947 -42.23991 8.71038e-6 61.37947 -37.62991 13.12121 61.72563 -37.62991 8.71038e-6 61.72563 -37.62991 8.71038e-6 61.37947 -37.62991 13.12121 61.37947 -34.72961 13.12121 61.72563 -34.72961 8.71401e-6 61.72563 -33.87482 13.12121 61.72563 -33.87482 8.71038e-6 61.72563 -15.92731 18.38401 64.82923 -15.92731 8.71038e-6 64.82923 -14.09582 18.38401 63.43321 -14.09582 8.71038e-6 63.43321 -10.28192 18.38401 57.96975 -10.28192 8.71038e-6 57.96975 -10.78081 18.38401 57.54201 -10.78081 8.71038e-6 57.54201 -10.78081 18.38401 54.64161 -10.28192 18.38401 54.21391 -10.78081 18.38401 50.03021 -10.78081 8.71038e-6 50.03021 -10.78081 18.38401 47.12991 -10.78081 18.38401 47.12991 -10.78081 8.71038e-6 47.12991 -10.78081 8.71038e-6 47.12991 -10.28192 18.38401 46.70211 -10.28192 8.71038e-6 46.70211 -10.53131 18.38401 54.00001 -10.53131 18.38401 54.42771 -10.50782 7.612818 13.21281 -10.11161 7.674058 12.88172 -8.437718 13.12121 11.48312 8.701287 13.12121 16.55162 8.701287 13.12121 16.55162 8.701287 8.71038e-6 16.55162 8.701287 8.71038e-6 17.02282 8.701287 8.71038e-6 17.02282 8.701287 13.12121 17.02282 8.701287 13.12121 17.02282 11.52029 13.12121 17.02282 11.52029 8.71038e-6 17.02282 11.52029 13.12121 16.55162 11.52029 8.71038e-6 16.55162 11.90618 14.91911 16.55162 11.90618 8.71038e-6 16.55162 16.76238 14.91911 16.55242 16.76238 8.71038e-6 16.55242 16.76238 8.71038e-6 17.02262 16.76238 14.91911 17.02262 17.97498 14.91911 16.55232 17.97498 8.71038e-6 16.55232 18.20409 14.91911 16.55242 18.20409 8.71038e-6 16.55242 20.51718 14.91911 16.55242 8.315384 17.67861 16.55012 8.315384 17.67861 16.55012 8.315384 13.12121 16.55012 8.315384 17.67861 -4.631477 8.315384 13.12121 6.440414 8.315384 8.71038e-6 6.440414 8.315384 8.71038e-6 -4.631477 -4.323414 1.537079 -21.93328 -1.373615 1.537079 -28.31048 0.05648422 8.71038e-6 -35.45228 0.05648422 17.67861 -35.45228 1.321083 17.67861 -38.18628 1.321083 8.71038e-6 -38.18628 -9.119217 1.537079 -31.89318 -9.539017 1.537079 -30.98558 -8.625317 0.5553377 -30.56298 -10.73552 0.5553377 -26.00098 -11.64912 1.537079 -26.42358 -11.64912 1.537079 -26.42358 -11.64912 8.71038e-6 -26.42358 -12.06892 8.71038e-6 -25.51598 -12.06892 1.537079 -25.51598 -12.06892 1.537079 -25.51598 -7.080814 1.537079 -24.31048 -7.080814 1.537079 -24.31048 -4.970615 1.537079 -28.87248 -4.970615 1.537079 -28.87248 -7.711616 0.5553377 -30.14028 -9.821816 0.5553377 -25.57838 -7.080814 1.229789 -24.31048 -4.970615 1.229789 -28.87248 3.604683 8.71038e-6 6.440414 -0.3191147 13.12121 7.869217 -0.3191147 8.71038e-6 7.869217 3.604683 13.12121 6.440414 8.315384 13.12121 16.55162 20.51718 17.67861 16.55242 -1.086216 7.143068 21.44362 -1.417717 7.432488 21.72062 -2.188316 7.674058 22.36452 -2.584515 7.612818 22.69562 -9.341015 7.432488 12.23791 -9.009514 7.143068 11.96091 -8.227116 8.71038e-6 60.07563 -8.227116 11.73941 60.07563 -8.227116 8.71038e-6 61.57563 -8.227116 11.73941 61.57563 -6.727116 8.71038e-6 50.25601 -6.727116 11.73941 50.25601 -8.227116 8.71038e-6 50.25601 -8.227116 11.73941 50.25601 -6.727116 11.73941 43.09621 -6.727116 8.71038e-6 43.09621 -8.227116 8.71038e-6 43.09621 -8.227116 11.73941 43.09621 -47.47002 16.47441 52.33591 -30.54672 16.47441 52.33591 -30.54672 13.12121 42.94621 -56.83348 13.12121 42.94621 -28.84612 13.12121 42.94521 -28.33702 13.12121 35.73772 -28.84612 13.12121 39.63311 -15.66822 13.12121 42.94521 -26.93902 13.12121 32.43352 -25.43362 13.12121 33.10951 -23.97182 13.12121 29.46312 -22.17992 13.12121 25.96722 -20.26942 13.12121 23.12682 -17.81332 13.12121 20.06072 -14.87452 13.12121 39.27421 -13.46751 13.12121 35.79182 -11.64661 13.12121 32.50682 -9.524716 13.12121 29.40782 -7.045814 13.12121 26.58612 -7.045814 13.12121 26.58712 -15.07471 13.12121 17.24512 -17.81332 13.12121 20.06172 -11.78551 13.12121 14.28041 -8.437718 13.12121 11.48312 -4.936115 13.12121 8.723317 -3.862217 13.12121 23.76312 -3.858314 13.12121 10.01322 -0.5143166 13.12121 20.96582 -0.3191147 13.12121 7.869217 2.961884 13.12121 18.35192 3.604683 13.12121 6.440414 6.297287 13.12121 16.55162 8.315384 13.12121 6.440414 8.315384 13.12121 16.55012 -18.11832 13.62371 19.79232 -18.11832 13.62371 19.79232 -20.59722 13.12121 22.88682 -20.59722 13.62371 22.88682 -20.59722 13.62371 22.88682 -18.11832 13.12121 19.79232 -15.35682 13.62371 16.95222 -15.35682 13.62371 16.95222 -15.35682 13.12121 16.95222 -12.05202 13.12121 13.97342 -12.05202 13.62371 13.97342 -12.05202 13.62371 13.97342 -15.07471 13.62371 17.24512 -15.07471 13.62371 17.24512 -17.81332 13.62371 20.06172 -20.26942 13.62371 23.12782 -20.26942 13.62371 23.12782 -22.17992 13.62371 25.96822 -22.17992 13.62371 25.96822 -22.53072 13.62371 25.76132 -22.53072 13.62371 25.76132 -23.97182 13.62371 29.46412 -23.97182 13.62371 29.46412 -24.34212 13.62371 29.29542 -24.34212 13.62371 29.29542 -25.43362 13.62371 33.11051 -25.43362 13.62371 33.11051 -25.65342 13.62371 32.56621 -26.93902 13.62371 32.43452 -26.93902 13.62371 32.43452 -27.15152 13.62371 31.89352 -28.33702 13.62371 35.73871 -28.33702 13.62371 35.73871 -28.73292 13.62371 35.63121 -28.73292 13.62371 35.63121 -28.84612 13.62371 39.63411 -29.25262 13.62371 39.60761 -29.25262 13.62371 39.60761 -28.84612 13.62371 42.94621 -29.25262 13.62371 42.94621 -29.25262 13.12121 39.60761 -28.73292 13.12121 35.63121 -24.34212 13.12121 29.29542 -22.53072 13.12121 25.76132 -28.33702 13.12121 35.73871 -26.93902 13.12121 32.43452 -25.43362 13.12121 33.11051 -23.97182 13.12121 29.46412 -22.17992 13.12121 25.96822 -20.26942 13.12121 23.12782 -15.07471 13.12121 17.24512 -11.78551 13.12121 14.28041 -11.78551 13.62371 14.28041 -11.78551 13.62371 14.28041 -8.437718 13.62371 11.48312 -8.437718 13.62371 11.48312 -4.936115 13.62371 8.723317 -3.858314 13.62371 10.01322 -0.3191147 13.62371 7.869217 3.604683 13.62371 6.440414 8.315384 13.62371 6.440414 8.315384 13.62371 6.033916 8.315384 13.62371 6.033916 3.532986 13.62371 6.033916 3.532986 13.62371 6.033916 -0.4957161 13.62371 7.500916 -0.4957161 13.62371 7.500916 -3.770317 13.62371 9.484616 -3.770317 13.62371 9.484616 -4.877514 13.62371 8.159516 -8.693818 13.62371 11.16742 -3.770317 13.12121 9.484616 -0.4957161 13.12121 7.500916 3.532986 13.12121 6.033916 8.315384 13.12121 6.033916 -14.48462 13.62371 39.39511 -14.48462 13.12121 39.39511 -13.10002 13.62371 35.96812 -13.10002 13.12121 35.96812 -11.30041 13.62371 32.72161 -11.30041 13.12121 32.72161 -0.2617149 13.12121 21.28442 -0.2617149 13.62371 21.28442 3.181885 13.12121 18.69512 3.181885 13.62371 18.69512 -11.64661 13.62371 32.50782 -13.46751 13.62371 35.79281 -14.87452 13.62371 39.27521 -14.87452 13.12121 39.27521 -13.46751 13.12121 35.79281 -11.64661 13.12121 32.50782 4.909683 15.49451 11.44971 6.823082 13.12121 15.56382 8.315384 13.12121 15.56382 8.315384 15.49451 11.49602 8.315384 13.12121 6.866417 2.957386 13.12121 7.251915 -14.62411 15.49451 26.81002 -18.35432 13.12121 24.06222 -16.64182 15.49451 29.78222 -20.57232 13.12121 27.32962 -21.24622 15.49451 39.50281 -22.27021 15.49321 42.94621 -22.27021 15.49321 42.94621 -26.70622 13.12121 41.63042 -26.70622 13.12121 42.94621 -22.26752 15.49451 42.94621 -22.26752 15.49451 42.94621 -22.26782 15.49451 42.94691 -17.53492 13.12121 42.94621 -16.94592 13.12121 40.96072 10.81589 18.41461 -5.568184 10.81589 18.41461 -37.24928 1.299885 18.41461 -35.90928 1.919884 18.41461 -37.24928 2.842983 18.41461 -35.19528 8.491288 18.41461 -5.568184 -7.908916 18.41461 -11.95038 56.83348 17.78241 -11.43888 56.60748 17.78241 -9.725182 56.60748 17.78241 -13.15268 56.60748 17.67861 -13.15268 56.83348 17.67861 -11.43888 56.60748 17.67861 -9.725182 53.52248 17.67861 -5.704582 53.52248 17.78241 -5.704582 51.92548 17.78241 -5.043083 50.21149 17.78241 -4.817383 46.90148 17.78241 -5.704582 45.52949 17.78241 -6.756783 45.52949 17.67861 -6.756783 46.90148 17.67861 -5.704582 50.21149 17.67861 -4.817383 51.92548 17.67861 -5.043083 53.52248 17.78241 -17.17328 53.52248 17.67861 -17.17328 54.89448 17.67861 -16.12098 54.89448 17.78241 -16.12098 55.94649 17.78241 -14.74968 55.94649 17.67861 -14.74968 44.43149 17.67861 -11.10708 44.43149 8.71038e-6 -11.10708 44.54248 17.67861 -12.61438 44.54248 8.71038e-6 -12.61438 47.03448 8.71038e-6 -16.27878 47.03448 17.67861 -16.27878 48.39548 8.71038e-6 -16.93628 48.39548 17.67861 -16.93628 55.70949 17.67861 -13.25538 55.70949 8.71038e-6 -13.25538 55.99248 17.67861 -11.77068 55.99248 8.71038e-6 -11.77068 54.53348 17.67861 -7.586281 54.53348 8.71038e-6 -7.586281 53.38948 8.71038e-6 -6.598984 53.38948 17.67861 -6.598984 50.54349 8.71038e-6 -5.658684 50.54349 17.67861 -5.658684 49.03648 8.71038e-6 -5.769783 49.03648 17.67861 -5.769783 -15.66822 13.12121 42.94621 -15.66822 8.71038e-6 42.94621 -14.87452 8.71038e-6 39.27521 -14.87452 13.12121 39.27521 -9.524716 8.71038e-6 29.40882 -9.524716 13.12121 29.40882 -7.045814 8.71038e-6 26.58712 -7.045814 13.12121 26.58712 -3.862217 8.71038e-6 23.76312 -3.862217 8.71038e-6 23.76312 -3.862217 5.805528 23.76312 -3.862217 5.805528 23.76312 -11.78551 8.71038e-6 14.28041 -11.78551 8.71038e-6 14.28041 -11.78551 5.805528 14.28041 -11.78551 5.805528 14.28041 -15.07471 8.71038e-6 17.24512 -23.97182 13.12121 29.46412 -23.97182 8.71038e-6 29.46412 -25.43362 13.12121 33.11051 -25.43362 13.12121 33.11051 -25.43362 8.71038e-6 33.11051 -25.43362 8.71038e-6 33.11051 -26.93902 13.12121 32.43452 -26.93902 8.71038e-6 32.43452 -33.87482 13.12121 43.29241 -33.87482 8.71038e-6 43.29241 -33.87482 8.71038e-6 42.94621 -33.87482 13.12121 42.94621 -56.83348 13.12121 50.88571 -56.83348 8.71038e-6 50.88571 -56.48731 13.12121 50.88571 -56.48731 13.12121 50.88571 -56.48731 8.71038e-6 50.88571 -56.48731 8.71038e-6 50.88571 -56.48731 13.12121 53.78611 -56.48731 8.71038e-6 53.78611 -56.48731 13.12121 54.64161 -56.48731 8.71038e-6 54.64161 -56.48731 13.12121 57.54201 -56.48731 8.71038e-6 57.54201 -56.4057 8.71038e-6 61.37947 -56.4057 13.12121 61.37947 -53.50537 13.12121 61.37947 -53.50537 8.71038e-6 61.37947 -45.14022 13.12121 61.72563 -45.14022 8.71038e-6 61.72563 -45.14022 8.71038e-6 61.37947 -45.14022 13.12121 61.37947 -42.23991 13.12121 61.37947 -42.23991 8.71038e-6 61.37947 -42.23991 13.12121 61.72563 -42.23991 8.71401e-6 61.72563 -28.24302 18.38401 64.82923 -28.24302 8.71038e-6 64.82923 -26.41152 18.38401 63.43321 -26.41152 8.71038e-6 63.43321 -17.75872 18.38401 63.43321 -17.75872 18.38401 63.43321 -17.75872 8.71038e-6 63.43321 -15.92731 18.38401 64.82923 -15.92731 18.38401 64.82923 -15.92731 8.71038e-6 64.82923 -10.28192 18.38401 54.21391 -10.28192 8.71038e-6 54.21391 -10.78081 18.38401 53.78611 -10.78081 8.71038e-6 53.78611 -15.52912 18.38401 64.52574 -16.32542 18.38401 64.52574 -15.07471 13.12121 17.24512 -11.78551 13.12121 14.28041 -11.67821 6.306378 14.19081 -11.48402 6.760628 14.02851 -11.48402 6.760628 14.02851 -11.21362 7.143068 13.80262 -11.21362 7.143068 13.80262 -10.88211 7.432488 13.52562 -10.88211 7.432488 13.52562 -10.50782 7.612818 13.21281 -10.50782 7.612818 13.21281 -10.11161 7.674058 12.88172 -8.437718 13.12121 11.48312 -8.437718 5.805528 11.48312 -8.437718 5.805528 11.48312 -0.5143166 5.805528 20.96582 6.297287 13.12121 16.55162 6.297287 8.71038e-6 16.55162 8.701287 13.12121 16.55162 8.701287 8.71038e-6 16.55162 1.321083 17.67861 -38.18628 1.321083 26.32401 -38.18628 8.549286 17.67861 -38.18628 20.51718 21.56431 -38.18628 20.51718 26.32401 -38.18628 -6.798016 1.021969 -29.71768 -8.908116 0.7936667 -25.15578 -8.908116 1.021969 -25.15578 -6.798016 0.7936667 -29.71768 -0.6216164 6.306378 21.05552 -0.8159142 6.760628 21.21772 -1.086216 7.143068 21.44362 -3.862217 13.12121 23.76312 -2.584515 7.612818 22.69562 -2.958817 7.432488 23.00832 -3.290318 7.143068 23.28532 -3.560715 6.760628 23.51122 -9.715317 7.612818 12.55062 -9.341015 7.432488 12.23791 -9.009514 7.143068 11.96091 -9.009514 7.143068 11.96091 -8.739216 6.760628 11.73502 -8.739216 6.760628 11.73502 -8.544915 6.306378 11.57272 -8.544915 6.306378 11.57272 -10.78081 12.06061 61.72563 -10.78081 12.06061 42.94621 -6.577114 12.06061 61.72563 -6.577114 12.06061 42.94621 -6.727116 8.71038e-6 55.91581 -6.727116 11.73941 55.91581 -8.227116 8.71038e-6 55.91581 -8.227116 11.73941 55.91581 -6.727116 11.73941 48.75601 -6.727116 8.71038e-6 48.75601 -8.227116 8.71038e-6 48.75601 -8.227116 11.73941 48.75601 -10.38552 18.80201 64.66268 -10.38552 18.80201 64.66268 -10.38552 18.38401 64.66268 -31.15152 18.80201 64.66268 -20.76852 20.73511 64.66268 -20.76852 20.73511 41.86041 -10.38552 18.80201 41.86041 -10.38552 18.80201 41.86041 -10.38552 18.38401 41.86041 -31.15152 18.80201 41.86041 -18.11832 13.62371 19.79232 -18.11832 13.12121 19.79232 -15.35682 13.62371 16.95222 -15.35682 13.12121 16.95222 -15.07471 13.62371 17.24512 -17.81332 13.62371 20.06172 -22.17992 13.62371 25.96822 -23.97182 13.62371 29.46412 -25.65342 13.62371 32.56621 -27.15152 13.62371 31.89352 -27.15152 13.62371 31.89352 -28.73292 13.62371 35.63121 -28.73292 13.12121 35.63121 -27.15152 13.12121 31.89352 -27.15152 13.12121 31.89352 -25.65342 13.12121 32.56621 -23.97182 13.12121 29.46412 -22.17992 13.12121 25.96822 -17.81332 13.12121 20.06172 -15.07471 13.12121 17.24512 -15.25241 13.12121 42.94621 -14.48462 13.62371 39.39511 -15.25241 13.62371 42.94621 -14.48462 13.12121 39.39511 -9.203217 13.62371 29.65862 -9.203217 13.12121 29.65862 -6.757217 13.62371 26.87442 -6.757217 13.12121 26.87442 3.181885 13.12121 18.69512 3.181885 13.62371 18.69512 6.400185 13.12121 16.95802 6.400185 13.62371 16.95802 -14.87452 13.62371 39.27521 -15.66822 13.62371 42.94621 -15.66822 13.12121 42.94621 -14.87452 13.12121 39.27521 -4.465218 15.49451 16.72242 -1.478817 15.49451 14.72572 -1.798016 13.12121 20.39722 0.8977852 13.12121 18.59472 -4.347115 13.12121 22.40162 -7.289116 15.49451 18.94302 -9.933815 15.49451 21.37432 -12.38362 15.49451 24.00182 -14.62411 15.49451 26.81002 -16.64182 15.49451 29.78222 -18.42482 15.49451 32.90092 -19.96272 15.49451 36.14751 -15.78732 13.12121 37.93191 -14.39912 13.12121 35.00122 -12.78962 13.12121 32.18601 -10.96822 13.12121 29.50302 -8.945816 13.12121 26.96812 -6.734417 13.12121 24.59632 -22.26752 13.12121 42.94621 -22.26782 13.12121 42.94691 -22.27021 13.12121 42.94621 20.51718 23.75951 6.362217 6.973183 17.67861 17.68232 20.51718 17.67861 17.68232 6.973183 17.67861 -4.957977 8.870087 17.78281 -4.764084 20.51718 21.56431 2.275619 10.81589 18.41461 -5.568184 20.51718 21.56431 -38.18628 10.81589 18.41461 -38.18628 1.038784 17.33171 -38.62828 -0.5297165 17.33171 -35.23628 1.299885 18.41461 -35.90928 1.919884 18.41461 -37.24928 2.842983 18.41461 -35.19528 8.491288 18.41461 -5.568184 -7.908916 18.41461 -11.95038 1.013283 17.33171 -34.52328 -9.775715 17.33171 -11.19778 8.232483 17.33171 -4.189781 8.315384 17.67861 -4.631477 8.549286 17.67861 -4.631477 56.83348 17.78241 -11.43888 56.83348 17.78241 -11.43888 50.21149 20.17341 -11.43888 56.60748 17.78241 -9.725182 56.60748 17.78241 -13.15268 56.60748 17.78241 -13.15268 56.60748 17.67861 -13.15268 56.83348 17.67861 -11.43888 55.94649 17.78241 -8.128182 54.89448 17.78241 -6.756783 53.52248 17.78241 -5.704582 51.92548 17.78241 -5.043083 50.21149 17.78241 -4.817383 48.49848 17.78241 -5.043083 46.90148 17.78241 -5.704582 45.52949 17.78241 -6.756783 44.47748 17.78241 -8.128182 43.81648 17.78241 -9.725182 43.59048 17.78241 -11.43888 43.81648 17.78241 -13.15268 44.47748 17.78241 -14.74968 45.52949 17.78241 -16.12098 46.90148 17.78241 -17.17328 46.90148 17.78241 -17.17328 48.49848 17.78241 -17.83478 48.49848 17.78241 -17.83478 50.21149 17.78241 -18.06038 48.49848 17.67861 -17.83478 46.90148 17.67861 -17.17328 51.92548 17.67861 -17.83478 51.92548 17.78241 -17.83478 51.92548 17.78241 -17.83478 53.52248 17.78241 -17.17328 53.52248 17.78241 -17.17328 53.52248 17.67861 -17.17328 54.89448 17.67861 -16.12098 54.89448 17.78241 -16.12098 54.89448 17.78241 -16.12098 55.94649 17.78241 -14.74968 55.94649 17.78241 -14.74968 55.94649 17.67861 -14.74968 45.89049 17.67861 -15.29148 45.89049 8.71038e-6 -15.29148 47.03448 8.71038e-6 -16.27878 47.03448 17.67861 -16.27878 55.05148 17.67861 -14.61638 55.05148 8.71038e-6 -14.61638 55.70949 17.67861 -13.25538 55.70949 8.71038e-6 -13.25538 55.38348 17.67861 -8.836182 55.38348 8.71038e-6 -8.836182 54.53348 17.67861 -7.586281 54.53348 8.71038e-6 -7.586281</float_array>
          <technique_common>
            <accessor source="#PalacePratsi_h_l_l_002-mesh-positions-array" count="1640" stride="3">
              <param name="X" type="float"/>
              <param name="Y" type="float"/>
              <param name="Z" type="float"/>
            </accessor>
          </technique_common>
        </source>
        <source id="PalacePratsi_h_l_l_002-mesh-normals">
          <float_array id="PalacePratsi_h_l_l_002-mesh-normals-array" count="1617">0 0 1 -0.6411815 0 -0.7673892 -0.6411827 0 -0.7673882 0 0.9170799 -0.3987034 -0.2399586 0.9707832 0 0 0.9170799 0.3987034 -0.5622643 0 0.8269576 -0.5622647 0 0.8269574 1 0 0 0.6509411 0 -0.7591283 0.6509411 0 -0.7591283 0.9239789 0 0.3824436 0.9239864 0 0.3824254 0 0 -1 -0.9239828 0 -0.3824343 -0.923979 0 -0.3824434 0.6009926 0 0.7992546 0.6009929 0 0.7992544 -1 0 0 0.6508538 0 0.7592031 0.6508596 0 0.7591981 0 1 0 0 1 0 -0.7169644 0 -0.6971098 -0.7169645 0 -0.6971097 0.7804682 0 0.6251955 0.7804687 0 0.625195 -0.4260807 0.8898824 -0.1629863 -0.4260802 0.8898825 -0.1629877 0.5622206 0 -0.8269873 0.562219 0 -0.8269885 -0.419817 0 0.9076089 -0.4198165 0 0.9076091 0.9915677 0 0.1295907 0.6411851 0 0.7673863 0.6411874 0 0.7673844 0 1 4.96749e-7 0 1 0 0 0.9997847 0.02075344 0 0.9999967 -0.002592206 -0.3826771 0 0.9238821 -0.3826922 0 0.9238759 -0.1305674 0 -0.9914395 -0.1305769 0 -0.9914383 -0.3960289 0.8898834 -0.2264262 -0.39604 0.8898798 -0.2264208 -0.6703097 -0.4868295 0.5600731 -0.6703485 -0.4867312 0.5601121 -0.2819877 0.8898821 -0.3585985 -0.2819874 0.8898822 -0.3585985 -0.9076139 0 -0.419806 0 1 0 -0.6190053 0 -0.7853868 -0.6190055 0 -0.7853868 0.7673818 0 -0.6411906 0.7673811 0 -0.6411913 0.7673774 0 -0.6411958 0.7673771 0 -0.6411961 -0.9076066 0 -0.419822 -0.9076066 0 -0.419822 0.6703557 -0.4867138 -0.5601187 0.6703553 -0.4867164 -0.560117 0.6085615 0 0.7935068 0.608541 0 0.7935225 -0.9239827 0 0.3824345 -0.9239789 0 0.3824436 0 0.9417505 0.3363125 0 0.9417505 0.3363124 -0.4122744 0.8898829 -0.1952902 -0.4122722 0.8898838 -0.1952911 -0.907603 0 -0.4198297 -0.9076029 0 -0.4198297 -0.8899073 0 -0.4561414 -0.8899071 0 -0.4561419 -0.8251168 0 -0.5649623 -0.8251177 0 -0.5649608 -0.3088406 0.9511139 0 -0.3088425 0.9511133 0 -0.9914171 0 -0.1307374 -0.9914167 0 -0.13074 -0.2591416 0.786351 0.560801 -0.2594421 0.7863167 0.5607101 0.650947 0 -0.7591233 0.650947 0 -0.7591232 -0.9441784 0 -0.3294345 -0.9441784 0 -0.3294349 -0.409644 0 0.9122455 -0.4096419 0 0.9122465 0.8251243 0 0.5649514 0.8251235 0 0.5649523 -0.7934134 0 -0.6086832 -0.7934238 0 -0.6086698 0.8251175 0 0.5649614 0.8251169 0 0.564962 -0.7673772 0 0.641196 0.9441713 0 0.3294551 0.9441714 0 0.3294547 0 -0.999168 -0.04078233 0 -0.999168 0.04078233 0 -0.9990562 -0.04343718 0 -0.9997918 0.02040386 0.1870755 0 0.9823456 0.187076 0 0.9823455 0 -0.9995678 -0.02939903 0 -0.9989686 0.04540765 -0.9076088 0 -0.4198169 -0.9076089 0 -0.4198167 -0.9076093 0 -0.4198162 -0.9076088 2.96133e-7 -0.4198169 -0.9076092 0 -0.4198161 -0.9076083 1.34538e-6 -0.4198181 0 -1 0 -0.3291403 0 0.9442811 -0.3291402 0 0.9442811 -0.3626577 0 0.9319224 -0.3626577 0 0.9319224 -0.3421578 0 -0.9396426 -0.3421589 0 -0.9396421 -0.826883 0 -0.5623741 0.4349991 0 0.9004309 0.4349995 0 0.9004307 -0.4749812 0 -0.879996 -0.4749822 0 -0.8799955 -0.3087305 0.8898851 -0.335842 -0.3087413 0.8898822 -0.3358401 -1.60896e-6 0.8809452 -0.4732183 0 0.8809457 -0.4732174 0 0.8808542 -0.4733878 -4.02413e-5 0.8809766 -0.47316 8.78945e-7 0 -1 -0.7934346 0 0.6086556 -0.7934448 0 0.6086422 -0.8204231 0 0.5717569 -0.8204234 0 0.5717566 -1 0 3.94583e-6 0.9972995 0 0.07344269 0.9972995 0 0.07344269 0.6190047 0 0.7853874 0.6190063 0 0.785386 -0.8204172 0 0.5717655 -0.8204172 0 0.5717654 -0.09036856 -0.9930419 0.0755077 -0.09036916 -0.9930419 0.07550644 -0.1923839 0.8898798 -0.4136455 -0.192371 0.8898832 -0.413644 0 1 3.10112e-6 0 1 -1.38969e-5 0 1 6.24781e-7 0 1 -1.29169e-6 0 1 -4.81117e-7 0 1 -1.79796e-5 0 1 2.52832e-6 0 1 -5.61802e-6 -0.1870757 0 -0.9823455 -0.1870757 0 -0.9823455 -0.4358034 0.900042 0 0 0.8128762 -0.5824366 0 0.9998407 -0.01785427 -0.928185 0 -0.3721193 -0.9281848 0 -0.3721197 0.4328945 0.8861045 0.1655937 0.4328938 0.8861047 0.1655947 0.7391332 -0.2688317 -0.6175854 0.7391331 -0.268832 -0.6175853 0.663587 0 0.7480992 0.4749819 0 0.8799955 0.474982 0 0.8799955 0.1304944 0 -0.9914491 0.1304985 0 -0.9914485 -0.9914154 0 0.13075 -0.9914165 0 0.1307424 0.7934448 0 0.6086422 0.7934346 0 0.6086556 -0.2236261 0.8898837 -0.3976161 -0.2236413 0.8898796 -0.3976167 -0.7673789 0 0.641194 -0.4198263 0 0.9076045 -0.4197854 0 0.9076235 -0.4197864 0 0.907623 -0.419789 0 0.9076219 -0.4198697 0 0.9075844 -0.4197926 0 0.9076201 -0.4198121 8.63207e-5 0.9076111 -0.4198104 1.14822e-4 0.9076119 -0.4198549 -7.37608e-5 0.9075912 -0.4198271 6.31575e-6 0.9076042 0.4198125 0 -0.9076108 0.4198126 0 -0.9076108 0.4198717 0 -0.9075835 0.4197887 0 -0.9076219 0.4197879 0 -0.9076223 0.4198246 0 -0.9076052 0.4198197 0 -0.9076076 0.4198271 1.09451e-4 -0.9076041 0.4198265 0 -0.9076044 0.4197965 -3.41646e-5 -0.9076184 0.4198323 2.00936e-4 -0.9076018 0.4197953 -3.31567e-5 -0.9076189 -0.7572638 0 0.6531091 -0.7572636 0 0.6531094 7.31319e-4 0 0.9999998 7.31316e-4 0 0.9999998 -0.2660891 -0.9379582 0.2223311 -0.2661193 -0.9379438 0.2223556 0.1954519 0.8861021 0.4202639 0.1954497 0.8861027 0.4202638 0.227214 0.8861026 0.4039753 0.2272179 0.8861018 0.403975 0.650912 0 0.7591532 0.6509121 0 0.7591533 -0.4199288 0 0.9075571 -0.4199288 0 0.9075571 -0.619014 0 -0.7853799 -0.4373562 0.8898823 -0.1297272 -0.4284725 0.8897734 -0.157209 -0.4373543 0.8898845 -0.1297178 -0.6411966 0 -0.7673768 -0.6411946 0 -0.7673785 -0.7804682 0 -0.6251955 -0.7804687 0 -0.6251949 -7.42931e-4 0 -0.9999998 0.6413817 0 0.767222 0.6409502 0 0.7675826 0.6412619 7.99931e-6 0.7673222 0.6408802 1.35022e-5 0.767641 0.6412512 -1.7376e-5 0.7673311 0.6411821 2.04486e-6 0.7673889 0.6410319 1.2566e-4 0.7675144 0.6412005 -9.202e-6 0.7673735 0.6412511 -2.17889e-5 0.7673312 0.6412245 -2.36e-5 0.7673534 0.641112 5.45081e-5 0.7674474 0.6411557 1.52119e-5 0.7674109 0.6412562 -3.69336e-5 0.767327 -0.9076139 0 -0.419806 -0.9076138 0 -0.4198064 -0.9076141 0 -0.4198057 -0.9076135 0 -0.4198067 -0.9823145 0 0.1872386 -0.9823145 0 0.1872385 -0.6062248 0 0.7952933 -0.6062284 0 0.7952906 0.7572634 0 -0.6531097 0.7572643 0 -0.6531086 0.5181307 0 0.8553016 0.5181303 0 0.8553018 -0.6009921 0 -0.7992551 -0.6009932 0 -0.7992542 -0.7512671 0 -0.6599984 -0.7512686 0 -0.6599966 0.3421592 0 0.939642 0.342159 0 0.9396421 0.07345807 0 -0.9972984 0.07345807 0 -0.9972984 -0.3371483 0.9414516 0 -0.3566048 0.8898834 -0.2845006 -0.3565936 0.8898865 -0.284505 -0.6635949 0 -0.7480921 -0.6635932 0 -0.7480937 -0.5181306 0 -0.8553016 -0.8297649 0 -0.5581132 -0.8297649 0 -0.5581132 -0.6085979 0 -0.7934788 -0.6085765 0 -0.7934953 -1.75789e-6 0 1 3.43026e-7 0 1 -0.1306304 0 0.9914312 -0.1306242 0 0.991432 0.6508538 0 0.7592031 0.3291983 0 -0.9442609 0.3291983 0 -0.9442608 -0.9002897 0 0.4352914 -0.9002899 0 0.4352908 -0.2535535 0.8898842 -0.3792321 -0.2535609 0.8898821 -0.3792321 -0.3336526 0.8898863 -0.3110925 -0.3336561 0.8898853 -0.3110914 0.8204234 0 0.5717566 0.8204231 0 0.5717569 0 1 -4.33703e-7 0 1 2.63146e-7 0 1 -1.94745e-7 0 1 2.67947e-6 0 1 3.41045e-6 0 1 2.03488e-7 0 1 -3.35211e-7 0 1 -6.37397e-7 0 1 0 -0.4271183 -0.8307873 0.3568791 -0.4271182 -0.8307864 0.3568812 0.9271847 0 0.3746049 0.9271833 0 0.3746081 0 0.9701426 0.2425356 -1.90352e-6 0 -1 -0.9972999 0 -0.07343769 -0.9972999 0 -0.07343757 -0.6695202 0 -0.7427939 -0.6695221 0 -0.7427922 -0.9076118 0 -0.4198105 -0.9076126 0 -0.4198086 0.3826847 0 0.923879 0.3826771 0 0.9238821 -0.9209603 0 -0.3896567 -0.9209603 0 -0.3896567 0.09038227 -0.9930399 -0.07551842 0.09038215 -0.9930398 -0.07551848 -0.4349982 0 -0.9004314 -0.435 0 -0.9004306 0 0.9417504 -0.3363128 0 0.9417504 -0.3363128 -0.9271819 0 -0.3746116 -9.31115e-5 0 1 0 3.28954e-4 1 0 3.28954e-4 1 -1.88521e-4 2.97969e-4 1 -3.59113e-4 7.69235e-5 1 0 1 -1.60003e-7 0 1 1.29134e-6 0 1 0 -0.9915676 0 -0.1295909 -0.9915677 0 -0.1295904 0.9239865 0 -0.3824252 0.923979 0 -0.3824434 -0.6085615 0 0.7935068 -0.608541 0 0.7935225 -0.3421591 0 -0.9396421 -0.3421589 0 -0.9396421 0.9209596 0 0.3896581 0.9209601 0 0.389657 0 1 -1.25604e-5 0 1 -3.33926e-6 0 1 2.95606e-6 0 1 2.35516e-6 0 1 -2.61566e-6 0 1 -1.82593e-6 0 1 2.3122e-6 0 1 2.85736e-6 0 1 -2.17218e-6 0 1 2.49932e-6 0 1 -3.17167e-7 0 1 1.45328e-5 -0.5181293 0 -0.8553024 -0.5181275 0 -0.8553034 0 1 -1.05326e-5 0 1 1.43447e-7 0 1 -1.49616e-7 0 1 -4.21946e-7 0 1 3.73817e-7 0 1 1.40012e-7 0.6009784 0 0.7992654 0.6009806 0 0.7992637 0.650947 0 0.7591233 0.6509412 0 0.7591282 0.9823145 0 -0.1872386 0.9823145 0 -0.1872385 0.6508888 0 -0.7591732 0.6508888 0 -0.7591732 0.6062081 0 0.7953062 0.6062044 0 0.7953089 0.8746201 0 0.4848091 0.8746207 0 0.4848079 0.8297642 0 0.5581142 0.8297652 0 0.5581126 -0.9076065 0 -0.4198219 -0.9076064 0 -0.4198222 0.9281921 0 0.3721012 0.9281924 0 0.3721009 0.6695166 0 0.7427971 -0.8297562 0 -0.5581262 -0.8297558 0 -0.5581266 -0.3774452 0.8898801 -0.2562199 -0.3774348 0.8898832 -0.2562246 0.927182 0 0.3746114 0.9271818 0 0.3746114 0 1 0 0 1 0 0 1 0 0 1 0 0.1305553 0 0.991441 0.1305505 0 0.9914417 -0.07352244 0 0.9972936 0.6411932 0 0.7673795 0.6411947 0 0.7673782 0.9914164 0 0.1307422 0.9914155 0 0.1307502 0.8746153 0 0.4848176 0.874615 0 0.4848182 -0.7804622 0 -0.625203 -0.7804642 0 -0.6252007 -0.9076113 0 -0.4198117 -0.9076117 0 -0.4198108 -4.46423e-4 0 1 -4.55351e-4 0 1 0.4443463 0.8861044 0.1318155 0.4443603 0.8861004 0.1317956 0.006201982 0.889867 -0.4561782 -0.03451007 0.8767794 -0.479653 -0.8899158 0 -0.4561249 -0.8899152 0 -0.456126 0.6533517 0 0.7570545 0.6533517 0 0.7570546 0.6085774 0 -0.7934946 0.608597 0 -0.7934796 -0.9915672 0 -0.1295939 -0.4715368 0.8818464 0 -0.006850898 0.8637198 0.5039258 0 0.8662058 0.4996877 -0.4288918 0.885679 -0.1778331 -0.8746204 0 -0.4848083 -0.8746201 0 -0.4848091 -0.1830341 0.9831066 0 -0.9774156 0 -0.2113263 -0.5644291 -0.6774985 0.4716097 -0.5644315 -0.6774943 0.4716128 0 0.880943 0.4732226 -0.409586 0.9122716 0 0.3389998 0.8861019 0.3160739 0.3390004 0.8861017 0.3160738 0.4096324 0 -0.9122507 -0.3088005 0.9511269 0 -0.3088183 0.9511211 2.64292e-5 -0.3088005 0.9511269 0 0.8899077 0 0.4561408 0.889907 0 0.4561424 0.4749842 0 0.8799944 0.4749832 0 0.8799949 0.4271184 -0.8307862 -0.3568811 0.427118 -0.8307874 -0.3568788 -0.5606656 0.7863837 -0.2593354 -0.5607066 0.7863498 -0.2593497 0 0.9998462 0.01754111 0 1 -7.89241e-6 -0.2240037 0.7864401 0.5756166 -0.2240589 0.7863192 0.5757603 -0.224043 0.7863479 0.5757273 -0.5607003 0.7863793 -0.2592738 -0.5608016 0.7862402 -0.2594766 0.4096422 0 -0.9122463 0.4096446 0 -0.9122453 0.5643753 -0.6775738 -0.471566 0.5643736 -0.677577 -0.4715633 -0.9076105 0 -0.4198134 -0.9076105 0 -0.4198132 0.7169653 0 0.6971089 0.7169638 0 0.6971104 0.4023702 0.8861032 0.2300423 0.4023721 0.8861025 0.2300416 0.3392699 0.9396244 0.04474312 0.3392698 0.9396247 -0.04474043 -0.7391123 -0.2689447 0.6175612 -0.7391596 -0.2686905 0.6176152 -0.9281921 0 -0.3721014 -0.928192 0 -0.3721018 0.3623095 0.886102 0.2890591 0.3623043 0.8861035 0.2890613 0.2082506 0.9396249 0.2715454 0.2715108 0.9396292 0.2082759 0.3161925 0.9396249 0.1308718 0.1309618 0.9396196 0.316171 0.04467833 0.9396192 0.3392928 -0.04470425 0.9396178 0.3392935 -0.1309685 0.9396133 0.3161869 -0.2082691 0.9396144 0.2715677 -0.2715393 0.939616 0.2082982 -0.3162316 0.9396093 0.1308892 -0.3393146 0.939608 0.04474836 -0.3393149 0.939608 -0.04474574 -0.3162297 0.9396101 -0.1308884 -0.2715309 0.9396165 -0.2083069 -0.2082804 0.9396151 -0.2715564 -0.1309667 0.939615 -0.3161824 -0.04468488 0.9396181 -0.3392952 0.6062073 0 0.7953068 0.6062037 0 0.7953096 0.7512675 0 0.659998 0.7512674 0 0.659998 0.3834716 0.8861038 0.2603262 0.3834748 0.8861029 0.2603247 0.6635937 0 0.7480933 0.6635943 0 0.7480927 0.3136854 0.886101 0.3412135 0.3136822 0.8861017 0.3412142 -0.6062244 0 0.7952938 -0.6062281 0 0.795291 0.7512627 0 0.6600033 0.7512607 0 0.6600056 0.9774159 0 0.2113253 0.9774157 0 0.2113258 0.1830341 0.9831067 0 0.1830341 0.9831066 0 -0.9209615 0 -0.3896538 0.04465878 0.93962 -0.3392931 0.1309599 0.9396214 -0.3161665 0.9003003 0 -0.4352695 0.2661203 -0.9379433 -0.222356 0.2660893 -0.9379581 -0.2223316 0.2082627 0.9396251 -0.2715352 0.2715027 0.9396296 -0.208285 -0.7169574 0 -0.697117 0.3161918 0.9396252 -0.1308715 -0.64096 0 -0.7675744 -0.6413266 0 -0.7672681 -0.6410835 -6.26447e-6 -0.7674713 -0.6412622 -8.26611e-6 -0.7673219 -0.6411328 2.59219e-6 -0.76743 -0.641194 2.56042e-6 -0.7673789 -0.6414288 -1.88776e-4 -0.7671827 -0.6412037 -8.86115e-6 -0.7673708 -0.6412481 -2.17092e-5 -0.7673336 -0.6412196 -2.42212e-5 -0.7673576 -0.6411193 4.96312e-5 -0.7674412 -0.6412434 -1.94222e-5 -0.7673375 -0.6411553 2.63389e-5 -0.7674113 0.7934238 0 -0.6086698 0.7934134 0 -0.6086832 0.286501 0.8861012 0.3643378 0.286486 0.886105 0.3643401 -0.6533546 0 -0.7570521 -0.6533545 0 -0.7570521 0.3826841 0 -0.9238793 0.3826777 0 -0.9238819 0.6509412 0 -0.7591282 0.4188759 0.8861017 0.1984108 0.4188669 0.8861048 0.1984158 0.9914174 0 -0.1307348 0.9914164 0 -0.1307426 -0.6695164 0 -0.7427973 -0.6695165 0 -0.7427973 0.8269063 0 0.5623399 0.8269063 0 0.5623398 0.767383 0 -0.6411891 0.257623 0.8861016 0.3852978 0.2576097 0.8861049 0.385299 -0.3826853 0 -0.9238788 -0.3826766 0 -0.9238824 0.9774144 0 0.2113318 0 0.7863168 0.6178236 0 0.7863117 0.61783 -1.70325e-5 0.7863102 0.617832</float_array>
          <technique_common>
            <accessor source="#PalacePratsi_h_l_l_002-mesh-normals-array" count="539" stride="3">
              <param name="X" type="float"/>
              <param name="Y" type="float"/>
              <param name="Z" type="float"/>
            </accessor>
          </technique_common>
        </source>
        <source id="PalacePratsi_h_l_l_002-mesh-map-0">
          <float_array id="PalacePratsi_h_l_l_002-mesh-map-0-array" count="5646">0.9373486 0.6584892 0.9196918 0.6584892 0.9196918 0.3871241 0.9373486 0.6584892 0.9196918 0.3871241 0.9373486 0.3871241 0.942026 0.001689434 0.9491761 0.001689434 0.9491762 0.2730541 0.942026 0.001689434 0.9491762 0.2730541 0.942026 0.2730541 0.7907804 0.2473722 0.7907804 0.3172647 0.7803865 0.3172647 0.7907804 0.2473722 0.7803865 0.3172647 0.7803865 0.2473722 0.3946861 0.8543462 0.001899182 0.8543462 0.408975 0.6283143 0.408975 0.6283143 0.001899182 0.8543462 0.001690506 0.4029081 0.3944775 0.4029081 0.408975 0.6283143 0.001690506 0.4029081 0.5118224 0.06706219 0.5118224 0.09383207 0.1462031 0.09383213 0.5118224 0.06706219 0.1462031 0.09383213 0.1462031 0.06706225 0.9765915 0.9379856 0.9765915 0.6666205 0.983744 0.6666205 0.9765915 0.9379856 0.983744 0.6666205 0.983744 0.9379856 0.2764268 0.9518249 0.2764268 0.9416079 0.6566342 0.9416079 0.2764268 0.9518249 0.6566342 0.9416079 0.6566342 0.9518249 0.7879478 0.003842055 0.7879478 0.001695215 0.8215863 0.001695215 0.7879478 0.003842055 0.8215863 0.001695215 0.8215863 0.003842055 0.5445864 0.6742677 0.4845954 0.6742678 0.4845954 0.4029027 0.5445864 0.6742677 0.4845954 0.4029027 0.5445864 0.4029027 0.9659615 0.3636083 0.9659615 0.2766749 0.972605 0.2766749 0.9659615 0.3636083 0.972605 0.2766749 0.9726051 0.3636083 0.5789093 0.003841757 0.5789093 0.001694977 0.6133124 0.001694977 0.5789093 0.003841757 0.6133124 0.001694977 0.6133124 0.003841757 0.4123277 0.4029026 0.481208 0.4029026 0.481208 0.6742677 0.4123277 0.4029026 0.481208 0.6742677 0.4123277 0.6742677 0.001689434 0.9411532 0.001689434 0.92358 0.2730541 0.92358 0.001689434 0.9411532 0.2730541 0.92358 0.2730541 0.9411531 0.952751 0.001686275 0.9625767 0.001686275 0.9625768 0.3818936 0.952751 0.001686275 0.9625768 0.3818936 0.9527511 0.3818936 0.7563691 0.3513277 0.7563691 0.2475532 0.7770038 0.2473883 0.7563691 0.3513277 0.7770038 0.2473883 0.7770016 0.3511626 0.6481801 0.7914729 0.583676 0.7914729 0.583676 0.5201082 0.6481801 0.7914729 0.583676 0.5201082 0.6481801 0.5201082 0.7945783 0.7071882 0.7945783 0.7729183 0.7841843 0.7729183 0.7945783 0.7071882 0.7841843 0.7729183 0.7841843 0.7071882 0.3852772 0.9753033 0.3852772 0.9686598 0.7732337 0.9686598 0.3852772 0.9753033 0.7732337 0.9686598 0.7732337 0.9753033 0.6600162 0.9416097 0.9313809 0.9416097 0.9313809 0.9487623 0.6600162 0.9416097 0.9313809 0.9487623 0.6600162 0.9487623 0.7468779 0.08323991 0.7531076 0.001907229 0.8540248 0.01507669 0.7468779 0.08323991 0.8540248 0.01507669 0.8483601 0.08906644 0.98662 0.001690566 0.9937313 0.001690566 0.9937313 0.2730552 0.98662 0.001690566 0.9937313 0.2730552 0.98662 0.2730552 0.001686215 0.9671389 0.001686215 0.9573871 0.3818936 0.9573871 0.001686215 0.9671389 0.3818936 0.9573871 0.3818936 0.9671389 0.5260128 0.09861749 0.5260128 0.1242749 0.1603936 0.1242749 0.5260128 0.09861749 0.1603936 0.1242749 0.1603936 0.09861749 0.547978 0.5539163 0.5797728 0.5539163 0.5797728 0.7178722 0.547978 0.5539163 0.5797728 0.7178722 0.5479781 0.7178722 0.9732187 0.3871206 0.9732187 0.7950095 0.9658831 0.7950095 0.9732187 0.3871206 0.9658831 0.7950095 0.9658831 0.3871206 0.9407218 0.2766819 0.9493699 0.2766819 0.9493699 0.7450066 0.9407218 0.2766819 0.9493699 0.7450066 0.9407218 0.7450066 0.9135946 0.6299166 0.8826006 0.6299166 0.8826006 0.3871293 0.9135946 0.6299166 0.8826006 0.3871293 0.9135946 0.3871293 0.9871307 0.2766779 0.9942425 0.2766779 0.9942425 0.5480426 0.9871307 0.2766779 0.9942425 0.5480426 0.9871307 0.5480426 0.965956 0.2730546 0.965956 0.001689434 0.9731091 0.001689434 0.965956 0.2730546 0.9731091 0.001689434 0.9731091 0.2730546 0.5255966 0.00168544 0.5255967 0.08265328 0.5152027 0.08265328 0.5255966 0.00168544 0.5152027 0.08265328 0.5152027 0.00168544 0.5511817 0.8965307 0.8225464 0.8965306 0.8225464 0.9142114 0.5511817 0.8965307 0.8225464 0.9142114 0.5511817 0.9142114 0.2764358 0.9870357 0.2764358 0.9799239 0.5478005 0.9799239 0.2764358 0.9870357 0.5478005 0.9799239 0.5478005 0.9870357 0.8642688 0.5201091 0.8746628 0.5201091 0.8746628 0.5858696 0.8642688 0.5201091 0.8746628 0.5858696 0.8642689 0.5858696 0.001689434 0.9461228 0.2730541 0.9461228 0.2730541 0.9532754 0.001689434 0.9461228 0.2730541 0.9532754 0.001689434 0.9532754 0.547795 0.925828 0.547795 0.9346759 0.2764299 0.9346759 0.547795 0.925828 0.2764299 0.9346759 0.2764299 0.925828 0.7244338 0.6488656 0.7931428 0.6961128 0.7245259 0.7435242 0.72453 0.7482168 0.7342558 0.7482082 0.7342732 0.773009 0.7244338 0.6488656 0.7245259 0.7435242 0.72453 0.7482168 0.7245516 0.7777101 0.7932475 0.8249486 0.7245888 0.825035 0.72453 0.7482168 0.7342732 0.773009 0.7245475 0.7730262 0.7245475 0.7730262 0.7245516 0.7777101 0.7245888 0.825035 0.7244338 0.6488656 0.72453 0.7482168 0.7245475 0.7730262 0.7245888 0.825035 0.7244338 0.6488656 0.7245475 0.7730262 0.001689434 0.9892895 0.001689434 0.9821777 0.2730541 0.9821777 0.001689434 0.9892895 0.2730541 0.9821777 0.2730541 0.9892895 0.8986284 0.9064297 0.8986284 0.6350646 0.9163113 0.6350646 0.8986284 0.9064297 0.9163113 0.6350646 0.9163113 0.9064297 0.001690626 0.3987451 0.001690685 0.001690506 0.09760695 0.001690506 0.1689578 0.1490725 0.1689578 0.1298469 0.5461084 0.1298468 0.001690626 0.3987451 0.09760695 0.001690506 0.1689578 0.1490725 0.5461084 0.1298468 0.5461084 0.398745 0.001690626 0.3987451 0.001690626 0.3987451 0.1689578 0.1490725 0.5461084 0.1298468 0.9832407 0.001685023 0.9832407 0.3873865 0.9765971 0.3873865 0.9832407 0.001685023 0.9765971 0.3873865 0.9765971 0.001685023 0.9871319 0.5516675 0.9942432 0.5516675 0.9942432 0.8230322 0.9871319 0.5516675 0.9942432 0.8230322 0.987132 0.8230322 0.5431594 0.0421763 0.5431594 0.008450984 0.5453063 0.008450984 0.5431594 0.0421763 0.5453063 0.008450984 0.5453063 0.0421763 0.6521712 0.003834486 0.6166905 0.003834545 0.6166905 0.001687765 0.6521712 0.003834486 0.6166905 0.001687765 0.6521712 0.001687765 0.7531076 0.2460009 0.7468801 0.1647681 0.8483601 0.16323 0.7531076 0.2460009 0.8483601 0.16323 0.8540248 0.2371286 0.8573485 0.1056457 0.8573485 0.001871466 0.8779832 0.001706361 0.8573485 0.1056457 0.8779832 0.001706361 0.8779811 0.1054806 0.9534228 0.8042255 0.9628194 0.8004238 0.9628195 0.9759545 0.9534228 0.8042255 0.9628195 0.9759545 0.9534229 0.9797563 0.2730545 0.970917 0.2730545 0.9780668 0.001689434 0.9780668 0.2730545 0.970917 0.001689434 0.9780668 0.001689434 0.970917 0.4101807 0.75693 0.4094866 0.6757686 0.5094757 0.6831043 0.4101807 0.75693 0.5094757 0.6831043 0.5101073 0.75693 0.4085783 0.5017222 0.4042796 0.5017222 0.4042796 0.4029012 0.4085783 0.5017222 0.4042796 0.4029012 0.4085783 0.4029012 0.8952547 0.6350694 0.8952547 0.8778564 0.8642738 0.8778564 0.8952547 0.6350694 0.8642738 0.8778564 0.8642738 0.6350694 0.9196957 0.6621125 0.9372721 0.6621125 0.9372721 0.9334772 0.9196957 0.6621125 0.9372721 0.9334772 0.9196957 0.9334772 0.8762831 0.109894 0.876282 0.2136683 0.8556495 0.2138334 0.8762831 0.109894 0.8556495 0.2138334 0.8556495 0.110059 0.7245196 0.6449657 0.7245196 0.3736007 0.7975935 0.3736007 0.7245196 0.6449657 0.7975935 0.3736007 0.7975935 0.6449657 0.1145567 0.027983 0.1145567 0.001687526 0.1249507 0.001687526 0.1145567 0.027983 0.1249507 0.001687526 0.1249507 0.027983 0.2764345 0.896532 0.5477991 0.896532 0.5477991 0.9221329 0.2764345 0.896532 0.5477991 0.9221329 0.2764345 0.9221329 0.7468765 0.2496312 0.7526546 0.2496312 0.7526546 0.3484523 0.7468765 0.2496312 0.7526546 0.3484523 0.7468766 0.3484523 0.9406514 0.7768624 0.950048 0.7733213 0.9500481 0.9615132 0.9406514 0.7768624 0.9500481 0.9615132 0.9406514 0.9650543 0.9765957 0.6629942 0.9765957 0.3916292 0.9837487 0.3916292 0.9765957 0.6629942 0.9837487 0.3916292 0.9837487 0.6629942 0.8249653 0.001695215 0.8521298 0.001695215 0.8521298 0.003842055 0.8249653 0.001695215 0.8521298 0.003842055 0.8249653 0.003842055 0.5293887 0.001687526 0.5397827 0.001687526 0.5397827 0.09896612 0.5293887 0.001687526 0.5397827 0.09896612 0.5293887 0.09896612 0.7653892 0.8912755 0.5226018 0.8912755 0.5226018 0.860462 0.7653892 0.8912755 0.5226018 0.860462 0.7653892 0.860462 0.2764299 0.9983119 0.2764299 0.9912001 0.5477946 0.9912001 0.2764299 0.9983119 0.5477946 0.9912001 0.5477946 0.9983119 0.9210633 0.001689434 0.9386365 0.001689434 0.9386365 0.2730541 0.9210633 0.001689434 0.9386365 0.2730541 0.9210633 0.2730541 0.543165 0.04677557 0.5453118 0.04677557 0.5453118 0.07797217 0.543165 0.04677557 0.5453118 0.07797217 0.543165 0.07797217 0.8608853 0.7914792 0.8009801 0.7914792 0.8009801 0.5201142 0.8608853 0.7914792 0.8009801 0.5201142 0.8608853 0.5201142 0.6530194 0.4479822 0.7210588 0.4479822 0.7210588 0.7193468 0.6530194 0.4479822 0.7210588 0.7193468 0.6530194 0.7193468 0.5111328 0.001693069 0.5111329 0.06162214 0.1309255 0.06162214 0.5111328 0.001693069 0.1309255 0.06162214 0.1309255 0.001693069 0.5494868 0.0120365 0.7434945 0.001780331 0.7434945 0.3479978 0.5494868 0.0120365 0.7434945 0.3479978 0.5494868 0.5498116 0.5511831 0.987039 0.5511831 0.9799283 0.8225477 0.9799283 0.5511831 0.987039 0.8225477 0.9799283 0.8225477 0.987039 0.7468801 0.1647681 0.7468779 0.08323991 0.8483601 0.08906644 0.7468801 0.1647681 0.8483601 0.08906644 0.8483601 0.16323 0.7990853 0.3461959 0.7941555 0.3461959 0.7941555 0.2473748 0.7990853 0.3461959 0.7941555 0.2473748 0.7990853 0.2473748 0.5192225 0.8912751 0.276435 0.8912751 0.276435 0.8604614 0.5192225 0.8912751 0.276435 0.8604614 0.5192225 0.8604614 0.8030465 0.2451218 0.8792103 0.2451218 0.8792103 0.5164866 0.8030465 0.2451218 0.8792103 0.5164866 0.8030465 0.5164866 0.8225468 0.9190699 0.8225468 0.9367256 0.5511817 0.9367256 0.8225468 0.9190699 0.5511817 0.9367256 0.5511817 0.9190699 0.9314553 0.3454802 0.9210614 0.3454802 0.9210613 0.2766826 0.9314553 0.3454802 0.9210613 0.2766826 0.9314553 0.2766826 0.4019264 0.8550095 0.4019264 0.7951033 0.6732911 0.7951033 0.4019264 0.8550095 0.6732911 0.7951033 0.6732912 0.8550095 0.9527505 0.3871253 0.9625024 0.3871253 0.9625024 0.7673326 0.9527505 0.3871253 0.9625024 0.7673326 0.9527505 0.7673326 0.001687467 0.9181203 0.001687467 0.858214 0.2730521 0.858214 0.001687467 0.9181203 0.2730521 0.858214 0.2730521 0.9181203 0.5326281 0.726504 0.5132461 0.7264953 0.5132461 0.677893 0.5326281 0.726504 0.5132461 0.677893 0.5326281 0.6779016 0.5431593 0.003841757 0.5431593 0.001694977 0.5789093 0.001694977 0.5431593 0.003841757 0.5789093 0.001694977 0.5789093 0.003841757 0.3852785 0.9647223 0.3852785 0.9573867 0.8563904 0.9573867 0.3852785 0.9647223 0.8563904 0.9573867 0.8563904 0.9647222 0.917674 0.001690626 0.917674 0.381898 0.8825961 0.381898 0.917674 0.001690626 0.8825961 0.381898 0.8825961 0.001690626 0.3411293 0.9896175 0.3411293 0.9850561 0.6491563 0.9850561 0.3411293 0.9896175 0.6491563 0.9850561 0.6491563 0.9896175 0.9956678 0.8263812 0.9871624 0.8263812 0.9871624 0.5554744 0.9956678 0.8263812 0.9871624 0.5554744 0.9956678 0.5554744 0.8418959 0.02862566 0.8418775 0.06925684 0.8195305 0.04274576 0.8418959 0.02862566 0.8195305 0.04274576 0.8195305 0.002114474 0.01664769 0.4531301 0.01664769 0.4433038 0.3962128 0.4433038 0.01664769 0.4531301 0.3962128 0.4433038 0.3962128 0.4531301 0.8612322 0.5075958 0.8612321 0.1425969 0.8918191 0.1425969 0.8612322 0.5075958 0.8918191 0.1425969 0.8918191 0.5075958 0.9633802 0.2726984 0.9633801 0.001791656 0.9807358 0.001791656 0.9633802 0.2726984 0.9807358 0.001791656 0.9807359 0.2726984 0.7920122 0.001791238 0.7920122 0.2441686 0.761554 0.2441686 0.7920122 0.001791238 0.761554 0.2441686 0.761554 0.001791238 0.5270676 0.01199883 0.493779 0.01199883 0.493779 0.001788675 0.5270676 0.01199883 0.493779 0.001788675 0.5270676 0.001788675 0.8910905 0.03281307 0.8910905 0.1029692 0.8808802 0.1029692 0.8910905 0.03281307 0.8808802 0.1029692 0.8808802 0.03281307 0.1638807 0.04924541 0.1638807 0.04713708 0.1966249 0.04713708 0.1638807 0.04924541 0.1966249 0.04713708 0.1966249 0.04924541 0.3942371 0.5489553 0.1233303 0.5489553 0.1233303 0.4791046 0.3942371 0.5489553 0.1233303 0.4791046 0.3942371 0.4791046 0.8319662 0.01200503 0.8319662 0.001794815 0.8592249 0.001794815 0.8319662 0.01200503 0.8592249 0.001794815 0.8592249 0.01200503 0.9741896 0.5554701 0.983579 0.5554701 0.983579 0.9350352 0.9741896 0.5554701 0.983579 0.9350352 0.9741896 0.9350352 0.9612194 0.4767186 0.9706088 0.4767186 0.9706088 0.8562837 0.9612194 0.4767186 0.9706088 0.8562837 0.9612194 0.8562837 0.7579652 0.001793265 0.7579652 0.3667944 0.727599 0.3667944 0.7579652 0.001793265 0.727599 0.3667944 0.727599 0.001793265 0.6935153 0.3813523 0.6270592 0.3813524 0.6270592 0.001787245 0.6935153 0.3813523 0.6270592 0.001787245 0.6935153 0.001787245 0.3715864 0.8239887 0.3126932 0.8239887 0.3126932 0.5530819 0.3715864 0.8239887 0.3126932 0.5530819 0.3715864 0.5530819 0.001787662 0.9253871 0.244165 0.9253871 0.244165 0.9549464 0.001787662 0.9253871 0.244165 0.9549464 0.001787662 0.9549464 0.957636 0.4767147 0.9576361 0.7190921 0.9271779 0.7190921 0.957636 0.4767147 0.9271779 0.7190921 0.9271779 0.4767147 0.4195863 0.01611429 0.4060177 0.01611429 0.4128043 0.01611429 0.8908299 0.02542424 0.8842028 0.02542126 0.889743 0.0187323 0.453867 0.01610559 0.4403029 0.01610559 0.4470826 0.01610559 0.4367337 0.0161122 0.4231651 0.0161122 0.4299517 0.0161122 0.5370649 0.008713245 0.5304379 0.008721888 0.5359663 0.00202322 0.8568575 0.02966856 0.8568575 0.01610445 0.8568575 0.02288424 0.3816522 0.4103395 0.3816522 0.4386826 0.01665103 0.4386826 0.3816522 0.4103395 0.01665103 0.4386826 0.01665103 0.4103395 0.4710049 0.01611483 0.4574385 0.01611483 0.4642228 0.01611483 0.8684892 0.00877881 0.8684942 0.00210905 0.8751389 0.007829308 0.488138 0.01610809 0.4745739 0.01610809 0.4813537 0.01610809 0.537392 0.38008 0.01664322 0.38008 0.01664316 0.02087879 0.01664316 0.02087879 0.1603103 0.02087873 0.1603103 0.05210959 0.3028373 0.05210953 0.3028373 0.02087873 0.537392 0.02087873 0.537392 0.38008 0.01664316 0.02087879 0.1603103 0.05210959 0.3028373 0.05210953 0.537392 0.02087873 0.537392 0.38008 0.1603103 0.05210959 0.3028373 0.05210953 0.537392 0.38008 0.387943 0.001800656 0.3404036 0.001800656 0.3776076 0.001800656 0.3916429 0.001914978 0.3916429 0.001914978 0.3916429 0.001914978 0.3916429 0.001914978 0.3916429 0.001914978 0.3916429 0.001914978 0.2977322 0.03039014 0.2396263 0.03039014 0.2395609 0.02088576 0.2977322 0.03039014 0.2395609 0.02088576 0.2976668 0.02088576 0.9235981 0.8775175 0.893149 0.8775175 0.893149 0.5125163 0.9235981 0.8775175 0.893149 0.5125163 0.9235981 0.5125163 0.4060127 0.3860257 0.7883741 0.3860257 0.7883741 0.745227 0.4060127 0.3860257 0.7883741 0.745227 0.4060127 0.745227 0.4060148 0.001787781 0.4902021 0.001787781 0.4902021 0.01199805 0.4060148 0.001787781 0.4902021 0.01199805 0.4060148 0.01199805 0.8323925 0.5075958 0.8323925 0.1425969 0.8612321 0.1425969 0.8323925 0.5075958 0.8612321 0.1425969 0.8612322 0.5075958 0.3816522 0.3860244 0.3816522 0.4103395 0.01665103 0.4103395 0.3816522 0.3860244 0.01665103 0.4103395 0.01665103 0.3860244 0.1638905 0.03281605 0.2340139 0.03281605 0.2340139 0.04302626 0.1638905 0.03281605 0.2340139 0.04302626 0.1638905 0.04302626 0.7680723 0.2499949 0.7680723 0.3349253 0.7615463 0.3349253 0.7680723 0.2499949 0.7615463 0.3349253 0.7615463 0.2499949 0.5244844 0.8821825 0.2535777 0.8821825 0.2535777 0.8752715 0.5244844 0.8821825 0.2535777 0.8752715 0.5244844 0.8752715 0.9271769 0.7249189 0.957127 0.7249189 0.957127 0.9672964 0.9271769 0.7249189 0.957127 0.9672964 0.9271769 0.9672964 0.9755702 0.4727625 0.8953967 0.4727625 0.8976222 0.3717045 0.9755702 0.4727625 0.8976222 0.3717045 0.9705582 0.3717059 0.001795589 0.001808464 0.4024332 0.004649281 0.4024332 0.01603126 0.001795589 0.001808464 0.4024332 0.01603126 0.01306104 0.01326519 0.4024332 0.4634326 0.4024332 0.4748052 0.001795649 0.4719551 0.001795589 0.001808464 0.01306104 0.01326519 0.0130611 0.4606665 0.0130611 0.4606665 0.4024332 0.4634326 0.001795649 0.4719551 0.0130611 0.4606665 0.001795649 0.4719551 0.001795589 0.001808464 0.6288185 0.9158396 0.871196 0.9158396 0.871196 0.9453988 0.6288185 0.9158396 0.871196 0.9453988 0.6288185 0.9453988 0.3791421 0.9213025 0.002110481 0.9213026 0.06211 0.8562937 0.06211 0.8562937 0.3467675 0.899167 0.3550143 0.9062113 0.3550143 0.9062113 0.3713088 0.9146167 0.3791421 0.9213025 0.06211 0.8562937 0.3550143 0.9062113 0.3791421 0.9213025 0.4858058 0.9111407 0.4858058 0.9026479 0.7000495 0.8633704 0.7000495 0.8633704 0.9142886 0.9026479 0.9142886 0.9111407 0.7000495 0.8633704 0.9142886 0.9111407 0.4858058 0.9111407 0.8628013 0.001794099 0.8649096 0.001794099 0.8649096 0.02887535 0.8628013 0.001794099 0.8649096 0.02887535 0.8628013 0.02887535 0.9791432 0.5495316 0.9791431 0.2786248 0.9965023 0.2786248 0.9791432 0.5495316 0.9965023 0.2786248 0.9965023 0.5495316 0.2466508 0.5530868 0.2466509 0.8611139 0.1867829 0.8611139 0.2466508 0.5530868 0.1867829 0.8611139 0.1867828 0.5530868 0.3751612 0.8703783 0.3751612 0.8132231 0.6460683 0.8132231 0.3751612 0.8703783 0.6460683 0.8132231 0.6460683 0.8703783 0.727599 0.001793265 0.727599 0.3667944 0.6970856 0.3667944 0.727599 0.001793265 0.6970856 0.3667944 0.6970856 0.001793265 0.9598006 0.001787424 0.9598006 0.2441648 0.9293423 0.2441648 0.9598006 0.001787424 0.9293423 0.2441648 0.9293423 0.001787424 0.8761993 0.05906623 0.8761993 0.1284326 0.8659891 0.1284326 0.8761993 0.05906623 0.8659891 0.1284326 0.8659891 0.05906623 0.6116145 0.9680917 0.3407077 0.9680917 0.3407077 0.9611806 0.6116145 0.9680917 0.3407077 0.9611806 0.6116144 0.9611806 0.250226 0.5530887 0.3091192 0.5530887 0.3091193 0.8239958 0.250226 0.5530887 0.3091193 0.8239958 0.2502261 0.8239958 0.5409728 0.3782973 0.5409728 0.001785695 0.6234821 0.001785695 0.5409728 0.3782973 0.6234821 0.001785695 0.6234822 0.3782973 0.8997222 0.9561659 0.6288154 0.9561659 0.6288154 0.9492536 0.8997222 0.9561659 0.6288154 0.9492536 0.8997222 0.9492536 0.615195 0.9680116 0.615195 0.9611902 0.8861022 0.9611902 0.615195 0.9680116 0.8861022 0.9611902 0.8861022 0.9680116 0.1832067 0.5530906 0.1832067 0.8611177 0.1233203 0.8611177 0.1832067 0.5530906 0.1233203 0.8611177 0.1233203 0.5530906 0.9843159 0.2569202 0.9843159 0.001784801 0.9948273 0.001785993 0.9843159 0.2569202 0.9948273 0.001785993 0.9948273 0.2569202 0.004710495 0.8413571 0.001788377 0.7635521 0.1015086 0.7634306 0.004710495 0.8413571 0.1015086 0.7634306 0.1042951 0.8375443 0.8159455 0.001983284 0.8159466 0.1053835 0.7956003 0.105206 0.8159455 0.001983284 0.7956003 0.105206 0.7956002 0.001805722 0.8609095 0.7053669 0.8894871 0.7321074 0.8839799 0.7382777 0.8538669 0.7100976 0.8284585 0.6362275 0.8119709 0.5480396 0.8119709 0.5480396 0.799884 0.4588534 0.7906128 0.3715557 0.7906128 0.3715557 0.7918324 0.294125 0.8021389 0.2174637 0.8021389 0.2174637 0.8194605 0.1421831 0.8456361 0.06967169 0.8456361 0.06967169 0.8835259 0.00285989 0.8897337 0.008660495 0.8456361 0.06967169 0.8897337 0.008660495 0.8530827 0.0732907 0.8609095 0.7053669 0.8839799 0.7382777 0.8538669 0.7100976 0.8363933 0.6340855 0.8609095 0.7053669 0.8538669 0.7100976 0.8456361 0.06967169 0.8530827 0.0732907 0.8273225 0.1446481 0.8021389 0.2174637 0.8456361 0.06967169 0.8273225 0.1446481 0.8363933 0.6340855 0.8538669 0.7100976 0.8119709 0.5480396 0.8200595 0.5467248 0.8363933 0.6340855 0.8119709 0.5480396 0.8021389 0.2174637 0.8273225 0.1446481 0.8102046 0.2190504 0.8021389 0.2174637 0.8102046 0.2190504 0.8000169 0.2948193 0.8200595 0.5467248 0.8119709 0.5480396 0.7906128 0.3715557 0.8080185 0.4578749 0.8200595 0.5467248 0.7906128 0.3715557 0.7906128 0.3715557 0.8021389 0.2174637 0.8000169 0.2948193 0.7988148 0.371222 0.8080185 0.4578749 0.7906128 0.3715557 0.8000169 0.2948193 0.7988148 0.371222 0.7906128 0.3715557 0.6154332 0.9799365 0.6154331 0.9731152 0.8863403 0.9731152 0.6154332 0.9799365 0.8863403 0.9731152 0.8863403 0.9799365 0.9257631 0.3667944 0.895406 0.3667944 0.895406 0.001793086 0.9257631 0.3667944 0.895406 0.001793086 0.925763 0.001793086 0.8740202 0.7417326 0.7237743 0.8472971 0.7230829 0.7501748 0.8740202 0.7417326 0.8706373 0.8472971 0.7237743 0.8472971 0.3828575 0.9457889 0.3828575 0.9158387 0.6252349 0.9158387 0.3828575 0.9457889 0.6252349 0.9158387 0.6252349 0.9457889 0.2886815 0.0355091 0.2423926 0.04463821 0.2524543 0.04265314 0.2423926 0.04463821 0.237701 0.03557813 0.2524543 0.04265314 0.8285857 0.5055103 0.8191963 0.5055103 0.8191962 0.1974831 0.8285857 0.5055103 0.8191962 0.1974831 0.8285856 0.1974831 0.2359731 0.01849639 0.2359731 0.02870655 0.1638825 0.02870655 0.2359731 0.01849639 0.1638825 0.02870655 0.1638825 0.01849639 0.3364128 0.9326096 0.3377024 0.998207 0.2492117 0.998207 0.3364128 0.9326096 0.2492117 0.998207 0.247782 0.9255377 0.7919587 0.50802 0.802135 0.5057913 0.8021351 0.6679564 0.7919587 0.50802 0.8021351 0.6679564 0.7919588 0.6701851 0.8058027 0.1781288 0.7955924 0.1781288 0.7955924 0.1091875 0.8058027 0.1781288 0.7955924 0.1091875 0.8058027 0.1091875 0.6460679 0.7487824 0.6460679 0.8075699 0.3751612 0.8075699 0.6460679 0.7487824 0.3751612 0.8075699 0.3751612 0.7487824 0.847585 0.01611489 0.847585 0.05131679 0.8454768 0.05131679 0.847585 0.01611489 0.8454768 0.05131679 0.8454768 0.01611489 0.2618308 0.04686212 0.2618308 0.0447539 0.2950142 0.0447539 0.2618308 0.04686212 0.2950142 0.0447539 0.2950142 0.04686212 0.8511669 0.0161069 0.8532751 0.0161069 0.8532751 0.04794466 0.8511669 0.0161069 0.8532751 0.04794466 0.8511669 0.04794466 0.6118459 0.9731177 0.6118459 0.979939 0.3409391 0.979939 0.6118459 0.9731177 0.3409391 0.979939 0.3409391 0.9731177 0.001788377 0.7635521 0.00484842 0.6820841 0.1042951 0.689317 0.001788377 0.7635521 0.1042951 0.689317 0.1015086 0.7634306 0.001789629 0.6771058 0.001789629 0.4767205 0.1197485 0.4767204 0.001789629 0.6771058 0.1197485 0.4767204 0.1197485 0.6771058 0.7647101 0.384699 0.7821468 0.384699 0.7821468 0.3889883 0.7821468 0.3889883 0.7995836 0.3889883 0.7995836 0.3928927 0.7995836 0.3928927 0.8170204 0.3928927 0.8170204 0.3986659 0.7298322 0.3986659 0.7298322 0.3749735 0.7472733 0.3749735 0.7472733 0.3802214 0.7647101 0.3802214 0.7647101 0.384699 0.7298322 0.3986659 0.7472733 0.3749735 0.7472733 0.3802214 0.7995836 0.3928927 0.8170204 0.3986659 0.7298322 0.3986659 0.7821468 0.3889883 0.7995836 0.3928927 0.7298322 0.3986659 0.7298322 0.3986659 0.7472733 0.3802214 0.7647101 0.384699 0.7647101 0.384699 0.7821468 0.3889883 0.7298322 0.3986659 0.2223289 0.9179347 0.2223289 0.946116 0.001693665 0.946116 0.2223289 0.9179347 0.001693665 0.946116 0.001693665 0.9179347 0.33874 0.7663596 0.4887992 0.7663596 0.4887992 0.7952374 0.33874 0.7663596 0.4887992 0.7952374 0.33874 0.7952373 0.05846309 0.832176 0.05846309 0.8161247 0.3050684 0.8161247 0.05846309 0.832176 0.3050684 0.8161247 0.3050684 0.832176 0.9937752 0.5039309 0.9937753 0.7505362 0.9872888 0.7505362 0.9937752 0.5039309 0.9872888 0.7505362 0.9872887 0.5039309 0.6447455 0.759621 0.6447455 0.7052744 0.8913508 0.7052744 0.6447455 0.759621 0.8913508 0.7052744 0.8913508 0.759621 0.8784124 0.2731767 0.8784124 0.3354255 0.8689717 0.3354255 0.8784124 0.2731767 0.8689717 0.3354255 0.8689717 0.2731767 0.9462275 0.2456258 0.9501319 0.2456258 0.9501319 0.263329 0.9501319 0.263329 0.9544212 0.263329 0.9544212 0.281032 0.9544212 0.281032 0.9588988 0.281032 0.9588988 0.2987307 0.9588988 0.2987307 0.9641466 0.2987307 0.9641466 0.3164338 0.9404543 0.3164338 0.9404543 0.2279272 0.9462275 0.2279272 0.9404543 0.3164338 0.9462275 0.2279272 0.9462275 0.2456258 0.9588988 0.2987307 0.9641466 0.3164338 0.9404543 0.3164338 0.9544212 0.281032 0.9588988 0.2987307 0.9404543 0.3164338 0.9404543 0.3164338 0.9462275 0.2456258 0.9501319 0.263329 0.9501319 0.263329 0.9544212 0.281032 0.9404543 0.3164338 0.5536135 0.7072337 0.5536135 0.3749748 0.5754342 0.3749748 0.5536135 0.7072337 0.5754342 0.3749748 0.5754342 0.7072337 0.8561294 0.320686 0.8655701 0.320686 0.8655701 0.356651 0.8561294 0.320686 0.8655701 0.356651 0.8561294 0.356651 0.5016883 0.9450805 0.7339344 0.9450805 0.7339352 0.9548474 0.5016883 0.9450805 0.7339352 0.9548474 0.5016874 0.9548474 0.001696884 0.9858075 0.2483022 0.9858075 0.2483022 0.9922941 0.001696884 0.9858075 0.2483022 0.9922941 0.001696884 0.9922941 0.7239805 0.4352355 0.726377 0.4986171 0.6472674 0.5101951 0.7239805 0.4352355 0.6472674 0.5101951 0.6447483 0.4435743 0.7516993 0.9812746 0.9983046 0.9812746 0.9983046 0.9877609 0.7516993 0.9812746 0.9983046 0.9877609 0.7516993 0.9877609 0.05506473 0.5288161 0.05506473 0.8743339 0.001691401 0.8743339 0.05506473 0.5288161 0.001691401 0.8743339 0.001691341 0.5288161 0.3399619 0.4157056 0.3399619 0.6623109 0.2516929 0.6623109 0.3399619 0.4157056 0.2516929 0.6623109 0.2516929 0.4157056 0.726363 0.3750229 0.7239805 0.4352355 0.6447483 0.4435743 0.726363 0.3750229 0.6447483 0.4435743 0.6473876 0.3768655 0.9739927 0.9105321 0.9649022 0.9105321 0.9649022 0.5650155 0.9739927 0.9105321 0.9649022 0.5650155 0.9739927 0.5650155 0.4998337 0.2671072 0.4998335 0.1510124 0.8425724 0.1510124 0.4998337 0.2671072 0.8425724 0.1510124 0.8425725 0.2671071 0.3084573 0.9089103 0.3084573 0.8794698 0.6407163 0.8794698 0.3084573 0.9089103 0.6407163 0.8794698 0.6407164 0.9089102 0.9076008 0.6912801 0.9076007 0.6238294 0.9170414 0.6238294 0.9076008 0.6912801 0.9170414 0.6238294 0.9170415 0.6912801 0.9136502 0.3387873 0.9364136 0.3387873 0.9364137 0.6191835 0.9136502 0.3387873 0.9364137 0.6191835 0.9136503 0.6191835 0.8480422 0.7647133 0.9420676 0.7618828 0.9420585 0.8327127 0.9420585 0.8327127 0.8480839 0.8321959 0.8480315 0.8321785 0.9420585 0.8327127 0.8480315 0.8321785 0.8480422 0.7647133 0.9170415 0.6912801 0.9170415 0.7504184 0.9076008 0.7504184 0.9170415 0.6912801 0.9076008 0.7504184 0.9076008 0.6912801 0.001694858 0.4724734 0.001694858 0.4157003 0.2483002 0.4157003 0.001694858 0.4724734 0.2483002 0.4157003 0.2483002 0.4724734 0.9578211 0.2657566 0.9578211 0.2279274 0.9672619 0.2279274 0.9578211 0.2657566 0.9672619 0.2279274 0.9672619 0.2657566 0.7722012 0.9385576 0.7816148 0.9405127 0.6441208 0.9405127 0.6441208 0.879476 0.7816148 0.879476 0.7722017 0.8814311 0.6441208 0.879476 0.7722017 0.8814311 0.763664 0.8849747 0.763664 0.9350139 0.7722012 0.9385576 0.6441208 0.9405127 0.7564763 0.9300868 0.763664 0.9350139 0.6441208 0.9405127 0.6441208 0.9405127 0.6441208 0.879476 0.763664 0.8849747 0.6441208 0.9405127 0.763664 0.8849747 0.7564763 0.8899019 0.7510366 0.9240425 0.7564763 0.9300868 0.6441208 0.9405127 0.7476477 0.9172214 0.7510366 0.9240425 0.6441208 0.9405127 0.6441208 0.9405127 0.7564763 0.8899019 0.7510366 0.8959462 0.6441208 0.9405127 0.7510366 0.8959462 0.7476477 0.9027717 0.7464968 0.9099943 0.7476477 0.9172214 0.6441208 0.9405127 0.6441208 0.9405127 0.7476477 0.9027717 0.7464968 0.9099943 0.9082124 0.2528099 0.9082124 0.3547412 0.9030271 0.3547412 0.9030271 0.2697228 0.8793347 0.2697228 0.8793347 0.2528099 0.9082124 0.2528099 0.9030271 0.3547412 0.9030271 0.2697228 0.9030271 0.2697228 0.8793347 0.2528099 0.9082124 0.2528099 0.9838914 0.7301621 0.9838914 0.9767674 0.9773867 0.9767674 0.9838914 0.7301621 0.9773867 0.9767674 0.9773867 0.7301621 0.9892985 0.001696228 0.9892985 0.2483015 0.9827938 0.2483015 0.9892985 0.001696228 0.9827938 0.2483015 0.9827937 0.001696228 0.4998387 0.7072337 0.4998386 0.3749748 0.5278302 0.3749748 0.4998387 0.7072337 0.5278302 0.3749748 0.5278302 0.7072337 0.2483068 0.9722247 0.2483068 0.9802601 0.001701354 0.9802601 0.2483068 0.9722247 0.001701354 0.9802601 0.001701354 0.9722247 0.2517036 0.9790191 0.4983089 0.9790191 0.4983089 0.9855228 0.2517036 0.9790191 0.4983089 0.9855228 0.2517036 0.9855228 0.2365379 0.7754223 0.18208 0.7754223 0.18208 0.5288169 0.2365379 0.7754223 0.18208 0.5288169 0.2365379 0.5288169 0.4957191 0.7612225 0.460422 0.7612225 0.460422 0.4157059 0.4957191 0.7612225 0.460422 0.4157059 0.4957191 0.4157058 0.001697242 0.001701116 0.4964424 0.001701056 0.4964425 0.4117291 0.001697242 0.001701116 0.4964425 0.4117291 0.001697242 0.4117291 0.9713664 0.2279325 0.9794029 0.2279325 0.979403 0.474538 0.9713664 0.2279325 0.979403 0.474538 0.9713664 0.474538 0.2483009 0.9518668 0.2483009 0.9679192 0.001695573 0.9679192 0.2483009 0.9518668 0.001695573 0.9679192 0.001695573 0.9518668 0.2516942 0.9903279 0.4982994 0.9903279 0.4982994 0.9968144 0.2516942 0.9903279 0.4982994 0.9968144 0.2516942 0.9968144 0.5290943 0.9134079 0.5290943 0.9415893 0.3084591 0.9415893 0.5290943 0.9134079 0.3084591 0.9415893 0.3084591 0.9134079 0.6413551 0.720497 0.578828 0.720497 0.5788279 0.3749805 0.6413551 0.720497 0.5788279 0.3749805 0.6413551 0.3749805 0.3978438 0.7612187 0.3433521 0.7612187 0.3433521 0.415702 0.3978438 0.7612187 0.3433521 0.415702 0.3978438 0.415702 0.7483077 0.9857993 0.7483077 0.9922987 0.5017024 0.9922987 0.7483077 0.9857993 0.5017024 0.9922987 0.5017024 0.9857993 0.9370611 0.001699864 0.9370611 0.3339589 0.9155634 0.3339589 0.9370611 0.001699864 0.9155634 0.3339589 0.9155634 0.001699864 0.05845654 0.9125725 0.05845654 0.8726886 0.3050619 0.8726886 0.05845654 0.9125725 0.3050619 0.8726886 0.3050619 0.9125725 0.1242052 0.5288131 0.1786872 0.5288131 0.1786872 0.7754185 0.1242052 0.5288131 0.1786872 0.7754185 0.1242053 0.7754185 0.6324531 0.725639 0.6405733 0.7432264 0.4992588 0.7432265 0.6324531 0.725639 0.4992588 0.7432265 0.4991278 0.725639 0.9686255 0.001691818 0.9686255 0.2223275 0.9404594 0.2223275 0.9686255 0.001691818 0.9404594 0.2223275 0.9404594 0.001691818 0.8655709 0.3155511 0.8561301 0.3155511 0.8561301 0.2528132 0.8655709 0.3155511 0.8561301 0.2528132 0.8655709 0.2528132 0.8947587 0.7254874 0.8947587 0.6604074 0.9041994 0.6604074 0.8947587 0.7254874 0.9041994 0.6604074 0.9041994 0.7254874 0.4998379 0.1464253 0.4998379 0.001693069 0.8453556 0.00169301 0.4998379 0.1464253 0.8453556 0.00169301 0.8453556 0.1464252 0.8913521 0.5876312 0.8913521 0.6420885 0.6447467 0.6420885 0.8913521 0.5876312 0.6447467 0.6420885 0.6447467 0.5876312 0.7903553 0.4115621 0.7287459 0.4115621 0.7287459 0.4021214 0.7903553 0.4115621 0.7287459 0.4021214 0.7903553 0.4021214 0.6447532 0.7008017 0.6447532 0.6464551 0.8913586 0.6464551 0.6447532 0.7008017 0.8913586 0.6464551 0.8913586 0.7008017 0.8377331 0.3749831 0.8377331 0.3844239 0.7855406 0.3844239 0.8377331 0.3749831 0.7855406 0.3844239 0.7855406 0.3749831 0.8947587 0.6604074 0.8947586 0.5876392 0.9041993 0.5876392 0.8947587 0.6604074 0.9041993 0.5876392 0.9041994 0.6604074 0.5509642 0.8503208 0.4073488 0.8503208 0.4266935 0.836493 0.5509642 0.8503208 0.4266935 0.836493 0.5934516 0.836493 0.6847831 0.8002992 0.6847831 0.8323804 0.3392664 0.8323804 0.6847831 0.8002992 0.3392664 0.8323804 0.3392664 0.8002992 0.457033 0.7479611 0.4286487 0.7479611 0.4286486 0.4157021 0.457033 0.7479611 0.4286486 0.4157021 0.4570329 0.4157021 0.9101787 0.5821636 0.6540582 0.5821617 0.8983513 0.3277588 0.4982975 0.9654468 0.4982975 0.9743017 0.2516921 0.9743017 0.4982975 0.9654468 0.2516921 0.9743017 0.2516921 0.9654468 0.7482933 0.9722335 0.7482933 0.9802657 0.501688 0.9802657 0.7482933 0.9722335 0.501688 0.9802657 0.501688 0.9722335 0.2398887 0.7385985 0.2427042 0.6647346 0.3358168 0.6742388 0.2398887 0.7385985 0.3358168 0.6742388 0.3332573 0.7414275 0.8818029 0.3290223 0.8818028 0.2731801 0.8912435 0.2731801 0.8818029 0.3290223 0.8912435 0.2731801 0.8912436 0.3290223 0.8487572 0.001691401 0.9121637 0.001691401 0.9121637 0.2482967 0.8487572 0.001691401 0.9121637 0.2482967 0.8487572 0.2482967 0.2516934 0.9450821 0.4982988 0.9450821 0.4982988 0.9611002 0.2516934 0.9450821 0.4982988 0.9611002 0.2516934 0.9611002 0.2483002 0.5251922 0.001694858 0.5251922 0.001694858 0.4724734 0.2483002 0.5251922 0.001694858 0.4724734 0.2483002 0.4724734 0.9793201 0.001695215 0.9793201 0.02597749 0.9773694 0.02597749 0.9793201 0.001695215 0.9773694 0.02597749 0.9773694 0.001695215 0.8446341 0.7641025 0.8446341 0.7961835 0.4991175 0.7961835 0.8446341 0.7641025 0.4991175 0.7961835 0.4991175 0.7641025 0.7108933 0.8297338 0.9059175 0.8660521 0.9059175 0.8739054 0.9059175 0.8739054 0.515867 0.8739054 0.515867 0.8660521 0.9059175 0.8739054 0.515867 0.8660521 0.7108933 0.8297338 0.972019 0.03401041 0.972019 0.001695215 0.9739698 0.001695215 0.972019 0.03401041 0.9739698 0.001695215 0.9739698 0.03401041 0.8472131 0.9586551 0.847213 0.9677457 0.5016965 0.9677457 0.8472131 0.9586551 0.5016965 0.9677457 0.5016965 0.9586551 0.9937833 0.4994191 0.9872838 0.4994191 0.9872837 0.2528137 0.9937833 0.4994191 0.9872837 0.2528137 0.9937832 0.2528137 0.8527308 0.2709117 0.8527308 0.3697877 0.4998393 0.3697877 0.8527308 0.2709117 0.4998393 0.3697877 0.4998393 0.2709117 0.9615133 0.8116168 0.9454423 0.8116168 0.9454423 0.5650115 0.9615133 0.8116168 0.9454423 0.5650115 0.9615133 0.5650115 0.4286487 0.7479611 0.4012331 0.7479611 0.4012331 0.4157021 0.4286487 0.7479611 0.4012331 0.4157021 0.4286486 0.4157021 0.5278302 0.7072337 0.5278302 0.3749748 0.5536135 0.3749748 0.5278302 0.7072337 0.5536135 0.3749748 0.5536135 0.7072337 0.8775241 0.8862364 0.8783466 0.9530687 0.7859762 0.9530687 0.8775241 0.8862364 0.7859762 0.9530687 0.7850725 0.8796029 0.2427031 0.8123664 0.2398887 0.7385985 0.3332573 0.7414275 0.2427031 0.8123664 0.3332573 0.7414275 0.3358168 0.8085333 0.9679732 0.3387848 0.9679732 0.5594206 0.9398071 0.5594206 0.9679732 0.3387848 0.9398071 0.5594206 0.9398071 0.3387848 0.9838979 0.7256559 0.9773954 0.7256559 0.9773954 0.4790506 0.9838979 0.7256559 0.9773954 0.4790506 0.9838979 0.4790505 0.120813 0.8092075 0.05845379 0.8092075 0.05845373 0.5288116 0.120813 0.8092075 0.05845373 0.5288116 0.120813 0.5288116 0.0584557 0.8364952 0.4039735 0.8364952 0.4039735 0.8685711 0.0584557 0.8364952 0.4039735 0.8685711 0.0584557 0.8685711 0.3348634 0.1802295 0.3070936 0.1783326 0.3122442 0.116589 0.3122442 0.116589 0.3353028 0.05304008 0.3613637 0.002521038 0.3613637 0.002521038 0.5578894 0.1094196 0.5408416 0.1718514 0.3613637 0.002521038 0.5408416 0.1718514 0.5344234 0.2363815 0.3348634 0.1802295 0.3122442 0.116589 0.3613637 0.002521038 0.3271886 0.3155687 0.3279729 0.2477113 0.3348634 0.1802295 0.3458338 0.4410842 0.3333312 0.3743942 0.3271886 0.3155687 0.5429918 0.3657462 0.5577579 0.4288939 0.3458338 0.4410842 0.3613637 0.002521038 0.5344234 0.2363815 0.5357319 0.3012638 0.5357319 0.3012638 0.5429918 0.3657462 0.3458338 0.4410842 0.3458338 0.4410842 0.3271886 0.3155687 0.3348634 0.1802295 0.3348634 0.1802295 0.3613637 0.002521038 0.5357319 0.3012638 0.3348634 0.1802295 0.5357319 0.3012638 0.3458338 0.4410842 0.7656667 0.3925736 0.7656667 0.1788119 0.7723424 0.1788119 0.7656667 0.3925736 0.7723424 0.1788119 0.7723425 0.3925724 0.208546 0.04854559 0.208546 0.1103155 0.2000546 0.1103155 0.208546 0.04854559 0.2000546 0.1103155 0.2000546 0.04854559 0.1616144 0.01351815 0.1616144 0.002156913 0.1616144 0.007837593 0.1616144 0.002156913 0.1670829 0.003034174 0.1616144 0.007837593 0.9589505 0.853134 0.9100993 0.853134 0.9100993 0.6261568 0.9589505 0.853134 0.9100993 0.6261568 0.9589505 0.6261568 0.4162403 0.705309 0.6727911 0.705309 0.6727911 0.794236 0.3319658 0.794236 0.3319658 0.4835966 0.4162403 0.4835966 0.4162403 0.705309 0.6727911 0.794236 0.3319658 0.794236 0.4162403 0.705309 0.3319658 0.794236 0.4162403 0.4835966 0.9035938 0.8949434 0.5977808 0.8949434 0.5977808 0.8694998 0.9035938 0.8949434 0.5977808 0.8694998 0.9035938 0.8694998 0.4664056 0.04854381 0.5275115 0.04854381 0.5275115 0.05703532 0.4664056 0.04854381 0.5275115 0.05703532 0.4664056 0.05703532 0.2019037 0.001849174 0.2284927 0.001849174 0.2284927 0.01813608 0.2019037 0.001849174 0.2284927 0.01813608 0.2019037 0.01813608 0.9809569 0.6521182 0.9809568 0.3115401 0.9869485 0.3115401 0.9809569 0.6521182 0.9869485 0.3115401 0.9869486 0.6521182 0.8935995 0.03160792 0.8935995 0.05962342 0.8918454 0.05962342 0.8935995 0.03160792 0.8918454 0.05962342 0.8918454 0.03160792 0.5451939 0.6687887 0.4862864 0.6687887 0.4862864 0.4418115 0.5451939 0.6687887 0.4862864 0.4418115 0.5451938 0.4418115 0.2488536 0.5671652 0.2488536 0.7809277 0.2400662 0.7809284 0.2488536 0.5671652 0.2400662 0.7809284 0.2400662 0.5671659 0.9027596 0.957981 0.9027597 0.9817958 0.5969466 0.9817958 0.9027596 0.957981 0.5969466 0.9817958 0.5969465 0.957981 0.5932215 0.9606801 0.1387563 0.960691 0.3021656 0.7982178 0.5932215 0.9606801 0.3021656 0.7982178 0.5947488 0.7982099 0.5071922 0.03625941 0.5071922 0.0447508 0.4438179 0.04475086 0.5071922 0.03625941 0.4438179 0.04475086 0.4438179 0.03625947 0.8275154 0.04958069 0.6821075 0.04958075 0.6821075 0.001845419 0.8881462 0.001845359 0.8881556 0.08068162 0.8816314 0.08068162 0.8340301 0.08068168 0.8340301 0.3076589 0.8275154 0.3076589 0.8881462 0.001845359 0.8816314 0.08068162 0.8340301 0.08068168 0.8275154 0.04958069 0.6821075 0.001845419 0.8881462 0.001845359 0.8340301 0.08068168 0.8275154 0.3076589 0.8275154 0.04958069 0.8275154 0.04958069 0.8881462 0.001845359 0.8340301 0.08068168 0.001848042 0.001850426 0.1520804 0.002238214 0.1625486 0.02537775 0.1364895 0.03763091 0.3180648 0.4390676 0.04110234 0.5484446 0.001848042 0.001850426 0.1625486 0.02537775 0.1364895 0.03763091 0.04110234 0.5484446 0.001848101 0.548338 0.001848042 0.001850426 0.001848042 0.001850426 0.1364895 0.03763091 0.04110234 0.5484446 0.1763038 0.01413625 0.1763038 0.09660273 0.1678124 0.09660273 0.1763038 0.01413625 0.1678124 0.09660273 0.1678124 0.01413625 0.4862864 0.6687887 0.4199362 0.6687887 0.4199362 0.4418115 0.4862864 0.6687887 0.4199362 0.4418115 0.4862864 0.4418115 0.8972908 0.001841127 0.899045 0.001841127 0.899045 0.02785974 0.8972908 0.001841127 0.899045 0.02785974 0.8972908 0.02785974 0.3428722 0.02492254 0.3428722 0.001841247 0.3446263 0.001841247 0.3428722 0.02492254 0.3446263 0.001841247 0.3446263 0.02492254 0.09228396 0.5327554 0.1603102 0.5327554 0.1603102 0.7597327 0.09228396 0.5327554 0.1603102 0.7597327 0.09228396 0.7597327 0.7069122 0.05345761 0.7665979 0.05345761 0.7665979 0.06194901 0.7069122 0.05345761 0.7665979 0.06194901 0.7069122 0.06194901 0.2319602 0.06579095 0.1763451 0.007559239 0.1812306 0.002644479 0.237692 0.0617631 0.2676251 0.1293009 0.2824449 0.1937657 0.3114417 0.1914343 0.320348 0.274977 0.3262722 0.3504154 0.3262722 0.3504154 0.3294894 0.4272837 0.3279595 0.4957618 0.3279595 0.4957618 0.320035 0.5638183 0.3083164 0.6224716 0.3083164 0.6224716 0.2872281 0.6875957 0.2634008 0.7433505 0.262922 0.8184739 0.2212685 0.8729734 0.1811442 0.913339 0.1811442 0.913339 0.1763452 0.9083127 0.216151 0.8682718 0.262922 0.8184739 0.1811442 0.913339 0.216151 0.8682718 0.3114417 0.1914343 0.3262722 0.3504154 0.3279595 0.4957618 0.262922 0.8184739 0.216151 0.8682718 0.2569559 0.8148823 0.262922 0.8184739 0.2569559 0.8148823 0.2801612 0.7576491 0.2319602 0.06579095 0.1812306 0.002644479 0.237692 0.0617631 0.2611134 0.1315741 0.2319602 0.06579095 0.237692 0.0617631 0.2611134 0.1315741 0.237692 0.0617631 0.2824449 0.1937657 0.2891722 0.7537376 0.262922 0.8184739 0.2801612 0.7576491 0.2634008 0.7433505 0.2891722 0.7537376 0.2801612 0.7576491 0.277131 0.2012447 0.2611134 0.1315741 0.2824449 0.1937657 0.2634008 0.7433505 0.2801612 0.7576491 0.2542642 0.7472136 0.2634008 0.7433505 0.2542642 0.7472136 0.2808293 0.6850559 0.277131 0.2012447 0.2824449 0.1937657 0.3114417 0.1914343 0.3053578 0.1989762 0.277131 0.2012447 0.3114417 0.1914343 0.3083164 0.6224716 0.2634008 0.7433505 0.2808293 0.6850559 0.3083164 0.6224716 0.2808293 0.6850559 0.301688 0.6206395 0.3135303 0.2756264 0.3053578 0.1989762 0.3114417 0.1914343 0.3194366 0.3508322 0.3135303 0.2756264 0.3114417 0.1914343 0.3279595 0.4957618 0.3083164 0.6224716 0.301688 0.6206395 0.3279595 0.4957618 0.301688 0.6206395 0.3132687 0.5626793 0.3194366 0.3508322 0.3114417 0.1914343 0.3279595 0.4957618 0.322639 0.427337 0.3194366 0.3508322 0.3279595 0.4957618 0.3279595 0.4957618 0.3132687 0.5626793 0.3211204 0.4952481 0.3211204 0.4952481 0.322639 0.427337 0.3279595 0.4957618 0.4889981 0.06082993 0.5482088 0.06082993 0.5482088 0.06932145 0.4889981 0.06082993 0.5482088 0.06932145 0.4889981 0.06932145 0.5080607 0.03111088 0.4212319 0.03111094 0.4212901 0.01413327 0.5080607 0.03111088 0.4212901 0.01413327 0.5081189 0.01413261 0.5474065 0.2195362 0.556123 0.1446155 0.5677407 0.06896764 0.5677407 0.06896764 0.5823286 0.002703309 0.7733677 0.09738624 0.5677407 0.06896764 0.7733677 0.09738624 0.7627654 0.170176 0.5406329 0.2963309 0.5474065 0.2195362 0.5677407 0.06896764 0.5868939 0.4417265 0.5710048 0.3713473 0.5687413 0.2998071 0.5687413 0.2998071 0.5406329 0.2963309 0.5677407 0.06896764 0.5677407 0.06896764 0.7627654 0.170176 0.7540513 0.2450966 0.5677407 0.06896764 0.7540513 0.2450966 0.7491031 0.3201493 0.5868939 0.4417265 0.5687413 0.2998071 0.5677407 0.06896764 0.7728654 0.4147807 0.6301828 0.5100503 0.5868939 0.4417265 0.5677407 0.06896764 0.7491031 0.3201493 0.7543427 0.385495 0.7543427 0.385495 0.7728654 0.4147807 0.5868939 0.4417265 0.5677407 0.06896764 0.7543427 0.385495 0.5868939 0.4417265 0.5118051 0.02262502 0.5118051 0.01413357 0.5729256 0.01413357 0.5118051 0.02262502 0.5729256 0.01413357 0.5729256 0.02262502 0.7762184 0.1050816 0.8238292 0.1050816 0.8238292 0.3320598 0.7762184 0.1050816 0.8238292 0.3320598 0.7762184 0.3320598 0.1194163 0.9740398 0.1194163 0.9653614 0.4374317 0.9653614 0.1194163 0.9740398 0.4374317 0.9653614 0.4374317 0.9740398 0.5972247 0.9284905 0.9030383 0.9284905 0.9030383 0.9528073 0.5972247 0.9284905 0.9030383 0.9528073 0.5972248 0.9528073 0.9628294 0.3115489 0.9772626 0.3115489 0.9772627 0.538527 0.9628294 0.3115489 0.9772627 0.538527 0.9628295 0.538527 0.001839756 0.5524186 0.05081641 0.5524186 0.05081647 0.7793967 0.001839756 0.5524186 0.05081647 0.7793967 0.001839756 0.7793967 0.001843631 0.9879299 0.001843631 0.9801037 0.319859 0.9801037 0.001843631 0.9879299 0.319859 0.9801037 0.319859 0.9879299 0.1639947 0.8801799 0.1639947 0.6532026 0.1783925 0.6532026 0.1639947 0.8801799 0.1783925 0.6532026 0.1783925 0.8801799 0.05494636 0.547506 0.08671051 0.547506 0.08671057 0.8655214 0.05494636 0.547506 0.08671057 0.8655214 0.05494642 0.8655214 0.9578723 0.08541107 0.9578723 0.3123893 0.8990169 0.3123893 0.9578723 0.08541107 0.8990169 0.3123893 0.8990169 0.08541113 0.236373 0.7941436 0.1875241 0.7941436 0.1875241 0.5671663 0.236373 0.7941436 0.1875241 0.5671663 0.2363729 0.5671663 0.2432515 0.001847147 0.2432515 0.05465501 0.2347601 0.05465501 0.2432515 0.001847147 0.2347601 0.05465501 0.2347601 0.001847147 0.9064106 0.6344758 0.8577724 0.6344758 0.8577724 0.31646 0.9064106 0.6344758 0.8577724 0.31646 0.9064106 0.31646 0.8105219 0.06574833 0.8105219 0.07094085 0.7267466 0.07094067 0.8105219 0.06574833 0.7267466 0.07094067 0.7267466 0.06574833 0.3235542 0.9800996 0.581633 0.9800996 0.581633 0.9879401 0.3235542 0.9800996 0.581633 0.9879401 0.3235542 0.9879401 0.1884858 0.02887922 0.1884858 0.0945751 0.1799944 0.0945751 0.1884858 0.02887922 0.1799944 0.0945751 0.1799944 0.02887922 0.1157229 0.7638084 0.1157229 0.9668837 0.090393 0.9668837 0.1157229 0.7638084 0.090393 0.9668837 0.090393 0.7638084 0.5981336 0.8326273 0.8012089 0.8326273 0.8012089 0.8576424 0.5981336 0.8326273 0.8012089 0.8576424 0.5981336 0.8576424 0.5984117 0.8031373 0.801487 0.8031373 0.801487 0.828401 0.5984117 0.8031373 0.801487 0.828401 0.5984117 0.828401 0.5853264 0.9874722 0.8123045 0.9874722 0.8123045 0.9932779 0.5853264 0.9874722 0.8123045 0.9932779 0.5853264 0.9932779 0.212233 0.1204212 0.2207244 0.1204212 0.2207244 0.1791035 0.212233 0.1204212 0.2207244 0.1791035 0.212233 0.1791035 0.5004054 0.001848936 0.5004054 0.01034033 0.4459398 0.01034039 0.5004054 0.001848936 0.4459398 0.01034039 0.4459398 0.001848995 0.2477267 0.001843154 0.3143941 0.001843154 0.312879 0.08460539 0.2477267 0.001843154 0.312879 0.08460539 0.252234 0.08460664 0.9906335 0.2328862 0.9964049 0.2328862 0.9964049 0.4598644 0.9906335 0.2328862 0.9964049 0.4598644 0.9906335 0.4598644 0.8990169 0.08541113 0.8990169 0.3123893 0.8377091 0.3123893 0.8990169 0.08541113 0.8377091 0.3123893 0.8377091 0.08541113 0.001839935 0.9981597 0.001839935 0.9923883 0.2288181 0.9923883 0.001839935 0.9981597 0.2288181 0.9923883 0.2288181 0.9981597 0.1838358 0.5616065 0.1838358 0.6485086 0.1669713 0.6485661 0.2855248 0.5008168 0.2855248 0.6481596 0.2686508 0.6482178 0.2855248 0.5008168 0.2686508 0.6482178 0.2686508 0.5613138 0.1838358 0.5616065 0.1669713 0.6485661 0.1669713 0.5012252 0.2855248 0.5008168 0.2686508 0.5613138 0.1838358 0.5616065 0.1838358 0.5616065 0.1669713 0.5012252 0.2855248 0.5008168 0.8935995 0.00183779 0.8935995 0.03160792 0.8918454 0.03160792 0.8935995 0.00183779 0.8918454 0.03160792 0.8918453 0.00183779 0.9033195 0.8989875 0.9033195 0.9243742 0.5975064 0.9243742 0.9033195 0.8989875 0.5975064 0.9243742 0.5975064 0.8989875 0.212233 0.1204212 0.212233 0.06083232 0.2207244 0.06083232 0.212233 0.1204212 0.2207244 0.06083232 0.2207244 0.1204212 0.7770724 0.5136453 0.7770724 0.3410443 0.85408 0.3410443 0.8540801 0.7026679 0.55536 0.7026679 0.55536 0.5136453 0.7770724 0.5136453 0.85408 0.3410443 0.8540801 0.7026679 0.7770724 0.5136453 0.8540801 0.7026679 0.55536 0.5136453 0.675781 0.001847326 0.6775351 0.001847326 0.6775351 0.03175324 0.675781 0.001847326 0.6775351 0.03175324 0.675781 0.03175324 0.208546 0.1103155 0.208546 0.1698607 0.2000546 0.1698607 0.208546 0.1103155 0.2000546 0.1698607 0.2000546 0.1103155 0.5601493 0.001848936 0.5601493 0.01034033 0.5004054 0.01034033 0.5601493 0.001848936 0.5004054 0.01034033 0.5004054 0.001848936 0.9100983 0.6222715 0.9100982 0.3164585 0.9591388 0.3164585 0.9100983 0.6222715 0.9591388 0.3164585 0.9591388 0.6222715 0.9924918 0.4639368 0.9963647 0.4639368 0.9963647 0.7220155 0.9924918 0.4639368 0.9963647 0.7220155 0.9924919 0.7220155 0.9175969 0.001857101 0.9525237 0.001850008 0.9527286 0.07802271 0.9175969 0.001857101 0.9527286 0.07802271 0.8921593 0.07803261 0.6764735 0.7988066 0.7542724 0.7368406 0.7592842 0.7941573 0.6764735 0.7988066 0.6764735 0.7080734 0.7542724 0.7368406 0.9628221 0.5425952 0.9772571 0.5425952 0.9772572 0.7695733 0.9628221 0.5425952 0.9772572 0.7695733 0.9628227 0.7695733 0.4459398 0.001848995 0.4459398 0.01034039 0.380554 0.01034039 0.4459398 0.001848995 0.380554 0.01034039 0.380554 0.001848995 0.9814729 0.3076565 0.9615593 0.3076565 0.9615592 0.001843512 0.9814729 0.3076565 0.9615592 0.001843512 0.9814729 0.001843512 0.9044839 0.001841008 0.9044839 0.02404993 0.9027298 0.02404993 0.9044839 0.001841008 0.9027298 0.02404993 0.9027298 0.001841008 0.9061449 0.8654238 0.8577778 0.8654238 0.8577777 0.6384466 0.9061449 0.8654238 0.8577777 0.6384466 0.9061448 0.6384466 0.9809417 0.8850957 0.9809417 0.6581186 0.9888011 0.6581186 0.9809417 0.8850957 0.9888011 0.6581186 0.9888011 0.8850957 0.6720982 0.00184518 0.6720982 0.01033669 0.6027622 0.01033669 0.6720982 0.00184518 0.6027622 0.01033669 0.6027622 0.00184518 0.3181028 0.08472418 0.3181028 0.002567768 0.3391716 0.009634733 0.8260853 0.787955 0.7592842 0.7941573 0.7542724 0.7368406 0.8260853 0.787955 0.7542724 0.7368406 0.8242386 0.7628144 0.1560558 0.001842319 0.1561043 0.001842319 0.1560608 0.001854121 0.5683515 0.03625941 0.5683515 0.0447508 0.5071922 0.0447508 0.5683515 0.03625941 0.5071922 0.0447508 0.5071922 0.03625941 0.9851682 0.2288262 0.9851681 0.001848995 0.9909982 0.001848995 0.9851682 0.2288262 0.9909982 0.001848995 0.9909982 0.2288262 0.686947 0.4667214 0.6869471 0.8805508 0.4966375 0.8804806 0.686947 0.4667214 0.4966375 0.8804806 0.4966374 0.4666491 0.9267523 0.1325824 0.9745319 0.1325824 0.9745319 0.3707604 0.9267523 0.1325824 0.9745319 0.3707604 0.9267523 0.3707604 0.1382114 0.04995155 0.1291549 0.04995155 0.1291549 0.001750171 0.1382114 0.04995155 0.1291549 0.001750171 0.1382114 0.001750171 0.4927589 0.5862473 0.4927589 0.8095673 0.4842796 0.8091906 0.4927589 0.5862473 0.4842796 0.8091906 0.4842796 0.5858718 0.007548749 0.08585381 0.007548809 0.3240317 0.001751899 0.3240317 0.007548749 0.08585381 0.001751899 0.3240317 0.001751959 0.08585381 0.008782386 0.002253949 0.008786916 0.002242743 0.008832156 0.002253949 0.6072549 0.2629275 0.8115622 0.001751065 0.8105939 0.2408431 0.6072549 0.2629275 0.4006672 0.001751065 0.8115622 0.001751065 0.4892615 0.5544385 0.2761667 0.5544385 0.2761667 0.5297261 0.4892615 0.5544385 0.2761667 0.5297261 0.4892615 0.5297261 0.9136081 0.2513728 0.9158347 0.3097452 0.8425022 0.322615 0.9136081 0.2513728 0.8425022 0.322615 0.8400344 0.2579532 0.8524821 0.001755774 0.8615387 0.001755774 0.8615388 0.023153 0.8524821 0.001755774 0.8615388 0.023153 0.8524822 0.023153 0.001879394 0.002010822 0.6739968 0.2957089 0.6002363 0.4630859 0.05842679 0.2263212 0.0302639 0.2540557 0.001879394 0.002010822 0.001879394 0.002010822 0.6002363 0.4630859 0.05842679 0.2263212 0.3932029 0.001748859 0.3932029 0.05721688 0.3841463 0.05721688 0.3932029 0.001748859 0.3841463 0.05721688 0.3841463 0.001748859 0.9612696 0.06793504 0.9522129 0.06793504 0.9522129 0.001748025 0.9612696 0.06793504 0.9522129 0.001748025 0.9612696 0.001748025 0.9978307 0.001752972 0.9978307 0.2399308 0.9920333 0.2399308 0.9978307 0.001752972 0.9920333 0.2399308 0.9920333 0.001752972 0.2119639 0.07406204 0.4362728 0.07406204 0.4362731 0.08266937 0.2119639 0.07406204 0.4362731 0.08266937 0.2119639 0.08266937 0.02910792 0.5746525 0.4929238 0.5699673 0.4672946 0.5983487 0.02910792 0.5746525 0.4672946 0.5983487 0.001849889 0.6030473 0.6119745 0.4565469 0.6232059 0.4199247 0.8504906 0.4199247 0.6119745 0.4565469 0.8504906 0.4199247 0.8392593 0.4565469 0.3969424 0.002064764 0.4050479 0.042427 0.4032856 0.03365159 0.4050479 0.042427 0.3970053 0.04632061 0.4032856 0.03365159 0.001849889 0.6030473 0.0156036 0.2617324 0.02392894 0.2624022 0.02392894 0.2624022 0.04161131 0.2638136 0.02910792 0.5746525 0.02392894 0.2624022 0.02910792 0.5746525 0.001849889 0.6030473 0.07289773 0.02987527 0.05789387 0.001753151 0.1255831 0.001753151 0.07289773 0.02987527 0.1255831 0.001753151 0.09963858 0.02986967 0.8150725 0.001751601 0.8364202 0.001751601 0.8364203 0.2399294 0.8150725 0.001751601 0.8364203 0.2399294 0.8150726 0.2399294 0.2119639 0.08266937 0.4362731 0.08266937 0.4362726 0.09016263 0.2119639 0.08266937 0.4362726 0.09016263 0.2119637 0.09016263 0.482139 0.111554 0.482139 0.1156685 0.4050928 0.1156685 0.482139 0.111554 0.4050928 0.1156685 0.4050928 0.111554 0.973841 0.001750409 0.973841 0.06792831 0.9647843 0.06792831 0.973841 0.001750409 0.9647843 0.06792831 0.9647843 0.001750409 0.9334693 0.07710641 0.92245 0.1347071 0.8498303 0.1287089 0.9334693 0.07710641 0.8498303 0.1287089 0.862038 0.06490015 0.04011911 0.3880764 0.1472797 0.4033246 0.04011911 0.4194505 0.04011911 0.3880764 0.0480346 0.357761 0.1472797 0.4033246 0.2440403 0.1045712 0.244011 0.09520471 0.4673313 0.09520471 0.2440403 0.1045712 0.4673313 0.09520471 0.467361 0.1045712 0.001747012 0.6068218 0.1216781 0.6068218 0.3202571 0.6768509 0.3202571 0.6768509 0.3202571 0.7626324 0.001747012 0.7626324 0.3202571 0.6768509 0.001747012 0.7626324 0.001747012 0.6068218 0.1424531 0.05949074 0.1424531 0.001750409 0.380631 0.001750409 0.1424531 0.05949074 0.380631 0.001750409 0.380631 0.05949074 0.2437826 0.8611661 0.245123 0.8567951 0.4724077 0.8567951 0.2437826 0.8611661 0.4724077 0.8567951 0.4710673 0.8611661 0.9158166 0.1929135 0.9136081 0.2513728 0.8400344 0.2579532 0.9158166 0.1929135 0.8400344 0.2579532 0.8424811 0.1931866 0.06324571 0.4768959 0.1472797 0.4033246 0.084827 0.4990578 0.04799866 0.4497478 0.1472797 0.4033246 0.06324571 0.4768959 0.04011911 0.4194505 0.1472797 0.4033246 0.04799866 0.4497478 0.084827 0.4990578 0.1472797 0.4033246 0.1112421 0.5147131 0.1112421 0.5147131 0.1472797 0.4033246 0.1407119 0.5228032 0.1472797 0.4033246 0.1712149 0.522758 0.1407119 0.5228032 0.1472797 0.4033246 0.2006848 0.5146045 0.1712149 0.522758 0.1472797 0.4033246 0.2271178 0.4988858 0.2006848 0.5146045 0.1472797 0.4033246 0.2486901 0.4766696 0.2271178 0.4988858 0.1472797 0.4033246 0.2639461 0.4494763 0.2486901 0.4766696 0.1472797 0.4033246 0.2718527 0.419161 0.2639461 0.4494763 0.1472797 0.4033246 0.2718527 0.3877868 0.2718527 0.419161 0.1472797 0.4033246 0.2639731 0.3574896 0.2718527 0.3877868 0.1472797 0.4033246 0.248726 0.3303415 0.2639731 0.3574896 0.1472797 0.4033246 0.2271447 0.3081796 0.248726 0.3303415 0.1472797 0.4033246 0.2007297 0.2925243 0.2271447 0.3081796 0.1712778 0.2844341 0.2007297 0.2925243 0.1472797 0.4033246 0.2434284 0.8531435 0.2434284 0.8474405 0.4816063 0.8474404 0.2434284 0.8531435 0.4816063 0.8474404 0.4816063 0.8531435 0.5771321 0.8848227 0.5771321 0.9251978 0.2434238 0.9251978 0.5771321 0.8848227 0.2434238 0.9251978 0.2434238 0.8848227 0.001752018 0.8411023 0.2399298 0.8411023 0.2399298 0.9025577 0.001752018 0.8411023 0.2399298 0.9025577 0.001752018 0.9025577 0.92245 0.1347071 0.9158166 0.1929135 0.8424811 0.1931866 0.92245 0.1347071 0.8424811 0.1931866 0.8498303 0.1287089 0.001752018 0.7680117 0.1071351 0.7680117 0.2399298 0.7680117 0.2399298 0.7680117 0.2399298 0.8411023 0.001752018 0.8411023 0.2399298 0.7680117 0.001752018 0.8411023 0.001752018 0.7680117 0.9158347 0.3097452 0.9224849 0.3676828 0.8498689 0.3868011 0.9158347 0.3097452 0.8498689 0.3868011 0.8425022 0.322615 0.320271 0.9292099 0.3218286 0.9703868 0.003381788 0.9703868 0.320271 0.9292099 0.003381788 0.9703868 0.0018242 0.9292099 0.2761194 0.1092134 0.3372025 0.1092134 0.3372026 0.1182701 0.2761194 0.1092134 0.3372026 0.1182701 0.2761194 0.1182701 0.580626 0.8871584 0.8188037 0.8871584 0.8188037 0.9433477 0.580626 0.8871584 0.8188037 0.9433477 0.580626 0.9433477 0.8632134 0.468131 0.8632135 0.8819602 0.6869471 0.8805508 0.8632134 0.468131 0.6869471 0.8805508 0.686947 0.4667214 0.001754403 0.9881406 0.001754403 0.980607 0.3863537 0.980607 0.001754403 0.9881406 0.3863537 0.980607 0.3863537 0.9881406 0.4015924 0.1092188 0.4015924 0.1182754 0.3407129 0.1182754 0.4015924 0.1092188 0.3407129 0.1182754 0.3407129 0.1092188 0.1407658 0.2844794 0.1712778 0.2844341 0.1472797 0.4033246 0.1112869 0.2926329 0.1407658 0.2844794 0.1472797 0.4033246 0.9716086 0.4876719 0.9716086 0.8085756 0.9444344 0.8085756 0.9716086 0.4876719 0.9444344 0.8085756 0.9444344 0.4876719 0.2119631 0.06482577 0.4362736 0.06482571 0.4362728 0.07406204 0.2119631 0.06482577 0.4362728 0.07406204 0.2119639 0.07406204 0.08485394 0.3083516 0.1112869 0.2926329 0.1472797 0.4033246 0.06328165 0.3305678 0.08485394 0.3083516 0.1472797 0.4033246 0.8489882 0.0718131 0.8399316 0.0718131 0.8399316 0.001752972 0.8489882 0.0718131 0.8399316 0.001752972 0.8489882 0.001752972 0.9978384 0.7002698 0.9978384 0.9133651 0.9751116 0.9133651 0.9978384 0.7002698 0.9751116 0.9133651 0.9751116 0.7002698 0.0480346 0.357761 0.06328165 0.3305678 0.1472797 0.4033246 0.4050268 0.7281864 0.4025291 0.7372779 0.402529 0.6044829 0.4805523 0.6044829 0.4805523 0.7372779 0.4780545 0.7281864 0.4805523 0.6044829 0.4780545 0.7281864 0.4735262 0.7199408 0.4095551 0.7199408 0.4050268 0.7281864 0.402529 0.6044829 0.4158534 0.7129987 0.4095551 0.7199408 0.402529 0.6044829 0.402529 0.6044829 0.4805523 0.6044829 0.4735262 0.7199408 0.402529 0.6044829 0.4735262 0.7199408 0.4672279 0.7129987 0.4235802 0.7077451 0.4158534 0.7129987 0.402529 0.6044829 0.4323044 0.7044718 0.4235802 0.7077451 0.402529 0.6044829 0.402529 0.6044829 0.4672279 0.7129987 0.4595011 0.7077451 0.402529 0.6044829 0.4595011 0.7077451 0.4507769 0.7044718 0.4415407 0.7033601 0.4323044 0.7044718 0.402529 0.6044829 0.4507769 0.7044718 0.4415407 0.7033601 0.402529 0.6044829 0.8974301 0.003620445 0.8974301 0.001751601 0.9276188 0.001751601 0.8974301 0.003620445 0.9276188 0.001751601 0.9276188 0.003620445 0.8620928 0.4501221 0.8498689 0.3868011 0.9224849 0.3676828 0.8620928 0.4501221 0.9224849 0.3676828 0.9335209 0.4248414 0.6462906 0.9478979 0.6462906 0.97487 0.3253868 0.97487 0.6462906 0.9478979 0.3253868 0.97487 0.3253868 0.9478979 0.03017419 0.008760094 0.05204647 0.008760094 0.05204647 0.01062893 0.03017419 0.008760094 0.05204647 0.01062893 0.03017419 0.01062893 0.9885255 0.3354554 0.9780386 0.3354554 0.9780386 0.00174719 0.9885255 0.3354554 0.9780386 0.00174719 0.9885255 0.00174719 0.6474227 0.9845199 0.658654 0.9478977 0.8859388 0.9478977 0.6474227 0.9845199 0.8859388 0.9478977 0.8747075 0.9845199 0.9488069 0.02045071 0.9334693 0.07710641 0.862038 0.06490015 0.9488069 0.02045071 0.862038 0.06490015 0.8790279 0.002131342 0.01413291 0.003622651 0.01413291 0.001751601 0.04455685 0.001751601 0.01413291 0.003622651 0.04455685 0.001751601 0.04455685 0.003622651 0.4025291 0.8426603 0.3237602 0.8426603 0.3237601 0.6044829 0.3237601 0.6044829 0.402529 0.6044829 0.4025291 0.7372779 0.3237601 0.6044829 0.4025291 0.7372779 0.4025291 0.8426603 0.9409325 0.5160199 0.9409325 0.8568412 0.8667232 0.8565426 0.9409325 0.5160199 0.8667232 0.8565426 0.8667231 0.5157213 0.03448051 0.5693302 0.03448051 0.5297257 0.2726583 0.5297257 0.03448051 0.5693302 0.2726583 0.5297257 0.2726583 0.5693302 0.9982526 0.3755415 0.9982526 0.6964452 0.975108 0.6964452 0.9982526 0.3755415 0.975108 0.6964452 0.975108 0.3755415 0.4884582 0.4199249 0.4884582 0.5245545 0.2753571 0.5245544 0.4884582 0.4199249 0.2753571 0.5245544 0.2753571 0.4199249 0.9335209 0.4248414 0.9488738 0.4808864 0.8791031 0.5122073 0.9335209 0.4248414 0.8791031 0.5122073 0.8620928 0.4501221 0.8650422 0.03263235 0.8650422 0.001755893 0.8669133 0.001755893 0.8650422 0.03263235 0.8669133 0.001755893 0.8669133 0.03263235 0.9486101 0.06949633 0.9486101 0.1242404 0.9395534 0.1242404 0.9486101 0.06949633 0.9395534 0.1242404 0.9395534 0.06949633 0.0302639 0.2540557 0.05842679 0.2263212 0.04161131 0.2638136 0.04161131 0.2638136 0.02392894 0.2624022 0.02563035 0.2586287 0.0302639 0.2540557 0.04161131 0.2638136 0.02563035 0.2586287</float_array>
          <technique_common>
            <accessor source="#PalacePratsi_h_l_l_002-mesh-map-0-array" count="2823" stride="2">
              <param name="S" type="float"/>
              <param name="T" type="float"/>
            </accessor>
          </technique_common>
        </source>
        <vertices id="PalacePratsi_h_l_l_002-mesh-vertices">
          <input semantic="POSITION" source="#PalacePratsi_h_l_l_002-mesh-positions"/>
        </vertices>
        <triangles material="_52f0cb1-13f5-4b1e-9ee4-1dc8ff341026-material" count="174">
          <input semantic="VERTEX" source="#PalacePratsi_h_l_l_002-mesh-vertices" offset="0"/>
          <input semantic="NORMAL" source="#PalacePratsi_h_l_l_002-mesh-normals" offset="1"/>
          <input semantic="TEXCOORD" source="#PalacePratsi_h_l_l_002-mesh-map-0" offset="2" set="0"/>
          <p>106 0 0 110 0 1 107 0 2 106 0 3 107 0 4 105 0 5 82 0 6 84 0 7 83 0 8 82 0 9 83 0 10 80 0 11 276 1 12 275 1 13 282 1 14 276 2 15 282 2 16 281 2 17 9 3 18 8 3 19 10 3 20 10 4 21 8 4 22 6 4 23 11 5 24 10 5 25 6 5 26 329 6 27 331 6 28 330 6 29 329 7 30 330 7 31 328 7 32 124 8 33 126 8 34 121 8 35 124 8 36 121 8 37 122 8 38 149 9 39 151 9 40 150 9 41 149 10 42 150 10 43 148 10 44 300 11 45 301 11 46 299 11 47 300 12 48 299 12 49 298 12 50 58 13 51 60 13 52 59 13 53 58 13 54 59 13 55 57 13 56 229 13 57 220 13 58 223 13 59 229 13 60 223 13 61 227 13 62 318 14 63 311 14 64 312 14 65 318 15 66 312 15 67 317 15 68 163 16 69 212 16 70 161 16 71 163 17 72 161 17 73 162 17 74 77 18 75 81 18 76 79 18 77 77 18 78 79 18 79 78 18 80 145 19 81 147 19 82 146 19 83 145 20 84 146 20 85 143 20 86 188 21 87 185 21 88 183 21 89 188 22 90 183 22 91 190 22 92 15 23 93 152 23 94 14 23 95 15 24 96 14 24 97 16 24 98 261 25 99 262 25 100 255 25 101 261 26 102 255 26 103 256 26 104 225 8 105 230 8 106 228 8 107 225 8 108 228 8 109 226 8 110 111 8 111 112 8 112 108 8 113 111 8 114 108 8 115 109 8 116 292 27 117 294 27 118 293 27 119 292 28 120 293 28 121 291 28 122 90 18 123 92 18 124 91 18 125 90 18 126 91 18 127 89 18 128 132 0 129 135 0 130 134 0 131 132 0 132 134 0 133 133 0 134 325 29 135 327 29 136 326 29 137 325 30 138 326 30 139 324 30 140 193 31 141 174 31 142 192 31 143 193 32 144 192 32 145 191 32 146 0 0 147 5 0 148 2 0 149 0 0 150 2 0 151 3 0 152 251 18 153 252 18 154 253 18 155 251 18 156 253 18 157 254 18 158 239 8 159 242 8 160 240 8 161 239 8 162 240 8 163 241 8 164 41 18 165 44 18 166 43 18 167 41 18 168 43 18 169 42 18 170 39 8 171 40 8 172 37 8 173 39 8 174 37 8 175 38 8 176 259 33 177 260 33 178 257 33 179 259 33 180 257 33 181 258 33 182 52 13 183 54 13 184 49 13 185 52 13 186 49 13 187 47 13 188 51 18 189 56 18 190 55 18 191 51 18 192 55 18 193 53 18 194 273 34 195 274 34 196 272 34 197 273 35 198 272 35 199 271 35 200 87 8 201 88 8 202 85 8 203 87 8 204 85 8 205 86 8 206 61 13 207 64 13 208 63 13 209 61 13 210 63 13 211 62 13 212 164 36 213 165 36 214 166 36 215 167 37 216 168 37 217 169 37 218 164 38 219 166 38 220 167 38 221 171 37 222 172 37 223 173 37 224 167 37 225 169 37 226 170 37 227 170 37 228 171 37 229 173 37 230 164 39 231 167 39 232 170 39 233 173 37 234 164 37 235 170 37 236 25 18 237 28 18 238 27 18 239 25 18 240 27 18 241 26 18 242 32 13 243 34 13 244 30 13 245 32 13 246 30 13 247 29 13 248 175 13 249 180 13 250 179 13 251 178 13 252 181 13 253 182 13 254 175 13 255 179 13 256 178 13 257 182 13 258 177 13 259 175 13 260 175 13 261 178 13 262 182 13 263 219 18 264 224 18 265 221 18 266 219 18 267 221 18 268 222 18 269 102 18 270 104 18 271 103 18 272 102 18 273 103 18 274 100 18 275 322 40 276 323 40 277 306 40 278 322 41 279 306 41 280 307 41 281 315 42 282 316 42 283 313 42 284 315 43 285 313 43 286 314 43 287 288 44 288 290 44 289 289 44 290 288 45 291 289 45 292 287 45 293 197 37 294 201 37 295 202 37 296 197 37 297 202 37 298 209 37 299 217 46 300 218 46 301 213 46 302 217 47 303 213 47 304 214 47 305 66 0 306 68 0 307 67 0 308 66 0 309 67 0 310 65 0 311 284 48 312 286 48 313 285 48 314 284 49 315 285 49 316 283 49 317 194 50 318 208 50 319 207 50 320 194 50 321 207 50 322 203 50 323 231 0 324 232 0 325 234 0 326 231 0 327 234 0 328 233 0 329 69 18 330 72 18 331 71 18 332 69 18 333 71 18 334 70 18 335 195 37 336 204 37 337 205 37 338 195 51 339 205 51 340 206 51 341 160 52 342 155 52 343 157 52 344 160 53 345 157 53 346 159 53 347 268 54 348 267 54 349 270 54 350 268 55 351 270 55 352 269 55 353 158 56 354 156 56 355 211 56 356 158 57 357 211 57 358 210 57 359 187 58 360 189 58 361 186 58 362 187 59 363 186 59 364 184 59 365 153 60 366 154 60 367 215 60 368 153 61 369 215 61 370 216 61 371 48 8 372 50 8 373 45 8 374 48 8 375 45 8 376 46 8 377 302 62 378 305 62 379 304 62 380 302 63 381 304 63 382 303 63 383 265 0 384 266 0 385 263 0 386 265 0 387 263 0 388 264 0 389 245 18 390 246 18 391 244 18 392 245 18 393 244 18 394 243 18 395 31 18 396 36 18 397 35 18 398 31 18 399 35 18 400 33 18 401 73 18 402 76 18 403 75 18 404 73 18 405 75 18 406 74 18 407 321 64 408 308 64 409 309 64 410 321 65 411 309 65 412 320 65 413 97 0 414 101 0 415 99 0 416 97 0 417 99 0 418 98 0 419 22 18 420 24 18 421 23 18 422 22 18 423 23 18 424 21 18 425 141 8 426 144 8 427 142 8 428 141 8 429 142 8 430 140 8 431 247 66 432 250 66 433 248 66 434 247 67 435 248 67 436 249 67 437 114 18 438 116 18 439 115 18 440 114 18 441 115 18 442 113 18 443 290 68 444 292 68 445 291 68 446 290 69 447 291 69 448 289 69 449 196 70 450 198 70 451 199 70 452 196 71 453 199 71 454 200 71 455 237 18 456 238 18 457 236 18 458 237 18 459 236 18 460 235 18 461 18 72 462 20 72 463 19 72 464 18 73 465 19 73 466 17 73 467 94 0 468 96 0 469 95 0 470 94 0 471 95 0 472 93 0 473 277 74 474 280 74 475 279 74 476 277 75 477 279 75 478 278 75 479 117 0 480 120 0 481 119 0 482 117 0 483 119 0 484 118 0 485 137 0 486 139 0 487 138 0 488 137 0 489 138 0 490 136 0 491 123 0 492 128 0 493 127 0 494 123 0 495 127 0 496 125 0 497 176 76 498 297 76 499 296 76 500 176 77 501 296 77 502 295 77 503 319 78 504 310 78 505 311 78 506 319 79 507 311 79 508 318 79 509 1 18 510 4 18 511 7 18 512 1 18 513 7 18 514 12 18 515 130 18 516 131 18 517 13 18 518 130 18 519 13 18 520 129 18 521</p>
        </triangles>
        <triangles material="cf3baa43-b6ef-4a47-a15e-c5009307443b-material" count="181">
          <input semantic="VERTEX" source="#PalacePratsi_h_l_l_002-mesh-vertices" offset="0"/>
          <input semantic="NORMAL" source="#PalacePratsi_h_l_l_002-mesh-normals" offset="1"/>
          <input semantic="TEXCOORD" source="#PalacePratsi_h_l_l_002-mesh-map-0" offset="2" set="0"/>
          <p>469 0 522 471 0 523 470 0 524 469 0 525 470 0 526 468 0 527 379 0 528 381 0 529 380 0 530 379 0 531 380 0 532 378 0 533 618 80 534 617 80 535 620 80 536 618 81 537 620 81 538 619 81 539 424 82 540 427 82 541 425 82 542 424 83 543 425 83 544 420 83 545 643 84 546 644 84 547 642 84 548 643 85 549 642 85 550 641 85 551 356 13 552 357 13 553 355 13 554 356 13 555 355 13 556 354 13 557 514 13 558 515 13 559 512 13 560 514 13 561 512 13 562 513 13 563 551 86 564 552 86 565 546 86 566 551 87 567 546 87 568 548 87 569 569 88 570 572 88 571 571 88 572 569 89 573 571 89 574 568 89 575 634 90 576 629 90 577 630 90 578 634 91 579 630 91 580 633 91 581 344 92 582 345 92 583 343 92 584 344 93 585 343 93 586 342 93 587 558 94 588 559 94 589 554 94 590 558 94 591 554 94 592 556 94 593 407 0 594 409 0 595 408 0 596 407 0 597 408 0 598 406 0 599 398 0 600 402 0 601 401 0 602 398 0 603 401 0 604 399 0 605 655 95 606 656 95 607 654 95 608 655 96 609 654 96 610 653 96 611 410 8 612 414 8 613 413 8 614 410 8 615 413 8 616 411 8 617 367 13 618 369 13 619 368 13 620 367 13 621 368 13 622 366 13 623 530 18 624 531 18 625 529 18 626 530 18 627 529 18 628 528 18 629 522 13 630 523 13 631 518 13 632 522 13 633 518 13 634 521 13 635 429 97 636 432 97 637 433 97 638 431 37 639 434 37 640 436 37 641 428 98 642 430 98 643 435 98 644 421 99 645 426 99 646 437 99 647 422 37 648 438 37 649 439 37 650 419 100 651 423 100 652 440 100 653 660 101 654 662 101 655 661 101 656 660 102 657 661 102 658 659 102 659 415 103 660 418 103 661 441 103 662 417 37 663 442 37 664 444 37 665 412 104 666 416 104 667 443 104 668 484 105 669 486 105 670 490 105 671 490 106 672 489 106 673 488 106 674 487 107 675 499 107 676 482 107 677 484 108 678 490 108 679 488 108 680 487 109 681 482 109 682 484 109 683 488 110 684 487 110 685 484 110 686 404 111 687 405 111 688 446 111 689 348 0 690 349 0 691 340 0 692 348 0 693 340 0 694 341 0 695 461 37 696 462 37 697 463 37 698 461 37 699 463 37 700 460 37 701 664 112 702 666 112 703 665 112 704 664 113 705 665 113 706 663 113 707 480 114 708 485 114 709 483 114 710 480 115 711 483 115 712 481 115 713 561 116 714 560 116 715 563 116 716 561 117 717 563 117 718 562 117 719 645 118 720 646 118 721 644 118 722 645 118 723 644 118 724 643 118 725 658 119 726 660 119 727 659 119 728 658 120 729 659 120 730 657 120 731 586 121 732 584 121 733 457 121 734 586 122 735 457 122 736 596 122 737 510 0 738 508 0 739 509 0 740 510 0 741 509 0 742 511 0 743 352 8 744 353 8 745 350 8 746 352 8 747 350 8 748 351 8 749 524 8 750 527 8 751 525 8 752 524 8 753 525 8 754 526 8 755 604 123 756 606 123 757 605 123 758 604 124 759 605 124 760 603 124 761 333 37 762 332 37 763 339 37 764 333 37 765 339 37 766 334 37 767 338 37 768 337 37 769 335 37 770 333 37 771 334 37 772 336 37 773 336 37 774 338 37 775 335 37 776 336 37 777 335 37 778 333 37 779 538 18 780 539 18 781 536 18 782 538 18 783 536 18 784 534 18 785 612 125 786 611 125 787 616 125 788 616 126 789 615 126 790 614 126 791 614 127 792 613 127 793 612 127 794 616 128 795 614 128 796 612 128 797 544 13 798 543 13 799 540 13 800 540 129 801 541 129 802 542 129 803 540 13 804 542 13 805 544 13 806 638 130 807 625 130 808 626 130 809 638 131 810 626 131 811 637 131 812 364 13 813 365 13 814 363 13 815 364 13 816 363 13 817 362 13 818 478 132 819 479 132 820 476 132 821 478 133 822 476 133 823 477 133 824 375 134 825 377 134 826 376 134 827 375 134 828 376 134 829 374 134 830 653 135 831 654 135 832 652 135 833 653 136 834 652 136 835 651 136 836 535 13 837 537 13 838 532 13 839 535 13 840 532 13 841 533 13 842 450 137 843 557 137 844 555 137 845 450 138 846 555 138 847 553 138 848 372 8 849 373 8 850 370 8 851 372 8 852 370 8 853 371 8 854 359 13 855 361 13 856 360 13 857 359 13 858 360 13 859 358 13 860 497 18 861 498 18 862 496 18 863 497 18 864 496 18 865 495 18 866 388 8 867 389 8 868 386 8 869 388 8 870 386 8 871 387 8 872 391 18 873 393 18 874 392 18 875 391 18 876 392 18 877 390 18 878 466 139 879 467 139 880 464 139 881 466 140 882 464 140 883 465 140 884 507 141 885 504 141 886 505 141 887 507 142 888 505 142 889 449 142 890 601 143 891 602 143 892 599 143 893 601 144 894 599 144 895 600 144 896 500 37 897 501 37 898 502 37 899 500 37 900 502 37 901 503 37 902 581 37 903 582 37 904 583 37 905 585 145 906 587 145 907 588 145 908 588 146 909 589 146 910 590 146 911 590 37 912 591 37 913 592 37 914 592 37 915 593 37 916 594 37 917 594 147 918 595 147 919 565 147 920 594 148 921 565 148 922 564 148 923 581 37 924 583 37 925 585 37 926 580 149 927 581 149 928 585 149 929 594 37 930 564 37 931 566 37 932 592 37 933 594 37 934 566 37 935 580 150 936 585 150 937 588 150 938 579 37 939 580 37 940 588 37 941 592 37 942 566 37 943 567 37 944 592 151 945 567 151 946 570 151 947 579 37 948 588 37 949 590 37 950 578 37 951 579 37 952 590 37 953 590 152 954 592 152 955 570 152 956 574 37 957 578 37 958 590 37 959 570 37 960 574 37 961 590 37 962 395 18 963 397 18 964 396 18 965 395 18 966 396 18 967 394 18 968 648 153 969 650 153 970 649 153 971 648 154 972 649 154 973 647 154 974 492 155 975 493 155 976 491 155 977 492 156 978 494 156 979 493 156 980 516 8 981 520 8 982 517 8 983 516 8 984 517 8 985 519 8 986 400 157 987 403 157 988 447 157 989 403 37 990 445 37 991 447 37 992 473 8 993 475 8 994 474 8 995 473 8 996 474 8 997 472 8 998 545 158 999 550 158 1000 549 158 1001 545 159 1002 549 159 1003 547 159 1004 609 160 1005 610 160 1006 607 160 1007 609 161 1008 607 161 1009 608 161 1010 347 162 1011 448 162 1012 506 162 1013 347 163 1014 506 163 1015 346 163 1016 576 164 1017 577 164 1018 573 164 1019 576 164 1020 573 164 1021 575 164 1022 455 165 1023 459 165 1024 458 165 1025 455 166 1026 458 166 1027 456 166 1028 631 167 1029 640 167 1030 639 167 1031 631 168 1032 639 168 1033 632 168 1034 636 169 1035 627 169 1036 628 169 1037 636 170 1038 628 170 1039 635 170 1040 623 171 1041 624 171 1042 622 171 1043 623 172 1044 622 172 1045 621 172 1046 383 18 1047 385 18 1048 384 18 1049 383 18 1050 384 18 1051 382 18 1052 602 173 1053 597 173 1054 598 173 1055 602 174 1056 598 174 1057 599 174 1058 452 175 1059 454 175 1060 453 175 1061 452 175 1062 453 175 1063 451 175 1064</p>
        </triangles>
        <triangles material="_967dabe-3d16-4f56-ba75-0cc8b941888a-material" count="196">
          <input semantic="VERTEX" source="#PalacePratsi_h_l_l_002-mesh-vertices" offset="0"/>
          <input semantic="NORMAL" source="#PalacePratsi_h_l_l_002-mesh-normals" offset="1"/>
          <input semantic="TEXCOORD" source="#PalacePratsi_h_l_l_002-mesh-map-0" offset="2" set="0"/>
          <p>861 176 1065 872 176 1066 860 176 1067 860 177 1068 871 177 1069 859 177 1070 859 178 1071 869 178 1072 858 178 1073 847 179 1074 845 179 1075 849 179 1076 850 180 1077 862 180 1078 861 180 1079 847 181 1080 849 181 1081 850 181 1082 859 182 1083 858 182 1084 847 182 1085 860 183 1086 859 183 1087 847 183 1088 847 184 1089 850 184 1090 861 184 1091 861 185 1092 860 185 1093 847 185 1094 896 8 1095 899 8 1096 897 8 1097 896 8 1098 897 8 1099 898 8 1100 828 186 1101 843 186 1102 841 186 1103 828 187 1104 841 187 1105 827 187 1106 766 0 1107 768 0 1108 767 0 1109 766 0 1110 767 0 1111 765 0 1112 739 13 1113 740 13 1114 737 13 1115 739 13 1116 737 13 1117 738 13 1118 686 13 1119 688 13 1120 687 13 1121 686 13 1122 687 13 1123 685 13 1124 928 8 1125 929 8 1126 922 8 1127 928 8 1128 922 8 1129 924 8 1130 867 188 1131 870 188 1132 866 188 1133 866 189 1134 865 189 1135 864 189 1136 864 190 1137 863 190 1138 852 190 1139 852 191 1140 851 191 1141 855 191 1142 853 192 1143 857 192 1144 868 192 1145 853 193 1146 868 193 1147 867 193 1148 852 194 1149 855 194 1150 853 194 1151 864 195 1152 852 195 1153 853 195 1154 853 196 1155 867 196 1156 866 196 1157 866 197 1158 864 197 1159 853 197 1160 997 198 1161 996 198 1162 1011 198 1163 997 199 1164 1011 199 1165 1012 199 1166 942 200 1167 943 200 1168 941 200 1169 942 201 1170 941 201 1171 940 201 1172 895 202 1173 883 202 1174 885 202 1175 895 203 1176 885 203 1177 894 203 1178 731 13 1179 732 13 1180 729 13 1181 731 13 1182 729 13 1183 730 13 1184 966 204 1185 968 204 1186 967 204 1187 966 205 1188 967 205 1189 965 205 1190 719 13 1191 720 13 1192 716 13 1193 719 13 1194 716 13 1195 718 13 1196 794 0 1197 795 0 1198 790 0 1199 794 0 1200 790 0 1201 792 0 1202 873 13 1203 878 13 1204 824 13 1205 873 13 1206 824 13 1207 825 13 1208 964 206 1209 966 206 1210 965 206 1211 964 207 1212 965 207 1213 962 207 1214 797 208 1215 799 208 1216 798 208 1217 797 209 1218 798 209 1219 796 209 1220 837 13 1221 840 13 1222 839 13 1223 837 13 1224 839 13 1225 838 13 1226 826 210 1227 831 210 1228 830 210 1229 826 211 1230 830 211 1231 829 211 1232 937 212 1233 936 212 1234 939 212 1235 937 212 1236 939 212 1237 938 212 1238 820 0 1239 823 0 1240 822 0 1241 820 0 1242 822 0 1243 821 0 1244 975 213 1245 976 213 1246 978 213 1247 978 214 1248 977 214 1249 979 214 1250 978 215 1251 979 215 1252 975 215 1253 938 216 1254 920 216 1255 921 216 1256 938 217 1257 921 217 1258 937 217 1259 677 218 1260 675 218 1261 676 218 1262 677 219 1263 676 219 1264 678 219 1265 945 220 1266 944 220 1267 958 220 1268 945 220 1269 958 220 1270 811 220 1271 880 221 1272 810 221 1273 879 221 1274 888 222 1275 674 222 1276 893 222 1277 888 223 1278 893 223 1279 892 223 1280 881 224 1281 880 224 1282 879 224 1283 882 225 1284 881 225 1285 879 225 1286 879 226 1287 888 226 1288 892 226 1289 879 227 1290 892 227 1291 891 227 1292 884 228 1293 882 228 1294 879 228 1295 886 229 1296 884 229 1297 879 229 1298 879 230 1299 891 230 1300 890 230 1301 879 231 1302 890 231 1303 889 231 1304 887 232 1305 886 232 1306 879 232 1307 879 233 1308 889 233 1309 887 233 1310 844 234 1311 856 234 1312 854 234 1313 846 235 1314 848 235 1315 842 235 1316 844 236 1317 854 236 1318 846 236 1319 846 237 1320 842 237 1321 844 237 1322 700 8 1323 702 8 1324 697 8 1325 700 8 1326 697 8 1327 698 8 1328 695 8 1329 696 8 1330 693 8 1331 695 8 1332 693 8 1333 694 8 1334 999 238 1335 1000 238 1336 998 238 1337 999 239 1338 998 239 1339 995 239 1340 743 18 1341 748 18 1342 747 18 1343 743 18 1344 747 18 1345 745 18 1346 751 8 1347 753 8 1348 749 8 1349 751 8 1350 749 8 1351 750 8 1352 761 0 1353 764 0 1354 763 0 1355 761 0 1356 763 0 1357 762 0 1358 773 240 1359 775 240 1360 774 240 1361 773 241 1362 774 241 1363 772 241 1364 832 18 1365 834 18 1366 833 18 1367 832 18 1368 833 18 1369 836 18 1370 710 18 1371 712 18 1372 711 18 1373 710 18 1374 711 18 1375 709 18 1376 758 0 1377 760 0 1378 759 0 1379 758 0 1380 759 0 1381 757 0 1382 744 13 1383 746 13 1384 741 13 1385 744 13 1386 741 13 1387 742 13 1388 904 8 1389 909 8 1390 906 8 1391 904 8 1392 906 8 1393 907 8 1394 809 8 1395 673 8 1396 672 8 1397 809 8 1398 672 8 1399 808 8 1400 801 8 1401 804 8 1402 802 8 1403 801 8 1404 802 8 1405 800 8 1406 722 0 1407 724 0 1408 723 0 1409 722 0 1410 723 0 1411 721 0 1412 1009 242 1413 1010 242 1414 1007 242 1415 1009 243 1416 1007 243 1417 1008 243 1418 682 13 1419 684 13 1420 683 13 1421 682 13 1422 683 13 1423 681 13 1424 714 18 1425 717 18 1426 715 18 1427 714 18 1428 715 18 1429 713 18 1430 983 37 1431 985 37 1432 981 37 1433 983 37 1434 981 37 1435 835 37 1436 905 0 1437 908 0 1438 911 0 1439 905 0 1440 911 0 1441 910 0 1442 923 18 1443 927 18 1444 926 18 1445 923 18 1446 926 18 1447 925 18 1448 930 244 1449 933 244 1450 932 244 1451 930 245 1452 932 245 1453 931 245 1454 780 0 1455 785 0 1456 783 0 1457 780 0 1458 783 0 1459 779 0 1460 752 0 1461 756 0 1462 755 0 1463 752 0 1464 755 0 1465 754 0 1466 947 246 1467 946 246 1468 957 246 1469 947 247 1470 957 247 1471 956 247 1472 690 13 1473 692 13 1474 691 13 1475 690 13 1476 691 13 1477 689 13 1478 949 248 1479 953 248 1480 952 248 1481 949 249 1482 952 249 1483 951 249 1484 933 250 1485 935 250 1486 934 250 1487 933 251 1488 934 251 1489 932 251 1490 982 13 1491 984 13 1492 986 13 1493 982 13 1494 986 13 1495 980 13 1496 777 8 1497 781 8 1498 778 8 1499 777 8 1500 778 8 1501 776 8 1502 1002 252 1503 1004 252 1504 1003 252 1505 1002 253 1506 1003 253 1507 1001 253 1508 912 254 1509 914 254 1510 913 254 1511 813 8 1512 815 8 1513 814 8 1514 813 8 1515 814 8 1516 812 8 1517 770 0 1518 771 0 1519 669 0 1520 770 0 1521 669 0 1522 769 0 1523 972 255 1524 974 255 1525 973 255 1526 972 256 1527 973 256 1528 971 256 1529 950 257 1530 948 257 1531 955 257 1532 950 258 1533 955 258 1534 954 258 1535 875 259 1536 876 259 1537 877 259 1538 875 259 1539 877 259 1540 874 259 1541 703 13 1542 705 13 1543 701 13 1544 703 13 1545 701 13 1546 699 13 1547 680 260 1548 679 260 1549 677 260 1550 680 261 1551 677 261 1552 678 261 1553 991 262 1554 992 262 1555 989 262 1556 991 263 1557 989 263 1558 990 263 1559 789 8 1560 793 8 1561 791 8 1562 789 8 1563 791 8 1564 788 8 1565 919 264 1566 918 264 1567 916 264 1568 916 0 1569 917 0 1570 915 0 1571 916 265 1572 915 265 1573 919 265 1574 993 266 1575 994 266 1576 987 266 1577 993 267 1578 987 267 1579 988 267 1580 805 20 1581 807 20 1582 806 20 1583 805 268 1584 806 268 1585 803 268 1586 734 0 1587 736 0 1588 735 0 1589 734 0 1590 735 0 1591 733 0 1592 667 18 1593 671 18 1594 668 18 1595 667 18 1596 668 18 1597 670 18 1598 725 18 1599 728 18 1600 727 18 1601 725 18 1602 727 18 1603 726 18 1604 1004 269 1605 1006 269 1606 1005 269 1607 1004 270 1608 1005 270 1609 1003 270 1610 995 271 1611 998 271 1612 996 271 1613 995 272 1614 996 272 1615 997 272 1616 959 273 1617 963 273 1618 960 273 1619 959 274 1620 960 274 1621 961 274 1622 970 275 1623 972 275 1624 971 275 1625 970 276 1626 971 276 1627 969 276 1628 900 0 1629 901 0 1630 903 0 1631 900 0 1632 903 0 1633 902 0 1634 704 18 1635 708 18 1636 707 18 1637 704 18 1638 707 18 1639 706 18 1640 816 277 1641 819 277 1642 818 277 1643 816 278 1644 818 278 1645 817 278 1646 786 18 1647 787 18 1648 782 18 1649 786 18 1650 782 18 1651 784 18 1652</p>
        </triangles>
        <triangles material="_e9606d5-7bed-4c29-8410-333f4bba1af6-material" count="222">
          <input semantic="VERTEX" source="#PalacePratsi_h_l_l_002-mesh-vertices" offset="0"/>
          <input semantic="NORMAL" source="#PalacePratsi_h_l_l_002-mesh-normals" offset="1"/>
          <input semantic="TEXCOORD" source="#PalacePratsi_h_l_l_002-mesh-map-0" offset="2" set="0"/>
          <p>1188 37 1653 1187 37 1654 1184 37 1655 1184 37 1656 1185 37 1657 1183 37 1658 1183 279 1659 1186 279 1660 1193 279 1661 1183 280 1662 1193 280 1663 1194 280 1664 1188 281 1665 1184 281 1666 1183 281 1667 1190 282 1668 1189 282 1669 1188 282 1670 1192 283 1671 1191 283 1672 1190 283 1673 1196 37 1674 1197 37 1675 1192 37 1676 1183 284 1677 1194 284 1678 1195 284 1679 1195 285 1680 1196 285 1681 1192 285 1682 1192 286 1683 1190 286 1684 1188 286 1685 1188 37 1686 1183 37 1687 1195 37 1688 1188 287 1689 1195 287 1690 1192 287 1691 1166 288 1692 1161 288 1693 1162 288 1694 1166 289 1695 1162 289 1696 1165 289 1697 1289 290 1698 1291 290 1699 1290 290 1700 1289 291 1701 1290 291 1702 1288 291 1703 1087 292 1704 1088 292 1705 1098 292 1706 1088 37 1707 1097 37 1708 1098 37 1709 1052 13 1710 1054 13 1711 1053 13 1712 1052 13 1713 1053 13 1714 1051 13 1715 1020 13 1716 1018 13 1717 1017 13 1718 1019 13 1719 1021 13 1720 1022 13 1721 1020 13 1722 1017 13 1723 1019 13 1724 1020 293 1725 1019 293 1726 1022 293 1727 1355 294 1728 1356 294 1729 1354 294 1730 1355 295 1731 1354 295 1732 1353 295 1733 1220 296 1734 1224 296 1735 1222 296 1736 1220 297 1737 1222 297 1738 1221 297 1739 1144 298 1740 1146 298 1741 1142 298 1742 1144 299 1743 1142 299 1744 1143 299 1745 1015 13 1746 1016 13 1747 1013 13 1748 1015 13 1749 1013 13 1750 1014 13 1751 1346 300 1752 1337 300 1753 1338 300 1754 1346 301 1755 1338 301 1756 1339 301 1757 1030 302 1758 1032 302 1759 1031 302 1760 1030 303 1761 1031 303 1762 1029 303 1763 1100 304 1764 1163 304 1765 1164 304 1766 1100 305 1767 1164 305 1768 1099 305 1769 1358 306 1770 1360 306 1771 1359 306 1772 1358 307 1773 1359 307 1774 1357 307 1775 1181 308 1776 1182 308 1777 1179 308 1778 1181 309 1779 1179 309 1780 1180 309 1781 1299 310 1782 1302 310 1783 1301 310 1784 1299 310 1785 1301 310 1786 1300 310 1787 1113 311 1788 1123 311 1789 1160 311 1790 1125 312 1791 1159 312 1792 1102 312 1793 1111 0 1794 1112 0 1795 1114 0 1796 1125 313 1797 1102 313 1798 1111 313 1799 1113 314 1800 1160 314 1801 1125 314 1802 1111 0 1803 1114 0 1804 1113 0 1805 1113 315 1806 1125 315 1807 1111 315 1808 1325 316 1809 1327 316 1810 1326 316 1811 1328 37 1812 1330 37 1813 1329 37 1814 1325 317 1815 1326 317 1816 1328 317 1817 1329 37 1818 1324 37 1819 1325 37 1820 1325 318 1821 1328 318 1822 1329 318 1823 1276 13 1824 1274 13 1825 1287 13 1826 1276 13 1827 1287 13 1828 1286 13 1829 1032 319 1830 1034 319 1831 1033 319 1832 1032 320 1833 1033 320 1834 1031 320 1835 1333 321 1836 1334 321 1837 1352 321 1838 1333 322 1839 1352 322 1840 1351 322 1841 1343 323 1842 1344 323 1843 1341 323 1844 1343 324 1845 1341 324 1846 1342 324 1847 1156 325 1848 1158 325 1849 1155 325 1850 1156 326 1851 1155 326 1852 1157 326 1853 1257 327 1854 1258 327 1855 1242 327 1856 1257 328 1857 1242 328 1858 1245 328 1859 1272 37 1860 1273 37 1861 1275 37 1862 1277 37 1863 1278 37 1864 1280 37 1865 1282 329 1866 1283 329 1867 1223 329 1868 1223 37 1869 1219 37 1870 1213 37 1871 1213 330 1872 1216 330 1873 1232 330 1874 1232 331 1875 1236 331 1876 1240 331 1877 1246 37 1878 1249 37 1879 1252 37 1880 1252 37 1881 1251 37 1882 1248 37 1883 1246 37 1884 1252 37 1885 1248 37 1886 1282 332 1887 1223 332 1888 1213 332 1889 1246 37 1890 1248 37 1891 1244 37 1892 1246 333 1893 1244 333 1894 1241 333 1895 1272 37 1896 1275 37 1897 1277 37 1898 1271 334 1899 1272 334 1900 1277 334 1901 1271 37 1902 1277 37 1903 1280 37 1904 1243 335 1905 1246 335 1906 1241 335 1907 1240 336 1908 1243 336 1909 1241 336 1910 1270 37 1911 1271 37 1912 1280 37 1913 1240 37 1914 1241 37 1915 1239 37 1916 1240 37 1917 1239 37 1918 1235 37 1919 1270 37 1920 1280 37 1921 1282 37 1922 1269 37 1923 1270 37 1924 1282 37 1925 1232 337 1926 1240 337 1927 1235 337 1928 1232 37 1929 1235 37 1930 1231 37 1931 1268 338 1932 1269 338 1933 1282 338 1934 1266 37 1935 1268 37 1936 1282 37 1937 1213 339 1938 1232 339 1939 1231 339 1940 1213 340 1941 1231 340 1942 1229 340 1943 1266 37 1944 1282 37 1945 1213 37 1946 1226 37 1947 1266 37 1948 1213 37 1949 1213 37 1950 1229 37 1951 1227 37 1952 1227 37 1953 1226 37 1954 1213 37 1955 1281 341 1956 1279 341 1957 1285 341 1958 1281 342 1959 1285 342 1960 1284 342 1961 1139 37 1962 1140 37 1963 1152 37 1964 1139 37 1965 1152 37 1966 1151 37 1967 1202 343 1968 1201 343 1969 1199 343 1970 1199 37 1971 1200 37 1972 1198 37 1973 1199 37 1974 1198 37 1975 1204 37 1976 1203 37 1977 1202 37 1978 1199 37 1979 1209 37 1980 1207 37 1981 1205 37 1982 1205 37 1983 1203 37 1984 1199 37 1985 1199 344 1986 1204 344 1987 1206 344 1988 1199 345 1989 1206 345 1990 1208 345 1991 1209 37 1992 1205 37 1993 1199 37 1994 1212 37 1995 1211 37 1996 1209 37 1997 1199 346 1998 1208 346 1999 1210 346 2000 1210 347 2001 1212 347 2002 1209 347 2003 1199 348 2004 1210 348 2005 1209 348 2006 1296 349 2007 1297 349 2008 1295 349 2009 1296 350 2010 1295 350 2011 1294 350 2012 1105 0 2013 1110 0 2014 1109 0 2015 1105 0 2016 1109 0 2017 1107 0 2018 1093 351 2019 1096 351 2020 1095 351 2021 1093 352 2022 1095 352 2023 1091 352 2024 1363 353 2025 1364 353 2026 1362 353 2027 1363 354 2028 1362 354 2029 1361 354 2030 1076 0 2031 1078 0 2032 1077 0 2033 1076 0 2034 1077 0 2035 1075 0 2036 1067 0 2037 1070 0 2038 1069 0 2039 1067 0 2040 1069 0 2041 1068 0 2042 1084 355 2043 1086 355 2044 1085 355 2045 1084 356 2046 1085 356 2047 1083 356 2048 1045 13 2049 1046 13 2050 1044 13 2051 1045 13 2052 1044 13 2053 1043 13 2054 1080 357 2055 1082 357 2056 1081 357 2057 1080 358 2058 1081 358 2059 1079 358 2060 1027 359 2061 1028 359 2062 1026 359 2063 1027 360 2064 1026 360 2065 1025 360 2066 1039 13 2067 1042 13 2068 1041 13 2069 1039 13 2070 1041 13 2071 1037 13 2072 1261 361 2073 1262 361 2074 1228 361 2075 1261 362 2076 1228 362 2077 1230 362 2078 1090 8 2079 1094 8 2080 1092 8 2081 1090 8 2082 1092 8 2083 1089 8 2084 1150 363 2085 1154 363 2086 1153 363 2087 1150 364 2088 1153 364 2089 1148 364 2090 1117 18 2091 1118 18 2092 1115 18 2093 1117 18 2094 1115 18 2095 1116 18 2096 1259 365 2097 1260 365 2098 1234 365 2099 1259 366 2100 1234 366 2101 1238 366 2102 1171 0 2103 1172 0 2104 1174 0 2105 1171 0 2106 1174 0 2107 1173 0 2108 1169 18 2109 1170 18 2110 1168 18 2111 1169 18 2112 1168 18 2113 1167 18 2114 1177 13 2115 1178 13 2116 1175 13 2117 1177 13 2118 1175 13 2119 1176 13 2120 1073 8 2121 1074 8 2122 1071 8 2123 1073 8 2124 1071 8 2125 1072 8 2126 1264 367 2127 1265 367 2128 1225 367 2129 1264 367 2130 1225 367 2131 1263 367 2132 1217 368 2133 1215 368 2134 1256 368 2135 1217 369 2136 1256 369 2137 1233 369 2138 1311 370 2139 1313 370 2140 1312 370 2141 1311 371 2142 1312 371 2143 1310 371 2144 1036 18 2145 1040 18 2146 1038 18 2147 1036 18 2148 1038 18 2149 1035 18 2150 1025 372 2151 1026 372 2152 1024 372 2153 1025 373 2154 1024 373 2155 1023 373 2156 1047 18 2157 1050 18 2158 1049 18 2159 1047 18 2160 1049 18 2161 1048 18 2162 1147 374 2163 1141 374 2164 1145 374 2165 1132 375 2166 1137 375 2167 1138 375 2168 1132 37 2169 1138 37 2170 1149 37 2171 1147 37 2172 1145 37 2173 1131 37 2174 1132 376 2175 1149 376 2176 1147 376 2177 1147 377 2178 1131 377 2179 1132 377 2180 1345 378 2181 1346 378 2182 1339 378 2183 1345 379 2184 1339 379 2185 1340 379 2186 1370 380 2187 1372 380 2188 1371 380 2189 1370 380 2190 1371 380 2191 1369 380 2192 1264 381 2193 1101 381 2194 1267 381 2195 1264 382 2196 1267 382 2197 1265 382 2198 1128 18 2199 1126 18 2200 1124 18 2201 1127 18 2202 1130 18 2203 1129 18 2204 1128 18 2205 1124 18 2206 1127 18 2207 1128 18 2208 1127 18 2209 1129 18 2210 1332 383 2211 1336 383 2212 1335 383 2213 1332 384 2214 1335 384 2215 1331 384 2216 1291 385 2217 1293 385 2218 1292 385 2219 1291 386 2220 1292 386 2221 1290 386 2222 1214 387 2223 1218 387 2224 1215 387 2225 1214 388 2226 1215 388 2227 1217 388 2228 1135 389 2229 1136 389 2230 1133 389 2231 1135 390 2232 1133 390 2233 1134 390 2234 1120 391 2235 1122 391 2236 1121 391 2237 1120 392 2238 1121 392 2239 1119 392 2240 1322 393 2241 1323 393 2242 1314 393 2243 1322 394 2244 1314 394 2245 1320 394 2246 1308 395 2247 1304 395 2248 1307 395 2249 1308 396 2250 1309 396 2251 1304 396 2252 1064 0 2253 1066 0 2254 1065 0 2255 1064 0 2256 1065 0 2257 1063 0 2258 1233 397 2259 1256 397 2260 1255 397 2261 1233 398 2262 1255 398 2263 1237 398 2264 1365 399 2265 1368 399 2266 1367 399 2267 1365 400 2268 1367 400 2269 1366 400 2270 1347 401 2271 1350 401 2272 1349 401 2273 1347 402 2274 1349 402 2275 1348 402 2276 1060 18 2277 1062 18 2278 1061 18 2279 1060 18 2280 1061 18 2281 1059 18 2282 1106 18 2283 1108 18 2284 1103 18 2285 1106 18 2286 1103 18 2287 1104 18 2288 1247 403 2289 1254 403 2290 1253 403 2291 1247 403 2292 1253 403 2293 1250 403 2294 1316 404 2295 1317 404 2296 1318 404 2297 1306 405 2298 1307 405 2299 1304 405 2300 1306 406 2301 1304 406 2302 1305 406 2303 1319 407 2304 1315 407 2305 1321 407 2306 1298 408 2307 1303 408 2308 1302 408 2309 1298 409 2310 1302 409 2311 1299 409 2312 1057 13 2313 1058 13 2314 1055 13 2315 1057 13 2316 1055 13 2317 1056 13 2318</p>
        </triangles>
        <triangles material="_35888ca-cdff-4f03-88a4-179c0e7a602f-material" count="168">
          <input semantic="VERTEX" source="#PalacePratsi_h_l_l_002-mesh-vertices" offset="0"/>
          <input semantic="NORMAL" source="#PalacePratsi_h_l_l_002-mesh-normals" offset="1"/>
          <input semantic="TEXCOORD" source="#PalacePratsi_h_l_l_002-mesh-map-0" offset="2" set="0"/>
          <p>1503 410 2319 1504 410 2320 1508 410 2321 1503 410 2322 1508 410 2323 1502 410 2324 1414 0 2325 1417 0 2326 1416 0 2327 1414 0 2328 1416 0 2329 1415 0 2330 1541 411 2331 1544 411 2332 1543 411 2333 1541 411 2334 1543 411 2335 1542 411 2336 1484 412 2337 1472 412 2338 1473 412 2339 1484 413 2340 1473 413 2341 1482 413 2342 1420 8 2343 1421 8 2344 1418 8 2345 1420 8 2346 1418 8 2347 1419 8 2348 1563 111 2349 1564 111 2350 1565 111 2351 1566 414 2352 1567 414 2353 1568 414 2354 1566 415 2355 1569 415 2356 1567 415 2357 1491 0 2358 1492 0 2359 1494 0 2360 1491 0 2361 1494 0 2362 1493 0 2363 1561 416 2364 1562 416 2365 1551 416 2366 1561 417 2367 1551 417 2368 1552 417 2369 1517 418 2370 1524 418 2371 1523 418 2372 1517 418 2373 1523 418 2374 1519 418 2375 1571 419 2376 1573 419 2377 1574 419 2378 1572 420 2379 1570 420 2380 1571 420 2381 1571 421 2382 1574 421 2383 1572 421 2384 1525 422 2385 1526 422 2386 1515 422 2387 1525 423 2388 1515 423 2389 1516 423 2390 1539 424 2391 1540 424 2392 1538 424 2393 1539 425 2394 1538 425 2395 1537 425 2396 1400 8 2397 1401 8 2398 1398 8 2399 1400 8 2400 1398 8 2401 1399 8 2402 1449 426 2403 1476 426 2404 1477 426 2405 1449 427 2406 1477 427 2407 1447 427 2408 1581 428 2409 1579 428 2410 1582 428 2411 1581 429 2412 1582 429 2413 1583 429 2414 1407 18 2415 1409 18 2416 1408 18 2417 1407 18 2418 1408 18 2419 1405 18 2420 1431 430 2421 1434 430 2422 1441 430 2423 1434 431 2424 1440 431 2425 1441 431 2426 1583 432 2427 1584 432 2428 1585 432 2429 1585 433 2430 1580 433 2431 1581 433 2432 1585 434 2433 1581 434 2434 1583 434 2435 1578 435 2436 1575 435 2437 1576 435 2438 1578 436 2439 1576 436 2440 1577 436 2441 1395 437 2442 1397 437 2443 1396 437 2444 1395 438 2445 1396 438 2446 1393 438 2447 1447 439 2448 1477 439 2449 1478 439 2450 1447 440 2451 1478 440 2452 1445 440 2453 1467 441 2454 1470 441 2455 1468 441 2456 1467 442 2457 1468 442 2458 1469 442 2459 1527 443 2460 1528 443 2461 1513 443 2462 1527 444 2463 1513 444 2464 1514 444 2465 1558 445 2466 1559 445 2467 1554 445 2468 1558 446 2469 1554 446 2470 1555 446 2471 1588 447 2472 1589 447 2473 1590 447 2474 1588 448 2475 1592 448 2476 1589 448 2477 1457 449 2478 1471 449 2479 1485 449 2480 1457 450 2481 1485 450 2482 1455 450 2483 1462 0 2484 1464 0 2485 1465 0 2486 1465 0 2487 1466 0 2488 1463 0 2489 1465 0 2490 1463 0 2491 1462 0 2492 1391 451 2493 1394 451 2494 1392 451 2495 1391 452 2496 1392 452 2497 1390 452 2498 1423 18 2499 1425 18 2500 1424 18 2501 1423 18 2502 1424 18 2503 1422 18 2504 1560 453 2505 1561 453 2506 1552 453 2507 1560 454 2508 1552 454 2509 1553 454 2510 1596 455 2511 1589 455 2512 1597 455 2513 1595 456 2514 1589 456 2515 1596 456 2516 1590 457 2517 1589 457 2518 1595 457 2519 1597 458 2520 1589 458 2521 1598 458 2522 1598 459 2523 1589 459 2524 1599 459 2525 1589 460 2526 1600 460 2527 1599 460 2528 1589 461 2529 1601 461 2530 1600 461 2531 1589 462 2532 1602 462 2533 1601 462 2534 1589 463 2535 1603 463 2536 1602 463 2537 1589 464 2538 1604 464 2539 1603 464 2540 1589 465 2541 1605 465 2542 1604 465 2543 1589 466 2544 1606 466 2545 1605 466 2546 1589 467 2547 1607 467 2548 1606 467 2549 1589 468 2550 1608 468 2551 1607 468 2552 1589 469 2553 1609 469 2554 1608 469 2555 1589 470 2556 1611 470 2557 1609 470 2558 1613 471 2559 1611 471 2560 1589 471 2561 1403 0 2562 1406 0 2563 1404 0 2564 1403 0 2565 1404 0 2566 1402 0 2567 1427 472 2568 1429 472 2569 1428 472 2570 1427 473 2571 1428 473 2572 1426 473 2573 1379 474 2574 1380 474 2575 1378 474 2576 1379 475 2577 1378 475 2578 1377 475 2579 1559 476 2580 1560 476 2581 1553 476 2582 1559 477 2583 1553 477 2584 1554 477 2585 1381 18 2586 1383 18 2587 1474 18 2588 1474 478 2589 1380 478 2590 1379 478 2591 1474 479 2592 1379 479 2593 1381 479 2594 1562 480 2595 1549 480 2596 1550 480 2597 1562 481 2598 1550 481 2599 1551 481 2600 1432 482 2601 1435 482 2602 1433 482 2603 1432 483 2604 1433 483 2605 1430 483 2606 1534 484 2607 1536 484 2608 1535 484 2609 1534 485 2610 1535 485 2611 1533 485 2612 1375 486 2613 1376 486 2614 1373 486 2615 1375 487 2616 1373 487 2617 1374 487 2618 1500 488 2619 1506 488 2620 1504 488 2621 1500 489 2622 1504 489 2623 1503 489 2624 1499 8 2625 1501 8 2626 1507 8 2627 1499 8 2628 1507 8 2629 1505 8 2630 1518 490 2631 1522 490 2632 1521 490 2633 1518 490 2634 1521 490 2635 1520 490 2636 1618 491 2637 1613 491 2638 1589 491 2639 1620 492 2640 1618 492 2641 1589 492 2642 1634 493 2643 1635 493 2644 1633 493 2645 1634 493 2646 1633 493 2647 1632 493 2648 1451 494 2649 1475 494 2650 1476 494 2651 1451 495 2652 1476 495 2653 1449 495 2654 1623 496 2655 1620 496 2656 1589 496 2657 1625 497 2658 1623 497 2659 1589 497 2660 1511 498 2661 1512 498 2662 1510 498 2663 1511 498 2664 1510 498 2665 1509 498 2666 1497 13 2667 1498 13 2668 1495 13 2669 1497 13 2670 1495 13 2671 1496 13 2672 1592 499 2673 1625 499 2674 1589 499 2675 1444 500 2676 1387 500 2677 1443 500 2678 1454 501 2679 1456 501 2680 1486 501 2681 1454 502 2682 1486 502 2683 1483 502 2684 1446 503 2685 1444 503 2686 1443 503 2687 1448 504 2688 1446 504 2689 1443 504 2690 1443 505 2691 1454 505 2692 1483 505 2693 1443 506 2694 1483 506 2695 1481 506 2696 1450 507 2697 1448 507 2698 1443 507 2699 1452 508 2700 1450 508 2701 1443 508 2702 1443 509 2703 1481 509 2704 1480 509 2705 1443 510 2706 1480 510 2707 1479 510 2708 1453 511 2709 1452 511 2710 1443 511 2711 1479 512 2712 1453 512 2713 1443 512 2714 1626 513 2715 1627 513 2716 1622 513 2717 1626 514 2718 1622 514 2719 1624 514 2720 1545 515 2721 1550 515 2722 1549 515 2723 1545 516 2724 1549 516 2725 1547 516 2726 1628 517 2727 1631 517 2728 1630 517 2729 1628 518 2730 1630 518 2731 1629 518 2732 1621 519 2733 1616 519 2734 1617 519 2735 1621 520 2736 1617 520 2737 1619 520 2738 1437 82 2739 1439 82 2740 1438 82 2741 1437 521 2742 1438 521 2743 1436 521 2744 1411 18 2745 1413 18 2746 1412 18 2747 1411 18 2748 1412 18 2749 1410 18 2750 1557 522 2751 1558 522 2752 1555 522 2753 1557 523 2754 1555 523 2755 1556 523 2756 1587 524 2757 1594 524 2758 1593 524 2759 1587 525 2760 1593 525 2761 1591 525 2762 1385 526 2763 1389 526 2764 1442 526 2765 1442 526 2766 1443 526 2767 1387 526 2768 1442 527 2769 1387 527 2770 1385 527 2771 1489 37 2772 1490 37 2773 1488 37 2774 1489 37 2775 1488 37 2776 1487 37 2777 1459 0 2778 1461 0 2779 1460 0 2780 1459 0 2781 1460 0 2782 1458 0 2783 1638 528 2784 1639 528 2785 1637 528 2786 1638 529 2787 1637 529 2788 1636 529 2789 1386 530 2790 1388 530 2791 1384 530 2792 1386 530 2793 1384 530 2794 1382 530 2795 1547 531 2796 1548 531 2797 1546 531 2798 1547 532 2799 1546 532 2800 1545 532 2801 1614 533 2802 1615 533 2803 1610 533 2804 1614 534 2805 1610 534 2806 1612 534 2807 1529 535 2808 1532 535 2809 1530 535 2810 1529 535 2811 1530 535 2812 1531 535 2813 1570 536 2814 1572 536 2815 1580 536 2816 1580 537 2817 1585 537 2818 1586 537 2819 1570 538 2820 1580 538 2821 1586 538 2822</p>
        </triangles>
      </mesh>
    </geometry>
  </library_geometries>
  <library_visual_scenes>
    <visual_scene id="Scene" name="Scene">
      <node id="_52f0cb1-13f5-4b1e-9ee4-1dc8ff341026" name="152f0cb1-13f5-4b1e-9ee4-1dc8ff341026" type="NODE">
        <matrix sid="transform">1 1.4243e-14 8.74228e-8 0 8.74228e-8 -1.62921e-7 -0.9999999 0 0 0.9999999 -1.62921e-7 0 0 0 0 1</matrix>
        <instance_geometry url="#PalacePratsi_h_l_l_002-mesh" name="152f0cb1-13f5-4b1e-9ee4-1dc8ff341026">
          <bind_material>
            <technique_common>
              <instance_material symbol="_52f0cb1-13f5-4b1e-9ee4-1dc8ff341026-material" target="#_52f0cb1-13f5-4b1e-9ee4-1dc8ff341026-material">
                <bind_vertex_input semantic="UVMap" input_semantic="TEXCOORD" input_set="0"/>
              </instance_material>
              <instance_material symbol="cf3baa43-b6ef-4a47-a15e-c5009307443b-material" target="#cf3baa43-b6ef-4a47-a15e-c5009307443b-material">
                <bind_vertex_input semantic="UVMap" input_semantic="TEXCOORD" input_set="0"/>
              </instance_material>
              <instance_material symbol="_967dabe-3d16-4f56-ba75-0cc8b941888a-material" target="#_967dabe-3d16-4f56-ba75-0cc8b941888a-material">
                <bind_vertex_input semantic="UVMap" input_semantic="TEXCOORD" input_set="0"/>
              </instance_material>
              <instance_material symbol="_e9606d5-7bed-4c29-8410-333f4bba1af6-material" target="#_e9606d5-7bed-4c29-8410-333f4bba1af6-material">
                <bind_vertex_input semantic="UVMap" input_semantic="TEXCOORD" input_set="0"/>
              </instance_material>
              <instance_material symbol="_35888ca-cdff-4f03-88a4-179c0e7a602f-material" target="#_35888ca-cdff-4f03-88a4-179c0e7a602f-material">
                <bind_vertex_input semantic="UVMap" input_semantic="TEXCOORD" input_set="0"/>
              </instance_material>
            </technique_common>
          </bind_material>
        </instance_geometry>
      </node>
    </visual_scene>
  </library_visual_scenes>
  <scene>
    <instance_visual_scene url="#Scene"/>
  </scene>
</COLLADA>