<?xml version="1.0" encoding="utf-8"?>
<COLLADA xmlns="http://www.collada.org/2005/11/COLLADASchema" version="1.4.1" xmlns:xsi="http://www.w3.org/2001/XMLSchema-instance">
  <asset>
    <contributor>
      <author>Blender User</author>
      <authoring_tool>Blender 3.3.9 commit date:2023-07-17, commit time:12:27, hash:a23b30d4f773</authoring_tool>
    </contributor>
    <created>2025-12-28T22:29:42</created>
    <modified>2025-12-28T22:29:42</modified>
    <unit name="meter" meter="1"/>
    <up_axis>Z_UP</up_axis>
  </asset>
  <library_effects>
    <effect id="cd742070-8114-4ad5-b0bb-569a8021d904-effect">
      <profile_COMMON>
        <newparam sid="cd742070-8114-4ad5-b0bb-569a8021d904-surface">
          <surface type="2D">
            <init_from>cd742070-8114-4ad5-b0bb-569a8021d904</init_from>
          </surface>
        </newparam>
        <newparam sid="cd742070-8114-4ad5-b0bb-569a8021d904-sampler">
          <sampler2D>
            <source>cd742070-8114-4ad5-b0bb-569a8021d904-surface</source>
          </sampler2D>
        </newparam>
        <technique sid="common">
          <lambert>
            <emission>
              <color sid="emission">0 0 0 1</color>
            </emission>
            <diffuse>
              <texture texture="cd742070-8114-4ad5-b0bb-569a8021d904-sampler" texcoord="UVMap"/>
            </diffuse>
            <index_of_refraction>
              <float sid="ior">1.45</float>
            </index_of_refraction>
          </lambert>
        </technique>
      </profile_COMMON>
    </effect>
    <effect id="fcc88c84-e821-40a7-8520-37694fcf0c78-effect">
      <profile_COMMON>
        <newparam sid="fcc88c84-e821-40a7-8520-37694fcf0c78-surface">
          <surface type="2D">
            <init_from>fcc88c84-e821-40a7-8520-37694fcf0c78</init_from>
          </surface>
        </newparam>
        <newparam sid="fcc88c84-e821-40a7-8520-37694fcf0c78-sampler">
          <sampler2D>
            <source>fcc88c84-e821-40a7-8520-37694fcf0c78-surface</source>
          </sampler2D>
        </newparam>
        <technique sid="common">
          <lambert>
            <emission>
              <color sid="emission">0 0 0 1</color>
            </emission>
            <diffuse>
              <texture texture="fcc88c84-e821-40a7-8520-37694fcf0c78-sampler" texcoord="UVMap"/>
            </diffuse>
            <index_of_refraction>
              <float sid="ior">1.45</float>
            </index_of_refraction>
          </lambert>
        </technique>
      </profile_COMMON>
    </effect>
  </library_effects>
  <library_images>
    <image id="cd742070-8114-4ad5-b0bb-569a8021d904" name="cd742070-8114-4ad5-b0bb-569a8021d904">
      <init_from>cd742070-8114-4ad5-b0bb-569a8021d904_combined.jpg</init_from>
    </image>
    <image id="fcc88c84-e821-40a7-8520-37694fcf0c78" name="fcc88c84-e821-40a7-8520-37694fcf0c78">
      <init_from>fcc88c84-e821-40a7-8520-37694fcf0c78_combined.jpg</init_from>
    </image>
  </library_images>
  <library_materials>
    <material id="cd742070-8114-4ad5-b0bb-569a8021d904-material" name="cd742070-8114-4ad5-b0bb-569a8021d904">
      <instance_effect url="#cd742070-8114-4ad5-b0bb-569a8021d904-effect"/>
    </material>
    <material id="fcc88c84-e821-40a7-8520-37694fcf0c78-material" name="fcc88c84-e821-40a7-8520-37694fcf0c78">
      <instance_effect url="#fcc88c84-e821-40a7-8520-37694fcf0c78-effect"/>
    </material>
  </library_materials>
  <library_geometries>
    <geometry id="Dramikom_drm_h_drm_l_l_002-mesh" name="Dramikom_drm_h+drm_l_l.002">
      <mesh>
        <source id="Dramikom_drm_h_drm_l_l_002-mesh-positions">
          <float_array id="Dramikom_drm_h_drm_l_l_002-mesh-positions-array" count="10503">-24.92754 16.11866 4.408243 -25.20459 15.92576 2.072744 -24.92754 16.11866 2.161943 -24.92754 16.11866 2.161943 -24.60491 16.23996 4.723543 -24.60491 16.23996 2.218044 -24.60491 16.23996 2.218044 -24.25868 16.28136 4.723543 -24.25868 16.28136 2.237144 -24.25868 16.28136 2.237144 -23.91246 16.23996 4.723543 -23.91246 16.23996 2.218044 -23.91246 16.23996 2.218044 -23.58982 16.11866 4.723543 -23.58982 16.11866 2.161943 -23.58982 16.11866 2.161943 -23.58982 16.11866 4.408243 -23.31277 15.92576 3.906843 -23.31277 15.92576 2.072744 -23.31277 15.92576 2.072744 -23.10019 15.67426 3.253344 -23.10019 15.67426 1.956444 -23.10019 15.67426 1.956444 -22.96655 15.38146 2.492344 -22.96655 15.38146 1.820944 -22.96655 15.38146 1.820944 -22.92097 15.06716 1.675644 -22.92097 15.06716 1.675644 -25.5964 15.06716 1.675644 -25.5964 15.06716 1.675644 -25.55082 15.38146 1.820944 -25.55082 15.38146 1.820944 -25.55082 15.38146 2.492344 -25.41718 15.67426 1.956444 -32.73257 13.99236 -0.5152569 -32.73257 13.99236 -0.5152569 32.90504 13.46206 -0.5152569 32.90504 13.46206 -0.5152569 -32.90501 13.46206 -0.5152569 -32.90501 13.46206 -0.5152569 32.73264 13.99236 -0.5152569 32.73264 13.99236 -0.5152569 32.73264 13.99236 -0.5152569 33.16024 13.99236 -0.9674568 33.16024 13.99236 -0.9674568 -33.1602 13.99236 -0.9674568 -33.1602 13.99236 -0.9674568 -33.1602 16.98616 7.739744 -33.1602 16.98616 7.739744 -33.1602 16.98616 7.739744 -32.73257 16.83066 7.739744 -32.73257 16.83066 7.739744 -32.90501 16.30036 7.739744 -32.90501 16.30036 7.739744 -32.77485 13.46206 -0.3776569 -32.77485 16.25306 7.739744 -32.77485 16.25306 7.739744 -32.42844 17.31846 7.739744 -32.42844 17.31846 7.739744 -33.09959 17.17256 7.739744 -33.09959 17.17256 7.739744 -33.25276 17.61816 7.739744 -33.30702 17.45126 7.739744 -33.30702 17.45126 7.739744 -33.25276 14.52736 -1.249357 -33.25276 14.52736 -1.249357 -33.30702 14.36046 -1.249357 -33.30702 14.36046 -1.249357 -33.30702 14.36046 -1.249357 33.30704 14.36046 -1.249357 33.30704 14.36046 -1.249357 33.30704 14.36046 -1.249357 33.25284 14.52736 -1.249357 33.25284 14.52736 -1.249357 -32.42844 14.52736 -0.3776569 32.42844 14.52736 -0.3776569 32.42844 17.31846 7.739744 33.30704 17.45126 7.739744 33.09964 14.17876 -0.9674568 33.09964 14.17876 -0.9674568 33.09964 14.17876 -0.9674568 33.09964 17.17256 7.739744 33.09964 17.17256 7.739744 33.16024 16.98616 7.739744 33.16024 16.98616 7.739744 32.73264 16.83066 7.739744 32.73264 16.83066 7.739744 32.90504 16.30036 7.739744 -33.09959 14.17876 -0.9674568 -33.09959 14.17876 -0.9674568 32.77484 10.46206 -0.3776569 32.77484 10.46206 -0.3776569 32.77484 10.46206 -0.3776569 32.77484 16.25306 7.739744 32.77484 10.46206 7.739744 32.77484 10.46206 7.739744 32.77484 13.46206 -0.3776569 32.77484 13.46206 -0.3776569 -32.77485 13.46206 -0.3776569 -32.77485 10.46206 -0.3776569 -32.91249 9.396664 -0.5152569 -32.91249 9.396664 -0.5152569 -32.03517 9.926963 -0.5152569 -32.03517 9.926963 -0.5152569 -32.03517 9.396664 -0.5152569 -32.03517 9.396664 -0.5152569 -32.91249 9.926963 -0.5152569 -32.91249 9.926963 -0.5152569 -32.91249 9.926963 7.739744 -32.91249 9.926963 7.739744 -32.91249 9.396664 7.739744 -32.91249 9.396664 7.739744 -32.77485 9.396664 -0.3776569 -31.89753 9.396664 -0.3776569 -31.89753 9.396664 -11.99286 -32.03517 9.396664 -12.13046 -32.03517 9.396664 -12.13046 -32.03517 9.396664 -12.13046 8.62344 9.396664 -12.13046 8.62344 9.396664 -12.13046 -32.03517 9.926963 -12.13046 -32.03517 9.926963 -12.13046 -32.03517 9.926963 -12.13046 8.62344 9.926963 -12.13046 8.62344 9.926963 -12.13046 9.075642 9.926963 -12.58265 9.075642 9.926963 -12.58265 9.075642 9.926963 -12.58265 -32.48737 9.926963 -12.58265 -32.48737 9.926963 -12.58265 -32.48737 9.926963 -0.9674568 -33.36468 9.926963 -0.9674568 -33.36468 9.926963 7.739744 -33.36468 10.11336 7.739744 -33.36468 10.11336 -0.9674568 -33.64654 10.29516 7.739744 -33.64654 10.29516 7.739744 -33.64654 10.29516 -1.249357 -33.64654 10.29516 -1.249357 -33.64654 10.29516 -1.249357 -33.64654 10.46206 -1.249357 -33.64654 10.46206 -1.249357 -33.64654 10.46206 -1.249357 -33.64654 10.46206 7.739744 -33.64654 10.46206 7.739744 -32.76922 10.46206 -1.249357 -32.76922 10.46206 -1.249357 -32.77485 10.46206 -0.3776569 -32.77485 10.46206 7.739744 -31.89753 10.46206 -0.3776569 -32.76922 10.46206 -12.86456 -32.76922 10.46206 -12.86456 -31.89753 10.46206 -11.99286 9.357541 10.46206 -12.86456 9.357541 10.46206 -12.86456 8.48584 10.46206 -11.99286 9.357541 10.46206 -9.912257 9.357541 10.46206 -9.912257 8.48584 10.46206 -9.040556 28.61484 10.46206 -9.040556 29.48654 10.46206 -9.912257 29.48654 10.46206 -9.912257 29.48654 10.46206 -9.912257 29.48654 10.46206 -1.249357 29.48654 10.46206 -1.249357 29.48654 10.46206 -1.249357 33.64654 10.46206 -1.249357 33.64654 10.46206 -1.249357 33.64654 10.46206 -1.249357 33.64654 10.46206 7.739744 33.64654 10.46206 7.739744 33.64654 10.29516 -1.249357 33.64654 10.29516 -1.249357 33.64654 10.29516 7.739744 33.36474 10.11336 7.739744 33.36474 10.11336 -0.9674568 33.36474 10.11336 -0.9674568 33.36474 9.926963 -0.9674568 33.36474 9.926963 -0.9674568 33.36474 9.926963 -0.9674568 33.36474 9.926963 7.739744 33.36474 9.926963 7.739744 32.91254 9.926963 7.739744 32.91254 9.926963 7.739744 32.91254 9.926963 -0.5152569 32.91254 9.926963 -0.5152569 32.91254 9.926963 -0.5152569 29.20464 9.926963 -0.9674568 29.20464 9.926963 -0.9674568 28.75244 9.926963 -0.5152569 28.75244 9.926963 -0.5152569 29.20464 9.926963 -9.630358 29.20464 9.926963 -9.630358 28.75244 9.926963 -9.178156 9.075642 9.926963 -9.630358 9.075642 9.926963 -9.630358 9.075642 9.926963 -9.630358 8.62344 9.926963 -9.178156 8.62344 9.396664 -9.178156 28.75244 9.396664 -9.178156 28.75244 9.396664 -0.5152569 28.75244 9.396664 -0.5152569 32.91254 9.396664 -0.5152569 32.91254 9.396664 -0.5152569 32.91254 9.396664 -0.5152569 32.91254 9.396664 7.739744 32.91254 9.396664 7.739744 32.77484 9.396664 7.739744 32.77484 9.396664 -0.3776569 28.61484 9.396664 -0.3776569 28.61484 9.396664 -9.040556 8.48584 9.396664 -9.040556 8.48584 9.396664 -11.99286 9.075642 10.11336 -9.630358 9.075642 10.11336 -9.630358 9.075642 10.11336 -9.630358 9.075642 10.11336 -12.58265 9.075642 10.11336 -12.58265 9.075642 10.11336 -12.58265 -32.48737 10.11336 -12.58265 -32.48737 10.11336 -0.9674568 -32.76922 10.29516 -1.249357 -32.76922 10.29516 -1.249357 -32.76922 10.29516 -12.86456 9.357541 10.29516 -12.86456 9.357541 10.29516 -12.86456 9.357541 10.29516 -9.912257 9.357541 10.29516 -9.912257 29.48654 10.29516 -9.912257 29.48654 10.29516 -9.912257 29.48654 10.29516 -9.912257 29.48654 10.29516 -1.249357 29.48654 10.29516 -1.249357 29.48654 10.29516 -1.249357 29.20464 10.11336 -0.9674568 29.20464 10.11336 -0.9674568 29.20464 10.11336 -9.630358 29.20464 10.11336 -9.630358 -32.77485 9.396664 7.739744 26.31074 23.59256 12.23424 26.31074 23.59256 12.23424 26.31074 15.77306 12.23424 26.31074 23.59256 9.794243 26.31074 23.59256 3.681044 12.81904 23.59256 3.681044 12.81904 23.59256 12.23424 12.81904 23.59256 12.23424 12.81904 15.77306 12.23424 26.62584 23.59256 12.54934 26.62584 23.59256 12.54934 12.50394 23.59256 12.54934 12.50394 23.59256 12.54934 12.50394 23.59256 3.365843 12.50394 23.59256 3.365843 12.50394 23.59256 3.365843 26.62584 23.59256 3.365843 26.62584 23.59256 3.365843 26.62584 23.59256 3.365843 12.50394 23.93306 3.365843 12.50394 23.93306 3.365843 26.62584 23.93306 3.365843 26.62584 23.93306 3.365843 26.94104 23.93306 3.050743 26.94104 23.93306 3.050743 26.94104 23.93306 3.050743 12.18874 23.93306 3.050743 12.18874 23.93306 12.86454 12.18874 23.93306 12.86454 12.50394 23.93306 12.54934 12.50394 23.93306 12.54934 26.94104 23.93306 12.86454 26.94104 23.93306 12.86454 26.94104 23.93306 12.86454 26.62584 23.93306 12.54934 26.62584 23.93306 12.54934 26.94104 24.27356 12.86454 26.94104 24.27356 12.86454 26.94104 24.27356 12.86454 26.94104 24.27356 3.050743 26.94104 24.27356 3.050743 26.94104 24.27356 3.050743 12.18874 24.27356 3.050743 12.18874 24.27356 3.050743 12.18874 24.27356 12.86454 12.18874 24.27356 12.86454 12.81904 24.27356 12.23424 12.81904 24.27356 12.23424 12.81904 24.27356 3.681044 12.81904 24.27356 3.681044 12.81904 24.27356 3.681044 12.81904 24.76016 3.681044 12.81904 24.76016 3.681044 23.87074 24.27356 3.681044 23.87074 24.27356 3.681044 26.31074 24.27356 3.681044 26.31074 24.27356 3.681044 26.31074 24.76016 3.681044 26.31074 24.76016 3.681044 26.31074 24.76016 12.23424 12.81904 24.76016 12.23424 23.87074 24.27356 12.23424 26.31074 24.27356 12.23424 0.5866394 1.262583 -10.84385 0.5757408 1.265573 -10.83856 0.5757408 1.265573 -10.83856 0.5106392 1.262493 -10.98226 0.5106392 1.262493 -10.98226 0.5193405 1.253713 -10.98996 0.6385403 1.253843 -10.69016 0.6415405 1.253833 -10.52496 0.6057396 1.253773 -10.36426 0.6057396 1.253773 -10.36426 0.5954399 1.262553 -10.36866 0.5843392 1.265543 -10.37346 0.57584 1.089443 -10.83856 0.57584 1.089443 -10.83856 0.5013409 1.265483 -10.97406 0.5013409 1.265483 -10.97406 0.5014401 1.089363 -10.97406 0.5014401 1.089363 -10.97406 0.4047394 1.262363 -11.09416 0.5150395 1.265443 -10.23416 0.5151405 1.089323 -10.23416 0.5151405 1.089323 -10.23416 0.5844402 1.089423 -10.37346 0.5844402 1.089423 -10.37346 0.6188393 1.089473 -10.52765 0.6276398 1.092503 -10.68826 0.63064 1.092493 -10.52625 0.6386395 1.101313 -10.69016 0.6386395 1.101313 -10.69016 0.6416397 1.101303 -10.52496 0.6416397 1.101303 -10.52496 0.6416397 1.101303 -10.52496 0.6480408 1.115323 -10.69176 0.6511402 1.115313 -10.52376 0.6511402 1.115313 -10.52376 0.6584396 1.133563 -10.52295 0.655241 1.133573 -10.69306 0.6056404 1.115283 -10.85306 0.6123409 1.133523 -10.85636 0.5268402 1.115183 -10.99656 0.5268402 1.115183 -10.99656 0.5325394 1.133433 -11.00166 0.421341 1.133293 -11.11905 0.4170399 1.115053 -11.11255 0.5194397 1.101183 -10.98996 0.5194397 1.101183 -10.98996 0.4114399 1.101053 -11.10406 0.5107403 1.092373 -10.98226 0.4048405 1.092243 -11.09416 0.2761402 1.092083 -11.17186 0.2718392 1.089073 -11.15965 0.27174 1.265193 -11.15965 0.276041 1.262203 -11.17186 0.2801399 1.253413 -11.18326 0.2801399 1.253413 -11.18326 0.2801399 1.253413 -11.18326 0.4113407 1.253573 -11.10406 0.4113407 1.253573 -11.10406 0.4169407 1.239593 -11.11255 0.4169407 1.239593 -11.11255 0.5268402 1.239723 -10.99656 0.6055393 1.239813 -10.85306 0.6479397 1.239863 -10.69176 0.651041 1.239853 -10.52376 0.6146393 1.239793 -10.36046 0.5412407 1.239683 -10.21296 0.5335407 1.253663 -10.21916 0.5335407 1.253663 -10.21916 0.52454 1.262453 -10.22635 0.4228401 1.262313 -10.10906 0.1543407 1.264953 -9.992056 0.1321392 1.265013 -11.19706 0.1322402 1.088893 -11.19706 0.1322402 1.088893 -11.19706 0.1335391 1.091893 -11.21016 0.1335391 1.091893 -11.21016 0.1347408 1.100693 -11.22226 0.280241 1.100883 -11.18326 0.1358394 1.114693 -11.23276 0.2836399 1.114883 -11.19316 0.2863407 1.133123 -11.20065 0.1366405 1.132933 -11.24075 -0.01755905 1.132733 -11.23676 -0.01635932 1.114493 -11.22876 -0.01325988 1.091703 -11.20625 -0.01145935 1.088703 -11.19326 -0.01145935 1.088703 -11.19326 -0.01156044 1.264823 -11.19326 0.13344 1.262013 -11.21016 0.1347408 1.253223 -11.22226 0.1347408 1.253223 -11.22226 0.1357402 1.239233 -11.23276 0.2836399 1.239423 -11.19316 0.2836399 1.239423 -11.19316 0.421341 1.221363 -11.11905 0.2862396 1.221183 -11.20065 0.287941 1.199953 -11.20535 0.5361405 1.200263 -11.00486 0.5325394 1.221493 -11.00166 0.6123409 1.221583 -10.85636 0.6214409 1.221563 -10.35756 0.5471401 1.221453 -10.20826 0.4403401 1.221303 -10.08506 0.4357395 1.239533 -10.09136 0.4298401 1.253523 -10.09956 0.4298401 1.253523 -10.09956 0.4155407 1.089183 -10.11936 0.4229393 1.092193 -10.10906 0.524641 1.092333 -10.22646 0.595541 1.092433 -10.36866 0.6058407 1.101243 -10.36426 0.6058407 1.101243 -10.36426 0.6147404 1.115253 -10.36046 0.6215401 1.133503 -10.35756 0.662941 1.154803 -10.52236 0.662941 1.154803 -10.52236 0.6258392 1.154743 -10.35576 0.6645393 1.177603 -10.52216 0.6645393 1.177603 -10.52216 0.6272392 1.177533 -10.35505 0.6257401 1.200323 -10.35576 0.662941 1.200393 -10.52236 0.662941 1.200393 -10.52236 0.6597405 1.200403 -10.69386 0.6613407 1.177613 -10.69406 0.6598396 1.154813 -10.69386 0.6165409 1.154773 -10.85835 0.5361405 1.154673 -11.00486 0.4240399 1.154543 -11.12316 0.1371402 1.154173 -11.24586 -0.01825904 1.153973 -11.24175 -0.1674594 1.153773 -11.19346 -0.1674594 1.153773 -11.19346 -0.1655597 1.132533 -11.18886 -0.1655597 1.132533 -11.18886 -0.1626605 1.114293 -11.18146 -0.1588592 1.100303 -11.17186 -0.1543598 1.091513 -11.16066 -0.149559 1.088523 -11.14866 -0.149559 1.088523 -11.14866 -0.1496601 1.264643 -11.14856 -0.1544589 1.261633 -11.16066 -0.01506042 1.253023 -11.21835 -0.1588592 1.252833 -11.17186 -0.01646041 1.239033 -11.22876 -0.1627597 1.238833 -11.18146 -0.01755905 1.220793 -11.23676 -0.1656608 1.220593 -11.18886 -0.1656608 1.220593 -11.18886 -0.01825904 1.199553 -11.24175 -0.1674594 1.199353 -11.19346 -0.1680603 1.176563 -11.19505 -0.01845932 1.176763 -11.24346 0.1372394 1.176963 -11.24756 0.1370391 1.199753 -11.24586 0.1365394 1.220993 -11.24075 0.1365394 1.220993 -11.24075 0.2885399 1.177163 -11.20696 -0.3013592 1.176383 -11.10555 -0.3003597 1.153583 -11.10426 -0.3003597 1.153583 -11.10426 -0.2974606 1.132353 -11.10026 -0.2974606 1.132353 -11.10026 -0.2929592 1.114123 -11.09396 -0.2869606 1.100133 -11.08586 -0.2725601 1.088353 -11.06606 -0.2725601 1.088353 -11.06606 -0.2726593 1.264473 -11.06606 -0.2549591 1.264423 -10.10186 -0.1290607 1.264583 -10.02575 0.01054 1.264763 -9.988356 0.009239196 1.261753 -9.975256 0.1561393 1.261953 -9.979056 0.008039474 1.252953 -9.963057 0.008039474 1.252953 -9.963057 0.1578407 1.253153 -9.966956 0.1578407 1.253153 -9.966956 0.1578407 1.253153 -9.966956 0.007040023 1.238963 -9.952658 0.1592407 1.239163 -9.956557 0.1592407 1.239163 -9.956557 0.006240844 1.220723 -9.944556 0.1603393 1.220923 -9.948657 0.005739212 1.199483 -9.939558 0.1610393 1.199683 -9.943556 0.1613407 1.176893 -9.941859 0.1613407 1.176893 -9.941859 0.005540847 1.176693 -9.937857 -0.1451606 1.199283 -9.979956 -0.1434593 1.220523 -9.984755 -0.1288604 1.088453 -10.02575 0.01063919 1.088633 -9.988356 0.1544399 1.088823 -9.992056 0.1544399 1.088823 -9.992056 0.2925396 1.089013 -10.03676 0.2972393 1.092013 -10.02476 0.4298401 1.100993 -10.09956 0.4298401 1.100993 -10.09956 0.5336399 1.101143 -10.21916 0.5412407 1.115143 -10.21296 0.5471401 1.133393 -10.20826 0.5508404 1.154633 -10.20526 0.5521393 1.177423 -10.20426 0.5508404 1.200213 -10.20526 0.6165409 1.200353 -10.85835 0.6179409 1.177563 -10.85906 0.5373402 1.177473 -11.00586 0.4250393 1.177333 -11.12456 0.4432392 1.200063 -10.08116 0.3102398 1.199883 -9.991858 0.3109398 1.177093 -9.990355 0.3054409 1.239353 -10.00396 0.3016396 1.253343 -10.01356 0.3016396 1.253343 -10.01356 0.2971401 1.262143 -10.02476 0.1610393 1.154103 -9.943556 0.1610393 1.154103 -9.943556 0.3103409 1.154303 -9.991858 0.1604404 1.132863 -9.948657 0.1604404 1.132863 -9.948657 0.3084393 1.133063 -9.996558 0.3084393 1.133063 -9.996558 0.3055401 1.114823 -10.00396 0.3055401 1.114823 -10.00396 0.1593399 1.114623 -9.956557 0.007040023 1.114423 -9.952658 0.006240844 1.132663 -9.944556 0.005739212 1.153893 -9.939558 -0.1451606 1.153703 -9.979956 -0.2812595 1.153533 -10.06215 -0.2821598 1.176323 -10.06075 -0.2812595 1.199113 -10.06215 -0.2812595 1.199113 -10.06215 -0.2785606 1.220353 -10.06626 -0.2785606 1.220353 -10.06626 -0.2742596 1.238603 -10.07285 -0.2685604 1.252603 -10.08125 -0.2548599 1.088303 -10.10186 -0.2548599 1.088303 -10.10186 -0.1332607 1.091453 -10.01346 -0.2618599 1.091293 -10.09116 -0.2618599 1.091293 -10.09116 -0.1372604 1.100243 -10.00206 -0.1372604 1.100243 -10.00206 -0.2684593 1.100073 -10.08136 -0.2684593 1.100073 -10.08136 -0.1407604 1.114233 -9.992259 -0.2741604 1.114063 -10.07285 -0.1434593 1.132463 -9.984755 -0.2784596 1.132293 -10.06626 -0.3896599 1.132163 -10.18376 -0.3896599 1.132163 -10.18376 -0.3932591 1.153393 -10.18056 -0.3945599 1.176183 -10.17946 -0.3933601 1.198973 -10.18056 -0.3897591 1.220223 -10.18376 -0.3840599 1.238463 -10.18876 -0.3765602 1.252473 -10.19536 -0.36796 1.261283 -10.20306 -0.3586598 1.264293 -10.21135 -0.3586598 1.264293 -10.21135 -0.2929592 1.238653 -11.09396 -0.2975597 1.220413 -11.10026 -0.3004608 1.199173 -11.10426 -0.4092598 1.176223 -10.98116 -0.4092598 1.176223 -10.98116 -0.4080601 1.199023 -10.98016 -0.4080601 1.199023 -10.98016 -0.4843598 1.176113 -10.83026 -0.4829598 1.198913 -10.82966 -0.5216599 1.176053 -10.66316 -0.5201607 1.198853 -10.66296 -0.5184593 1.176043 -10.49125 -0.5169602 1.198843 -10.49156 -0.4737606 1.198883 -10.32696 -0.4751606 1.176093 -10.32626 -0.4736595 1.153303 -10.32696 -0.5169602 1.153253 -10.49156 -0.4829598 1.153323 -10.82966 -0.407959 1.153433 -10.98016 -0.407959 1.153433 -10.98016 -0.4042606 1.132203 -10.97716 -0.3983593 1.113973 -10.97236 -0.3906593 1.099983 -10.96616 -0.3906593 1.099983 -10.96616 -0.3817597 1.091203 -10.95896 -0.2800598 1.091343 -11.07626 -0.37216 1.088213 -10.95126 -0.4414597 1.088113 -10.81196 -0.4414597 1.088113 -10.81196 -0.4525604 1.091093 -10.81666 -0.4758606 1.088053 -10.65775 -0.4758606 1.088053 -10.65775 -0.4877606 1.091033 -10.65915 -0.4847603 1.091033 -10.49706 -0.4729595 1.088043 -10.49906 -0.4759598 1.264173 -10.65775 -0.4759598 1.264173 -10.65775 -0.4730606 1.264163 -10.49906 -0.4730606 1.264163 -10.49906 -0.4415608 1.264233 -10.81196 -0.4415608 1.264233 -10.81196 -0.4330597 1.264203 -10.34686 -0.3722591 1.264333 -10.95115 -0.280159 1.261463 -11.07626 -0.2870598 1.252663 -11.08576 -0.3907604 1.252513 -10.96616 -0.3984604 1.238513 -10.97236 -0.3984604 1.238513 -10.97236 -0.4043598 1.220263 -10.97716 -0.4043598 1.220263 -10.97716 -0.4786606 1.220153 -10.82776 -0.5155602 1.220093 -10.66245 -0.5124607 1.220083 -10.49236 -0.4695606 1.220123 -10.32906 -0.4695606 1.220123 -10.32906 -0.4694595 1.132063 -10.32906 -0.5123596 1.132023 -10.49236 -0.5154591 1.132033 -10.66245 -0.4786606 1.132093 -10.82786 -0.471859 1.113863 -10.82486 -0.4629593 1.099883 -10.82106 -0.4629593 1.099883 -10.82106 -0.4987602 1.099823 -10.66046 -0.4987602 1.099823 -10.66046 -0.49576 1.099813 -10.49516 -0.49576 1.099813 -10.49516 -0.4540596 1.099853 -10.33656 -0.4540596 1.099853 -10.33656 -0.4438591 1.091073 -10.34155 -0.4329605 1.088083 -10.34686 -0.4439602 1.261193 -10.34155 -0.4848595 1.261153 -10.49706 -0.4878597 1.261163 -10.65915 -0.4878597 1.261163 -10.65915 -0.4526596 1.261213 -10.81666 -0.4630604 1.252403 -10.82106 -0.471859 1.238403 -10.82486 -0.5082607 1.238343 -10.66156 -0.5052605 1.238333 -10.49355 -0.4628601 1.238373 -10.33236 -0.4628601 1.238373 -10.33236 -0.3839607 1.113933 -10.18876 -0.3839607 1.113933 -10.18876 -0.462759 1.113833 -10.33236 -0.5051594 1.113793 -10.49355 -0.5082607 1.113803 -10.66156 -0.3765602 1.099943 -10.19536 -0.3765602 1.099943 -10.19536 -0.3765602 1.099943 -10.19536 -0.3678608 1.091163 -10.20306 -0.3585606 1.088173 -10.21135 -0.3585606 1.088173 -10.21135 -0.4540596 1.252383 -10.33656 -0.4540596 1.252383 -10.33656 -0.49576 1.252343 -10.49516 -0.49576 1.252343 -10.49516 -0.4988594 1.252343 -10.66046 -0.4988594 1.252343 -10.66046 0.008140563 1.100433 -9.963057 0.1562404 1.091833 -9.979056 0.1578407 1.100623 -9.966956 0.1578407 1.100623 -9.966956 0.3017407 1.100823 -10.01356 0.3017407 1.100823 -10.01356 0.3017407 1.100823 -10.01356 0.4358406 1.114993 -10.09136 0.4404392 1.133243 -10.08506 0.4432392 1.154483 -10.08116 0.4442406 1.177273 -10.07976 0.5867405 1.092463 -10.84385 0.596941 1.101273 -10.84876 0.596941 1.101273 -10.84876 0.4707394 1.068413 -10.15025 0.4724407 0.5919529 -10.59256 -0.3304596 0.6268229 -10.15056 -0.3304596 0.6268229 -10.15056 -0.3304596 0.6268229 -10.15056 -0.3304596 0.5908629 -10.15056 -0.3304596 0.5908629 -10.15056 -0.3304596 0.5908629 -10.15056 0.4710407 0.5919129 -10.15025 0.4710407 0.5919129 -10.15025 -0.4490604 0.5906929 -10.02006 -0.4490604 0.5906929 -10.02006 0.5888405 0.5920529 -10.01976 0.5888405 0.5920529 -10.01976 0.5907402 0.592103 -10.59256 0.5907402 0.592103 -10.59256 0.5926399 0.4868429 -11.16546 0.5926399 0.4868429 -11.16546 0.5926399 0.4868429 -11.16546 0.5926399 0.5921529 -11.16546 0.5926399 0.5921529 -11.16546 -0.4453602 0.590793 -11.16565 -0.4453602 0.590793 -11.16565 -0.4453602 0.590793 -11.16565 -0.4452591 0.4854729 -11.16565 -0.4452591 0.4854729 -11.16565 -0.4452591 0.4854729 -11.16565 -0.4581604 0.485463 -11.17996 -0.4581604 0.485463 -11.17996 -0.4581604 0.485463 -11.17996 0.6056404 0.486853 -11.17965 0.6056404 0.486853 -11.17965 0.5889397 0.4867429 -10.01976 0.5889397 0.4867429 -10.01976 0.6017399 0.486763 -10.00546 -0.4619598 0.485363 -10.00576 -0.4619598 0.485363 -10.00576 -0.4490604 0.4853829 -10.02006 -0.4490604 0.4853829 -10.02006 -0.5175591 0.3919229 -9.944659 -0.5132599 0.3920229 -11.24106 -0.5132599 0.3920229 -11.24106 -0.5132599 0.3920229 -11.24106 0.6612396 0.3935629 -11.24075 0.6612396 0.3935629 -11.24075 0.6494408 0.393553 -11.22786 -0.5015602 0.3920429 -11.22815 -0.5015602 0.3920429 -11.22815 -0.4930592 0.3305729 -11.21876 -0.4930592 0.3305729 -11.21876 0.6409397 0.3320629 -11.21846 0.6389408 0.332013 -10.59256 0.6368408 0.3319529 -9.966658 -0.49716 0.3304729 -9.967059 -0.49716 0.3304729 -9.967059 -0.5057602 0.3919329 -9.957655 -0.4788609 0.3305929 -11.20296 -0.4788609 0.3305929 -11.20296 0.6266403 0.3320429 -11.20266 0.6226406 0.3319429 -9.982459 0.6226406 0.3319429 -9.982459 -0.4828606 0.3304929 -9.982756 -0.4828606 0.3304929 -9.982756 -0.4828606 0.3304929 -9.982756 -0.4663601 0.2732519 -11.18916 -0.4663601 0.2732519 -11.18916 -0.4702606 0.2731529 -9.996657 -0.4702606 0.2731529 -9.996657 -0.4702606 0.2731529 -9.996657 -0.4553604 0.2731729 -10.01296 -0.4515591 0.2732699 -11.17276 -0.4515591 0.2732699 -11.17276 0.5992394 0.2746479 -11.17246 0.5992394 0.2746479 -11.17246 0.6141396 0.2746689 -11.18886 0.6121407 0.2746189 -10.59256 0.6102409 0.2745699 -9.996356 0.6102409 0.2745699 -9.996356 0.5954399 0.2745519 -10.01266 0.5928402 0.2104889 -11.16546 0.5928402 0.2104889 -11.16546 -0.4451599 0.2091268 -11.16576 -0.4451599 0.2091268 -11.16576 -0.4488602 0.2090318 -10.02006 -0.4488602 0.2090318 -10.02006 -0.4449597 1.25885e-4 -11.16576 -0.4449597 1.25885e-4 -11.16576 0.5929394 0.00148791 -11.16546 0.5929394 0.00148791 -11.16546 0.589241 0.001391887 -10.01976 0.589241 0.001391887 -10.01976 0.5890408 0.2103928 -10.01976 0.5890408 0.2103928 -10.01976 -0.4487591 3.09348e-5 -10.02006 -0.4487591 3.09348e-5 -10.02006 -0.3275604 0.5909329 -11.03516 -0.3275604 0.5909329 -11.03516 -0.3306599 1.067353 -10.15046 -0.3306599 1.067353 -10.15046 -0.3306599 1.067353 -10.15046 -0.3306599 1.067353 -10.15046 -0.3306599 1.067353 -10.15046 -0.3275604 0.6269029 -11.03516 -0.3275604 0.6269029 -11.03516 -0.3277607 1.067433 -11.03516 -0.3277607 1.067433 -11.03516 -0.3277607 1.067433 -11.03516 -0.4182606 1.067303 -10.90556 -0.4182606 1.067303 -10.90556 -0.4203606 1.067253 -10.28006 -0.4203606 1.067253 -10.28006 -0.475359 1.067213 -10.75475 -0.475359 1.067213 -10.75475 -0.4376602 1.046813 -10.91796 -0.4547596 1.017933 -10.92886 -0.5318604 0.9817929 -10.77146 -0.4687595 0.9818829 -10.93786 -0.35746 1.018073 -11.06806 -0.35746 1.018073 -11.06806 -0.23106 1.018253 -11.17486 -0.2391605 0.982203 -11.19046 -0.08806037 0.9824129 -11.25936 -0.08395957 1.018443 -11.24196 -0.22126 1.047113 -11.15596 -0.22126 1.047113 -11.15596 -0.07896041 1.047303 -11.22086 -0.07896041 1.047303 -11.22086 -0.2100601 1.067593 -11.13445 -0.2100601 1.067593 -11.13445 -0.07325935 1.067773 -11.19695 -0.07325935 1.067773 -11.19695 -0.2098598 0.6270629 -11.13445 -0.2098598 0.6270629 -11.13445 -0.07295989 0.6272529 -11.19695 -0.07295989 0.6272529 -11.19695 -0.07865905 0.6477129 -11.22086 -0.07865905 0.6477129 -11.22086 -0.2209606 0.6475129 -11.15596 -0.2209606 0.6475129 -11.15596 -0.343359 0.6473529 -11.05266 -0.4180603 0.6267729 -10.90556 -0.4180603 0.6267729 -10.90556 -0.4373608 0.6472129 -10.91796 -0.4751606 0.6266829 -10.75475 -0.4751606 0.6266829 -10.75475 -0.4967594 0.6471229 -10.76116 -0.4949608 0.6266429 -10.59286 -0.5173607 0.6470829 -10.59286 -0.49786 0.6470929 -10.42455 -0.4761601 0.6266629 -10.43096 -0.4764595 1.067193 -10.43096 -0.4952602 1.067173 -10.59286 -0.3435593 1.046943 -11.05266 -0.3435593 1.046943 -11.05266 0.07353973 1.067973 -11.21826 0.2201404 1.068163 -11.19686 0.3566399 1.068333 -11.13436 0.4736405 1.068483 -11.03486 0.4739399 0.6279529 -11.03486 0.4739399 0.6279529 -11.03486 0.4739399 0.5919829 -11.03496 0.3568401 0.6278029 -11.13436 0.2204399 0.6276329 -11.19686 0.2260398 1.047703 -11.22075 0.5632401 1.068593 -10.90536 0.6194401 1.068653 -10.75446 0.64114 1.048213 -10.76085 0.6381397 1.068663 -10.59256 0.6606407 1.048223 -10.59256 0.6400395 1.048183 -10.42426 0.6183395 1.068623 -10.43065 0.6183395 1.068623 -10.43065 0.6186409 0.628093 -10.43065 0.6384392 0.6281329 -10.59256 0.6196404 0.6281229 -10.75446 0.5635395 0.6280629 -10.90536 0.5635395 0.6280629 -10.90536 0.5612393 1.068533 -10.27976 0.5612393 1.068533 -10.27976 0.4898396 0.6484429 -11.05235 0.5829392 0.648553 -10.91766 0.5038395 0.6773129 -11.06786 0.5153408 0.7133629 -11.08056 0.3780403 0.677163 -11.17466 0.38624 0.7132029 -11.19026 0.2314395 0.6769729 -11.24186 0.2357406 0.7130129 -11.25926 0.07394027 0.712803 -11.28286 0.07394027 0.6767629 -11.26476 0.07383918 0.6479129 -11.24296 0.07374 0.6274429 -11.21826 0.07374 0.6274429 -11.21826 0.07364082 1.047503 -11.24296 0.07374 1.018653 -11.26476 0.2312393 1.018863 -11.24186 0.5999394 1.019323 -10.92856 0.6602402 1.019383 -10.76645 0.6804409 1.019393 -10.59256 0.6804409 1.019393 -10.59256 0.6591396 1.019353 -10.41856 0.5977402 1.019263 -10.25646 0.5977402 1.019263 -10.25646 0.5806408 1.048093 -10.26746 0.5806408 1.048093 -10.26746 0.5615406 0.628013 -10.27986 0.5808392 0.6485029 -10.26746 0.6402397 0.6485929 -10.42426 0.660841 0.648633 -10.59256 0.6413403 0.6486129 -10.76085 0.6604405 0.6774929 -10.76645 0.6762409 0.7135529 -10.77116 0.6879406 0.7552629 -10.77466 -0.09106063 0.7542829 -11.27236 -0.08795928 0.7125829 -11.25936 -0.08795928 0.7125829 -11.25936 -0.0837593 0.676563 -11.24196 -0.0837593 0.676563 -11.24196 0.6141396 0.9833029 -10.93756 0.6760407 0.9833729 -10.77116 0.6967392 0.9833829 -10.59256 0.6967392 0.9833829 -10.59256 0.6748409 0.983343 -10.41396 0.6118393 0.983253 -10.24746 0.5005398 1.019123 -10.11736 0.3740406 1.018953 -10.01056 0.4865399 1.047963 -10.13276 0.3642407 1.047793 -10.02945 0.3642407 1.047793 -10.02945 0.3530407 1.068243 -10.05086 0.5979405 0.6773729 -10.25656 0.6593399 0.6774729 -10.41856 0.6806393 0.677513 -10.59256 0.6969395 0.7135629 -10.59256 0.7090397 0.7552729 -10.59256 0.7165394 0.8008929 -10.59256 0.6951408 0.8008829 -10.77676 0.6951408 0.8008829 -10.77676 0.63134 0.8008129 -10.94846 -0.09305953 0.799883 -11.28036 -0.2450599 0.754073 -11.20205 -0.2487602 0.7996729 -11.20926 -0.3827591 0.7994929 -11.09615 -0.3827591 0.7994929 -11.09615 -0.3774605 0.753893 -11.09036 -0.2389602 0.7123829 -11.19046 -0.2389602 0.7123829 -11.19046 -0.3688603 0.712203 -11.08086 -0.2308597 0.6763629 -11.17486 -0.3572598 0.6761829 -11.06806 -0.4545593 0.6760429 -10.92886 -0.5158596 0.6759529 -10.76686 -0.5170593 0.6759229 -10.41895 -0.4567604 0.6759929 -10.25676 -0.4395599 0.6471629 -10.26776 -0.4200592 0.6267229 -10.28006 -0.4200592 0.6267229 -10.28006 -0.4397602 1.046753 -10.26766 -0.4981594 1.046693 -10.42455 -0.5373592 1.017803 -10.59286 -0.5536594 0.9817429 -10.59286 -0.54356 0.940083 -10.77496 -0.4792595 0.9401729 -10.94466 0.07383918 0.9409329 -11.29625 0.2387409 0.9411429 -11.27226 0.3922405 0.9413429 -11.20186 0.523941 0.9415029 -11.09006 0.6247406 0.9416229 -10.94436 0.6878395 0.9416929 -10.77466 0.7089405 0.9417129 -10.59256 0.6866398 0.941663 -10.41046 0.6224403 0.941563 -10.24075 0.2343406 0.941033 -9.913058 0.2269401 1.018753 -9.943457 0.2219409 1.047603 -9.964556 0.2219409 1.047603 -9.964556 0.2161407 1.068063 -9.988455 0.2164402 0.6275329 -9.988455 0.2221393 0.6480029 -9.964556 0.2221393 0.6480029 -9.964556 0.2221393 0.6480029 -9.964556 0.3644409 0.648193 -10.02945 0.3742409 0.6770629 -10.01056 0.38834 0.7548029 -9.983355 0.6225395 0.7551329 -10.24075 0.6120396 0.713423 -10.24746 0.6750393 0.7135229 -10.41396 0.6867409 0.7552329 -10.41046 0.6939392 0.800853 -10.40825 0.6964398 0.8484629 -10.40756 0.6976395 0.8484929 -10.77746 0.6335392 0.848423 -10.94986 0.2414398 0.8479329 -11.28296 0.07394027 0.8477129 -11.30736 -0.09366035 0.8474929 -11.28306 -0.2500591 0.847283 -11.21166 -0.3845596 0.8470929 -11.09816 -0.4879608 0.8469529 -10.95016 -0.4857597 0.7993429 -10.94876 -0.4791603 0.7537429 -10.94466 -0.4791603 0.7537429 -10.94466 -0.4686604 0.7120629 -10.93796 -0.5316601 0.7119629 -10.77146 -0.5328598 0.711933 -10.41425 -0.4708595 0.7120029 -10.24775 -0.4708595 0.7120029 -10.24775 -0.3604603 0.6761029 -10.11756 -0.3720608 0.7121229 -10.10486 -0.3720608 0.7121229 -10.10486 -0.2346591 0.6762629 -10.01076 -0.2346591 0.6762629 -10.01076 -0.2428607 0.712283 -9.995158 -0.08806037 0.6764529 -9.943556 0.06944084 0.7126829 -9.902556 0.06954002 0.676653 -9.920657 -0.08285903 0.6476029 -9.964655 0.0696392 0.6478029 -9.942458 0.0696392 0.6478029 -9.942458 -0.0769596 0.627143 -9.988558 0.0696392 0.6273429 -9.967158 0.0696392 0.6273429 -9.967158 0.06944084 1.067863 -9.967158 -0.07715988 1.067673 -9.988558 -0.2136592 1.067503 -10.05106 -0.2136592 1.067503 -10.05106 -0.2133598 0.6269729 -10.05106 -0.2246589 0.6474229 -10.02966 -0.3463593 0.6472729 -10.13305 -0.3465595 1.046873 -10.13296 -0.3465595 1.046873 -10.13296 -0.3606606 1.017993 -10.11756 -0.4569607 1.017883 -10.25676 -0.5172596 1.017813 -10.41886 -0.532959 0.981763 -10.41425 -0.5447598 0.9400529 -10.41076 -0.55196 0.7992129 -10.40865 -0.5507603 0.8944629 -10.77715 -0.4857597 0.8945629 -10.94876 -0.4857597 0.8945629 -10.94876 -0.3827591 0.8947029 -11.09615 -0.2488594 0.8948929 -11.20926 0.07394027 0.8953229 -11.30456 0.2407398 0.8955429 -11.28026 0.39604 0.8957329 -11.20905 0.5292397 0.8959029 -11.09596 0.6939392 0.8960629 -10.40825 0.6289406 0.8959629 -10.23666 0.6289406 0.8959629 -10.23666 0.52594 0.895823 -10.08926 0.3920403 0.8956329 -9.976157 0.2362403 0.8954229 -9.905058 0.06924057 0.8952029 -9.880858 0.06924057 0.9408129 -9.889159 0.06924057 0.9825129 -9.902556 0.06933975 1.018543 -9.920557 0.2271404 0.6768629 -9.943457 0.2271404 0.6768629 -9.943457 0.2313404 0.712903 -9.926058 0.2344398 0.754593 -9.913058 0.2344398 0.754593 -9.913058 0.3920403 0.800423 -9.976157 0.2363395 0.8002129 -9.905058 0.2369403 0.847813 -9.902358 0.3933392 0.8480329 -9.973757 0.5277405 0.8482129 -10.08726 0.6311398 0.8483629 -10.23526 0.6311398 0.8483629 -10.23526 0.6289406 0.8007529 -10.23666 -0.5434609 0.7536429 -10.77496 -0.5446606 0.7536129 -10.41076 -0.4814606 0.7536829 -10.24106 -0.3806591 0.753803 -10.09536 -0.3806591 0.753803 -10.09536 -0.2490596 0.753973 -9.983458 0.06933975 0.7543829 -9.889159 0.06933975 0.799983 -9.880858 0.06924057 0.8475929 -9.878058 -0.09755897 0.8949829 -9.905158 -0.09825897 0.847373 -9.902457 -0.2541599 0.8471829 -9.973856 -0.2541599 0.8471829 -9.973856 -0.2528591 0.8947929 -9.976355 -0.2528591 0.8947929 -9.976355 -0.2491607 0.9404029 -9.983458 -0.09565925 0.940603 -9.913157 -0.09246063 0.982303 -9.926157 -0.08826065 1.018343 -9.943556 -0.2249603 1.047023 -10.02966 -0.2249603 1.047023 -10.02966 -0.2348594 1.018153 -10.01076 -0.37216 0.981943 -10.10486 -0.2430591 0.9821029 -9.995158 -0.4815598 0.9401229 -10.24106 -0.4710598 0.9818329 -10.24775 -0.48806 0.799283 -10.23696 -0.3860607 0.7994029 -10.08946 -0.3860607 0.7994029 -10.08946 -0.2528591 0.7995729 -9.976355 -0.2528591 0.7995729 -9.976355 -0.09755897 0.7997729 -9.905158 -0.3878594 0.8470129 -10.08746 -0.3860607 0.8946229 -10.08946 0.659441 9.176553 -11.16486 0.6507397 9.302763 -11.16486 0.6508408 9.136414 -11.16486 0.6560402 9.176533 -10.15075 0.64744 9.136394 -10.15075 0.64744 9.302763 -10.15075 0.6370392 9.337264 -11.16486 0.6336403 9.337264 -10.15075 0.6158409 9.363664 -10.15075 0.6191406 9.363664 -11.16486 0.6371403 9.101934 -11.16486 0.6338406 9.101914 -10.15075 0.6159401 9.075453 -10.15075 0.5950394 9.380264 -10.15075 0.598341 9.380264 -11.16486 0.6193409 9.075464 -11.16486 0.5951405 9.058804 -10.15075 0.5985394 9.058814 -11.16486 0.5728397 9.053104 -10.15075 0.5762405 9.053113 -11.16486 0.5117397 9.337063 -10.15075 0.5296402 9.363564 -10.15075 0.5503407 9.380164 -10.15075 0.5726395 9.385864 -10.15075 0.5760403 9.385864 -11.16486 0.5537396 9.380164 -11.16486 0.5329399 9.363564 -11.16486 0.5150395 9.337063 -11.16486 -0.3355599 9.175244 -11.16516 -0.335659 9.261374 -11.16516 -0.3326607 9.218314 -11.16516 -0.3441601 9.135104 -11.16516 -0.3388596 9.175233 -10.15096 -0.3474598 9.135084 -10.15096 -0.3389607 9.261363 -10.15096 -0.3359604 9.218304 -10.15096 -0.3791599 9.362363 -10.15096 -0.3758602 9.362363 -11.16516 -0.3999596 9.378964 -10.15096 -0.3966599 9.378964 -11.16516 -0.3997593 9.057494 -10.15096 -0.3964596 9.057503 -11.16516 -0.42206 9.051794 -10.15106 -0.4187603 9.051804 -11.16516 -0.4443607 9.057434 -10.15106 -0.4410591 9.057454 -11.16516 -0.4830608 9.100443 -10.15106 -0.4797592 9.100463 -11.16516 -0.4967594 9.134894 -10.15106 -0.4934597 9.134903 -11.16516 -0.5054607 9.175014 -10.15106 -0.5020599 9.175024 -11.16516 -0.5050602 9.218084 -11.16516 -0.5083599 9.218073 -10.15106 -0.5054607 9.261143 -10.15106 -0.4832592 9.335763 -10.15106 -0.4653607 9.362264 -10.15106 -0.4222603 9.384564 -10.15096 -0.4189606 9.384564 -11.16516 -0.462059 9.362264 -11.16516 -0.4798603 9.335763 -11.16516 -0.5021591 9.261154 -11.16516 -0.3890591 9.315164 -10.15676 0.5297394 9.316364 -10.15646 -0.3611603 9.218264 -10.18736 -0.3857594 9.315164 -11.17085 -0.3579598 9.218284 -11.14016 0.533041 9.316364 -11.17066 0.5315399 9.122513 -10.66356 0.5315399 9.122513 -10.66356 0.51544 9.122493 -10.53236 0.51544 9.122493 -10.53236 0.469141 9.122424 -10.41005 0.469141 9.122424 -10.41005 0.3957405 9.122334 -10.30506 0.3957405 9.122334 -10.30506 0.3003407 9.122203 -10.22445 0.3003407 9.122203 -10.22445 0.1894397 9.122054 -10.17386 0.07044029 9.121904 -10.15656 -0.3889599 9.121294 -10.15676 -0.3856602 9.121314 -11.17085 -0.3872604 9.121304 -10.66376 -0.3872604 9.121304 -10.66376 -0.3712597 9.121324 -10.79506 -0.3712597 9.121324 -10.79506 -0.3249607 9.121394 -10.91736 -0.3249607 9.121394 -10.91736 -0.3249607 9.121394 -10.91736 -0.2515602 9.121483 -11.02236 -0.2515602 9.121483 -11.02236 -0.1561603 9.121614 -11.10286 -0.04516029 9.121764 -11.15346 0.07374 9.121913 -11.17076 0.07374 9.121913 -11.17076 0.1926403 9.122074 -11.15346 0.1926403 9.122074 -11.15346 0.1926403 9.122074 -11.15346 0.3032398 9.122214 -11.10275 0.3032398 9.122214 -11.10275 0.39814 9.122344 -11.02216 0.4707394 9.122434 -10.91705 0.4707394 9.122434 -10.91705 0.5162392 9.122493 -10.79476 0.5162392 9.122493 -10.79476 0.5315399 9.019454 -10.66356 0.5315399 9.019454 -10.66356 0.5163403 9.019433 -10.79476 0.5163403 9.019433 -10.79476 0.5291405 9.016083 -10.79856 0.5448399 9.016103 -10.66356 0.51544 9.019424 -10.53236 0.51544 9.019424 -10.53236 0.5282402 9.016083 -10.52855 0.469141 9.019364 -10.41005 0.469141 9.019364 -10.41005 0.469141 9.019364 -10.41005 0.4806404 9.016014 -10.40276 0.3958397 9.019264 -10.30506 0.3958397 9.019264 -10.30506 0.4051399 9.015913 -10.29466 0.1928405 9.015634 -10.15976 0.1894397 9.018994 -10.17386 0.07053947 9.018834 -10.15656 0.07053947 9.018834 -10.15656 -0.04836082 9.018684 -10.17396 -0.04836082 9.121744 -10.17396 -0.1590595 9.121603 -10.22456 -0.2539597 9.121474 -10.30515 -0.2539597 9.121474 -10.30515 -0.3265591 9.121384 -10.41026 -0.3265591 9.121384 -10.41026 -0.3720608 9.121324 -10.53256 -0.3720608 9.121324 -10.53256 -0.3872604 9.018243 -10.66376 -0.3872604 9.018243 -10.66376 -0.3711605 9.018263 -10.79506 -0.3711605 9.018263 -10.79506 0.4693394 8.821933 -10.41005 0.4693394 8.821933 -10.41005 0.5156403 8.821993 -10.53236 0.5283394 8.825374 -10.52855 0.4807396 8.825314 -10.40276 0.5402393 8.835253 -10.52496 0.4914398 8.835194 -10.39586 0.5504398 8.850954 -10.52196 0.5005398 8.850884 -10.39005 0.5075398 8.871344 -10.38556 0.5583401 8.871414 -10.51965 0.5583401 8.871414 -10.51965 0.5759392 8.871434 -10.66356 0.5678406 8.850984 -10.66356 0.5572395 8.835273 -10.66356 0.5572395 8.835273 -10.66356 0.544941 8.825404 -10.66356 0.544941 8.825404 -10.66356 0.531641 8.822024 -10.66356 0.5164394 8.822004 -10.79476 0.5164394 8.822004 -10.79476 0.5292397 8.825384 -10.79856 0.5411396 8.835264 -10.80206 0.5411396 8.835264 -10.80206 0.5514393 8.850964 -10.80515 0.5592404 8.871414 -10.80745 0.5641403 8.895234 -10.80885 0.5641403 8.895234 -10.80885 0.5810394 8.895254 -10.66356 0.5810394 8.895254 -10.66356 0.5658398 8.920783 -10.80935 0.5658398 8.920783 -10.80935 0.5827408 8.920804 -10.66356 0.5810394 8.946344 -10.66356 0.5641403 8.946324 -10.80885 0.5641403 8.946324 -10.80885 0.5137405 8.946264 -10.94436 0.5152397 8.920714 -10.94536 0.5152397 8.920714 -10.94536 0.5138397 8.895164 -10.94436 0.5093403 8.871354 -10.94156 0.5023403 8.850893 -10.93706 0.4931393 8.835194 -10.93116 0.4931393 8.835194 -10.93116 0.482441 8.825324 -10.92436 0.4709396 8.821944 -10.91705 0.4709396 8.821944 -10.91705 0.4708405 9.019373 -10.91705 0.4708405 9.019373 -10.91705 0.4077396 8.825223 -11.03246 0.416441 8.835094 -11.04205 0.416441 8.835094 -11.04205 0.4239407 8.850793 -11.05036 0.4297409 8.871244 -11.05666 0.32164 8.850664 -11.13736 0.3256397 8.871113 -11.14506 0.3256397 8.871113 -11.14506 0.2043399 8.870954 -11.20065 0.2043399 8.870954 -11.20065 0.2022399 8.850503 -11.19196 0.19944 8.834814 -11.18065 0.19944 8.834814 -11.18065 0.3162403 8.834963 -11.12716 0.3100395 8.825094 -11.11535 0.3034401 8.821723 -11.10275 0.3034401 8.821723 -11.10275 0.3033409 9.019154 -11.10275 0.3033409 9.019154 -11.10275 0.4075394 9.015924 -11.03246 0.3099403 9.015804 -11.11535 0.3099403 9.015804 -11.11535 0.4163399 9.006073 -11.04205 0.4163399 9.006073 -11.04205 0.3161392 9.005944 -11.12716 0.3161392 9.005944 -11.12716 0.4238396 8.990404 -11.05036 0.3215408 8.990263 -11.13736 0.3256397 8.969823 -11.14506 0.3282395 8.946023 -11.14996 0.3291397 8.920474 -11.15165 0.4345398 8.920614 -11.06206 0.5093403 8.970064 -10.94156 0.5022392 8.990504 -10.93706 0.5022392 8.990504 -10.93706 0.4930401 9.006174 -10.93116 0.4930401 9.006174 -10.93116 0.4823399 9.016024 -10.92436 -0.3265591 9.018314 -10.41026 -0.2538605 9.018414 -10.30526 -0.2538605 9.018414 -10.30526 -0.1589603 9.018533 -10.22456 0.3005409 8.821714 -10.22445 0.3005409 8.821714 -10.22445 0.07044029 9.015474 -10.14196 0.07044029 9.005614 -10.12835 0.1960391 9.005774 -10.14655 0.0703392 8.989924 -10.11666 0.19874 8.990094 -10.13526 -0.05995941 8.969304 -10.12666 -0.05785942 8.989753 -10.13535 -0.05785942 8.989753 -10.13535 -0.05505943 9.005444 -10.14666 -0.05505943 9.005444 -10.14666 -0.0518608 9.015314 -10.15976 0.07064056 8.821404 -10.15656 -0.04825973 8.821253 -10.17396 -0.1588592 8.821104 -10.22456 -0.3263607 8.820883 -10.41026 -0.3263607 8.820883 -10.41026 -0.3718605 8.820834 -10.53256 -0.3871594 8.820814 -10.66376 -0.3710594 8.820834 -10.79506 -0.4004593 9.014863 -10.66376 -0.3839607 9.014883 -10.79886 -0.3248596 9.018323 -10.91736 -0.3248596 9.018323 -10.91736 -0.3248596 9.018323 -10.91736 -0.3362599 9.014944 -10.92466 -0.2514591 9.018424 -11.02236 -0.2514591 9.018424 -11.02236 -0.2608605 9.015044 -11.03266 -0.1626605 9.015173 -11.11556 -0.04855918 9.015324 -11.16766 -0.3247604 8.820894 -10.91736 -0.3247604 8.820894 -10.91736 -0.2513599 8.820994 -11.02236 0.07383918 9.018854 -11.17076 0.07383918 9.018854 -11.17076 0.1926403 9.019014 -11.15346 0.1926403 9.019014 -11.15346 0.1926403 9.019014 -11.15346 -0.3379593 9.014944 -10.40296 -0.2695599 9.005174 -11.04226 -0.1687602 9.005304 -11.12736 -0.1687602 9.005304 -11.12736 -0.05166053 9.005464 -11.18076 -0.05166053 9.005464 -11.18076 0.07394027 9.005623 -11.19896 0.07394027 9.005623 -11.19896 0.07383918 9.015494 -11.18536 0.07394027 8.821424 -11.17076 0.1927394 8.821583 -11.15346 0.1927394 8.821583 -11.15346 0.1961402 9.015654 -11.16755 0.1993408 9.005794 -11.18065 0.1993408 9.005794 -11.18065 0.1993408 9.005794 -11.18065 0.2021408 8.990114 -11.19196 0.2021408 8.990114 -11.19196 0.2043399 8.969664 -11.20065 0.2043399 8.969664 -11.20065 0.2056407 8.945863 -11.20606 0.2056407 8.945863 -11.20606 0.2061405 8.920313 -11.20796 0.2061405 8.920313 -11.20796 0.2057399 8.894763 -11.20606 0.2057399 8.894763 -11.20606 0.3282395 8.894924 -11.14996 0.4333401 8.895064 -11.06066 0.07403945 8.894594 -11.22526 0.07403945 8.870783 -11.21966 0.07403945 8.870783 -11.21966 0.07403945 8.850334 -11.21066 0.07403945 8.834644 -11.19896 0.07394027 8.824784 -11.18536 0.07394027 8.824784 -11.18536 0.1962394 8.824944 -11.16755 0.1962394 8.824944 -11.16755 -0.2537594 8.820983 -10.30526 -0.2537594 8.820983 -10.30526 0.3959408 8.821834 -10.30506 0.3959408 8.821834 -10.30506 0.405241 8.825214 -10.29466 0.4139404 8.835083 -10.28505 0.4139404 8.835083 -10.28505 0.4214401 8.850784 -10.27676 0.4271393 8.871233 -10.27046 0.4307404 8.895044 -10.26645 0.51194 8.895153 -10.38276 0.5632401 8.895224 -10.51816 0.5632401 8.895224 -10.51816 0.5649395 8.920774 -10.51766 0.5632401 8.946324 -10.51816 0.57584 8.970153 -10.66356 0.57584 8.970153 -10.66356 0.5582409 8.970124 -10.51965 0.5504398 8.990564 -10.52196 0.5677395 8.990584 -10.66356 0.5677395 8.990584 -10.66356 0.5592404 8.970133 -10.80745 0.5513401 8.990564 -10.80515 0.5410404 9.006234 -10.80206 0.5410404 9.006234 -10.80206 0.5571404 9.006254 -10.66356 0.5571404 9.006254 -10.66356 0.5401402 9.006234 -10.52496 0.4913406 9.006164 -10.39586 0.4913406 9.006164 -10.39586 0.4138393 9.006064 -10.28505 0.4138393 9.006064 -10.28505 0.3131409 9.005933 -10.20006 0.3184395 8.990254 -10.18986 0.3184395 8.990254 -10.18986 0.3224392 8.969814 -10.18216 0.3250408 8.946003 -10.17726 0.2021408 8.945843 -10.12116 0.0703392 8.945673 -10.10206 -0.06126022 8.945493 -10.12126 -0.06126022 8.945493 -10.12126 -0.1812591 8.969154 -10.18226 -0.1812591 8.969154 -10.18226 -0.1837596 8.945334 -10.17735 -0.1837596 8.945334 -10.17735 -0.2888603 8.945203 -10.26666 -0.2852593 8.969014 -10.27065 -0.1771602 8.989603 -10.19006 -0.1771602 8.989603 -10.19006 -0.279459 8.989463 -10.27696 -0.1718597 9.005293 -10.20016 -0.2719593 9.005164 -10.28526 -0.1656608 9.015164 -10.21196 -0.2632599 9.015033 -10.29485 -0.2631607 8.824334 -10.29485 0.3071404 8.825083 -10.21185 0.3132401 8.834954 -10.20006 0.3132401 8.834954 -10.20006 0.3185406 8.850644 -10.18986 0.3225403 8.871093 -10.18216 0.3250408 8.894904 -10.17726 0.3259392 8.920464 -10.17556 0.4319401 8.920603 -10.26505 0.4319401 8.920603 -10.26505 0.5134392 8.920703 -10.38176 0.51194 8.946253 -10.38276 0.5075398 8.970054 -10.38556 0.5004406 8.990493 -10.39005 0.421341 8.990384 -10.27676 0.421341 8.990384 -10.27676 0.4270401 8.969954 -10.27046 0.4306393 8.946144 -10.26645 0.2025394 8.920293 -10.11936 0.0703392 8.920124 -10.10016 -0.06166076 8.919943 -10.11936 -0.1846599 8.919784 -10.17576 -0.1846599 8.919784 -10.17576 -0.2900601 8.919653 -10.26526 -0.3708592 8.919544 -10.38206 -0.36936 8.945094 -10.38296 -0.3486595 9.005064 -10.39616 -0.3378601 8.824234 -10.40296 -0.3378601 8.824234 -10.40296 -0.3485603 8.834084 -10.39616 -0.1717605 8.834314 -10.20016 -0.05496025 8.834464 -10.14666 0.1961402 8.834794 -10.14655 0.1988391 8.850494 -10.13526 0.1988391 8.850494 -10.13526 0.2008399 8.870934 -10.12666 0.2008399 8.870934 -10.12666 0.2021408 8.894743 -10.12116 0.2021408 8.894743 -10.12116 0.07044029 8.894574 -10.10206 -0.06126022 8.894404 -10.12126 -0.1837596 8.894244 -10.17735 -0.1837596 8.894244 -10.17735 -0.2888603 8.894104 -10.26666 -0.42136 8.919484 -10.51796 -0.4197598 8.945034 -10.51846 -0.4148598 8.968844 -10.51996 -0.4069595 8.989304 -10.52226 -0.4233608 8.989284 -10.66385 -0.2769604 8.989474 -11.05056 -0.1740608 8.989614 -11.13746 -0.05435943 8.989773 -11.19206 0.07394027 8.989944 -11.21066 0.07403945 8.969493 -11.21966 0.07403945 8.945684 -11.22526 0.07403945 8.920134 -11.22716 -0.05816078 8.919963 -11.20806 -0.05765914 8.894413 -11.20616 -0.05636024 8.870614 -11.20076 -0.05426025 8.850164 -11.19206 -0.05155944 8.834484 -11.18076 -0.05155944 8.834484 -11.18076 -0.04836082 8.824624 -11.16766 -0.04836082 8.824624 -11.16766 -0.0450592 8.821264 -11.15346 -0.4003601 8.824153 -10.66376 -0.3838596 8.824184 -10.79886 -0.4126606 8.834004 -10.66385 -0.4126606 8.834004 -10.66385 -0.3957596 8.834024 -10.80235 -0.3957596 8.834024 -10.80235 -0.4232597 8.849674 -10.66385 -0.4059601 8.849703 -10.80536 -0.4314594 8.870114 -10.66385 -0.4314594 8.870114 -10.66385 -0.4138603 8.870134 -10.80766 -0.4365597 8.893914 -10.66385 -0.4187603 8.893934 -10.80916 -0.4204598 8.919484 -10.80966 -0.4147606 8.870134 -10.51996 -0.4068604 8.849694 -10.52226 -0.3966599 8.834024 -10.52525 -0.3966599 8.834024 -10.52525 -0.3846607 8.824173 -10.52876 -0.3577595 8.849763 -10.39026 -0.3648605 8.870194 -10.38585 -0.2851601 8.870304 -10.27065 -0.2851601 8.870304 -10.27065 -0.279459 8.849864 -10.27696 -0.1770591 8.849993 -10.19006 -0.05776023 8.850153 -10.13535 0.07044029 8.850324 -10.11666 0.07044029 8.870763 -10.10776 -0.05986022 8.870594 -10.12666 -0.1811599 8.870433 -10.18226 -0.4314594 8.968824 -10.66385 -0.4138603 8.968853 -10.80766 -0.36306 8.968914 -10.94176 -0.36306 8.968914 -10.94176 -0.2826595 8.969023 -11.05686 -0.1780605 8.969163 -11.14526 -0.05645942 8.969324 -11.20076 -0.05765914 8.945513 -11.20616 -0.1814594 8.919804 -11.15176 -0.1805591 8.945354 -11.15006 -0.2874603 8.919664 -11.06226 -0.2862606 8.945214 -11.06086 -0.2862606 8.945214 -11.06086 -0.3675594 8.945104 -10.94456 -0.3675594 8.945104 -10.94456 -0.3689594 8.919553 -10.94555 -0.3674603 8.894003 -10.94456 -0.2862606 8.894114 -11.06086 -0.1805591 8.894253 -11.15006 -0.1780605 8.870453 -11.14526 -0.1739597 8.850013 -11.13746 -0.1686592 8.834334 -11.12736 -0.1686592 8.834334 -11.12736 -0.1625595 8.824474 -11.11556 -0.2826595 8.870314 -11.05686 -0.36306 8.870203 -10.94176 -0.4187603 8.945034 -10.80916 -0.35606 8.849763 -10.93726 -0.346859 8.834094 -10.93146 -0.346859 8.834094 -10.93146 -0.3361607 8.824244 -10.92466 -0.1947593 9.098073 -10.39776 -0.3155594 1.256823 -10.30476 -0.2336597 9.098024 -10.48446 -0.3718605 1.256753 -10.43036 0.414341 9.098874 -10.53426 0.3861408 9.098844 -10.44246 0.3374405 9.098773 -10.36166 0.4555397 1.257843 -10.25245 0.526041 1.257933 -10.36946 0.5668392 1.257993 -10.50256 0.05694007 1.257323 -11.14145 0.06233978 9.098423 -10.97535 -0.02366065 9.098303 -10.95606 -0.06765937 1.257163 -11.11345 8.48584 1.90735e-6 -9.040556 8.48584 9.396664 -9.040556 8.48584 1.90735e-6 -11.99286 8.48584 1.90735e-6 -11.99286 8.48584 9.396664 -11.99286 8.48584 9.396664 -11.99286 4.508041 9.396664 -11.99286 4.508041 1.90735e-6 -11.99286 4.508041 1.90735e-6 -9.040556 4.508041 9.396664 -9.040556 -27.91973 9.396664 -9.040556 -27.91973 1.90735e-6 -9.040556 -27.91973 1.90735e-6 -11.99286 -27.91973 9.396664 -11.99286 -31.89753 9.396664 -11.99286 -31.89753 1.90735e-6 -11.99286 -31.89753 1.90735e-6 -0.3776569 -31.89753 9.396664 -0.3776569 -32.77485 9.396664 -0.3776569 -32.77485 9.396664 -0.3776569 -32.77485 1.90735e-6 -0.3776569 -32.77485 1.90735e-6 -0.3776569 -32.77485 1.90735e-6 7.739744 -32.77485 9.396664 7.739744 -31.89753 10.46206 -11.99286 -31.89753 10.46206 -0.3776569 8.48584 10.46206 -9.040556 -24.92754 16.11866 4.408245 -25.20459 15.92576 2.072746 -25.20459 15.92576 2.072746 -25.20459 15.92576 3.906845 -25.20459 15.92576 3.906845 -24.92754 16.11866 2.161945 -23.91246 16.23996 4.723545 -23.91246 16.23996 2.218046 -23.58982 16.11866 4.723545 -23.58982 16.11866 2.161945 -23.31277 15.92576 3.906845 -23.31277 15.92576 2.072746 -23.10019 15.67426 3.253345 -23.10019 15.67426 1.956446 -25.55082 15.38146 1.820946 -25.55082 15.38146 2.492346 -25.41718 15.67426 1.956446 -25.41718 15.67426 3.253345 -32.73257 13.99236 -0.515255 32.90504 13.46206 -0.515255 -32.90501 13.46206 -0.515255 -32.90501 13.46206 -0.515255 33.16024 13.99236 -0.9674549 -33.1602 13.99236 -0.9674549 -32.73257 16.83066 7.739746 -32.90501 16.30036 7.739746 -32.77485 13.46206 -0.377655 -32.42844 17.31846 7.739746 -33.25276 17.61816 7.739746 -33.25276 17.61816 7.739746 -33.30702 17.45126 7.739746 -33.25276 14.52736 -1.249355 -33.25276 14.52736 -1.249355 -33.30702 14.36046 -1.249355 33.30704 14.36046 -1.249355 33.25284 14.52736 -1.249355 33.25284 14.52736 -1.249355 -32.42844 14.52736 -0.377655 32.42844 14.52736 -0.377655 32.42844 17.31846 7.739746 33.25284 17.61816 7.739746 33.25284 17.61816 7.739746 33.30704 17.45126 7.739746 33.09964 14.17876 -0.9674549 32.90504 16.30036 7.739746 32.77484 16.25306 7.739746 32.77484 13.46206 -0.377655 -33.09959 14.17876 -0.9674549 -32.77485 13.46206 -0.377655 -32.77485 10.46206 -0.377655 -32.77485 16.25306 7.739746 -32.77485 10.46206 7.739746 -32.91249 9.396663 -0.515255 -32.03517 9.926962 -0.515255 -32.03517 9.396663 -0.515255 -32.91249 9.926962 -0.515255 8.62344 9.396663 -12.13045 8.62344 9.926962 -12.13045 -32.48737 9.926962 -12.58265 -32.48737 9.926962 -0.9674549 -32.48737 9.926962 -0.9674549 -33.36468 9.926962 -0.9674549 -33.36468 9.926962 -0.9674549 -33.36468 9.926962 7.739746 -33.36468 10.11336 7.739746 -33.36468 10.11336 -0.9674549 -33.36468 10.11336 -0.9674549 -32.76922 10.46206 -1.249355 -32.76922 10.46206 -12.86455 9.357541 10.46206 -12.86455 8.48584 10.46206 -11.99285 9.357541 10.46206 -9.912253 33.64654 10.29516 -1.249355 33.64654 10.29516 7.739746 33.36474 10.11336 7.739746 33.36474 10.11336 -0.9674549 29.20464 9.926962 -0.9674549 28.75244 9.926962 -0.515255 29.20464 9.926962 -9.630354 28.75244 9.926962 -9.178153 28.75244 9.926962 -9.178153 8.62344 9.926962 -9.178153 8.62344 9.926962 -9.178153 8.62344 9.396663 -9.178153 8.62344 9.396663 -9.178153 28.75244 9.396663 -9.178153 28.75244 9.396663 -9.178153 28.75244 9.396663 -0.515255 9.075642 10.11336 -12.58265 -32.48737 10.11336 -12.58265 -32.48737 10.11336 -12.58265 -32.48737 10.11336 -0.9674549 -32.48737 10.11336 -0.9674549 -32.48737 10.11336 -0.9674549 -32.76922 10.29516 -1.249355 -32.76922 10.29516 -1.249355 -32.76922 10.29516 -12.86455 -32.76922 10.29516 -12.86455 9.357541 10.29516 -12.86455 9.357541 10.29516 -12.86455 9.357541 10.29516 -9.912253 29.48654 10.29516 -1.249355 29.20464 10.11336 -0.9674549 29.20464 10.11336 -0.9674549 29.20464 10.11336 -9.630354 26.31074 17.13296 7.739746 26.31074 23.59256 12.23424 26.31074 15.77306 12.23424 26.31074 15.90496 3.681046 26.31074 15.90496 3.681046 26.31074 23.59256 3.681046 26.31074 23.59256 3.681046 12.81904 23.59256 3.681046 12.81904 23.59256 3.681046 12.81904 15.90496 3.681046 12.81904 15.90496 3.681046 12.81904 17.13296 7.739746 12.81904 23.59256 12.23424 12.81904 15.77306 12.23424 26.62584 23.59256 12.54934 12.50394 23.59256 12.54934 12.50394 23.93306 3.365845 26.62584 23.93306 3.365845 26.94104 23.93306 3.050745 12.18874 23.93306 3.050745 12.18874 23.93306 3.050745 12.18874 23.93306 12.86454 12.18874 23.93306 12.86454 12.50394 23.93306 12.54934 12.50394 23.93306 12.54934 26.62584 23.93306 12.54934 26.62584 23.93306 12.54934 26.94104 24.27356 12.86454 26.94104 24.27356 3.050745 12.18874 24.27356 3.050745 12.18874 24.27356 12.86454 12.81904 24.27356 12.23424 12.81904 24.76016 3.681046 23.87074 24.27356 3.681046 26.31074 24.27356 3.681046 26.31074 24.76016 3.681046 26.31074 24.76016 12.23424 26.31074 24.76016 12.23424 12.81904 24.76016 12.23424 12.81904 24.76016 12.23424 23.87074 24.27356 12.23424 23.87074 24.27356 12.23424 26.31074 24.27356 12.23424 26.31074 24.27356 12.23424 0.5866394 1.262583 -10.84385 0.6158409 1.265613 -10.68625 0.6158409 1.265613 -10.68625 0.6275406 1.262623 -10.68825 0.5757408 1.265573 -10.83855 0.5757408 1.265573 -10.83855 0.5106392 1.262493 -10.98225 0.5193405 1.253713 -10.98995 0.5193405 1.253713 -10.98995 0.5193405 1.253713 -10.98995 0.5968399 1.253803 -10.84875 0.5968399 1.253803 -10.84875 0.6385403 1.253843 -10.69015 0.6385403 1.253843 -10.69015 0.6305409 1.262613 -10.52625 0.6415405 1.253833 -10.52495 0.6415405 1.253833 -10.52495 0.6057396 1.253773 -10.36425 0.6057396 1.253773 -10.36425 0.5954399 1.262553 -10.36865 0.6187401 1.265603 -10.52765 0.6187401 1.265603 -10.52765 0.5843392 1.265543 -10.37345 0.5843392 1.265543 -10.37345 0.6159401 1.089483 -10.68625 0.6159401 1.089483 -10.68625 0.57584 1.089443 -10.83855 0.57584 1.089443 -10.83855 0.5013409 1.265483 -10.97405 0.5013409 1.265483 -10.97405 0.5014401 1.089363 -10.97405 0.5014401 1.089363 -10.97405 0.3977394 1.089233 -11.08355 0.3977394 1.089233 -11.08355 0.3977394 1.089233 -11.08355 0.3976402 1.265353 -11.08355 0.3976402 1.265353 -11.08355 0.3976402 1.265353 -11.08355 0.4047394 1.262363 -11.09415 0.5150395 1.265443 -10.23415 0.5150395 1.265443 -10.23415 0.5151405 1.089323 -10.23415 0.5151405 1.089323 -10.23415 0.5844402 1.089423 -10.37345 0.5844402 1.089423 -10.37345 0.6188393 1.089473 -10.52765 0.6188393 1.089473 -10.52765 0.6276398 1.092503 -10.68825 0.63064 1.092493 -10.52625 0.6386395 1.101313 -10.69015 0.6480408 1.115323 -10.69175 0.6511402 1.115313 -10.52375 0.6584396 1.133563 -10.52295 0.655241 1.133573 -10.69305 0.6056404 1.115283 -10.85305 0.6123409 1.133523 -10.85635 0.5268402 1.115183 -10.99655 0.5268402 1.115183 -10.99655 0.5325394 1.133433 -11.00165 0.421341 1.133293 -11.11905 0.421341 1.133293 -11.11905 0.4170399 1.115053 -11.11255 0.4170399 1.115053 -11.11255 0.5194397 1.101183 -10.98995 0.4114399 1.101053 -11.10405 0.4114399 1.101053 -11.10405 0.4114399 1.101053 -11.10405 0.5107403 1.092373 -10.98225 0.4048405 1.092243 -11.09415 0.2761402 1.092083 -11.17185 0.2718392 1.089073 -11.15965 0.2718392 1.089073 -11.15965 0.27174 1.265193 -11.15965 0.27174 1.265193 -11.15965 0.276041 1.262203 -11.17185 0.2801399 1.253413 -11.18325 0.4113407 1.253573 -11.10405 0.4113407 1.253573 -11.10405 0.4169407 1.239593 -11.11255 0.4169407 1.239593 -11.11255 0.5268402 1.239723 -10.99655 0.5268402 1.239723 -10.99655 0.6055393 1.239813 -10.85305 0.6479397 1.239863 -10.69175 0.651041 1.239853 -10.52375 0.6146393 1.239793 -10.36045 0.5412407 1.239683 -10.21295 0.5335407 1.253663 -10.21915 0.52454 1.262453 -10.22635 0.4228401 1.262313 -10.10905 0.4154396 1.265303 -10.11935 0.4154396 1.265303 -10.11935 0.4154396 1.265303 -10.11935 0.2924404 1.265133 -10.03675 0.2924404 1.265133 -10.03675 0.1543407 1.264953 -9.992053 0.1543407 1.264953 -9.992053 0.1321392 1.265013 -11.19705 0.1322402 1.088893 -11.19705 0.1335391 1.091893 -11.21015 0.1335391 1.091893 -11.21015 0.1347408 1.100693 -11.22225 0.1347408 1.100693 -11.22225 0.280241 1.100883 -11.18325 0.280241 1.100883 -11.18325 0.1358394 1.114693 -11.23275 0.2836399 1.114883 -11.19315 0.2863407 1.133123 -11.20065 0.1366405 1.132933 -11.24075 -0.01755905 1.132733 -11.23675 -0.01635932 1.114493 -11.22875 -0.01495933 1.100503 -11.21835 -0.01495933 1.100503 -11.21835 -0.01325988 1.091703 -11.20625 -0.01145935 1.088703 -11.19325 -0.01145935 1.088703 -11.19325 -0.01156044 1.264823 -11.19325 -0.01156044 1.264823 -11.19325 -0.01335906 1.261823 -11.20625 0.13344 1.262013 -11.21015 0.1347408 1.253223 -11.22225 0.1357402 1.239233 -11.23275 0.2836399 1.239423 -11.19315 0.421341 1.221363 -11.11905 0.421341 1.221363 -11.11905 0.2862396 1.221183 -11.20065 0.287941 1.199953 -11.20535 0.4240399 1.200123 -11.12315 0.4240399 1.200123 -11.12315 0.5361405 1.200263 -11.00485 0.5325394 1.221493 -11.00165 0.6123409 1.221583 -10.85635 0.655241 1.221633 -10.69305 0.6583405 1.221623 -10.52295 0.6214409 1.221563 -10.35755 0.5471401 1.221453 -10.20825 0.4403401 1.221303 -10.08505 0.4403401 1.221303 -10.08505 0.4357395 1.239533 -10.09135 0.4357395 1.239533 -10.09135 0.4298401 1.253523 -10.09955 0.4298401 1.253523 -10.09955 0.4155407 1.089183 -10.11935 0.4155407 1.089183 -10.11935 0.4229393 1.092193 -10.10905 0.524641 1.092333 -10.22645 0.595541 1.092433 -10.36865 0.6058407 1.101243 -10.36425 0.6147404 1.115253 -10.36045 0.662941 1.154803 -10.52235 0.6258392 1.154743 -10.35575 0.6272392 1.177533 -10.35505 0.6257401 1.200323 -10.35575 0.6257401 1.200323 -10.35575 0.662941 1.200393 -10.52235 0.6597405 1.200403 -10.69385 0.6598396 1.154813 -10.69385 0.6165409 1.154773 -10.85835 0.5361405 1.154673 -11.00485 0.4240399 1.154543 -11.12315 0.4240399 1.154543 -11.12315 0.287941 1.154363 -11.20535 0.1371402 1.154173 -11.24585 -0.01825904 1.153973 -11.24175 -0.1674594 1.153773 -11.19345 -0.1674594 1.153773 -11.19345 -0.1655597 1.132533 -11.18885 -0.1655597 1.132533 -11.18885 -0.1626605 1.114293 -11.18145 -0.1588592 1.100303 -11.17185 -0.1588592 1.100303 -11.17185 -0.1543598 1.091513 -11.16065 -0.149559 1.088523 -11.14865 -0.149559 1.088523 -11.14865 -0.1496601 1.264643 -11.14855 -0.1496601 1.264643 -11.14855 -0.1544589 1.261633 -11.16065 -0.01506042 1.253023 -11.21835 -0.01506042 1.253023 -11.21835 -0.1588592 1.252833 -11.17185 -0.1588592 1.252833 -11.17185 -0.01646041 1.239033 -11.22875 -0.1627597 1.238833 -11.18145 -0.01755905 1.220793 -11.23675 -0.1656608 1.220593 -11.18885 -0.1656608 1.220593 -11.18885 -0.1674594 1.199353 -11.19345 -0.1680603 1.176563 -11.19505 -0.01845932 1.176763 -11.24345 0.1372394 1.176963 -11.24755 0.1370391 1.199753 -11.24585 0.1365394 1.220993 -11.24075 0.1365394 1.220993 -11.24075 0.2885399 1.177163 -11.20695 -0.3013592 1.176383 -11.10555 -0.3003597 1.153583 -11.10425 -0.3003597 1.153583 -11.10425 -0.2974606 1.132353 -11.10025 -0.2974606 1.132353 -11.10025 -0.2929592 1.114123 -11.09395 -0.2869606 1.100133 -11.08585 -0.2725601 1.088353 -11.06605 -0.2725601 1.088353 -11.06605 -0.2726593 1.264473 -11.06605 -0.2726593 1.264473 -11.06605 -0.2549591 1.264423 -10.10185 -0.1290607 1.264583 -10.02575 -0.1290607 1.264583 -10.02575 0.01054 1.264763 -9.988352 0.01054 1.264763 -9.988352 0.009239196 1.261753 -9.975253 0.1561393 1.261953 -9.979052 0.008039474 1.252953 -9.963053 0.008039474 1.252953 -9.963053 0.007040023 1.238963 -9.952654 0.1592407 1.239163 -9.956553 0.006240844 1.220723 -9.944552 0.1603393 1.220923 -9.948653 0.005739212 1.199483 -9.939555 0.1610393 1.199683 -9.943552 0.1613407 1.176893 -9.941855 0.005540847 1.176693 -9.937853 -0.1456604 1.176493 -9.978354 -0.1451606 1.199283 -9.979952 -0.1434593 1.220523 -9.984751 -0.1408596 1.238773 -9.992255 -0.1373596 1.252773 -10.00205 -0.1373596 1.252773 -10.00205 -0.1333599 1.261573 -10.01345 -0.1288604 1.088453 -10.02575 -0.1288604 1.088453 -10.02575 0.01063919 1.088633 -9.988352 0.01063919 1.088633 -9.988352 0.1544399 1.088823 -9.992053 0.1544399 1.088823 -9.992053 0.2925396 1.089013 -10.03675 0.2972393 1.092013 -10.02475 0.4298401 1.100993 -10.09955 0.4298401 1.100993 -10.09955 0.5336399 1.101143 -10.21915 0.5412407 1.115143 -10.21295 0.5471401 1.133393 -10.20825 0.5508404 1.154633 -10.20525 0.5521393 1.177423 -10.20425 0.5508404 1.200213 -10.20525 0.6165409 1.200353 -10.85835 0.5373402 1.177473 -11.00585 0.4250393 1.177333 -11.12455 0.4250393 1.177333 -11.12455 0.4432392 1.200063 -10.08115 0.3084393 1.221123 -9.996554 0.3102398 1.199883 -9.991854 0.3109398 1.177093 -9.990351 0.3054409 1.239353 -10.00395 0.3016396 1.253343 -10.01355 0.2971401 1.262143 -10.02475 0.1593399 1.114623 -9.956553 0.007040023 1.114423 -9.952654 0.005739212 1.153893 -9.939555 -0.1451606 1.153703 -9.979952 -0.2812595 1.153533 -10.06215 -0.2812595 1.153533 -10.06215 -0.2821598 1.176323 -10.06075 -0.2821598 1.176323 -10.06075 -0.2812595 1.199113 -10.06215 -0.2812595 1.199113 -10.06215 -0.2785606 1.220353 -10.06625 -0.2742596 1.238603 -10.07285 -0.2685604 1.252603 -10.08125 -0.2685604 1.252603 -10.08125 -0.2619591 1.261413 -10.09115 -0.2548599 1.088303 -10.10185 -0.1332607 1.091453 -10.01345 -0.2618599 1.091293 -10.09115 -0.2618599 1.091293 -10.09115 -0.1372604 1.100243 -10.00205 -0.2684593 1.100073 -10.08135 -0.1434593 1.132463 -9.984751 -0.2784596 1.132293 -10.06625 -0.2784596 1.132293 -10.06625 -0.3896599 1.132163 -10.18375 -0.3932591 1.153393 -10.18055 -0.3945599 1.176183 -10.17945 -0.3933601 1.198973 -10.18055 -0.3897591 1.220223 -10.18375 -0.3840599 1.238463 -10.18875 -0.3765602 1.252473 -10.19535 -0.36796 1.261283 -10.20305 -0.3586598 1.264293 -10.21135 -0.3586598 1.264293 -10.21135 -0.2929592 1.238653 -11.09395 -0.2929592 1.238653 -11.09395 -0.2975597 1.220413 -11.10025 -0.2975597 1.220413 -11.10025 -0.3004608 1.199173 -11.10425 -0.3004608 1.199173 -11.10425 -0.4092598 1.176223 -10.98115 -0.4080601 1.199023 -10.98015 -0.4843598 1.176113 -10.83025 -0.4829598 1.198913 -10.82965 -0.5216599 1.176053 -10.66315 -0.5201607 1.198853 -10.66295 -0.5184593 1.176043 -10.49125 -0.5169602 1.198843 -10.49155 -0.4737606 1.198883 -10.32695 -0.4736595 1.153303 -10.32695 -0.5169602 1.153253 -10.49155 -0.5200596 1.153263 -10.66295 -0.4829598 1.153323 -10.82965 -0.407959 1.153433 -10.98015 -0.407959 1.153433 -10.98015 -0.4042606 1.132203 -10.97715 -0.3983593 1.113973 -10.97235 -0.3983593 1.113973 -10.97235 -0.3906593 1.099983 -10.96615 -0.3906593 1.099983 -10.96615 -0.3817597 1.091203 -10.95895 -0.2800598 1.091343 -11.07625 -0.37216 1.088213 -10.95125 -0.37216 1.088213 -10.95125 -0.4414597 1.088113 -10.81195 -0.4414597 1.088113 -10.81195 -0.4525604 1.091093 -10.81665 -0.4758606 1.088053 -10.65775 -0.4758606 1.088053 -10.65775 -0.4877606 1.091033 -10.65915 -0.4847603 1.091033 -10.49705 -0.4729595 1.088043 -10.49905 -0.4729595 1.088043 -10.49905 -0.4759598 1.264173 -10.65775 -0.4759598 1.264173 -10.65775 -0.4730606 1.264163 -10.49905 -0.4730606 1.264163 -10.49905 -0.4415608 1.264233 -10.81195 -0.4415608 1.264233 -10.81195 -0.4330597 1.264203 -10.34685 -0.4330597 1.264203 -10.34685 -0.3722591 1.264333 -10.95115 -0.3722591 1.264333 -10.95115 -0.280159 1.261463 -11.07625 -0.3818607 1.261323 -10.95895 -0.2870598 1.252663 -11.08575 -0.2870598 1.252663 -11.08575 -0.2870598 1.252663 -11.08575 -0.3907604 1.252513 -10.96615 -0.3907604 1.252513 -10.96615 -0.3984604 1.238513 -10.97235 -0.4043598 1.220263 -10.97715 -0.4786606 1.220153 -10.82775 -0.5155602 1.220093 -10.66245 -0.5124607 1.220083 -10.49235 -0.4695606 1.220123 -10.32905 -0.4695606 1.220123 -10.32905 -0.4694595 1.132063 -10.32905 -0.5123596 1.132023 -10.49235 -0.5154591 1.132033 -10.66245 -0.4786606 1.132093 -10.82785 -0.471859 1.113863 -10.82485 -0.471859 1.113863 -10.82485 -0.4629593 1.099883 -10.82105 -0.49576 1.099813 -10.49515 -0.4540596 1.099853 -10.33655 -0.4438591 1.091073 -10.34155 -0.4329605 1.088083 -10.34685 -0.4329605 1.088083 -10.34685 -0.4439602 1.261193 -10.34155 -0.4848595 1.261153 -10.49705 -0.4878597 1.261163 -10.65915 -0.4526596 1.261213 -10.81665 -0.4630604 1.252403 -10.82105 -0.4630604 1.252403 -10.82105 -0.471859 1.238403 -10.82485 -0.5082607 1.238343 -10.66155 -0.5052605 1.238333 -10.49355 -0.4628601 1.238373 -10.33235 -0.4628601 1.238373 -10.33235 -0.462759 1.113833 -10.33235 -0.5051594 1.113793 -10.49355 -0.3765602 1.099943 -10.19535 -0.3678608 1.091163 -10.20305 -0.3585606 1.088173 -10.21135 -0.4540596 1.252383 -10.33655 -0.4540596 1.252383 -10.33655 -0.49576 1.252343 -10.49515 -0.4988594 1.252343 -10.66045 -0.4988594 1.252343 -10.66045 0.008140563 1.100433 -9.963053 0.008140563 1.100433 -9.963053 0.009340286 1.091633 -9.975253 0.1562404 1.091833 -9.979052 0.1578407 1.100623 -9.966952 0.1578407 1.100623 -9.966952 0.3017407 1.100823 -10.01355 0.4358406 1.114993 -10.09135 0.4404392 1.133243 -10.08505 0.4432392 1.154483 -10.08115 0.4442406 1.177273 -10.07975 0.5867405 1.092463 -10.84385 0.596941 1.101273 -10.84875 0.4707394 1.068413 -10.15025 0.4707394 1.068413 -10.15025 0.4707394 1.068413 -10.15025 0.4707394 1.068413 -10.15025 0.4724407 0.5919528 -10.59255 0.4724407 0.5919528 -10.59255 0.4710407 0.6278828 -10.15025 0.4710407 0.6278828 -10.15025 0.4710407 0.6278828 -10.15025 0.4710407 0.6278828 -10.15025 -0.3304596 0.6268228 -10.15055 -0.3304596 0.6268228 -10.15055 -0.3304596 0.5908628 -10.15055 0.4710407 0.5919128 -10.15025 -0.4490604 0.5906928 -10.02005 0.5888405 0.5920528 -10.01975 0.5907402 0.5921028 -10.59255 0.5926399 0.4868428 -11.16545 0.5926399 0.5921528 -11.16545 -0.4453602 0.5907928 -11.16565 -0.4452591 0.4854727 -11.16565 -0.4581604 0.4854629 -11.17995 0.6056404 0.4868528 -11.17965 0.6056404 0.4868528 -11.17965 0.5889397 0.4867428 -10.01975 0.6017399 0.4867628 -10.00545 0.6017399 0.4867628 -10.00545 -0.4619598 0.4853628 -10.00575 -0.4490604 0.4853827 -10.02005 -0.5175591 0.3919228 -9.944655 -0.5175591 0.3919228 -9.944655 -0.5132599 0.3920228 -11.24105 0.6612396 0.3935627 -11.24075 0.6612396 0.3935627 -11.24075 0.6570397 0.3934628 -9.944354 0.6570397 0.3934628 -9.944354 0.6570397 0.3934628 -9.944354 0.64534 0.3934428 -9.957354 0.64534 0.3934428 -9.957354 0.64534 0.3934428 -9.957354 0.6494408 0.3935528 -11.22785 0.6494408 0.3935528 -11.22785 0.6494408 0.3935528 -11.22785 -0.5015602 0.3920428 -11.22815 -0.5015602 0.3920428 -11.22815 -0.4930592 0.3305728 -11.21875 0.6409397 0.3320628 -11.21845 0.6409397 0.3320628 -11.21845 0.6389408 0.3320128 -10.59255 0.6389408 0.3320128 -10.59255 0.6368408 0.3319528 -9.966654 0.6368408 0.3319528 -9.966654 0.6368408 0.3319528 -9.966654 -0.49716 0.3304728 -9.967055 -0.5057602 0.3919328 -9.957652 -0.5057602 0.3919328 -9.957652 -0.4788609 0.3305928 -11.20295 0.6266403 0.3320428 -11.20265 0.6266403 0.3320428 -11.20265 0.6266403 0.3320428 -11.20265 0.6226406 0.3319427 -9.982455 0.6226406 0.3319427 -9.982455 -0.4663601 0.2732518 -11.18915 -0.4553604 0.2731729 -10.01295 -0.4553604 0.2731729 -10.01295 -0.4515591 0.2732698 -11.17275 0.5992394 0.2746478 -11.17245 0.6141396 0.2746689 -11.18885 0.6141396 0.2746689 -11.18885 0.6102409 0.2745699 -9.996352 0.5954399 0.2745519 -10.01265 0.5954399 0.2745519 -10.01265 0.5928402 0.2104888 -11.16545 -0.4451599 0.2091268 -11.16575 -0.4488602 0.2090318 -10.02005 -0.4488602 0.2090318 -10.02005 -0.4449597 1.25825e-4 -11.16575 0.5929394 0.001487851 -11.16545 0.589241 0.001391828 -10.01975 0.5890408 0.2103928 -10.01975 0.5890408 0.2103928 -10.01975 -0.4487591 3.08752e-5 -10.02005 -0.3275604 0.5909328 -11.03515 -0.3306599 1.067353 -10.15045 -0.3306599 1.067353 -10.15045 -0.3306599 1.067353 -10.15045 -0.3275604 0.6269028 -11.03515 -0.3275604 0.6269028 -11.03515 -0.3275604 0.6269028 -11.03515 -0.3277607 1.067433 -11.03515 -0.3277607 1.067433 -11.03515 -0.3277607 1.067433 -11.03515 -0.4182606 1.067303 -10.90555 -0.4182606 1.067303 -10.90555 -0.4203606 1.067253 -10.28005 -0.4203606 1.067253 -10.28005 -0.475359 1.067213 -10.75475 -0.475359 1.067213 -10.75475 -0.4376602 1.046813 -10.91795 -0.4969597 1.046723 -10.76115 -0.4547596 1.017933 -10.92885 -0.5160599 1.017843 -10.76675 -0.5318604 0.9817928 -10.77145 -0.4687595 0.9818828 -10.93785 -0.35746 1.018073 -11.06805 -0.35746 1.018073 -11.06805 -0.3689594 0.9820328 -11.08075 -0.3689594 0.9820328 -11.08075 -0.23106 1.018253 -11.17485 -0.2391605 0.9822028 -11.19045 -0.08806037 0.9824128 -11.25935 -0.08395957 1.018443 -11.24195 -0.22126 1.047113 -11.15595 -0.07896041 1.047303 -11.22085 -0.07896041 1.047303 -11.22085 -0.2100601 1.067593 -11.13445 -0.07325935 1.067773 -11.19695 -0.07325935 1.067773 -11.19695 -0.2098598 0.6270627 -11.13445 -0.07295989 0.6272528 -11.19695 -0.07865905 0.6477128 -11.22085 -0.2209606 0.6475127 -11.15595 -0.343359 0.6473528 -11.05265 -0.4180603 0.6267728 -10.90555 -0.4180603 0.6267728 -10.90555 -0.4373608 0.6472128 -10.91795 -0.4373608 0.6472128 -10.91795 -0.4751606 0.6266828 -10.75475 -0.4967594 0.6471228 -10.76115 -0.4949608 0.6266428 -10.59285 -0.4949608 0.6266428 -10.59285 -0.5173607 0.6470828 -10.59285 -0.5173607 0.6470828 -10.59285 -0.49786 0.6470928 -10.42455 -0.49786 0.6470928 -10.42455 -0.4761601 0.6266628 -10.43095 -0.4761601 0.6266628 -10.43095 -0.4764595 1.067193 -10.43095 -0.4764595 1.067193 -10.43095 -0.4952602 1.067173 -10.59285 -0.4952602 1.067173 -10.59285 -0.3435593 1.046943 -11.05265 0.07353973 1.067973 -11.21825 0.07353973 1.067973 -11.21825 0.2201404 1.068163 -11.19685 0.2201404 1.068163 -11.19685 0.3566399 1.068333 -11.13435 0.3566399 1.068333 -11.13435 0.4736405 1.068483 -11.03485 0.4736405 1.068483 -11.03485 0.4736405 1.068483 -11.03485 0.4736405 1.068483 -11.03485 0.4739399 0.6279528 -11.03485 0.4739399 0.6279528 -11.03485 0.4739399 0.6279528 -11.03485 0.4739399 0.6279528 -11.03485 0.4739399 0.5919828 -11.03495 0.4739399 0.5919828 -11.03495 0.4739399 0.5919828 -11.03495 0.3568401 0.6278028 -11.13435 0.3568401 0.6278028 -11.13435 0.2204399 0.6276328 -11.19685 0.2204399 0.6276328 -11.19685 0.2260398 1.047703 -11.22075 0.2260398 1.047703 -11.22075 0.3679409 1.047883 -11.15575 0.3679409 1.047883 -11.15575 0.4895401 1.048043 -11.05235 0.5632401 1.068593 -10.90535 0.5632401 1.068593 -10.90535 0.5827408 1.048153 -10.91765 0.5827408 1.048153 -10.91765 0.6194401 1.068653 -10.75445 0.6194401 1.068653 -10.75445 0.64114 1.048213 -10.76085 0.64114 1.048213 -10.76085 0.6381397 1.068663 -10.59255 0.6381397 1.068663 -10.59255 0.6606407 1.048223 -10.59255 0.6606407 1.048223 -10.59255 0.6400395 1.048183 -10.42425 0.6400395 1.048183 -10.42425 0.6183395 1.068623 -10.43065 0.6186409 0.6280928 -10.43065 0.6384392 0.6281328 -10.59255 0.6384392 0.6281328 -10.59255 0.6196404 0.6281228 -10.75445 0.6196404 0.6281228 -10.75445 0.5635395 0.6280628 -10.90535 0.5635395 0.6280628 -10.90535 0.5612393 1.068533 -10.27975 0.5612393 1.068533 -10.27975 0.4898396 0.6484428 -11.05235 0.4898396 0.6484428 -11.05235 0.4898396 0.6484428 -11.05235 0.5829392 0.6485528 -10.91765 0.5038395 0.6773128 -11.06785 0.5038395 0.6773128 -11.06785 0.6001396 0.6774328 -10.92865 0.6142407 0.7134828 -10.93765 0.5153408 0.7133628 -11.08055 0.5153408 0.7133628 -11.08055 0.3780403 0.6771628 -11.17465 0.38624 0.7132028 -11.19025 0.2314395 0.6769728 -11.24185 0.2357406 0.7130128 -11.25925 0.07394027 0.7128028 -11.28285 0.07394027 0.6767628 -11.26475 0.2262401 0.6481128 -11.22075 0.2262401 0.6481128 -11.22075 0.07383918 0.6479128 -11.24295 0.07383918 0.6479128 -11.24295 0.07374 0.6274428 -11.21825 0.07374 0.6274428 -11.21825 0.07364082 1.047503 -11.24295 0.07364082 1.047503 -11.24295 0.07374 1.018653 -11.26475 0.2312393 1.018863 -11.24185 0.3778401 1.019043 -11.17465 0.3778401 1.019043 -11.17465 0.5036392 1.019203 -11.06785 0.5036392 1.019203 -11.06785 0.5036392 1.019203 -11.06785 0.5999394 1.019323 -10.92855 0.5999394 1.019323 -10.92855 0.5999394 1.019323 -10.92855 0.6602402 1.019383 -10.76645 0.6804409 1.019393 -10.59255 0.6591396 1.019353 -10.41855 0.5977402 1.019263 -10.25645 0.5977402 1.019263 -10.25645 0.5806408 1.048093 -10.26745 0.5806408 1.048093 -10.26745 0.5615406 0.6280128 -10.27985 0.5615406 0.6280128 -10.27985 0.5615406 0.6280128 -10.27985 0.5808392 0.6485028 -10.26745 0.5808392 0.6485028 -10.26745 0.6402397 0.6485928 -10.42425 0.660841 0.6486328 -10.59255 0.6413403 0.6486128 -10.76085 0.6604405 0.6774928 -10.76645 0.6762409 0.7135528 -10.77115 0.6879406 0.7552628 -10.77465 0.6248398 0.7551928 -10.94435 0.5240402 0.7550728 -11.09005 0.5240402 0.7550728 -11.09005 0.3923397 0.7549028 -11.20185 0.2388401 0.7547128 -11.27225 0.07394027 0.7544928 -11.29625 -0.09106063 0.7542828 -11.27235 -0.08795928 0.7125828 -11.25935 -0.08795928 0.7125828 -11.25935 -0.0837593 0.6765629 -11.24195 -0.0837593 0.6765629 -11.24195 0.07383918 0.9826228 -11.28275 0.2355403 0.9828327 -11.25925 0.3861408 0.9830228 -11.19025 0.5152397 0.9831928 -11.08055 0.5152397 0.9831928 -11.08055 0.6141396 0.9833028 -10.93755 0.6760407 0.9833728 -10.77115 0.6967392 0.9833828 -10.59255 0.6118393 0.9832528 -10.24745 0.5005398 1.019123 -10.11735 0.5005398 1.019123 -10.11735 0.5005398 1.019123 -10.11735 0.5120392 0.9831027 -10.10455 0.5120392 0.9831027 -10.10455 0.3821392 0.9829227 -9.994952 0.3740406 1.018953 -10.01055 0.3740406 1.018953 -10.01055 0.4865399 1.047963 -10.13275 0.3642407 1.047793 -10.02945 0.3530407 1.068243 -10.05085 0.3530407 1.068243 -10.05085 0.3533402 0.6277128 -10.05095 0.3533402 0.6277128 -10.05095 0.4868393 0.6483628 -10.13275 0.4868393 0.6483628 -10.13275 0.4868393 0.6483628 -10.13275 0.5007401 0.6772328 -10.11735 0.5007401 0.6772328 -10.11735 0.5979405 0.6773728 -10.25655 0.6593399 0.6774728 -10.41855 0.6806393 0.6775128 -10.59255 0.6969395 0.7135628 -10.59255 0.7090397 0.7552728 -10.59255 0.7165394 0.8008928 -10.59255 0.6951408 0.8008828 -10.77675 0.63134 0.8008128 -10.94845 0.5293408 0.8006829 -11.09595 0.5293408 0.8006829 -11.09595 0.3961392 0.8005228 -11.20905 0.2408409 0.8003228 -11.28025 0.07394027 0.8001028 -11.30455 -0.09305953 0.7998828 -11.28035 -0.2450599 0.7540729 -11.20205 -0.2487602 0.7996728 -11.20925 -0.3827591 0.7994928 -11.09615 -0.3827591 0.7994928 -11.09615 -0.3774605 0.7538928 -11.09035 -0.3774605 0.7538928 -11.09035 -0.2389602 0.7123827 -11.19045 -0.2389602 0.7123827 -11.19045 -0.3688603 0.7122029 -11.08085 -0.3688603 0.7122029 -11.08085 -0.2308597 0.6763628 -11.17485 -0.3572598 0.6761828 -11.06805 -0.3572598 0.6761828 -11.06805 -0.4545593 0.6760427 -10.92885 -0.4545593 0.6760427 -10.92885 -0.4545593 0.6760427 -10.92885 -0.5158596 0.6759527 -10.76685 -0.537159 0.6759128 -10.59285 -0.5170593 0.6759228 -10.41895 -0.4567604 0.6759928 -10.25675 -0.4567604 0.6759928 -10.25675 -0.4567604 0.6759928 -10.25675 -0.4395599 0.6471627 -10.26775 -0.4395599 0.6471627 -10.26775 -0.4200592 0.6267228 -10.28005 -0.4397602 1.046753 -10.26765 -0.4397602 1.046753 -10.26765 -0.4981594 1.046693 -10.42455 -0.5176602 1.046683 -10.59285 -0.5373592 1.017803 -10.59285 -0.5536594 0.9817428 -10.59285 -0.5658608 0.9400328 -10.59285 -0.54356 0.9400829 -10.77495 -0.4792595 0.9401727 -10.94465 -0.3775597 0.9403228 -11.09025 -0.3775597 0.9403228 -11.09025 -0.2451591 0.9405028 -11.20205 -0.09115982 0.9407128 -11.27235 0.07383918 0.9409328 -11.29625 0.2387409 0.9411427 -11.27225 0.3922405 0.9413428 -11.20185 0.523941 0.9415028 -11.09005 0.523941 0.9415028 -11.09005 0.6247406 0.9416228 -10.94435 0.6878395 0.9416928 -10.77465 0.7089405 0.9417128 -10.59255 0.6866398 0.9416629 -10.41045 0.6224403 0.9415628 -10.24075 0.5206394 0.9414228 -10.09505 0.5206394 0.9414228 -10.09505 0.3882408 0.9412428 -9.983351 0.2343406 0.9410328 -9.913054 0.2311401 0.9827228 -9.926054 0.2269401 1.018753 -9.943453 0.2219409 1.047603 -9.964552 0.2219409 1.047603 -9.964552 0.2161407 1.068063 -9.988451 0.2161407 1.068063 -9.988451 0.2164402 0.6275328 -9.988451 0.2164402 0.6275328 -9.988451 0.2221393 0.6480028 -9.964552 0.3644409 0.6481928 -10.02945 0.3644409 0.6481928 -10.02945 0.3742409 0.6770628 -10.01055 0.5122395 0.7132828 -10.10455 0.5122395 0.7132828 -10.10455 0.3823395 0.7131028 -9.994952 0.38834 0.7548028 -9.983351 0.5207405 0.7549828 -10.09505 0.5207405 0.7549828 -10.09505 0.6225395 0.7551327 -10.24075 0.6120396 0.7134228 -10.24745 0.6750393 0.7135227 -10.41395 0.6867409 0.7552328 -10.41045 0.6939392 0.8008528 -10.40825 0.6964398 0.8484628 -10.40755 0.7190399 0.8485028 -10.59255 0.6976395 0.8484928 -10.77745 0.6335392 0.8484228 -10.94985 0.5310402 0.8482928 -11.09785 0.5310402 0.8482928 -11.09785 0.3973408 0.8481328 -11.21155 0.2414398 0.8479328 -11.28295 0.07394027 0.8477128 -11.30735 -0.09366035 0.8474928 -11.28305 -0.2500591 0.8472828 -11.21165 -0.3845596 0.8470928 -11.09815 -0.4879608 0.8469527 -10.95015 -0.4857597 0.7993428 -10.94875 -0.4791603 0.7537428 -10.94465 -0.4791603 0.7537428 -10.94465 -0.4686604 0.7120628 -10.93795 -0.5316601 0.7119628 -10.77145 -0.5535603 0.7119228 -10.59285 -0.5328598 0.7119328 -10.41425 -0.4708595 0.7120028 -10.24775 -0.4708595 0.7120028 -10.24775 -0.3604603 0.6761028 -10.11755 -0.3604603 0.6761028 -10.11755 -0.3720608 0.7121227 -10.10485 -0.3720608 0.7121227 -10.10485 -0.2346591 0.6762628 -10.01075 -0.2346591 0.6762628 -10.01075 -0.2428607 0.7122828 -9.995154 -0.08806037 0.6764528 -9.943552 -0.09235954 0.7124727 -9.926154 0.06944084 0.7126828 -9.902552 0.06954002 0.6766529 -9.920653 -0.08285903 0.6476027 -9.964652 0.0696392 0.6478028 -9.942454 -0.0769596 0.6271429 -9.988554 -0.0769596 0.6271429 -9.988554 0.0696392 0.6273428 -9.967154 0.0696392 0.6273428 -9.967154 0.06944084 1.067863 -9.967154 0.06944084 1.067863 -9.967154 -0.07715988 1.067673 -9.988554 -0.07715988 1.067673 -9.988554 -0.2136592 1.067503 -10.05105 -0.2136592 1.067503 -10.05105 -0.2133598 0.6269727 -10.05105 -0.2133598 0.6269727 -10.05105 -0.2246589 0.6474227 -10.02965 -0.3463593 0.6472728 -10.13305 -0.3465595 1.046873 -10.13295 -0.3465595 1.046873 -10.13295 -0.3606606 1.017993 -10.11755 -0.4569607 1.017883 -10.25675 -0.5172596 1.017813 -10.41885 -0.532959 0.9817628 -10.41425 -0.5447598 0.9400528 -10.41075 -0.5733605 0.8944128 -10.59285 -0.55196 0.8944329 -10.40865 -0.5758591 0.8468028 -10.59285 -0.5543594 0.8468228 -10.40795 -0.55196 0.7992128 -10.40865 -0.5732594 0.7992027 -10.59285 -0.5506592 0.7992428 -10.77715 -0.5531597 0.8468528 -10.77785 -0.5507603 0.8944628 -10.77715 -0.4857597 0.8945628 -10.94875 -0.3827591 0.8947027 -11.09615 -0.3827591 0.8947027 -11.09615 -0.2488594 0.8948928 -11.20925 -0.09305953 0.8951028 -11.28035 0.07394027 0.8953227 -11.30455 0.2407398 0.8955428 -11.28025 0.39604 0.8957328 -11.20905 0.5292397 0.8959028 -11.09595 0.5292397 0.8959028 -11.09595 0.6312409 0.8960227 -10.94845 0.6951408 0.8960928 -10.77675 0.7165394 0.8961127 -10.59255 0.6939392 0.8960628 -10.40825 0.6289406 0.8959628 -10.23665 0.6289406 0.8959628 -10.23665 0.52594 0.8958228 -10.08925 0.52594 0.8958228 -10.08925 0.3920403 0.8956328 -9.976153 0.2362403 0.8954228 -9.905055 0.06924057 0.9408128 -9.889155 0.06924057 0.9825128 -9.902552 0.06933975 1.018543 -9.920554 0.06933975 1.047403 -9.942454 0.06933975 1.047403 -9.942454 0.2271404 0.6768628 -9.943453 0.2313404 0.7129029 -9.926054 0.2344398 0.7545928 -9.913054 0.3920403 0.8004229 -9.976153 0.2363395 0.8002128 -9.905055 0.2369403 0.8478128 -9.902354 0.3933392 0.8480328 -9.973753 0.526041 0.8006027 -10.08925 0.526041 0.8006027 -10.08925 0.5277405 0.8482128 -10.08725 0.5277405 0.8482128 -10.08725 0.6311398 0.8483628 -10.23525 0.6289406 0.8007528 -10.23665 -0.5434609 0.7536427 -10.77495 -0.5657597 0.7536028 -10.59285 -0.5446606 0.7536128 -10.41075 -0.4814606 0.7536828 -10.24105 -0.3806591 0.7538028 -10.09535 -0.2490596 0.7539728 -9.983454 -0.09556007 0.7541629 -9.913153 0.06933975 0.7543828 -9.889155 0.06933975 0.7999829 -9.880854 0.06924057 0.8475928 -9.878054 -0.09755897 0.8949828 -9.905154 -0.09825897 0.8473728 -9.902453 -0.2541599 0.8471828 -9.973853 -0.2541599 0.8471828 -9.973853 -0.2528591 0.8947927 -9.976351 -0.2528591 0.8947927 -9.976351 -0.2491607 0.9404028 -9.983454 -0.09565925 0.9406028 -9.913153 -0.09246063 0.9823029 -9.926154 -0.08826065 1.018343 -9.943552 -0.08305931 1.047203 -9.964652 -0.08305931 1.047203 -9.964652 -0.2249603 1.047023 -10.02965 -0.2249603 1.047023 -10.02965 -0.2348594 1.018153 -10.01075 -0.37216 0.9819428 -10.10485 -0.37216 0.9819428 -10.10485 -0.2430591 0.9821028 -9.995154 -0.3807602 0.9402428 -10.09535 -0.3807602 0.9402428 -10.09535 -0.4815598 0.9401228 -10.24105 -0.4710598 0.9818328 -10.24775 -0.48806 0.8945028 -10.23695 -0.4902592 0.8468928 -10.23555 -0.48806 0.7992829 -10.23695 -0.3860607 0.7994028 -10.08945 -0.3860607 0.7994028 -10.08945 -0.2528591 0.7995728 -9.976351 -0.2528591 0.7995728 -9.976351 -0.09755897 0.7997728 -9.905154 -0.3878594 0.8470128 -10.08745 -0.3878594 0.8470128 -10.08745 -0.3860607 0.8946228 -10.08945 -0.3860607 0.8946228 -10.08945 0.3681393 0.6482928 -11.15575 0.3681393 0.6482928 -11.15575 0.5489407 1.265513 -10.52125 0.5181408 1.265493 -10.79445 0.5498409 1.265523 -10.66015 0.5155392 1.265453 -10.38715 0.4559403 1.265423 -10.91505 0.4517403 1.265363 -10.26715 0.3676396 1.265313 -11.01365 0.3621407 1.265233 -10.16925 0.2590408 1.265173 -11.08355 0.2527409 1.265083 -10.10025 0.1377391 1.265013 -11.12005 0.1308403 1.264923 -10.06475 0.01184082 1.264853 -11.12055 0.005039215 1.264763 -10.06525 -0.1099605 1.264693 -11.08515 -0.1163597 1.264603 -10.10175 -0.2194595 1.264543 -11.01615 -0.2248592 1.264463 -10.17165 -0.3090592 1.264413 -10.91825 -0.3132591 1.264363 -10.27025 -0.3727608 1.264323 -10.79815 -0.3753605 1.264283 -10.39085 -0.4062595 1.264263 -10.66415 -0.4070606 1.264253 -10.52515 0.659441 9.176552 -11.16485 0.659441 9.176552 -11.16485 0.6593399 9.262682 -11.16485 0.6593399 9.262682 -11.16485 0.6623402 9.219623 -11.16485 0.6623402 9.219623 -11.16485 0.6507397 9.302762 -11.16485 0.6507397 9.302762 -11.16485 0.6508408 9.136413 -11.16485 0.6508408 9.136413 -11.16485 0.6560402 9.176532 -10.15075 0.6560402 9.176532 -10.15075 0.64744 9.136393 -10.15075 0.64744 9.136393 -10.15075 0.64744 9.302762 -10.15075 0.64744 9.302762 -10.15075 0.6560402 9.262673 -10.15075 0.6560402 9.262673 -10.15075 0.6590405 9.219603 -10.15075 0.6590405 9.219603 -10.15075 0.6370392 9.337263 -11.16485 0.6370392 9.337263 -11.16485 0.6336403 9.337263 -10.15075 0.6336403 9.337263 -10.15075 0.6158409 9.363663 -10.15075 0.6158409 9.363663 -10.15075 0.6191406 9.363663 -11.16485 0.6191406 9.363663 -11.16485 0.6371403 9.101933 -11.16485 0.6371403 9.101933 -11.16485 0.6338406 9.101913 -10.15075 0.6338406 9.101913 -10.15075 0.6159401 9.075452 -10.15075 0.6159401 9.075452 -10.15075 0.5950394 9.380263 -10.15075 0.5950394 9.380263 -10.15075 0.598341 9.380263 -11.16485 0.598341 9.380263 -11.16485 0.6193409 9.075463 -11.16485 0.6193409 9.075463 -11.16485 0.5951405 9.058803 -10.15075 0.5951405 9.058803 -10.15075 0.5985394 9.058813 -11.16485 0.5985394 9.058813 -11.16485 0.5728397 9.053103 -10.15075 0.5728397 9.053103 -10.15075 0.5762405 9.053112 -11.16485 0.5762405 9.053112 -11.16485 0.5505409 9.058743 -10.15075 0.5505409 9.058743 -10.15075 0.5538406 9.058753 -11.16485 0.5538406 9.058753 -11.16485 0.5297394 9.075333 -10.15075 0.5297394 9.075333 -10.15075 0.5297394 9.075333 -10.15075 0.533041 9.075353 -11.16485 0.533041 9.075353 -11.16485 0.533041 9.075353 -11.16485 0.5118408 9.101753 -10.15075 0.5118408 9.101753 -10.15075 0.5152397 9.101773 -11.16485 0.5152397 9.101773 -11.16485 0.4981403 9.136202 -10.15075 0.4981403 9.136202 -10.15075 0.5015392 9.136213 -11.16485 0.5015392 9.136213 -11.16485 0.4895401 9.176322 -10.15075 0.4895401 9.176322 -10.15075 0.4928398 9.176333 -11.16485 0.4928398 9.176333 -11.16485 0.4899407 9.219392 -11.16485 0.4899407 9.219392 -11.16485 0.4865399 9.219383 -10.15075 0.4865399 9.219383 -10.15075 0.4894409 9.262453 -10.15075 0.4894409 9.262453 -10.15075 0.4980393 9.302563 -10.15075 0.4980393 9.302563 -10.15075 0.5117397 9.337062 -10.15075 0.5117397 9.337062 -10.15075 0.5296402 9.363563 -10.15075 0.5296402 9.363563 -10.15075 0.5503407 9.380163 -10.15075 0.5503407 9.380163 -10.15075 0.5726395 9.385863 -10.15075 0.5726395 9.385863 -10.15075 0.5760403 9.385863 -11.16485 0.5760403 9.385863 -11.16485 0.5537396 9.380163 -11.16485 0.5537396 9.380163 -11.16485 0.5329399 9.363563 -11.16485 0.5329399 9.363563 -11.16485 0.5150395 9.337062 -11.16485 0.5150395 9.337062 -11.16485 0.5014401 9.302563 -11.16485 0.5014401 9.302563 -11.16485 0.4928398 9.262463 -11.16485 0.4928398 9.262463 -11.16485 -0.3355599 9.175243 -11.16515 -0.335659 9.261373 -11.16515 -0.335659 9.261373 -11.16515 -0.3326607 9.218313 -11.16515 -0.3442593 9.301463 -11.16515 -0.3442593 9.301463 -11.16515 -0.3441601 9.135103 -11.16515 -0.3441601 9.135103 -11.16515 -0.3388596 9.175232 -10.15095 -0.3474598 9.135083 -10.15095 -0.3474598 9.135083 -10.15095 -0.347559 9.301463 -10.15095 -0.347559 9.301463 -10.15095 -0.3389607 9.261363 -10.15095 -0.3389607 9.261363 -10.15095 -0.3359604 9.218303 -10.15095 -0.3579598 9.335963 -11.16515 -0.3579598 9.335963 -11.16515 -0.3612595 9.335963 -10.15095 -0.3612595 9.335963 -10.15095 -0.3791599 9.362362 -10.15095 -0.3791599 9.362362 -10.15095 -0.3758602 9.362362 -11.16515 -0.3758602 9.362362 -11.16515 -0.3578606 9.100623 -11.16515 -0.3578606 9.100623 -11.16515 -0.3611603 9.100613 -10.15095 -0.3611603 9.100613 -10.15095 -0.3789597 9.074143 -10.15095 -0.3789597 9.074143 -10.15095 -0.3789597 9.074143 -10.15095 -0.3999596 9.378963 -10.15095 -0.3966599 9.378963 -11.16515 -0.37566 9.074152 -11.16515 -0.37566 9.074152 -11.16515 -0.37566 9.074152 -11.16515 -0.3997593 9.057493 -10.15095 -0.3997593 9.057493 -10.15095 -0.3964596 9.057502 -11.16515 -0.3964596 9.057502 -11.16515 -0.42206 9.051793 -10.15105 -0.4187603 9.051803 -11.16515 -0.4443607 9.057433 -10.15105 -0.4443607 9.057433 -10.15105 -0.4410591 9.057453 -11.16515 -0.4410591 9.057453 -11.16515 -0.4651604 9.074032 -10.15105 -0.4651604 9.074032 -10.15105 -0.4651604 9.074032 -10.15105 -0.4618607 9.074043 -11.16515 -0.4618607 9.074043 -11.16515 -0.4618607 9.074043 -11.16515 -0.4830608 9.100442 -10.15105 -0.4830608 9.100442 -10.15105 -0.4797592 9.100462 -11.16515 -0.4797592 9.100462 -11.16515 -0.4967594 9.134893 -10.15105 -0.4934597 9.134902 -11.16515 -0.5054607 9.175013 -10.15105 -0.5054607 9.175013 -10.15105 -0.5020599 9.175023 -11.16515 -0.5020599 9.175023 -11.16515 -0.5050602 9.218083 -11.16515 -0.5050602 9.218083 -11.16515 -0.5083599 9.218072 -10.15105 -0.5083599 9.218072 -10.15105 -0.5054607 9.261142 -10.15105 -0.5054607 9.261142 -10.15105 -0.4968605 9.301262 -10.15105 -0.4968605 9.301262 -10.15105 -0.4832592 9.335762 -10.15105 -0.4832592 9.335762 -10.15105 -0.4653607 9.362263 -10.15105 -0.4653607 9.362263 -10.15105 -0.4445591 9.378863 -10.15105 -0.4445591 9.378863 -10.15105 -0.4445591 9.378863 -10.15105 -0.4222603 9.384563 -10.15095 -0.4222603 9.384563 -10.15095 -0.4189606 9.384563 -11.16515 -0.4189606 9.384563 -11.16515 -0.4412594 9.378863 -11.16515 -0.4412594 9.378863 -11.16515 -0.4412594 9.378863 -11.16515 -0.462059 9.362263 -11.16515 -0.462059 9.362263 -11.16515 -0.4798603 9.335762 -11.16515 -0.4798603 9.335762 -11.16515 -0.4935608 9.301262 -11.16515 -0.4935608 9.301262 -11.16515 -0.5021591 9.261153 -11.16515 -0.5021591 9.261153 -11.16515 -0.3890591 9.315163 -10.15675 -0.3890591 9.315163 -10.15675 0.5021401 9.219403 -10.18715 0.5021401 9.219403 -10.18715 0.5297394 9.316363 -10.15645 0.5297394 9.316363 -10.15645 -0.3611603 9.218263 -10.18735 -0.3611603 9.218263 -10.18735 -0.3857594 9.315163 -11.17085 -0.3857594 9.315163 -11.17085 -0.3579598 9.218283 -11.14015 -0.3579598 9.218283 -11.14015 0.5052395 9.219412 -11.13995 0.5052395 9.219412 -11.13995 0.533041 9.316363 -11.17065 0.533041 9.316363 -11.17065 0.5331402 9.122523 -11.17065 0.5331402 9.122523 -11.17065 0.5331402 9.122523 -11.17065 0.5331402 9.122523 -11.17065 0.5298405 9.122503 -10.15645 0.5298405 9.122503 -10.15645 0.5298405 9.122503 -10.15645 0.5298405 9.122503 -10.15645 0.5315399 9.122512 -10.66355 0.5315399 9.122512 -10.66355 0.5315399 9.122512 -10.66355 0.5315399 9.122512 -10.66355 0.51544 9.122492 -10.53235 0.51544 9.122492 -10.53235 0.469141 9.122423 -10.41005 0.469141 9.122423 -10.41005 0.3957405 9.122333 -10.30505 0.3957405 9.122333 -10.30505 0.3003407 9.122202 -10.22445 0.3003407 9.122202 -10.22445 0.1894397 9.122053 -10.17385 0.1894397 9.122053 -10.17385 0.07044029 9.121903 -10.15655 0.07044029 9.121903 -10.15655 0.07044029 9.121903 -10.15655 0.07044029 9.121903 -10.15655 -0.3889599 9.121293 -10.15675 -0.3889599 9.121293 -10.15675 -0.3856602 9.121313 -11.17085 -0.3856602 9.121313 -11.17085 -0.3872604 9.121303 -10.66375 -0.3872604 9.121303 -10.66375 -0.3712597 9.121323 -10.79505 -0.3712597 9.121323 -10.79505 -0.3249607 9.121393 -10.91735 -0.2515602 9.121482 -11.02235 -0.2515602 9.121482 -11.02235 -0.1561603 9.121613 -11.10285 -0.1561603 9.121613 -11.10285 -0.04516029 9.121763 -11.15345 -0.04516029 9.121763 -11.15345 0.07374 9.121912 -11.17075 0.07374 9.121912 -11.17075 0.07374 9.121912 -11.17075 0.07374 9.121912 -11.17075 0.1926403 9.122073 -11.15345 0.3032398 9.122213 -11.10275 0.3032398 9.122213 -11.10275 0.39814 9.122343 -11.02215 0.39814 9.122343 -11.02215 0.39814 9.122343 -11.02215 0.4707394 9.122433 -10.91705 0.4707394 9.122433 -10.91705 0.5162392 9.122492 -10.79475 0.5315399 9.019453 -10.66355 0.5315399 9.019453 -10.66355 0.5163403 9.019433 -10.79475 0.5163403 9.019433 -10.79475 0.5448399 9.016102 -10.66355 0.51544 9.019423 -10.53235 0.51544 9.019423 -10.53235 0.5282402 9.016082 -10.52855 0.469141 9.019363 -10.41005 0.469141 9.019363 -10.41005 0.469141 9.019363 -10.41005 0.4806404 9.016013 -10.40275 0.3958397 9.019263 -10.30505 0.3958397 9.019263 -10.30505 0.4051399 9.015913 -10.29465 0.3004398 9.019143 -10.22445 0.3004398 9.019143 -10.22445 0.3070393 9.015783 -10.21185 0.1928405 9.015633 -10.15975 0.1894397 9.018993 -10.17385 0.1894397 9.018993 -10.17385 0.07053947 9.018833 -10.15655 0.07053947 9.018833 -10.15655 -0.04836082 9.018683 -10.17395 -0.04836082 9.018683 -10.17395 -0.04836082 9.121743 -10.17395 -0.04836082 9.121743 -10.17395 -0.1590595 9.121603 -10.22455 -0.1590595 9.121603 -10.22455 -0.2539597 9.121473 -10.30515 -0.2539597 9.121473 -10.30515 -0.3265591 9.121383 -10.41025 -0.3720608 9.121323 -10.53255 -0.3720608 9.018262 -10.53255 -0.3872604 9.018242 -10.66375 -0.3872604 9.018242 -10.66375 -0.3711605 9.018262 -10.79505 -0.3711605 9.018262 -10.79505 0.4693394 8.821932 -10.41005 0.4693394 8.821932 -10.41005 0.5156403 8.821992 -10.53235 0.5156403 8.821992 -10.53235 0.5283394 8.825373 -10.52855 0.4807396 8.825313 -10.40275 0.5402393 8.835252 -10.52495 0.5402393 8.835252 -10.52495 0.4914398 8.835193 -10.39585 0.5504398 8.850953 -10.52195 0.5075398 8.871343 -10.38555 0.5583401 8.871413 -10.51965 0.5583401 8.871413 -10.51965 0.5759392 8.871433 -10.66355 0.5678406 8.850983 -10.66355 0.5572395 8.835272 -10.66355 0.5572395 8.835272 -10.66355 0.544941 8.825403 -10.66355 0.531641 8.822023 -10.66355 0.531641 8.822023 -10.66355 0.5164394 8.822003 -10.79475 0.5164394 8.822003 -10.79475 0.5292397 8.825383 -10.79855 0.5411396 8.835263 -10.80205 0.5514393 8.850963 -10.80515 0.5592404 8.871413 -10.80745 0.5641403 8.895233 -10.80885 0.5641403 8.895233 -10.80885 0.5810394 8.895253 -10.66355 0.5810394 8.895253 -10.66355 0.5658398 8.920783 -10.80935 0.5658398 8.920783 -10.80935 0.5827408 8.920803 -10.66355 0.5810394 8.946343 -10.66355 0.5641403 8.946323 -10.80885 0.5641403 8.946323 -10.80885 0.5137405 8.946263 -10.94435 0.5152397 8.920713 -10.94535 0.5152397 8.920713 -10.94535 0.5138397 8.895163 -10.94435 0.5093403 8.871353 -10.94155 0.5023403 8.850893 -10.93705 0.4931393 8.835193 -10.93115 0.482441 8.825323 -10.92435 0.4709396 8.821943 -10.91705 0.4709396 8.821943 -10.91705 0.4708405 9.019372 -10.91705 0.4708405 9.019372 -10.91705 0.39814 9.019272 -11.02215 0.39814 9.019272 -11.02215 0.39814 9.019272 -11.02215 0.3983402 8.821843 -11.02215 0.3983402 8.821843 -11.02215 0.3983402 8.821843 -11.02215 0.4077396 8.825222 -11.03245 0.416441 8.835093 -11.04205 0.4297409 8.871243 -11.05665 0.32164 8.850663 -11.13735 0.3256397 8.871112 -11.14505 0.3256397 8.871112 -11.14505 0.2043399 8.870953 -11.20065 0.2022399 8.850502 -11.19195 0.19944 8.834813 -11.18065 0.19944 8.834813 -11.18065 0.3162403 8.834962 -11.12715 0.3100395 8.825093 -11.11535 0.3034401 8.821722 -11.10275 0.3034401 8.821722 -11.10275 0.3033409 9.019153 -11.10275 0.3033409 9.019153 -11.10275 0.4075394 9.015923 -11.03245 0.3099403 9.015803 -11.11535 0.3099403 9.015803 -11.11535 0.3161392 9.005943 -11.12715 0.4238396 8.990403 -11.05035 0.4238396 8.990403 -11.05035 0.3215408 8.990262 -11.13735 0.4296398 8.969963 -11.05665 0.4296398 8.969963 -11.05665 0.3256397 8.969822 -11.14505 0.4332409 8.946153 -11.06065 0.4332409 8.946153 -11.06065 0.3282395 8.946022 -11.14995 0.3291397 8.920473 -11.15165 0.4345398 8.920613 -11.06205 0.4345398 8.920613 -11.06205 0.5093403 8.970063 -10.94155 0.5022392 8.990503 -10.93705 0.5022392 8.990503 -10.93705 0.4930401 9.006173 -10.93115 0.4823399 9.016023 -10.92435 -0.3265591 9.018313 -10.41025 -0.3265591 9.018313 -10.41025 -0.2538605 9.018413 -10.30525 -0.2538605 9.018413 -10.30525 -0.2538605 9.018413 -10.30525 -0.1589603 9.018532 -10.22455 -0.1589603 9.018532 -10.22455 0.3005409 8.821713 -10.22445 0.3005409 8.821713 -10.22445 0.1895408 8.821562 -10.17385 0.1895408 8.821562 -10.17385 0.07044029 9.015473 -10.14195 0.07044029 9.005613 -10.12835 0.07044029 9.005613 -10.12835 0.1960391 9.005773 -10.14655 0.1960391 9.005773 -10.14655 0.0703392 8.989923 -10.11665 0.19874 8.990093 -10.13525 0.2008399 8.969653 -10.12665 0.0703392 8.969483 -10.10775 -0.05995941 8.969303 -10.12665 -0.05785942 8.989752 -10.13535 -0.05785942 8.989752 -10.13535 -0.05505943 9.005443 -10.14665 -0.05505943 9.005443 -10.14665 -0.0518608 9.015313 -10.15975 0.07064056 8.821403 -10.15655 0.07064056 8.821403 -10.15655 -0.04825973 8.821252 -10.17395 -0.04825973 8.821252 -10.17395 -0.1588592 8.821103 -10.22455 -0.1588592 8.821103 -10.22455 -0.3263607 8.820882 -10.41025 -0.3263607 8.820882 -10.41025 -0.3718605 8.820833 -10.53255 -0.3871594 8.820813 -10.66375 -0.3710594 8.820833 -10.79505 -0.4004593 9.014863 -10.66375 -0.4004593 9.014863 -10.66375 -0.3839607 9.014883 -10.79885 -0.3839607 9.014883 -10.79885 -0.3248596 9.018322 -10.91735 -0.3362599 9.014943 -10.92465 -0.2514591 9.018423 -11.02235 -0.2514591 9.018423 -11.02235 -0.2608605 9.015043 -11.03265 -0.1560592 9.018552 -11.10285 -0.1560592 9.018552 -11.10285 -0.1626605 9.015172 -11.11555 -0.04855918 9.015323 -11.16765 -0.04516029 9.018692 -11.15345 -0.04516029 9.018692 -11.15345 -0.3247604 8.820893 -10.91735 -0.2513599 8.820993 -11.02235 -0.2513599 8.820993 -11.02235 0.07383918 9.018853 -11.17075 0.07383918 9.018853 -11.17075 0.1926403 9.019013 -11.15345 0.1926403 9.019013 -11.15345 -0.3379593 9.014943 -10.40295 -0.3848591 9.014883 -10.52875 -0.3848591 9.014883 -10.52875 -0.396759 9.005002 -10.52525 -0.396759 9.005002 -10.52525 -0.4127598 9.004982 -10.66375 -0.3958607 9.005002 -10.80235 -0.3958607 9.005002 -10.80235 -0.3469601 9.005073 -10.93145 -0.3469601 9.005073 -10.93145 -0.2695599 9.005173 -11.04225 -0.2695599 9.005173 -11.04225 -0.1687602 9.005303 -11.12735 -0.05166053 9.005463 -11.18075 0.07394027 9.005622 -11.19895 0.07383918 9.015493 -11.18535 0.07394027 8.821423 -11.17075 0.07394027 8.821423 -11.17075 0.1927394 8.821582 -11.15345 0.1927394 8.821582 -11.15345 0.1961402 9.015653 -11.16755 0.1993408 9.005793 -11.18065 0.2021408 8.990113 -11.19195 0.2043399 8.969663 -11.20065 0.2043399 8.969663 -11.20065 0.2056407 8.945862 -11.20605 0.2061405 8.920312 -11.20795 0.2057399 8.894762 -11.20605 0.3282395 8.894923 -11.14995 0.4333401 8.895063 -11.06065 0.07403945 8.894593 -11.22525 0.07403945 8.870782 -11.21965 0.07403945 8.870782 -11.21965 0.07403945 8.850333 -11.21065 0.07403945 8.834643 -11.19895 0.07403945 8.834643 -11.19895 0.07394027 8.824783 -11.18535 0.07394027 8.824783 -11.18535 0.1962394 8.824943 -11.16755 -0.2537594 8.820982 -10.30525 -0.2537594 8.820982 -10.30525 0.3959408 8.821833 -10.30505 0.405241 8.825213 -10.29465 0.4139404 8.835083 -10.28505 0.4139404 8.835083 -10.28505 0.4214401 8.850783 -10.27675 0.4271393 8.871232 -10.27045 0.4307404 8.895043 -10.26645 0.51194 8.895153 -10.38275 0.5632401 8.895223 -10.51815 0.5632401 8.895223 -10.51815 0.5649395 8.920773 -10.51765 0.5632401 8.946323 -10.51815 0.57584 8.970152 -10.66355 0.5582409 8.970123 -10.51965 0.5504398 8.990563 -10.52195 0.5677395 8.990583 -10.66355 0.5592404 8.970132 -10.80745 0.5513401 8.990563 -10.80515 0.5410404 9.006233 -10.80205 0.5571404 9.006253 -10.66355 0.5571404 9.006253 -10.66355 0.5401402 9.006233 -10.52495 0.5401402 9.006233 -10.52495 0.4913406 9.006163 -10.39585 0.4138393 9.006063 -10.28505 0.4138393 9.006063 -10.28505 0.3131409 9.005932 -10.20005 0.3131409 9.005932 -10.20005 0.3184395 8.990253 -10.18985 0.3184395 8.990253 -10.18985 0.3224392 8.969813 -10.18215 0.3250408 8.946002 -10.17725 0.2021408 8.945842 -10.12115 0.0703392 8.945672 -10.10205 -0.06126022 8.945492 -10.12125 -0.06126022 8.945492 -10.12125 -0.1812591 8.969153 -10.18225 -0.1837596 8.945333 -10.17735 -0.1837596 8.945333 -10.17735 -0.2888603 8.945202 -10.26665 -0.2888603 8.945202 -10.26665 -0.2852593 8.969013 -10.27065 -0.2852593 8.969013 -10.27065 -0.1771602 8.989603 -10.19005 -0.279459 8.989462 -10.27695 -0.279459 8.989462 -10.27695 -0.1718597 9.005292 -10.20015 -0.2719593 9.005163 -10.28525 -0.2719593 9.005163 -10.28525 -0.1656608 9.015163 -10.21195 -0.2632599 9.015032 -10.29485 -0.2631607 8.824333 -10.29485 -0.1655597 8.824462 -10.21195 -0.05166053 8.824613 -10.15975 0.07053947 8.824772 -10.14195 0.1929397 8.824933 -10.15975 0.3071404 8.825082 -10.21185 0.3132401 8.834953 -10.20005 0.3132401 8.834953 -10.20005 0.3185406 8.850643 -10.18985 0.3225403 8.871092 -10.18215 0.3250408 8.894903 -10.17725 0.3259392 8.920463 -10.17555 0.4319401 8.920602 -10.26505 0.4319401 8.920602 -10.26505 0.5134392 8.920702 -10.38175 0.51194 8.946252 -10.38275 0.5075398 8.970053 -10.38555 0.5004406 8.990492 -10.39005 0.421341 8.990383 -10.27675 0.421341 8.990383 -10.27675 0.4270401 8.969953 -10.27045 0.4270401 8.969953 -10.27045 0.4306393 8.946143 -10.26645 0.4306393 8.946143 -10.26645 0.2025394 8.920292 -10.11935 0.0703392 8.920123 -10.10015 -0.06166076 8.919942 -10.11935 -0.1846599 8.919783 -10.17575 -0.1846599 8.919783 -10.17575 -0.2900601 8.919652 -10.26525 -0.2900601 8.919652 -10.26525 -0.3708592 8.919543 -10.38205 -0.36936 8.945093 -10.38295 -0.3649597 8.968913 -10.38585 -0.3578606 8.989363 -10.39025 -0.3486595 9.005063 -10.39615 -0.3486595 9.005063 -10.39615 -0.3378601 8.824233 -10.40295 -0.3485603 8.834083 -10.39615 -0.3485603 8.834083 -10.39615 -0.2718601 8.834182 -10.28525 -0.1717605 8.834313 -10.20015 -0.05496025 8.834463 -10.14665 -0.05496025 8.834463 -10.14665 0.07053947 8.834632 -10.12835 0.07053947 8.834632 -10.12835 0.1961402 8.834793 -10.14655 0.1961402 8.834793 -10.14655 0.1988391 8.850493 -10.13525 0.2008399 8.870933 -10.12665 0.2021408 8.894742 -10.12115 0.2021408 8.894742 -10.12115 0.07044029 8.894573 -10.10205 -0.06126022 8.894403 -10.12125 -0.1837596 8.894243 -10.17735 -0.1837596 8.894243 -10.17735 -0.2888603 8.894103 -10.26665 -0.2888603 8.894103 -10.26665 -0.36936 8.893993 -10.38295 -0.4196606 8.893933 -10.51845 -0.42136 8.919483 -10.51795 -0.4197598 8.945033 -10.51845 -0.4148598 8.968843 -10.51995 -0.4069595 8.989303 -10.52225 -0.4233608 8.989283 -10.66385 -0.4060593 8.989303 -10.80535 -0.35606 8.989373 -10.93725 -0.2769604 8.989473 -11.05055 -0.2769604 8.989473 -11.05055 -0.1740608 8.989613 -11.13745 -0.05435943 8.989772 -11.19205 0.07394027 8.989943 -11.21065 0.07403945 8.969492 -11.21965 0.07403945 8.945683 -11.22525 0.07403945 8.920133 -11.22715 -0.05816078 8.919962 -11.20805 -0.05765914 8.894412 -11.20615 -0.05636024 8.870613 -11.20075 -0.05426025 8.850163 -11.19205 -0.05155944 8.834483 -11.18075 -0.05155944 8.834483 -11.18075 -0.04836082 8.824623 -11.16765 -0.04836082 8.824623 -11.16765 -0.0450592 8.821263 -11.15345 -0.0450592 8.821263 -11.15345 -0.4003601 8.824152 -10.66375 -0.3838596 8.824183 -10.79885 -0.4126606 8.834003 -10.66385 -0.4126606 8.834003 -10.66385 -0.3957596 8.834023 -10.80235 -0.3957596 8.834023 -10.80235 -0.4232597 8.849673 -10.66385 -0.4059601 8.849702 -10.80535 -0.4314594 8.870113 -10.66385 -0.4314594 8.870113 -10.66385 -0.4138603 8.870133 -10.80765 -0.4365597 8.893913 -10.66385 -0.4187603 8.893933 -10.80915 -0.4204598 8.919483 -10.80965 -0.4383602 8.919463 -10.66385 -0.4147606 8.870133 -10.51995 -0.4068604 8.849693 -10.52225 -0.3966599 8.834023 -10.52525 -0.3846607 8.824172 -10.52875 -0.3577595 8.849762 -10.39025 -0.3577595 8.849762 -10.39025 -0.3648605 8.870193 -10.38585 -0.2851601 8.870303 -10.27065 -0.2851601 8.870303 -10.27065 -0.279459 8.849863 -10.27695 -0.279459 8.849863 -10.27695 -0.1770591 8.849992 -10.19005 -0.1770591 8.849992 -10.19005 -0.05776023 8.850152 -10.13535 0.07044029 8.850323 -10.11665 0.07044029 8.870762 -10.10775 -0.05986022 8.870593 -10.12665 -0.1811599 8.870432 -10.18225 -0.4365597 8.945013 -10.66385 -0.4314594 8.968823 -10.66385 -0.4138603 8.968852 -10.80765 -0.36306 8.968913 -10.94175 -0.2826595 8.969022 -11.05685 -0.2826595 8.969022 -11.05685 -0.1780605 8.969162 -11.14525 -0.05645942 8.969323 -11.20075 -0.05765914 8.945512 -11.20615 -0.1814594 8.919803 -11.15175 -0.1805591 8.945353 -11.15005 -0.2874603 8.919663 -11.06225 -0.2874603 8.919663 -11.06225 -0.2862606 8.945213 -11.06085 -0.2862606 8.945213 -11.06085 -0.3675594 8.945103 -10.94455 -0.3689594 8.919552 -10.94555 -0.3674603 8.894002 -10.94455 -0.2862606 8.894113 -11.06085 -0.2862606 8.894113 -11.06085 -0.1805591 8.894252 -11.15005 -0.1780605 8.870452 -11.14525 -0.1739597 8.850012 -11.13745 -0.1739597 8.850012 -11.13745 -0.1686592 8.834333 -11.12735 -0.1625595 8.824473 -11.11555 -0.15596 8.821123 -11.10285 -0.15596 8.821123 -11.10285 -0.2607594 8.824343 -11.03265 -0.2694607 8.834193 -11.04225 -0.2768593 8.849873 -11.05055 -0.2768593 8.849873 -11.05055 -0.2768593 8.849873 -11.05055 -0.2826595 8.870313 -11.05685 -0.2826595 8.870313 -11.05685 -0.36306 8.870203 -10.94175 -0.4187603 8.945033 -10.80915 -0.35606 8.849762 -10.93725 -0.35606 8.849762 -10.93725 -0.346859 8.834093 -10.93145 -0.3361607 8.824243 -10.92465 -0.1368598 9.098153 -10.32515 -0.1368598 9.098153 -10.32515 -0.1368598 9.098153 -10.32515 -0.1259593 1.257073 -10.12215 -0.06385993 9.098242 -10.27175 -0.06385993 9.098242 -10.27175 -0.2316608 1.256933 -10.19965 -0.2316608 1.256933 -10.19965 -0.1947593 9.098073 -10.39775 -0.1947593 9.098073 -10.39775 -0.3155594 1.256823 -10.30475 -0.2336597 9.098023 -10.48445 -0.2336597 9.098023 -10.48445 -0.3718605 1.256753 -10.43035 -0.2508602 9.098003 -10.57935 -0.2508602 9.098003 -10.57935 -0.396759 1.256723 -10.56785 -0.3885594 1.256733 -10.70795 -0.2451591 9.098012 -10.67605 -0.2451591 9.098012 -10.67605 0.4200401 9.098883 -10.63095 0.4200401 9.098883 -10.63095 0.414341 9.098873 -10.53425 0.414341 9.098873 -10.53425 0.3861408 9.098843 -10.44245 0.3374405 9.098773 -10.36165 0.3374405 9.098773 -10.36165 0.2715397 9.098683 -10.29745 0.2715397 9.098683 -10.29745 0.1928405 9.098583 -10.25425 0.1928405 9.098583 -10.25425 0.01923942 9.098353 -10.24095 0.01923942 9.098353 -10.24095 0.1068401 9.098473 -10.23505 0.1068401 9.098473 -10.23505 -0.005460739 1.257233 -10.07765 0.1213397 1.257403 -10.06905 0.2460403 1.257563 -10.09695 0.3600407 1.257713 -10.15955 0.4555397 1.257843 -10.25245 0.5668392 1.257993 -10.50255 0.5750408 1.258003 -10.64255 0.4028397 9.098863 -10.72585 0.4028397 9.098863 -10.72585 0.5501404 1.257973 -10.78005 0.3639393 9.098813 -10.81255 0.3639393 9.098813 -10.81255 0.4938393 1.257893 -10.90565 0.3060398 9.098732 -10.88515 0.3060398 9.098732 -10.88515 0.3060398 9.098732 -10.88515 0.4099407 1.257793 -11.01075 0.4099407 1.257793 -11.01075 0.3042393 1.257653 -11.08825 0.2330398 9.098643 -10.93865 0.2330398 9.098643 -10.93865 0.1838397 1.257493 -11.13285 0.1499404 9.098533 -10.96935 0.1499404 9.098533 -10.96935 0.05694007 1.257323 -11.14145 0.06233978 9.098423 -10.97535 0.06233978 9.098423 -10.97535 -0.02366065 9.098302 -10.95605 -0.02366065 9.098302 -10.95605 -0.06765937 1.257163 -11.11345 -0.1023597 9.098203 -10.91285 -0.1023597 9.098203 -10.91285 -0.1816596 1.257013 -11.05095 -0.1683597 9.098113 -10.84865 -0.1683597 9.098113 -10.84865 -0.1683597 9.098113 -10.84865 -0.2771607 1.256883 -10.95795 -0.2771607 1.256883 -10.95795 -0.21706 9.098052 -10.76795 -0.21706 9.098052 -10.76795 -0.3477593 1.256793 -10.84095 32.77484 1.84774e-6 -0.377655 32.77484 1.84774e-6 -0.377655 32.77484 9.396663 7.739746 32.77484 1.84774e-6 7.739746 32.77484 9.396663 -0.377655 32.77484 9.396663 -0.377655 28.61484 9.396663 -0.377655 28.61484 9.396663 -0.377655 28.61484 1.84774e-6 -0.377655 28.61484 1.84774e-6 -0.377655 28.61484 1.84774e-6 -9.040553 28.61484 1.84774e-6 -9.040553 28.61484 9.396663 -9.040553 28.61484 9.396663 -9.040553 8.48584 1.84774e-6 -9.040553 8.48584 9.396663 -9.040553 4.508041 9.396663 -11.99285 4.508041 1.84774e-6 -11.99285 4.508041 1.84774e-6 -9.040553 4.508041 9.396663 -9.040553 -27.91973 9.396663 -9.040553 -27.91973 1.84774e-6 -9.040553 -27.91973 1.84774e-6 -11.99285 -27.91973 9.396663 -11.99285 -31.89753 9.396663 -11.99285 -31.89753 1.84774e-6 -11.99285 -31.89753 1.84774e-6 -0.377655 -31.89753 9.396663 -0.377655 -31.89753 10.46206 -11.99285 8.48584 10.46206 -9.040553</float_array>
          <technique_common>
            <accessor source="#Dramikom_drm_h_drm_l_l_002-mesh-positions-array" count="3501" stride="3">
              <param name="X" type="float"/>
              <param name="Y" type="float"/>
              <param name="Z" type="float"/>
            </accessor>
          </technique_common>
        </source>
        <source id="Dramikom_drm_h_drm_l_l_002-mesh-normals">
          <float_array id="Dramikom_drm_h_drm_l_l_002-mesh-normals-array" count="7596">-0.3363656 0.5877212 -0.7358275 -0.3364731 0.5874825 -0.7359689 0 1 6.56406e-6 0 1 -4.92305e-6 0 1 0 -0.9456547 0.3075067 -0.1057208 -0.9456654 0.3074735 -0.1057217 0.9998331 5.73553e-4 -0.01826512 0.9998328 5.63432e-4 -0.01827728 0 0 1 0.8744781 0.2139095 0.4353517 0.8744823 0.21388 0.4353575 0.001311719 -0.9999992 3.64225e-4 0.001310944 -0.9999991 4.32725e-4 0.9896495 0.1435065 0 0.977814 -0.2094509 0.003177165 0.9778035 -0.2094998 0.003179252 -0.9896482 0.1435153 0 -0.1447828 -7.41364e-5 0.9894635 -0.1447926 -7.41356e-5 0.989462 -0.1439754 0.0581566 0.987871 -0.1439914 0.0580976 0.9878721 -0.6438373 -0.05645948 -0.7630766 -0.6439471 -0.05602318 -0.7630161 0.2275826 0.9698956 0.08665335 0.2274174 0.9699408 0.08658182 -0.383276 0.3945537 0.835121 -0.3832703 0.395275 0.8347824 0.6237972 0.7815837 0.002030193 0.6237983 0.7815828 0.002028405 0.9097232 0.4152154 0 0.9097205 0.4152214 0 0.1408246 -0.2266597 -0.9637396 0.1407932 -0.2269101 -0.9636852 -3.86139e-6 0 1 -2.19428e-6 0 1 0.829926 -0.3747092 0.4132987 0.8298831 -0.3748534 0.4132542 -0.001305699 0.9999992 -4.60541e-6 -0.001305699 0.9999992 -4.09409e-6 -2.85446e-4 -1.38648e-7 1 -2.87963e-4 -2.74707e-7 1 0 -1 0 0 -1 0 0 -1 -4.80776e-6 0 -1 0 0 -1 -3.24746e-6 1 0 0 0.647459 4.40104e-4 -0.7621002 0.6475112 4.65956e-4 -0.7620558 0.4164162 2.09207e-4 -0.9091742 0.4163956 2.09133e-4 -0.9091836 0.03137433 0.97397 0.2244955 0.0313313 0.9740142 0.2243097 0 0 -1 0.1440957 1.38686e-4 -0.9895638 0.1439792 0 -0.9895808 0.1430968 0.05810523 0.9880017 0.1430823 0.05815088 0.988001 -0.7857285 -0.5849617 0.2011235 -0.7858083 -0.5848641 0.2010953 0.3251695 -0.8942718 0.3074781 0.3252052 -0.8942611 0.3074716 -0.2192272 0.02081072 -0.975452 -0.2189347 0.02081531 -0.9755175 0.1187333 0.9929262 0 0.118735 0.992926 0 -0.131011 -0.399505 -0.9073213 -0.130994 -0.3993258 -0.9074026 0 1 1.95675e-6 0 1 -2.10564e-6 -1 0 0 0.737222 0.2181163 0.6394756 0.7371684 0.2187868 0.6393083 -0.3330363 -0.5942682 -0.732074 -0.3332058 -0.5939744 -0.7322351 0.897825 -0.2803882 0.3395479 0.8977943 -0.2805601 0.3394871 0.7260649 4.08987e-4 -0.6876261 0.7260661 4.08986e-4 -0.6876249 -0.1299914 0.4433093 0.8868929 -0.1300156 0.4434385 0.8868249 0.1402935 0.2264114 -0.9638754 0.140282 0.2267104 -0.9638068 -0.3342773 -0.5949702 0.7309373 -0.3343376 -0.594873 0.7309888 -0.8932974 0.06652677 -0.4445155 -0.8932955 0.06649118 -0.4445246 -0.9227009 0.1628885 -0.3494144 -0.9227267 0.1624708 -0.3495409 1.89755e-4 1.83444e-7 -1 1.91203e-4 0 -1 0.9544839 -0.2770076 -0.1105772 0.9545103 -0.2769054 -0.1106054 -0.9142313 -0.2100484 -0.3464979 -0.9143003 -0.209805 -0.3464636 -0.02572762 -1.44853e-5 -0.999669 -0.02572184 -1.44853e-5 -0.9996691 -0.6717588 -0.7361724 -0.08240383 -0.6720331 -0.7359257 -0.08237063 0.7858586 -0.5848039 0.2010738 0.7857853 -0.5848895 0.2011115 0.6242362 -0.7778626 -0.0725193 0.6243887 -0.7777419 -0.07250154 -0.6292013 -0.7396552 -0.2387804 -0.6295701 -0.7393273 -0.2388236 0.5419787 -0.8403922 0 0.5419794 -0.8403917 0 0.3903511 0.7970198 -0.460853 0.3901786 0.7973101 -0.460497 0 -1 -8.33006e-6 0 -1 -2.58238e-6 0 -1 -7.6802e-6 -0.5456622 -0.7478525 0.378113 -0.5455147 -0.7479887 0.3780566 -5.0394e-4 0.5476837 -0.8366853 -4.76061e-4 0.5474759 -0.8368214 -0.8953277 -5.13889e-4 -0.4454079 -0.8953275 -5.1389e-4 -0.4454082 0.03135246 0.974027 -0.2242509 0.03134614 0.9740439 -0.2241782 -0.3736617 0.4374954 -0.8179088 -0.3734968 0.4378584 -0.8177899 0 -0.8403975 -0.5419707 0 -0.8403899 -0.5419825 0.8970979 0.2827053 0.3395484 0.8971371 0.2824973 0.3396178 0.1444565 6.56676e-5 -0.9895111 0.1444447 6.50446e-5 -0.9895129 0.2306641 -0.9692837 -0.08534133 0.2306087 -0.9693005 -0.08530056 0 -0.8405309 -0.5417638 0 -0.8405278 -0.5417686 -0.8195909 -8.03755e-4 -0.5729487 -0.819597 -8.03862e-4 -0.5729399 0.3916583 -0.7952393 0.4628158 0.3916047 -0.7953124 0.4627355 0.1958269 0.9709238 0.137691 0.1956336 0.9709815 0.1375585 -0.9352008 -6.39603e-4 -0.3541173 -0.935279 -5.60251e-4 -0.3539111 0 -0.8403941 -0.5419759 0 -0.8403895 -0.541983 -0.992566 -5.08365e-4 -0.1217066 -0.9925661 -5.08077e-4 -0.1217069 0.7364785 0.5683238 0.3668889 0.7363803 0.5684726 0.3668556 -0.143827 -0.05839776 0.9878783 -0.1437596 -0.05816709 0.9879018 0.8562808 0.02008312 0.51612 0.8563373 0.02008503 0.5160263 0.1399639 -0.2305004 0.9629536 0.139894 -0.2301291 0.9630526 -0.9932697 -6.6188e-4 0.1158229 -0.993356 -3.34159e-4 0.1150815 0 -1 4.92226e-6 -0.1421075 0.177237 0.9738545 -0.1419677 0.1766961 0.9739732 0.9975793 0.06946259 0.003248333 0.9975761 0.06950885 0.003246009 0.9778025 -0.209503 0.003275275 0.9778019 -0.2095057 0.003274857 0 1 1.89466e-6 0 1 -4.83189e-7 -0.9926058 -6.7461e-4 -0.1213814 -0.9926045 -6.79166e-4 -0.1213918 0.8010984 -0.2138031 0.5590436 0.800696 -0.215061 0.5591374 0.2099725 0.9708091 -0.1159369 0.2099668 0.9708108 -0.1159335 -0.7732552 -0.5624515 -0.2927878 -0.7745793 -0.5601472 -0.2937041 0.5126582 -0.3926715 0.7635383 0.5127992 -0.3915045 0.7640428 0.8222591 5.62489e-4 -0.5691131 0.8223583 5.01999e-4 -0.5689699 0.8230116 0.5598962 -0.09575068 0.824517 0.5577071 -0.09557402 0.9933558 9.74299e-4 -0.1150802 0.9932682 0 -0.1158382 0.9456883 0.3074113 -0.1056981 0.9456889 0.3074097 -0.1056975 -0.935225 -9.00004e-4 -0.354053 -0.04892188 0 -0.9988027 -0.9352264 -4.78757e-4 -0.3540502 -0.9353036 -6.23459e-4 -0.3538457 0.3825272 -0.3898249 0.837681 0.3825337 -0.3901194 0.8375411 -0.2588066 -1.45735e-4 0.9659292 -0.2587971 -1.48551e-4 0.9659317 -0.7877227 -0.2867547 0.54522 -0.7876115 -0.2878795 0.5447877 0.2672201 0.7631038 0.5884439 0.2675338 0.7627034 0.5888203 0.02550983 0.07420116 0.996917 0.0255683 0.07459229 0.9968863 -0.6291294 -0.7411808 0.2341948 -0.6289116 -0.7413738 0.2341692 -0.8510394 -0.4145891 -0.3222545 -0.8510461 -0.4145655 -0.3222672 0.001317024 -0.9999992 -7.55007e-5 0.00131148 -0.9999992 -7.84644e-5 0.001305222 -0.999999 -5.42402e-4 0.00131148 -0.9999992 -7.89791e-5 0.001314043 -0.9999992 8.65113e-5 0.001315295 -0.9999992 -7.76755e-5 0.00149399 -0.9999989 -7.49655e-5 0.8562084 0.2136741 -0.4703729 0.8559079 0.216012 -0.4698516 0.2484504 -0.5945896 0.7646801 0.249145 -0.5927019 0.7659186 0.8217148 -0.5619006 -0.09514611 0.8210428 -0.5628555 -0.09530234 -0.8258042 -0.5558247 0.09542763 -0.8245186 -0.5577049 0.09557408 -0.1434274 -0.07565003 0.9867652 -0.143765 -0.07394731 0.9868452 -0.85578 -0.2159563 0.4701102 -0.8558046 -0.2157511 0.4701596 -0.1436266 0.0756154 0.986739 -0.1440592 0.07337373 0.9868451 -0.004644274 -0.9745095 -0.2242987 -0.004686594 -0.9746531 -0.2236731 0.9557268 0.01977473 0.2935905 0.9559035 0.01978385 0.2930139 0.5480955 -0.7460159 -0.3782217 0.5469638 -0.7470598 -0.3777994 0.6095913 -0.7810489 0.135504 0.6099286 -0.7807787 0.1355435 -0.999994 -9.60352e-4 -0.00331825 -0.9999948 0 -0.003229916 0.2441695 0.969312 -0.02855837 0.2451652 0.9690605 -0.02856224 0.1534902 -0.8081138 -0.5686764 0.1544421 -0.8062731 -0.5710267 -0.5808485 -0.784615 0.2167817 -0.5828505 -0.7830212 0.2171711 0.9352082 4.24995e-4 0.3540983 0.9352042 4.21218e-4 0.3541089 0.4528154 -0.5844822 0.6733043 0.4514515 -0.5871279 0.671917 1.81313e-4 0.4201841 -0.9074388 2.64165e-5 0.4197502 -0.9076398 -0.001382052 0.4194533 -0.9077759 0 0.4196223 -0.9076988 -8.00824e-4 0.4202813 -0.9073936 6.23642e-5 0.4196396 -0.9076909 -6.18241e-5 0.419348 -0.9078257 1.16343e-4 0.4198246 -0.9076054 3.20315e-5 0.4198455 -0.9075956 -4.55805e-6 0.4197469 -0.9076413 -6.98841e-6 0.419762 -0.9076343 -0.912356 0.01890152 0.4089611 -0.9122131 0.01890748 0.4092797 -0.02492934 -0.22973 -0.9729351 -0.02535271 -0.2328468 -0.9721829 -0.3070772 0.07353246 -0.9488396 -0.3072079 0.07463657 -0.9487111 0.8743765 -0.2138917 0.4355642 0.874373 -0.2139009 0.4355667 0.1415213 0.1770634 -0.9739715 0.1416341 0.1775522 -0.9738661 -0.8007358 0.2150756 -0.559075 -0.8001546 0.2169652 -0.559177 -0.6225824 -0.7824695 0.01152294 -0.6250492 -0.7805036 0.01129817 -0.9709935 -0.2074047 -0.1189746 -0.9708693 -0.2080575 -0.1188489 0.3348308 -0.5930044 0.7322801 0.3346992 -0.5932539 0.7321382 0.8281621 -0.5602797 -0.01531165 0.8294734 -0.5583422 -0.01509881 -0.6263751 0.7794334 0.01174497 -0.6273158 0.7786777 0.01165956 0.1432964 0.0761646 -0.9867447 0.1438807 0.0733819 -0.9868706 -0.8605812 0.5093055 -0.00281459 -0.8601564 0.5100232 -0.002739787 0.6448204 2.93135e-4 0.7643341 0.6448209 2.93135e-4 0.7643338 -0.5250213 0.5856516 0.6175476 -0.5256145 0.5847687 0.6178795 0.7615658 -0.3781806 -0.5263052 0.7619584 -0.3766109 -0.5268623 -0.8119902 -0.3762617 0.4462051 -0.8112422 -0.3787978 0.4454194 0.9738262 -0.06651341 0.2173442 0.9736888 -0.07014489 0.2168175 0.9977369 -0.06716006 0.003245592 0.997737 -0.06715989 0.003245413 -0.6456298 0.07197189 0.7602515 -0.6459418 0.0703125 0.7601418 0.1829173 -0.8071007 0.5613643 0.183125 -0.8067352 0.5618217 0.6259203 -0.7798036 -0.01141494 0.6238749 -0.7814382 -0.01160234 -0.9612633 0.2756131 -0.003223359 -0.9615341 0.2746682 -0.0031237 0.02483022 -0.404921 0.9140146 0.02399802 -0.3985528 0.9168315 -0.4044014 -0.2213889 -0.8873818 -0.404533 -0.2232217 -0.8868626 0.5953143 0.3837958 0.705905 0.5958641 0.3825398 0.7061228 -0.1688855 -0.9723794 0.1611094 -0.1689651 -0.972355 0.1611723 -0.02551954 0.2328432 -0.9721794 -0.02599304 0.2297558 -0.9729012 -0.8286925 0.5596977 -0.002698123 -0.8301027 0.5576037 -0.002781867 0.3322584 0.8016351 0.4969763 0.3320259 0.8019109 0.4966869 -0.1955686 -0.9712018 0.1360881 -0.1961783 -0.9710053 0.1366119 0.637485 0.1712875 -0.7511815 0.6375064 0.1716452 -0.7510816 0.2435497 0.9698882 7.92037e-4 0.2435503 0.969888 7.92359e-4 -0.03126871 -0.9740889 -0.2239935 -0.03103768 -0.9742324 -0.223401 -0.2698241 0.7622254 -0.588394 -0.2688155 0.763526 -0.5871682 -0.9297208 0.3678899 0.01662498 -0.9286393 0.3705969 0.01694303 0.4059514 -0.2248374 -0.8858057 0.4060539 -0.2265831 -0.8853136 0.2583713 0.07417666 -0.9631937 0.2584048 0.07450246 -0.9631596 -0.2468459 0.9685894 -0.03002589 -0.2479529 0.9683001 -0.03023904 -0.6432999 0.07197159 -0.7622241 -0.6434262 0.07340776 -0.7619803 0.9649219 0.06709074 -0.2538203 0.9648291 0.06995469 -0.2533994 -0.5035055 0.2250326 0.8341718 -0.503516 0.2285829 0.8331997 0.8184517 0.05463594 0.5719718 0.8184886 0.05501049 0.5718831 0.9735526 0.07017064 0.2174201 0.9735304 0.07073378 0.2173371 -0.6086189 -0.781727 -0.1359629 -0.6054803 -0.7842205 -0.135617 0.7724926 0.5637431 0.2923167 0.7751969 0.5590655 0.294135 -0.1402193 -0.226897 0.9637719 -0.1393967 -0.2305054 0.9630347 -0.142686 0.07338535 -0.9870437 -0.1432104 0.07618039 -0.986756 0.9372397 9.19671e-4 -0.3486846 0.9372399 9.19123e-4 -0.348684 0.6738106 -0.5701922 0.4699579 0.6755996 -0.5663827 0.4719914 -0.9351652 0.0671271 0.3477932 -0.9353868 0.06538206 0.3475297 -0.8983185 -0.3703357 0.23638 -0.8975208 -0.3725833 0.2358772 0.6432533 0.07452934 0.7620175 0.6435049 0.07328075 0.7619261 0.8282711 -0.5603212 0.002683341 0.8298337 -0.5580039 0.002777218 0.9166405 -0.2086014 -0.340963 0.9159915 -0.2130683 -0.3399434 0.3353276 0.5896255 -0.734777 0.3349185 0.5921186 -0.7329564 -0.8531979 -0.4135261 0.317883 -0.8525401 -0.4154641 0.3171201 -0.855926 0.2157548 0.4699367 -0.8559165 0.2158253 0.4699219 -0.5246958 0.583352 -0.6199958 -0.5243309 0.583894 -0.6197943 -0.6712297 0.5743276 -0.4686134 -0.6718088 0.5735229 -0.4687693 0.9999941 9.58339e-4 0.003316283 0.9999948 4.74441e-4 0.003228008 -0.8765592 -4.93691e-4 0.4812939 -0.8765597 -4.93662e-4 0.481293 -0.583752 -0.430914 0.6881473 -0.5837775 -0.4306679 0.6882798 -0.3080299 -0.8022741 0.5113453 -0.3077383 -0.8026243 0.5109711 -0.8295776 0.3765761 -0.4123004 -0.8300788 0.3749391 -0.412783 -0.8974029 0.2813339 -0.3398815 -0.897586 0.2803379 -0.3402206 -0.2455971 -0.9693717 -8.1891e-4 -0.2451882 -0.9694753 -8.08548e-4 0.550302 0.7884732 0.274732 0.5526741 0.7865118 0.2755914 -0.9059258 0.3722537 -0.201806 -0.9067205 0.3700602 -0.2022708 -0.4102256 0.1740587 0.8952199 -0.4106568 0.1727228 0.8952808 0.01974052 0.5977145 0.801466 0.02011066 0.5955103 0.8030959 0.4398855 -0.7962218 -0.4153695 0.4393936 -0.796686 -0.4149997 -0.997734 0.06720453 -0.003247737 -0.9977369 0.0671612 -0.003245651 0.1809594 0.8073166 0.5616883 0.1809455 0.8073415 0.561657 0.9067811 -0.3699696 0.202165 0.9062818 -0.3713471 0.2018778 0.1322476 -0.3957111 0.9088033 0.1322135 -0.395327 0.9089754 0.5828077 0.7830497 -0.2171827 0.583624 0.7823908 -0.2173652 -0.5558844 -0.07272994 -0.8280718 -0.5557989 -0.07147741 -0.8282383 0.9973607 0.07019698 -0.01855444 0.9973883 0.06978815 -0.01860916 -0.8996047 0.2802519 0.3349183 -0.8991998 0.2824324 0.3341732 0.115419 -0.5991942 0.7922405 0.1156445 -0.5985904 0.7926639 0.3363385 -0.5916877 -0.7326542 0.3366644 -0.5892224 -0.7344891 -0.5129058 -0.3907232 -0.764371 -0.5126315 -0.3915157 -0.7641496 -0.3361181 -0.5892941 0.7346817 -0.3363177 -0.5875858 0.7359575 0.1153388 0.5942955 -0.7959334 0.1153397 0.5940483 -0.7961177 0.8297972 0.375063 0.4132367 0.8297299 0.375283 0.4131721 0.8205584 0.563553 -0.09535288 0.8212473 0.5625758 -0.09519207 0.5574992 -1.47558e-4 0.8301774 0.5570382 3.1377e-4 0.830487 0.7535611 0.07160609 0.6534664 0.7536175 0.07324099 0.65322 0.5714057 0.8206678 0 0.5714005 0.8206714 0 0.1303507 -0.972679 0.1921051 0.1296328 -0.9729484 0.1912242 0.5562102 -0.0752812 0.8276249 0.5557311 -0.06923925 0.8284739 0.5542586 -0.7855139 0.2752547 0.5502021 -0.788878 0.2737684 -0.2525287 0.2324389 0.9392558 -0.2521236 0.2272625 0.9406303 -0.5930612 0.5778383 0.5606973 -0.5915532 0.5803301 0.5597158 -0.6439402 0.0564478 -0.7629907 -0.6443614 0.05467897 -0.7627638 -0.2995774 -0.2274847 -0.926555 -0.299598 -0.2278475 -0.9264592 -0.9371159 -6.3713e-4 0.349018 -0.9373176 -4.26105e-4 0.3484763 0 -1 2.24257e-6 -0.1187298 0.9929266 0 -0.1187307 0.9929266 0 -0.9372348 -6.24572e-4 0.3486985 -0.9372386 -9.41644e-4 0.3486877 -0.937735 0 0.3473518 -0.5987002 -0.785301 0.1576725 -0.5992386 -0.7848737 0.1577545 0.5036208 0.7901843 -0.3492493 0.5044959 0.7894371 -0.3496758 -0.8744879 0.06918066 0.4800887 -0.8744805 0.06842839 0.4802098 -0.2497528 0.8016802 0.5430769 -0.2492041 0.8033791 0.5408138 0.02536106 -0.228482 0.9732179 0.02615159 -0.2341057 0.9718593 0.9707263 0.2119816 -0.1129359 0.9719712 0.206629 -0.1121453 0.5984572 -0.3821419 -0.7041425 0.5979045 -0.3860492 -0.7024787 0.9328847 -0.06896853 0.3535104 0.9329468 -0.06856638 0.3534244 -0.6178395 -0.57533 -0.5359755 -0.616923 -0.5768061 -0.5354444 -0.3930639 0.7952701 0.4615694 -0.392224 0.7965314 0.4601067 -0.9067834 0.4082987 0.1050527 -0.9062246 0.4096383 0.1046591 -0.55278 -0.7864214 -0.2756369 -0.5502341 -0.7885255 -0.2747184 -0.02642524 0.07418966 -0.9968941 -0.02635401 0.0746504 -0.9968615 -0.9234271 0.3685817 0.1069123 -0.9245118 0.3659444 0.1065963 -0.7538239 0.06831258 -0.6535158 -0.7537686 0.06691795 -0.6537239 0.8746233 -0.06851178 -0.4799379 0.874612 -0.06706655 -0.4801625 0.4135268 -0.07042354 0.9077644 0.4141778 -0.07480216 0.9071171 0.457711 -0.7959179 0.3962518 0.461512 -0.7924178 0.3988496 -0.7084804 0.2210047 0.6702332 -0.7085772 0.2195146 0.6706204 0.7759473 -0.5584851 0.2932579 0.7752735 -0.5596774 0.2927668 0.7239271 -0.0738843 -0.6859087 0.7247561 -0.06818997 -0.6856229 -0.8083028 -0.1676889 -0.5643821 -0.8082829 -0.1657599 -0.5649801 0.08425462 0.8059147 -0.5860059 0.084275 0.8067539 -0.584847 -0.2671391 -0.763401 -0.5880949 -0.2677862 -0.7625681 -0.5888808 0.8745769 0.06709611 -0.4802224 0.8745827 0.06851178 -0.4800119 -0.4141719 0.07500112 -0.9071033 -0.4142302 0.07557243 -0.9070293 0.505819 -0.7888119 -0.349175 0.5073871 -0.7875095 -0.349839 0.5559303 0.07169002 0.8281317 0.5553524 0.07527714 0.8282012 0.9232338 0.3690454 -0.1069809 0.9242931 0.3664725 -0.1066787 0.08635634 -0.8057588 -0.585914 0.08638453 -0.8068524 -0.5844032 -0.4169284 -0.5900945 0.6913459 -0.4174357 -0.5890941 0.6918929 -0.9302666 -0.3664937 0.01692944 -0.9295592 -0.3682748 0.0171374 0.8204127 -0.06716698 -0.5678132 0.8205153 -0.06961506 -0.5673698 -0.02166998 0.5979546 -0.801237 -0.02180969 0.5990615 -0.8004059 -0.6311737 -0.2229192 0.7429178 -0.6312171 -0.2219272 0.7431779 0.2473285 0.5938485 0.7656192 0.2476531 0.5929508 0.7662099 0.9337642 -0.05353659 0.353862 0.9337944 -0.05422925 0.3536768 -0.2410665 0.9690385 -0.05339986 -0.2389817 0.969571 -0.05310267 0.6751115 0.5707334 -0.4674268 0.6744238 0.5717639 -0.4671601 -0.6294474 -0.2165532 -0.7462578 -0.629437 -0.2205179 -0.7451047 -0.8106588 -0.1685918 0.5607221 -0.810644 -0.1677696 0.5609898 -0.5561713 0.06905686 -0.8281936 -0.5555844 0.07273638 -0.8282726 -0.8267237 0.5623947 0.01550132 -0.8306318 0.5566238 0.014867 0.5433123 -0.2274553 0.8081311 0.5433873 -0.2204579 0.8100178 0.6689663 0.3876137 -0.6342238 0.6693111 0.3867331 -0.6343976 -0.5131306 0.3929135 -0.7630964 -0.5136361 0.3914682 -0.763499 0.1515414 0.8083405 -0.5688769 0.1520441 0.8073508 -0.5701467 -0.7240653 -0.07438367 0.6857088 -0.7246146 -0.0707364 0.6855144 0.4178683 0.5882776 -0.6923263 0.4158499 0.5923224 -0.6900892 0.8251535 -0.5567792 -0.09549188 0.823537 -0.5591338 -0.09568893 -0.977782 -0.209599 -0.003280639 -0.9772748 -0.2119526 -0.003182411 0.905719 0.4090942 0.1109735 0.9053916 0.4097831 0.1111026 -0.8184981 0.05465781 -0.5719033 -0.8185375 0.0550087 -0.5718133 -0.9650791 0.06704038 0.2532353 -0.9650857 0.06680548 0.2532719 0.8276031 0.561107 -0.01524436 0.8289747 0.5590844 -0.0150218 0.8976456 -0.3723927 -0.2357035 0.8980883 -0.3711445 -0.2359855 -0.5062506 0.7885177 0.3492138 -0.5072234 0.787526 0.3500391 -0.5920501 -0.5780706 0.5615257 -0.5902174 -0.5810815 0.5603462 0.5170055 2.9113e-4 -0.8559821 0.5173119 5.88175e-4 -0.8557968 0.2837607 -0.3954765 0.8735435 0.2828656 -0.398873 0.8722887 0.2063682 0.5990499 -0.773661 0.2071999 0.5966074 -0.7753244 -0.474119 -0.3964144 0.7861723 -0.4748848 -0.3941719 0.7868375 -0.997656 0.06584465 0.01863276 -0.9976836 0.06543958 0.01857906 -0.1379626 0.3044171 0.9424949 -0.1376215 0.3029673 0.9430118 -0.3349494 0.8003478 -0.4972448 -0.3352572 0.7999975 -0.4976009 -0.3347057 0.5932363 -0.7321496 -0.3347653 0.5931345 -0.7322047 0.5276886 -0.5801247 -0.6204839 0.5267837 -0.5830346 -0.6185222 0.6752572 -0.5710843 -0.4667876 0.6760706 -0.5699151 -0.4670389 0.9229094 -0.1624661 0.3490602 0.9230059 -0.1608988 0.3495306 0.5391777 -0.7886732 -0.2954356 0.538254 -0.7894431 -0.2950632 -0.6201753 -0.781131 0.07222878 -0.6238145 -0.7782382 0.07211619 0.9454526 -0.2102698 -0.248809 0.9448083 -0.2139188 -0.2481453 0 0.9456601 -0.3251571 0 0.94566 -0.3251573 -0.6975154 0.3844797 -0.6046882 -0.6974329 0.3846843 -0.6046531 0.4133612 0.07042247 0.90784 0.4139991 0.07486063 0.9071939 -0.9333928 0.0649482 -0.35293 -0.9328849 0.06896454 -0.3535106 0.3821716 0.3961918 -0.8348515 0.3821756 0.391804 -0.8369179 -0.6704798 -0.383795 0.6349475 -0.6690541 -0.3873919 0.6342667 -0.6465182 0.05636703 0.7608134 -0.6462216 0.05759292 0.7609737 -0.02351313 -0.4028223 -0.9149762 -0.02322512 -0.4006724 -0.9159269 -0.2076887 -0.5940195 0.7771784 -0.2071911 -0.5955225 0.7761604 -0.4519294 -0.5842143 -0.6741317 -0.4515593 -0.5849265 -0.673762 0.8524765 0.4154841 -0.3172647 0.8525134 0.4153656 -0.3173207 -0.1273415 -0.9731717 -0.1916275 -0.127297 -0.9731926 -0.1915506 0.01418441 0.8096093 0.5867978 0.01405161 0.8102766 0.5858791 -0.1982401 0.9704589 -0.1375152 -0.1990872 0.9701834 -0.1382336 -0.9227848 -0.3701855 0.1069163 -0.9232652 -0.3689067 0.1071887 0.228255 0.9698471 -0.0854184 0.2284656 0.9697927 -0.08547353 -0.3519248 0.9360283 0 -0.3519173 0.9360311 0 0.9709098 -0.2078855 0.1188179 0.9710447 -0.2073091 0.1187243 0.4092277 -0.1740961 0.8956692 0.4093014 -0.174507 0.8955556 -0.5816397 -0.4322375 -0.6891053 -0.5818871 -0.429893 -0.6903617 0.6706976 -0.3842504 -0.6344418 0.6698629 -0.38638 -0.6340301 0.1813101 -0.9709897 0.1559029 0.1797624 -0.9714583 0.1547721 0.5419724 -0.8403964 0 0.5419763 -0.8403938 0 0.5256218 0.5837248 -0.6188597 0.5264953 0.5808408 -0.6208275 -0.8227925 0 0.568342 -0.8221712 -0.001360237 0.5692389 0.4374899 0.7976845 -0.4150927 0.4381476 0.7970708 -0.4155779 0.8196065 4.19762e-4 0.5729267 0.8199561 8.23688e-4 0.572426 0.1143236 0.5999914 -0.7917959 0.1146375 0.599166 -0.7923752 -0.8741564 -0.07303905 0.4801208 -0.8742555 -0.07228785 0.4800539 0.246181 -0.9687654 0.02980726 0.2486412 -0.9681205 0.03033667 -0.5366784 -0.790535 0.2950101 -0.5362794 -0.7908648 0.2948514 0.6442099 0.05644786 0.7627629 0.644136 0.05603206 0.762856 -0.4145559 -0.05708277 -0.9082318 -0.4146502 -0.05675315 -0.9082095 0.5034805 0.78868 0.3528332 0.501506 0.7907415 0.3510268 0.9145233 0.2097666 0.3458979 0.9134938 0.2136871 0.3462182 -0.762414 -0.3751976 0.5272112 -0.7611345 -0.3780924 0.5269922 0.8953293 2.43851e-4 0.445405 0.8951902 5.13649e-4 0.4456842 0.6697597 0.576056 0.4685953 0.6701145 0.5755648 0.4686916 0.0711233 -0.9738885 0.2155986 0.07113635 -0.9738803 0.2156313 -0.5461753 0.7461903 -0.3806477 -0.5455884 0.7467356 -0.3804199 0.9911836 -0.06600302 -0.1148863 0.9909932 -0.06817203 -0.1152616 0.9350157 0.06847184 -0.3479328 0.9350265 0.06902116 -0.3477952 0.09299671 -0.7670477 0.6348146 0.09313815 -0.7667633 0.6351374 -0.4156084 -0.05898869 0.9076288 -0.4159888 -0.05761116 0.907543 0.3071277 -0.07065951 0.9490416 0.3076001 -0.074723 0.9485773 -0.405971 0.2249158 0.8857768 -0.4063745 0.2231928 0.8860276 -0.7369095 -0.2188174 -0.6395964 -0.7367245 -0.2210593 -0.6390382 0.6989094 -0.3816856 0.6048486 0.6978206 -0.38441 0.6043802 0.8034014 -0.2146103 -0.5554175 0.8027307 -0.2170097 -0.5554552 -0.3002684 0.2261396 -0.9266607 -0.299921 0.2278336 -0.9263581 -0.828973 -0.5590872 0.01501202 -0.8275493 -0.5611861 0.01524329 -0.5811035 -0.7833783 -0.220539 -0.5820691 -0.7825071 -0.2210846 -0.6477989 -3.3172e-4 0.7618114 -0.6478177 -3.31715e-4 0.7617954 -0.9136373 0.2133481 -0.3460485 -0.9145641 0.2098917 -0.3457139 -0.252261 -0.2273573 0.9405706 -0.2512529 -0.2324173 0.9396032 0.9059696 0.4100466 -0.1052657 0.9055492 0.4110497 -0.1049712 -0.8930125 -0.07046502 -0.444481 -0.8930186 -0.06655293 -0.4450715 -0.897709 0.3722153 0.2357423 -0.8984955 0.3699942 0.2362416 -0.8971236 -0.2825362 -0.3396211 -0.8974459 -0.2807934 -0.3402147 0.3342111 0.5907323 0.7343966 0.3354216 0.5880708 0.735979 -0.4152677 -0.07139772 0.9068931 -0.4155966 -0.07394856 0.906538 0.9999941 9.41668e-4 0.003316581 0.9999949 0 0.003229677 0.9999942 9.38542e-4 0.003315985 -0.7213987 -0.5679501 0.3962535 -0.7211354 -0.5683512 0.3961574 0.9805229 -0.1600055 -0.113899 0.9803692 -0.1611685 -0.1135829 -0.5224742 -0.585376 -0.6199644 -0.5234789 -0.5838713 -0.6205354 0.8069515 -0.5626276 0.179665 0.8075724 -0.5617281 0.17969 -0.08580887 0.8059796 -0.585691 -0.08594518 0.8056951 -0.5860622 0.1527112 -0.9718747 0.1792738 0.1529895 -0.9717535 0.1796922 -0.2117624 0.9704647 0.1155648 -0.2112392 0.9706046 0.1153461 0.583923 -0.7823213 -0.2168118 0.5849552 -0.7814838 -0.21705 -0.8196007 -4.11803e-4 -0.5729352 -0.8195912 -4.11814e-4 -0.5729486 0.8693997 0.373322 -0.3236898 0.8695826 0.3727196 -0.3238924 -0.3349276 -0.5881096 -0.7361729 -0.3351522 -0.5876976 -0.7363998 -0.2366747 -0.9701278 -0.05326509 -0.2377431 -0.9698584 -0.05341291 -0.9649296 -0.0668329 0.2538586 -0.9647821 -0.07130295 0.2532026 0.02570182 -0.07416701 0.9969146 0.02576309 -0.07459437 0.9968812 0.0238831 0.398546 0.9168373 0.02287709 0.4050186 0.9140222 0.2367822 0.3981419 -0.8862378 0.2368035 0.3988911 -0.8858951 -0.7200706 0.570659 0.3947742 -0.7197205 0.5711792 0.3946605 0.6287261 0.7401972 0.238352 0.6277782 0.7410372 0.2382404 -0.2494481 0.8011768 -0.543959 -0.2485545 0.8023105 -0.5426957 -0.2091565 -0.9710384 0.1154912 -0.2099781 -0.9708182 0.1158505 0.001623272 -0.9999988 4.33775e-5 0.001582682 -0.9999988 2.90182e-4 0.001217186 -0.9999992 -2.91047e-4 0.001384615 -0.9999991 -2.31753e-4 0.001535177 -0.9999989 -1.73481e-4 0.001295208 -0.9999992 -1.4544e-5 0.00162822 -0.9999987 4.35567e-5 0.001583278 -0.9999988 2.90697e-4 0.001215219 -0.9999992 -2.32456e-4 0.001387357 -0.9999991 -2.91783e-4 0.001553773 -0.9999988 -2.31308e-4 0.001321673 -0.9999992 -7.24965e-6 0.001255571 -0.9999993 -5.34035e-5 0.001305699 -0.9999992 3.05509e-5 0.001320004 -0.9999992 -7.64892e-6 0.001256227 -0.9999993 -5.34743e-5 0.001305699 -0.9999992 1.52754e-5 0.001305818 -0.9999992 7.64441e-6 0.001305699 -0.9999992 -2.36353e-5 0.001326203 -0.9999991 -7.08913e-6 0.001305699 -0.9999992 0 0.001312732 -0.9999992 -6.30326e-6 -0.9063103 -0.3713349 -0.2017723 -0.9074231 -0.3682569 -0.2024106 -0.6696124 0.3870365 0.6338944 -0.6709608 0.3836252 0.6345419 0.9974004 -0.06976503 -0.01804059 0.9976571 -0.06584584 -0.01856786 0.6178205 0.5749829 0.5363698 0.6165241 0.5770703 0.5356193 -0.990414 -0.1380921 -0.003255784 -0.9904986 -0.1374842 -0.003286242 0.8672883 0.3736212 0.3289654 0.869382 0.3688181 0.3288592 0.3355194 -0.590525 0.7339667 0.3369438 -0.5874016 0.7358181 0.241602 -0.968903 0.05343925 0.2398474 -0.9693522 0.05319434 0.1372541 -0.3041667 0.9426792 0.1369162 -0.3026963 0.9432014 -0.1168684 0.5941258 0.7958371 -0.116863 0.5941453 0.7958232 0.9359757 -0.05346637 -0.3479811 0.9360056 -0.05422282 -0.3477836 -0.3807903 -0.3954226 -0.8358468 -0.3807501 -0.3948398 -0.8361406 0.1294377 -0.4450383 -0.8861078 0.1299196 -0.443601 -0.8867576 0.1438403 0.05809897 -0.9878939 0.1438325 0.05815535 -0.9878917 0.9284753 0.3713812 0.003111362 0.9293944 0.3690761 0.00302428 0.6729623 0.5708501 0.4703743 0.6748343 0.5668362 0.4725416 -0.8688974 -0.3699353 -0.3288848 -0.8677465 -0.3725783 -0.3289401 -0.739269 0.5643213 -0.3674545 -0.736976 0.5677444 -0.366787 0.9226332 0.162927 0.3495751 0.9225294 0.1645253 0.3491001 -0.5847637 0.4304958 0.68755 -0.5849067 0.4290524 0.6883301 0.8513411 0.4138869 0.3223602 0.8517606 0.4126372 0.3228535 0.8112535 0.3783401 -0.4457877 0.8099721 0.3826467 -0.4444401 -0.1277128 -0.443423 -0.887167 -0.1280532 -0.4451184 -0.8862686 0.8680527 -0.3721313 0.3286379 0.8691412 -0.3695914 0.3286271 0.4757075 -0.3938292 -0.786512 0.4761053 -0.392678 -0.7868467 0.02471703 0.2341871 0.9718774 0.02560007 0.2283743 0.9732369 0.9541031 -0.211122 0.2124025 0.9546101 -0.2083144 0.212896 0.9456785 0.307438 -0.1057071 0.9456787 0.3074378 -0.1057069 0.2119795 -0.9703875 -0.1158143 0.2124264 -0.9702657 -0.1160155 -0.9244335 -0.1638527 0.3443472 -0.9243768 -0.164723 0.3440841 -0.4245302 0.7557212 0.4986579 -0.4247144 0.7555419 0.4987726 0.09713572 -0.9730236 -0.2092605 0.09669178 -0.9733346 -0.2080157 -0.6301999 0.7402422 0.2342854 -0.6313207 0.7392467 0.234411 0.7209594 -0.5690325 -0.3954992 0.7216397 -0.5680088 -0.39573 0.7596564 -0.3764624 0.5302812 0.7601761 -0.3753082 0.5303548 -0.6376847 -0.1701565 0.7512691 -0.6379219 -0.1726914 0.7504887 -0.1145531 -0.5991706 0.7923839 -0.1143119 -0.5997905 0.7919496 -0.9999944 -4.83399e-4 -0.003316223 -0.9999944 -9.58338e-4 -0.003229737 0.1407605 0.177271 0.974044 0.1409308 0.1767179 0.9741198 -3.76188e-4 0 1 -2.52842e-4 -1.59555e-7 1 -3.83546e-4 -2.25318e-4 1 0.2315475 -0.9689103 0.08717119 0.2317876 -0.9688417 0.08729398 0.3333075 0.5935103 0.7325652 0.3333921 0.5933656 0.7326439 -0.00131005 0.9999992 1.0944e-4 -0.001268625 0.9999992 8.31238e-5 -0.001283526 0.9999992 8.62263e-5 -0.001280128 0.9999992 8.31308e-5 -0.00131005 0.9999992 1.10592e-4 -0.001351118 0.9999992 7.46938e-5 -0.001310288 0.9999992 1.11746e-4 -0.2476603 0.9688466 -8.31551e-4 -0.2476407 0.9688516 -8.28613e-4 -0.9768557 -0.2138757 -0.003212869 -0.9768848 -0.2137425 -0.003219664 0.2998368 -0.2316153 0.925447 0.2997846 -0.2307342 0.925684 -8.58271e-4 0.9999997 8.23322e-5 -6.89026e-4 0.9999998 7.43353e-5 -0.001656115 0.9999986 8.19753e-5 -0.001461565 0.9999989 7.37553e-5 -0.00131011 0.9999992 -2.24909e-4 -0.00131613 0.9999991 2.03748e-4 -0.806881 -0.5625983 -0.1800733 -0.8069048 -0.5625624 -0.1800785 0.9372388 4.70825e-4 -0.348688 0.9372394 4.70822e-4 -0.3486865 0.9236535 0.3662222 0.1128967 0.9239724 0.3653619 0.1130741 0.9529752 0.2795907 0.1169071 0.9531369 0.2790843 0.1167997 -0.8539059 0.4123806 0.3174696 -0.8536707 0.4130813 0.3171911 0.6237769 0.7815998 0.002030968 0.6237403 0.7816291 0.002029597 -0.2469295 -0.8022273 -0.5435597 -0.2466831 -0.802596 -0.5431272 0.02642399 1.51708e-5 0.9996508 0.02643418 1.51708e-5 0.9996506 -0.09119683 -0.7671717 -0.6349259 -0.09110802 -0.766575 -0.6356588 -0.3958112 -0.3000282 -0.8679381 -0.395731 -0.2993992 -0.8681918 0.8178722 -0.07032918 0.5710858 0.8179584 -0.06966972 0.5710431 0.584725 -0.4305981 -0.6875187 0.5848892 -0.4290757 -0.6883304 4.28097e-4 -0.1084445 -0.9941024 4.30681e-4 -0.1085023 -0.9940962 0.416735 0 -0.9090281 0.4163941 4.0849e-4 -0.9091842 0.8990122 0.2825723 -0.3345595 0.8988955 0.2831915 -0.3343495 -0.3249983 -0.8943232 0.3075097 -0.3250511 -0.8943148 0.3074783 -0.5266152 0.5787772 -0.6226503 -0.526918 0.5778892 -0.6232188 0.2476018 -0.9688616 7.94151e-4 0.2476369 -0.9688526 7.98362e-4 -0.6037757 0.7812277 0.1585505 -0.6033501 0.7815689 0.1584894 0.4149506 0.07486456 -0.9067588 0.4148193 0.07553428 -0.9067633 -0.144454 -6.56683e-5 0.9895115 -0.1443411 -9.81238e-5 0.9895281 0.001324653 -0.9999992 -7.94321e-5 0.00130403 -0.9999992 -7.93547e-5 0.001311421 -0.9999992 -9.33649e-5 0.001311361 -0.9999992 -8.64814e-5 0.9352278 0 0.354047 0.9352338 0 0.3540307 0.0943787 0.9734172 -0.2086907 0.09460049 0.9733036 -0.2091196 -0.4051488 0.221483 -0.8870173 -0.4051526 0.2213047 -0.8870601 0.8005309 -0.5611838 -0.2102932 0.8003295 -0.561478 -0.2102745 0.001284599 -0.9999992 -7.85042e-5 0.001257717 -0.9999993 -7.89566e-5 0.001302063 -0.9999992 -7.80497e-5 0.001312315 -0.9999992 -2.78319e-5 0.00131148 -0.9999992 -8.80126e-5 2.90134e-4 1.37776e-7 -1 2.89449e-4 2.78229e-7 -1 0.4153051 2.82313e-4 0.9096821 0.4155578 1.88916e-4 0.9095668 -0.2368374 0.9695662 0.06204575 -0.2374551 0.9694083 0.06215119 -0.325185 -0.8942682 0.3074724 -0.3251478 -0.8942792 0.3074795 0.7703502 -0.5670287 0.2916148 0.770645 -0.5666245 0.2916216 -0.9291738 -0.3696309 -0.003027975 -0.9292295 -0.3694908 -0.003031969 4.75052e-5 -0.2355925 0.9718519 3.72434e-5 -0.2354213 0.9718934 -0.5420263 -0.8403615 0 -0.5420392 -0.8403532 0 -0.6475162 -2.94419e-4 0.7620516 -0.6478274 -4.40363e-4 0.7617871 -0.9999946 -4.19655e-4 -0.003277003 -0.9999946 0 -0.003277301 -0.9999945 -4.54573e-4 -0.003295838 -0.00107932 0.9999995 3.57892e-6 -0.001240849 0.9999992 8.6166e-5 -0.001266896 0.9999993 1.18062e-4 -0.001383244 0.9999991 7.55154e-5 -0.001353323 0.9999992 7.25132e-5 -0.8286656 0.5597377 -0.002695679 -0.8286638 0.5597402 -0.00269705 0.9649719 -0.0657432 -0.2539824 0.9649313 -0.06709033 -0.2537845 0.2476603 -0.9688467 8.19741e-4 0.2476407 -0.9688517 8.22229e-4 -0.2363693 -0.4030839 0.8841114 -0.2372456 -0.399587 0.885463 -0.5975338 0.3860581 0.7027893 -0.5973365 0.387582 0.7021178 0.6233998 0.7785278 -0.0725767 0.6231739 0.7787085 -0.07257837 0.6453753 4.30118e-4 0.7638656 0.6453617 3.30425e-4 0.7638771 0.6450185 6.20717e-4 0.7641668 0.0834884 0.8080815 0.5831245 0.08398377 0.8067592 0.5848817 -0.416317 -2.82991e-4 0.9092196 -0.4165609 -1.89376e-4 0.9091078 0.5960267 -0.3835024 0.7054631 0.5965024 -0.3823176 0.7057042 0.5232033 0.584297 0.6203671 0.5227802 0.5849155 0.6201409 -0.8003659 -0.5613125 0.2105772 -0.7999227 -0.561955 0.2105479 0.4147794 2.12372e-4 0.9099221 0.4147651 2.12373e-4 0.9099286 0.001121282 -0.9999994 -8.6784e-6 0.001305639 -0.9999992 2.39639e-4 0.00132513 -0.9999992 -7.46878e-5 0.001432418 -0.9999991 -2.79906e-5 0.001324653 -0.9999992 -3.33989e-5 0.001246392 -0.9999993 1.9083e-5 0.7637246 0.6455423 0 0.76372 0.6455476 0 0.1432375 -0.05786645 0.9879952 0.1432517 -0.05780667 0.9879966 -0.5946237 -0.3880541 -0.7041567 -0.594861 -0.3860279 -0.7050694 -0.8110313 0.165985 0.560961 -0.8110389 0.1667667 0.5607181 -0.001310169 0.9999992 5.83978e-5 -0.001200497 0.9999994 -9.50786e-5 -0.001328647 0.9999991 2.37872e-4 -0.001305162 0.9999992 2.11527e-5 -0.001328587 0.9999991 1.02885e-4 -0.6724286 0.5760735 0.4647358 -0.6724028 0.5761123 0.4647248 -0.9538136 -0.279326 0.1105298 -0.9538499 -0.2791857 0.1105707 2.48093e-4 0.00275731 -0.9999963 3.78394e-4 1.70955e-7 -1 3.76277e-4 0 -1 3.75435e-4 2.55586e-7 -1 0.1441008 7.23783e-5 -0.9895631 0.1441025 7.37908e-5 -0.9895628 -0.001268625 0.9999993 6.34934e-5 -0.001310169 0.9999992 1.10865e-4 -0.001341104 0.9999992 8.26098e-5 0.9999945 6.84154e-4 0.003279566 0.999995 0 0.003165185 0.9999943 -8.50995e-6 0.003388702 0.9999945 6.79718e-4 0.003277361 0.9999937 -0.001378834 0.003277242 0.7875676 -0.2882925 -0.5446326 0.7876297 -0.2876574 -0.5448788 0.6703996 0.7374365 0.08216971 0.6701235 0.7376836 0.08220332 0.2682411 0.7632912 -0.5877356 0.2680497 0.7635421 -0.5874971 0.001312255 -0.9999992 -7.95756e-5 0.001311123 -0.9999992 -7.85269e-5 -0.2182562 0.9699152 -0.1078374 -0.216973 0.9702594 -0.1073286 -0.6448356 -4.41178e-4 -0.7643213 -0.6452204 -2.6659e-4 -0.7639966 0.5455105 0.7479872 -0.3780655 0.5455108 0.7479861 -0.3780673 -0.8179151 -0.06970179 -0.5711013 -0.8177965 -0.07032793 -0.5711943 -0.001365959 0.9999992 8.15679e-5 -0.001308917 0.9999992 8.90222e-5 -0.001334846 0.9999992 7.48349e-5 -0.001125574 0.9999995 1.38863e-4 -0.001277685 0.9999993 8.19217e-5 0.8276699 0.5612089 0.002692282 0.8276705 0.561208 0.002692818 0.03389149 -0.9740605 -0.2237352 0.03390091 -0.9739903 -0.2240394 0.4157874 -0.0567218 -0.9076914 0.4161118 -0.05819904 -0.9074491 0.631527 -0.221895 -0.7429242 0.6315605 -0.2201966 -0.7434008 -0.7698595 -0.5676903 -0.2916237 -0.7689158 -0.568976 -0.2916074 0.8227961 0 -0.5683367 0.8224247 8.06667e-4 -0.5688734 -0.1415745 -0.1772875 0.9739229 -0.1415006 -0.1770257 0.9739813 -0.7462271 0.4206885 0.5159131 -0.746403 0.4199511 0.5162592 0.6442579 -0.05508428 0.7628221 0.6440326 -0.0560221 0.762944 -0.19915 0.970365 0.1368618 -0.1983246 0.970607 0.1363433 -0.7760909 -0.5605074 0.2889889 -0.7743688 -0.5630067 0.2887501 0.5243746 0.5817073 0.6218103 0.5247988 0.5805224 0.6225593 -0.5156871 0.07281184 0.8536775 -0.5155401 0.07119059 0.8539031 0.9246073 0.1638969 -0.3438594 0.9246817 0.1627658 -0.3441963 -0.8196802 -4.31801e-4 -0.5728212 -0.8198859 -5.60866e-4 -0.5725269 0.3816324 0.3914238 0.8373435 0.3816592 0.3902359 0.8378856 0.7453312 0.4226425 -0.515611 0.7454612 0.4220778 -0.5158856 -0.8099418 0.5580968 -0.1803395 -0.8100011 0.558009 -0.1803446 -0.3070355 -0.07463508 -0.948767 -0.3068994 -0.07353562 -0.9488969 0.1439476 -0.07340002 -0.9868595 0.1435205 -0.07561922 -0.9867541 0.5045116 -0.2225964 -0.8342176 0.5039628 -0.2249341 -0.8339223 -0.674612 -0.5716005 0.4670885 -0.6738198 -0.5733172 0.466127 0.7464021 -0.4199839 -0.516234 0.7462311 -0.4207198 -0.5158818 0.9919322 0.05375319 -0.1148099 0.9919701 0.05209934 -0.1152435 0.9975761 0.06950861 0.003246426 0.9975773 0.06949168 0.003247499 0.3345501 0.5942114 -0.7314295 0.3340585 0.5950779 -0.7309496 0.2435495 0.9698882 8.16714e-4 0.2425355 0.9701423 7.89131e-4 0.9284704 0.3710116 -0.01711881 0.9277629 0.3727883 -0.01688271 0.1439667 7.37315e-5 0.9895825 0.1439915 7.37107e-5 0.9895789 -0.7719905 0.567188 0.2869294 -0.7714442 0.5679348 0.2869216 0.8962351 0.3757732 -0.2357056 0.8958432 0.37686 -0.2354602 0.415284 -0.07486718 -0.9066058 0.4151602 -0.07393002 -0.9067395 0.7999743 0.5619151 -0.2104578 0.7998721 0.5620623 -0.2104534 0.398004 -0.2998763 -0.8669874 0.397949 -0.2994459 -0.8671614 -0.4088043 -0.1746497 -0.8957548 -0.4086613 -0.1750504 -0.8957418 -0.8249928 -0.5560494 -0.1009755 -0.8241017 -0.5574281 -0.10065 0.7850977 0.2870708 0.5488281 0.7850245 0.2878066 0.548547 -0.9760088 -5.49959e-4 -0.2177308 -0.9760059 -5.60167e-4 -0.2177434 -0.09292697 0.7670971 -0.6347651 -0.09326636 0.7664113 -0.6355433 0.9055779 -0.4094647 0.1107582 0.9059057 -0.4086754 0.1109918 0.670362 0.7379529 -0.0777195 0.6713799 0.7370405 -0.07759112 -0.6353421 -0.1696214 -0.7533718 -0.6354267 -0.170509 -0.7531 0.6713539 -0.5745003 0.4682237 0.6720951 -0.5734748 0.4684175 -0.5473424 0.7466576 0.3780461 -0.5466754 0.7472732 0.377795 -0.5420399 -0.8403528 0 -0.5420524 -0.8403447 0 0.990512 -0.1373899 0.003185153 0.9906387 -0.1364744 0.003152847 0.9908571 -0.134876 0.003311514 0.3737924 0.4397752 -0.8166254 0.3737611 0.439138 -0.8169826 0.8108915 0.1660551 -0.5611425 0.8108996 0.1668162 -0.5609049 -0.1366153 0.3051863 -0.9424424 -0.1369585 0.3040923 -0.9427462 0.6460955 -0.07197755 -0.7598553 0.6458221 -0.07324898 -0.7599661 -0.9223866 -0.3693895 -0.1129357 -0.9221805 -0.3699395 -0.1128181 -0.9998329 -5.63204e-4 0.01827627 -0.9998329 -5.62671e-4 0.01827627 0.546895 -0.7455487 0.3808714 0.5460287 -0.7463502 0.3805446 -0.5574927 -3.13936e-4 -0.8301818 -0.5574963 -3.19935e-4 -0.8301795 0.5421163 -0.8403036 0 0.542111 -0.8403069 0 0.5826783 -0.4295902 0.6898829 0.5825636 -0.4306269 0.689333 -0.9716622 0.2081288 0.1120491 -0.9718644 0.2070698 0.1122577 0.9925545 5.08183e-4 0.1218005 0.9926446 0.001006722 0.1210605 0.3725883 0.438019 0.8181182 0.3726106 0.4383994 0.8179042 -0.1792617 0.971631 -0.154268 -0.1796822 0.9715062 -0.1545645 -0.6710855 -0.5776546 0.4647144 -0.6708784 -0.577938 0.4646611 0.924913 -0.1626752 -0.3436171 0.924967 -0.1618319 -0.3438699 -0.9975762 -0.06950724 -0.003246665 -0.9977355 -0.06717741 -0.003346443 0.5802023 0.7842749 0.2197235 0.5815142 0.7830902 0.2204793 -0.9538837 0.211657 -0.2128553 -0.9538058 0.2120873 -0.2127759 0.953837 -0.276708 0.1167376 0.9536327 -0.277354 0.116874 0.6468439 -0.05630016 -0.7605414 0.6463535 -0.05344367 -0.7611642 0.269098 -0.762934 0.5878077 0.2696806 -0.762183 0.5885146 -0.14387 -7.36637e-5 -0.9895966 -0.1438683 -7.3661e-5 -0.9895969 0.9925551 0 0.1217973 0.9925546 0 0.1218008 0.3955312 0.3009587 0.8677437 0.3960618 0.2995604 0.8679855 0.3079574 1.76759e-4 0.9514002 0.3073334 -3.59502e-4 0.9516019 -0.5832818 0.429455 -0.6894569 -0.5833125 0.4291234 -0.6896374 0.511593 0.3940936 0.7635201 0.5119491 0.3930806 0.7638036 0.62195 0.7793219 0.07639235 0.6232097 0.7782788 0.07675933 -0.09168249 -0.7668679 0.6352229 -0.09134209 -0.767551 0.6344464 -0.2377441 0.398135 0.8859834 -0.2378461 0.4029924 0.8837569 0.1138168 0.6005679 0.7914317 0.1143307 0.5992752 0.7923368 -0.8203604 0.06814289 0.5677723 -0.8204511 0.0696218 0.5674617 0.6435161 -0.07194769 0.7620437 0.6432235 -0.07322061 0.7621695 0.9057692 -0.4105704 -0.1049486 0.9061276 -0.4097131 -0.1052043 -0.9977337 0.06720429 -0.003343105 -0.9977366 0.06715941 -0.003345251 0.6189341 -0.2932384 -0.7286507 0.6189467 -0.2948745 -0.7279794 0.637755 -0.1715958 -0.7508817 0.6377371 -0.1712778 -0.7509697 -0.3975797 0.3007563 0.8668773 -0.3973581 0.3013331 0.8667784 0.1311375 0.39576 0.9089429 0.1311534 0.3958216 0.9089137 -0.2826856 0.3988955 -0.8723368 -0.2825173 0.3994948 -0.872117 -0.08633655 0.8057318 0.5859543 -0.08635848 0.8066058 0.5847474 -0.248257 0.593838 -0.7653267 -0.2482383 0.5938951 -0.7652886 0.6971254 0.02048105 0.7166566 0.6976455 0.02046954 0.7161507 -0.9240465 0.365196 -0.1130048 -0.9238665 0.365684 -0.1128989 0.6721974 -0.7362511 -0.07800692 0.673049 -0.7354841 -0.07789903 0.6084621 0.7818742 0.1358186 0.6082342 0.7820563 0.1357912 0.1379468 -0.3030193 -0.9429476 0.1375867 -0.3041096 -0.9426492 -0.9456571 0.3074969 -0.1057279 -0.9456533 0.3075088 -0.1057276 -0.244389 -0.9692539 0.02865332 -0.245168 -0.9690572 0.02865189 -9.581e-4 0.5476773 0.8366892 -9.33136e-4 0.5474659 0.8368276 0.9909904 0.06819653 -0.1152712 0.9911788 0.06602913 -0.1149124 -0.6728958 0.7356217 0.07792365 -0.6723784 0.7360876 0.07798951 -0.9797019 -0.1604448 -0.1201732 -0.9796144 -0.1611139 -0.1199917 0.1288133 -0.4448912 0.8862726 0.1293645 -0.4432848 0.8869969 0.2163997 0.9702744 0.1083462 0.2148739 0.9706809 0.1077396 -0.9708951 0.20797 -0.1187905 -0.9710362 0.2072388 -0.118915 0.820887 0.05373156 -0.5685573 0.8211567 0.05635249 -0.5679138 0.2489545 -0.8023141 0.5425069 0.2476128 -0.804076 0.5405087 0.1364563 0.3044462 0.9427048 0.1361333 0.3030293 0.9432078 0.953822 0.2792863 -0.1105564 0.9538217 0.2792875 -0.1105567 0.8298329 -0.5580055 0.002694547 0.829833 -0.5580055 0.002694427 5.77889e-4 -0.2338297 -0.9722774 5.69136e-4 -0.2340001 -0.9722364 0.2990557 0.2321094 0.9255761 0.2994495 0.2302588 0.9259108 0.916426 0.2095468 -0.3409602 0.9165555 0.2086879 -0.3411384 0.5816581 -0.7832597 0.2194957 0.5828183 -0.7821984 0.2202013 -0.1154033 0.5986092 -0.7926847 -0.1155129 0.5991939 -0.792227 -0.4153985 0.07136762 0.9068357 -0.4157584 0.0739209 0.9064661 0.5432012 0.2228714 0.8094819 0.5426611 0.225057 0.8092393 0.09121417 0.7667184 0.6354707 0.09092402 0.7672996 0.6348104 -0.05963587 0.9741433 0.2179189 -0.05953037 0.9742133 0.2176347 -0.9975758 -0.069507 -0.003346085 -0.9977358 -0.06717723 -0.003247261 0.6355413 -0.1703689 0.753035 0.6357907 -0.1695789 0.7530029 0.8199518 0 0.5724325 0.8196004 7.88822e-4 0.5729351 0.5244234 -0.583352 0.6202262 0.5241267 -0.5837984 0.620057 -0.4157603 0 0.9094743 -0.4160356 -4.0036e-4 0.9093483 0 1 4.96081e-6 0 1 -9.92162e-6 -0.675353 0.5711833 0.4665276 -0.6759346 0.569903 0.4672505 -0.09388554 -0.973504 -0.2085082 -0.09369689 -0.9736216 -0.2080433 0.208182 -0.5978778 -0.7740817 0.2083951 -0.5971747 -0.774567 -0.9338907 0.05227971 -0.3537163 -0.9339448 0.05356872 -0.3533802 -0.3964905 0.2999702 -0.8676481 -0.39631 0.2984677 -0.8682485 0.9358618 0.05542206 -0.3479815 0.9358136 0.05423092 -0.3482986 -0.9293908 0.3690848 -0.00302422 -0.9303227 0.3667287 -0.003120005 0.4101297 0.1754167 -0.8949987 0.4102593 0.1749942 -0.895022 0.2701385 -0.7627034 -0.5876299 0.2702938 -0.7625048 -0.5878161 0.1986337 -0.9705441 -0.1363411 0.1991836 -0.9703814 -0.1366961 0.8201578 0.5632364 0.1005279 0.8201422 0.5632587 0.1005311 0.9337722 0.0542404 0.3537338 0.9337443 0.05354791 0.3539128 -0.8085132 0.1651663 -0.5648245 -0.8085289 0.165942 -0.5645746 -0.3726609 -0.4381354 -0.8180227 -0.3724893 -0.4385071 -0.8179017 0.2377476 -0.3988568 -0.8856576 0.2377515 -0.3992789 -0.8854663 -0.2149742 -0.970662 -0.1077097 -0.2156748 -0.9704754 -0.10799 -0.9912227 0.05202049 -0.1215386 -0.9912285 0.05174839 -0.1216068 -0.8225234 -4.21115e-4 0.5687311 -0.8221682 -8.26053e-4 0.5692442 -0.8024725 -0.2180564 0.555418 -0.8021245 -0.2193015 0.5554306 -0.6710929 -0.7372564 0.07802253 -0.6720045 -0.7364377 0.07790744 -0.4141178 -0.07558012 -0.9070801 -0.4139842 -0.07499122 -0.9071899 -0.9536672 0.2773036 -0.1167117 -0.953268 0.2788561 -0.1162732 -0.4153026 -7.74882e-5 -0.9096834 -0.4147614 -2.81933e-4 -0.9099302 0.8520301 -0.4122266 0.3226668 0.8513646 -0.4142053 0.3218891 -0.5404623 0.7875313 0.2961336 -0.5409339 0.787135 0.2963262 -0.4147777 -4.06833e-4 -0.9099227 -0.4150879 0 -0.9097814 -0.03144049 -0.9739518 0.224565 -0.03141045 -0.9742848 0.22312 -0.708355 -0.2211418 0.6703205 -0.7079387 -0.2227275 0.6702352 0.8246967 -0.5564742 0.101054 0.8252831 -0.5555593 0.1013004 -0.244715 -0.9691276 -0.03010684 -0.2451603 -0.9690114 -0.03022366 -0.6358492 0.1704512 -0.7527565 -0.6360584 0.169801 -0.7527266 -0.4614135 0.7923579 -0.3990824 -0.4613097 0.7924551 -0.3990092 -0.06770884 0.02099215 0.9974843 -0.06723684 0.02098608 0.9975163 -0.1512596 -0.8086798 0.5684695 -0.151747 -0.8077531 0.5696558 -0.1394061 -0.2262493 -0.9640421 -0.1394887 -0.2266969 -0.963925 -0.6237963 -0.7815843 -0.002046227 -0.6235216 -0.7818036 -0.00203669 -0.0935744 0.7675037 0.6341782 -0.09348469 0.7669292 0.634886 -0.3971385 -0.3008634 0.8670422 -0.3966144 -0.3022288 0.8668073 -0.8204322 -0.06814229 0.5676688 -0.8202074 -0.06962543 0.5678136 0.1205903 -0.9728634 -0.1974707 0.1196586 -0.9732369 -0.1961936 -0.3251296 0.8942828 -0.3074883 -0.3251057 0.8942899 -0.3074932 -0.2471143 -0.8033289 0.5418463 -0.2469512 -0.8038589 0.5411341 0.5254301 -0.5813794 0.6212257 0.525896 -0.5799884 0.6221309 0.7084486 -0.2194243 -0.6707858 0.7080194 -0.2211025 -0.6706879 -0.8008578 -0.2138701 -0.5593625 -0.8005076 -0.2151734 -0.5593641 -0.6174889 0.5765423 -0.5350762 -0.6188756 0.5743024 -0.5358822 0.5232492 0.5875863 -0.6172137 0.5248294 0.5852426 -0.6180981 0.515469 -0.07353323 -0.8537474 0.5156109 -0.07504326 -0.8535304 -0.1433215 0.05785447 -0.9879838 -0.1432548 0.05810403 -0.9879788 -0.0705806 0.974202 -0.2143566 -0.07087051 0.9740324 -0.215031 -0.9453772 0.211485 0.2480645 -0.9456893 0.2097013 0.2483893 0.397411 0.2995672 -0.8673661 0.3969148 0.3008782 -0.8671395 0.1532775 -0.9718444 -0.1789541 0.1535729 -0.9716938 -0.1795172 -0.8252423 0.5566424 0.09552156 -0.8262982 0.555099 0.09537518 0.007137835 -0.9744228 0.2246094 0.007046997 -0.9745898 0.2238863 -0.7613829 0.3782121 0.526547 -0.761595 0.377727 0.5265886 -0.1430974 -0.05785399 -0.9880163 -0.1431742 -0.05810445 -0.9879904 -0.9715625 -0.2082028 0.1127747 -0.9717568 -0.2071859 0.1129727 0.3341267 -0.8014042 0.4960953 0.3349772 -0.8000035 0.4977797 -0.6433343 -0.07341068 -0.7620577 -0.6431887 -0.07197093 -0.7623178 0.9065514 0.3704144 0.2023807 0.90609 0.3716846 0.2021176 0.8086879 -0.1641974 0.5648568 0.8087099 -0.1656946 0.5643878 -0.5057652 -0.7882472 0.3505254 -0.5046778 -0.789381 0.3495396 -0.001193761 0.9999993 1.26321e-4 -0.00133413 0.9999991 8.70328e-5 -0.001320302 0.9999992 6.56099e-5 -0.001304388 0.9999992 5.54175e-5 -0.001322925 0.9999992 -6.04409e-5 -0.001349806 0.9999992 4.55125e-5 -0.001193523 0.9999993 1.23886e-4 -0.001331031 0.9999992 8.81207e-5 -0.001320421 0.9999992 6.0563e-5 -0.001304388 0.9999992 5.54276e-5 -0.001323997 0.9999992 -6.06276e-5 -0.001349985 0.9999992 4.03014e-5 -0.001306116 0.9999992 8.32695e-5 -0.001300811 0.9999992 4.91917e-5 -0.00129342 0.9999992 1.11577e-4 -0.001305222 0.9999992 8.38711e-5 -0.001300752 0.9999992 4.65322e-5 -0.001293957 0.9999992 1.10349e-4 -0.001328229 0.9999991 8.14295e-5 -0.00130701 0.9999992 8.38063e-5 -0.001315832 0.9999992 6.66133e-5 -0.001317143 0.9999992 7.67649e-5 -0.1368393 -0.3033009 0.9430184 -0.1370998 -0.3044639 0.9426056 -0.2449091 -0.9695361 0.004415273 -0.2434147 -0.9699119 0.004505515 -0.6161971 -0.2936233 -0.7308122 -0.6161988 -0.2934595 -0.7308766 -0.5153537 -0.0728113 0.853879 -0.51561 -0.07118993 0.853861 -0.8212859 0.05463624 0.5678948 -0.8213114 0.05486768 0.5678356 -0.8689044 0.3696365 -0.3292019 -0.8693399 0.3686418 -0.3291679 -0.09610337 0.9734279 -0.2078517 -0.09662032 0.9731864 -0.2087413 -0.0682944 -0.9741371 -0.21539 -0.06828832 -0.9741402 -0.2153781 0.7872346 0.2891137 -0.5446788 0.7873018 0.2884769 -0.5449193 0.2491769 -0.8034 -0.5407952 0.2497516 -0.8017469 -0.5429788 0.4387879 0 0.8985906 0.3358948 -0.5938615 -0.7310974 0.3354283 -0.5946893 -0.7306385 0.3966813 -0.3000231 0.8675426 0.3965016 -0.29856 0.8681293 -0.2465977 -0.5940337 -0.7657112 -0.2469992 -0.5929224 -0.7664427 -0.1827848 0.8066877 -0.5620007 -0.1825006 0.8071939 -0.5613659 -0.6319088 0.2203354 0.7430636 -0.6318865 0.2193073 0.7433867 -0.9531508 -0.2789788 -0.1169382 -0.952983 -0.2796273 -0.1167564 0.9903264 -0.06823372 0.1208217 0.9904308 -0.06595492 0.1212313 -0.9803562 -0.1612359 0.1135995 -0.9802358 -0.1621369 0.1133553 -0.6303839 0.7389059 -0.2379798 -0.6293745 0.7398047 -0.2378589 -0.9805228 0.1600057 0.1139013 -0.9803695 0.1611666 0.1135837 0.9455293 0.2104417 -0.2483724 0.9456427 0.2097904 -0.2484914 0.9302534 -0.3669046 0.003111958 0.9293209 -0.3692609 0.003015875 0.9772682 -0.2119834 0.003185987 0.9772306 -0.2121568 0.003177165 -0.1161083 0.5997399 0.7917267 -0.1162216 0.6004024 0.7912077 0.8178315 0.07032996 0.571144 0.8173781 0.07295429 0.5714638 -0.5172831 -2.91302e-4 0.8558144 -0.5172886 -2.91301e-4 0.8558111 -0.7260606 -4.0899e-4 0.6876307 -0.7260628 -4.08708e-4 0.6876282 0.4512763 0.5849605 0.6739221 0.4511379 0.5852325 0.6737787 0.2380836 0.9697704 0.05349308 0.2392719 0.9694685 0.05366384 0.09363257 -0.7667591 -0.6350697 0.09346652 -0.7671041 -0.6346775 0.7857552 -0.2859402 0.548477 0.7858268 -0.2851987 0.5487605 0.9243855 -0.3660834 -0.1072126 0.9248842 -0.3648638 -0.1070684 7.46567e-4 -0.9999998 -8.4232e-5 0.001790285 -0.9999985 -7.12122e-5 7.56052e-4 -0.9999998 -8.40699e-5 0.00179094 -0.9999984 -7.12162e-5 0.001311659 -0.9999991 4.18236e-4 0.001310944 -0.9999991 3.59185e-4 -0.1714655 0.9719077 0.16123 -0.1710528 0.9720349 0.1609005 -0.001306474 0.9999991 -4.89206e-4 -0.001320242 0.9999991 4.93751e-4 -0.4145612 0.05622208 -0.9082831 -0.414681 0.05675286 -0.9081953 -0.9339517 -0.05425941 -0.3532564 -0.9339251 -0.05356919 -0.3534321 0.06829208 0.02108198 -0.9974426 0.06756472 0.02109181 -0.997492 0.6728157 -0.7352313 0.08218306 0.673182 -0.7349009 0.08213877 -0.9044473 -0.4119428 -0.1108078 -0.9047672 -0.4111781 -0.1110358 0.1771424 0.9719235 0.1548719 0.1780697 0.9716455 0.1555513 -0.196631 -0.9706626 -0.1383849 -0.195524 -0.971006 -0.1375424 0.8082823 0.1657934 0.5649713 0.8082838 0.1659751 0.5649156 -0.007215976 0.974582 -0.2239151 -0.007212877 0.9745739 -0.2239505 0.616918 -0.2922236 0.7307651 0.6169762 -0.2920761 0.730775 -0.9538996 0.2790424 0.1105041 -0.9538676 0.2791429 0.1105259 0.1328334 -0.3994227 -0.9070925 0.1328188 -0.3992428 -0.9071739 -0.02620601 -0.07465028 -0.9968655 -0.02615976 -0.07430773 -0.9968922 -0.9777823 0.209599 -0.003181338 -0.9777805 0.2096074 -0.003181576 0.1283104 0.443346 0.8871195 0.1282306 0.442974 0.8873167 -0.7370008 0.2210005 -0.6387398 -0.7371758 0.218788 -0.6392993 0.1439056 -0.05809819 -0.9878845 0.1439725 -0.05785197 -0.9878892 -0.1413742 0.1769514 -0.9740131 -0.1413125 0.1767248 -0.9740633 -0.930309 0.3667637 -0.003118276 -0.9293944 0.3690758 -0.00302416 -0.8122804 0.3760468 0.4458582 -0.8115757 0.3784467 0.4451101 -0.3320041 -0.8023028 -0.4960681 -0.3320584 -0.8022007 -0.4961969 -0.415097 -2.12572e-4 -0.9097772 -0.4150813 -2.08507e-4 -0.9097843 0.4220757 0.7555059 0.5010619 0.4223415 0.7552261 0.5012595 0.3070466 0.07472991 0.9487559 0.3074957 0.07201904 0.9488202 -0.115316 -0.5942501 0.7959706 -0.115306 -0.5940827 0.796097 0.9777395 0.2097985 0.003181338 0.9777492 0.2097536 0.00318408 0.2477819 0.8021336 -0.5433099 0.2472994 0.8035709 -0.5414026 -0.8743358 0.2158527 -0.4346778 -0.8746095 0.213869 -0.4351075 0.3519098 0.936034 0 0.3519117 0.9360332 0 0 -1 1.37164e-5 -0.8742377 -0.2139292 -0.4358242 -0.874228 -0.2139981 -0.4358099 -0.1146397 -0.5938615 -0.7963582 -0.1146799 -0.5936731 -0.7964929 -0.5911867 0.02005219 0.8062855 -0.5902879 0.02007049 0.8069433 0.5035234 0.2250332 -0.8341608 0.5035324 0.2250117 -0.8341612 -0.8201661 -0.5632247 -0.1005257 -0.8201581 -0.5632364 -0.1005273 0.4146814 -0.05708348 0.9081745 0.4147688 -0.0567637 0.9081546 0.6248986 -0.7807033 0.002087891 0.6249114 -0.780693 0.002086937 0.6249332 -0.7806757 0.002028226 0.6249331 -0.7806758 0.002023935 0.6304813 -0.7386802 0.2384219 0.6307946 -0.7384006 0.2384592 0.6316816 -0.7388933 -0.234553 0.6300108 -0.7403784 -0.2343634 0.7190419 0.5717869 -0.3950173 0.7205205 0.5695848 -0.3955039 0.3736612 -0.437944 0.8176688 0.3735375 -0.4382262 0.8175742 0.7744647 0.5631312 -0.2882497 0.7731072 0.5650913 -0.2880576 -0.9456798 0.307435 -0.1057046 -0.9456804 0.3074335 -0.1057041 0.5449223 0.7467231 0.3813979 0.5445999 0.7470214 0.3812741 -0.9838287 0.01856684 0.1781471 -0.9837996 0.01856905 0.1783074 -0.7601974 0.3751906 -0.5304075 -0.7596678 0.3764729 -0.5302575 -5.89553e-5 0 -1 -1.17123e-4 0 -1 2.34508e-4 0 -1 5.91996e-5 0 -1 -1.17481e-4 0 -1 2.33019e-4 0 -1 2.34632e-4 0 -1 -1.54976e-5 0 -1 3.09377e-5 0 -1 -6.19809e-5 0 -1 -9.59969e-6 0 -1 1.91995e-5 0 -1 -0.7364366 -0.5680845 -0.3673437 -0.7361769 -0.5684695 -0.3672683 0.3249784 -0.8943337 0.3075004 0.3249078 -0.8943551 0.3075125 0 -1 1.37453e-6 -0.1169545 -0.9736911 0.1955694 -0.1170107 -0.9736685 0.1956487 0.9292821 -0.3693584 0.00301671 0.9293207 -0.3692613 0.003019273 0.9457923 0.3071234 -0.105605 0.9457916 0.3071252 -0.1056057 -1.38861e-4 -0.1100227 0.9939291 -1.41529e-4 -0.1100226 0.9939292 0.2589501 1.45806e-4 -0.9658907 0.2587807 2.94251e-4 -0.9659361 -0.9738739 0.06592863 -0.2173083 -0.9738888 0.06550979 -0.2173691 -0.08419525 -0.8068093 0.5847822 -0.08418685 -0.8065137 0.5851909 -0.5821527 0.7827321 -0.2200657 -0.5837349 0.7813006 -0.2209594 0.7813482 0.02034544 -0.6237636 0.7816514 0.02035135 -0.6233834 -0.6184936 -0.2962153 0.7278202 -0.6184777 -0.29369 0.7288565 4.56949e-4 -0.1511673 -0.9885081 4.54611e-4 -0.1510923 -0.9885196 -0.140922 0.226339 0.9638006 -0.1399965 0.2304658 0.9629572 0.6161879 0.2936097 0.7308255 0.6161853 0.293687 0.7307966 -2.8575e-4 0 1 -2.87733e-4 -2.69973e-7 1 2.94603e-5 0 1 -0.006483197 0.008159518 0.9999457 -2.38478e-4 0 1 -5.87337e-5 0 1 -0.006516993 0.008202791 0.9999452 2.3183e-4 0 1 -2.34553e-4 0 1 2.3072e-4 0 1 -2.33863e-4 0 1 -0.001147568 -0.002224385 0.999997 6.20655e-5 0 1 6.20386e-5 0 1 -0.001149773 -0.002228617 0.9999969 -0.001170754 3.43319e-4 0.9999994 -0.001163721 -3.44916e-4 0.9999993 1.91924e-5 0 1 -7.67683e-4 -5.32983e-7 0.9999997 -0.7854914 0.2868886 -0.5483596 -0.7854647 0.2871363 -0.5482682 -0.3079576 -1.73408e-4 -0.9514001 -0.3079509 -1.73398e-4 -0.9514024 -0.8212453 -0.05463612 0.5679534 -0.821268 -0.05486917 0.5678982 -1.17467e-4 0 -1 -2.38304e-4 0 -1 5.89484e-5 0 -1 1.18064e-4 0 -1 -6.2079e-5 0 -1 -1.13943e-5 0 -1 1.9194e-5 0 -1 0.5931284 -0.5776914 -0.5607775 0.5930604 -0.5778117 -0.5607255 0.1435971 6.52832e-5 0.9896363 0.1436894 9.76807e-5 0.9896229 -0.7748354 0.5625362 0.288415 -0.776721 0.5597922 0.2886819 -0.6255966 0.7801439 -0.002095997 -0.6237747 0.7816016 -0.002030849 0.08548378 -0.808122 0.5827791 0.08608222 -0.8066689 0.5847009 -0.818052 0.06716722 -0.5712089 -0.8176338 0.06970769 -0.5715033 -0.3739504 -0.4392041 0.8168605 -0.3739458 -0.4389423 0.8170033 0.629002 0.7411768 -0.2345498 0.6289547 0.7412195 -0.2345412 1.7423e-4 -0.3010921 0.9535951 8.55047e-5 -0.3018515 0.953355 -0.4231449 -0.7561762 0.4991455 -0.423157 -0.7561633 0.4991546 0.9933247 6.75314e-4 -0.1153502 0.9933248 6.75102e-4 -0.1153495 5.99822e-4 -0.3020427 -0.9532942 6.17892e-4 -0.3018929 -0.9533417 0.9838038 0.01971334 -0.1781619 0.9837757 0.01971149 -0.1783167 0.9612099 0.2758004 0.003132641 0.9612181 0.2757719 0.003129899 0.009601652 0.999954 1.47922e-4 -6.22353e-4 0.3018378 0.9533592 -8.11461e-4 0.3011658 0.9535715 -5.99619e-4 0.3020108 0.9533044 -0.7854471 -0.2861234 -0.5488228 -0.7853654 -0.2869803 -0.548492 0.8069069 0.5625937 0.1799713 0.8063228 0.5634366 0.1799523 0.001328468 -0.9999992 1.19666e-4 0.001305639 -0.9999991 3.59458e-4 0.001324713 -0.9999992 -8.71051e-5 0.00131607 -0.9999992 -7.4743e-5 0.001352906 -0.9999992 1.91012e-5 0.001324653 -0.9999992 -3.8205e-5 0.001246392 -0.9999993 1.43164e-5 0.001291811 -0.9999992 -5.73062e-5 0.001372754 -0.9999991 -1.86592e-5 0.001432359 -0.9999991 -3.11086e-5 0.001454114 -0.9999991 -1.87927e-5 0.001126468 -0.9999994 -1.13118e-5 0.009602785 -0.9999539 1.10745e-4 -0.8278959 -0.5608752 -0.002706527 -0.8277734 -0.5610561 -0.002699851 0.196237 0.9709812 -0.1366984 0.1960988 0.9710248 -0.1365874 -1.83751e-4 0.3018469 -0.9533565 -1.71145e-4 0.3020199 -0.9533017 -1.99003e-4 0.3018167 -0.9533661 0.9796139 -0.1610426 0.120091 0.9797417 -0.1603795 0.1199358 -0.6220414 -0.7792851 -0.07602244 -0.6228863 -0.7785868 -0.07625973 0.308479 -0.8034127 -0.5092828 0.3084989 -0.8033722 -0.5093346 -0.5714043 0.8206687 0 -0.5714036 0.8206692 0 0.001447081 -0.999999 -2.24388e-5 0.001354038 -0.9999992 -1.86552e-5 0.001328468 -0.9999992 1.20176e-4 0.001316547 -0.9999992 -9.95167e-5 0.001297473 -0.9999992 -4.77414e-5 0.001352906 -0.9999991 1.43205e-5 0.914321 -0.2099676 0.3463103 0.9143983 -0.209711 0.3462619 0.9671545 5.44637e-4 -0.2541888 0.9671575 5.54854e-4 -0.2541776 -0.2313719 0.9689444 -0.08725702 -0.2302006 0.969272 -0.08671557 -0.6478076 -0.001384675 0.7618029 -0.6473271 -6.22957e-4 0.7622122 0.9701938 0.2112687 0.1186992 0.9700615 0.2118343 0.1187732 -0.7814025 0.01943528 0.6237246 -0.7816832 0.01942777 0.6233731 0.937321 6.41262e-4 -0.3484665 0.9373168 6.37058e-4 -0.3484779 0.3897838 0.7960104 0.4630727 0.3898954 0.795899 0.4631698 -0.247658 0.9688473 -8.06249e-4 -0.24766 0.9688467 -8.05697e-4 -0.6245986 0.7776145 0.07205623 -0.6244975 0.7776969 0.07204586 -0.9919808 0.05168408 0.1153388 -0.9919723 0.0520603 0.115242 -0.7706028 -0.5691503 0.286774 -0.7707335 -0.5689722 0.2867766 0.9352267 9.48531e-4 0.3540485 0.9352296 9.3989e-4 0.3540406 0.3749275 -0.4389468 -0.8165507 0.3749062 -0.4387563 -0.816663 -0.128809 0.4428639 -0.8872879 -0.1288607 0.4430801 -0.8871725 -0.6449077 -6.32428e-4 -0.7642602 -0.6449087 -6.32726e-4 -0.7642595 0.3065761 0.804008 -0.5094924 0.3066941 0.8038762 -0.5096291 -0.775887 0.5582922 -0.2937845 -0.7751153 0.5596147 -0.293305 0.8187681 -0.05462658 0.5715197 0.8186188 -0.05327576 0.5718612 -0.01664125 0.8097398 -0.5865533 -0.01642155 0.8081077 -0.5888059 0.9779678 0.2079579 -0.01823866 0.9772656 0.2112711 -0.01779443 -0.1319538 0.3987258 -0.9075275 -0.1320399 0.3995626 -0.9071468 -0.9359117 -0.05227512 0.3483342 -0.9359613 -0.05346697 0.3480198 0.6246104 0.7808548 -0.01129674 0.6225872 0.7824662 -0.01148235 -0.4221951 -0.7552034 -0.5014173 -0.4216719 -0.7557446 -0.5010418 -0.05705153 -0.9743921 0.2174974 -0.05698382 -0.9744394 0.2173038 -0.02012401 -0.597872 -0.801339 -0.02023816 -0.5987876 -0.8006523 0 -0.8403953 -0.541974 0 -0.8403915 -0.5419798 -0.1430162 -0.07617932 -0.9867842 -0.1425082 -0.07341814 -0.987067 0.1508078 0.9720019 0.1801931 0.1500566 0.9723189 0.1791063 -0.6754123 0.5673909 -0.4710476 -0.6759888 0.5661303 -0.4717369 -0.424039 0.7545943 -0.5007777 -0.4227077 0.75597 -0.4998278 -0.2816103 -0.3988449 -0.8727076 -0.2816156 -0.4008579 -0.8717831 -0.9980962 0.01849204 -0.05883938 -0.9981211 0.01848608 -0.05841732 0.7370181 -0.5676631 0.3668285 0.7393708 -0.5641475 0.3675166 -0.5439824 0.2213726 -0.8093686 -0.5427259 0.2265061 -0.8087916 -0.02457982 0.4006114 -0.9159184 -0.02426576 0.4027439 -0.9149911 -0.4160789 0.05899059 0.9074131 -0.4157516 0.05760157 0.9076523 0.1420238 -0.177239 -0.9738664 0.1419772 -0.1770389 -0.9739095 0.1439847 1.38523e-4 0.9895799 0.1438853 0 0.9895943 0.1511152 0.9721097 -0.1793515 0.1506797 0.9723014 -0.1786776 -0.9949346 -0.1004735 -0.003221631 -0.9950199 -0.09962338 -0.003269553 0.811352 -0.3786223 -0.4453684 0.8116358 -0.3779431 -0.4454285 0.5974853 0.3847847 -0.7035283 0.5972883 0.3862106 -0.702914 -0.7428351 -0.4220646 -0.5196706 -0.7424869 -0.4235634 -0.5189482 0.6193244 -0.5736132 0.5361019 0.6168597 -0.5776057 0.534655 0.5905907 0.5808508 -0.5601921 0.5921121 0.5783521 -0.5611704 0.4753186 0.3916716 -0.7878233 0.4749677 0.3950373 -0.7863532 0.6355545 0.1717394 0.7527126 0.6353529 0.1696488 0.7533565 0.1317498 0.3997815 -0.9070925 0.1317717 0.3999564 -0.9070123 0.6292551 -0.2204283 0.7452848 0.6295021 -0.2195582 0.7453331 0.4050025 0.226677 -0.8857712 0.4059554 0.2233247 -0.8861865 0.4156357 0.05760329 -0.9077053 0.4159659 0.05907469 -0.9074595 -0.6455287 -0.07197231 0.7603372 -0.6458688 -0.07034146 0.760201 -0.6194459 0.2935976 0.728071 -0.6189555 0.2948188 0.7279945 0.8277067 0.5611545 0.002693593 0.8291522 0.5590161 0.002779066 0.1434221 -0.07281559 0.9869793 0.1432514 -0.07179713 0.9870787 0.629247 0.2203708 0.7453087 0.6287568 0.2221152 0.7452045 0.4089362 0.1741434 0.8957932 0.4085305 0.175399 0.8957334 0.998075 0.01964324 0.0588262 0.9980956 0.01964849 0.05847293 -0.9777814 0.2096018 -0.003279268 -0.9777604 0.2096996 -0.003275036 0.3251349 0.894281 -0.3074883 0.325161 0.8942716 -0.3074877 -0.001347541 0.9999992 5.79548e-5 -0.001151859 0.9999994 2.61648e-4 -0.001442849 0.999999 -8.69029e-5 -0.001279711 0.9999992 0 -0.001687049 0.9999986 2.3185e-4 -0.001486063 0.9999989 1.73469e-4 -0.001303434 0.9999991 2.88946e-4 -0.001453578 0.999999 -3.47242e-4 -0.001447081 0.9999991 -2.90499e-5 -0.001584351 0.9999988 2.17722e-5 -0.001443564 0.999999 2.90113e-5 -0.001276791 0.9999992 8.68934e-5 -0.001347422 0.9999992 -6.88284e-5 -0.001347243 0.9999991 -6.56342e-7 -0.001332461 0.9999992 4.58646e-5 -0.001303315 0.9999992 3.05472e-5 -0.001278817 0.9999992 3.27385e-5 -0.001215934 0.9999994 -7.63879e-5 -0.001329302 0.9999992 0 -0.00130403 0.9999992 4.72753e-6 -0.001320362 0.9999992 2.12726e-5 -0.001308321 0.9999992 1.7726e-5 0.4248833 -0.7553637 -0.4988986 0.4247199 -0.755526 -0.4987921 -0.9328634 -0.06896317 -0.3535674 -0.9329138 -0.06856989 -0.3535111 -0.7880454 0.2859359 0.5451837 -0.7879748 0.2866375 0.5449174 0.09683418 -0.973028 0.2093799 0.09672009 -0.9730603 0.209282 0.8928895 0.07242029 0.4444139 0.8928961 0.07039356 0.4447262 0.8710004 -0.3692814 -0.3240212 0.8712117 -0.3687895 -0.3240133 -0.62374 0.7816293 -0.002028763 -0.6237756 0.781601 -0.002030849 0.7380318 -0.2148156 0.6396588 0.7377259 -0.2187919 0.6386632 0.2440185 0.9693025 0.03012615 0.2441618 0.9692641 0.03020358 -0.1507894 -0.9722273 0.1789877 -0.1499134 -0.9725739 0.1778375 -0.9772504 -0.2113524 0.01765912 -0.9770226 -0.212392 0.01779025 0.1413947 -0.1766887 0.9740579 0.1412125 -0.1772964 0.9739739 0.8110401 -0.1668016 -0.5607061 0.8110262 -0.1659867 -0.5609681 0.8929373 -0.07039254 0.4446437 0.8929395 -0.06855785 0.4449259 0.1365956 0.3044503 -0.9426832 0.1367697 0.3051781 -0.9424226 -0.268423 -0.7632837 0.5876626 -0.2682021 -0.7635704 0.5873908 0.057374 0.9741549 -0.2184734 0.05701887 0.9743967 -0.217486 -0.935976 0.05346626 0.3479807 -0.935926 0.05227512 0.3482956 -0.2305886 0.969286 0.08551901 -0.231558 0.9690305 0.08579504 -0.818444 -0.05465811 -0.5719807 -0.8184904 -0.05502051 -0.5718796 -0.3354554 0.5946378 0.730668 -0.3359115 0.593845 0.731103 -0.8699623 0.3722802 0.3233776 -0.8701223 0.3717036 0.3236106 0.4811943 0.02084416 0.8763663 0.4810879 0.020846 0.8764246 0 -0.8403936 -0.5419766 0 -0.8403978 -0.5419701 0.9933542 4.98885e-4 -0.1150975 0.9933561 5.08589e-4 -0.1150806 0.8206366 -0.562575 0.1003246 0.8206556 -0.5625481 0.1003205 -0.1400654 0.2266783 -0.9638458 -0.1399218 0.2256201 -0.9641149 -0.7983959 0.564408 0.2097798 -0.7979263 0.5650857 0.2097426 0.1161825 -0.593273 0.7965732 0.1161766 -0.5931965 0.7966311 -0.9558628 0.01867341 -0.2932193 -0.9561328 0.01865857 -0.2923392 0.2457872 0.8042476 0.5410863 0.2468166 0.802838 0.5427088 -0.5231949 -0.5876891 0.6171618 -0.5240145 -0.5864829 0.6176136 -0.672877 0.7351363 -0.08253043 -0.6726459 0.7353446 -0.08255857 0.06012153 -0.9738678 -0.2190135 0.05946415 -0.9743056 -0.2172388 -0.3900335 -0.7957097 -0.4633791 -0.3899153 -0.7959228 -0.4631124 -0.6236382 0.778019 -0.07590758 -0.6244057 0.777379 -0.07615381 0.7556289 4.25374e-4 0.6549999 0.7553425 4.23502e-5 0.6553303 0.4579948 0.7948582 0.3980471 0.4579632 0.7948859 0.3980277 2.38407e-4 0 1 -2.38322e-4 0 1 -5.83567e-5 0 1 2.34219e-4 0 1 2.34707e-4 0 1 2.38464e-4 0 1 -2.34082e-4 0 1 2.94916e-5 0 1 2.31562e-4 0 1 6.1767e-5 0 1 4.65405e-5 0 1 -1.91584e-5 0 1 -1.91979e-5 0 1 7.69232e-6 0 1 0.1985747 -0.9703506 0.1377966 0.1991689 -0.970166 0.1382375 0.7724632 -0.5665253 -0.2869666 0.7710285 -0.568484 -0.2869513 -0.4371904 -0.7976461 0.4154822 -0.4392808 -0.7956784 0.4170472 0.3825551 -0.3945783 -0.8354398 0.3840965 -0.390147 -0.8368124 -0.6982178 -0.3816499 -0.6056693 -0.6969228 -0.3848955 -0.6051066 -0.1439774 -1.38558e-4 -0.989581 -0.1438664 0 -0.9895972 -0.2579592 -0.07322227 0.9633772 -0.257802 -0.0741294 0.9633499 0.2381695 -0.9692134 -0.06245577 0.2393919 -0.9688981 -0.0626747 -0.8293104 -0.5587812 -0.00279051 -0.8278964 -0.5608748 -0.002705276 -0.390338 -0.7972925 0.4603921 -0.3913465 -0.795844 0.4620394 0.991276 -0.05206155 0.121085 0.9911272 -0.05383908 0.121525 0.9293945 0.3690758 0.003023862 0.9293948 0.369075 0.003024101 0.4237225 -0.7547504 0.5008105 0.4234406 -0.7550445 0.5006055 0.4046711 -0.2267791 0.8858965 0.4045146 -0.2249624 0.8864311 0.5365114 0.7906036 -0.2951301 0.5376482 0.7896571 -0.2955945 0.2587583 -0.07303071 -0.9631775 0.258549 -0.0744695 -0.9631235 -0.3916977 0.7952831 -0.4627072 -0.3916358 0.7953191 -0.4626973 -0.4160583 -2.13005e-4 0.9093381 -0.4160377 -2.13045e-4 0.9093473 0.7436043 -0.4217551 0.5188211 0.7436594 -0.421507 0.5189437 0.9615151 -0.2747343 0.003125667 0.9615288 -0.2746867 0.003129601 0.4165552 2.83162e-4 -0.9091104 0.416306 1.89262e-4 -0.9092246 -0.2457275 0.969328 0.004607915 -0.2464662 0.9691406 0.004564106 0.1698636 0.972081 -0.1618794 0.1689198 0.9723696 -0.1611323 0.06843084 0.9741423 0.2153229 0.06862848 0.9740244 0.2157934 0.9925295 4.47084e-4 0.122005 0.9926041 6.74621e-4 0.121395 0.6969068 0.3849204 0.6051093 0.6980667 0.3820319 0.6056026 -0.9738763 -0.0655387 -0.2174156 -0.9737008 -0.0702576 -0.2167269 -0.9055934 -0.4110229 0.1046941 -0.9050282 -0.4122089 0.1049192 -0.7535035 -0.07021683 -0.6536836 -0.7535654 -0.07167005 -0.6534544 -0.1409121 -0.1770524 -0.9740617 -0.1408662 -0.1772684 -0.9740291 0.4145525 0.05709481 0.9082326 0.4144075 0.05761706 0.9082658 -0.3095399 0.8021248 0.5106672 -0.3084197 0.8034788 0.5092142 -0.542888 -0.2265613 -0.8086673 -0.5429207 -0.2238736 -0.8093934 -0.1526531 0.9718773 -0.1793082 -0.1527608 0.9718362 -0.1794399 -0.2579982 0.07322138 0.9633668 -0.2581167 0.07415771 0.9632634 -0.01455491 -0.8096255 -0.5867664 -0.01433014 -0.8079785 -0.5890377 -0.7243629 0.07118976 0.6857336 -0.7243378 0.07074099 0.6858065 -0.5454214 -0.7463564 -0.3814023 -0.5447514 -0.746975 -0.3811486 -0.9909661 0.06983464 0.1144967 -0.9912221 0.06434077 0.1154948 -0.9772841 -0.2119098 -0.003182291 -0.9777822 -0.2095979 -0.003279626 7.93487e-4 -0.9999997 -7.93273e-5 0.001996397 -0.999998 -8.92944e-5 0.4232352 0.7562984 -0.4988834 0.4233767 0.7561478 -0.4989917 -0.03384917 0.9742943 0.2227215 -0.03386819 0.9739994 0.2240051 -0.2479637 0.9683494 0.02852171 -0.2473109 0.9685172 0.02849221 0.1169534 -0.5941797 -0.7957842 0.1169087 -0.5936673 -0.7961732 0.6009461 -0.7835664 -0.1577575 0.6005848 -0.7838538 -0.1577058 -0.6176128 0.291936 -0.730293 -0.6169612 0.2935644 -0.730191 -0.977998 0.2078509 0.01783293 -0.9772638 0.2112396 0.01826047 0.7751235 -0.5624269 -0.2878538 0.7737525 -0.564366 -0.2877472 0.2518892 0.2315571 -0.9396454 0.2516371 0.2283647 -0.9404938 0.6240422 -0.777631 0.07656055 0.6231309 -0.7783844 0.0763269 -0.5513769 0.787926 -0.2741464 -0.554569 0.7852753 -0.2753111 0.9912733 0.05206173 0.1211071 0.9911234 0.05385088 0.1215505 0.3464204 0.02105355 -0.9378431 0.3472663 0.02104038 -0.9375305 0.707905 0.2211989 -0.6707769 0.708024 0.2195531 -0.6711919 -0.6734622 -0.5698265 -0.4708997 -0.6742986 -0.567981 -0.4719312 -0.4582508 -0.7946072 -0.3982535 -0.4596331 -0.7933408 -0.3991838 0.01625943 -0.8101469 0.5860015 0.01630175 -0.8099751 0.5862378 0.6719107 -0.5770031 -0.4643315 0.6728262 -0.5757414 -0.4645716 -0.4097964 -0.174973 0.8952382 -0.4102293 -0.1736388 0.8952997 0.6718503 0.5765693 -0.464957 0.6709491 0.5778116 -0.4647161 -0.7455623 -0.4219718 0.5158262 -0.745774 -0.4210642 0.5162616 0.03393775 -0.9738278 0.2247391 0.03403961 -0.9737503 0.2250594 0.4041968 0.2268057 0.8861061 0.4041727 0.2266028 0.8861691 -0.228363 -0.9698255 0.0853753 -0.227791 -0.9699784 0.08516657 0.6181486 0.2950206 -0.7285982 0.6188133 0.2933743 -0.7286987 -0.503245 -0.227306 0.8337125 -0.5029307 -0.2286131 0.8335447 -0.5840435 0.782081 0.2173539 -0.5848041 0.781466 0.2175203 -0.9926558 -9.55368e-4 -0.12097 -0.9925662 0 -0.1217066 -0.2697576 0.7632722 0.5870661 -0.2700631 0.7628732 0.587444 -0.9097239 0.4152138 0 -0.9097256 0.4152101 0 0.5909973 0.02075165 -0.8064066 0.5911346 0.02074903 -0.806306 -0.9973831 -0.06987452 0.01856565 -0.9976655 -0.06586688 0.01803684 0.2828045 0.3955156 0.8738358 0.2815153 0.4003161 0.8720643 0.7246783 0.0682193 -0.6857023 0.7238422 0.07388544 -0.6859981 -0.2092994 0.5929324 0.7775764 -0.2085309 0.5953134 0.775962 -0.5271973 -0.5787947 0.6221412 -0.5259314 -0.5828348 0.619435 0.9715765 -0.2080282 -0.1129763 0.9719148 -0.2065584 -0.1127627 0.6458154 0.07449328 -0.7598508 0.646086 0.07324469 -0.7597422 0.899245 -0.2821927 -0.3342541 0.8995755 -0.2804149 -0.3348606 0.9800145 0.1633135 -0.1135798 0.9801656 0.1621916 -0.1138836 0.8210027 -0.05199146 -0.568552 0.8212874 -0.05463618 -0.5678925 -0.3819072 0.39477 -0.8356456 -0.3819319 0.39367 -0.8361531 0.8563549 -0.2134848 -0.4701923 0.8560476 -0.2159022 -0.4696478 -0.9156298 -0.2145193 0.3400052 -0.9162656 -0.2101233 0.341036 0.5248278 -0.5860207 -0.6173617 0.5256521 -0.5847843 -0.6178327 0.9902745 0.06824201 0.1212422 0.9904747 0.0659784 0.1208588 -0.9447438 -0.2140902 0.248243 -0.9452003 -0.211513 0.2487145 0.5840381 0.4307731 -0.6879928 0.5832952 0.4322286 -0.6877101 -0.1299265 0.9728437 -0.1915574 -0.1293092 0.9730805 -0.190771 -0.2290078 -0.9694985 -0.08733987 -0.228054 -0.9697687 -0.08683526 -0.1526154 0.9721173 0.1780354 -0.1529688 0.9719553 0.1786153 -0.9902338 0.06824302 -0.1215727 -0.9901617 0.06977707 -0.1212892 0.9919332 -0.05374389 -0.1148052 0.9919711 -0.05209916 -0.1152346 0.8002011 0.2150448 0.5598518 0.800544 0.2138631 0.5598141 -0.9796333 0.1610487 -0.1199246 -0.9797166 0.1604129 -0.1200963 -0.9161995 0.2107328 0.3408376 -0.9163907 0.2100412 0.3407505 -0.4053043 -0.2265928 0.8856546 -0.405732 -0.2248154 0.8859118 -0.4395583 0.7963495 0.4154711 -0.4411311 0.7948746 0.4166267 0.8227925 8.34584e-4 -0.5683413 0.8224188 4.13123e-4 -0.5688826 0.1145991 0.5937065 0.7964797 0.1146913 0.5933337 0.7967441 -0.9226627 -0.1625002 -0.3496959 -0.9225106 -0.1648644 -0.3489897 0.6461296 0.05766785 -0.7610459 0.6468183 0.05481338 -0.7606717 -0.9351351 -0.06899845 0.3475078 -0.9353736 -0.06711935 0.347234 -0.6064445 0.7835325 -0.1352853 -0.6099703 0.7807232 -0.1356748 0.7718484 0.5671765 -0.2873343 0.7708875 0.5684885 -0.287321 -0.9919218 -0.05417573 0.1147001 -0.9919793 -0.05168467 0.1153509 -0.7440949 0.4203791 -0.5192343 -0.7444368 0.4188924 -0.5199452 0.7537103 -0.0732392 0.6531132 0.7536442 -0.07160693 0.6533704 -0.1532276 0.8085286 0.5681574 -0.1537581 0.8075001 0.5694752 0.1713907 -0.9719327 -0.1611587 0.1720107 -0.9717398 -0.1616601 0.2484484 -0.968634 -0.004661023 0.2491964 -0.968442 -0.004615962 0.9237444 -0.3658223 0.1134478 0.9225937 -0.3689249 0.1127632 -0.08365786 -0.8065139 -0.5852664 -0.0838949 -0.8058287 -0.5861756 -0.9049293 0.4110094 -0.1103373 -0.9056147 0.4093652 -0.1108255 -0.3374278 0.5891683 0.734182 -0.3376342 0.5874087 0.7354959 0.6315335 0.2219894 -0.7428905 0.6315409 0.2203287 -0.7433784 0.1432466 0.07338958 0.9869623 0.1429476 0.07179188 0.9871231 -0.180458 -0.8073452 -0.5618085 -0.1802898 -0.8076456 -0.5614306 -0.8223582 -5.59115e-4 0.56897 -0.8223565 -5.58903e-4 0.5689723 -0.8223835 0.5609519 0.09496611 -0.8215612 0.5621228 0.09515869 -0.8560581 0.0190773 -0.5165275 -0.856029 0.01907831 -0.5165755 -0.4182883 0.5887429 0.6916768 -0.4193945 0.5864854 0.6929237 0.9977371 -0.06715941 0.003244936 0.9975771 -0.06949013 0.00334388 0.9296513 -0.3680248 -0.01750272 0.9286085 -0.3706644 -0.01715409 -0.3749365 0.4386577 0.816702 -0.3749171 0.438111 0.8170043 -0.116097 0.5939508 -0.7960804 -0.1162456 0.5934805 -0.7964094 -0.7553404 -4.33384e-4 -0.6553325 -0.7553384 -4.33664e-4 -0.6553348 0.8765602 4.9369e-4 -0.4812921 0.8765612 4.93687e-4 -0.4812905 -0.9540796 -0.2112202 -0.2124103 -0.9539797 -0.2117606 -0.2123213 0.2461926 -0.9688022 -0.02848708 0.2472764 -0.9685255 -0.02851313 -0.9910025 -0.06816869 0.1151833 -0.9908546 -0.06982743 0.1154614 0.4106265 -0.1749599 -0.8948603 0.4104877 -0.1753838 -0.894841 -0.1496473 -0.972451 -0.1787312 -0.1500216 -0.9722712 -0.1793948 -5.66211e-5 -0.1512454 0.9884963 -1.53878e-4 -0.1495261 0.9887579 -0.5030745 -0.7893407 -0.3519335 -0.5036909 -0.788652 -0.3525954 0.7597206 0.3756673 0.530753 0.757868 0.3799342 0.5303643 0.9793561 0.1625688 0.1201376 0.9792737 0.1631888 0.1199688 -0.6380966 0.1687337 0.7512401 -0.6383353 0.1712459 0.7504686 0.8240599 0.5573976 0.101161 0.8224587 0.5598646 0.1005662 0.5992419 0.784871 -0.1577553 0.5995352 0.7846384 -0.1577984 -0.5960867 -0.387892 0.7030082 -0.5977897 -0.3837391 0.7038409 -0.1779768 -0.9716774 -0.1554586 -0.1770132 -0.9719645 -0.1547626 0.5049453 -0.7879056 0.3524699 0.503157 -0.7898555 0.3506587 -0.5959637 0.3853142 -0.7045285 -0.5962026 0.3833715 -0.7053855 -0.4761936 0.3915564 0.787352 -0.4746597 0.3960947 0.7860072 0.8534685 -0.4131579 -0.3176351 0.8528354 -0.4150241 -0.3169019 -0.8522378 0.4115749 -0.3229503 -0.8510979 0.4149603 -0.3216215 0.1269811 0.9732819 0.1913071 0.1278292 0.9729622 0.1923651 -0.03388828 0.9739765 -0.2241014 -0.03361117 0.974229 -0.2230429 0.2519924 -0.2315551 -0.9396182 0.2528628 -0.2271443 -0.9404605 0.09407156 0.9733062 0.2093462 0.0945158 0.9731111 0.2100515 0.9355266 -0.06484574 -0.3472535 0.9350069 -0.06899261 -0.347854 0.9782117 -0.2067928 -0.01840639 0.9770642 -0.2122098 -0.01768159 -0.5255085 -0.5791342 -0.6232532 -0.5258399 -0.5783528 -0.6236991 0.2166927 -0.9703181 0.1073643 0.2193472 -0.9696035 0.1084248 0.09142649 0.7675041 -0.634491 0.09173059 0.7668943 -0.6351839 -0.09638214 0.9735259 0.2072631 -0.09682375 0.973146 0.208835 -0.7584001 -0.3786765 -0.530503 -0.7592089 -0.37677 -0.5307036 -0.8030698 0.2159516 0.5553771 -0.8031373 0.2147709 0.5557375 0.1171885 0.9735518 -0.1961225 0.1178128 0.9733086 -0.1969532 -0.8199424 -0.5645017 0.09503912 -0.82062 -0.5635428 0.09488141 0.02166509 -0.5953193 0.8031972 0.02129954 -0.5976178 0.8014982 0.6477462 6.35324e-4 -0.761856 0.6473186 0 -0.7622197 0.5154623 0.07504314 -0.8536201 0.5153378 0.07356798 -0.8538236 0.8201822 0.07033562 -0.5677623 0.8202796 0.07281452 -0.5673091 -0.0940113 -0.9736053 0.207978 -0.09444499 -0.9732724 0.2093351 -0.4806476 0.02030116 -0.8766788 -0.4811389 0.02029222 -0.8764096 0.7610441 0.3784223 -0.5268856 0.7602705 0.3801277 -0.526775 -0.9933263 -4.51591e-4 0.1153381 -0.9933955 -6.75159e-4 0.114739 -0.9612213 -0.2757607 -0.003127574 -0.9609328 -0.2767629 -0.003233969 0.2461133 0.9692307 -0.004497766 0.2468917 0.969033 -0.004452705 -0.6235224 -0.7818028 -0.00203669 -0.6237758 -0.7816007 -0.002047121 -0.3824154 -0.3947875 0.8354049 -0.3823956 -0.3954335 0.8351084 0.8030267 0.2139106 -0.5562289 0.802928 0.2147932 -0.5560313 -0.5280472 0.5801506 0.6201545 -0.5285698 0.578428 0.6213173 -0.6297633 0.2164366 -0.7460251 -0.6298317 0.2204451 -0.7447926 0.5821653 0.4297422 0.6902212 0.5815722 0.4309022 0.6899979 0.4150779 0 0.9097859 0.4147778 3.99146e-4 0.9099227 -0.1328327 0.399438 0.9070858 -0.1323947 0.3957132 0.9087809 -0.4528364 0.5847098 -0.6730927 -0.4522926 0.5865828 -0.6718274 -0.1281841 -0.4454932 0.8860614 -0.1287863 -0.4437488 0.8868491 -0.131334 -0.3957447 0.9089211 -0.131795 -0.3995495 0.9071881 -0.1198819 0.9731944 0.1962682 -0.1194427 0.9733663 0.195682 -0.9901278 -0.06977552 -0.1215661 -0.990266 -0.06823903 -0.1213124 -0.6694223 -0.5765193 -0.4685077 -0.6711618 -0.5741152 -0.4689708 -0.8253939 0.5554746 -0.100861 -0.8242697 0.5572232 -0.1004089 0.392836 -0.7952864 -0.4617354 0.39192 -0.7966017 -0.460244 -0.3463635 0.02063673 0.9378734 -0.3474961 0.02061808 0.9374548 0.9536634 0.2126663 0.2128363 0.9539414 0.2111503 0.2130997 9.14286e-4 -0.9999996 1.93756e-4 0.001208543 -0.9999993 -6.27223e-5 0.001077055 -0.9999995 -1.78312e-4 0.001259565 -0.9999992 -1.77332e-4 0.001271247 -0.9999993 -1.38532e-4 0.001345276 -0.9999992 -8.58116e-5 0.001416206 -0.999999 -1.48473e-4 0.00121957 -0.9999994 -6.4125e-5 0.001078486 -0.9999994 -1.7695e-4 0.001262366 -0.9999993 -1.71131e-4 0.001272261 -0.9999993 -1.38254e-4 0.00134027 -0.9999991 -7.90211e-5 0.00130403 -0.9999992 -7.39442e-5 0.001340031 -0.9999992 -7.8043e-5 0.001294672 -0.9999992 2.08045e-5 0.001303255 -0.9999992 -7.39308e-5 0.001342117 -0.9999991 -7.81003e-5 0.00129497 -0.9999992 2.42564e-5 0.001331686 -0.9999991 -8.4461e-5 0.001309216 -0.9999992 -7.5778e-5 0.001312911 -0.9999992 -9.76338e-5 0.001318037 -0.9999992 -8.60053e-5 0.9760069 5.49981e-4 0.2177389 0.9760097 5.60154e-4 0.2177267 -0.646182 -0.05636614 0.7610991 -0.6463902 -0.0575897 0.7608307 0.2357601 0.9698102 -0.06233382 0.2370713 0.9694753 -0.06256955 0.4178333 -0.5899711 -0.6909049 0.4189369 -0.5877529 -0.692126 0.9329094 0.06856715 0.3535235 0.9328716 0.06896901 0.3535447 0.001716256 -0.9999985 -2.17979e-4 0.001275658 -0.9999993 7.23169e-6 0.00144279 -0.999999 8.68987e-5 0.0011518 -0.9999994 -2.32567e-4 0.001343488 -0.9999991 0 0.001266598 -0.9999992 5.80011e-5 0.001447916 -0.999999 1.45494e-5 0.001619875 -0.9999988 -2.91201e-5 0.001414656 -0.999999 5.79347e-5 0.001472115 -0.999999 2.60432e-4 0.001303493 -0.9999991 -3.46735e-4 0.001455724 -0.999999 -2.89115e-4 0.00126034 -0.9999993 0 0.001292943 -0.9999992 -3.82089e-5 0.001343488 -0.9999991 -1.45086e-4 0.001425206 -0.9999991 -4.08135e-5 0.001302957 -0.9999992 -2.29169e-5 0.001303315 -0.9999992 3.05632e-5 0.001310348 -0.9999992 -4.72783e-6 0.00131005 -0.9999992 -8.27121e-6 0.001310288 -0.9999992 -9.45291e-6 0.001310169 -0.9999992 -7.8789e-6 0.7431258 0.4218556 0.5194246 0.7433312 0.4209559 0.5198605 -0.505185 0.7879018 -0.3521349 -0.5043374 0.7888039 -0.3513296 -0.8219341 0.5606389 -0.1005408 -0.820735 0.5623443 -0.1008129 -0.9247366 0.162692 0.3440836 -0.924791 0.1618276 0.344345 -0.8288044 -0.3772021 -0.4132819 -0.8288324 -0.3771096 -0.4133101 0.1162047 -0.5990647 -0.7922235 0.1159125 -0.5997964 -0.7917125 -0.697535 0.01966291 -0.7162809 -0.6971311 0.01967233 -0.7166738 0.004472076 0.9745178 0.2242657 0.004485487 0.974497 0.2243558 -0.7709776 0.5663689 -0.2912385 -0.7709481 0.5664101 -0.2912364 -0.6449091 -3.23938e-4 -0.7642592 -0.6449075 -3.23938e-4 -0.7642605 -0.001491904 0.9999989 -3.79895e-4 -0.001570343 0.9999988 -2.16768e-4 -0.001366376 0.9999992 1.01908e-5 -0.001349687 0.9999992 8.12684e-5 -0.001010179 0.9999995 -2.15942e-4 -0.001380681 0.9999991 1.61992e-4 -0.001277029 0.9999993 -5.40786e-5 -0.001233994 0.9999992 1.62699e-4 -8.60245e-4 0.9999997 4.05707e-5 -0.001390814 0.9999991 2.70894e-5 -0.001009106 0.9999995 -3.24791e-4 -0.001249909 0.9999993 -1.08846e-4 -0.001339554 0.9999991 -2.85603e-5 -0.001323997 0.9999992 2.13907e-5 -0.001367866 0.9999991 5.70927e-5 -0.001220822 0.9999994 1.42507e-4 -0.001229822 0.9999993 -7.12503e-6 -0.001288771 0.9999992 -2.85155e-5 -0.001306056 0.9999992 2.48216e-5 -0.00132668 0.9999992 -4.41538e-6 -0.0012905 0.9999992 -4.41487e-6 -0.001325249 0.9999992 1.76587e-5 -0.9291729 -0.3696324 -0.003117918 -0.9292082 -0.3695436 -0.003121852 -0.8989233 -0.2824589 0.3348939 -0.8988958 -0.2826051 0.3348442 -0.7637138 0.645555 0 -0.7637081 0.6455618 0 0.9950219 -0.09960293 0.003251373 0.9950929 -0.0988906 0.003291666 -0.9911147 -0.05384707 -0.1216224 -0.9911084 -0.05413091 -0.1215492 -0.2357928 -0.9698092 0.0622248 -0.235237 -0.9699508 0.06212103 0.7696395 0.5678576 0.2918781 0.7697688 0.5676804 0.2918817 0.859412 0.5112757 0.002893984 0.8598211 0.5105876 0.002824902 0.9777494 0.2097527 0.003181099 0.9777703 0.2096545 0.003185212 -0.1141057 -0.5986976 -0.7928059 -0.1137813 -0.5995088 -0.7922393 0.6477279 6.57075e-4 -0.7618716 0.6473295 3.25224e-4 -0.7622103 -0.8696833 -0.3725751 0.3237884 -0.8698907 -0.3721103 0.3237656 0.2182595 0.02105373 0.9756637 0.2178288 0.02106016 0.9757598 -0.1364567 -0.3040844 -0.9428215 -0.136229 -0.3030922 -0.9431738 -0.1448921 0 0.9894475 -0.1448001 -1.39323e-4 0.989461 -0.244167 -0.9697329 -8.04065e-4 -0.2452078 -0.9694702 -8.31288e-4 -0.4090108 0.1741412 -0.8957595 -0.4091045 0.174614 -0.8956247 0.1392613 0.2305083 0.9630536 0.1392108 0.2301153 0.9631549 0.1283183 0.4436354 -0.8869736 0.1283825 0.443458 -0.887053 0.8198901 3.72658e-4 0.5725209 0.8198809 3.72774e-4 0.5725342 0.9123274 0.01997053 -0.4089742 0.9121855 0.019966 -0.4092909 -0.1435783 -6.4648e-5 -0.989639 -0.143662 -9.76629e-5 -0.9896268 -0.9670409 -5.44719e-4 0.2546206 -0.9670404 -5.44722e-4 0.2546223 -0.001354873 0.9999992 8.61349e-5 -0.001319944 0.9999992 1.62348e-4 -0.001386284 0.9999991 -1.57644e-4 -0.001381158 0.9999991 7.49252e-5 -0.001310169 0.9999992 8.10411e-5 -0.001305878 0.9999992 1.15471e-4 -0.001305878 0.9999992 8.39038e-5</float_array>
          <technique_common>
            <accessor source="#Dramikom_drm_h_drm_l_l_002-mesh-normals-array" count="2532" stride="3">
              <param name="X" type="float"/>
              <param name="Y" type="float"/>
              <param name="Z" type="float"/>
            </accessor>
          </technique_common>
        </source>
        <source id="Dramikom_drm_h_drm_l_l_002-mesh-map-0">
          <float_array id="Dramikom_drm_h_drm_l_l_002-mesh-map-0-array" count="16626">0.01060581 0.1785051 0.01060301 0.1766545 0.01083761 0.1766657 0.01060581 0.1785051 0.01083761 0.1766657 0.01084047 0.1785498 0.1865316 0.919306 0.2319573 0.9286056 0.01370096 0.9286055 0.01364511 0.7837963 0.2319015 0.7837963 0.1864812 0.7930958 0.01364511 0.7837963 0.1864812 0.7930958 0.02297067 0.7930958 0.02302098 0.919306 0.1865316 0.919306 0.01370096 0.9286055 0.01364511 0.7837963 0.02297067 0.7930958 0.02302098 0.919306 0.01370096 0.9286055 0.01364511 0.7837963 0.02302098 0.919306 0.9721197 0.2777101 0.9696084 0.2788255 0.9696084 0.1456048 0.9721197 0.2777101 0.9696084 0.1456048 0.9721197 0.1444894 0.3557375 0.3739601 0.3539162 0.3738902 0.3539162 0.3712869 0.3557375 0.3739601 0.3539162 0.3712869 0.3557375 0.3713575 0.002177596 0.1794772 0.002177596 0.1416521 0.002177596 0.1463065 0.9879023 0.3383933 0.9882138 0.3384268 0.9882249 0.3407135 0.9879023 0.3383933 0.9882249 0.3407135 0.9879134 0.3407023 0.01060664 0.1708589 0.01060664 0.1538348 0.0107966 0.1536614 0.01060664 0.1708589 0.0107966 0.1536614 0.0107966 0.1710323 0.9742426 0.3001816 0.9696449 0.299152 0.9696452 0.2915577 0.002773463 0.3538644 0.002172827 0.3538058 0.002172827 0.3423641 0.002773463 0.3538644 0.002172827 0.3423641 0.002772033 0.3424214 0.9805897 0.3378117 0.9805897 0.3250016 0.9840872 0.3340198 0.9974765 0.170727 0.9974765 0.1735678 0.9957026 0.1735779 0.9974765 0.170727 0.9957026 0.1735779 0.9956998 0.1707372 0.8078882 0.2913684 0.8078659 0.2906939 0.8103678 0.29061 0.8078882 0.2913684 0.8103678 0.29061 0.810379 0.2912847 0.9764755 0.2714637 0.9771788 0.2714357 0.9771828 0.2736999 0.9764755 0.2714637 0.9771828 0.2736999 0.9764794 0.2737168 0.3655669 0.3919722 0.3655844 0.3921706 0.36361 0.3919351 0.3655669 0.3919722 0.36361 0.3919351 0.3636482 0.3917436 0.2305661 0.3977004 0.2305661 0.3996124 0.230304 0.3996377 0.2305661 0.3977004 0.230304 0.3996377 0.2303041 0.3977563 0.3080101 0.3130809 0.3079932 0.3133854 0.293021 0.3133854 0.3080101 0.3130809 0.293021 0.3133854 0.2930377 0.3130809 0.9696452 0.2915577 0.9696449 0.299152 0.965445 0.2990587 0.9696452 0.2915577 0.965445 0.2990587 0.965444 0.2843896 0.2879175 0.4035007 0.2860725 0.4035007 0.2860893 0.4031488 0.2879175 0.4035007 0.2860893 0.4031488 0.287951 0.4031502 0.3571331 0.3392878 0.3571331 0.347224 0.3550952 0.3473429 0.3550952 0.3313977 0.3680025 0.3306484 0.3680012 0.3331461 0.3638277 0.3361093 0.3638277 0.3388978 0.3571331 0.3392878 0.3550952 0.3313977 0.3680012 0.3331461 0.3638277 0.3361093 0.3571331 0.3392878 0.3550952 0.3473429 0.3550952 0.3313977 0.3571331 0.3392878 0.3550952 0.3313977 0.3638277 0.3361093 0.9869126 0.3384156 0.9869238 0.3407079 0.98665 0.3407247 0.9869126 0.3384156 0.98665 0.3407247 0.9866392 0.3384605 0.3539249 0.3130826 0.3675069 0.3131273 0.3675069 0.3280998 0.3539249 0.3130826 0.3675069 0.3280998 0.3539249 0.328055 0.7585147 0.2986446 0.7586349 0.2956416 0.7737749 0.2956416 0.7585147 0.2986446 0.7737749 0.2956416 0.7736546 0.2986446 0.002173602 0.3196957 0.002269208 0.1910384 0.008958041 0.1910384 0.002173602 0.3196957 0.008958041 0.1910384 0.008867383 0.3130137 0.063708 0.3196957 0.002173602 0.3196957 0.008867383 0.3130137 0.9825227 0.3130137 0.9826136 0.1910383 0.989302 0.1910383 0.063708 0.3196957 0.008867383 0.3130137 0.07040166 0.3130137 0.063708 0.3196957 0.07040166 0.3130137 0.0703063 0.4410201 0.9825227 0.3130137 0.989302 0.1910383 0.9892063 0.3196957 0.06361258 0.4477022 0.063708 0.3196957 0.0703063 0.4410201 0.3613519 0.4477022 0.06361258 0.4477022 0.0703063 0.4410201 0.9695456 0.3130137 0.9825227 0.3130137 0.9892063 0.3196957 0.9695456 0.3130137 0.9892063 0.3196957 0.9762295 0.3196957 0.9694178 0.4846433 0.9695456 0.3130137 0.9762295 0.3196957 0.3613519 0.4477022 0.0703063 0.4410201 0.3680456 0.4410201 0.3613519 0.4477022 0.3680456 0.4410201 0.3680135 0.4846433 0.9694178 0.4846433 0.9762295 0.3196957 0.9761016 0.4913253 0.3613195 0.4913254 0.3613519 0.4477022 0.3680135 0.4846433 0.3680135 0.4846433 0.9694178 0.4846433 0.9761016 0.4913253 0.3680135 0.4846433 0.9761016 0.4913253 0.3613195 0.4913254 0.8437579 0.2694956 0.8440654 0.2773215 0.7506756 0.2773216 0.8437579 0.2694956 0.7506756 0.2773216 0.7503653 0.2694956 0.9773599 0.07552385 0.9751209 0.0755428 0.9751209 0.06903231 0.9773599 0.07552385 0.9751209 0.06903231 0.9773613 0.06901407 0.9875318 0.3263013 0.9891617 0.3262636 0.9891617 0.329182 0.9875318 0.3263013 0.9891617 0.329182 0.9875318 0.3292198 0.2273822 0.4109503 0.2273821 0.4091222 0.2275916 0.409139 0.2273822 0.4109503 0.2275916 0.409139 0.2275917 0.4109168 0.8748675 0.09728986 0.669431 0.09728991 0.6694366 0.09225594 0.8748675 0.09728986 0.6694366 0.09225594 0.8748732 0.09225589 0.2578241 0.3886594 0.2578227 0.3903422 0.2563003 0.3903366 0.2578241 0.3886594 0.2563003 0.3903366 0.2563003 0.3886538 0.8127467 0.2910402 0.810379 0.2912847 0.8103678 0.29061 0.8127467 0.2910402 0.8103678 0.29061 0.812744 0.2903642 0.3495661 0.4111602 0.3471022 0.411258 0.3471022 0.3132529 0.3495661 0.4111602 0.3471022 0.3132529 0.349566 0.3131551 0.9654433 0.1420392 0.9696084 0.1456048 0.9696084 0.2788255 0.9654433 0.1420392 0.9696084 0.2788255 0.9654433 0.2795748 0.9776617 0.9022665 0.9768454 0.7788553 0.9831743 0.7721733 0.9776617 0.9022665 0.9831743 0.7721733 0.9840465 0.9023447 0.7678858 0.3043648 0.7678855 0.3062532 0.6518589 0.305918 0.7678858 0.3043648 0.6518589 0.305918 0.6518589 0.3046106 0.00851792 0.7788554 0.002189099 0.7721734 0.9831743 0.7721733 0.00851792 0.7788554 0.9831743 0.7721733 0.9768454 0.7788553 0.9578093 0.9427183 0.005467176 0.9427184 0.002971947 0.9348785 0.9578093 0.9427183 0.002971947 0.9348785 0.9603309 0.9348771 0.9603955 0.118889 0.9233979 0.118889 0.9237222 0.1137741 0.9603955 0.118889 0.9237222 0.1137741 0.9604346 0.1137741 0.285777 0.3771296 0.2857854 0.3790473 0.2854837 0.3790529 0.285777 0.3771296 0.2854837 0.3790529 0.2854767 0.3771072 0.9730192 0.04653835 0.01945161 0.04653841 0.01951861 0.002184689 0.9730192 0.04653835 0.01951861 0.002184689 0.9730975 0.002186059 0.0147497 0.752158 0.9742884 0.7521579 0.9864988 0.7650192 0.0147497 0.752158 0.9864988 0.7650192 0.002561628 0.7650192 0.9485251 0.1416578 0.9485251 0.2605952 0.940685 0.2606288 0.9485251 0.1416578 0.940685 0.2606288 0.940685 0.1416914 0.9882138 0.3431064 0.9879023 0.343112 0.9879134 0.3407023 0.9882138 0.3431064 0.9879134 0.3407023 0.9882249 0.3407135 0.2990726 0.3850908 0.2986491 0.3851075 0.2986424 0.3828657 0.2990726 0.3850908 0.2986424 0.3828657 0.2990658 0.3827705 0.3019968 0.3684482 0.3019968 0.3707796 0.3013739 0.3708635 0.3019968 0.3684482 0.3013739 0.3708635 0.3013739 0.3684874 0.9153759 0.1081785 0.9153758 0.1059504 0.9179766 0.1059587 0.9153759 0.1081785 0.9179766 0.1059587 0.9179768 0.1081867 0.8103258 0.2929258 0.8079721 0.2930055 0.8079441 0.2925487 0.8103258 0.2929258 0.8079441 0.2925487 0.8103594 0.2924677 0.981291 0.3729906 0.980939 0.3730241 0.9809334 0.3711624 0.981291 0.3729906 0.9809334 0.3711624 0.9812868 0.3711512 0.3103191 0.3167915 0.3103191 0.3610964 0.2185562 0.398694 0.3103191 0.3167915 0.2185562 0.398694 0.2185562 0.3131683 0.2807813 0.3821393 0.2806256 0.3844455 0.2801409 0.3843449 0.2807813 0.3821393 0.2801409 0.3843449 0.2802918 0.3821141 0.2831717 0.3945555 0.2835083 0.3945359 0.2835083 0.3964536 0.2831717 0.3945555 0.2835083 0.3964536 0.2831717 0.3964759 0.2729777 0.3884274 0.2723058 0.3885168 0.2723058 0.3862637 0.2729777 0.3884274 0.2723058 0.3862637 0.2729778 0.3861995 0.976478 0.2235786 0.976478 0.2084833 0.978035 0.2084833 0.976478 0.2235786 0.978035 0.2084833 0.9780349 0.2235842 0.2634016 0.3859397 0.2640273 0.3859922 0.2640273 0.3882537 0.2634016 0.3859397 0.2640273 0.3882537 0.2634016 0.3881573 0.3652103 0.3878172 0.3648556 0.3877837 0.364857 0.3860058 0.3652103 0.3878172 0.364857 0.3860058 0.3652103 0.3860561 0.07468217 0.4351139 0.367504 0.4351124 0.3674984 0.4378682 0.07468217 0.4351139 0.3674984 0.4378682 0.07467657 0.4378682 0.0344538 0.3711996 0.03655451 0.3711951 0.03655451 0.3738008 0.0344538 0.3711996 0.03655451 0.3738008 0.0344538 0.3738054 0.2693115 0.1154974 0.2693227 0.1179655 0.13981 0.1179655 0.2693115 0.1154974 0.13981 0.1179655 0.1397989 0.1154974 0.03488677 0.3971311 0.03457665 0.3972206 0.03427773 0.394727 0.03488677 0.3971311 0.03427773 0.394727 0.03460174 0.3947326 0.3240547 0.3131007 0.3288316 0.3131287 0.3288316 0.4108851 0.3240547 0.3131007 0.3288316 0.4108851 0.3240548 0.4140159 0.7316378 0.08063346 0.9462433 0.08063346 0.9462377 0.08566743 0.7316378 0.08063346 0.9462377 0.08566743 0.7316322 0.08566743 0.9805385 0.3828071 0.9810301 0.3808056 0.9811977 0.3808727 0.9805385 0.3828071 0.9811977 0.3808727 0.9807229 0.3828266 0.3359333 0.4116612 0.3331817 0.4117701 0.3331817 0.3132646 0.3359333 0.4116612 0.3331817 0.3132646 0.3359333 0.3131557 0.03460174 0.3947326 0.03427773 0.394727 0.03457665 0.392267 0.03460174 0.3947326 0.03457665 0.392267 0.03488677 0.3923677 0.7756121 0.7844738 0.7927535 0.8245965 0.7904667 0.8300055 0.7756121 0.7844738 0.7904667 0.8300055 0.7733253 0.7898828 0.005775034 0.3633257 0.004998445 0.3651063 0.00483644 0.3649834 0.005775034 0.3633257 0.00483644 0.3649834 0.005590677 0.3632473 0.993469 0.4504607 0.9935585 0.3305191 0.9955936 0.3305191 0.02184295 0.4524943 0.02194356 0.330519 0.02397865 0.330519 0.02184295 0.4524943 0.02397865 0.330519 0.02388918 0.4504606 0.08338725 0.4524943 0.02184295 0.4524943 0.02388918 0.4504606 0.993469 0.4504607 0.9955936 0.3305191 0.9955042 0.4524943 0.993469 0.4504607 0.9955042 0.4524943 0.9825277 0.4524943 0.08338725 0.4524943 0.02388918 0.4504606 0.08542233 0.4504606 0.9804926 0.4504607 0.993469 0.4504607 0.9825277 0.4524943 0.980364 0.6220875 0.9804926 0.4504607 0.9825277 0.4524943 0.08328658 0.5804979 0.08338725 0.4524943 0.08542233 0.4504606 0.08328658 0.5804979 0.08542233 0.4504606 0.08532166 0.5784643 0.3810228 0.5804979 0.08328658 0.5804979 0.08532166 0.5784643 0.980364 0.6220875 0.9825277 0.4524943 0.9823991 0.6241212 0.3810228 0.5804979 0.08532166 0.5784643 0.3830578 0.5784643 0.3830355 0.6220875 0.980364 0.6220875 0.9823991 0.6241212 0.3810228 0.5804979 0.3830578 0.5784643 0.3830355 0.6220875 0.3830355 0.6220875 0.9823991 0.6241212 0.3809893 0.6241211 0.3809893 0.6241211 0.3810228 0.5804979 0.3830355 0.6220875 0.3427536 0.4148659 0.3402897 0.4149637 0.3402897 0.3132686 0.3427536 0.4148659 0.3402897 0.3132686 0.3427536 0.3131708 0.359094 0.3883834 0.3594062 0.3906902 0.3590775 0.3908267 0.359094 0.3883834 0.3590775 0.3908267 0.3587591 0.3884276 0.4891552 0.08353352 0.4901224 0.08492219 0.4730368 0.08492219 0.4891552 0.08353352 0.4730368 0.08492219 0.4736797 0.08353352 0.0524922 0.3852129 0.0524922 0.3246973 0.05496025 0.3246973 0.0524922 0.3852129 0.05496025 0.3246973 0.05496025 0.3852241 0.2935341 0.3741568 0.2935341 0.3767622 0.291763 0.3767365 0.2935341 0.3741568 0.291763 0.3767365 0.291763 0.3741312 0.03699803 0.3610622 0.036776 0.3593009 0.03698772 0.3592509 0.03699803 0.3610622 0.03698772 0.3592509 0.03722155 0.3610652 0.2909061 0.3829804 0.2909092 0.3853005 0.2903741 0.3852892 0.2909061 0.3829804 0.2903741 0.3852892 0.2903709 0.3829075 0.9774549 0.06269395 0.9774549 0.00217843 0.9802093 0.00217843 0.9774549 0.06269395 0.9802093 0.00217843 0.9802107 0.06270527 0.9945245 0.2871164 0.9972761 0.2870078 0.9972761 0.3204079 0.9945245 0.2871164 0.9972761 0.3204079 0.9945245 0.3205165 0.5983991 0.07946622 0.5943262 0.08357405 0.594315 0.07060611 0.5983991 0.07946622 0.594315 0.07060611 0.5983879 0.06649845 0.3621606 0.3559181 0.3615517 0.3558567 0.3615517 0.3534805 0.3621606 0.3559181 0.3615517 0.3534805 0.3621606 0.3535867 0.3076004 0.06610602 0.4464734 0.06610602 0.4451553 0.09945684 0.3076004 0.06610602 0.4451553 0.09945684 0.3062824 0.0994569 0.3658821 0.3486778 0.3658821 0.3421604 0.3679549 0.3421522 0.3658821 0.3486778 0.3679549 0.3421522 0.3679549 0.3486695 0.6652228 0.4608224 0.3724009 0.4608224 0.3724066 0.4583544 0.6652228 0.4608224 0.3724066 0.4583544 0.6652284 0.4583557 0.9763892 0.0994358 0.8796252 0.0994358 0.8793401 0.09225654 0.9763892 0.0994358 0.8793401 0.09225654 0.9761069 0.09225654 0.4404807 0.914825 0.4405086 0.8787721 0.4452385 0.7837848 0.2362517 0.9194817 0.2410096 0.7884416 0.2409202 0.914825 0.4404807 0.914825 0.4452385 0.7837848 0.4451379 0.9194817 0.2362517 0.9194817 0.2409202 0.914825 0.4404807 0.914825 0.4451379 0.9194817 0.2362517 0.9194817 0.4404807 0.914825 0.9809184 0.3828407 0.9809184 0.3847695 0.9807229 0.3848086 0.9809184 0.3828407 0.9807229 0.3848086 0.9807229 0.3828266 0.9878892 0.9494061 0.9847583 0.953479 0.005562126 0.9534791 0.9878892 0.9494061 0.005562126 0.9534791 0.002554237 0.9494062 0.9225294 0.2708491 0.9210045 0.2708548 0.9210157 0.2695026 0.9225294 0.2708491 0.9210157 0.2695026 0.9225406 0.2695026 0.2635545 0.4027134 0.2635545 0.4007622 0.2637528 0.4008069 0.2635545 0.4027134 0.2637528 0.4008069 0.2637528 0.4027078 0.4499224 0.08935028 0.6651095 0.08935028 0.6649138 0.09424167 0.4499224 0.08935028 0.6649138 0.09424167 0.4497212 0.09424167 0.8185635 0.3068289 0.8185677 0.3043608 0.8313302 0.3043622 0.8185635 0.3068289 0.8313302 0.3043622 0.8313264 0.3068289 0.3146729 0.3133553 0.3196956 0.3131569 0.3196957 0.417052 0.3146729 0.3133553 0.3196957 0.417052 0.3146729 0.4172505 0.3674444 0.3917289 0.3675123 0.39192 0.3655844 0.3921706 0.3674444 0.3917289 0.3655844 0.3921706 0.3655669 0.3919722 0.6431565 0.3006705 0.6429581 0.2956478 0.7539843 0.2956477 0.6431565 0.3006705 0.7539843 0.2956477 0.7541828 0.3006705 0.9610798 0.274153 0.9610785 0.4709516 0.8487366 0.4663839 0.9610798 0.274153 0.8487366 0.4663839 0.8487365 0.2695853 0.2997867 0.1174727 0.2932699 0.1174727 0.2932932 0.1154921 0.2997867 0.1174727 0.2932932 0.1154921 0.2998097 0.1154921 0.9626014 0.05941033 0.9020803 0.05941033 0.902097 0.05156898 0.9626014 0.05941033 0.902097 0.05156898 0.9626125 0.05156898 0.7733253 0.7898828 0.4995908 0.9069268 0.5018776 0.9015178 0.7733253 0.7898828 0.5018776 0.9015178 0.7756121 0.7844738 0.968499 0.05502378 0.9685032 0.05318713 0.9714224 0.05317318 0.968499 0.05502378 0.9714224 0.05317318 0.9714183 0.0550127 0.988681 0.3385387 0.9886917 0.3407638 0.9884902 0.3407359 0.988681 0.3385387 0.9884902 0.3407359 0.9884794 0.3384771 0.7752267 0.2890639 0.6429117 0.2890639 0.6428897 0.2840301 0.7752267 0.2890639 0.6428897 0.2840301 0.775205 0.2840301 0.9191491 0.1150602 0.3063185 0.1150602 0.3063226 0.1125935 0.9191491 0.1150602 0.3063226 0.1125935 0.9191533 0.1125922 0.5899378 0.06610304 0.5899586 0.07885676 0.4509398 0.07885682 0.5899378 0.06610304 0.4509398 0.07885682 0.4509191 0.0661031 0.8103426 0.2899158 0.8103678 0.29061 0.8078659 0.2906939 0.8103426 0.2899158 0.8078659 0.2906939 0.8078491 0.2899996 0.1354178 0.1174223 0.01955127 0.1168245 0.01953446 0.1154948 0.1354178 0.1174223 0.01953446 0.1154948 0.1353941 0.1154948 0.3726317 0.3130775 0.8443697 0.3130775 0.8441419 0.4519998 0.3726317 0.3130775 0.8441419 0.4519998 0.3724052 0.4519998 0.3675192 0.3627136 0.3675227 0.3608357 0.3678845 0.360849 0.3675192 0.3627136 0.3678845 0.360849 0.3678808 0.3627074 0.9669752 0.05503225 0.968499 0.05502378 0.9714183 0.0550127 0.9714183 0.0550127 0.9714224 0.05695259 0.9669793 0.05697214 0.9714183 0.0550127 0.9669793 0.05697214 0.9669752 0.05503225 0.006845653 0.5822388 0.1471965 0.5870022 0.002186119 0.586896 0.002186119 0.586896 0.002186119 0.3686844 0.006845653 0.3733528 0.006845653 0.5822388 0.002186119 0.586896 0.006845653 0.3733528 0.9600753 0.264886 0.9528819 0.2649171 0.9528819 0.1416835 0.9600753 0.264886 0.9528819 0.1416835 0.9600753 0.1416524 0.8977162 0.0594154 0.3062427 0.0594154 0.3062559 0.05157405 0.8977162 0.0594154 0.3062559 0.05157405 0.8977288 0.05157405 0.8078882 0.2913684 0.810379 0.2912847 0.8103761 0.2919132 0.8078882 0.2913684 0.8103761 0.2919132 0.8079135 0.2919957 0.003410339 0.3424242 0.004043102 0.3423696 0.004044473 0.3538127 0.003410339 0.3424242 0.004044473 0.3538127 0.003411769 0.3538672 0.9855616 0.3510797 0.9861623 0.3511371 0.9861623 0.3625788 0.9855616 0.3510797 0.9861623 0.3625788 0.9855616 0.3625201 0.6256133 0.2497849 0.9234166 0.2497849 0.6256133 0.2497849 0.9849162 0.1219573 0.9848714 0.002180576 0.9977639 0.002180576 0.9362644 0.1348214 0.9363203 0.2626491 0.638517 0.2626491 0.01521331 0.1348214 0.002231299 0.1348214 0.00217545 0.002180635 0.00217545 0.002180635 0.01507908 0.002180635 0.01512384 0.1219574 0.01512384 0.1219574 0.02809464 0.1219574 0.02816176 0.2933496 0.6256245 0.2933496 0.6256133 0.2497849 0.6256133 0.2497849 0.9849162 0.1219573 0.9977639 0.002180576 0.9978199 0.1348214 0.9849162 0.1219573 0.9978199 0.1348214 0.9362644 0.1348214 0.01521331 0.1348214 0.00217545 0.002180635 0.01512384 0.1219574 0.02809464 0.1219574 0.9849162 0.1219573 0.9362644 0.1348214 0.01521331 0.1348214 0.01512384 0.1219574 0.02816176 0.2933496 0.01526927 0.3062137 0.01521331 0.1348214 0.02816176 0.2933496 0.02816176 0.2933496 0.02809464 0.1219574 0.9362644 0.1348214 0.6256133 0.2497849 0.02816176 0.2933496 0.9362644 0.1348214 0.6256133 0.2497849 0.9362644 0.1348214 0.638517 0.2626491 0.01526927 0.3062137 0.02816176 0.2933496 0.6256245 0.2933496 0.6256245 0.2933496 0.6256133 0.2497849 0.638517 0.2626491 0.6385282 0.3062136 0.01526927 0.3062137 0.6256245 0.2933496 0.638517 0.2626491 0.6385282 0.3062136 0.6256245 0.2933496 0.299772 0.1197354 0.2932556 0.1197354 0.2932699 0.1174727 0.299772 0.1197354 0.2932699 0.1174727 0.2997867 0.1174727 0.6449156 0.3078445 0.6449325 0.3081993 0.6428918 0.3081895 0.6449156 0.3078445 0.6428918 0.3081895 0.6428918 0.3078348 0.2349243 0.4089422 0.2347455 0.4089478 0.2347455 0.4066165 0.2349243 0.4089422 0.2347455 0.4066165 0.2349243 0.4066584 0.3655148 0.3878731 0.3655148 0.3861399 0.3657495 0.3862518 0.3655148 0.3878731 0.3657495 0.3862518 0.3657495 0.3879486 0.9866071 0.3453819 0.9866392 0.343084 0.9869126 0.3430952 0.9866071 0.3453819 0.9869126 0.3430952 0.9868802 0.3454266 0.9796799 0.06902384 0.9796785 0.07553434 0.9773599 0.07552385 0.9796799 0.06902384 0.9773599 0.07552385 0.9773613 0.06901407 0.2850753 0.3881316 0.2848518 0.3882029 0.2848518 0.3864822 0.2850753 0.3881316 0.2848518 0.3864822 0.2850753 0.3863747 0.7857572 0.2898316 0.7857069 0.2914589 0.7841848 0.2914602 0.7857572 0.2898316 0.7841848 0.2914602 0.7842351 0.2898316 0.9937556 0.1769411 0.9964933 0.1774387 0.9964933 0.2838218 0.9937556 0.1769411 0.9964933 0.2838218 0.9937556 0.2833243 0.9685032 0.05318713 0.9669793 0.05319273 0.9669919 0.05158543 0.9669919 0.05158543 0.9685158 0.05157983 0.9714336 0.05156862 0.9714336 0.05156862 0.9714224 0.05317318 0.9685032 0.05318713 0.9685032 0.05318713 0.9669919 0.05158543 0.9714336 0.05156862 0.03429412 0.4025915 0.03429412 0.4007018 0.03460001 0.4007577 0.03429412 0.4025915 0.03460001 0.4007577 0.03460001 0.4026195 0.9708724 0.1118202 0.9709206 0.1096922 0.9734516 0.1096938 0.9708724 0.1118202 0.9734516 0.1096938 0.9734048 0.1118218 0.7965949 0.3072652 0.7967011 0.3078848 0.7942607 0.3078848 0.7965949 0.3072652 0.7942607 0.3078848 0.7942048 0.3072652 0.3054819 0.4004688 0.3054819 0.402694 0.305144 0.4027555 0.3054819 0.4004688 0.305144 0.4027555 0.305144 0.4004409 0.7888299 0.2964993 0.7888354 0.2968212 0.7865767 0.2969741 0.7888299 0.2964993 0.7865767 0.2969741 0.7865796 0.2966515 0.3593738 0.3860192 0.359094 0.3883834 0.3587591 0.3884276 0.3593738 0.3860192 0.3587591 0.3884276 0.3590438 0.3859712 0.03945547 0.3912737 0.03945547 0.3891464 0.03999304 0.3892582 0.03945547 0.3912737 0.03999304 0.3892582 0.03999316 0.391447 0.7963805 0.2840183 0.7963485 0.2932711 0.7961674 0.2842524 0.7963805 0.2840183 0.7961674 0.2842524 0.7798281 0.2842517 0.796105 0.302294 0.7963137 0.3025296 0.7795525 0.3025273 0.7797629 0.3022988 0.796105 0.302294 0.7795525 0.3025273 0.7796167 0.2840217 0.7963805 0.2840183 0.7798281 0.2842517 0.7798281 0.2842517 0.7797629 0.3022988 0.7795525 0.3025273 0.7798281 0.2842517 0.7795525 0.3025273 0.7796167 0.2840217 0.04153758 0.3529374 0.04150617 0.3505333 0.04181623 0.3505088 0.04153758 0.3529374 0.04181623 0.3505088 0.04184764 0.3529317 0.7866634 0.2979163 0.7867193 0.2981509 0.7847458 0.2984344 0.7866634 0.2979163 0.7847458 0.2984344 0.7846591 0.2982047 0.05673956 0.4029995 0.05673956 0.4009099 0.05718195 0.4010155 0.05673956 0.4029995 0.05718195 0.4010155 0.05718195 0.403175 0.359302 0.3947203 0.3593006 0.3967694 0.3590673 0.3967806 0.359302 0.3947203 0.3590673 0.3967806 0.3590673 0.394684 0.3671499 0.3608118 0.367291 0.3588427 0.3676637 0.3588751 0.3671499 0.3608118 0.3676637 0.3588751 0.3675227 0.3608357 0.03505671 0.3447192 0.03537166 0.3446857 0.03538697 0.3470646 0.03505671 0.3447192 0.03538697 0.3470646 0.03507184 0.3470814 0.3669315 0.358818 0.367291 0.3588427 0.3671499 0.3608118 0.3669315 0.358818 0.3671499 0.3608118 0.3667904 0.3607787 0.2925208 0.4062564 0.2925208 0.4083866 0.2923308 0.4084033 0.2925208 0.4062564 0.2923308 0.4084033 0.2923308 0.406234 0.135457 0.1191766 0.01957786 0.1180369 0.01955127 0.1168245 0.135457 0.1191766 0.01955127 0.1168245 0.1354178 0.1174223 0.2473989 0.4006367 0.2473989 0.4030575 0.247058 0.403031 0.2473989 0.4006367 0.247058 0.403031 0.247058 0.4007024 0.9675058 0.3057642 0.9674326 0.3056144 0.9696931 0.3047074 0.9675058 0.3057642 0.9696931 0.3047074 0.9697216 0.3048742 0.9764776 0.1852653 0.9780343 0.1852596 0.9780343 0.2017527 0.9764776 0.1852653 0.9780343 0.2017527 0.9764778 0.2017583 0.00483644 0.3575475 0.005015134 0.3574635 0.005685627 0.3593561 0.00483644 0.3575475 0.005685627 0.3593561 0.005490064 0.359384 0.265192 0.4091455 0.2629641 0.4091455 0.2629837 0.4089723 0.265192 0.4091455 0.2629837 0.4089723 0.2651669 0.4089723 0.2920993 0.3977176 0.2900765 0.3979728 0.2900617 0.3977885 0.2920993 0.3977176 0.2900617 0.3977885 0.2920314 0.3975447 0.9870124 0.1859991 0.9870124 0.1794854 0.9891244 0.1794481 0.9870124 0.1859991 0.9891244 0.1794481 0.9891244 0.185962 0.9866071 0.3453819 0.9863958 0.3453316 0.9864273 0.3430673 0.9866071 0.3453819 0.9864273 0.3430673 0.9866392 0.343084 0.9945027 0.1597716 0.9938882 0.1648579 0.9920892 0.1696996 0.9920892 0.1696996 0.989223 0.1739668 0.9854909 0.1773661 0.9854909 0.1773661 0.9811443 0.1796681 0.9764791 0.1807165 0.9764791 0.1807165 0.9764791 0.1417956 0.9811443 0.1420737 0.9811443 0.1420737 0.9854909 0.14366 0.989223 0.1464457 0.989223 0.1464457 0.9920892 0.1502392 0.9938882 0.1547846 0.9938882 0.1547846 0.9945027 0.1597716 0.9920892 0.1696996 0.9920892 0.1696996 0.9854909 0.1773661 0.9764791 0.1807165 0.9764791 0.1807165 0.9811443 0.1420737 0.989223 0.1464457 0.989223 0.1464457 0.9938882 0.1547846 0.9920892 0.1696996 0.9920892 0.1696996 0.9764791 0.1807165 0.989223 0.1464457 0.02833211 0.4406817 0.02833211 0.3247285 0.03032934 0.3247173 0.02833211 0.4406817 0.03032934 0.3247173 0.02971208 0.4406734 0.2960198 0.3888687 0.2960228 0.3911219 0.2957094 0.3911219 0.2960198 0.3888687 0.2957094 0.3911219 0.2957063 0.3888464 0.583439 0.08384943 0.5834396 0.08418661 0.5811328 0.08418256 0.583439 0.08384943 0.5811328 0.08418256 0.5811379 0.08384537 0.987229 0.3383877 0.9872398 0.3406967 0.9869238 0.3407079 0.987229 0.3383877 0.9869238 0.3407079 0.9869126 0.3384156 0.3102149 0.3828657 0.3102149 0.3851971 0.3095395 0.3852474 0.3102149 0.3828657 0.3095395 0.3852474 0.3095395 0.3828825 0.2979266 0.4035862 0.2979251 0.4050677 0.2975732 0.4050286 0.2979266 0.4035862 0.2975732 0.4050286 0.2975732 0.4035359 0.002655506 0.3301995 0.002358257 0.3325769 0.002196311 0.3325888 0.002655506 0.3301995 0.002196311 0.3325888 0.002498924 0.3301611 0.3648667 0.389816 0.3648556 0.3877837 0.3652103 0.3878172 0.3648667 0.389816 0.3652103 0.3878172 0.3652201 0.3898299 0.9852035 0.4006806 0.9852764 0.4002427 0.9875629 0.4002427 0.9852035 0.4006806 0.9875629 0.4002427 0.9874176 0.4006806 0.0430817 0.3482962 0.04311239 0.3463667 0.04332613 0.3464658 0.0430817 0.3482962 0.04332613 0.3464658 0.04329538 0.3483633 0.00321424 0.1860692 0.003142714 0.1859177 0.005507111 0.1853055 0.00321424 0.1860692 0.005507111 0.1853055 0.005530953 0.1854677 0.980939 0.3730241 0.9805606 0.3730354 0.9805549 0.371168 0.980939 0.3730241 0.9805549 0.371168 0.9809334 0.3711624 0.4511895 0.08489668 0.4501187 0.08353102 0.4687811 0.08353102 0.4511895 0.08489668 0.4687811 0.08353102 0.4680933 0.0848965 0.9737763 0.2840284 0.9760502 0.2840315 0.9760502 0.2905452 0.9737763 0.2840284 0.9760502 0.2905452 0.9737763 0.2905423 0.3085384 0.3898168 0.3089583 0.3899956 0.3089583 0.391958 0.3085384 0.3898168 0.3089583 0.391958 0.3085384 0.391712 0.9525526 0.2697681 0.9525658 0.2700768 0.9505048 0.2700503 0.9525526 0.2697681 0.9505048 0.2700503 0.9505237 0.269743 0.03478556 0.3447751 0.03505671 0.3447192 0.03507184 0.3470814 0.03478556 0.3447751 0.03507184 0.3470814 0.03480041 0.3471065 0.9875338 0.3363303 0.9875662 0.3383821 0.987229 0.3383877 0.9875338 0.3363303 0.987229 0.3383877 0.9871962 0.3363415 0.002772033 0.3424214 0.003410339 0.3424242 0.003411769 0.3538672 0.002772033 0.3424214 0.003411769 0.3538672 0.002773463 0.3538644 0.354466 0.4035189 0.3544017 0.4031621 0.3561823 0.4031621 0.354466 0.4035189 0.3561823 0.4031621 0.356241 0.4035189 0.9764171 0.3056344 0.9765172 0.305481 0.9782897 0.3068445 0.9764171 0.3056344 0.9782897 0.3068445 0.978156 0.3069701 0.9654426 0.307032 0.9674326 0.3056144 0.9675058 0.3057642 0.9654426 0.307032 0.9675058 0.3057642 0.9655605 0.3071544 0.5086406 0.0849685 0.4949262 0.08496713 0.4943839 0.0835424 0.5086406 0.0849685 0.4943839 0.0835424 0.5089845 0.0835424 0.7866214 0.2976285 0.788855 0.297477 0.7888717 0.2977675 0.7866214 0.2976285 0.7888717 0.2977675 0.7866634 0.2979163 0.2854837 0.3790529 0.2854865 0.3809761 0.2851359 0.3809985 0.2854837 0.3790529 0.2851359 0.3809985 0.2851331 0.3790584 0.2184543 0.4033691 0.2184543 0.405393 0.2181568 0.405393 0.2184543 0.4033691 0.2181568 0.405393 0.2181553 0.4034026 0.004765331 0.3389852 0.003450155 0.3371233 0.00360614 0.337022 0.004765331 0.3389852 0.00360614 0.337022 0.004893243 0.3388392 0.583434 0.08353489 0.5856902 0.08353292 0.5857063 0.08384782 0.583434 0.08353489 0.5857063 0.08384782 0.583439 0.08384943 0.3088325 0.3804464 0.308447 0.380508 0.308447 0.3659074 0.3088325 0.3804464 0.308447 0.3659074 0.3088339 0.3658459 0.03438472 0.3827729 0.03500413 0.380574 0.03516072 0.3806294 0.03438472 0.3827729 0.03516072 0.3806294 0.03455513 0.3827838 0.2970738 0.411037 0.2968726 0.4110873 0.2968726 0.4091444 0.2970738 0.411037 0.2968726 0.4091444 0.2970738 0.40915 0.2493526 0.3941531 0.2493526 0.3916316 0.2500206 0.391654 0.2493526 0.3941531 0.2500206 0.391654 0.2500206 0.3942047 0.3079932 0.3133854 0.3079878 0.313715 0.2930098 0.313715 0.3079932 0.3133854 0.2930098 0.313715 0.293021 0.3133854 0.9880017 0.4109542 0.9877895 0.4109207 0.9877895 0.4091427 0.9880017 0.4109542 0.9877895 0.4091427 0.9880017 0.4091261 0.2356215 0.400343 0.2356215 0.4025682 0.2352471 0.4026465 0.2356215 0.400343 0.2352471 0.4026465 0.2352471 0.4003318 0.04563391 0.3797629 0.04590177 0.3797517 0.04590696 0.3821837 0.04563391 0.3797629 0.04590696 0.3821837 0.04563951 0.3822229 0.3101901 0.4022212 0.3098353 0.4022617 0.3098353 0.4004572 0.3101901 0.4022212 0.3098353 0.4004572 0.3101915 0.4004349 0.5878056 0.08417719 0.5857178 0.08418476 0.5857063 0.08384782 0.5878056 0.08417719 0.5857063 0.08384782 0.587794 0.08384001 0.9807817 0.4093565 0.9809772 0.409323 0.9809772 0.4113301 0.9807817 0.4093565 0.9809772 0.4113301 0.9807817 0.4113134 0.9805703 0.3654653 0.9809488 0.3654765 0.980939 0.3672544 0.9805703 0.3654653 0.980939 0.3672544 0.9805606 0.3672488 0.04215145 0.3482158 0.04215145 0.3504956 0.04181623 0.3505088 0.04215145 0.3482158 0.04181623 0.3505088 0.04181623 0.3482361 0.7911137 0.2962115 0.7932941 0.2963623 0.7933276 0.2966515 0.7911137 0.2962115 0.7933276 0.2966515 0.7911332 0.2964993 0.3539127 0.3799043 0.3546147 0.3799155 0.3546267 0.3825041 0.3539127 0.3799043 0.3546267 0.3825041 0.3539247 0.3825041 0.9875338 0.3363303 0.9878697 0.336347 0.9879023 0.3383933 0.9875338 0.3363303 0.9879023 0.3383933 0.9875662 0.3383821 0.002655506 0.3301995 0.002498924 0.3301611 0.003360927 0.3278875 0.002655506 0.3301995 0.003360927 0.3278875 0.003500938 0.3279651 0.2696146 0.3830367 0.2697041 0.3828119 0.27151 0.3828105 0.2696146 0.3830367 0.27151 0.3828105 0.2714653 0.3830367 0.3675227 0.3608357 0.3676637 0.3588751 0.3680235 0.3589082 0.3675227 0.3608357 0.3680235 0.3589082 0.3678845 0.360849 0.9809334 0.3711624 0.9805549 0.371168 0.9805563 0.3691944 0.9809334 0.3711624 0.9805563 0.3691944 0.9809334 0.3691944 0.7841541 0.293276 0.7841848 0.2914602 0.7857069 0.2914589 0.7841541 0.293276 0.7857069 0.2914589 0.7856776 0.2932746 0.6448822 0.3075372 0.6428973 0.3075274 0.6428973 0.3072901 0.6448822 0.3075372 0.6428973 0.3072901 0.6448429 0.3072999 0.2517541 0.4035276 0.2517625 0.4031504 0.2538842 0.4031491 0.2517541 0.4035276 0.2538842 0.4031491 0.2538815 0.4035276 0.03507715 0.3495805 0.03480559 0.3495721 0.03480041 0.3471065 0.03507715 0.3495805 0.03480041 0.3471065 0.03507184 0.3470814 0.05789834 0.3905436 0.05791932 0.3925954 0.05754214 0.392601 0.05789834 0.3905436 0.05754214 0.392601 0.05752259 0.3905548 0.360099 0.3836549 0.360099 0.3722146 0.3605054 0.3723684 0.360099 0.3836549 0.3605054 0.3723684 0.3605068 0.3838101 0.9484788 0.2703548 0.948513 0.2700014 0.9505048 0.2700503 0.9484788 0.2703548 0.9505048 0.2700503 0.9504902 0.2704064 0.2903632 0.3912187 0.2903632 0.3894618 0.2905867 0.389568 0.2903632 0.3912187 0.2905867 0.389568 0.2905853 0.3912878 0.2723616 0.3970295 0.2718247 0.3971105 0.2718247 0.3945051 0.2723616 0.3970295 0.2718247 0.3945051 0.2723616 0.3944911 0.03635847 0.3447192 0.03637361 0.3470814 0.03606075 0.3470646 0.03635847 0.3447192 0.03606075 0.3470646 0.03604543 0.3446857 0.2909061 0.3829804 0.2909092 0.3808557 0.2913388 0.3810123 0.2909061 0.3829804 0.2913388 0.3810123 0.2913355 0.3830698 0.930554 0.2693774 0.9326114 0.2679471 0.9328015 0.2682012 0.930554 0.2693774 0.9328015 0.2682012 0.9308056 0.2695868 0.8011246 0.3043575 0.81405 0.3043575 0.814175 0.3074415 0.8011246 0.3043575 0.814175 0.3074415 0.8012489 0.3074415 0.3561149 0.3624708 0.3561149 0.3650763 0.3539136 0.3650866 0.3561149 0.3624708 0.3539136 0.3650866 0.3539136 0.3624812 0.3062694 0.3968443 0.305687 0.3968443 0.305687 0.394661 0.3062694 0.3968443 0.305687 0.394661 0.306268 0.3947196 0.2540016 0.4066202 0.2540016 0.4088866 0.2538229 0.4088831 0.2540016 0.4066202 0.2538229 0.4088831 0.2538229 0.4066614 0.04588603 0.3862931 0.04561799 0.3863825 0.04563391 0.3844816 0.04588603 0.3862931 0.04563391 0.3844816 0.04590177 0.3844144 0.2735902 0.3882876 0.2729777 0.3884274 0.2729778 0.3861995 0.2735902 0.3882876 0.2729778 0.3861995 0.2735903 0.3861016 0.7722458 0.3072753 0.7872406 0.3072753 0.7872461 0.3076021 0.7722458 0.3072753 0.7872461 0.3076021 0.7722513 0.3076021 0.2791666 0.4089623 0.2815148 0.4089608 0.2815427 0.4091243 0.2791666 0.4089623 0.2815427 0.4091243 0.2791498 0.4091243 0.04563951 0.3822229 0.04590696 0.3821837 0.04590177 0.3844144 0.04563951 0.3822229 0.04590177 0.3844144 0.04563391 0.3844816 0.8078882 0.2913684 0.8079135 0.2919957 0.8054953 0.2919132 0.8078882 0.2913684 0.8054953 0.2919132 0.8054422 0.2912847 0.7888326 0.2959769 0.786627 0.2961255 0.786669 0.2959581 0.7888326 0.2959769 0.786669 0.2959581 0.7888411 0.2958113 0.2646091 0.3921396 0.2668585 0.3917827 0.2669193 0.3919456 0.2646091 0.3921396 0.2669193 0.3919456 0.2646251 0.3923074 0.980575 0.3596492 0.980575 0.3450487 0.9812118 0.3450375 0.980575 0.3596492 0.9812118 0.3450375 0.9812118 0.359638 0.03455513 0.3827838 0.03455871 0.3849753 0.03439122 0.3850093 0.03455513 0.3827838 0.03439122 0.3850093 0.03438472 0.3827729 0.9868802 0.3363861 0.9869126 0.3384156 0.9866392 0.3384605 0.9868802 0.3363861 0.9866392 0.3384605 0.9866074 0.3364589 0.3678808 0.3627074 0.3678845 0.360849 0.3682098 0.3608538 0.3678808 0.3627074 0.3682098 0.3608538 0.3682056 0.3626815 0.00607109 0.3613549 0.00588119 0.3613269 0.005685627 0.3593561 0.00607109 0.3613549 0.005685627 0.3593561 0.005870044 0.359331 0.5789546 0.08417248 0.5811328 0.08418256 0.5811389 0.08451902 0.5789546 0.08417248 0.5811389 0.08451902 0.5789608 0.08450967 0.04218357 0.3462409 0.04215145 0.3482158 0.04181623 0.3482361 0.04218357 0.3462409 0.04181623 0.3482361 0.04184764 0.346266 0.01931995 0.3258444 0.01666158 0.3258444 0.01672297 0.325231 0.01931995 0.3258444 0.01672297 0.325231 0.01933115 0.3252312 0.2801409 0.3776694 0.2806256 0.3775435 0.2807813 0.3797855 0.2801409 0.3776694 0.2807813 0.3797855 0.2802918 0.3798358 0.9545121 0.2697681 0.9544506 0.2695292 0.9561706 0.2695041 0.9545121 0.2697681 0.9561706 0.2695041 0.9562698 0.269743 0.3541278 0.3945254 0.3543963 0.3944751 0.3543963 0.3966332 0.3541278 0.3945254 0.3543963 0.3966332 0.3541278 0.3966556 0.9807937 0.4054282 0.980528 0.4054309 0.980528 0.4035496 0.9807937 0.4054282 0.980528 0.4035496 0.9807934 0.403586 0.2877441 0.4086866 0.2877441 0.4069144 0.2879788 0.4068416 0.2877441 0.4086866 0.2879788 0.4068416 0.2879774 0.4086586 0.9884902 0.3407359 0.9882249 0.3407135 0.9882138 0.3384268 0.9884902 0.3407359 0.9882138 0.3384268 0.9884794 0.3384771 0.04170107 0.3608232 0.04211378 0.3606275 0.04208242 0.3627869 0.04170107 0.3608232 0.04208242 0.3627869 0.04167103 0.3629128 0.3626357 0.365108 0.360468 0.3650973 0.360468 0.362493 0.3626357 0.365108 0.360468 0.362493 0.3626357 0.3625039 0.9875774 0.3406967 0.9879134 0.3407023 0.9879023 0.343112 0.9875774 0.3406967 0.9879023 0.343112 0.9875662 0.343112 0.006256103 0.1538906 0.006256103 0.1809726 0.002177596 0.1794772 0.006256103 0.1538906 0.002177596 0.1794772 0.002177596 0.1463065 0.9764171 0.3056344 0.9763061 0.3057934 0.9742732 0.3049849 0.9764171 0.3056344 0.9742732 0.3049849 0.9743339 0.3048072 0.9871962 0.3454546 0.9872286 0.3431064 0.9875662 0.343112 0.9871962 0.3454546 0.9875662 0.343112 0.9875335 0.3454657 0.9697216 0.3048742 0.9696931 0.3047074 0.9720678 0.304374 0.9697216 0.3048742 0.9720678 0.304374 0.9720518 0.3045493 0.788827 0.2962115 0.7911137 0.2962115 0.7911332 0.2964993 0.788827 0.2962115 0.7911332 0.2964993 0.7888299 0.2964993 0.03660267 0.3427317 0.03680765 0.3428323 0.03683131 0.3448395 0.03660267 0.3427317 0.03683131 0.3448395 0.03662651 0.3447696 0.9771828 0.2736999 0.9771788 0.2714357 0.9778831 0.2714525 0.9771828 0.2736999 0.9778831 0.2714525 0.9778869 0.2737056 0.2960228 0.3911219 0.2960198 0.3934029 0.2957063 0.3934198 0.2960228 0.3911219 0.2957063 0.3934198 0.2957094 0.3911219 0.01021599 0.1481626 0.007855474 0.1481676 0.007855474 0.141651 0.01021599 0.1481626 0.007855474 0.141651 0.01021599 0.1416461 0.2410096 0.7884416 0.2362517 0.9194817 0.2363525 0.7837848 0.4452385 0.7837848 0.4405086 0.8787721 0.4405757 0.7884415 0.4405757 0.7884415 0.2410096 0.7884416 0.2363525 0.7837848 0.4405757 0.7884415 0.2363525 0.7837848 0.4452385 0.7837848 0.9604346 0.1137741 0.9237222 0.1137741 0.9234035 0.1086516 0.9604346 0.1137741 0.9234035 0.1086516 0.9603983 0.1086516 0.9669919 0.058887 0.9669793 0.05697214 0.9714224 0.05695259 0.9714224 0.05695259 0.9714336 0.05886745 0.9685158 0.05888152 0.9714224 0.05695259 0.9685158 0.05888152 0.9669919 0.058887 0.002358257 0.3325769 0.00263077 0.3349408 0.002474606 0.3349973 0.002358257 0.3325769 0.002474606 0.3349973 0.002196311 0.3325888 0.005775034 0.3633257 0.005590677 0.3632473 0.00588119 0.3613269 0.005775034 0.3633257 0.00588119 0.3613269 0.00607109 0.3613549 0.03572434 0.347059 0.03570896 0.3446745 0.03604543 0.3446857 0.03572434 0.347059 0.03604543 0.3446857 0.03606075 0.3470646 0.3034574 0.3856014 0.3039819 0.383776 0.3041546 0.3838593 0.3034574 0.3856014 0.3041546 0.3838593 0.3036416 0.3856387 0.7865935 0.2973065 0.7888438 0.297155 0.788855 0.297477 0.7865935 0.2973065 0.788855 0.297477 0.7866214 0.2976285 0.28537 0.3862879 0.2857179 0.3862279 0.2857164 0.3880323 0.28537 0.3862879 0.2857164 0.3880323 0.28537 0.3880743 0.9545121 0.2697681 0.9545583 0.2700768 0.9525658 0.2700768 0.9545121 0.2697681 0.9525658 0.2700768 0.9525526 0.2697681 0.6468278 0.3081895 0.646839 0.3085681 0.6449325 0.3085779 0.6468278 0.3081895 0.6449325 0.3085779 0.6449325 0.3081993 0.3541278 0.3945254 0.3539223 0.3945925 0.3539282 0.3927587 0.3541278 0.3945254 0.3539282 0.3927587 0.3541339 0.3926637 0.3036416 0.3856387 0.3036307 0.3875313 0.3034462 0.3875433 0.3036416 0.3856387 0.3034462 0.3875433 0.3034574 0.3856014 0.02197283 0.3252424 0.01933115 0.3252312 0.0193451 0.3247027 0.02197283 0.3252424 0.0193451 0.3247027 0.02191966 0.3247135 0.004721403 0.3259137 0.004839241 0.3260306 0.003500938 0.3279651 0.004721403 0.3259137 0.003500938 0.3279651 0.003360927 0.3278875 0.583439 0.08384943 0.5857063 0.08384782 0.5857178 0.08418476 0.583439 0.08384943 0.5857178 0.08418476 0.5834396 0.08418661 0.04040849 0.405504 0.04010951 0.4054984 0.04010951 0.4034047 0.04040849 0.405504 0.04010951 0.4034047 0.0404098 0.4033767 0.5770449 0.08415812 0.5770611 0.08382081 0.5789597 0.08383572 0.5770449 0.08415812 0.5789597 0.08383572 0.5789546 0.08417248 0.04215145 0.3504956 0.04248946 0.3504942 0.04252088 0.3529171 0.04215145 0.3504956 0.04252088 0.3529171 0.04218357 0.3529248 0.05789834 0.3905436 0.05789971 0.3886259 0.05827826 0.3886371 0.05789834 0.3905436 0.05827826 0.3886371 0.05827826 0.3905492 0.9720518 0.3045493 0.9720678 0.304374 0.9743947 0.3046387 0.9720518 0.3045493 0.9743947 0.3046387 0.9743339 0.3048072 0.03633433 0.3426507 0.03635847 0.3447192 0.03604543 0.3446857 0.03633433 0.3426507 0.03604543 0.3446857 0.03602111 0.3426031 0.6467328 0.3075274 0.6448822 0.3075372 0.6448429 0.3072999 0.6467328 0.3075274 0.6448429 0.3072999 0.6466488 0.3072901 0.04252088 0.3529171 0.04258233 0.3553239 0.04224503 0.3553372 0.04252088 0.3529171 0.04224503 0.3553372 0.04218357 0.3529248 0.04520565 0.39966 0.04520565 0.397787 0.04587852 0.3976976 0.04520565 0.39966 0.04587852 0.3976976 0.04587852 0.3995929 0.03722155 0.3610652 0.03698772 0.3592509 0.03718835 0.3592093 0.03722155 0.3610652 0.03718835 0.3592093 0.03742837 0.3610684 0.9855105 0.3937345 0.9851723 0.3937947 0.9848574 0.3915011 0.9855105 0.3937345 0.9848574 0.3915011 0.9852064 0.3915304 0.04215145 0.3504956 0.04218357 0.3529248 0.04184764 0.3529317 0.04215145 0.3504956 0.04184764 0.3529317 0.04181623 0.3505088 0.9805606 0.3672488 0.980939 0.3672544 0.9809334 0.3691944 0.9805606 0.3672488 0.9809334 0.3691944 0.9805563 0.3691944 0.9810301 0.3867738 0.9805385 0.3848422 0.9807229 0.3848086 0.9810301 0.3867738 0.9807229 0.3848086 0.9811977 0.3866927 0.9879023 0.343112 0.9878697 0.3454602 0.9875335 0.3454657 0.9879023 0.343112 0.9875335 0.3454657 0.9875662 0.343112 0.28537 0.3880743 0.2850753 0.3881316 0.2850753 0.3863747 0.28537 0.3880743 0.2850753 0.3863747 0.28537 0.3862879 0.03944593 0.4091256 0.03964149 0.409148 0.03964149 0.4109762 0.03944593 0.4091256 0.03964149 0.4109762 0.03944593 0.4109985 0.7911276 0.2977668 0.7932802 0.2979163 0.7932243 0.2981509 0.7911276 0.2977668 0.7932243 0.2981509 0.7911053 0.2980043 0.03507715 0.3495805 0.03507184 0.3520405 0.03480041 0.3520041 0.03507715 0.3495805 0.03480041 0.3520041 0.03480559 0.3495721 0.9504852 0.2707849 0.9504902 0.2704064 0.9525734 0.2704316 0.9504852 0.2707849 0.9525734 0.2704316 0.9525741 0.2708114 0.2447192 0.3964 0.244511 0.3964056 0.244514 0.3942139 0.2447192 0.3964 0.244514 0.3942139 0.2447223 0.3941748 0.0466035 0.4050147 0.04624271 0.4050203 0.04624271 0.4032647 0.0466035 0.4050147 0.04624271 0.4032647 0.0466035 0.4032397 0.2699924 0.409327 0.2699924 0.4072751 0.2701933 0.4071856 0.2699924 0.409327 0.2701933 0.4071856 0.2701933 0.409271 0.2999908 0.3709194 0.2999908 0.3685042 0.3006954 0.3685042 0.2999908 0.3709194 0.3006954 0.3685042 0.3006954 0.3709082 0.2747254 0.4062594 0.2747254 0.4085907 0.2745495 0.4086244 0.2747254 0.4062594 0.2745495 0.4086244 0.2745495 0.4062426 0.2903353 0.3931789 0.2905588 0.3932062 0.2905043 0.395191 0.2903353 0.3931789 0.2905043 0.395191 0.2902795 0.3952071 0.2851331 0.3827763 0.2851359 0.3809985 0.2854865 0.3809761 0.2851331 0.3827763 0.2854865 0.3809761 0.2854837 0.3827372 0.7967011 0.3078848 0.7967627 0.3085612 0.7942943 0.3085612 0.7967011 0.3078848 0.7942943 0.3085612 0.7942607 0.3078848 0.5811328 0.08418256 0.5789546 0.08417248 0.5789597 0.08383572 0.5811328 0.08418256 0.5789597 0.08383572 0.5811379 0.08384537 0.04590177 0.3797517 0.04610621 0.3797433 0.04611128 0.3821362 0.04590177 0.3797517 0.04611128 0.3821362 0.04590696 0.3821837 0.9872286 0.3431064 0.9871962 0.3454546 0.9868802 0.3454266 0.9872286 0.3431064 0.9868802 0.3454266 0.9869126 0.3430952 0.8033846 0.06610536 0.9707361 0.0661053 0.9707697 0.07394522 0.8033846 0.06610536 0.9707697 0.07394522 0.803421 0.07394528 0.04159832 0.3553246 0.04133367 0.3552988 0.04127359 0.3529394 0.04159832 0.3553246 0.04127359 0.3529394 0.04153758 0.3529374 0.2767286 0.4020316 0.2767253 0.3998735 0.2769961 0.3999238 0.2767286 0.4020316 0.2769961 0.3999238 0.2769994 0.4020538 0.2585483 0.4086357 0.2583639 0.408647 0.2583639 0.4064218 0.2585483 0.4086357 0.2583639 0.4064218 0.2585483 0.4064525 0.03568452 0.3425863 0.03570896 0.3446745 0.03537166 0.3446857 0.03568452 0.3425863 0.03537166 0.3446857 0.0353474 0.3426031 0.2230163 0.4092001 0.2228173 0.4091539 0.2228173 0.4069693 0.2230163 0.4092001 0.2228173 0.4069693 0.2230163 0.4070518 0.2399867 0.4088963 0.2399853 0.407138 0.2402269 0.4072331 0.2399867 0.4088963 0.2402269 0.4072331 0.2402269 0.4089522 0.5506136 0.084643 0.5360131 0.08464306 0.536041 0.08404803 0.5506136 0.084643 0.536041 0.08404803 0.5506416 0.08404803 0.3626592 0.3517808 0.3626834 0.353721 0.3621606 0.3535867 0.3626592 0.3517808 0.3621606 0.3535867 0.3621357 0.3515908 0.9771828 0.2695348 0.9778869 0.2695572 0.9778831 0.2714525 0.9771828 0.2695348 0.9778831 0.2714525 0.9771788 0.2714357 0.0357294 0.3495833 0.03572434 0.347059 0.03606075 0.3470646 0.0357294 0.3495833 0.03606075 0.3470646 0.03606605 0.3495805 0.3638795 0.4075124 0.3640775 0.4074007 0.3640775 0.4093309 0.3638795 0.4075124 0.3640775 0.4093309 0.3638795 0.4094106 0.0430817 0.3505249 0.04280656 0.3505046 0.04280656 0.348248 0.0430817 0.3505249 0.04280656 0.348248 0.0430817 0.3482962 0.3036307 0.3875313 0.3041227 0.3894094 0.3039492 0.3894707 0.3036307 0.3875313 0.3039492 0.3894707 0.3034462 0.3875433 0.7932802 0.2979163 0.795181 0.2982047 0.7950972 0.2984344 0.7932802 0.2979163 0.7950972 0.2984344 0.7932243 0.2981509 0.917949 0.1038959 0.9179766 0.1059587 0.9153758 0.1059504 0.917949 0.1038959 0.9153758 0.1059504 0.9153481 0.1038876 0.7866214 0.2976285 0.7866634 0.2979163 0.7846591 0.2982047 0.7866214 0.2976285 0.7846591 0.2982047 0.784592 0.2979205 0.244511 0.3922068 0.2447193 0.3921286 0.2447223 0.3941748 0.244511 0.3922068 0.2447223 0.3941748 0.244514 0.3942139 0.7911417 0.2974776 0.7933193 0.2976285 0.7932802 0.2979163 0.7911417 0.2974776 0.7932802 0.2979163 0.7911276 0.2977668 0.0357294 0.3495833 0.03606605 0.3495805 0.03606092 0.3520628 0.0357294 0.3495833 0.03606092 0.3520628 0.03572416 0.3520712 0.8103594 0.2924677 0.8079441 0.2925487 0.8079135 0.2919957 0.8103594 0.2924677 0.8079135 0.2919957 0.8103761 0.2919132 0.05711901 0.408909 0.05711901 0.4066671 0.05730068 0.406628 0.05711901 0.408909 0.05730068 0.406628 0.05729925 0.408909 0.2913355 0.3830698 0.2913388 0.3853172 0.2909092 0.3853005 0.2913355 0.3830698 0.2909092 0.3853005 0.2909061 0.3829804 0.9525526 0.2697681 0.9525323 0.2695292 0.9544506 0.2695292 0.9525526 0.2697681 0.9544506 0.2695292 0.9545121 0.2697681 0.9525526 0.2697681 0.9505237 0.269743 0.9505469 0.2695041 0.9525526 0.2697681 0.9505469 0.2695041 0.9525323 0.2695292 0.3013739 0.3684874 0.3013739 0.3708635 0.3006954 0.3709082 0.3013739 0.3684874 0.3006954 0.3709082 0.3006954 0.3685042 0.2646251 0.3923074 0.2622546 0.3920705 0.2622861 0.3919032 0.2646251 0.3923074 0.2622861 0.3919032 0.2646091 0.3921396 0.2880647 0.397563 0.2900617 0.3977885 0.2900765 0.3979728 0.2880647 0.397563 0.2900765 0.3979728 0.2880291 0.3977364 0.04280656 0.3505046 0.04248946 0.3504942 0.04248946 0.3482207 0.04280656 0.3505046 0.04248946 0.3482207 0.04280656 0.348248 0.0147497 0.752158 0.01495105 0.6297944 0.9745008 0.6297944 0.0147497 0.752158 0.9745008 0.6297944 0.9742884 0.7521579 0.2767253 0.3998735 0.2767284 0.3979893 0.2769994 0.398062 0.2767253 0.3998735 0.2769994 0.398062 0.2769961 0.3999238 0.05752259 0.3886483 0.05789971 0.3886259 0.05789834 0.3905436 0.05752259 0.3886483 0.05789834 0.3905436 0.05752259 0.3905548 0.03972959 0.3993236 0.03972959 0.3975428 0.04010665 0.3975206 0.03972959 0.3993236 0.04010665 0.3975206 0.04010665 0.399304 0.2900685 0.3911642 0.2900685 0.3893771 0.2903632 0.3894618 0.2900685 0.3911642 0.2903632 0.3894618 0.2903632 0.3912187 0.7933193 0.2976285 0.7952454 0.2979205 0.795181 0.2982047 0.7933193 0.2976285 0.795181 0.2982047 0.7932802 0.2979163 0.237289 0.394903 0.2379567 0.3947911 0.2379553 0.3970499 0.237289 0.394903 0.2379553 0.3970499 0.237289 0.3971533 0.2962884 0.3889023 0.2962912 0.3911275 0.2960228 0.3911219 0.2962884 0.3889023 0.2960228 0.3911219 0.2960198 0.3888687 0.7911053 0.2980043 0.7888885 0.2980043 0.7888717 0.2977675 0.7911053 0.2980043 0.7888717 0.2977675 0.7911276 0.2977668 0.3539223 0.3945925 0.3541278 0.3945254 0.3541278 0.3966556 0.3539223 0.3945925 0.3541278 0.3966556 0.3539223 0.3966835 0.04208242 0.3651952 0.04208242 0.3627869 0.04260194 0.3626808 0.04208242 0.3651952 0.04260194 0.3626808 0.04260194 0.3651526 0.2467783 0.4091451 0.2445867 0.4091464 0.2445811 0.4089607 0.2467783 0.4091451 0.2445811 0.4089607 0.246823 0.4089607 0.03502303 0.3871321 0.03439122 0.3850093 0.03455871 0.3849753 0.03502303 0.3871321 0.03455871 0.3849753 0.03517925 0.3870589 0.3101249 0.4066237 0.310328 0.4065789 0.310328 0.4085246 0.3101249 0.4066237 0.310328 0.4085246 0.3101263 0.408519 0.3587629 0.3946589 0.3590673 0.394684 0.3590673 0.3967806 0.3587629 0.3946589 0.3590673 0.3967806 0.3587629 0.3967862 0.00588119 0.3613269 0.005680024 0.3613017 0.005490064 0.359384 0.00588119 0.3613269 0.005490064 0.359384 0.005685627 0.3593561 0.9603983 0.1086516 0.9234035 0.1086516 0.9224643 0.1038705 0.9603983 0.1086516 0.9224643 0.1038705 0.9556321 0.1038705 0.158488 0.05156928 0.1585826 0.1093946 0.01956367 0.1093946 0.158488 0.05156928 0.01956367 0.1093946 0.01946926 0.05156785 0.0347225 0.4063887 0.0350787 0.4063382 0.03507727 0.4079653 0.0347225 0.4063887 0.03507727 0.4079653 0.0347225 0.4079931 0.3013261 0.3915982 0.3013261 0.3940191 0.3006477 0.3939688 0.3013261 0.3915982 0.3006477 0.3939688 0.3006477 0.3915758 0.2990658 0.3827705 0.2990657 0.3806404 0.2995957 0.3805063 0.2990658 0.3827705 0.2995957 0.3805063 0.2995958 0.3826923 0.2589952 0.397639 0.256636 0.3976244 0.2566052 0.3973493 0.2589952 0.397639 0.2566052 0.3973493 0.2589939 0.3973646 0.9720358 0.304731 0.9720518 0.3045493 0.9743339 0.3048072 0.9720358 0.304731 0.9743339 0.3048072 0.9742732 0.3049849 0.4995908 0.9069268 0.4492903 0.7892038 0.4515772 0.7837948 0.4995908 0.9069268 0.4515772 0.7837948 0.5018776 0.9015178 0.2903353 0.3931789 0.2903632 0.3912187 0.2905853 0.3912878 0.2903353 0.3931789 0.2905853 0.3912878 0.2905588 0.3932062 0.9670115 0.06064546 0.9669919 0.058887 0.9685158 0.05888152 0.9670115 0.06064546 0.9685158 0.05888152 0.9685354 0.06063699 0.3024631 0.4089908 0.3022899 0.40899 0.3022899 0.4066684 0.3024631 0.4089908 0.3022899 0.4066684 0.3024631 0.4067139 0.9961861 0.1434907 0.9932677 0.1434907 0.9932524 0.1416525 0.9961861 0.1434907 0.9932524 0.1416525 0.9961722 0.1416525 0.1629413 0.1093979 0.1628476 0.05157256 0.3018661 0.05157256 0.1629413 0.1093979 0.3018661 0.05157256 0.3019611 0.1093979 0.2232513 0.4011579 0.2236808 0.4010293 0.2236808 0.4032601 0.2232513 0.4011579 0.2236808 0.4032601 0.2232513 0.403316 0.03538697 0.3470646 0.03537166 0.3446857 0.03570896 0.3446745 0.03538697 0.3470646 0.03570896 0.3446745 0.03572434 0.347059 0.9806476 0.397291 0.9808745 0.3992318 0.9806815 0.3992759 0.9806476 0.397291 0.9806815 0.3992759 0.9804521 0.397279 0.00263077 0.3349408 0.003450155 0.3371233 0.003310918 0.3372246 0.00263077 0.3349408 0.003310918 0.3372246 0.002474606 0.3349973 0.3539247 0.3825041 0.3546267 0.3825041 0.3546147 0.3850982 0.3539247 0.3825041 0.3546147 0.3850982 0.3539127 0.3851038 0.9764794 0.2737168 0.9771828 0.2736999 0.977194 0.2761656 0.9764794 0.2737168 0.977194 0.2761656 0.9764906 0.2761712 0.3675123 0.39192 0.3675745 0.3920944 0.3655907 0.3923535 0.3675123 0.39192 0.3655907 0.3923535 0.3655844 0.3921706 0.2695477 0.3833343 0.2714262 0.3833343 0.2713981 0.3836835 0.2695477 0.3833343 0.2713981 0.3836835 0.2694973 0.3836835 0.2282469 0.4060618 0.2301421 0.4060618 0.2302121 0.4063677 0.2282469 0.4060618 0.2302121 0.4063677 0.2282832 0.4063662 0.9861647 0.3654465 0.9882989 0.3654178 0.9882989 0.3680221 0.9861647 0.3654465 0.9882989 0.3680221 0.9861647 0.3680508 0.3003608 0.4002839 0.3003608 0.3978407 0.3007763 0.3979246 0.3003608 0.4002839 0.3007763 0.3979246 0.3007763 0.4002895 0.9763061 0.3057934 0.9764171 0.3056344 0.978156 0.3069701 0.9763061 0.3057934 0.978156 0.3069701 0.9780112 0.3071019 0.9330028 0.2684918 0.9310851 0.2698243 0.9308056 0.2695868 0.9330028 0.2684918 0.9308056 0.2695868 0.9328015 0.2682012 0.3636424 0.4021491 0.3636424 0.4003376 0.3640209 0.4003432 0.3636424 0.4021491 0.3640209 0.4003432 0.3640223 0.4021475 0.2932099 0.4003297 0.2932099 0.4023508 0.2928327 0.4023606 0.2932099 0.4003297 0.2928327 0.4023606 0.2928342 0.4003465 0.2426914 0.4027524 0.242317 0.4027915 0.242317 0.4005104 0.2426914 0.4027524 0.242317 0.4005104 0.2426914 0.4005607 0.8078659 0.2906939 0.8054087 0.29061 0.8054031 0.2899158 0.8078659 0.2906939 0.8054031 0.2899158 0.8078491 0.2899996 0.9871441 0.347579 0.9871962 0.3454546 0.9875335 0.3454657 0.9871441 0.347579 0.9875335 0.3454657 0.9874815 0.3475958 0.2305661 0.3977004 0.2308884 0.3976557 0.2308884 0.3995874 0.2305661 0.3977004 0.2308884 0.3995874 0.2305661 0.3996124 0.9872761 0.4055254 0.9872761 0.4036413 0.9875894 0.403591 0.9872761 0.4055254 0.9875894 0.403591 0.9875894 0.4054919 0.98665 0.3407247 0.9869238 0.3407079 0.9869126 0.3430952 0.98665 0.3407247 0.9869126 0.3430952 0.9866392 0.343084 0.9505048 0.2700503 0.9525658 0.2700768 0.9525734 0.2704316 0.9505048 0.2700503 0.9525734 0.2704316 0.9504902 0.2704064 0.583439 0.08384943 0.5811379 0.08384537 0.5811497 0.0835309 0.583439 0.08384943 0.5811497 0.0835309 0.583434 0.08353489 0.03459119 0.3519566 0.03459632 0.3495637 0.03480559 0.3495721 0.03459119 0.3519566 0.03480559 0.3495721 0.03480041 0.3520041 0.0493291 0.4143072 0.0493291 0.4122666 0.04950785 0.4123002 0.0493291 0.4143072 0.04950785 0.4123002 0.04950785 0.4142906 0.2994807 0.377478 0.2978941 0.3772595 0.2978941 0.3744186 0.2994807 0.377478 0.2978941 0.3744186 0.2994807 0.3746371 0.03937888 0.3993656 0.03938031 0.3976044 0.03972959 0.3975428 0.03937888 0.3993656 0.03972959 0.3975428 0.03972959 0.3993236 0.7911417 0.2974776 0.788855 0.297477 0.7888438 0.297155 0.7911417 0.2974776 0.7888438 0.297155 0.7911472 0.297155 0.04208242 0.3627869 0.04211378 0.3606275 0.04263412 0.3604633 0.04208242 0.3627869 0.04263412 0.3604633 0.04260194 0.3626808 0.2831717 0.3945555 0.2831717 0.3964759 0.2828344 0.396462 0.2831717 0.3945555 0.2828344 0.396462 0.2828344 0.3945471 0.04563391 0.3797629 0.04561799 0.3772638 0.04588586 0.3772889 0.04563391 0.3797629 0.04588586 0.3772889 0.04590177 0.3797517 0.03999316 0.391447 0.03999304 0.3892582 0.04061323 0.389342 0.03999316 0.391447 0.04061323 0.389342 0.04061323 0.39157 0.3562558 0.4084465 0.3562558 0.4065848 0.3564807 0.40654 0.3562558 0.4084465 0.3564807 0.40654 0.3564821 0.4083626 0.36756 0.3569235 0.3679317 0.3569613 0.3676637 0.3588751 0.36756 0.3569235 0.3676637 0.3588751 0.367291 0.3588427 0.9780352 0.2353565 0.9780352 0.2418189 0.9764813 0.2418818 0.9764813 0.2418818 0.9764813 0.2289557 0.9780352 0.2288935 0.9764813 0.2418818 0.9780352 0.2288935 0.9780352 0.2353565 0.03478556 0.3447751 0.03480041 0.3471065 0.03459119 0.3471401 0.03478556 0.3447751 0.03459119 0.3471401 0.03457635 0.3448451 0.2640273 0.3859922 0.2647068 0.3860166 0.2647068 0.388304 0.2640273 0.3859922 0.2647068 0.388304 0.2640273 0.3882537 0.2990658 0.3827705 0.2986424 0.3828657 0.2986424 0.3808026 0.2990658 0.3827705 0.2986424 0.3808026 0.2990657 0.3806404 0.9863958 0.3365483 0.9866074 0.3364589 0.9866392 0.3384605 0.9863958 0.3365483 0.9866392 0.3384605 0.9864273 0.338522 0.03693014 0.3628718 0.03722155 0.3610652 0.03742837 0.3610684 0.03693014 0.3628718 0.03742837 0.3610684 0.03713184 0.3629226 0.2639596 0.4008572 0.263961 0.4027022 0.2637528 0.4027078 0.2639596 0.4008572 0.2637528 0.4027078 0.2637528 0.4008069 0.007875204 0.185604 0.007904589 0.185431 0.01017594 0.1859633 0.007875204 0.185604 0.01017594 0.1859633 0.01009905 0.1861248 0.9807229 0.3828266 0.9807229 0.3848086 0.9805385 0.3848422 0.9807229 0.3828266 0.9805385 0.3848422 0.9805385 0.3828071 0.9225294 0.2708491 0.9225406 0.2695026 0.9254617 0.2695026 0.9225294 0.2708491 0.9254617 0.2695026 0.9254506 0.2708548 0.28537 0.3880743 0.2853993 0.390066 0.2851032 0.3900926 0.28537 0.3880743 0.2851032 0.3900926 0.2850753 0.3881316 0.2857854 0.3790473 0.2860158 0.3790361 0.2860186 0.3808867 0.2857854 0.3790473 0.2860186 0.3808867 0.2857882 0.380937 0.002823293 0.3302435 0.002655506 0.3301995 0.003500938 0.3279651 0.002823293 0.3302435 0.003500938 0.3279651 0.003652155 0.3280595 0.0357294 0.3495833 0.0353921 0.3495833 0.03538697 0.3470646 0.0357294 0.3495833 0.03538697 0.3470646 0.03572434 0.347059 0.7865767 0.2969741 0.7888354 0.2968212 0.7888438 0.297155 0.7865767 0.2969741 0.7888438 0.297155 0.7865935 0.2973065 0.788827 0.2962115 0.7865962 0.2963623 0.786627 0.2961255 0.788827 0.2962115 0.786627 0.2961255 0.7888326 0.2959769 0.2447223 0.3941748 0.2447193 0.3921286 0.2449901 0.3920727 0.2447223 0.3941748 0.2449901 0.3920727 0.2449931 0.3941413 0.03684592 0.3471345 0.03664147 0.3471037 0.03662651 0.3447696 0.03684592 0.3471345 0.03662651 0.3447696 0.03683131 0.3448395 0.2588708 0.4031139 0.2588708 0.4007321 0.259195 0.4006818 0.2588708 0.4031139 0.259195 0.4006818 0.259195 0.4031586 0.03613424 0.3645474 0.03693014 0.3628718 0.03713184 0.3629226 0.03613424 0.3645474 0.03713184 0.3629226 0.03631418 0.3646405 0.002798199 0.3348841 0.00360614 0.337022 0.003450155 0.3371233 0.002798199 0.3348841 0.003450155 0.3371233 0.00263077 0.3349408 0.04813438 0.3313317 0.04813438 0.3332885 0.04767626 0.335167 0.04767626 0.335167 0.04678791 0.3368387 0.04553359 0.3381917 0.04553359 0.3381917 0.04399722 0.3391366 0.04228198 0.3396062 0.04228198 0.3396062 0.04050815 0.339567 0.0387929 0.3390247 0.0387929 0.3390247 0.03725653 0.3380128 0.03600221 0.3366039 0.03600221 0.3366039 0.03511393 0.3348931 0.03465294 0.3329921 0.03465294 0.3329921 0.03465294 0.331041 0.03511393 0.3291568 0.03511393 0.3291568 0.03599941 0.3274852 0.03725653 0.3261321 0.03725653 0.3261321 0.03879016 0.3251873 0.04050534 0.3247177 0.04050534 0.3247177 0.04227918 0.3247568 0.04399442 0.3252991 0.04399442 0.3252991 0.04553359 0.3263111 0.04678791 0.32772 0.04678791 0.32772 0.04767346 0.3294308 0.04813438 0.3313317 0.04813438 0.3313317 0.04767626 0.335167 0.04553359 0.3381917 0.04553359 0.3381917 0.04228198 0.3396062 0.0387929 0.3390247 0.0387929 0.3390247 0.03600221 0.3366039 0.03465294 0.3329921 0.03465294 0.3329921 0.03511393 0.3291568 0.03725653 0.3261321 0.03725653 0.3261321 0.04050534 0.3247177 0.04399442 0.3252991 0.04399442 0.3252991 0.04678791 0.32772 0.04813438 0.3313317 0.04813438 0.3313317 0.04553359 0.3381917 0.0387929 0.3390247 0.0387929 0.3390247 0.03465294 0.3329921 0.03725653 0.3261321 0.03725653 0.3261321 0.04399442 0.3252991 0.04813438 0.3313317 0.0387929 0.3390247 0.03725653 0.3261321 0.04813438 0.3313317 0.03507184 0.3520405 0.03505671 0.3542992 0.03478538 0.3542348 0.03507184 0.3520405 0.03478538 0.3542348 0.03480041 0.3520041 0.03633433 0.3426507 0.03660267 0.3427317 0.03662651 0.3447696 0.03633433 0.3426507 0.03662651 0.3447696 0.03635847 0.3447192 0.04218357 0.3462409 0.04252088 0.3462507 0.04248946 0.3482207 0.04218357 0.3462409 0.04248946 0.3482207 0.04215145 0.3482158 0.9886917 0.3407638 0.988681 0.343084 0.9884794 0.3431008 0.9886917 0.3407638 0.9884794 0.3431008 0.9884902 0.3407359 0.5135327 0.08353304 0.531555 0.08353316 0.531664 0.08444416 0.5135327 0.08353304 0.531664 0.08444416 0.5133734 0.08444422 0.2696146 0.3830367 0.2714653 0.3830367 0.2714262 0.3833343 0.2696146 0.3830367 0.2714262 0.3833343 0.2695477 0.3833343 0.03483748 0.4026586 0.03460001 0.4026195 0.03460001 0.4007577 0.03483748 0.4026586 0.03460001 0.4007577 0.03483891 0.4008359 0.9675904 0.305921 0.9675058 0.3057642 0.9697216 0.3048742 0.9675904 0.305921 0.9697216 0.3048742 0.969756 0.3050514 0.05827003 0.3968767 0.05827003 0.3945677 0.05891603 0.3945397 0.05827003 0.3968767 0.05891603 0.3945397 0.05891603 0.3968906 0.2181355 0.4137542 0.2181355 0.4118786 0.2183212 0.4118674 0.2181355 0.4137542 0.2183212 0.4118674 0.2183212 0.4137822 0.0449832 0.3915892 0.04568785 0.3915823 0.04568785 0.3941436 0.0449832 0.3915892 0.04568785 0.3941436 0.0449832 0.3941394 0.2857854 0.3790473 0.2857882 0.380937 0.2854865 0.3809761 0.2857854 0.3790473 0.2854865 0.3809761 0.2854837 0.3790529 0.2784834 0.3892827 0.2784865 0.3915135 0.2779563 0.3914632 0.2784834 0.3892827 0.2779563 0.3914632 0.2779532 0.3891709 0.3088353 0.3828881 0.3095395 0.3828825 0.3095395 0.3852474 0.3088353 0.3828881 0.3095395 0.3852474 0.3088353 0.3852587 0.048065 0.3632031 0.04806363 0.3746434 0.04756778 0.374795 0.048065 0.3632031 0.04756778 0.374795 0.04756778 0.3633533 0.2734556 0.38283 0.27345 0.3830563 0.2714653 0.3830367 0.2734556 0.38283 0.2714653 0.3830367 0.27151 0.3828105 0.3652103 0.3860561 0.3655148 0.3861399 0.3655148 0.3878731 0.3652103 0.3860561 0.3655148 0.3878731 0.3652103 0.3878172 0.04588603 0.3862931 0.04590177 0.3844144 0.04610604 0.3843279 0.04588603 0.3862931 0.04610604 0.3843279 0.04609048 0.3861756 0.3615517 0.3558567 0.3608822 0.3558119 0.3608822 0.3534078 0.3615517 0.3558567 0.3608822 0.3534078 0.3615517 0.3534805 0.3094856 0.3901466 0.3094856 0.3921621 0.3089583 0.391958 0.3094856 0.3901466 0.3089583 0.391958 0.3089583 0.3899956 0.3626834 0.3559964 0.3621606 0.3559181 0.3621606 0.3535867 0.3626834 0.3559964 0.3621606 0.3535867 0.3626834 0.353721 0.04150617 0.3505333 0.04153758 0.3529374 0.04127359 0.3529394 0.04150617 0.3505333 0.04127359 0.3529394 0.04124289 0.3505662 0.2784865 0.3915135 0.2784834 0.3938671 0.2779532 0.3938784 0.2784865 0.3915135 0.2779532 0.3938784 0.2779563 0.3914632 0.6467328 0.3075274 0.6467941 0.3078348 0.6449156 0.3078445 0.6467328 0.3075274 0.6449156 0.3078445 0.6448822 0.3075372 0.256636 0.3976244 0.2544513 0.397639 0.254394 0.3973646 0.256636 0.3976244 0.254394 0.3973646 0.2566052 0.3973493 0.7888299 0.2964993 0.7865796 0.2966515 0.7865962 0.2963623 0.7888299 0.2964993 0.7865962 0.2963623 0.788827 0.2962115 0.9871962 0.3363415 0.987229 0.3383877 0.9869126 0.3384156 0.9871962 0.3363415 0.9869126 0.3384156 0.9868802 0.3363861 0.7454972 0.2694966 0.7440826 0.2772835 0.6432234 0.2772835 0.7454972 0.2694966 0.6432234 0.2772835 0.6446379 0.269498 0.2623149 0.3917247 0.264589 0.391955 0.2646091 0.3921396 0.2623149 0.3917247 0.2646091 0.3921396 0.2622861 0.3919032 0.7916051 0.3085488 0.7916051 0.3078726 0.7942607 0.3078848 0.7916051 0.3085488 0.7942607 0.3078848 0.7942943 0.3085612 0.2816882 0.4029912 0.281353 0.4030172 0.281353 0.400659 0.2816882 0.4029912 0.281353 0.400659 0.2816882 0.400722 0.0447691 0.4091344 0.04497581 0.4091485 0.04497581 0.4109486 0.0447691 0.4091344 0.04497581 0.4109486 0.0447691 0.4109864 0.9400137 0.2676537 0.9400864 0.2673325 0.9424011 0.2682041 0.9400137 0.2676537 0.9424011 0.2682041 0.9422389 0.2684918 0.04311239 0.3528988 0.0430817 0.3505249 0.04329538 0.350555 0.04311239 0.3528988 0.04329538 0.350555 0.04332613 0.3528905 0.6448822 0.3075372 0.6449156 0.3078445 0.6428918 0.3078348 0.6448822 0.3075372 0.6428918 0.3078348 0.6428973 0.3075274 0.05162757 0.3946833 0.05230778 0.3946273 0.05230927 0.3968777 0.05162757 0.3946833 0.05230927 0.3968777 0.05162757 0.3969056 0.2802918 0.3821141 0.2802918 0.3798358 0.2807813 0.3797855 0.2802918 0.3821141 0.2807813 0.3797855 0.2807813 0.3821393 0.8439227 0.2929309 0.8274296 0.2929309 0.8274157 0.2898413 0.8439227 0.2929309 0.8274157 0.2898413 0.8439115 0.2898413 0.812716 0.2916715 0.8103761 0.2919132 0.810379 0.2912847 0.812716 0.2916715 0.810379 0.2912847 0.8127467 0.2910402 0.9794274 0.08695471 0.9794077 0.08747088 0.9677172 0.08747088 0.9677172 0.08747088 0.9679912 0.08062469 0.9796789 0.08062469 0.9677172 0.08747088 0.9796789 0.08062469 0.9794274 0.08695471 0.9804521 0.397279 0.9806975 0.3953065 0.9808899 0.3953742 0.9804521 0.397279 0.9808899 0.3953742 0.9806476 0.397291 0.05196928 0.403602 0.05196928 0.401388 0.05238413 0.4012315 0.05196928 0.403602 0.05238413 0.4012315 0.05238413 0.4035181 0.9783858 0.1032041 0.9665358 0.103165 0.9801346 0.1012864 0.9647898 0.1181541 0.9647898 0.1096951 0.9665386 0.1097006 0.9647898 0.1181541 0.9665386 0.1097006 0.9665386 0.1162308 0.9783858 0.1032041 0.9801346 0.1012864 0.9801346 0.1182044 0.9647898 0.1181541 0.9665386 0.1162308 0.9783886 0.11627 0.9783886 0.11627 0.9783858 0.1032041 0.9801346 0.1182044 0.9783886 0.11627 0.9801346 0.1182044 0.9647898 0.1181541 0.6027628 0.06610226 0.6382592 0.06610226 0.7990302 0.0661022 0.7990302 0.0661022 0.799019 0.07329553 0.6027516 0.07329559 0.7990302 0.0661022 0.6027516 0.07329559 0.6027628 0.06610226 0.04124569 0.3861603 0.04091608 0.3861657 0.04091608 0.3711934 0.04124569 0.3861603 0.04091608 0.3711934 0.04124569 0.3711878 0.5553024 0.08353048 0.5724692 0.08353048 0.5726314 0.08438163 0.5553024 0.08353048 0.5726314 0.08438163 0.5550648 0.08438163 0.9868285 0.3475344 0.9868802 0.3454266 0.9871962 0.3454546 0.9868285 0.3475344 0.9871962 0.3454546 0.9871441 0.347579 0.8399142 0.2995527 0.8401266 0.2997455 0.8227893 0.2997455 0.8228396 0.2840181 0.8401769 0.2840181 0.8399701 0.2842081 0.8228396 0.2840181 0.8399701 0.2842081 0.8230522 0.2842081 0.8230019 0.2995555 0.8399142 0.2995527 0.8227893 0.2997455 0.8228396 0.2840181 0.8230522 0.2842081 0.8230019 0.2995555 0.8227893 0.2997455 0.8228396 0.2840181 0.8230019 0.2995555 0.03478538 0.3542348 0.03457635 0.354151 0.03459119 0.3519566 0.03478538 0.3542348 0.03459119 0.3519566 0.03480041 0.3520041 0.7885959 0.2932732 0.7856776 0.2932746 0.7857069 0.2914589 0.7885959 0.2932732 0.7857069 0.2914589 0.7886254 0.2914574 0.2679374 0.3833538 0.2680325 0.3830563 0.2696146 0.3830367 0.2679374 0.3833538 0.2696146 0.3830367 0.2695477 0.3833343 0.3621357 0.3515908 0.3621606 0.3535867 0.3615517 0.3534805 0.3621357 0.3515908 0.3615517 0.3534805 0.3615265 0.3514455 0.0168069 0.3247027 0.0193451 0.3247027 0.01933115 0.3252312 0.0168069 0.3247027 0.01933115 0.3252312 0.01672297 0.325231 0.9859682 0.3864045 0.9856637 0.3863878 0.9856637 0.3714155 0.9859682 0.3864045 0.9856637 0.3714155 0.9859682 0.3714323 0.03424543 0.412433 0.03443539 0.4124721 0.03443539 0.4143282 0.03424543 0.412433 0.03443539 0.4143282 0.03424543 0.4143339 0.9708724 0.1118202 0.9734048 0.1118218 0.9735001 0.1139063 0.9708724 0.1118202 0.9735001 0.1139063 0.9709675 0.1139047 0.9855279 0.3893569 0.9852064 0.3915304 0.9848574 0.3915011 0.9855279 0.3893569 0.9848574 0.3915011 0.9851904 0.3892493 0.2674707 0.3946606 0.2674707 0.3970871 0.2668559 0.3970983 0.2674707 0.3946606 0.2668559 0.3970983 0.266856 0.3947166 0.6449325 0.3081993 0.6449325 0.3085779 0.6428862 0.3085681 0.6449325 0.3081993 0.6428862 0.3085681 0.6428918 0.3081895 0.3673983 0.3949117 0.3679426 0.394818 0.3679426 0.3972905 0.3673983 0.3949117 0.3679426 0.3972905 0.3673983 0.3973199 0.2888629 0.1185905 0.2889355 0.119538 0.2736501 0.119538 0.2888629 0.1185905 0.2736501 0.119538 0.2737675 0.1185905 0.9875318 0.3263013 0.9875332 0.3247779 0.9891604 0.3247415 0.9875318 0.3263013 0.9891604 0.3247415 0.9891617 0.3262636 0.04260194 0.3651526 0.04260194 0.3626808 0.04320824 0.3625975 0.04260194 0.3651526 0.04320824 0.3625975 0.04320824 0.3651184 0.01310878 0.3271406 0.01310878 0.4485827 0.01119989 0.4485937 0.01310878 0.3271406 0.01119989 0.4485937 0.01119989 0.3250944 0.01060581 0.1785051 0.01084047 0.1785498 0.01083761 0.180283 0.01060581 0.1785051 0.01083761 0.180283 0.01060301 0.1801992 0.7722513 0.3076021 0.7872461 0.3076021 0.7872461 0.3079345 0.7722513 0.3076021 0.7872461 0.3079345 0.7722513 0.3079345 0.005530953 0.1854677 0.005507111 0.1853055 0.007928311 0.1852692 0.005530953 0.1854677 0.007928311 0.1852692 0.007904589 0.185431 0.2683518 0.403527 0.2683714 0.4031514 0.2701827 0.4031514 0.2683518 0.403527 0.2701827 0.4031514 0.2701562 0.4035285 0.842042 0.3043606 0.8420546 0.3065506 0.835716 0.3065506 0.842042 0.3043606 0.835716 0.3065506 0.8357033 0.3043606 0.8184362 0.3000009 0.8096193 0.3000009 0.8181957 0.299783 0.8181342 0.2842484 0.800987 0.2842484 0.8183802 0.2840305 0.8184362 0.3000009 0.8181957 0.299783 0.8181342 0.2842484 0.8184362 0.3000009 0.8181342 0.2842484 0.8183802 0.2840305 0.05196017 0.3887007 0.05196154 0.3904116 0.05043768 0.3903836 0.05196017 0.3887007 0.05043768 0.3903836 0.05043768 0.3886728 0.03624129 0.3575572 0.03698772 0.3592509 0.036776 0.3593009 0.03624129 0.3575572 0.036776 0.3593009 0.03605234 0.3576517 0.9812868 0.3692 0.9809334 0.3691944 0.980939 0.3672544 0.9812868 0.3692 0.980939 0.3672544 0.981291 0.3672823 0.0430817 0.3505249 0.0430817 0.3482962 0.04329538 0.3483633 0.0430817 0.3505249 0.04329538 0.3483633 0.04329538 0.350555 0.8010429 0.299783 0.8181957 0.299783 0.8096193 0.3000009 0.8007467 0.2840305 0.8183802 0.2840305 0.800987 0.2842484 0.8010429 0.299783 0.8096193 0.3000009 0.8008026 0.3000009 0.8007467 0.2840305 0.800987 0.2842484 0.8010429 0.299783 0.8010429 0.299783 0.8008026 0.3000009 0.8007467 0.2840305 0.2888629 0.1185905 0.2737675 0.1185905 0.2737731 0.1155006 0.2888629 0.1185905 0.2737731 0.1155006 0.2888685 0.1155005 0.00376147 0.9581231 0.9712392 0.9581245 0.972033 0.960591 0.00376147 0.9581231 0.972033 0.960591 0.002978742 0.9605911 0.9760502 0.2840315 0.9781789 0.2840552 0.9781789 0.2905688 0.9760502 0.2840315 0.9781789 0.2905688 0.9760502 0.2905452 0.005551934 0.1856411 0.005530953 0.1854677 0.007904589 0.185431 0.005551934 0.1856411 0.007904589 0.185431 0.007875204 0.185604 0.00851792 0.7788554 0.009334146 0.9022666 0.003061234 0.9023448 0.00851792 0.7788554 0.003061234 0.9023448 0.002189099 0.7721734 0.2136846 0.4299534 0.07468426 0.4299534 0.07519149 0.3130819 0.2136846 0.4299534 0.07519149 0.3130819 0.2141916 0.3130819 0.9973523 0.1484565 0.9977901 0.1483112 0.9977901 0.1505812 0.9973523 0.1484565 0.9977901 0.1505812 0.9973524 0.1506538 0.5506416 0.08404803 0.536041 0.08404803 0.5360829 0.08353543 0.5506416 0.08404803 0.5360829 0.08353543 0.5506834 0.083534 0.97736 0.2467771 0.97736 0.2629012 0.9764871 0.2627195 0.97736 0.2467771 0.9764871 0.2627195 0.9764885 0.2469588 0.7272407 0.08357405 0.5943262 0.08357405 0.5983991 0.07946622 0.7272407 0.08357405 0.5983991 0.07946622 0.7271457 0.07946622 0.3558752 0.3514262 0.3558752 0.3577661 0.353917 0.3574965 0.3558752 0.3514262 0.353917 0.3574965 0.353917 0.3511577 0.9633311 0.08063721 0.9633618 0.08768069 0.9506258 0.08768069 0.9505978 0.08116865 0.9505951 0.08063709 0.9633311 0.08063721 0.9506258 0.08768069 0.9505978 0.08116865 0.9633311 0.08063721 0.9376209 0.2673688 0.9400137 0.2676537 0.9422389 0.2684918 0.9422389 0.2684918 0.9441453 0.2698243 0.9310851 0.2698243 0.9310851 0.2698243 0.9330028 0.2684918 0.9352335 0.2676537 0.9352335 0.2676537 0.9376209 0.2673688 0.9422389 0.2684918 0.9422389 0.2684918 0.9310851 0.2698243 0.9352335 0.2676537 0.048092 0.3570844 0.04770505 0.357146 0.04770505 0.3425455 0.048092 0.3570844 0.04770505 0.3425455 0.048092 0.3424839 0.3063365 0.1038749 0.910966 0.1038749 0.9109618 0.1066307 0.3063365 0.1038749 0.9109618 0.1066307 0.3063316 0.1066307 0.04215145 0.3482158 0.04248946 0.3482207 0.04248946 0.3504942 0.04215145 0.3482158 0.04248946 0.3504942 0.04215145 0.3504956 0.3673231 0.3682945 0.3673231 0.3832892 0.3669934 0.3832892 0.3673231 0.3682945 0.3669934 0.3832892 0.3669934 0.3682945 0.7911276 0.2977668 0.7888717 0.2977675 0.788855 0.297477 0.7911276 0.2977668 0.788855 0.297477 0.7911417 0.2974776 0.05096197 0.4084118 0.05096197 0.4068155 0.05126088 0.406891 0.05096197 0.4084118 0.05126088 0.406891 0.05126225 0.4085124 0.005015134 0.3574635 0.005182802 0.3573909 0.005870044 0.359331 0.005015134 0.3574635 0.005870044 0.359331 0.005685627 0.3593561 0.9977111 0.1434907 0.9977082 0.14534 0.9932649 0.14534 0.9932649 0.14534 0.9932677 0.1434907 0.9961861 0.1434907 0.9932649 0.14534 0.9961861 0.1434907 0.9977111 0.1434907 0.9866423 0.08782786 0.9866423 1.90735e-6 0.9900537 1.90735e-6 0.9866423 0.08782786 0.9900537 1.90735e-6 0.9900537 0.08782976 0.6624224 0.1722192 0.6647317 0.1720466 0.6647247 0.1721866 0.6624224 0.1722192 0.6647247 0.1721866 0.6624715 0.1723535 0.4189683 0.4831445 0.4164764 0.4831488 0.4164764 0.4787055 0.4189683 0.4831445 0.4164764 0.4787055 0.4189683 0.4787011 0.7819997 0.4928362 0.7823753 0.4927788 0.7823753 0.4938526 0.7819997 0.4928362 0.7823753 0.4938526 0.7819997 0.493891 0.6287578 0.1520298 0.631025 0.1530577 0.6307933 0.1532533 0.6287578 0.1520298 0.6307933 0.1532533 0.6284489 0.1521871 0.9205169 0.308946 0.9205169 0.3073467 0.9207486 0.3072969 0.9205169 0.308946 0.9207486 0.3072969 0.9207486 0.3089268 0.870615 0.1929532 0.8669719 0.1929532 0.8669807 0.1918217 0.870615 0.1929532 0.8669807 0.1918217 0.8706254 0.1918256 0.761148 0.1976246 0.7625514 0.1987138 0.7563047 0.1949054 0.7563047 0.1949054 0.7625514 0.1918217 0.7611476 0.1927499 0.7563047 0.1949054 0.7611476 0.1927499 0.7602653 0.1938737 0.7602653 0.1963973 0.761148 0.1976246 0.7563047 0.1949054 0.7563047 0.1949054 0.7602653 0.1938737 0.7599648 0.1951163 0.7599648 0.1951163 0.7602653 0.1963973 0.7563047 0.1949054 0.683668 0.1851271 0.683668 0.1720466 0.6880612 0.1732087 0.683668 0.1851271 0.6880612 0.1732087 0.6880612 0.1917086 0.7203013 0.1783193 0.719424 0.1783021 0.7195762 0.1766088 0.7203013 0.1783193 0.7195762 0.1766088 0.7204532 0.1766318 0.7215266 0.5046607 0.7215266 0.5057116 0.7211511 0.5057538 0.7215266 0.5046607 0.7211511 0.5057538 0.7211494 0.5047202 0.7038021 0.1721425 0.7035177 0.1736114 0.7026684 0.1735616 0.7038021 0.1721425 0.7026684 0.1735616 0.7029553 0.1720734 0.6413645 0.141847 0.6435474 0.1428365 0.628835 0.1429286 0.628835 0.1429286 0.6309618 0.1419122 0.6334537 0.1412678 0.6334537 0.1412678 0.6361421 0.1410338 0.6388375 0.1412333 0.6388375 0.1412333 0.6413645 0.141847 0.628835 0.1429286 0.628835 0.1429286 0.6334537 0.1412678 0.6388375 0.1412333 0.7055639 0.1738952 0.7049962 0.1737802 0.7052673 0.1723765 0.7055639 0.1738952 0.7052673 0.1723765 0.7058262 0.1725337 0.6991737 0.175322 0.6999081 0.1752951 0.6998098 0.1771323 0.6991737 0.175322 0.6998098 0.1771323 0.6990771 0.1771246 0.7157452 0.1957434 0.7150812 0.1957415 0.7150811 0.1876584 0.7157452 0.1876584 0.7238773 0.1876623 0.7238773 0.1957453 0.7157452 0.1957434 0.7150811 0.1876584 0.7157452 0.1876584 0.7157452 0.1876584 0.7238773 0.1957453 0.7157452 0.1957434 0.7699037 0.4770327 0.7662589 0.4770384 0.7662484 0.4758399 0.7699037 0.4770327 0.7662484 0.4758399 0.7698932 0.4758341 0.7039345 0.1419793 0.6957641 0.1419946 0.6957641 0.1408095 0.7063422 0.1407884 0.7063422 0.1511976 0.7039345 0.1419793 0.7039345 0.1419793 0.6957641 0.1408095 0.7063422 0.1407884 0.6957649 0.1655418 0.6957649 0.1566208 0.7038784 0.1566131 0.7038784 0.1566131 0.7045417 0.1566131 0.7045417 0.1610736 0.7045417 0.1610736 0.7045417 0.165538 0.7038784 0.165538 0.7038784 0.165538 0.6957649 0.1655418 0.7038784 0.1566131 0.7038784 0.1566131 0.7045417 0.1610736 0.7038784 0.165538 0.6992018 0.187971 0.6999626 0.1878406 0.7003241 0.1893134 0.6992018 0.187971 0.7003241 0.1893134 0.6995563 0.189417 0.6259149 0.1474082 0.6263151 0.1490383 0.6258729 0.1491073 0.6259149 0.1474082 0.6258729 0.1491073 0.6254587 0.1474121 0.6309618 0.1419122 0.6307091 0.1416974 0.6332992 0.1410262 0.6309618 0.1419122 0.6332992 0.1410262 0.6334537 0.1412678 0.5946931 0.1588836 0.6137049 0.1588453 0.6137049 0.1704012 0.5946931 0.1588836 0.6137049 0.1704012 0.5946931 0.1704396 0.8757531 0.5131282 0.7989549 0.5131263 0.7989549 0.4183469 0.8757531 0.5131282 0.7989549 0.4183469 0.8757531 0.4183488 0.9570717 1.43051e-6 0.9570717 0.09396731 0.9025668 0.09397256 0.9570717 1.43051e-6 0.9025668 0.09397256 0.9025668 6.25849e-6 0.6129924 0.143105 0.6144945 0.144478 0.614305 0.1445356 0.6129924 0.143105 0.614305 0.1445356 0.6128309 0.1431893 0.5363346 0.4661163 0.5363346 0.4616729 0.5384965 0.4616794 0.5363346 0.4661163 0.5384965 0.4616794 0.5385 0.4661228 0.6272205 0.144244 0.6268205 0.1441252 0.628498 0.1427559 0.6272205 0.144244 0.628498 0.1427559 0.628835 0.1429286 0.491297 0.469709 0.4908319 0.4696975 0.4906336 0.4685239 0.491297 0.469709 0.4906336 0.4685239 0.4910987 0.4685354 0.627396 0.1505532 0.6263151 0.1490383 0.6259149 0.1474082 0.6259149 0.1474082 0.6262238 0.1457744 0.6272205 0.144244 0.6272205 0.144244 0.628835 0.1429286 0.6290807 0.1518496 0.6290807 0.1518496 0.627396 0.1505532 0.6259149 0.1474082 0.6259149 0.1474082 0.6272205 0.144244 0.6290807 0.1518496 0.8557024 0.2020545 0.8552392 0.2020583 0.8552374 0.1918294 0.8557024 0.2020545 0.8552374 0.1918294 0.8557024 0.1918256 0.6609343 0.1981539 0.6610395 0.1980197 0.6631172 0.1984147 0.6609343 0.1981539 0.6631172 0.1984147 0.6630752 0.1985604 0.7172588 0.1628954 0.7181372 0.1629031 0.7181439 0.1644794 0.7172588 0.1628954 0.7181439 0.1644794 0.7172654 0.164466 0.7563284 0.4736652 0.7558897 0.4736365 0.7558897 0.4725722 0.7563284 0.4736652 0.7558897 0.4725722 0.7563284 0.4726105 0.6979848 0.1788122 0.6984647 0.1788735 0.6985718 0.1805112 0.6979848 0.1788122 0.6985718 0.1805112 0.6980892 0.1803961 0.4789798 0.4900969 0.4789798 0.4911333 0.4770215 0.4911823 0.4789798 0.4900969 0.4770215 0.4911823 0.4770215 0.4901458 0.7212928 0.1766548 0.7204532 0.1766318 0.7205961 0.1749557 0.7212928 0.1766548 0.7205961 0.1749557 0.7214341 0.1749998 0.5650909 0.2030363 0.3916298 0.2030401 0.3916316 3.8147e-6 0.5650909 0.2030363 0.3916316 3.8147e-6 0.5650909 0 0.7052673 0.1723765 0.7049962 0.1737802 0.7043048 0.1736843 0.7052673 0.1723765 0.7043048 0.1736843 0.7045829 0.1722422 0.7200136 0.1812783 0.7191348 0.1812726 0.719273 0.1798937 0.7200136 0.1812783 0.719273 0.1798937 0.7201517 0.1799033 0.657586 0.1748387 0.656842 0.1760584 0.6566104 0.1760181 0.657586 0.1748387 0.6566104 0.1760181 0.6573755 0.1747639 0.4898527 0.462932 0.4897316 0.4642667 0.4894684 0.4642935 0.4898527 0.462932 0.4894684 0.4642935 0.4895877 0.4629933 0.4054034 0.5048276 0.4056948 0.5048774 0.4056948 0.505936 0.4054034 0.5048276 0.4056948 0.505936 0.4054017 0.5058631 0.4283663 0.4900825 0.4283702 0.4914364 0.427949 0.4914441 0.4283663 0.4900825 0.427949 0.4914441 0.4279453 0.4900863 0.7037446 0.1891485 0.7040966 0.190859 0.7032657 0.1908782 0.7037446 0.1891485 0.7032657 0.1908782 0.7029095 0.1891485 0.8300188 0.1918215 0.83346 0.1918215 0.83346 0.2006706 0.8300188 0.1918215 0.83346 0.2006706 0.8300188 0.2006706 0.8850888 0.3046754 0.8874753 0.3045546 0.8874753 0.3089595 0.8850888 0.3046754 0.8874753 0.3089595 0.8850817 0.3090798 0.5031122 0.4803138 0.5034912 0.480333 0.503486 0.4815718 0.5031122 0.4803138 0.503486 0.4815718 0.503107 0.4815335 0.7048192 0.1878291 0.7051647 0.1892367 0.7045071 0.1891791 0.7048192 0.1878291 0.7045071 0.1891791 0.7041525 0.1877332 0.9149243 0.3227725 0.9149243 0.3211233 0.9152033 0.3211156 0.9149243 0.3227725 0.9152033 0.3211156 0.9152033 0.322738 0.7827169 0.4740641 0.782736 0.4725607 0.7831565 0.4725568 0.7827169 0.4740641 0.7831565 0.4725568 0.7831374 0.4740622 0.7558826 0.4748753 0.7558704 0.4762042 0.7554001 0.4762023 0.7558826 0.4748753 0.7554001 0.4762023 0.7554123 0.4748695 0.782305 0.4785016 0.782305 0.4771363 0.7826961 0.4771535 0.782305 0.4785016 0.7826961 0.4771535 0.7826963 0.4785304 0.6736673 0.1915053 0.6734497 0.1915417 0.6724529 0.1902991 0.6736673 0.1915053 0.6724529 0.1902991 0.6726565 0.1902358 0.6985464 0.1881321 0.6992018 0.187971 0.6995563 0.189417 0.6985464 0.1881321 0.6995563 0.189417 0.6988917 0.1895358 0.7027177 0.1927729 0.7023943 0.1909127 0.7032657 0.1908782 0.7027177 0.1927729 0.7032657 0.1908782 0.7035881 0.1927307 0.8185861 0.1918256 0.8193758 0.1918256 0.8193758 0.2020506 0.8185861 0.1918256 0.8193758 0.2020506 0.8185861 0.2020545 0.7218404 0.1641899 0.7213048 0.1642876 0.7212987 0.1628053 0.7218404 0.1641899 0.7212987 0.1628053 0.7218343 0.1627554 0.6579054 0.4827876 0.6574843 0.4827838 0.6574843 0.4725549 0.6579054 0.4827876 0.6574843 0.4725549 0.6579054 0.4725587 0.6430298 0.1627075 0.6430298 0.1610122 0.643357 0.1610046 0.6430298 0.1627075 0.643357 0.1610046 0.643357 0.162719 0.870615 0.1929532 0.8706097 0.1941574 0.8669649 0.1941574 0.870615 0.1929532 0.8669649 0.1941574 0.8669719 0.1929532 0.7053805 0.1754754 0.7048075 0.175414 0.7049962 0.1737802 0.7053805 0.1754754 0.7049962 0.1737802 0.7055639 0.1738952 0.6430798 0.1643413 0.6430298 0.1627075 0.643357 0.162719 0.6430798 0.1643413 0.643357 0.162719 0.6434071 0.164372 0.7554176 0.473625 0.7558897 0.4736365 0.7558826 0.4748753 0.7554176 0.473625 0.7558826 0.4748753 0.7554123 0.4748695 0.6427841 0.1626921 0.6430298 0.1627075 0.6430798 0.1643413 0.6427841 0.1626921 0.6430798 0.1643413 0.6428323 0.1642992 0.7156502 0.1628437 0.716418 0.1628743 0.7164245 0.1644257 0.7156502 0.1628437 0.7164245 0.1644257 0.7156566 0.1643643 0.7164374 0.1579977 0.7172783 0.1579612 0.7172653 0.159528 0.7164374 0.1579977 0.7172653 0.159528 0.7164247 0.1595472 0.4057562 0.4994062 0.4057562 0.4979795 0.4060177 0.498014 0.4057562 0.4994062 0.4060177 0.498014 0.4060177 0.4994101 0.4776646 0.4967982 0.4784126 0.4966831 0.4784126 0.4981406 0.4776646 0.4967982 0.4784126 0.4981406 0.4776646 0.4982288 0.683668 0.2002671 0.6868916 0.2002633 0.686982 0.2018205 0.683668 0.2002671 0.686982 0.2018205 0.6837593 0.2018244 0.636093 0.1407846 0.6389006 0.1409916 0.6388375 0.1412333 0.636093 0.1407846 0.6388375 0.1412333 0.6361421 0.1410338 0.6997843 0.1946675 0.6995325 0.1929225 0.7002142 0.1928918 0.6997843 0.1946675 0.7002142 0.1928918 0.7004727 0.1946829 0.6259149 0.1474082 0.6254587 0.1474121 0.6257816 0.145713 0.6259149 0.1474082 0.6257816 0.145713 0.6262238 0.1457744 0.7164374 0.1579977 0.7164555 0.1566668 0.7172967 0.156615 0.7164374 0.1579977 0.7172967 0.156615 0.7172783 0.1579612 0.6993973 0.1962056 0.6999658 0.1962899 0.7000654 0.1976822 0.6993973 0.1962056 0.7000654 0.1976822 0.6994937 0.1975517 0.5028174 0.4978424 0.5032105 0.4978491 0.5032105 0.4994973 0.5028174 0.4978424 0.5032105 0.4994973 0.5028174 0.4994292 0.376498 0.003109514 0.1620792 0.003046452 0.1672981 1.43051e-6 0.376498 0.003109514 0.1672981 1.43051e-6 0.3817133 6.44922e-5 0.7328997 0.1530194 0.7328997 0.1658333 0.7317569 0.1657413 0.7317569 0.1594282 0.7317569 0.1531152 0.7328997 0.1530194 0.7317569 0.1657413 0.7317569 0.1594282 0.7328997 0.1530194 0.7212987 0.1628053 0.7213048 0.1642876 0.7206375 0.1643701 0.7212987 0.1628053 0.7206375 0.1643701 0.720631 0.1628475 0.7033832 0.1876757 0.7037446 0.1891485 0.7029095 0.1891485 0.7033832 0.1876757 0.7029095 0.1891485 0.7025437 0.1876565 0.7206376 0.1595836 0.720631 0.1612156 0.7198595 0.1612136 0.7206376 0.1595836 0.7198595 0.1612136 0.7198661 0.159551 0.7554176 0.473625 0.7554176 0.4725587 0.7558897 0.4725722 0.7554176 0.473625 0.7558897 0.4725722 0.7558897 0.4736365 0.4054034 0.4994062 0.4054017 0.4979526 0.4057562 0.4979795 0.4054034 0.4994062 0.4057562 0.4979795 0.4057562 0.4994062 0.683668 0.1986678 0.6868908 0.198664 0.6868916 0.2002633 0.683668 0.1986678 0.6868916 0.2002633 0.683668 0.2002671 0.6896222 0.4904967 0.6892501 0.4905466 0.6884728 0.4889472 0.6896222 0.4904967 0.6884728 0.4889472 0.6888746 0.4889625 0.4418306 0.4875358 0.4418275 0.4887728 0.4385763 0.4887766 0.4418306 0.4875358 0.4385763 0.4887766 0.4385793 0.4875397 0.9052271 0.2991371 0.9052271 0.2113092 0.9099792 0.2084576 0.9052271 0.2991371 0.9099792 0.2084576 0.9099792 0.2991275 0.7216328 0.1811844 0.7217666 0.1798515 0.7224357 0.1797902 0.7216328 0.1811844 0.7224357 0.1797902 0.7223054 0.1810885 0.4918918 0.4642437 0.4918515 0.4656934 0.4914022 0.4656934 0.4918918 0.4642437 0.4914022 0.4656934 0.4914444 0.4642283 0.8632605 0.3230141 0.8668965 0.322995 0.8668965 0.3243144 0.8632605 0.3230141 0.8668965 0.3243144 0.8632605 0.3243336 0.7167917 0.1797212 0.7161315 0.1796272 0.7162731 0.1781295 0.7167917 0.1797212 0.7162731 0.1781295 0.7169369 0.1781851 0.6109568 0.1420042 0.6129924 0.143105 0.6128309 0.1431893 0.6109568 0.1420042 0.6128309 0.1431893 0.6108375 0.1421116 0.4899931 0.4766746 0.4913057 0.4751303 0.4916707 0.4752536 0.4899931 0.4766746 0.4916707 0.4752536 0.4904002 0.4767479 0.7003241 0.1893134 0.7011626 0.1892328 0.7015188 0.1909626 0.7003241 0.1893134 0.7015188 0.1909626 0.7006762 0.191024 0.5363328 0.4817712 0.5363346 0.4715424 0.5371155 0.4715424 0.5363328 0.4817712 0.5371155 0.4715424 0.5371155 0.4817712 0.6710491 0.1737399 0.6712176 0.1736402 0.6727407 0.1747563 0.6710491 0.1737399 0.6727407 0.1747563 0.6725301 0.1748272 0.6899995 0.4759569 0.6903986 0.4759569 0.6903986 0.4776253 0.6899995 0.4759569 0.6903986 0.4776253 0.6899995 0.4776367 0.9835942 0.5327394 0.9835942 0.4155768 0.9866493 0.4155768 0.9835942 0.5327394 0.9866493 0.4155768 0.9866493 0.5327394 0.7002142 0.1928918 0.7009946 0.1928534 0.7012582 0.1946829 0.7002142 0.1928918 0.7012582 0.1946829 0.7004727 0.1946829 0.7172654 0.164466 0.7181439 0.1644794 0.7181568 0.1658333 0.7172654 0.164466 0.7181568 0.1658333 0.7172783 0.1658141 0.6888763 0.4874131 0.6884737 0.4873402 0.6892501 0.4858291 0.6888763 0.4874131 0.6892501 0.4858291 0.6896222 0.4859634 0.7662432 0.4746394 0.7698879 0.4746336 0.7698932 0.4758341 0.7662432 0.4746394 0.7698932 0.4758341 0.7662484 0.4758399 0.8668965 0.322995 0.8687952 0.3229835 0.8687952 0.3243067 0.8668965 0.322995 0.8687952 0.3243067 0.8668965 0.3243144 0.7167917 0.1797212 0.7169369 0.1781851 0.7177051 0.1782349 0.7167917 0.1797212 0.7177051 0.1782349 0.7175568 0.1797997 0.8290115 0.324824 0.8290115 0.3230475 0.8315806 0.3230521 0.8290115 0.324824 0.8315806 0.3230521 0.8315806 0.3248283 0.7213172 0.1581453 0.72065 0.1580629 0.7206678 0.1567589 0.7213172 0.1581453 0.7206678 0.1567589 0.7213345 0.1568758 0.7222512 0.4882722 0.7223041 0.4896031 0.7219651 0.48958 0.7222512 0.4882722 0.7219651 0.48958 0.7219114 0.48823 0.6725301 0.1748272 0.6727407 0.1747563 0.6737515 0.1760507 0.6725301 0.1748272 0.6737515 0.1760507 0.6735129 0.1760891 0.4906389 0.479832 0.4916707 0.4812046 0.4912566 0.4813091 0.4906389 0.479832 0.4912566 0.4813091 0.4901826 0.4798819 0.6888149 0.4959774 0.6888114 0.4974579 0.6884732 0.4974848 0.6888149 0.4959774 0.6884732 0.4974848 0.6884771 0.4959852 0.7157419 0.1780719 0.7158805 0.1765282 0.7164162 0.1765378 0.7157419 0.1780719 0.7164162 0.1765378 0.7162731 0.1781295 0.4917672 0.4616855 0.4915689 0.4628591 0.4910987 0.4628514 0.4917672 0.4616855 0.4910987 0.4628514 0.4912952 0.4616702 0.782814 0.4927404 0.783286 0.492725 0.783286 0.4938143 0.782814 0.4927404 0.783286 0.4938143 0.782814 0.4938258 0.6992281 0.1911736 0.6999018 0.191093 0.7002142 0.1928918 0.6992281 0.1911736 0.7002142 0.1928918 0.6995325 0.1929225 0.7187891 0.1407884 0.7195841 0.1407884 0.7195858 0.1510173 0.7187891 0.1407884 0.7195858 0.1510173 0.7187909 0.1510173 0.7156566 0.1643643 0.7164245 0.1644257 0.7164374 0.1657605 0.7156566 0.1643643 0.7164374 0.1657605 0.7156691 0.1656723 0.7164245 0.1644257 0.7172654 0.164466 0.7172783 0.1658141 0.7164245 0.1644257 0.7172783 0.1658141 0.7164374 0.1657605 0.7179964 0.1749116 0.7172225 0.1749269 0.7173436 0.1734254 0.7179964 0.1749116 0.7173436 0.1734254 0.7181197 0.1733794 0.5031139 0.4790156 0.5034912 0.4790117 0.5034912 0.480333 0.5031139 0.4790156 0.5034912 0.480333 0.5031122 0.4803138 0.5028242 0.4908707 0.5028209 0.4893787 0.5031587 0.4894074 0.5028242 0.4908707 0.5031587 0.4894074 0.5031622 0.4908822 0.6624715 0.1723535 0.6604078 0.1728674 0.6603025 0.1727446 0.6624715 0.1723535 0.6603025 0.1727446 0.6624224 0.1722192 0.5031622 0.4908822 0.5031587 0.4894074 0.5034186 0.4894477 0.5031622 0.4908822 0.5034186 0.4894477 0.5034219 0.4908956 0.986158 0.1000645 0.986158 0.2172272 0.9827466 0.2172272 0.986158 0.1000645 0.9827466 0.2172272 0.9827466 0.1000645 0.9553204 0.3310564 0.9571208 0.3310638 0.9552397 0.4101617 0.9553204 0.3310564 0.9552397 0.4101617 0.9539973 0.4101567 0.4922867 0.4671202 0.4918936 0.4671432 0.4918515 0.4656934 0.4922867 0.4671202 0.4918515 0.4656934 0.4922446 0.4656934 0.6985738 0.1929608 0.6982906 0.1913346 0.6986834 0.1912503 0.6985738 0.1929608 0.6986834 0.1912503 0.6989779 0.1929455 0.5951002 0.148252 0.5959706 0.1498092 0.5957741 0.1498628 0.5951002 0.148252 0.5957741 0.1498628 0.5948826 0.148275 0.7156502 0.1628437 0.7156502 0.1612098 0.7164179 0.1612098 0.7156502 0.1628437 0.7164179 0.1612098 0.716418 0.1628743 0.9539937 0.5035465 0.9444159 0.5053319 0.9444159 0.4173659 0.9539937 0.5035465 0.9444159 0.4173659 0.9539937 0.4155796 0.673183 0.194261 0.6733585 0.1929321 0.6736111 0.1929205 0.673183 0.194261 0.6736111 0.1929205 0.6734216 0.1942878 0.8423168 0.3050991 0.8423168 0.3158267 0.8405839 0.316402 0.8423168 0.3050991 0.8405839 0.316402 0.8405839 0.3045546 0.7316959 0.1407846 0.7321627 0.1408038 0.7320328 0.1422727 0.7316959 0.1407846 0.7320328 0.1422727 0.731566 0.1422573 0.7057183 0.1771745 0.7052893 0.1771745 0.7053805 0.1754754 0.7057183 0.1771745 0.7053805 0.1754754 0.705806 0.1755445 0.7006267 0.1771361 0.7006337 0.1789963 0.6998177 0.1789695 0.7006267 0.1771361 0.6998177 0.1789695 0.6998098 0.1771323 0.7220593 0.1766797 0.7227204 0.1767008 0.7225773 0.1782944 0.7220593 0.1766797 0.7225773 0.1782944 0.7219123 0.1783155 0.5961741 0.1497516 0.5976482 0.1510978 0.5974798 0.1511861 0.5961741 0.1497516 0.5974798 0.1511861 0.5959706 0.1498092 0.4914022 0.4656934 0.4918515 0.4656934 0.4918936 0.4671432 0.4914022 0.4656934 0.4918936 0.4671432 0.4914444 0.4671586 0.7020367 0.1891753 0.7016693 0.1876795 0.7025437 0.1876565 0.7020367 0.1891753 0.7025437 0.1876565 0.7029095 0.1891485 0.6622679 0.1884792 0.6622258 0.1883527 0.6645141 0.1880439 0.6622679 0.1884792 0.6645141 0.1880439 0.6645071 0.1881781 0.7177051 0.1782349 0.7169369 0.1781851 0.7170839 0.1765493 0.7177051 0.1782349 0.7170839 0.1765493 0.7178551 0.1765666 0.7048523 0.1908552 0.7051647 0.1926501 0.7044153 0.1926885 0.7048523 0.1908552 0.7044153 0.1926885 0.7040966 0.190859 0.8868471 0.1000664 0.8868471 0.1863314 0.7428179 0.1864023 0.7678664 0.1410607 0.7452467 0.1001355 0.8868471 0.1000664 0.7428179 0.1864023 0.7678664 0.1410607 0.8868471 0.1000664 0.5257652 0.461674 0.5257652 0.4719029 0.5252563 0.471899 0.5257652 0.461674 0.5252563 0.471899 0.5252546 0.4616702 0.4795528 0.4617986 0.4795528 0.4726968 0.4784958 0.4728215 0.4795528 0.4617986 0.4784958 0.4728215 0.4784958 0.4616721 0.7219651 0.48958 0.7220327 0.4910835 0.7216396 0.4910835 0.7219651 0.48958 0.7216396 0.4910835 0.7215714 0.4895685 0.7670907 0.492399 0.7670381 0.4937721 0.7666081 0.4937338 0.7670907 0.492399 0.7666081 0.4937338 0.7666608 0.4923722 0.6570104 0.1911429 0.6583371 0.1899558 0.6584845 0.1900421 0.6570104 0.1911429 0.6584845 0.1900421 0.657186 0.1911985 0.7218343 0.1612175 0.7212986 0.1612156 0.721305 0.1596258 0.7218343 0.1612175 0.721305 0.1596258 0.7218404 0.1596795 0.5368049 0.5041046 0.5368049 0.5053281 0.5363328 0.5053357 0.5368049 0.5041046 0.5363328 0.5053357 0.5363328 0.5041084 0.7215714 0.4895685 0.7215175 0.488207 0.7219114 0.48823 0.7215714 0.4895685 0.7219114 0.48823 0.7219651 0.48958 0.6337906 0.1534528 0.636486 0.1536522 0.6364579 0.1539015 0.6337906 0.1534528 0.6364579 0.1539015 0.6336502 0.1536982 0.6072717 0.1533032 0.6072366 0.1531728 0.6097354 0.1526857 0.6072717 0.1533032 0.6097354 0.1526857 0.6098267 0.1528046 0.7180082 0.1407884 0.7187891 0.1407884 0.7187909 0.1510173 0.7180082 0.1407884 0.7187909 0.1510173 0.7180082 0.1510173 0.7201517 0.1799033 0.720995 0.1798899 0.7208585 0.1812477 0.7201517 0.1799033 0.7208585 0.1812477 0.7200136 0.1812783 0.8850852 0.3155966 0.885087 0.3145495 0.8869822 0.3144958 0.8850852 0.3155966 0.8869822 0.3144958 0.8869822 0.3155467 0.7228472 0.1809638 0.7223054 0.1810885 0.7224357 0.1797902 0.7228472 0.1809638 0.7224357 0.1797902 0.7229731 0.1797096 0.8706097 0.1953541 0.8725119 0.1953541 0.8725189 0.1964586 0.8706097 0.1953541 0.8725189 0.1964586 0.870615 0.1964586 0.9531269 0.1990543 0.8967618 0.1926818 0.9415521 0.1926933 0.9415521 0.1064207 0.8967618 0.1064082 0.9531269 0.1000655 0.9531269 0.1990543 0.9415521 0.1926933 0.9415521 0.1064207 0.9531269 0.1000655 0.9531269 0.1990543 0.9415521 0.1064207 0.4929044 0.4618734 0.4927166 0.4629933 0.4924077 0.462932 0.4929044 0.4618734 0.4924077 0.462932 0.492599 0.461789 0.6432298 0.1720504 0.6463043 0.1720466 0.6463043 0.2018244 0.6432298 0.1720504 0.6463043 0.2018244 0.6432298 0.2018244 0.6653354 0.1986161 0.6653213 0.1984684 0.6674903 0.198175 0.6653354 0.1986161 0.6674903 0.198175 0.6675745 0.198315 0.7819766 0.4756155 0.7819696 0.4771094 0.7817129 0.4770749 0.7819766 0.4756155 0.7817129 0.4770749 0.7817197 0.475604 0.7014988 0.1790116 0.7023763 0.1790116 0.7024903 0.1807414 0.7014988 0.1790116 0.7024903 0.1807414 0.7016138 0.180749 0.7206376 0.1595836 0.7198661 0.159551 0.7198788 0.1580015 0.7206376 0.1595836 0.7198788 0.1580015 0.72065 0.1580629 0.7023943 0.1909127 0.7020367 0.1891753 0.7029095 0.1891485 0.7023943 0.1909127 0.7029095 0.1891485 0.7032657 0.1908782 0.7203404 0.1407884 0.7210037 0.1407884 0.7210037 0.1510173 0.7203404 0.1407884 0.7210037 0.1510173 0.7203404 0.1510173 0.7198662 0.1644296 0.719023 0.164466 0.7190164 0.1628974 0.7198662 0.1644296 0.7190164 0.1628974 0.7198594 0.1628782 0.8973936 0.3076602 0.8973936 0.3060964 0.8978218 0.3060858 0.8973936 0.3076602 0.8978218 0.3060858 0.8978218 0.3075893 0.6576001 0.1964184 0.6566385 0.1952064 0.656863 0.1951546 0.6576001 0.1964184 0.656863 0.1951546 0.6577966 0.1963321 0.4054276 0.4925372 0.4054017 0.4908457 0.4059071 0.4907805 0.4054276 0.4925372 0.4059071 0.4907805 0.4059343 0.4925295 0.7029855 0.1946292 0.7038547 0.1945793 0.704047 0.1963014 0.7029855 0.1946292 0.704047 0.1963014 0.7031787 0.1963551 0.7035529 0.1821758 0.7027035 0.1822295 0.7024903 0.1807414 0.7035529 0.1821758 0.7024903 0.1807414 0.7033423 0.1807068 0.4164764 0.497339 0.4171389 0.4972565 0.4171389 0.4987754 0.4164764 0.497339 0.4171389 0.4987754 0.4164766 0.4988195 0.7819766 0.4756155 0.782312 0.4756251 0.782305 0.4771363 0.7819766 0.4756155 0.782305 0.4771363 0.7819696 0.4771094 0.7442095 0.4796426 0.7440183 0.4797117 0.7426074 0.478308 0.7442095 0.4796426 0.7426074 0.478308 0.7428285 0.4782696 0.7014909 0.1771438 0.7023683 0.1771515 0.7023763 0.1790116 0.7014909 0.1771438 0.7023763 0.1790116 0.7014988 0.1790116 0.7531469 0.4940243 0.7550912 0.4941211 0.7550912 0.4960954 0.7531469 0.4940243 0.7550912 0.4960954 0.7531469 0.4959985 0.4902089 0.4628898 0.4904055 0.4617238 0.4908319 0.4616855 0.4902089 0.4628898 0.4908319 0.4616855 0.4906336 0.4628591 0.5238823 0.4970398 0.5238823 0.4986853 0.5234261 0.4987197 0.5238823 0.4970398 0.5234261 0.4987197 0.5234261 0.4970092 0.7553597 0.4787759 0.7553808 0.4775351 0.7558528 0.4775313 0.7553597 0.4787759 0.7558528 0.4775313 0.75583 0.4787682 0.7040214 0.1789656 0.7032291 0.1789925 0.7032212 0.1771591 0.7040214 0.1789656 0.7032212 0.1771591 0.7040144 0.177163 0.5385 0.4661228 0.5384965 0.4616794 0.54102 0.461683 0.5385 0.4661228 0.54102 0.461683 0.54102 0.4661264 0.6999658 0.1962899 0.6997843 0.1946675 0.7004727 0.1946829 0.6999658 0.1962899 0.7004727 0.1946829 0.7006594 0.1963513 0.615028 0.1492607 0.6152035 0.1493067 0.6139962 0.1507872 0.615028 0.1492607 0.6139962 0.1507872 0.6138417 0.1507143 0.7698879 0.4735175 0.7717919 0.4735156 0.7717919 0.4746317 0.7698879 0.4735175 0.7717919 0.4746317 0.7698879 0.4746336 0.6667112 0.1883757 0.6667673 0.1882318 0.6689082 0.1886384 0.6667112 0.1883757 0.6689082 0.1886384 0.6687889 0.1887707 0.5237981 0.5041353 0.5237981 0.5053434 0.5234279 0.5054009 0.5237981 0.5041353 0.5234279 0.5054009 0.5234279 0.5042043 0.5486482 0.487252 0.5486078 0.4886443 0.5483043 0.4886443 0.5486482 0.487252 0.5483043 0.4886443 0.5483481 0.4872174 0.6734216 0.1942878 0.6726565 0.1955938 0.6724319 0.1955325 0.6734216 0.1942878 0.6724319 0.1955325 0.673183 0.194261 0.719897 0.1566706 0.7198788 0.1580015 0.7190361 0.1579612 0.719897 0.1566706 0.7190361 0.1579612 0.7190543 0.1566169 0.6110551 0.1419045 0.6131258 0.1430244 0.6129924 0.143105 0.6110551 0.1419045 0.6129924 0.143105 0.6109568 0.1420042 0.9485397 0.3310518 0.9508772 0.3310504 0.9509298 0.4101526 0.9485397 0.3310518 0.9509298 0.4101526 0.9493189 0.4101535 0.5365662 0.4886385 0.5365662 0.490117 0.5363346 0.4901266 0.5365662 0.4886385 0.5363346 0.4901266 0.5363346 0.4886193 0.756309 0.4762062 0.7562915 0.4775198 0.7558528 0.4775313 0.756309 0.4762062 0.7558528 0.4775313 0.7558704 0.4762042 0.8743281 0.3147873 0.8743281 0.3045584 0.8747458 0.3045584 0.8743281 0.3147873 0.8747458 0.3045584 0.8747493 0.3147873 0.636486 0.1536522 0.6391744 0.1534183 0.6392446 0.1536599 0.636486 0.1536522 0.6392446 0.1536599 0.6364579 0.1539015 0.7223185 0.1735539 0.7221979 0.1750535 0.7214341 0.1749998 0.7223185 0.1735539 0.7214341 0.1749998 0.7215574 0.1734695 0.4912952 0.4616702 0.4910987 0.4628514 0.4906336 0.4628591 0.4912952 0.4616702 0.4906336 0.4628591 0.4908319 0.4616855 0.5238683 0.4886654 0.5238683 0.49014 0.5236366 0.4901707 0.5238683 0.4886654 0.5236366 0.4901707 0.5236366 0.4886634 0.9344345 0.2087644 0.9344345 0.29935 0.9198975 0.2902582 0.9344345 0.2087644 0.9198975 0.2902582 0.9198975 0.2084576 0.6689082 0.1886384 0.6690346 0.1885175 0.6709508 0.1892673 0.6689082 0.1886384 0.6709508 0.1892673 0.6707753 0.189369 0.7819997 0.4928362 0.7819997 0.493891 0.7817119 0.4939447 0.7819997 0.4928362 0.7817119 0.4939447 0.7817119 0.4929091 0.7215477 0.4980064 0.7216056 0.4992068 0.7212082 0.4992414 0.7215477 0.4980064 0.7212082 0.4992414 0.7211502 0.4980294 0.4902089 0.468497 0.4906336 0.4685239 0.4908319 0.4696975 0.4902089 0.468497 0.4908319 0.4696975 0.4904055 0.4696553 0.9254059 0.3211156 0.9254059 0.3223506 0.9251198 0.3223966 0.9254059 0.3211156 0.9251198 0.3223966 0.9251198 0.3211808 0.628498 0.1427559 0.6281822 0.1426025 0.6304705 0.1415095 0.628498 0.1427559 0.6304705 0.1415095 0.6307091 0.1416974 0.7826961 0.4771535 0.7831168 0.4771612 0.7831166 0.4785419 0.7826961 0.4771535 0.7831166 0.4785419 0.7826963 0.4785304 0.7181372 0.1612117 0.7181438 0.1595222 0.7190231 0.1595299 0.7181372 0.1612117 0.7190231 0.1595299 0.7190164 0.1612136 0.6058889 0.1409073 0.6085351 0.1412563 0.608472 0.1413791 0.6058889 0.1409073 0.608472 0.1413791 0.6058748 0.1410377 0.6901003 0.4742271 0.6902951 0.4725702 0.6906926 0.4725971 0.6901003 0.4742271 0.6906926 0.4725971 0.6904996 0.4742425 0.5750074 0.1407922 0.5847765 0.1407846 0.5847765 0.1705623 0.5750074 0.1407922 0.5847765 0.1705623 0.5750074 0.1705662 0.7206375 0.1643701 0.7198662 0.1644296 0.7198594 0.1628782 0.7206375 0.1643701 0.7198594 0.1628782 0.720631 0.1628475 0.6576001 0.1964184 0.6577966 0.1963321 0.6592286 0.1973101 0.6576001 0.1964184 0.6592286 0.1973101 0.6590741 0.1974233 0.4925587 0.4656934 0.4922446 0.4656934 0.4922867 0.4642667 0.4925587 0.4656934 0.4922867 0.4642667 0.492599 0.4642974 0.537563 0.4914786 0.5373383 0.4915265 0.5365662 0.490117 0.537563 0.4914786 0.5365662 0.490117 0.5368049 0.4900978 0.4922112 0.4617276 0.492599 0.461789 0.4924077 0.462932 0.4922112 0.4617276 0.4924077 0.462932 0.4920164 0.4628898 0.7172586 0.1612117 0.7172653 0.159528 0.7181438 0.1595222 0.7172586 0.1612117 0.7181438 0.1595222 0.7181372 0.1612117 0.4904687 0.4656934 0.490044 0.4656934 0.4900861 0.4642437 0.4904687 0.4656934 0.4900861 0.4642437 0.4905108 0.4642283 0.5474742 0.5051823 0.5474725 0.5036329 0.5476796 0.5036674 0.5474742 0.5051823 0.5476796 0.5036674 0.5476796 0.5051862 0.7553334 0.4798402 0.7553597 0.4787759 0.75583 0.4787682 0.7553334 0.4798402 0.75583 0.4787682 0.7558054 0.4798306 0.6430789 0.1593707 0.6434071 0.15934 0.643357 0.1610046 0.6430789 0.1593707 0.643357 0.1610046 0.6430298 0.1610122 0.7015527 0.1978394 0.7014485 0.196382 0.7023001 0.196382 0.7015527 0.1978394 0.7023001 0.196382 0.7024056 0.1978586 0.6722424 0.1903738 0.6724529 0.1902991 0.6734497 0.1915417 0.6722424 0.1903738 0.6734497 0.1915417 0.673211 0.1915858 0.6128309 0.1431893 0.614305 0.1445356 0.6151614 0.1460582 0.6151614 0.1460582 0.6153368 0.1476537 0.6148315 0.1492185 0.6148315 0.1492185 0.6136662 0.1506376 0.6119255 0.1518228 0.6119255 0.1518228 0.6097354 0.1526857 0.6072366 0.1531728 0.6072366 0.1531728 0.6045973 0.1532495 0.6020072 0.1529082 0.6020072 0.1529082 0.5996347 0.1521756 0.5976482 0.1510978 0.5976482 0.1510978 0.5961741 0.1497516 0.5953178 0.148229 0.5953178 0.148229 0.5951423 0.1466335 0.5956477 0.1450687 0.5956477 0.1450687 0.5968129 0.1436496 0.5985537 0.1424645 0.5985537 0.1424645 0.6007437 0.1416015 0.6032426 0.1411144 0.6032426 0.1411144 0.6058748 0.1410377 0.608472 0.1413791 0.608472 0.1413791 0.6108375 0.1421116 0.6128309 0.1431893 0.6128309 0.1431893 0.6151614 0.1460582 0.6148315 0.1492185 0.6148315 0.1492185 0.6119255 0.1518228 0.6072366 0.1531728 0.6072366 0.1531728 0.6020072 0.1529082 0.5976482 0.1510978 0.5976482 0.1510978 0.5953178 0.148229 0.5956477 0.1450687 0.5956477 0.1450687 0.5985537 0.1424645 0.6032426 0.1411144 0.6032426 0.1411144 0.608472 0.1413791 0.6128309 0.1431893 0.6128309 0.1431893 0.6148315 0.1492185 0.6072366 0.1531728 0.6072366 0.1531728 0.5976482 0.1510978 0.5956477 0.1450687 0.5956477 0.1450687 0.6032426 0.1411144 0.6128309 0.1431893 0.6072366 0.1531728 0.5956477 0.1450687 0.6128309 0.1431893 0.7220593 0.1766797 0.7212928 0.1766548 0.7214341 0.1749998 0.7220593 0.1766797 0.7214341 0.1749998 0.7221979 0.1750535 0.9050095 0.3211463 0.9046656 0.322738 0.904434 0.3227419 0.9050095 0.3211463 0.904434 0.3227419 0.9047849 0.3211156 0.7156691 0.158059 0.7156869 0.1567531 0.7164555 0.1566668 0.7156691 0.158059 0.7164555 0.1566668 0.7164374 0.1579977 0.4279453 0.4900863 0.427949 0.4914441 0.4275287 0.4914364 0.4279453 0.4900863 0.4275287 0.4914364 0.4275248 0.4900825 0.7029553 0.1720734 0.7026684 0.1735616 0.7017928 0.1735424 0.7029553 0.1720734 0.7017928 0.1735424 0.7020806 0.1720466 0.4922867 0.4671202 0.4924077 0.468451 0.4920164 0.468497 0.4922867 0.4671202 0.4920164 0.468497 0.4918936 0.4671432 0.6634051 0.1822966 0.6656162 0.1824788 0.6656372 0.1826245 0.6634051 0.1822966 0.6656372 0.1826245 0.6633559 0.1824366 0.7427302 0.4738551 0.7429496 0.4739126 0.7421757 0.4753049 0.7427302 0.4738551 0.7421757 0.4753049 0.7419406 0.475278 0.7041525 0.1877332 0.7045071 0.1891791 0.7037446 0.1891485 0.7041525 0.1877332 0.7037446 0.1891485 0.7033832 0.1876757 0.6589408 0.1975306 0.6590741 0.1974233 0.6609343 0.1981539 0.6589408 0.1975306 0.6609343 0.1981539 0.660857 0.1982805 0.5133358 0.4880991 0.5133358 0.4929051 0.5133358 0.4925424 0.7149875 0.1627995 0.7149938 0.1642819 0.7144641 0.1641822 0.7149875 0.1627995 0.7144641 0.1641822 0.7144579 0.1627478 0.720995 0.1798899 0.7211428 0.1783232 0.7219123 0.1783155 0.720995 0.1798899 0.7219123 0.1783155 0.7217666 0.1798515 0.7819898 0.4740814 0.7817329 0.4740948 0.7817511 0.4726451 0.7819898 0.4740814 0.7817511 0.4726451 0.7820084 0.4726086 0.6058819 0.1407846 0.6085843 0.1411412 0.6085351 0.1412563 0.6058819 0.1407846 0.6085351 0.1412563 0.6058889 0.1409073 0.9082226 0.3145591 0.9082226 0.3155869 0.9077821 0.3156234 0.9082226 0.3145591 0.9077821 0.3156234 0.9077804 0.314584 0.6990842 0.1789273 0.6990771 0.1771246 0.6998098 0.1771323 0.6990842 0.1789273 0.6998098 0.1771323 0.6998177 0.1789695 0.731566 0.1422573 0.7313923 0.1437225 0.7309203 0.1437033 0.731566 0.1422573 0.7309203 0.1437033 0.731094 0.142242 0.7006267 0.1771361 0.6998098 0.1771323 0.6999081 0.1752951 0.7006267 0.1771361 0.6999081 0.1752951 0.7007258 0.1752798 0.7054007 0.1804537 0.7052963 0.1788697 0.7057253 0.1788083 0.7054007 0.1804537 0.7057253 0.1788083 0.7058262 0.1803309 0.7023683 0.1771515 0.7024683 0.1752951 0.7033203 0.175322 0.7023683 0.1771515 0.7033203 0.175322 0.7032212 0.1771591 0.6437422 0.1627267 0.6437931 0.1643912 0.6434071 0.164372 0.6437422 0.1627267 0.6434071 0.164372 0.643357 0.162719 0.547683 0.4715462 0.547683 0.4817712 0.547032 0.4817712 0.547683 0.4715462 0.547032 0.4817712 0.5470302 0.4715424 0.8522331 0.3168622 0.8522331 0.3045546 0.8533053 0.3046965 0.8522331 0.3168622 0.8533053 0.3046965 0.8533053 0.3167242 0.7158805 0.1765282 0.7160112 0.1749998 0.7165513 0.1749557 0.7158805 0.1765282 0.7165513 0.1749557 0.7164162 0.1765378 0.7309677 0.1462423 0.7311887 0.145084 0.7316573 0.1450878 0.7309677 0.1462423 0.7316573 0.1450878 0.7314361 0.1462423 0.740463 0.4954072 0.7427583 0.4954014 0.7427583 0.4971779 0.740463 0.4954072 0.7427583 0.4971779 0.740463 0.4971837 0.4406053 0.4974852 0.4385767 0.4973471 0.4385767 0.4955862 0.4406053 0.4974852 0.4385767 0.4955862 0.4406053 0.4957243 0.7225135 0.488322 0.7225655 0.4896376 0.7223041 0.4896031 0.7225135 0.488322 0.7223041 0.4896031 0.7222512 0.4882722 0.5953178 0.148229 0.5961741 0.1497516 0.5959706 0.1498092 0.5953178 0.148229 0.5959706 0.1498092 0.5951002 0.148252 0.8978218 0.3075893 0.8985939 0.3090122 0.8981938 0.3091388 0.8978218 0.3075893 0.8981938 0.3091388 0.8973936 0.3076602 0.7007617 0.1977781 0.7006594 0.1963513 0.7014485 0.196382 0.7007617 0.1977781 0.7014485 0.196382 0.7015527 0.1978394 0.5479182 0.490094 0.5479182 0.4886404 0.5483043 0.4886443 0.5479182 0.490094 0.5483043 0.4886443 0.5483043 0.4900748 0.5963075 0.1889337 0.5963075 0.1761159 0.5965216 0.1759855 0.5750074 0.1891025 0.5750074 0.1760277 0.5752251 0.1761581 0.5750074 0.1891025 0.5752251 0.1761581 0.5752215 0.1889721 0.5963075 0.1889337 0.5965216 0.1759855 0.5965216 0.1890641 0.5750074 0.1891025 0.5752215 0.1889721 0.5963075 0.1889337 0.5963075 0.1889337 0.5965216 0.1890641 0.5750074 0.1891025 0.6120659 0.1519225 0.6119255 0.1518228 0.6136662 0.1506376 0.6120659 0.1519225 0.6136662 0.1506376 0.6138417 0.1507143 0.8824495 0.1919521 0.8827092 0.1918217 0.8827092 0.2024898 0.8824495 0.1919521 0.8827092 0.2024898 0.8824425 0.2023613 0.7181569 0.1579478 0.7190361 0.1579612 0.7190231 0.1595299 0.7181569 0.1579478 0.7190231 0.1595299 0.7181438 0.1595222 0.7007477 0.180726 0.7006337 0.1789963 0.7014988 0.1790116 0.7007477 0.180726 0.7014988 0.1790116 0.7016138 0.180749 0.9892798 0.2226465 0.9885814 0.3017473 0.9869635 0.3017453 0.9892798 0.2226465 0.9869635 0.3017453 0.9869353 0.2226437 0.6985738 0.1929608 0.6989779 0.1929455 0.6992214 0.194633 0.6985738 0.1929608 0.6992214 0.194633 0.6988081 0.194587 0.6984647 0.1788735 0.6984577 0.1771208 0.6990771 0.1771246 0.6984647 0.1788735 0.6990771 0.1771246 0.6990842 0.1789273 0.5976482 0.1510978 0.5996347 0.1521756 0.5995083 0.152283 0.5976482 0.1510978 0.5995083 0.152283 0.5974798 0.1511861 0.6694908 0.1975575 0.6711754 0.1966562 0.6713579 0.1967502 0.6694908 0.1975575 0.6713579 0.1967502 0.6696312 0.1976783 0.4784126 0.4966831 0.47924 0.4965987 0.47924 0.4980754 0.4784126 0.4966831 0.47924 0.4980754 0.4784126 0.4981406 0.6032426 0.1411144 0.6031935 0.140984 0.6058889 0.1409073 0.6032426 0.1411144 0.6058889 0.1409073 0.6058748 0.1410377 0.7216328 0.1811844 0.7208585 0.1812477 0.720995 0.1798899 0.7216328 0.1811844 0.720995 0.1798899 0.7217666 0.1798515 0.7040144 0.177163 0.7032212 0.1771591 0.7033203 0.175322 0.7040144 0.177163 0.7033203 0.175322 0.7041109 0.1753642 0.7012742 0.4908131 0.7008987 0.490792 0.7009004 0.4894976 0.7012742 0.4908131 0.7009004 0.4894976 0.701276 0.4894976 0.7827033 0.4756309 0.7827169 0.4740641 0.7831374 0.4740622 0.7827033 0.4756309 0.7831374 0.4740622 0.7831238 0.4756328 0.5139202 0.4616702 0.5146765 0.4616702 0.5146765 0.471899 0.5139202 0.4616702 0.5146765 0.471899 0.5139202 0.471899 0.6471291 0.331053 0.7890383 0.3310492 0.7890383 0.4671356 0.6471291 0.331053 0.7890383 0.4671356 0.6471291 0.4671394 0.7169369 0.1781851 0.7162731 0.1781295 0.7164162 0.1765378 0.7169369 0.1781851 0.7164162 0.1765378 0.7170839 0.1765493 0.5614532 0.3616017 0.5704343 0.3616055 0.5704343 0.4730535 0.5704343 0.4730535 0.5704343 0.4976573 0.5614532 0.4976573 0.5704343 0.4730535 0.5614532 0.4976573 0.5614532 0.3616017 0.6906926 0.480379 0.6902951 0.4804098 0.6901003 0.4791556 0.6906926 0.480379 0.6901003 0.4791556 0.6904987 0.4791325 0.7172588 0.1628954 0.7172586 0.1612117 0.7181372 0.1612117 0.7172588 0.1628954 0.7181372 0.1612117 0.7181372 0.1629031 0.7198595 0.1612136 0.7190164 0.1612136 0.7190231 0.1595299 0.7198595 0.1612136 0.7190231 0.1595299 0.7198661 0.159551 0.5146765 0.4616702 0.5153399 0.4616702 0.5153399 0.471899 0.5146765 0.4616702 0.5153399 0.471899 0.5146765 0.471899 0.4389294 0.5029233 0.4389294 0.5043961 0.4385767 0.5043577 0.4389294 0.5029233 0.4385767 0.5043577 0.4385749 0.5029041 0.9345011 0.331053 0.9345011 0.47346 0.9282153 0.47346 0.9345011 0.331053 0.9282153 0.47346 0.9282153 0.3310492 0.7419406 0.475278 0.7418984 0.4767968 0.7416685 0.4768045 0.7419406 0.475278 0.7416685 0.4768045 0.7417107 0.4752588 1 0.502952 0.9965658 0.502954 0.9965658 0.4155825 1 0.502952 0.9965658 0.4155825 1 0.4155806 0.7698879 0.4735175 0.7698879 0.4746336 0.7662432 0.4746394 0.7698879 0.4735175 0.7662432 0.4746394 0.7662449 0.4735233 0.6290807 0.1518496 0.6312637 0.1528391 0.631025 0.1530577 0.6290807 0.1518496 0.631025 0.1530577 0.6287578 0.1520298 0.7215714 0.4895685 0.7216396 0.4910835 0.7212187 0.4910873 0.7215714 0.4895685 0.7212187 0.4910873 0.7211505 0.4895685 0.7425881 0.4887037 0.7423021 0.4886884 0.7424758 0.4874035 0.7425881 0.4887037 0.7424758 0.4874035 0.7427601 0.4874457 0.8193758 0.1918256 0.8201023 0.1918217 0.8201023 0.2020506 0.8193758 0.1918256 0.8201023 0.2020506 0.8193758 0.2020506 0.4569462 0.5044507 0.4569462 0.5057404 0.4567006 0.5057241 0.4569462 0.5044507 0.4567006 0.5057241 0.4566935 0.504468 0.6899995 0.4776367 0.6903986 0.4776253 0.6904987 0.4791325 0.6899995 0.4776367 0.6904987 0.4791325 0.6901003 0.4791556 0.6537079 0.156853 0.6634981 0.1568528 0.6634981 0.1657019 0.6537079 0.156853 0.6634981 0.1657019 0.6537079 0.1657022 0.6333142 0.1759874 0.6333142 0.2018244 0.6271547 0.2012624 0.6333142 0.1759874 0.6271547 0.2012624 0.6271547 0.1759912 0.3974488 0.2116122 0.3916298 0.2084557 0.5727946 0.2085094 0.5727946 0.3561862 0.3974488 0.3529798 0.5669773 0.3530297 0.5669773 0.2116621 0.3974488 0.2116122 0.5727946 0.2085094 0.5727946 0.3561862 0.5669773 0.3530297 0.5669773 0.2116621 0.5727946 0.2085094 0.5727946 0.3561862 0.5669773 0.2116621 0.689165 0.4776253 0.6892659 0.479144 0.6888886 0.4791057 0.689165 0.4776253 0.6888886 0.4791057 0.6887878 0.4775984 0.7009004 0.4894976 0.7006126 0.4894976 0.7006196 0.4882319 0.7009004 0.4894976 0.7006196 0.4882319 0.7009092 0.4882051 0.9464726 0.4101617 0.9444159 0.3310636 0.9463322 0.3310564 0.9464726 0.4101617 0.9463322 0.3310564 0.9477957 0.4101567 0.7839306 0.4785074 0.7835377 0.4785342 0.7835377 0.4771574 0.7839306 0.4785074 0.7835377 0.4771574 0.7839304 0.4771401 0.6979778 0.1771169 0.6984577 0.1771208 0.6984647 0.1788735 0.6979778 0.1771169 0.6984647 0.1788735 0.6979848 0.1788122 0.7201517 0.1799033 0.719273 0.1798937 0.719424 0.1783021 0.7201517 0.1799033 0.719424 0.1783021 0.7203013 0.1783193 0.7317556 0.4725549 0.7317556 0.4827838 0.7314116 0.4827876 0.7317556 0.4725549 0.7314116 0.4827876 0.7314116 0.4725587 0.7214968 0.4725549 0.7214968 0.4827876 0.7211529 0.4827876 0.7214968 0.4725549 0.7211529 0.4827876 0.7211529 0.4725587 0.6988081 0.194587 0.6992214 0.194633 0.6993973 0.1962056 0.6988081 0.194587 0.6993973 0.1962056 0.6989774 0.1960982 0.6982906 0.1913346 0.6979777 0.189812 0.698358 0.1896739 0.6982906 0.1913346 0.698358 0.1896739 0.6986834 0.1912503 0.6431745 0.1657988 0.6429262 0.1657336 0.6428323 0.1642992 0.6431745 0.1657988 0.6428323 0.1642992 0.6430798 0.1643413 0.7224357 0.1797902 0.7217666 0.1798515 0.7219123 0.1783155 0.7224357 0.1797902 0.7219123 0.1783155 0.7225773 0.1782944 0.4271335 0.5040087 0.427409 0.5040701 0.427409 0.5053818 0.4271335 0.5040087 0.427409 0.5053818 0.4271352 0.5053473 0.9893886 0.4093894 0.9863738 0.4099522 0.9863738 0.3141631 0.9893886 0.4093894 0.9863738 0.3141631 0.9893886 0.3136003 0.6287578 0.1520298 0.627003 0.1506837 0.627396 0.1505532 0.6287578 0.1520298 0.627396 0.1505532 0.6290807 0.1518496 0.9717561 7.38502e-5 0.969524 0.07866901 0.966983 0.07861721 0.9717561 7.38502e-5 0.966983 0.07861721 0.9700013 3.73721e-5 0.4924077 0.468451 0.492599 0.469594 0.4922112 0.4696553 0.4924077 0.468451 0.4922112 0.4696553 0.4920164 0.468497 0.7847794 0.4864217 0.7845723 0.4867774 0.7842775 0.4870564 0.7842775 0.4870564 0.7839125 0.4872376 0.7835088 0.4873105 0.7835088 0.4873105 0.7830913 0.4872683 0.7826876 0.4871159 0.7826876 0.4871159 0.7823261 0.4868617 0.7820313 0.4865242 0.7820313 0.4865242 0.7818207 0.4861263 0.7817155 0.4856958 0.7817155 0.4856958 0.7817155 0.4852595 0.7818242 0.4848501 0.7818242 0.4848501 0.7820313 0.4844943 0.7823261 0.4842154 0.7823261 0.4842154 0.7826911 0.4840341 0.7830947 0.4839612 0.7830947 0.4839612 0.7835124 0.4840025 0.783916 0.4841559 0.783916 0.4841559 0.7842775 0.484409 0.7845723 0.4847475 0.7845723 0.4847475 0.7847794 0.4851445 0.7848882 0.4855759 0.7848882 0.4855759 0.7848882 0.4860113 0.7847794 0.4864217 0.7847794 0.4864217 0.7842775 0.4870564 0.7835088 0.4873105 0.7835088 0.4873105 0.7826876 0.4871159 0.7820313 0.4865242 0.7820313 0.4865242 0.7817155 0.4856958 0.7818242 0.4848501 0.7818242 0.4848501 0.7823261 0.4842154 0.7830947 0.4839612 0.7830947 0.4839612 0.783916 0.4841559 0.7845723 0.4847475 0.7845723 0.4847475 0.7848882 0.4855759 0.7847794 0.4864217 0.7847794 0.4864217 0.7835088 0.4873105 0.7820313 0.4865242 0.7820313 0.4865242 0.7818242 0.4848501 0.7830947 0.4839612 0.7830947 0.4839612 0.7845723 0.4847475 0.7847794 0.4864217 0.7820313 0.4865242 0.7830947 0.4839612 0.7847794 0.4864217 0.5133394 0.4999815 0.513134 0.4999662 0.5131323 0.4983362 0.5133394 0.4999815 0.5131323 0.4983362 0.5133394 0.4983208 0 0.6539744 0.1496235 0.6574773 0.152161 0.6587814 0 0.6539744 0.152161 0.6587814 3.50965e-6 0.6552193 0.3151001 0.5217568 0.3151001 0.4271845 0.369598 0.4272122 0.3151001 0.5217568 0.369598 0.4272122 0.369598 0.5217837 0.1496235 0.001303553 0.152161 1.43051e-6 0.152161 0.6587814 0.1496235 0.001303553 0.152161 0.6587814 0.1496235 0.6574773 0.5365662 0.4886385 0.5373313 0.4871925 0.537563 0.4872347 0.5365662 0.4886385 0.537563 0.4872347 0.5368049 0.4886519 0.5264163 0.461674 0.5264163 0.4719029 0.5257652 0.4719029 0.5264163 0.461674 0.5257652 0.4719029 0.5257652 0.461674 0.9960745 0.1000655 0.9989243 0.100591 0.9989243 0.1964145 0.9960745 0.1000655 0.9989243 0.1964145 0.9960745 0.1958901 0.504004 0.4616702 0.504004 0.4722673 0.5028209 0.4722021 0.504004 0.4616702 0.5028209 0.4722021 0.5028208 0.4617354 0.7278352 0.202944 0.7278352 0.2011675 0.7304149 0.2011646 0.7278352 0.202944 0.7304149 0.2011646 0.7304149 0.202941 0.6895783 0.475953 0.6899995 0.4759569 0.6899995 0.4776367 0.6895783 0.475953 0.6899995 0.4776367 0.6895783 0.4776367 0.6667673 0.1882318 0.6668375 0.1880995 0.6690346 0.1885175 0.6667673 0.1882318 0.6690346 0.1885175 0.6689082 0.1886384 0.6593198 0.1810693 0.6591795 0.1811614 0.6576563 0.1800472 0.6593198 0.1810693 0.6576563 0.1800472 0.6578317 0.1799839 0.9689975 0.4099004 0.9670321 0.4099522 0.9699522 0.3311154 0.9689975 0.4099004 0.9699522 0.3311154 0.9713069 0.331079 0.7223185 0.1735539 0.7215574 0.1734695 0.7216539 0.1721674 0.7223185 0.1735539 0.7216539 0.1721674 0.7224137 0.1722767 0.4176101 0.4732836 0.4164766 0.4731974 0.4164765 0.4617584 0.4176101 0.4732836 0.4164765 0.4617584 0.4176101 0.461674 0.503486 0.4777039 0.5039265 0.4776886 0.5039317 0.4790117 0.503486 0.4777039 0.5039317 0.4790117 0.5034912 0.4790117 0.7167917 0.1797212 0.7175568 0.1797997 0.7174208 0.1811594 0.7167917 0.1797212 0.7174208 0.1811594 0.7166579 0.1810539 0.8433774 0.2022884 0.8433774 0.1918217 0.8453213 0.1918217 0.8433774 0.2022884 0.8453213 0.1918217 0.8453213 0.2022884 0.8923186 0.3213112 0.8927223 0.3211578 0.8931399 0.3211156 0.8931399 0.3211156 0.8935435 0.3211885 0.893905 0.3213698 0.893905 0.3213698 0.8942033 0.3216487 0.8944104 0.3220044 0.8944104 0.3220044 0.8945192 0.3224149 0.8945192 0.3228502 0.8945192 0.3228502 0.8944104 0.3232817 0.8942033 0.3236786 0.8942033 0.3236786 0.8939085 0.3240171 0.893547 0.3242703 0.893547 0.3242703 0.8931434 0.3244237 0.8927258 0.3244649 0.8927258 0.3244649 0.8923221 0.324392 0.8919571 0.3242117 0.8919571 0.3242117 0.8916623 0.3239327 0.8914552 0.323576 0.8914552 0.323576 0.8913465 0.3231666 0.8913465 0.3227313 0.8913465 0.3227313 0.8914517 0.3222998 0.8916623 0.3219019 0.8916623 0.3219019 0.8919571 0.3215644 0.8923186 0.3213112 0.8923186 0.3213112 0.8931399 0.3211156 0.893905 0.3213698 0.893905 0.3213698 0.8944104 0.3220044 0.8945192 0.3228502 0.8945192 0.3228502 0.8942033 0.3236786 0.893547 0.3242703 0.893547 0.3242703 0.8927258 0.3244649 0.8919571 0.3242117 0.8919571 0.3242117 0.8914552 0.323576 0.8913465 0.3227313 0.8913465 0.3227313 0.8916623 0.3219019 0.8923186 0.3213112 0.8923186 0.3213112 0.893905 0.3213698 0.8945192 0.3228502 0.8945192 0.3228502 0.893547 0.3242703 0.8919571 0.3242117 0.8919571 0.3242117 0.8913465 0.3227313 0.8923186 0.3213112 0.8945192 0.3228502 0.8919571 0.3242117 0.8923186 0.3213112 0.704339 0.1820837 0.7035529 0.1821758 0.7033423 0.1807068 0.704339 0.1820837 0.7033423 0.1807068 0.704132 0.1806417 0.4385763 0.4887766 0.4418275 0.4887728 0.4418306 0.490163 0.4385763 0.4887766 0.4418306 0.490163 0.4385793 0.4901688 0.7017928 0.1735424 0.7009259 0.1735501 0.7012128 0.1720619 0.7017928 0.1735424 0.7012128 0.1720619 0.7020806 0.1720466 0.3916316 0.456176 0.3916316 0.3616036 0.5515384 0.3616833 0.3916316 0.456176 0.5515384 0.3616833 0.5515384 0.4562546 0.7531539 0.4868728 0.7532627 0.4864413 0.7534698 0.4860438 0.7534698 0.4860438 0.7537681 0.4857063 0.7541296 0.4854522 0.7541296 0.4854522 0.7545332 0.4852998 0.7549508 0.4852581 0.7549508 0.4852581 0.7553544 0.48533 0.7557159 0.4855117 0.7557159 0.4855117 0.7560142 0.4857898 0.7562213 0.4861465 0.7562213 0.4861465 0.7563266 0.4865559 0.7563266 0.4869912 0.7563266 0.4869912 0.7562178 0.4874227 0.7560107 0.4878206 0.7560107 0.4878206 0.7557124 0.4881581 0.755351 0.4884117 0.755351 0.4884117 0.7549473 0.4885646 0.7545297 0.4886063 0.7545297 0.4886063 0.7541261 0.488534 0.7537646 0.4883523 0.7537646 0.4883523 0.7534698 0.4880742 0.7532592 0.487718 0.7532592 0.487718 0.7531539 0.4873081 0.7531539 0.4868728 0.7531539 0.4868728 0.7534698 0.4860438 0.7541296 0.4854522 0.7541296 0.4854522 0.7549508 0.4852581 0.7557159 0.4855117 0.7557159 0.4855117 0.7562213 0.4861465 0.7563266 0.4869912 0.7563266 0.4869912 0.7560107 0.4878206 0.755351 0.4884117 0.755351 0.4884117 0.7545297 0.4886063 0.7537646 0.4883523 0.7537646 0.4883523 0.7532592 0.487718 0.7531539 0.4868728 0.7531539 0.4868728 0.7541296 0.4854522 0.7557159 0.4855117 0.7557159 0.4855117 0.7563266 0.4869912 0.755351 0.4884117 0.755351 0.4884117 0.7537646 0.4883523 0.7531539 0.4868728 0.7557159 0.4855117 0.755351 0.4884117 0.7531539 0.4868728 0.5750074 4.22001e-5 0.7328997 0 0.7328997 0.1353268 0.5750074 4.22001e-5 0.7328997 0.1353268 0.5750074 0.135369 0.7107784 0.5056924 0.7107784 0.5045226 0.7110521 0.5044459 0.7107784 0.5056924 0.7110521 0.5044459 0.7110521 0.5056349 0.8787152 0.3255594 0.8787082 0.3211161 0.8814317 0.3211185 0.8787152 0.3255594 0.8814317 0.3211185 0.8814317 0.3255618 0.4924077 0.462932 0.4927166 0.4629933 0.492599 0.4642974 0.4924077 0.462932 0.492599 0.4642974 0.4922867 0.4642667 0.7006109 0.4725549 0.7009636 0.4725549 0.7009636 0.4827838 0.7006109 0.4725549 0.7009636 0.4827838 0.7006092 0.4827838 0.6645071 0.1881781 0.6645141 0.1880439 0.6668375 0.1880995 0.6645071 0.1881781 0.6668375 0.1880995 0.6667673 0.1882318 0.491297 0.469709 0.4910987 0.4685354 0.4915689 0.4685239 0.491297 0.469709 0.4915689 0.4685239 0.4917672 0.4696975 0.7228555 0.1751188 0.7221979 0.1750535 0.7223185 0.1735539 0.7228555 0.1751188 0.7223185 0.1735539 0.7229731 0.1736574 0.6262238 0.1457744 0.6257816 0.145713 0.6268205 0.1441252 0.6262238 0.1457744 0.6268205 0.1441252 0.6272205 0.144244 0.789542 0.201088 0.7877573 0.2008003 0.7877573 0.192094 0.789542 0.201088 0.7877573 0.192094 0.789542 0.1918217 0.4898948 0.4783266 0.4904002 0.4767479 0.4908494 0.4768169 0.4898948 0.4783266 0.4908494 0.4768169 0.4903652 0.4783367 0.4385763 0.4633002 0.4466902 0.4633002 0.4467108 0.4649379 0.4385763 0.4633002 0.4467108 0.4649379 0.4385969 0.4649379 0.7760474 0.1918237 0.7760474 0.2010899 0.7742627 0.2008099 0.7760474 0.1918237 0.7742627 0.2008099 0.7742627 0.1921036 0.9738759 0.4098592 0.9713279 0.4098688 0.9729143 0.3310569 0.9738759 0.4098592 0.9729143 0.3310569 0.9746691 0.3310502 0.7428162 0.2020545 0.7428179 0.1918256 0.7445675 0.1921285 0.7428162 0.2020545 0.7445675 0.1921285 0.7445675 0.20174 0.7328997 0.1712489 0.7328997 0.1814815 0.7328997 0.1763652 0.7859639 0.1918256 0.7877573 0.192094 0.7877573 0.2008003 0.7877573 0.2008003 0.7859621 0.201088 0.7859639 0.1964586 0.7877573 0.2008003 0.7859639 0.1964586 0.7859639 0.1918256 0.6582077 0.4967944 0.6582077 0.4982403 0.6574847 0.4981368 0.6582077 0.4967944 0.6574847 0.4981368 0.6574847 0.4966601 0.6427841 0.1610276 0.6428323 0.1594091 0.6430789 0.1593707 0.6427841 0.1610276 0.6430789 0.1593707 0.6430298 0.1610122 0.6257991 0.1603794 0.6236231 0.1602069 0.6320358 0.1601915 0.6320358 0.1704204 0.6236231 0.1704396 0.6257991 0.1702593 0.6320358 0.1704204 0.6257991 0.1702593 0.6278277 0.1697454 0.6278312 0.1608857 0.6257991 0.1603794 0.6320358 0.1601915 0.629572 0.161695 0.6278312 0.1608857 0.6320358 0.1601915 0.6320358 0.1704204 0.6278277 0.1697454 0.629572 0.1689285 0.6320358 0.1704204 0.629572 0.1689285 0.6309092 0.1678661 0.6309092 0.1627535 0.629572 0.161695 0.6320358 0.1601915 0.6317515 0.1639847 0.6309092 0.1627535 0.6320358 0.1601915 0.6320358 0.1704204 0.6309092 0.1678661 0.6317515 0.1666311 0.6320358 0.1653078 0.6317515 0.1639847 0.6320358 0.1601915 0.6320358 0.1704204 0.6317515 0.1666311 0.6320358 0.1653078 0.6320358 0.1601915 0.6320358 0.1704204 0.6320358 0.1653078 0.6471291 0.4827838 0.6471273 0.4725549 0.6475678 0.4725549 0.6471291 0.4827838 0.6475678 0.4725549 0.6475678 0.4827838 0.6729864 0.1800453 0.6727618 0.1799724 0.6735059 0.1787527 0.6729864 0.1800453 0.6735059 0.1787527 0.6737515 0.1787891 0.7724675 0.1964548 0.7724675 0.1918217 0.7742627 0.1921036 0.7742627 0.1921036 0.7742627 0.2008099 0.7724693 0.201088 0.7742627 0.1921036 0.7724693 0.201088 0.7724675 0.1964548 0.7009946 0.1928534 0.701841 0.1928151 0.7021077 0.1946637 0.7009946 0.1928534 0.7021077 0.1946637 0.7012582 0.1946829 0.6736673 0.1943147 0.6728811 0.1956533 0.6726565 0.1955938 0.6736673 0.1943147 0.6726565 0.1955938 0.6734216 0.1942878 0.5236366 0.4886634 0.5236366 0.4901707 0.5234261 0.4902048 0.5236366 0.4886634 0.5234261 0.4902048 0.5234261 0.4886682 0.6858484 0.1407884 0.6858484 0.1634458 0.6811394 0.1643356 0.6858484 0.1407884 0.6811394 0.1643356 0.6811394 0.1458357 0.8078729 0.1918217 0.8078729 0.1969381 0.8075851 0.1956149 0.8078729 0.1918217 0.8075851 0.1956149 0.8067463 0.1943838 0.8016397 0.1920096 0.7994602 0.1918409 0.8078729 0.1918217 0.8036683 0.1925159 0.8016397 0.1920096 0.8078729 0.1918217 0.8078729 0.1918217 0.8067463 0.1943838 0.8054091 0.1933252 0.8078729 0.1918217 0.8054091 0.1933252 0.8036683 0.1925159 0.4770267 0.5037556 0.4774724 0.5037671 0.4774724 0.5051248 0.4770267 0.5037556 0.4774724 0.5051248 0.4770267 0.5051017 0.4927377 0.4867725 0.4927122 0.4883144 0.4894693 0.4882684 0.4927377 0.4867725 0.4894693 0.4882684 0.4894948 0.4867265 0.9639103 0.4155845 0.9736794 0.4155806 0.9736794 0.502952 0.9639103 0.4155845 0.9736794 0.502952 0.9639103 0.5029578 0.6594743 0.1809676 0.6593198 0.1810693 0.6578317 0.1799839 0.6594743 0.1809676 0.6578317 0.1799839 0.6580283 0.179911 0.8725277 0.1973983 0.8706254 0.1973945 0.870615 0.1964586 0.8725277 0.1973983 0.870615 0.1964586 0.8725189 0.1964586 0.7324645 0.1422842 0.7322943 0.1437301 0.7318608 0.1437301 0.7324645 0.1422842 0.7318608 0.1437301 0.7320328 0.1422727 0.3814536 0.4272535 0.3814536 0.5058305 0.3795093 0.5057317 0.3814536 0.4272535 0.3795093 0.5057317 0.3801129 0.4271845 0.4467108 0.4649379 0.4467783 0.4664682 0.4386644 0.4664682 0.4467108 0.4649379 0.4386644 0.4664682 0.4385969 0.4649379 0.667006 0.1723726 0.6670691 0.1722384 0.6692802 0.172783 0.667006 0.1723726 0.6692802 0.172783 0.6691609 0.1729038 0.6781597 0.4725549 0.6785562 0.4725549 0.6785562 0.4827876 0.6781597 0.4725549 0.6785562 0.4827876 0.6781597 0.4827838 0.4927693 0.4656934 0.4925587 0.4656934 0.492599 0.4642974 0.4927693 0.4656934 0.492599 0.4642974 0.4928079 0.4643319 0.7014909 0.1771438 0.7015919 0.1752798 0.7024683 0.1752951 0.7014909 0.1771438 0.7024683 0.1752951 0.7023683 0.1771515 0.698069 0.1754179 0.6982515 0.1738377 0.6987403 0.1737303 0.698069 0.1754179 0.6987403 0.1737303 0.6985516 0.175368 0.9148558 1 0.9148558 0.3310504 0.9182971 0.3316617 0.9148558 1 0.9182971 0.3316617 0.9182971 0.9993888 0.8632201 0.3255608 0.8632605 0.3243336 0.8668965 0.3243144 0.8632201 0.3255608 0.8668965 0.3243144 0.8668578 0.3255416 0.7149875 0.1627995 0.7156502 0.1628437 0.7156566 0.1643643 0.7149875 0.1627995 0.7156566 0.1643643 0.7149938 0.1642819 0.7212986 0.1612156 0.720631 0.1612156 0.7206376 0.1595836 0.7212986 0.1612156 0.7206376 0.1595836 0.721305 0.1596258 0.7698932 0.4725587 0.7717954 0.4725568 0.7717919 0.4735156 0.7698932 0.4725587 0.7717919 0.4735156 0.7698879 0.4735175 0.5983993 0.1423647 0.5982449 0.1422727 0.6005331 0.1413714 0.5983993 0.1423647 0.6005331 0.1413714 0.6006385 0.1414826 0.4927166 0.4683935 0.4924077 0.468451 0.4922867 0.4671202 0.4927166 0.4683935 0.4922867 0.4671202 0.4925973 0.4670895 0.7024056 0.1978586 0.7023001 0.196382 0.7031787 0.1963551 0.7024056 0.1978586 0.7031787 0.1963551 0.7032845 0.1978356 0.6058819 0.1407846 0.6058889 0.1409073 0.6031935 0.140984 0.6058819 0.1407846 0.6031935 0.140984 0.6031373 0.1408651 0.6437422 0.1609969 0.6437422 0.1627267 0.643357 0.162719 0.6437422 0.1609969 0.643357 0.162719 0.643357 0.1610046 0.405693 0.4801067 0.406072 0.4801067 0.406072 0.4814203 0.405693 0.4801067 0.406072 0.4814203 0.405693 0.4813992 0.7015919 0.1752798 0.7007258 0.1752798 0.7009259 0.1735501 0.7015919 0.1752798 0.7009259 0.1735501 0.7017928 0.1735424 0.5951002 0.148252 0.5948826 0.148275 0.5946931 0.1466143 0.5951002 0.148252 0.5946931 0.1466143 0.5949177 0.146622 0.6781846 0.4898063 0.6777179 0.4897987 0.6781044 0.4882032 0.6781846 0.4898063 0.6781044 0.4882032 0.6785567 0.488276 0.5368049 0.4886519 0.5368049 0.4900978 0.5365662 0.490117 0.5368049 0.4886519 0.5365662 0.490117 0.5365662 0.4886385 0.7817197 0.475604 0.7817329 0.4740948 0.7819898 0.4740814 0.7817197 0.475604 0.7819898 0.4740814 0.7819766 0.4756155 0.9052271 0.2113092 0.8290115 0.2113322 0.8337636 0.2084787 0.9052271 0.2113092 0.8337636 0.2084787 0.9099792 0.2084576 0.7558704 0.4762042 0.7558528 0.4775313 0.7553808 0.4775351 0.7558704 0.4762042 0.7553808 0.4775351 0.7554001 0.4762023 0.6669498 0.1725145 0.667006 0.1723726 0.6691609 0.1729038 0.6669498 0.1725145 0.6691609 0.1729038 0.6690416 0.1730303 0.4929044 0.4695096 0.492599 0.469594 0.4924077 0.468451 0.4929044 0.4695096 0.4924077 0.468451 0.4927166 0.4683935 0.6415259 0.1416283 0.6437931 0.1426562 0.6435474 0.1428365 0.6415259 0.1416283 0.6435474 0.1428365 0.6413645 0.141847 0.7819898 0.4740814 0.7820084 0.4726086 0.7823444 0.4725798 0.7819898 0.4740814 0.7823444 0.4725798 0.7823253 0.4740698 0.9717561 7.38502e-5 0.973539 7.95722e-5 0.9721071 0.0786786 0.9717561 7.38502e-5 0.9721071 0.0786786 0.969524 0.07866901 0.6474308 0.4909301 0.6471589 0.4908956 0.6471282 0.489419 0.6474308 0.4909301 0.6471282 0.489419 0.6474002 0.4894765 0.677681 0.5039243 0.677681 0.5052495 0.6772881 0.5052322 0.677681 0.5039243 0.6772881 0.5052322 0.6772881 0.5038955 0.5031622 0.4908822 0.5031719 0.4924163 0.5028341 0.492424 0.5031622 0.4908822 0.5028341 0.492424 0.5028242 0.4908707 0.6772884 0.4984762 0.6772884 0.4969267 0.6781675 0.4969152 0.6772884 0.4984762 0.6781675 0.4969152 0.6781675 0.4984704 0.7164179 0.1612098 0.7172586 0.1612117 0.7172588 0.1628954 0.7164179 0.1612098 0.7172588 0.1628954 0.716418 0.1628743 0.8725137 0.1941574 0.8706097 0.1941574 0.870615 0.1929532 0.8725137 0.1941574 0.870615 0.1929532 0.8725172 0.192957 0.6729864 0.1800453 0.6716879 0.1811192 0.6715053 0.1810175 0.6729864 0.1800453 0.6715053 0.1810175 0.6727618 0.1799724 0.4054017 0.4732989 0.4054017 0.461743 0.4065599 0.4616702 0.4054017 0.4732989 0.4065599 0.4616702 0.4065599 0.4733718 0.7215477 0.4980064 0.7215477 0.4965297 0.7218943 0.4965029 0.7215477 0.4980064 0.7218943 0.4965029 0.7218943 0.4979642 0.7545051 0.4726029 0.7545068 0.4736576 0.7541278 0.4736959 0.7545051 0.4726029 0.7541278 0.4736959 0.7541261 0.4726604 0.6588144 0.4969555 0.6588144 0.498363 0.6582077 0.4982403 0.6588144 0.4969555 0.6582077 0.4982403 0.6582077 0.4967944 0.6474002 0.4894765 0.6471282 0.489419 0.6471593 0.4882032 0.6474002 0.4894765 0.6471593 0.4882032 0.6474308 0.4882799 0.4894667 0.5024362 0.4896702 0.5024223 0.4896702 0.5040293 0.4894667 0.5024362 0.4896702 0.5040293 0.4894737 0.5040159 0.7839306 0.4785074 0.7839304 0.4771401 0.7842686 0.4771171 0.7839306 0.4785074 0.7842686 0.4771171 0.7842686 0.4784652 0.7175568 0.1797997 0.7183961 0.1798592 0.7182579 0.1812323 0.7175568 0.1797997 0.7182579 0.1812323 0.7174208 0.1811594 0.4060668 0.4787912 0.406072 0.4801067 0.405693 0.4801067 0.4060668 0.4787912 0.405693 0.4801067 0.4056878 0.4788123 0.7823753 0.4927788 0.782814 0.4927404 0.782814 0.4938258 0.7823753 0.4927788 0.782814 0.4938258 0.7823753 0.4938526 0.7545068 0.4736576 0.7549473 0.4736326 0.7549403 0.4748714 0.7545068 0.4736576 0.7549403 0.4748714 0.7544999 0.474883 0.7181439 0.1644794 0.7181372 0.1629031 0.7190164 0.1628974 0.7181439 0.1644794 0.7190164 0.1628974 0.719023 0.164466 0.8978639 0.3145686 0.8978639 0.3156119 0.8973918 0.3155985 0.8978639 0.3145686 0.8973918 0.3155985 0.8973936 0.3145591 0.7174383 0.1721482 0.7182162 0.1720792 0.7181197 0.1733794 0.7174383 0.1721482 0.7181197 0.1733794 0.7173436 0.1734254 0.4385767 0.4718875 0.43904 0.4718837 0.43904 0.4821127 0.4385767 0.4718875 0.43904 0.4821127 0.4385749 0.4821165 0.5044038 0.4803465 0.5044038 0.4790098 0.5048758 0.4790098 0.5044038 0.4803465 0.5048758 0.4790098 0.5048758 0.4803426 0.5039265 0.4815967 0.5039142 0.4826802 0.5034737 0.4826458 0.5039265 0.4815967 0.5034737 0.4826458 0.503486 0.4815718 0.7175568 0.1797997 0.7177051 0.1782349 0.7185461 0.1782733 0.7175568 0.1797997 0.7185461 0.1782733 0.7183961 0.1798592 0.9738759 0.4098592 0.9746691 0.3310502 0.976459 0.3310598 0.9738759 0.4098592 0.976459 0.3310598 0.976459 0.4098717 0.7195841 0.1407884 0.7203404 0.1407884 0.7203404 0.1510173 0.7195841 0.1407884 0.7203404 0.1510173 0.7195858 0.1510173 0.9013731 0.4183478 0.9013731 0.5089333 0.8856661 0.5086303 0.9013731 0.4183478 0.8856661 0.5086303 0.8856661 0.4268297 0.6698137 0.1818172 0.6678062 0.1823139 0.6656162 0.1824788 0.6656162 0.1824788 0.6634051 0.1822966 0.6613063 0.1817808 0.6613063 0.1817808 0.6594743 0.1809676 0.6580283 0.179911 0.6580283 0.179911 0.6570736 0.1786837 0.6566665 0.1773701 0.6566665 0.1773701 0.656842 0.1760584 0.657586 0.1748387 0.657586 0.1748387 0.6588495 0.1737936 0.6605412 0.1729959 0.6605412 0.1729959 0.6625487 0.1724972 0.6647317 0.1723343 0.6647317 0.1723343 0.6669498 0.1725145 0.6690416 0.1730303 0.6690416 0.1730303 0.6708736 0.1738435 0.6723196 0.1749001 0.6723196 0.1749001 0.6732742 0.1761274 0.6736813 0.177441 0.6736813 0.177441 0.6735059 0.1787527 0.6727618 0.1799724 0.6727618 0.1799724 0.6715053 0.1810175 0.6698137 0.1818172 0.6698137 0.1818172 0.6656162 0.1824788 0.6613063 0.1817808 0.6613063 0.1817808 0.6580283 0.179911 0.6566665 0.1773701 0.6566665 0.1773701 0.657586 0.1748387 0.6605412 0.1729959 0.6605412 0.1729959 0.6647317 0.1723343 0.6690416 0.1730303 0.6690416 0.1730303 0.6723196 0.1749001 0.6736813 0.177441 0.6736813 0.177441 0.6727618 0.1799724 0.6698137 0.1818172 0.6698137 0.1818172 0.6613063 0.1817808 0.6566665 0.1773701 0.6566665 0.1773701 0.6605412 0.1729959 0.6690416 0.1730303 0.6690416 0.1730303 0.6736813 0.177441 0.6698137 0.1818172 0.6566665 0.1773701 0.6690416 0.1730303 0.6698137 0.1818172 0.8985939 0.3046016 0.8978218 0.3060858 0.8973936 0.3060964 0.8985939 0.3046016 0.8973936 0.3060964 0.8981938 0.3045536 0.4905108 0.4671586 0.4909741 0.4671662 0.4910987 0.4685354 0.4905108 0.4671586 0.4910987 0.4685354 0.4906336 0.4685239 0.7045829 0.1722422 0.7043048 0.1736843 0.7035177 0.1736114 0.7045829 0.1722422 0.7035177 0.1736114 0.7038021 0.1721425 0.6623381 0.1886154 0.6622679 0.1884792 0.6645071 0.1881781 0.6623381 0.1886154 0.6645071 0.1881781 0.6645141 0.188322 0.4571813 0.4922533 0.4567651 0.4922763 0.4566949 0.490769 0.4571813 0.4922533 0.4566949 0.490769 0.4571112 0.4907422 0.5483043 0.4900748 0.5483464 0.4914095 0.5479603 0.4914556 0.5483043 0.4900748 0.5479603 0.4914556 0.5479182 0.490094 0.7108784 0.4725549 0.7112329 0.4725549 0.7112329 0.4827838 0.7108784 0.4725549 0.7112329 0.4827838 0.7108784 0.4827838 0.4575328 0.4907422 0.4575328 0.4894995 0.4579311 0.4895264 0.4575328 0.4907422 0.4579311 0.4895264 0.4579311 0.4907575 0.6723196 0.1749001 0.6725301 0.1748272 0.6735129 0.1760891 0.6723196 0.1749001 0.6735129 0.1760891 0.6732742 0.1761274 0.6705998 0.1894803 0.6707753 0.189369 0.6722424 0.1903738 0.6705998 0.1894803 0.6722424 0.1903738 0.6720318 0.1904582 0.6892659 0.4742156 0.689165 0.4759415 0.6887886 0.47593 0.6892659 0.4742156 0.6887886 0.47593 0.6888886 0.4742156 0.7211428 0.1783232 0.7203013 0.1783193 0.7204532 0.1766318 0.7211428 0.1783232 0.7204532 0.1766318 0.7212928 0.1766548 0.6999626 0.1878406 0.7007967 0.1877409 0.7011626 0.1892328 0.6999626 0.1878406 0.7011626 0.1892328 0.7003241 0.1893134 0.4571813 0.4922533 0.4571112 0.4907422 0.4575328 0.4907422 0.4571813 0.4922533 0.4575328 0.4907422 0.457603 0.4922495 0.9505824 0.3074464 0.9443528 0.3074464 0.9443528 0.2084576 0.9505824 0.3074464 0.9443528 0.2084576 0.9505824 0.2084576 0.720631 0.1612156 0.720631 0.1628475 0.7198594 0.1628782 0.720631 0.1612156 0.7198594 0.1628782 0.7198595 0.1612136 0.4901826 0.4798819 0.4898948 0.4783266 0.4903652 0.4783367 0.4901826 0.4798819 0.4903652 0.4783367 0.4906389 0.479832 0.6007437 0.1416015 0.6006385 0.1414826 0.6031935 0.140984 0.6007437 0.1416015 0.6031935 0.140984 0.6032426 0.1411144 0.7015919 0.1752798 0.7017928 0.1735424 0.7026684 0.1735616 0.7015919 0.1752798 0.7026684 0.1735616 0.7024683 0.1752951 0.6566665 0.1773701 0.6564279 0.1773682 0.6566104 0.1760181 0.6566665 0.1773701 0.6566104 0.1760181 0.656842 0.1760584 0.7009609 0.1822142 0.7007477 0.180726 0.7016138 0.180749 0.7009609 0.1822142 0.7016138 0.180749 0.7018278 0.182241 0.7165513 0.1749557 0.7160112 0.1749998 0.7161248 0.1735846 0.7165513 0.1749557 0.7161248 0.1735846 0.7166689 0.1734944 0.4924077 0.462932 0.4922867 0.4642667 0.4918918 0.4642437 0.4924077 0.462932 0.4918918 0.4642437 0.4920164 0.4628898 0.95319 0.3310518 0.9553204 0.3310564 0.9539973 0.4101567 0.95319 0.3310518 0.9539973 0.4101567 0.9525267 0.4101535 0.376498 0.003109514 0.3817133 6.44922e-5 0.3817133 0.421767 0.376498 0.003109514 0.3817133 0.421767 0.376498 0.4191688 0.8632605 0.3230141 0.8632218 0.3216871 0.8668578 0.3216679 0.8632605 0.3230141 0.8668578 0.3216679 0.8668965 0.322995 0.6989779 0.1929455 0.6995325 0.1929225 0.6997843 0.1946675 0.6989779 0.1929455 0.6997843 0.1946675 0.6992214 0.194633 0.406072 0.4801067 0.4065125 0.4801067 0.4065125 0.4814338 0.406072 0.4801067 0.4065125 0.4814338 0.406072 0.4814203 0.766244 0.5003996 0.7665239 0.500438 0.7665239 0.5020412 0.766244 0.5003996 0.7665239 0.5020412 0.766244 0.5020297 0.7424091 0.4899713 0.7421196 0.4899827 0.7423021 0.4886884 0.7424091 0.4899713 0.7423021 0.4886884 0.7425881 0.4887037 0.9745638 0.07864218 0.9721071 0.0786786 0.973539 7.95722e-5 0.9745638 0.07864218 0.973539 7.95722e-5 0.9752377 5.46575e-5 0.667006 0.1723726 0.6647247 0.1721866 0.6647317 0.1720466 0.667006 0.1723726 0.6647317 0.1720466 0.6670691 0.1722384 0.4894667 0.4783065 0.4899931 0.4766746 0.4904002 0.4767479 0.4894667 0.4783065 0.4904002 0.4767479 0.4898948 0.4783266 0.7057183 0.1771745 0.7057253 0.1788083 0.7052963 0.1788697 0.7057183 0.1771745 0.7052963 0.1788697 0.7052893 0.1771745 0.5243948 0.4915903 0.5236366 0.4901707 0.5238683 0.49014 0.5243948 0.4915903 0.5238683 0.49014 0.5246053 0.4915298 0.6697716 0.1977934 0.6676658 0.1984454 0.6675745 0.198315 0.6697716 0.1977934 0.6675745 0.198315 0.6696312 0.1976783 0.4928079 0.467055 0.4925973 0.4670895 0.4925587 0.4656934 0.4928079 0.467055 0.4925587 0.4656934 0.4927693 0.4656934 0.9085122 0.3090712 0.9085052 0.3072988 0.910604 0.3073673 0.9085122 0.3090712 0.910604 0.3073673 0.910604 0.3091397 0.7428179 0.09457331 0.7428179 9.53674e-7 0.892652 7.57575e-5 0.7428179 0.09457331 0.892652 7.57575e-5 0.892652 0.0946471 0.5974798 0.1511861 0.5995083 0.152283 0.599375 0.1523865 0.5974798 0.1511861 0.599375 0.1523865 0.5973042 0.1512666 0.8504485 0.3248417 0.8502379 0.3244438 0.8501256 0.3240123 0.8501256 0.3240123 0.8501256 0.323577 0.8502379 0.3231676 0.8502379 0.3231676 0.8504415 0.3228109 0.8507363 0.3225328 0.8507363 0.3225328 0.8511013 0.3223516 0.8515084 0.3222787 0.8515084 0.3222787 0.8519225 0.3223209 0.8523226 0.3224734 0.8523226 0.3224734 0.8526876 0.3227275 0.8529825 0.3230649 0.8529825 0.3230649 0.8531931 0.3234629 0.8533053 0.3238934 0.8533053 0.3238934 0.8533053 0.3243287 0.8532 0.3247391 0.8532 0.3247391 0.8529894 0.3250948 0.8526946 0.3253739 0.8526946 0.3253739 0.8523297 0.3255551 0.8519296 0.3256279 0.8519296 0.3256279 0.8515084 0.3255857 0.8511083 0.3254333 0.8511083 0.3254333 0.8507433 0.3251792 0.8504485 0.3248417 0.8504485 0.3248417 0.8501256 0.3240123 0.8502379 0.3231676 0.8502379 0.3231676 0.8507363 0.3225328 0.8515084 0.3222787 0.8515084 0.3222787 0.8523226 0.3224734 0.8529825 0.3230649 0.8529825 0.3230649 0.8533053 0.3238934 0.8532 0.3247391 0.8532 0.3247391 0.8526946 0.3253739 0.8519296 0.3256279 0.8519296 0.3256279 0.8511083 0.3254333 0.8504485 0.3248417 0.8504485 0.3248417 0.8502379 0.3231676 0.8515084 0.3222787 0.8515084 0.3222787 0.8529825 0.3230649 0.8532 0.3247391 0.8532 0.3247391 0.8519296 0.3256279 0.8504485 0.3248417 0.8515084 0.3222787 0.8532 0.3247391 0.8504485 0.3248417 0.6584845 0.1900421 0.6602183 0.1891139 0.6603376 0.1892328 0.6584845 0.1900421 0.6603376 0.1892328 0.658653 0.1901361 0.6988917 0.1895358 0.6992281 0.1911736 0.6986834 0.1912503 0.6988917 0.1895358 0.6986834 0.1912503 0.698358 0.1896739 0.7406947 0.5026021 0.7406947 0.5041803 0.740463 0.5041698 0.7406947 0.5026021 0.740463 0.5041698 0.74047 0.5026212 0.7009004 0.4919983 0.7008987 0.490792 0.7012742 0.4908131 0.7009004 0.4919983 0.7012742 0.4908131 0.701276 0.4920385 0.6890817 0.4803522 0.6887632 0.4802832 0.6885719 0.479052 0.6890817 0.4803522 0.6885719 0.479052 0.6888886 0.4791057 0.7717919 0.4746317 0.7717954 0.4758303 0.7698932 0.4758341 0.7717919 0.4746317 0.7698932 0.4758341 0.7698879 0.4746336 0.427949 0.4885714 0.4279453 0.4900863 0.4275248 0.4900825 0.427949 0.4885714 0.4275248 0.4900825 0.4275285 0.4885675 0.416873 0.490186 0.417217 0.4917624 0.4170134 0.4918007 0.416873 0.490186 0.4170134 0.4918007 0.4166624 0.4901937 0.7166974 0.1407846 0.7166991 0.1510134 0.7162587 0.1510134 0.7166974 0.1407846 0.7162587 0.1510134 0.7162569 0.1407846 0.6707753 0.189369 0.6709508 0.1892673 0.6724529 0.1902991 0.6707753 0.189369 0.6724529 0.1902991 0.6722424 0.1903738 0.701841 0.1928151 0.7027177 0.1927729 0.7029855 0.1946292 0.701841 0.1928151 0.7029855 0.1946292 0.7021077 0.1946637 0.8557024 0.2020545 0.8557024 0.1918256 0.8563219 0.1918256 0.8557024 0.2020545 0.8563219 0.1918256 0.8563219 0.2020545 0.6888746 0.4889625 0.6884728 0.4889472 0.6884737 0.4873402 0.6888746 0.4889625 0.6884737 0.4873402 0.6888763 0.4874131 0.782814 0.4938258 0.782821 0.49508 0.7823823 0.4950914 0.782814 0.4938258 0.7823823 0.4950914 0.7823753 0.4938526 0.5964409 0.1435039 0.5966234 0.1435729 0.5954371 0.1450265 0.5964409 0.1435039 0.5954371 0.1450265 0.5952265 0.1449843 0.7826961 0.4771535 0.7827033 0.4756309 0.7831238 0.4756328 0.7826961 0.4771535 0.7831238 0.4756328 0.7831168 0.4771612 0.6633559 0.1824366 0.6633278 0.182565 0.6611168 0.1820204 0.6633559 0.1824366 0.6611168 0.1820204 0.661201 0.1819054 0.8706097 0.1953541 0.870615 0.1964586 0.8669719 0.1964548 0.8706097 0.1953541 0.8669719 0.1964548 0.8669667 0.1953502 0.7000654 0.1976822 0.6999658 0.1962899 0.7006594 0.1963513 0.7000654 0.1976822 0.7006594 0.1963513 0.7007617 0.1977781 0.7445675 0.20174 0.7445675 0.1921285 0.7463873 0.1918217 0.7445675 0.20174 0.7463873 0.1918217 0.7463873 0.2020506 0.4770284 0.4782476 0.4795519 0.478242 0.4795519 0.4826855 0.4770284 0.4782476 0.4795519 0.4826855 0.4770284 0.4826909 0.6151614 0.1460582 0.6153649 0.1460351 0.6155474 0.1476652 0.6151614 0.1460582 0.6155474 0.1476652 0.6153368 0.1476537 0.5968129 0.1436496 0.5966234 0.1435729 0.5983993 0.1423647 0.5968129 0.1436496 0.5983993 0.1423647 0.5985537 0.1424645 0.6020072 0.1529082 0.6045973 0.1532495 0.6045762 0.1533799 0.6020072 0.1529082 0.6045762 0.1533799 0.60193 0.1530347 0.4386039 0.4616702 0.4467182 0.4616702 0.4466902 0.4633002 0.4386039 0.4616702 0.4466902 0.4633002 0.4385763 0.4633002 0.4167993 0.504235 0.4167993 0.5054508 0.4164766 0.5055236 0.4167993 0.504235 0.4164766 0.5055236 0.4164766 0.5042964 0.6895783 0.475953 0.6895783 0.4776367 0.689165 0.4776253 0.6895783 0.475953 0.689165 0.4776253 0.689165 0.4759415 0.6984577 0.1771208 0.6985516 0.175368 0.6991737 0.175322 0.6984577 0.1771208 0.6991737 0.175322 0.6990771 0.1771246 0.9209266 0.3144 0.9209266 0.3156618 0.9205173 0.3156234 0.9209266 0.3144 0.9205173 0.3156234 0.9205175 0.3143616 0.7164247 0.1595472 0.7172653 0.159528 0.7172586 0.1612117 0.7164247 0.1595472 0.7172586 0.1612117 0.7164179 0.1612098 0.719424 0.1783021 0.719273 0.1798937 0.7183961 0.1798592 0.719424 0.1783021 0.7183961 0.1798592 0.7185461 0.1782733 0.6098969 0.1529197 0.6098267 0.1528046 0.6120659 0.1519225 0.6098969 0.1529197 0.6120659 0.1519225 0.6121852 0.1520183 0.6574847 0.5051382 0.6574847 0.5038131 0.6578758 0.5037824 0.6574847 0.5051382 0.6578758 0.5037824 0.6578758 0.505119 0.6634051 0.1822966 0.6633559 0.1824366 0.661201 0.1819054 0.6634051 0.1822966 0.661201 0.1819054 0.6613063 0.1817808 0.4283702 0.4885714 0.4283663 0.4900825 0.4279453 0.4900863 0.4283702 0.4885714 0.4279453 0.4900863 0.427949 0.4885714 0.7442095 0.4726278 0.7427302 0.4738551 0.7425161 0.473809 0.7442095 0.4726278 0.7425161 0.473809 0.744027 0.4725549 0.6884728 0.50547 0.6884728 0.5042657 0.6888921 0.5042465 0.6884728 0.50547 0.6888921 0.5042465 0.6888921 0.5054546 0.6785567 0.4913865 0.6781057 0.4914402 0.6777179 0.4897987 0.6785567 0.4913865 0.6777179 0.4897987 0.6781846 0.4898063 0.4914444 0.4642283 0.4914022 0.4656934 0.4909302 0.4656934 0.4914444 0.4642283 0.4909302 0.4656934 0.4909741 0.4642207 0.7180082 0.1407884 0.7180082 0.1510173 0.7172958 0.1510173 0.7180082 0.1407884 0.7172958 0.1510173 0.7172958 0.1407884 0.4566971 0.4616702 0.4569568 0.4618312 0.4569568 0.4741389 0.4566971 0.4616702 0.4569568 0.4741389 0.4566971 0.4679831 0.628835 0.1429286 0.628498 0.1427559 0.6307091 0.1416974 0.628835 0.1429286 0.6307091 0.1416974 0.6309618 0.1419122 0.6625487 0.1724972 0.6605412 0.1729959 0.6604078 0.1728674 0.6625487 0.1724972 0.6604078 0.1728674 0.6624715 0.1723535 0.6570736 0.1786837 0.656849 0.1787201 0.6564279 0.1773682 0.6570736 0.1786837 0.6564279 0.1773682 0.6566665 0.1773701 0.7008987 0.490792 0.7006092 0.4907633 0.7006126 0.4894976 0.7008987 0.490792 0.7006126 0.4894976 0.7009004 0.4894976 0.4166624 0.4901937 0.4170134 0.4918007 0.4168309 0.4918391 0.4166624 0.4901937 0.4168309 0.4918391 0.4164729 0.4901975 0.7206678 0.1567589 0.72065 0.1580629 0.7198788 0.1580015 0.7206678 0.1567589 0.7198788 0.1580015 0.719897 0.1566706 0.6901003 0.4742271 0.6904996 0.4742425 0.6903986 0.4759569 0.6901003 0.4742271 0.6903986 0.4759569 0.6899995 0.4759569 0.5486078 0.4900441 0.5486482 0.4913558 0.5483464 0.4914095 0.5486078 0.4900441 0.5483464 0.4914095 0.5483043 0.4900748 0.7835377 0.4771574 0.7835447 0.4756328 0.7839376 0.4756289 0.7835377 0.4771574 0.7839376 0.4756289 0.7839304 0.4771401 0.657186 0.1911985 0.6564208 0.1925044 0.6562173 0.1924852 0.657186 0.1911985 0.6562173 0.1924852 0.6570104 0.1911429 0.3051853 0.4271979 0.3051853 0.5134715 0.1644939 0.513459 0.1869662 0.4725223 0.1620792 0.4271845 0.3051853 0.4271979 0.1644939 0.513459 0.1869662 0.4725223 0.3051853 0.4271979 0.6131258 0.1430244 0.614663 0.1444281 0.6144945 0.144478 0.6131258 0.1430244 0.6144945 0.144478 0.6129924 0.143105 0.7029855 0.1946292 0.7027177 0.1927729 0.7035881 0.1927307 0.7029855 0.1946292 0.7035881 0.1927307 0.7038547 0.1945793 0.9869353 0.2226437 0.9869635 0.3017453 0.9854262 0.3017453 0.9869353 0.2226437 0.9854262 0.3017453 0.9847102 0.2226437 0.7825112 0.5005952 0.7825112 0.5017957 0.7821287 0.5017496 0.7825112 0.5005952 0.7821287 0.5017496 0.7821287 0.5005415 0.6697716 0.1977934 0.6715545 0.1968403 0.6717299 0.1969189 0.6697716 0.1977934 0.6717299 0.1969189 0.6699119 0.1978931 0.7416685 0.4768045 0.7418984 0.4767968 0.7426074 0.478308 0.7416685 0.4768045 0.7426074 0.478308 0.7423933 0.4783463 0.5363346 0.4901266 0.5365662 0.490117 0.5373383 0.4915265 0.5363346 0.4901266 0.5373383 0.4915265 0.5371208 0.491563 0.6985464 0.1881321 0.6988917 0.1895358 0.698358 0.1896739 0.6985464 0.1881321 0.698358 0.1896739 0.698024 0.1883124 0.7215574 0.1734695 0.7214341 0.1749998 0.7205961 0.1749557 0.7215574 0.1734695 0.7205961 0.1749557 0.7207208 0.1734082 0.6268205 0.1441252 0.6264484 0.1440178 0.6281822 0.1426025 0.6268205 0.1441252 0.6281822 0.1426025 0.628498 0.1427559 0.7012181 0.4988693 0.7006092 0.4990304 0.7006092 0.4975807 0.7012181 0.4988693 0.7006092 0.4975807 0.7012181 0.4974579 0.6645141 0.188322 0.6645071 0.1881781 0.6667673 0.1882318 0.6645141 0.188322 0.6667673 0.1882318 0.6667112 0.1883757 0.5034912 0.480333 0.5039317 0.4803445 0.5039265 0.4815967 0.5034912 0.480333 0.5039265 0.4815967 0.503486 0.4815718 0.6733585 0.1929321 0.6729724 0.1916357 0.673211 0.1915858 0.6733585 0.1929321 0.673211 0.1915858 0.6736111 0.1929205 0.7206502 0.165678 0.7198788 0.1657643 0.7198662 0.1644296 0.7206502 0.165678 0.7198662 0.1644296 0.7206375 0.1643701 0.4275248 0.4900825 0.4275287 0.4914364 0.4271374 0.4914057 0.4275248 0.4900825 0.4271374 0.4914057 0.4271337 0.4900633 0.6564068 0.1759797 0.6566104 0.1760181 0.6564279 0.1773682 0.6564068 0.1759797 0.6564279 0.1773682 0.6562173 0.1773643 0.5493589 0.4968903 0.5493589 0.4982134 0.5474742 0.4981982 0.5493589 0.4968903 0.5474742 0.4981982 0.5474725 0.4968711 0.6392446 0.1536599 0.6391744 0.1534183 0.6416662 0.1527739 0.6392446 0.1536599 0.6416662 0.1527739 0.6418347 0.1529887 0.6064399 0.1902588 0.612122 0.1825804 0.612122 0.1956628 0.6064399 0.1902588 0.612122 0.1956628 0.6064399 0.1970301 0.9847102 0.2226437 0.9854262 0.3017453 0.984075 0.3017473 0.9847102 0.2226437 0.984075 0.3017473 0.9827519 0.2226468 0.6896792 0.4742195 0.6895783 0.475953 0.689165 0.4759415 0.6896792 0.4742195 0.689165 0.4759415 0.6892659 0.4742156 0.7223041 0.4896031 0.7223709 0.4910873 0.7220327 0.4910835 0.7223041 0.4896031 0.7220327 0.4910835 0.7219651 0.48958 0.7821287 0.5017496 0.7817128 0.5017266 0.7817128 0.5005108 0.7821287 0.5017496 0.7817128 0.5005108 0.7821287 0.5005415 0.6888149 0.4959774 0.6890751 0.4959621 0.6890716 0.4974195 0.6888149 0.4959774 0.6890716 0.4974195 0.6888114 0.4974579 0.6709508 0.1892673 0.6711122 0.189181 0.6726565 0.1902358 0.6709508 0.1892673 0.6726565 0.1902358 0.6724529 0.1902991 0.5474725 0.4901055 0.5474725 0.4886366 0.5479182 0.4886404 0.5474725 0.4901055 0.5479182 0.4886404 0.5479182 0.490094 0.7549456 0.4725702 0.7554176 0.4725587 0.7554176 0.473625 0.7549456 0.4725702 0.7554176 0.473625 0.7549473 0.4736326 0.6995563 0.189417 0.7003241 0.1893134 0.7006762 0.191024 0.6995563 0.189417 0.7006762 0.191024 0.6999018 0.191093 0.7040966 0.190859 0.7044153 0.1926885 0.7035881 0.1927307 0.7040966 0.190859 0.7035881 0.1927307 0.7032657 0.1908782 0.7007967 0.1877409 0.7016693 0.1876795 0.7020367 0.1891753 0.7007967 0.1877409 0.7020367 0.1891753 0.7011626 0.1892328 0.405693 0.4813992 0.406072 0.4814203 0.4060668 0.4826458 0.405693 0.4813992 0.4060668 0.4826458 0.4056895 0.4826036 0.7211502 0.4965413 0.7215477 0.4965297 0.7215477 0.4980064 0.7211502 0.4965413 0.7215477 0.4980064 0.7211502 0.4980294 0.4902089 0.4628898 0.4906336 0.4628591 0.4905108 0.4642283 0.4902089 0.4628898 0.4905108 0.4642283 0.4900861 0.4642437 0.7149938 0.1642819 0.715006 0.1655552 0.7144758 0.1654152 0.7149938 0.1642819 0.7144758 0.1654152 0.7144641 0.1641822 0.7320328 0.1422727 0.7318608 0.1437301 0.7313923 0.1437225 0.7320328 0.1422727 0.7313923 0.1437225 0.731566 0.1422573 0.6892659 0.4742156 0.6888886 0.4742156 0.6890817 0.4725702 0.6892659 0.4742156 0.6890817 0.4725702 0.6894616 0.4725549 0.7213171 0.165561 0.7206502 0.165678 0.7206375 0.1643701 0.7213171 0.165561 0.7206375 0.1643701 0.7213048 0.1642876 0.6085351 0.1412563 0.6109568 0.1420042 0.6108375 0.1421116 0.6085351 0.1412563 0.6108375 0.1421116 0.608472 0.1413791 0.6726565 0.1955938 0.6713579 0.1967502 0.6711754 0.1966562 0.6726565 0.1955938 0.6711754 0.1966562 0.6724319 0.1955325 0.6588495 0.1737936 0.657586 0.1748387 0.6573755 0.1747639 0.6588495 0.1737936 0.6573755 0.1747639 0.658667 0.1736881 0.4914444 0.4671586 0.4909741 0.4671662 0.4909302 0.4656934 0.4914444 0.4671586 0.4909302 0.4656934 0.4914022 0.4656934 0.7015188 0.1909626 0.7023943 0.1909127 0.7027177 0.1927729 0.7015188 0.1909626 0.7027177 0.1927729 0.701841 0.1928151 0.7320924 0.1450725 0.7318749 0.1462154 0.7314361 0.1462423 0.7320924 0.1450725 0.7314361 0.1462423 0.7316573 0.1450878 0.7023683 0.1771515 0.7032212 0.1771591 0.7032291 0.1789925 0.7023683 0.1771515 0.7032291 0.1789925 0.7023763 0.1790116 0.4915689 0.4628591 0.4920164 0.4628898 0.4918918 0.4642437 0.4915689 0.4628591 0.4918918 0.4642437 0.4914444 0.4642283 0.7416685 0.4873306 0.74183 0.4861129 0.7422634 0.486157 0.7416685 0.4873306 0.7422634 0.486157 0.7421055 0.4873651 0.6121852 0.1520183 0.6120659 0.1519225 0.6138417 0.1507143 0.6121852 0.1520183 0.6138417 0.1507143 0.6139962 0.1507872 0.4770215 0.4881581 0.4789798 0.4881092 0.4789798 0.4900969 0.4770215 0.4881581 0.4789798 0.4900969 0.4770215 0.4901458 0.5031139 0.4790156 0.5031122 0.4803138 0.5028209 0.4802889 0.5031139 0.4790156 0.5028209 0.4802889 0.5028209 0.4790194 0.6999309 0.18068 0.6998177 0.1789695 0.7006337 0.1789963 0.6999309 0.18068 0.7006337 0.1789963 0.7007477 0.180726 0.7181439 0.1644794 0.719023 0.164466 0.7190361 0.165816 0.7181439 0.1644794 0.7190361 0.165816 0.7181568 0.1658333 0.4910987 0.4628514 0.4909741 0.4642207 0.4905108 0.4642283 0.4910987 0.4628514 0.4905108 0.4642283 0.4906336 0.4628591 0.6153649 0.1460351 0.6144945 0.144478 0.614663 0.1444281 0.6153649 0.1460351 0.614663 0.1444281 0.6155474 0.1460121 0.5368382 0.4986853 0.5363337 0.4986239 0.5363337 0.4969785 0.5368382 0.4986853 0.5363337 0.4969785 0.5368382 0.4970936 0.7014909 0.1771438 0.7006267 0.1771361 0.7007258 0.1752798 0.7014909 0.1771438 0.7007258 0.1752798 0.7015919 0.1752798 0.7050296 0.181961 0.704339 0.1820837 0.704132 0.1806417 0.7050296 0.181961 0.704132 0.1806417 0.7048277 0.1805573 0.4571112 0.4907422 0.4571112 0.4894995 0.4575328 0.4894995 0.4571112 0.4907422 0.4575328 0.4894995 0.4575328 0.4907422 0.6072927 0.1534259 0.6072717 0.1533032 0.6098267 0.1528046 0.6072927 0.1534259 0.6098267 0.1528046 0.6098969 0.1529197 0.5246053 0.4872046 0.5238683 0.4886654 0.5236366 0.4886634 0.5246053 0.4872046 0.5236366 0.4886634 0.5243948 0.4871714 0.4166624 0.4901937 0.4170134 0.4885675 0.417217 0.4885982 0.4166624 0.4901937 0.417217 0.4885982 0.416873 0.490186 0.5483481 0.4872174 0.5483043 0.4886443 0.5479182 0.4886404 0.5483481 0.4872174 0.5479182 0.4886404 0.5479603 0.4871906 0.7006074 0.5044459 0.7008601 0.5044574 0.7008601 0.5056924 0.7006074 0.5044459 0.7008601 0.5056924 0.7006074 0.5057193 0.7047207 0.1789234 0.7040214 0.1789656 0.7040144 0.177163 0.7047207 0.1789234 0.7040144 0.177163 0.7047137 0.1771668 0.6471273 0.4975691 0.6471308 0.4963763 0.6474239 0.4963456 0.6471273 0.4975691 0.6474239 0.4963456 0.6474204 0.4975116 0.7549456 0.4725702 0.7549473 0.4736326 0.7545068 0.4736576 0.7549456 0.4725702 0.7545068 0.4736576 0.7545051 0.4726029 0.5039317 0.4790117 0.5044038 0.4790098 0.5044038 0.4803465 0.5039317 0.4790117 0.5044038 0.4803465 0.5039317 0.4803445 0.7425161 0.473809 0.7427302 0.4738551 0.7419406 0.475278 0.7425161 0.473809 0.7419406 0.475278 0.7417107 0.4752588 0.4590871 0.4840816 0.4566935 0.4839627 0.4566935 0.4795578 0.4590871 0.4840816 0.4566935 0.4795578 0.4590871 0.4796772 0.7052893 0.1771745 0.7047137 0.1771668 0.7048075 0.175414 0.7052893 0.1771745 0.7048075 0.175414 0.7053805 0.1754754 0.9049147 0.3310511 0.9049429 0.4129285 0.7989584 0.4129285 0.9049147 0.3310511 0.7989584 0.4129285 0.8500133 0.3310511 0.9728318 0.1000645 0.9728318 0.303101 0.9630434 0.303101 0.9728318 0.1000645 0.9630434 0.303101 0.9630416 0.1000645 0.9767258 0.07856452 0.9745638 0.07864218 0.9752377 5.46575e-5 0.9767258 0.07856452 0.9752377 5.46575e-5 0.9767258 9.53674e-7 0.6888114 0.4974579 0.6890716 0.4974195 0.6890751 0.4987274 0.6888114 0.4974579 0.6890751 0.4987274 0.6888149 0.4987849 0.8177894 0.1918256 0.8185861 0.1918256 0.8185861 0.2020545 0.8177894 0.1918256 0.8185861 0.2020545 0.8177877 0.2020545 0.4278758 0.4985702 0.4275301 0.4985855 0.4275301 0.4968672 0.4278758 0.4985702 0.4275301 0.4968672 0.4278758 0.4968749 0.7165513 0.1749557 0.7166689 0.1734944 0.7173436 0.1734254 0.7165513 0.1749557 0.7173436 0.1734254 0.7172225 0.1749269 0.4054017 0.4813724 0.4054034 0.4801067 0.405693 0.4801067 0.4054017 0.4813724 0.405693 0.4801067 0.405693 0.4813992 0.4894667 0.4970039 0.4894667 0.495243 0.4915865 0.4951097 0.4894667 0.4970039 0.4915865 0.4951097 0.4915865 0.4968706 0.4894693 0.4882684 0.4927122 0.4883144 0.4927377 0.4896913 0.4894693 0.4882684 0.4927377 0.4896913 0.4894948 0.4896453 0.689165 0.4759415 0.689165 0.4776253 0.6887878 0.4775984 0.689165 0.4759415 0.6887878 0.4775984 0.6887886 0.47593 0.6562314 0.1938717 0.6564208 0.1925044 0.6566525 0.1925293 0.6562314 0.1938717 0.6566525 0.1925293 0.65647 0.1938564 0.4904687 0.4656934 0.4905108 0.4642283 0.4909741 0.4642207 0.4904687 0.4656934 0.4909741 0.4642207 0.4909302 0.4656934 0.7164245 0.1644257 0.716418 0.1628743 0.7172588 0.1628954 0.7164245 0.1644257 0.7172588 0.1628954 0.7172654 0.164466 0.6696312 0.1976783 0.6675745 0.198315 0.6674903 0.198175 0.6696312 0.1976783 0.6674903 0.198175 0.6694908 0.1975575 0.42866 0.4616702 0.42866 0.4732798 0.4275265 0.4731916 0.42866 0.4616702 0.4275265 0.4731916 0.4275265 0.4617545 0.6696312 0.1976783 0.6713579 0.1967502 0.6715545 0.1968403 0.6696312 0.1976783 0.6715545 0.1968403 0.6697716 0.1977934 0.7324645 0.1450341 0.7322504 0.1461617 0.7318749 0.1462154 0.7324645 0.1450341 0.7318749 0.1462154 0.7320924 0.1450725 0.7046787 0.194518 0.7038547 0.1945793 0.7035881 0.1927307 0.7046787 0.194518 0.7035881 0.1927307 0.7044153 0.1926885 0.7190629 0.1720466 0.7189651 0.1733621 0.7181197 0.1733794 0.7190629 0.1720466 0.7181197 0.1733794 0.7182162 0.1720792 0.6471273 0.504001 0.6474046 0.5039972 0.6474046 0.5053933 0.6471273 0.504001 0.6474046 0.5053933 0.6471291 0.5054278 0.5949177 0.146622 0.5946931 0.1466143 0.5952265 0.1449843 0.5949177 0.146622 0.5952265 0.1449843 0.5954371 0.1450265 0.7427601 0.4852039 0.7426337 0.4862145 0.7422634 0.486157 0.7427601 0.4852039 0.7422634 0.486157 0.7423915 0.485131 0.7428285 0.4782696 0.7426074 0.478308 0.7418984 0.4767968 0.7428285 0.4782696 0.7418984 0.4767968 0.7421354 0.4767891 0.6583371 0.1899558 0.660113 0.1890046 0.6602183 0.1891139 0.6583371 0.1899558 0.6602183 0.1891139 0.6584845 0.1900421 0.4056895 0.4826036 0.4060668 0.4826458 0.406058 0.4836966 0.4056895 0.4826036 0.406058 0.4836966 0.405679 0.4836391 0.6884732 0.4974848 0.6888114 0.4974579 0.6888149 0.4987849 0.6884732 0.4974848 0.6888149 0.4987849 0.6884767 0.4988309 0.6988917 0.1895358 0.6995563 0.189417 0.6999018 0.191093 0.6988917 0.1895358 0.6999018 0.191093 0.6992281 0.1911736 0.7048277 0.1805573 0.704132 0.1806417 0.7040214 0.1789656 0.7048277 0.1805573 0.7040214 0.1789656 0.7047207 0.1789234 0.60193 0.1530347 0.5995083 0.152283 0.5996347 0.1521756 0.60193 0.1530347 0.5996347 0.1521756 0.6020072 0.1529082 0.6656162 0.1824788 0.6678062 0.1823139 0.6678833 0.1824557 0.6656162 0.1824788 0.6678833 0.1824557 0.6656372 0.1826245 0.782305 0.4771363 0.782312 0.4756251 0.7827033 0.4756309 0.782305 0.4771363 0.7827033 0.4756309 0.7826961 0.4771535 0.6669498 0.1725145 0.6647317 0.1723343 0.6647247 0.1721866 0.6669498 0.1725145 0.6647247 0.1721866 0.667006 0.1723726 0.5720997 0.5030806 0.5720997 0.5044536 0.5716276 0.5044574 0.5720997 0.5030806 0.5716276 0.5044574 0.5716259 0.5030767 0.4271335 0.4968596 0.4275301 0.4968672 0.4275301 0.4985855 0.4271335 0.4968596 0.4275301 0.4985855 0.4271335 0.4985893 0.6699119 0.1978931 0.667757 0.1985604 0.6676658 0.1984454 0.6699119 0.1978931 0.6676658 0.1984454 0.6697716 0.1977934 0.7531521 0.5015196 0.753368 0.5015119 0.753368 0.5031151 0.7531521 0.5015196 0.753368 0.5031151 0.7531557 0.5030844 0.6334537 0.1412678 0.6332992 0.1410262 0.636093 0.1407846 0.6334537 0.1412678 0.636093 0.1407846 0.6361421 0.1410338 0.658667 0.1736881 0.6604078 0.1728674 0.6605412 0.1729959 0.658667 0.1736881 0.6605412 0.1729959 0.6588495 0.1737936 0.4904055 0.4696553 0.490044 0.469594 0.4898527 0.468451 0.4904055 0.4696553 0.4898527 0.468451 0.4902089 0.468497 0.4922112 0.4617276 0.4920164 0.4628898 0.4915689 0.4628591 0.4922112 0.4617276 0.4915689 0.4628591 0.4917672 0.4616855 0.5985537 0.1424645 0.5983993 0.1423647 0.6006385 0.1414826 0.5985537 0.1424645 0.6006385 0.1414826 0.6007437 0.1416015 0.6979778 0.1771169 0.698069 0.1754179 0.6985516 0.175368 0.6979778 0.1771169 0.6985516 0.175368 0.6984577 0.1771208 0.5614527 0.5030767 0.5617094 0.5030901 0.5617094 0.5045993 0.5614527 0.5030767 0.5617094 0.5045993 0.5614527 0.5046128 0.6592426 0.4892454 0.6574843 0.4892521 0.6574843 0.4882127 0.6592426 0.4892454 0.6574843 0.4882127 0.6592426 0.4882051 0.7835377 0.4771574 0.7835377 0.4785342 0.7831166 0.4785419 0.7835377 0.4771574 0.7831166 0.4785419 0.7831168 0.4771612 0.7670381 0.4949572 0.7670381 0.4937721 0.7675049 0.4937913 0.7670381 0.4949572 0.7675049 0.4937913 0.7675049 0.4949841 0.6687889 0.1887707 0.6689082 0.1886384 0.6707753 0.189369 0.6687889 0.1887707 0.6707753 0.189369 0.6705998 0.1894803 0.3954852 0.5407754 0.3933864 0.5407783 0.3940357 0.4616749 0.3954852 0.5407754 0.3940357 0.4616749 0.3954852 0.4616721 0.7666081 0.4949074 0.7662449 0.4948346 0.7662432 0.4936801 0.7666081 0.4949074 0.7662432 0.4936801 0.7666081 0.4937338 0.5234261 0.4817286 0.5234261 0.4773237 0.5264163 0.4773481 0.5234261 0.4817286 0.5264163 0.4773481 0.5264163 0.4817531 0.4668715 0.4619808 0.4685789 0.4616702 0.4685789 0.471899 0.4668715 0.4619808 0.4685789 0.471899 0.4668733 0.4715884 0.5953178 0.148229 0.5951002 0.148252 0.5949177 0.146622 0.5953178 0.148229 0.5949177 0.146622 0.5951423 0.1466335 0.6678237 0.4827838 0.6678237 0.4725549 0.6682413 0.4725549 0.6678237 0.4827838 0.6682413 0.4725549 0.6682413 0.4827838 0.7424758 0.4874035 0.7421055 0.4873651 0.7422634 0.486157 0.7424758 0.4874035 0.7422634 0.486157 0.7426337 0.4862145 0.7666081 0.4949074 0.7666081 0.4937338 0.7670381 0.4937721 0.7666081 0.4949074 0.7670381 0.4937721 0.7670381 0.4949572 0.6474204 0.4975116 0.6474239 0.4985049 0.6471308 0.4985817 0.6474204 0.4975116 0.6471308 0.4985817 0.6471273 0.4975691 0.4060668 0.4826458 0.4065073 0.4826707 0.4064967 0.4837331 0.4060668 0.4826458 0.4064967 0.4837331 0.406058 0.4836966 0.7160012 0.1809254 0.7161315 0.1796272 0.7167917 0.1797212 0.7160012 0.1809254 0.7167917 0.1797212 0.7166579 0.1810539 0.8725277 0.1918256 0.8725172 0.192957 0.870615 0.1929532 0.8725277 0.1918256 0.870615 0.1929532 0.8706254 0.1918256 0.5031139 0.4790156 0.503107 0.4777269 0.503486 0.4777039 0.5031139 0.4790156 0.503486 0.4777039 0.5034912 0.4790117 0.503162 0.4880996 0.5034219 0.4881591 0.5034186 0.4894477 0.503162 0.4880996 0.5034186 0.4894477 0.5031587 0.4894074 0.7228555 0.1751188 0.7227204 0.1767008 0.7220593 0.1766797 0.7228555 0.1751188 0.7220593 0.1766797 0.7221979 0.1750535 0.7423021 0.4886884 0.7419265 0.4886711 0.7421055 0.4873651 0.7423021 0.4886884 0.7421055 0.4873651 0.7424758 0.4874035 0.6098267 0.1528046 0.6097354 0.1526857 0.6119255 0.1518228 0.6098267 0.1528046 0.6119255 0.1518228 0.6120659 0.1519225 0.4904687 0.4656934 0.4909302 0.4656934 0.4909741 0.4671662 0.4904687 0.4656934 0.4909741 0.4671662 0.4905108 0.4671586 0.6781057 0.4914402 0.6776867 0.4914939 0.6772884 0.4897987 0.6781057 0.4914402 0.6772884 0.4897987 0.6777179 0.4897987 0.4925973 0.4670895 0.4922867 0.4671202 0.4922446 0.4656934 0.4925973 0.4670895 0.4922446 0.4656934 0.4925587 0.4656934 0.6574316 0.1964989 0.6576001 0.1964184 0.6590741 0.1974233 0.6574316 0.1964989 0.6590741 0.1974233 0.6589408 0.1975306 0.9477957 0.4101567 0.9463322 0.3310564 0.9485397 0.3310518 0.9477957 0.4101567 0.9485397 0.3310518 0.9493189 0.4101535 0.6437422 0.1609969 0.643357 0.1610046 0.6434071 0.15934 0.6437422 0.1609969 0.6434071 0.15934 0.6437931 0.1593209 0.6678483 0.1418431 0.6694803 0.1428326 0.6706279 0.1440446 0.6706279 0.1440446 0.6712245 0.1453985 0.6712245 0.1468023 0.6712245 0.1468023 0.6706244 0.1481561 0.6694697 0.1493719 0.6694697 0.1493719 0.6678377 0.1503615 0.6658408 0.1510671 0.6658408 0.1510671 0.6636121 0.1514315 0.6613063 0.1514353 0.6613063 0.1514353 0.6590812 0.151071 0.6570842 0.1503729 0.6570842 0.1503729 0.6554557 0.1493873 0.6543045 0.1481715 0.6543045 0.1481715 0.6537114 0.1468214 0.6537114 0.1454177 0.6537114 0.1454177 0.6543115 0.1440638 0.6554662 0.1428518 0.6554662 0.1428518 0.6570982 0.1418585 0.6590917 0.1411527 0.6590917 0.1411527 0.6613239 0.1407884 0.6636261 0.1407846 0.6636261 0.1407846 0.6658548 0.1411451 0.6678483 0.1418431 0.6678483 0.1418431 0.6706279 0.1440446 0.6712245 0.1468023 0.6712245 0.1468023 0.6694697 0.1493719 0.6658408 0.1510671 0.6658408 0.1510671 0.6613063 0.1514353 0.6570842 0.1503729 0.6570842 0.1503729 0.6543045 0.1481715 0.6537114 0.1454177 0.6537114 0.1454177 0.6554662 0.1428518 0.6590917 0.1411527 0.6590917 0.1411527 0.6636261 0.1407846 0.6678483 0.1418431 0.6678483 0.1418431 0.6712245 0.1468023 0.6658408 0.1510671 0.6658408 0.1510671 0.6570842 0.1503729 0.6537114 0.1454177 0.6537114 0.1454177 0.6590917 0.1411527 0.6678483 0.1418431 0.6658408 0.1510671 0.6537114 0.1454177 0.6678483 0.1418431 0.717924 0.2011896 0.717924 0.202962 0.7150812 0.2029371 0.717924 0.2011896 0.7150812 0.2029371 0.7150812 0.2011647 0.4566949 0.4976938 0.4575731 0.4977149 0.4575731 0.4990323 0.4566949 0.4976938 0.4575731 0.4990323 0.4566949 0.499017 0.5954371 0.1450265 0.5956477 0.1450687 0.5951423 0.1466335 0.5954371 0.1450265 0.5951423 0.1466335 0.5949177 0.146622 0.7817129 0.4784019 0.7817129 0.4770749 0.7819696 0.4771094 0.7817129 0.4784019 0.7819696 0.4771094 0.7819696 0.4784575 0.7318608 0.1437301 0.7316573 0.1450878 0.7311887 0.145084 0.7318608 0.1437301 0.7311887 0.145084 0.7313923 0.1437225 0.6720318 0.1904582 0.6729724 0.1916357 0.6733585 0.1929321 0.6733585 0.1929321 0.673183 0.194261 0.6724319 0.1955325 0.6724319 0.1955325 0.6711754 0.1966562 0.6694908 0.1975575 0.6694908 0.1975575 0.6674903 0.198175 0.6653213 0.1984684 0.6653213 0.1984684 0.6631172 0.1984147 0.6610395 0.1980197 0.6610395 0.1980197 0.6592286 0.1973101 0.6577966 0.1963321 0.6577966 0.1963321 0.656863 0.1951546 0.65647 0.1938564 0.65647 0.1938564 0.6566525 0.1925293 0.6573965 0.1912598 0.6573965 0.1912598 0.658653 0.1901361 0.6603376 0.1892328 0.6603376 0.1892328 0.6623381 0.1886154 0.6645141 0.188322 0.6645141 0.188322 0.6667112 0.1883757 0.6687889 0.1887707 0.6687889 0.1887707 0.6705998 0.1894803 0.6720318 0.1904582 0.6720318 0.1904582 0.6733585 0.1929321 0.6724319 0.1955325 0.6724319 0.1955325 0.6694908 0.1975575 0.6653213 0.1984684 0.6653213 0.1984684 0.6610395 0.1980197 0.6577966 0.1963321 0.6577966 0.1963321 0.65647 0.1938564 0.6573965 0.1912598 0.6573965 0.1912598 0.6603376 0.1892328 0.6645141 0.188322 0.6645141 0.188322 0.6687889 0.1887707 0.6720318 0.1904582 0.6720318 0.1904582 0.6724319 0.1955325 0.6653213 0.1984684 0.6653213 0.1984684 0.6577966 0.1963321 0.6573965 0.1912598 0.6573965 0.1912598 0.6645141 0.188322 0.6720318 0.1904582 0.6653213 0.1984684 0.6573965 0.1912598 0.6720318 0.1904582 0.4770276 0.4969478 0.4776646 0.4967982 0.4776646 0.4982288 0.4770276 0.4969478 0.4776646 0.4982288 0.4770276 0.4983362 0.661201 0.1819054 0.6611168 0.1820204 0.6591795 0.1811614 0.661201 0.1819054 0.6591795 0.1811614 0.6593198 0.1810693 0.7047207 0.1789234 0.7047137 0.1771668 0.7052893 0.1771745 0.7047207 0.1789234 0.7052893 0.1771745 0.7052963 0.1788697 0.7024683 0.1752951 0.7026684 0.1735616 0.7035177 0.1736114 0.7024683 0.1752951 0.7035177 0.1736114 0.7033203 0.175322 0.6885719 0.479052 0.6884728 0.4775639 0.6887878 0.4775984 0.6885719 0.479052 0.6887878 0.4775984 0.6888886 0.4791057 0.7144579 0.1627478 0.7144578 0.1612098 0.7149873 0.1612098 0.7144579 0.1627478 0.7149873 0.1612098 0.7149875 0.1627995 0.3933864 0.5407783 0.3916316 0.5407783 0.3928214 0.461674 0.3933864 0.5407783 0.3928214 0.461674 0.3940357 0.4616749 0.6072717 0.1533032 0.6045762 0.1533799 0.6045973 0.1532495 0.6072717 0.1533032 0.6045973 0.1532495 0.6072366 0.1531728 0.7048277 0.1805573 0.7047207 0.1789234 0.7052963 0.1788697 0.7048277 0.1805573 0.7052963 0.1788697 0.7054007 0.1804537 0.7662449 0.4735233 0.7662484 0.4725645 0.7698932 0.4725587 0.7662449 0.4735233 0.7698932 0.4725587 0.7698879 0.4735175 0.5803176 0.2019509 0.5787628 0.2017055 0.5773659 0.201226 0.5773659 0.201226 0.5762288 0.2005395 0.5754216 0.1996957 0.5754216 0.1996957 0.5750074 0.198756 0.5750074 0.1977781 0.5750074 0.1977781 0.5754251 0.1968345 0.5762288 0.1959831 0.5762288 0.1959831 0.5773695 0.195285 0.5787663 0.1947903 0.5787663 0.1947903 0.580321 0.1945295 0.581932 0.1945218 0.581932 0.1945218 0.5834867 0.1947673 0.5848836 0.1952505 0.5848836 0.1952505 0.5860207 0.1959332 0.5868244 0.196777 0.5868244 0.196777 0.5872421 0.1977167 0.5872421 0.1986947 0.5872421 0.1986947 0.5868244 0.199642 0.5860207 0.2004896 0.5860207 0.2004896 0.5848801 0.2011877 0.5834832 0.2016824 0.5834832 0.2016824 0.5819285 0.2019432 0.5803176 0.2019509 0.5803176 0.2019509 0.5773659 0.201226 0.5754216 0.1996957 0.5754216 0.1996957 0.5750074 0.1977781 0.5762288 0.1959831 0.5762288 0.1959831 0.5787663 0.1947903 0.581932 0.1945218 0.581932 0.1945218 0.5848836 0.1952505 0.5868244 0.196777 0.5868244 0.196777 0.5872421 0.1986947 0.5860207 0.2004896 0.5860207 0.2004896 0.5834832 0.2016824 0.5803176 0.2019509 0.5803176 0.2019509 0.5754216 0.1996957 0.5762288 0.1959831 0.5762288 0.1959831 0.581932 0.1945218 0.5868244 0.196777 0.5868244 0.196777 0.5860207 0.2004896 0.5803176 0.2019509 0.5762288 0.1959831 0.5868244 0.196777 0.5803176 0.2019509 0.7172958 0.1407884 0.7172958 0.1510173 0.7166991 0.1510134 0.7172958 0.1407884 0.7166991 0.1510134 0.7166974 0.1407846 0.6993676 0.1736459 0.7001064 0.1735846 0.6999081 0.1752951 0.6993676 0.1736459 0.6999081 0.1752951 0.6991737 0.175322 0.612122 0.1825804 0.6172356 0.1759874 0.6172356 0.1944873 0.612122 0.1825804 0.6172356 0.1944873 0.612122 0.1956628 0.8644116 0.3045546 0.8644116 0.3162524 0.8632218 0.3161795 0.8644116 0.3045546 0.8632218 0.3161795 0.8632218 0.3046274 0.7014909 0.1771438 0.7014988 0.1790116 0.7006337 0.1789963 0.7014909 0.1771438 0.7006337 0.1789963 0.7006267 0.1771361 0.9046656 0.322738 0.9050095 0.3243144 0.904792 0.3243488 0.9046656 0.322738 0.904792 0.3243488 0.904434 0.3227419 0.4054017 0.4908457 0.4054281 0.4892694 0.4059343 0.4891505 0.4054017 0.4908457 0.4059343 0.4891505 0.4059071 0.4907805 0.8290172 0.3170233 0.8290172 0.3051797 0.8306676 0.3045546 0.8290172 0.3170233 0.8306676 0.3045546 0.8306676 0.3176293 0.8570484 0.2020506 0.8563219 0.2020545 0.8563219 0.1918256 0.8570484 0.2020506 0.8563219 0.1918256 0.8570484 0.1918217 0.7149873 0.1612098 0.7144578 0.1612098 0.7144641 0.1596718 0.7149873 0.1612098 0.7144641 0.1596718 0.7149939 0.15962 0.6574843 0.4892521 0.6592426 0.4892454 0.6592426 0.4912369 0.6574843 0.4892521 0.6592426 0.4912369 0.6574843 0.4912436 0.4902089 0.4628898 0.4900861 0.4642437 0.4897316 0.4642667 0.4902089 0.4628898 0.4897316 0.4642667 0.4898527 0.462932 0.9508772 0.3310504 0.95319 0.3310518 0.9525267 0.4101535 0.9508772 0.3310504 0.9525267 0.4101535 0.9509298 0.4101526 0.7156502 0.1612098 0.7156566 0.1595778 0.7164247 0.1595472 0.7156502 0.1612098 0.7164247 0.1595472 0.7164179 0.1612098 0.8725137 0.1941574 0.8725119 0.1953541 0.8706097 0.1953541 0.8725137 0.1941574 0.8706097 0.1953541 0.8706097 0.1941574 0.8747493 0.3147873 0.8747458 0.3045584 0.8751705 0.3045546 0.8747493 0.3147873 0.8751705 0.3045546 0.8751705 0.3147835 0.7198661 0.159551 0.7190231 0.1595299 0.7190361 0.1579612 0.7198661 0.159551 0.7190361 0.1579612 0.7198788 0.1580015 0.5034912 0.4790117 0.5039317 0.4790117 0.5039317 0.4803445 0.5034912 0.4790117 0.5039317 0.4803445 0.5034912 0.480333 0.7212987 0.1628053 0.720631 0.1628475 0.720631 0.1612156 0.7212987 0.1628053 0.720631 0.1612156 0.7212986 0.1612156 0.8191003 0.3256337 0.6471273 0.3256184 0.6471273 0.2084557 0.8191003 0.3256337 0.6471273 0.2084557 0.8191003 0.208471 0.7662449 0.486891 0.7662449 0.4824573 0.7686174 0.4825206 0.7662449 0.486891 0.7686174 0.4825206 0.7686174 0.4869543 0.9713279 0.4098688 0.9689975 0.4099004 0.9713069 0.331079 0.9713279 0.4098688 0.9713069 0.331079 0.9729143 0.3310569 0.54102 0.461683 0.5437259 0.4616835 0.5437259 0.4661267 0.54102 0.461683 0.5437259 0.4661267 0.54102 0.4661264 0.5827111 0.6135112 0.5830761 0.2084569 0.637216 0.6135112 0.6837593 0.1971299 0.686982 0.197126 0.6868908 0.198664 0.6837593 0.1971299 0.6868908 0.198664 0.683668 0.1986678 0.6435474 0.1428365 0.6437931 0.1517575 0.6416662 0.1527739 0.6416662 0.1527739 0.6391744 0.1534183 0.636486 0.1536522 0.636486 0.1536522 0.6337906 0.1534528 0.6312637 0.1528391 0.6312637 0.1528391 0.6290807 0.1518496 0.628835 0.1429286 0.628835 0.1429286 0.6435474 0.1428365 0.6416662 0.1527739 0.6416662 0.1527739 0.636486 0.1536522 0.6312637 0.1528391 0.6416662 0.1527739 0.6312637 0.1528391 0.628835 0.1429286</float_array>
          <technique_common>
            <accessor source="#Dramikom_drm_h_drm_l_l_002-mesh-map-0-array" count="8313" stride="2">
              <param name="S" type="float"/>
              <param name="T" type="float"/>
            </accessor>
          </technique_common>
        </source>
        <vertices id="Dramikom_drm_h_drm_l_l_002-mesh-vertices">
          <input semantic="POSITION" source="#Dramikom_drm_h_drm_l_l_002-mesh-positions"/>
        </vertices>
        <triangles material="cd742070-8114-4ad5-b0bb-569a8021d904-material" count="1127">
          <input semantic="VERTEX" source="#Dramikom_drm_h_drm_l_l_002-mesh-vertices" offset="0"/>
          <input semantic="NORMAL" source="#Dramikom_drm_h_drm_l_l_002-mesh-normals" offset="1"/>
          <input semantic="TEXCOORD" source="#Dramikom_drm_h_drm_l_l_002-mesh-map-0" offset="2" set="0"/>
          <p>1347 0 0 1349 0 1 1487 0 2 1347 1 3 1487 1 4 1486 1 5 292 2 6 278 2 7 281 2 8 283 3 9 275 3 10 300 3 11 283 4 12 300 4 13 285 4 14 287 4 15 292 4 16 281 4 17 283 4 18 285 4 19 287 4 20 281 4 21 283 4 22 287 4 23 49 5 24 60 5 25 89 5 26 49 6 27 89 6 28 46 6 29 599 7 30 601 7 31 597 7 32 599 8 33 597 8 34 594 8 35 14 9 36 13 9 37 16 9 38 422 10 39 402 10 40 403 10 41 422 11 42 403 11 43 505 11 44 720 12 45 721 12 46 715 12 47 720 13 48 715 13 49 718 13 50 26 14 51 24 14 52 23 14 53 1108 15 54 1109 15 55 1107 15 56 1108 16 57 1107 16 58 1104 16 59 29 17 60 32 17 61 31 17 62 1201 18 63 1319 18 64 1318 18 65 1201 19 66 1318 19 67 1200 19 68 1051 20 69 1052 20 70 1050 20 71 1051 21 72 1050 21 73 1025 21 74 917 22 75 970 22 76 969 22 77 917 23 78 969 23 79 915 23 80 1191 24 81 1193 24 82 1189 24 83 1191 25 84 1189 25 85 1188 25 86 1424 26 87 1312 26 88 1314 26 89 1424 27 90 1314 27 91 1430 27 92 1113 28 93 1115 28 94 1114 28 95 1113 29 96 1114 29 97 1112 29 98 23 30 99 24 30 100 21 30 101 23 31 102 21 31 103 20 31 104 1271 32 105 1375 32 106 1373 32 107 1271 33 108 1373 33 109 1369 33 110 51 34 111 53 34 112 56 34 113 58 9 114 61 9 115 62 9 116 59 9 117 48 9 118 51 9 119 58 35 120 62 35 121 59 35 122 51 9 123 56 9 124 58 9 125 51 9 126 58 9 127 59 9 128 415 36 129 502 36 130 501 36 131 415 37 132 501 37 133 414 37 134 1138 38 135 1139 38 136 1143 38 137 1138 39 138 1143 39 139 1141 39 140 758 40 141 768 40 142 764 40 143 758 41 144 764 41 145 766 41 146 177 42 147 180 42 148 182 42 149 177 42 150 182 42 151 184 42 152 187 42 153 177 42 154 184 42 155 107 42 156 109 42 157 132 42 158 187 42 159 184 42 160 189 42 161 187 42 162 189 42 163 193 42 164 107 42 165 132 42 166 131 42 167 191 42 168 187 42 169 193 42 170 194 43 171 191 43 172 193 43 173 102 42 174 107 42 175 131 42 176 102 44 177 131 44 178 130 44 179 122 42 180 102 42 181 130 42 182 194 42 183 193 42 184 197 42 185 194 42 186 197 42 187 124 42 188 122 42 189 130 42 190 129 42 191 126 42 192 194 42 193 124 42 194 124 45 195 122 45 196 129 45 197 124 46 198 129 46 199 126 46 200 183 47 201 206 47 202 203 47 203 183 47 204 203 47 205 185 47 206 775 48 207 998 48 208 999 48 209 775 49 210 999 49 211 678 49 212 1344 50 213 1281 50 214 1279 50 215 1344 51 216 1279 51 217 1356 51 218 1307 52 219 1197 52 220 1198 52 221 1307 53 222 1198 53 223 1199 53 224 259 54 225 261 54 226 257 54 227 259 54 228 257 54 229 254 54 230 1343 55 231 1341 55 232 1170 55 233 1343 56 234 1170 56 235 1172 56 236 1024 57 237 1025 57 238 1050 57 239 1024 58 240 1050 58 241 1036 58 242 164 47 243 232 47 244 228 47 245 164 47 246 228 47 247 160 47 248 68 59 249 89 59 250 60 59 251 68 60 252 60 60 253 63 60 254 86 61 255 42 61 256 43 61 257 86 62 258 43 62 259 83 62 260 1572 63 261 1575 63 262 1574 63 263 1572 64 264 1574 64 265 1573 64 266 34 42 267 45 42 268 43 42 269 34 42 270 43 42 271 42 42 272 35 54 273 40 54 274 36 54 275 35 54 276 36 54 277 39 54 278 10 65 279 11 65 280 8 65 281 10 66 282 8 66 283 7 66 284 1376 67 285 1495 67 286 1494 67 287 1376 68 288 1494 68 289 1374 68 290 91 54 291 99 54 292 98 54 293 91 54 294 98 54 295 97 54 296 74 69 297 75 69 298 73 69 299 74 70 300 73 70 301 64 70 302 100 71 303 110 71 304 108 71 305 100 71 306 108 71 307 106 71 308 404 72 309 510 72 310 505 72 311 404 73 312 505 73 313 403 73 314 891 74 315 810 74 316 812 74 317 891 75 318 812 75 319 922 75 320 959 76 321 960 76 322 961 76 323 959 77 324 961 77 325 958 77 326 562 78 327 470 78 328 540 78 329 562 79 330 540 79 331 654 79 332 1028 80 333 1060 80 334 1059 80 335 1028 81 336 1059 81 337 1027 81 338 1364 82 339 1366 82 340 1490 82 341 1364 83 342 1490 83 343 1489 83 344 90 47 345 96 47 346 93 47 347 90 47 348 93 47 349 94 47 350 986 84 351 983 84 352 1000 84 353 986 85 354 1000 85 355 989 85 356 570 86 357 571 86 358 568 86 359 570 87 360 568 87 361 566 87 362 936 88 363 1011 88 364 1010 88 365 936 89 366 1010 89 367 935 89 368 692 90 369 700 90 370 697 90 371 692 91 372 697 91 373 694 91 374 885 92 375 886 92 376 908 92 377 885 93 378 908 93 379 907 93 380 1511 94 381 1513 94 382 1547 94 383 1511 95 384 1547 95 385 1556 95 386 192 54 387 195 54 388 213 54 389 192 54 390 213 54 391 236 54 392 472 96 393 372 96 394 494 96 395 472 97 396 494 97 397 493 97 398 135 71 399 144 71 400 141 71 401 135 71 402 141 71 403 137 71 404 821 98 405 822 98 406 820 98 407 821 99 408 820 99 409 818 99 410 77 100 411 81 100 412 78 100 413 77 101 414 78 101 415 69 101 416 264 54 417 265 54 418 282 54 419 264 54 420 282 54 421 280 54 422 1237 102 423 1229 102 424 1231 102 425 1237 103 426 1231 103 427 1235 103 428 174 47 429 181 47 430 178 47 431 174 47 432 178 47 433 175 47 434 818 104 435 820 104 436 817 104 437 818 105 438 817 105 439 815 105 440 214 106 441 217 106 442 225 106 443 214 107 444 225 107 445 227 107 446 1285 108 447 1287 108 448 1283 108 449 1285 109 450 1283 109 451 1282 109 452 112 42 453 238 42 454 111 42 455 202 42 456 205 42 457 207 42 458 202 42 459 207 42 460 208 42 461 200 110 462 202 110 463 208 110 464 112 42 465 111 42 466 101 42 467 112 42 468 101 42 469 105 42 470 200 42 471 208 42 472 209 42 473 113 42 474 112 42 475 105 42 476 114 42 477 113 42 478 105 42 479 199 42 480 200 42 481 209 42 482 199 42 483 209 42 484 210 42 485 198 111 486 199 111 487 210 111 488 114 42 489 105 42 490 117 42 491 198 42 492 210 42 493 211 42 494 212 112 495 114 112 496 117 112 497 198 42 498 211 42 499 212 42 500 212 42 501 117 42 502 119 42 503 119 42 504 198 42 505 212 42 506 169 47 507 173 47 508 172 47 509 169 47 510 172 47 511 167 47 512 929 113 513 677 113 514 1001 113 515 929 114 516 1001 114 517 928 114 518 705 115 519 719 115 520 717 115 521 705 116 522 717 116 523 703 116 524 163 54 525 166 54 526 171 54 527 163 54 528 171 54 529 231 54 530 313 117 531 324 117 532 322 117 533 313 118 534 322 118 535 321 118 536 1340 119 537 1342 119 538 1357 119 539 1340 120 540 1357 120 541 1353 120 542 794 121 543 797 121 544 796 121 545 794 122 546 796 122 547 795 122 548 179 54 549 188 54 550 235 54 551 179 54 552 235 54 553 176 54 554 127 47 555 218 47 556 215 47 557 127 47 558 215 47 559 196 47 560 134 123 561 138 123 562 221 123 563 134 124 564 221 124 565 220 124 566 897 125 567 945 125 568 944 125 569 897 126 570 944 126 571 896 126 572 1579 47 573 1581 47 574 1577 47 575 1579 47 576 1577 47 577 1576 47 578 992 127 579 996 127 580 995 127 581 992 128 582 995 128 583 994 128 584 157 54 585 161 54 586 229 54 587 157 54 588 229 54 589 226 54 590 301 47 591 295 47 592 297 47 593 301 47 594 297 47 595 298 47 596 239 42 597 242 42 598 256 42 599 250 42 600 244 42 601 245 42 602 239 42 603 256 42 604 249 42 605 250 42 606 245 42 607 239 42 608 249 42 609 250 42 610 239 42 611 1234 129 612 1260 129 613 1258 129 614 1234 130 615 1258 130 616 1235 130 617 71 131 618 79 131 619 88 131 620 71 132 621 88 132 622 66 132 623 1329 133 624 1163 133 625 1166 133 626 1329 134 627 1166 134 628 1333 134 629 1387 135 630 1439 135 631 1437 135 632 1387 136 633 1437 136 634 1386 136 635 267 9 636 271 9 637 276 9 638 267 9 639 276 9 640 284 9 641 139 54 642 142 54 643 146 54 644 139 54 645 146 54 646 222 54 647 255 47 648 260 47 649 274 47 650 255 47 651 274 47 652 248 47 653 1194 137 654 1196 137 655 1193 137 656 1194 138 657 1193 138 658 1191 138 659 263 47 660 279 47 661 277 47 662 263 47 663 277 47 664 272 47 665 247 9 666 241 9 667 240 9 668 247 9 669 240 9 670 246 9 671 846 139 672 847 139 673 879 139 674 846 140 675 879 140 676 853 140 677 190 54 678 186 54 679 204 54 680 190 54 681 204 54 682 201 54 683 227 141 684 230 141 685 237 141 686 227 142 687 237 142 688 214 142 689 1210 143 690 1212 143 691 1325 143 692 1210 144 693 1325 144 694 1324 144 695 311 145 696 369 145 697 367 145 698 311 146 699 367 146 700 366 146 701 269 71 702 258 71 703 253 71 704 269 71 705 253 71 706 251 71 707 151 54 708 153 54 709 224 54 710 151 54 711 224 54 712 223 54 713 1592 54 714 1597 54 715 1595 54 716 1592 54 717 1595 54 718 1593 54 719 1049 147 720 1050 147 721 1052 147 722 1049 148 723 1052 148 724 1073 148 725 1570 149 726 1567 149 727 1568 149 728 1570 150 729 1568 150 730 1569 150 731 1584 54 732 1587 54 733 1586 54 734 1584 54 735 1586 54 736 1585 54 737 1474 151 738 1475 151 739 1528 151 740 1474 152 741 1528 152 742 1472 152 743 1159 9 744 1210 9 745 1324 9 746 1324 153 747 1323 153 748 1209 153 749 1324 154 750 1209 154 751 1159 154 752 273 42 753 262 42 754 270 42 755 270 155 756 266 155 757 268 155 758 273 42 759 270 42 760 268 42 761 286 71 762 299 71 763 291 71 764 286 71 765 291 71 766 289 71 767 121 54 768 123 54 769 118 54 770 121 54 771 118 54 772 116 54 773 1051 156 774 1025 156 775 1026 156 776 1051 157 777 1026 157 778 1058 157 779 1106 158 780 1105 158 781 1110 158 782 1106 159 783 1110 159 784 1111 159 785 1079 160 786 1080 160 787 1078 160 788 1079 161 789 1078 161 790 1076 161 791 158 9 792 159 9 793 1602 9 794 92 4 795 95 4 796 170 4 797 165 4 798 162 4 799 156 4 800 145 4 801 140 4 802 143 4 803 143 4 804 148 4 805 147 4 806 147 4 807 149 4 808 152 4 809 155 9 810 158 9 811 1602 9 812 92 4 813 170 4 814 168 4 815 92 4 816 168 4 817 165 4 818 145 4 819 143 4 820 147 4 821 1601 162 822 92 162 823 165 162 824 145 4 825 147 4 826 152 4 827 150 4 828 145 4 829 152 4 830 1600 4 831 1601 4 832 165 4 833 1602 163 834 1600 163 835 165 163 836 1602 4 837 165 4 838 156 4 839 150 4 840 152 4 841 155 4 842 155 4 843 1602 4 844 156 4 845 154 4 846 150 4 847 155 4 848 156 4 849 154 4 850 155 4 851 842 164 852 848 164 853 847 164 854 842 165 855 847 165 856 846 165 857 1223 166 858 1392 166 859 1391 166 860 1223 167 861 1391 167 862 1390 167 863 303 168 864 302 168 865 305 168 866 303 169 867 305 169 868 316 169 869 1508 170 870 1558 170 871 1560 170 872 1508 171 873 1560 171 874 1506 171 875 525 172 876 668 172 877 669 172 878 525 173 879 669 173 880 523 173 881 930 174 882 785 174 883 775 174 884 930 175 885 775 175 886 678 175 887 1404 176 888 1406 176 889 1408 176 890 1404 177 891 1408 177 892 1402 177 893 1182 178 894 1184 178 895 1180 178 896 1182 179 897 1180 179 898 1145 179 899 82 180 900 84 180 901 44 180 902 82 181 903 44 181 904 80 181 905 1212 182 906 1161 182 907 1164 182 908 1164 183 909 1330 183 910 1338 183 911 1338 184 912 1325 184 913 1212 184 914 1212 185 915 1164 185 916 1338 185 917 1441 186 918 1471 186 919 1469 186 920 1441 187 921 1469 187 922 1440 187 923 375 188 924 352 188 925 353 188 926 375 189 927 353 189 928 373 189 929 982 190 930 1046 190 931 1044 190 932 982 191 933 1044 191 934 979 191 935 903 192 936 950 192 937 949 192 938 903 193 939 949 193 940 902 193 941 485 194 942 489 194 943 487 194 944 485 195 945 487 195 946 486 195 947 824 196 948 929 196 949 928 196 950 824 197 951 928 197 952 823 197 953 924 198 954 925 198 955 976 198 956 924 199 957 976 199 958 975 199 959 725 200 960 726 200 961 733 200 962 725 201 963 733 201 964 732 201 965 734 202 966 727 202 967 729 202 968 737 203 969 734 203 970 729 203 971 724 204 972 725 204 973 732 204 974 732 205 975 737 205 976 729 205 977 732 206 978 729 206 979 724 206 980 400 207 981 401 207 982 506 207 983 400 208 984 506 208 985 399 208 986 526 209 987 663 209 988 665 209 989 526 210 990 665 210 991 524 210 992 882 211 993 883 211 994 884 211 995 882 212 996 884 212 997 906 212 998 1504 213 999 1518 213 1000 1516 213 1001 1504 214 1002 1516 214 1003 1507 214 1004 1455 215 1005 1456 215 1006 1476 215 1007 1455 216 1008 1476 216 1009 1475 216 1010 552 217 1011 554 217 1012 578 217 1013 552 218 1014 578 218 1015 618 218 1016 1422 219 1017 1456 219 1018 1455 219 1019 1422 220 1020 1455 220 1021 1420 220 1022 374 221 1023 387 221 1024 386 221 1025 374 222 1026 386 222 1027 377 222 1028 1571 223 1029 1566 223 1030 1567 223 1031 1571 224 1032 1567 224 1033 1570 224 1034 854 225 1035 855 225 1036 851 225 1037 854 226 1038 851 226 1039 833 226 1040 328 227 1041 332 227 1042 412 227 1043 328 228 1044 412 228 1045 411 228 1046 696 229 1047 701 229 1048 713 229 1049 696 230 1050 713 230 1051 685 230 1052 1181 231 1053 1186 231 1054 1185 231 1055 1181 232 1056 1185 232 1057 1183 232 1058 378 233 1059 379 233 1060 351 233 1061 378 234 1062 351 234 1063 376 234 1064 1465 235 1065 1517 235 1066 1519 235 1067 1465 236 1068 1519 236 1069 1463 236 1070 816 237 1071 783 237 1072 787 237 1073 816 238 1074 787 238 1075 819 238 1076 525 239 1077 667 239 1078 499 239 1079 525 240 1080 499 240 1081 668 240 1082 9 241 1083 12 241 1084 15 241 1085 15 242 1086 19 242 1087 22 242 1088 22 243 1089 25 243 1090 27 243 1091 27 244 1092 28 244 1093 30 244 1094 30 245 1095 33 245 1096 1 245 1097 1 246 1098 3 246 1099 6 246 1100 6 247 1101 9 247 1102 15 247 1103 15 248 1104 22 248 1105 27 248 1106 27 249 1107 30 249 1108 1 249 1109 1 250 1110 6 250 1111 15 250 1112 15 251 1113 27 251 1114 1 251 1115 1564 252 1116 1565 252 1117 1563 252 1118 1564 253 1119 1563 253 1120 1562 253 1121 383 254 1122 384 254 1123 432 254 1124 383 255 1125 432 255 1126 431 255 1127 451 256 1128 454 256 1129 453 256 1130 451 257 1131 453 257 1132 452 257 1133 418 258 1134 503 258 1135 502 258 1136 418 259 1137 502 259 1138 415 259 1139 937 260 1140 938 260 1141 1016 260 1142 937 261 1143 1016 261 1144 1015 261 1145 1534 262 1146 1535 262 1147 1542 262 1148 1534 263 1149 1542 263 1150 1545 263 1151 595 264 1152 596 264 1153 627 264 1154 595 265 1155 627 265 1156 625 265 1157 1512 266 1158 1513 266 1159 1511 266 1160 1512 267 1161 1511 267 1162 1510 267 1163 955 268 1164 956 268 1165 1030 268 1166 955 269 1167 1030 269 1168 954 269 1169 334 270 1170 335 270 1171 331 270 1172 334 271 1173 331 271 1174 329 271 1175 635 272 1176 659 272 1177 657 272 1178 635 273 1179 657 273 1180 634 273 1181 1366 274 1182 1368 274 1183 1491 274 1184 1366 275 1185 1491 275 1186 1490 275 1187 702 276 1188 716 276 1189 714 276 1190 702 277 1191 714 277 1192 710 277 1193 778 278 1194 806 278 1195 803 278 1196 778 279 1197 803 279 1198 781 279 1199 1003 280 1200 1004 280 1201 1063 280 1202 1003 281 1203 1063 281 1204 1062 281 1205 1266 282 1206 1267 282 1207 1254 282 1208 1266 283 1209 1254 283 1210 1255 283 1211 644 284 1212 552 284 1213 618 284 1214 644 285 1215 618 285 1216 646 285 1217 420 286 1218 421 286 1219 418 286 1220 420 287 1221 418 287 1222 417 287 1223 1104 288 1224 1106 288 1225 1111 288 1226 1104 289 1227 1111 289 1228 1108 289 1229 1427 290 1230 1459 290 1231 1457 290 1232 1427 291 1233 1457 291 1234 1426 291 1235 497 292 1236 666 292 1237 664 292 1238 497 293 1239 664 293 1240 662 293 1241 330 294 1242 332 294 1243 328 294 1244 330 295 1245 328 295 1246 327 295 1247 1140 296 1248 1142 296 1249 1157 296 1250 1140 297 1251 1157 297 1252 1156 297 1253 520 298 1254 528 298 1255 527 298 1256 520 299 1257 527 299 1258 526 299 1259 1494 300 1260 1550 300 1261 1549 300 1262 1494 301 1263 1549 301 1264 1493 301 1265 1417 302 1266 1452 302 1267 1450 302 1268 1417 303 1269 1450 303 1270 1415 303 1271 542 304 1272 652 304 1273 653 304 1274 542 305 1275 653 305 1276 539 305 1277 448 306 1278 458 306 1279 456 306 1280 448 307 1281 456 307 1282 451 307 1283 1131 308 1284 1132 308 1285 1135 308 1286 1131 309 1287 1135 309 1288 1136 309 1289 514 310 1290 406 310 1291 371 310 1292 514 311 1293 371 311 1294 516 311 1295 1382 312 1296 1436 312 1297 1464 312 1298 1382 313 1299 1464 313 1300 1321 313 1301 939 314 1302 940 314 1303 1018 314 1304 939 315 1305 1018 315 1306 1017 315 1307 1115 316 1308 1134 316 1309 1133 316 1310 1115 317 1311 1133 317 1312 1114 317 1313 1379 318 1314 1354 318 1315 1500 318 1316 1379 319 1317 1500 319 1318 1499 319 1319 802 320 1320 804 320 1321 800 320 1322 802 321 1323 800 321 1324 798 321 1325 615 322 1326 641 322 1327 640 322 1328 615 323 1329 640 323 1330 614 323 1331 1272 324 1332 1370 324 1333 1371 324 1334 1272 325 1335 1371 325 1336 1269 325 1337 459 326 1338 455 326 1339 456 326 1340 459 327 1341 456 327 1342 398 327 1343 1213 328 1344 1327 328 1345 1326 328 1346 1213 329 1347 1326 329 1348 1211 329 1349 1541 330 1350 1543 330 1351 1540 330 1352 1541 331 1353 1540 331 1354 1539 331 1355 426 332 1356 507 332 1357 506 332 1358 426 333 1359 506 333 1360 425 333 1361 491 334 1362 536 334 1363 534 334 1364 491 335 1365 534 335 1366 490 335 1367 1040 336 1368 1020 336 1369 1022 336 1370 1040 337 1371 1022 337 1372 1038 337 1373 420 338 1374 424 338 1375 422 338 1376 420 339 1377 422 339 1378 421 339 1379 595 340 1380 625 340 1381 623 340 1382 595 341 1383 623 341 1384 592 341 1385 1400 342 1386 1409 342 1387 1410 342 1388 1400 343 1389 1410 343 1390 1449 343 1391 1475 344 1392 1476 344 1393 1529 344 1394 1475 345 1395 1529 345 1396 1528 345 1397 1490 346 1398 1491 346 1399 1492 346 1400 1490 347 1401 1492 347 1402 1538 347 1403 1178 348 1404 1180 348 1405 1184 348 1406 1178 349 1407 1184 349 1408 1262 349 1409 1222 350 1410 1389 350 1411 1388 350 1412 1222 351 1413 1388 351 1414 1220 351 1415 1460 352 1416 1461 352 1417 1481 352 1418 1460 353 1419 1481 353 1420 1480 353 1421 619 354 1422 647 354 1423 646 354 1424 619 355 1425 646 355 1426 618 355 1427 1443 356 1428 1444 356 1429 1453 356 1430 1443 357 1431 1453 357 1432 1418 357 1433 1086 358 1434 1087 358 1435 1088 358 1436 1086 359 1437 1088 359 1438 1091 359 1439 1241 360 1440 1239 360 1441 1254 360 1442 1241 361 1443 1254 361 1444 1253 361 1445 1290 362 1446 1362 362 1447 1360 362 1448 1290 363 1449 1360 363 1450 1288 363 1451 927 364 1452 978 364 1453 977 364 1454 927 365 1455 977 365 1456 926 365 1457 557 366 1458 616 366 1459 576 366 1460 557 367 1461 576 367 1462 556 367 1463 794 368 1464 792 368 1465 827 368 1466 794 369 1467 827 369 1468 799 369 1469 793 370 1470 789 370 1471 788 370 1472 793 371 1473 788 371 1474 828 371 1475 755 372 1476 767 372 1477 765 372 1478 755 373 1479 765 373 1480 763 373 1481 317 374 1482 319 374 1483 315 374 1484 317 375 1485 315 375 1486 304 375 1487 984 376 1488 985 376 1489 981 376 1490 984 377 1491 981 377 1492 980 377 1493 544 378 1494 546 378 1495 543 378 1496 544 379 1497 543 379 1498 541 379 1499 609 380 1500 611 380 1501 613 380 1502 609 381 1503 613 381 1504 639 381 1505 791 382 1506 936 382 1507 935 382 1508 791 383 1509 935 383 1510 790 383 1511 1120 384 1512 1121 384 1513 1119 384 1514 1120 385 1515 1119 385 1516 1118 385 1517 312 386 1518 370 386 1519 368 386 1520 312 387 1521 368 387 1522 310 387 1523 614 388 1524 640 388 1525 639 388 1526 614 389 1527 639 389 1528 613 389 1529 1051 390 1530 1058 390 1531 1057 390 1532 1051 391 1533 1057 391 1534 1056 391 1535 480 392 1536 482 392 1537 479 392 1538 480 393 1539 479 393 1540 476 393 1541 349 394 1542 350 394 1543 348 394 1544 349 395 1545 348 395 1546 347 395 1547 1130 396 1548 1137 396 1549 1128 396 1550 1130 397 1551 1128 397 1552 1129 397 1553 516 398 1554 474 398 1555 477 398 1556 516 399 1557 477 399 1558 514 399 1559 337 400 1560 415 400 1561 414 400 1562 337 401 1563 414 401 1564 336 401 1565 1472 402 1566 1528 402 1567 1527 402 1568 1472 403 1569 1527 403 1570 1470 403 1571 1298 404 1572 1300 404 1573 1185 404 1574 1298 405 1575 1185 405 1576 1405 405 1577 460 406 1578 453 406 1579 434 406 1580 460 407 1581 434 407 1582 461 407 1583 419 408 1584 426 408 1585 425 408 1586 419 409 1587 425 409 1588 423 409 1589 1008 410 1590 1066 410 1591 1067 410 1592 1008 411 1593 1067 411 1594 1007 411 1595 953 412 1596 1029 412 1597 988 412 1598 953 413 1599 988 413 1600 991 413 1601 1268 414 1602 1276 414 1603 1275 414 1604 1268 415 1605 1275 415 1606 1273 415 1607 465 416 1608 463 416 1609 436 416 1610 465 417 1611 436 417 1612 437 417 1613 1467 418 1614 1526 418 1615 1525 418 1616 1467 419 1617 1525 419 1618 1466 419 1619 1352 420 1620 1359 420 1621 1361 420 1622 1352 421 1623 1361 421 1624 1488 421 1625 367 422 1626 403 422 1627 402 422 1628 367 423 1629 402 423 1630 366 423 1631 843 424 1632 872 424 1633 871 424 1634 843 425 1635 871 425 1636 841 425 1637 468 426 1638 441 426 1639 442 426 1640 468 427 1641 442 427 1642 469 427 1643 504 428 1644 505 428 1645 510 428 1646 504 429 1647 510 429 1648 671 429 1649 17 430 1650 18 430 1651 14 430 1652 17 431 1653 14 431 1654 16 431 1655 497 432 1656 496 432 1657 408 432 1658 497 433 1659 408 433 1660 409 433 1661 519 434 1662 670 434 1663 671 434 1664 519 435 1665 671 435 1666 512 435 1667 411 436 1668 412 436 1669 500 436 1670 411 437 1671 500 437 1672 410 437 1673 483 438 1674 491 438 1675 490 438 1676 483 439 1677 490 439 1678 485 439 1679 537 440 1680 538 440 1681 559 440 1682 537 441 1683 559 441 1684 558 441 1685 969 442 1686 970 442 1687 1013 442 1688 969 443 1689 1013 443 1690 1014 443 1691 384 444 1692 435 444 1693 433 444 1694 384 445 1695 433 445 1696 432 445 1697 840 446 1698 839 446 1699 850 446 1700 840 447 1701 850 447 1702 849 447 1703 244 42 1704 250 42 1705 252 42 1706 256 42 1707 242 42 1708 243 42 1709 243 448 1710 244 448 1711 252 448 1712 243 42 1713 252 42 1714 256 42 1715 7 449 1716 8 449 1717 5 449 1718 7 450 1719 5 450 1720 4 450 1721 1207 451 1722 1209 451 1723 1323 451 1724 1323 452 1725 1322 452 1726 1301 452 1727 1323 453 1728 1301 453 1729 1207 453 1730 596 454 1731 631 454 1732 629 454 1733 596 455 1734 629 455 1735 627 455 1736 1285 456 1737 1282 456 1738 1300 456 1739 1285 457 1740 1300 457 1741 1298 457 1742 577 458 1743 555 458 1744 556 458 1745 577 459 1746 556 459 1747 576 459 1748 1432 460 1749 1316 460 1750 1317 460 1751 1432 461 1752 1317 461 1753 1434 461 1754 517 462 1755 529 462 1756 528 462 1757 517 463 1758 528 463 1759 520 463 1760 1398 464 1761 1247 464 1762 1248 464 1763 1398 465 1764 1248 465 1765 1403 465 1766 1268 466 1767 1270 466 1768 1267 466 1769 1268 467 1770 1267 467 1771 1266 467 1772 1394 468 1773 1395 468 1774 1446 468 1775 1394 469 1776 1446 469 1777 1392 469 1778 465 470 1779 466 470 1780 586 470 1781 465 471 1782 586 471 1783 584 471 1784 1434 472 1785 1435 472 1786 1433 472 1787 1434 473 1788 1433 473 1789 1432 473 1790 934 474 1791 1007 474 1792 1006 474 1793 934 475 1794 1006 475 1795 933 475 1796 585 476 1797 587 476 1798 592 476 1799 585 477 1800 592 477 1801 623 477 1802 451 478 1803 456 478 1804 455 478 1805 451 479 1806 455 479 1807 454 479 1808 1482 480 1809 1483 480 1810 1484 480 1811 1482 481 1812 1484 481 1813 1531 481 1814 567 482 1815 569 482 1816 565 482 1817 567 483 1818 565 483 1819 460 483 1820 507 484 1821 428 484 1822 429 484 1823 507 485 1824 429 485 1825 508 485 1826 1443 486 1827 1454 486 1828 1473 486 1829 1443 487 1830 1473 487 1831 1442 487 1832 410 488 1833 500 488 1834 498 488 1835 410 489 1836 498 489 1837 409 489 1838 535 490 1839 557 490 1840 556 490 1841 535 491 1842 556 491 1843 533 491 1844 1221 492 1845 1222 492 1846 1220 492 1847 1221 493 1848 1220 493 1849 1219 493 1850 429 494 1851 430 494 1852 509 494 1853 429 495 1854 509 495 1855 508 495 1856 918 496 1857 974 496 1858 972 496 1859 918 497 1860 972 497 1861 916 497 1862 1353 498 1863 1357 498 1864 1358 498 1865 1353 499 1866 1358 499 1867 1351 499 1868 807 500 1869 813 500 1870 811 500 1871 807 501 1872 811 501 1873 809 501 1874 507 502 1875 508 502 1876 399 502 1877 507 503 1878 399 503 1879 506 503 1880 1539 504 1881 1540 504 1882 1538 504 1883 1539 505 1884 1538 505 1885 1492 505 1886 1265 506 1887 1257 506 1888 1258 506 1889 1265 507 1890 1258 507 1891 1263 507 1892 510 508 1893 511 508 1894 512 508 1895 510 509 1896 512 509 1897 671 509 1898 1403 510 1899 1404 510 1900 1402 510 1901 1403 511 1902 1402 511 1903 1398 511 1904 1274 512 1905 1380 512 1906 1378 512 1907 1274 513 1908 1378 513 1909 1377 513 1910 548 514 1911 549 514 1912 547 514 1913 548 515 1914 547 515 1915 545 515 1916 619 516 1917 620 516 1918 648 516 1919 619 517 1920 648 517 1921 647 517 1922 1252 518 1923 1253 518 1924 1372 518 1925 1252 519 1926 1372 519 1927 1294 519 1928 446 520 1929 444 520 1930 391 520 1931 446 521 1932 391 521 1933 393 521 1934 1479 522 1935 1522 522 1936 1530 522 1937 1479 523 1938 1530 523 1939 1477 523 1940 515 524 1941 478 524 1942 481 524 1943 515 525 1944 481 525 1945 513 525 1946 963 526 1947 1039 526 1948 1041 526 1949 963 527 1950 1041 527 1951 962 527 1952 598 528 1953 602 528 1954 637 528 1955 598 529 1956 637 529 1957 636 529 1958 1289 530 1959 1286 530 1960 1299 530 1961 1289 531 1962 1299 531 1963 1297 531 1964 1548 532 1965 1549 532 1966 1550 532 1967 1548 533 1968 1550 533 1969 1555 533 1970 1046 534 1971 1070 534 1972 1068 534 1973 1046 535 1974 1068 535 1975 1044 535 1976 453 536 1977 460 536 1978 565 536 1979 453 537 1980 565 537 1981 452 537 1982 641 538 1983 658 538 1984 660 538 1985 641 539 1986 660 539 1987 640 539 1988 670 540 1989 519 540 1990 523 540 1991 670 541 1992 523 541 1993 669 541 1994 115 71 1995 104 71 1996 103 71 1997 115 71 1998 103 71 1999 120 71 2000 396 542 2001 360 542 2002 362 542 2003 396 543 2004 362 543 2005 400 543 2006 449 544 2007 564 544 2008 563 544 2009 449 545 2010 563 545 2011 447 545 2012 354 546 2013 357 546 2014 392 546 2015 354 547 2016 392 547 2017 390 547 2018 532 548 2019 555 548 2020 554 548 2021 532 549 2022 554 549 2023 531 549 2024 358 550 2025 361 550 2026 394 550 2027 358 551 2028 394 551 2029 355 551 2030 1238 552 2031 1227 552 2032 1228 552 2033 1238 553 2034 1228 553 2035 1236 553 2036 1126 554 2037 1127 554 2038 1125 554 2039 1126 555 2040 1125 555 2041 1124 555 2042 873 556 2043 874 556 2044 896 556 2045 873 557 2046 896 557 2047 895 557 2048 971 558 2049 1012 558 2050 1013 558 2051 971 559 2052 1013 559 2053 970 559 2054 574 560 2055 577 560 2056 576 560 2057 574 561 2058 576 561 2059 575 561 2060 309 562 2061 365 562 2062 364 562 2063 309 563 2064 364 563 2065 308 563 2066 339 564 2067 340 564 2068 338 564 2069 339 565 2070 338 565 2071 334 565 2072 1435 566 2073 1345 566 2074 1462 566 2075 1435 567 2076 1462 567 2077 1433 567 2078 549 568 2079 645 568 2080 651 568 2081 549 569 2082 651 569 2083 547 569 2084 492 570 2085 540 570 2086 470 570 2087 492 571 2088 470 571 2089 471 571 2090 520 572 2091 526 572 2092 524 572 2093 520 573 2094 524 573 2095 522 573 2096 356 574 2097 395 574 2098 393 574 2099 356 575 2100 393 575 2101 391 575 2102 550 576 2103 551 576 2104 549 576 2105 550 577 2106 549 577 2107 548 577 2108 574 578 2109 575 578 2110 573 578 2111 574 579 2112 573 579 2113 572 579 2114 1027 580 2115 1059 580 2116 1058 580 2117 1027 581 2118 1058 581 2119 1026 581 2120 606 582 2121 443 582 2122 445 582 2123 606 583 2124 445 583 2125 607 583 2126 799 584 2127 801 584 2128 797 584 2129 799 585 2130 797 585 2131 794 585 2132 1266 586 2133 1264 586 2134 1276 586 2135 1266 587 2136 1276 587 2137 1268 587 2138 1266 588 2139 1255 588 2140 1256 588 2141 1266 589 2142 1256 589 2143 1264 589 2144 958 590 2145 961 590 2146 962 590 2147 958 591 2148 962 591 2149 1041 591 2150 347 592 2151 674 592 2152 672 592 2153 347 593 2154 672 593 2155 349 593 2156 1501 594 2157 1519 594 2158 1517 594 2159 1501 595 2160 1517 595 2161 1503 595 2162 340 596 2163 428 596 2164 427 596 2165 340 597 2166 427 597 2167 338 597 2168 74 598 2169 57 598 2170 76 598 2171 74 599 2172 76 599 2173 75 599 2174 564 600 2175 612 600 2176 610 600 2177 564 601 2178 610 601 2179 563 601 2180 1419 602 2181 1454 602 2182 1443 602 2183 1419 603 2184 1443 603 2185 1418 603 2186 1557 604 2187 1544 604 2188 1546 604 2189 1557 605 2190 1546 605 2191 1514 605 2192 1291 606 2193 1363 606 2194 1362 606 2195 1291 607 2196 1362 607 2197 1290 607 2198 551 608 2199 553 608 2200 645 608 2201 551 609 2202 645 609 2203 549 609 2204 1075 610 2205 1074 610 2206 1053 610 2207 1075 611 2208 1053 611 2209 1055 611 2210 380 612 2211 385 612 2212 384 612 2213 380 613 2214 384 613 2215 383 613 2216 545 614 2217 661 614 2218 527 614 2219 545 615 2220 527 615 2221 548 615 2222 466 616 2223 465 616 2224 437 616 2225 466 617 2226 437 617 2227 438 617 2228 870 618 2229 871 618 2230 893 618 2231 870 619 2232 893 619 2233 892 619 2234 440 620 2235 467 620 2236 588 620 2237 440 621 2238 588 621 2239 439 621 2240 475 622 2241 477 622 2242 474 622 2243 475 623 2244 474 623 2245 473 623 2246 1332 624 2247 1334 624 2248 1331 624 2249 1332 625 2250 1331 625 2251 1328 625 2252 1509 626 2253 1507 626 2254 1516 626 2255 1509 627 2256 1516 627 2257 1515 627 2258 1300 628 2259 1261 628 2260 1183 628 2261 1300 629 2262 1183 629 2263 1185 629 2264 4 630 2265 5 630 2266 2 630 2267 4 631 2268 2 631 2269 0 631 2270 1588 54 2271 1591 54 2272 1590 54 2273 1588 54 2274 1590 54 2275 1589 54 2276 1226 632 2277 1242 632 2278 1393 632 2279 1226 633 2280 1393 633 2281 1224 633 2282 1034 634 2283 1035 634 2284 1033 634 2285 1034 635 2286 1033 635 2287 957 635 2288 922 636 2289 923 636 2290 921 636 2291 922 637 2292 921 637 2293 920 637 2294 342 638 2295 345 638 2296 344 638 2297 342 639 2298 344 639 2299 343 639 2300 323 640 2301 410 640 2302 409 640 2303 323 641 2304 409 641 2305 408 641 2306 230 642 2307 233 642 2308 234 642 2309 230 643 2310 234 643 2311 237 643 2312 1289 644 2313 1290 644 2314 1288 644 2315 1289 645 2316 1288 645 2317 1286 645 2318 1205 646 2319 1207 646 2320 1301 646 2321 1205 647 2322 1301 647 2323 1303 647 2324 306 648 2325 307 648 2326 359 648 2327 306 649 2328 359 649 2329 320 649 2330 1195 650 2331 1385 650 2332 1215 650 2333 1195 651 2334 1215 651 2335 1192 651 2336 1578 54 2337 1583 54 2338 1582 54 2339 1578 54 2340 1582 54 2341 1580 54 2342 838 652 2343 869 652 2344 868 652 2345 838 653 2346 868 653 2347 867 653 2348 578 654 2349 554 654 2350 555 654 2351 578 655 2352 555 655 2353 577 655 2354 1216 656 2355 1232 656 2356 1230 656 2357 1216 657 2358 1230 657 2359 1217 657 2360 631 658 2361 652 658 2362 649 658 2363 631 659 2364 649 659 2365 629 659 2366 1038 660 2367 1022 660 2368 1023 660 2369 1038 661 2370 1023 661 2371 1037 661 2372 915 662 2373 969 662 2374 968 662 2375 915 663 2376 968 663 2377 913 663 2378 1196 664 2379 1413 664 2380 1411 664 2381 1196 665 2382 1411 665 2383 1193 665 2384 1399 666 2385 1448 666 2386 1447 666 2387 1399 667 2388 1447 667 2389 1396 667 2390 1520 668 2391 1524 668 2392 1523 668 2393 1520 669 2394 1523 669 2395 1521 669 2396 591 670 2397 589 670 2398 605 670 2399 591 671 2400 605 671 2401 603 671 2402 898 672 2403 875 672 2404 878 672 2405 898 673 2406 878 673 2407 900 673 2408 496 674 2409 497 674 2410 662 674 2411 496 675 2412 662 675 2413 495 675 2414 782 676 2415 779 676 2416 828 676 2417 782 677 2418 828 677 2419 788 677 2420 1245 678 2421 1246 678 2422 1243 678 2423 1245 679 2424 1243 679 2425 1240 679 2426 1244 680 2427 1251 680 2428 1250 680 2429 1244 681 2430 1250 681 2431 1249 681 2432 951 682 2433 952 682 2434 990 682 2435 951 683 2436 990 683 2437 993 683 2438 1052 684 2439 1054 684 2440 1072 684 2441 1052 685 2442 1072 685 2443 1073 685 2444 518 686 2445 519 686 2446 512 686 2447 518 687 2448 512 687 2449 488 687 2450 1424 688 2451 1425 688 2452 1421 688 2453 1424 689 2454 1421 689 2455 1312 689 2456 464 690 2457 583 690 2458 582 690 2459 464 691 2460 582 691 2461 462 691 2462 501 692 2463 502 692 2464 669 692 2465 501 693 2466 669 693 2467 668 693 2468 1254 694 2469 1267 694 2470 1372 694 2471 1254 695 2472 1372 695 2473 1253 695 2474 451 696 2475 452 696 2476 450 696 2477 451 697 2478 450 697 2479 448 697 2480 626 698 2481 628 698 2482 647 698 2483 626 699 2484 647 699 2485 648 699 2486 1505 700 2487 1559 700 2488 1561 700 2489 1505 701 2490 1561 701 2491 1502 701 2492 1383 702 2493 1320 702 2494 1304 702 2495 1383 703 2496 1304 703 2497 1302 703 2498 1532 704 2499 1533 704 2500 1544 704 2501 1532 705 2502 1544 705 2503 1557 705 2504 550 706 2505 528 706 2506 529 706 2507 550 707 2508 529 707 2509 530 707 2510 871 708 2511 872 708 2512 894 708 2513 871 709 2514 894 709 2515 893 709 2516 570 710 2517 566 710 2518 581 710 2519 570 711 2520 581 711 2521 580 711 2522 615 712 2523 617 712 2524 643 712 2525 615 713 2526 643 713 2527 641 713 2528 975 714 2529 976 714 2530 1042 714 2531 975 715 2532 1042 715 2533 973 715 2534 1311 716 2535 1416 716 2536 1414 716 2537 1311 717 2538 1414 717 2539 1309 717 2540 1458 718 2541 1478 718 2542 1476 718 2543 1458 719 2544 1476 719 2545 1456 719 2546 690 720 2547 688 720 2548 708 720 2549 708 721 2550 693 721 2551 695 721 2552 708 722 2553 695 722 2554 690 722 2555 644 723 2556 646 723 2557 630 723 2558 644 724 2559 630 724 2560 650 724 2561 886 725 2562 911 725 2563 909 725 2564 886 726 2565 909 726 2566 908 726 2567 922 727 2568 812 727 2569 814 727 2570 922 728 2571 814 728 2572 923 728 2573 333 729 2574 336 729 2575 414 729 2576 333 730 2577 414 730 2578 413 730 2579 1336 731 2580 1353 731 2581 1351 731 2582 1336 732 2583 1351 732 2584 1350 732 2585 1305 733 2586 1384 733 2587 1386 733 2588 1305 734 2589 1386 734 2590 1437 734 2591 604 735 2592 633 735 2593 560 735 2594 604 736 2595 560 736 2596 561 736 2597 1235 737 2598 1258 737 2599 1257 737 2600 1235 738 2601 1257 738 2602 1237 738 2603 1329 739 2604 1333 739 2605 1339 739 2606 1329 740 2607 1339 740 2608 1337 740 2609 1403 741 2610 1295 741 2611 1296 741 2612 1403 742 2613 1296 742 2614 1404 742 2615 1495 743 2616 1497 743 2617 1553 743 2618 1495 744 2619 1553 744 2620 1551 744 2621 593 745 2622 595 745 2623 592 745 2624 593 746 2625 592 746 2626 590 746 2627 574 747 2628 579 747 2629 578 747 2630 574 748 2631 578 748 2632 577 748 2633 487 749 2634 489 749 2635 529 749 2636 487 750 2637 529 750 2638 517 750 2639 483 751 2640 484 751 2641 482 751 2642 483 752 2643 482 752 2644 480 752 2645 393 753 2646 395 753 2647 397 753 2648 393 754 2649 397 754 2650 457 754 2651 656 755 2652 642 755 2653 558 755 2654 656 756 2655 558 756 2656 559 756 2657 845 757 2658 852 757 2659 877 757 2660 845 758 2661 877 758 2662 844 758 2663 1335 759 2664 1336 759 2665 1350 759 2666 1335 760 2667 1350 760 2668 1348 760 2669 632 761 2670 653 761 2671 652 761 2672 632 762 2673 652 762 2674 631 762 2675 1158 763 2676 1160 763 2677 1162 763 2678 1162 764 2679 1165 764 2680 1167 764 2681 1167 765 2682 1168 765 2683 1169 765 2684 1169 766 2685 1171 766 2686 1174 766 2687 1174 767 2688 1176 767 2689 1177 767 2690 1177 768 2691 1179 768 2692 1144 768 2693 1144 769 2694 1146 769 2695 1148 769 2696 1148 770 2697 1150 770 2698 1152 770 2699 1152 771 2700 1154 771 2701 1155 771 2702 1155 772 2703 1202 772 2704 1203 772 2705 1203 773 2706 1204 773 2707 1206 773 2708 1206 774 2709 1208 774 2710 1158 774 2711 1158 775 2712 1162 775 2713 1167 775 2714 1167 776 2715 1169 776 2716 1174 776 2717 1174 777 2718 1177 777 2719 1144 777 2720 1144 778 2721 1148 778 2722 1152 778 2723 1152 779 2724 1155 779 2725 1203 779 2726 1203 780 2727 1206 780 2728 1158 780 2729 1158 781 2730 1167 781 2731 1174 781 2732 1174 782 2733 1144 782 2734 1152 782 2735 1152 783 2736 1203 783 2737 1158 783 2738 1174 784 2739 1152 784 2740 1158 784 2741 620 785 2742 621 785 2743 622 785 2744 620 786 2745 622 786 2746 648 786 2747 535 787 2748 537 787 2749 558 787 2750 535 788 2751 558 788 2752 557 788 2753 419 789 2754 416 789 2755 427 789 2756 419 790 2757 427 790 2758 426 790 2759 369 791 2760 407 791 2761 405 791 2762 369 792 2763 405 792 2764 367 792 2765 723 793 2766 728 793 2767 730 793 2768 723 794 2769 730 794 2770 722 794 2771 1400 795 2772 1449 795 2773 1448 795 2774 1400 796 2775 1448 796 2776 1399 796 2777 1438 797 2778 1440 797 2779 1469 797 2780 1438 798 2781 1469 798 2782 1468 798 2783 326 799 2784 328 799 2785 411 799 2786 326 800 2787 411 800 2788 325 800 2789 987 801 2790 1031 801 2791 1032 801 2792 987 802 2793 1032 802 2794 1048 802 2795 1308 803 2796 1315 803 2797 1313 803 2798 1308 804 2799 1313 804 2800 1310 804 2801 912 805 2802 965 805 2803 964 805 2804 912 806 2805 964 806 2806 910 806 2807 1495 807 2808 1551 807 2809 1550 807 2810 1495 808 2811 1550 808 2812 1494 808 2813 860 809 2814 863 809 2815 862 809 2816 860 810 2817 862 810 2818 861 810 2819 967 811 2820 1015 811 2821 1016 811 2822 967 812 2823 1016 812 2824 966 812 2825 1082 813 2826 1083 813 2827 1081 813 2828 1082 814 2829 1081 814 2830 1077 814 2831 1412 815 2832 1451 815 2833 1449 815 2834 1412 816 2835 1449 816 2836 1410 816 2837 1556 817 2838 1558 817 2839 1508 817 2840 1556 818 2841 1508 818 2842 1511 818 2843 609 819 2844 639 819 2845 638 819 2846 609 820 2847 638 820 2848 608 820 2849 945 821 2850 1021 821 2851 1019 821 2852 945 822 2853 1019 822 2854 944 822 2855 1064 823 2856 1065 823 2857 1063 823 2858 1064 824 2859 1063 824 2860 1004 824 2861 876 825 2862 897 825 2863 896 825 2864 876 826 2865 896 826 2866 874 826 2867 401 827 2868 400 827 2869 362 827 2870 401 828 2871 362 828 2872 363 828 2873 863 829 2874 890 829 2875 889 829 2876 863 830 2877 889 830 2878 862 830 2879 1221 831 2880 1225 831 2881 1223 831 2882 1221 832 2883 1223 832 2884 1222 832 2885 345 833 2886 381 833 2887 382 833 2888 345 834 2889 382 834 2890 344 834 2891 485 835 2892 486 835 2893 484 835 2894 485 836 2895 484 836 2896 483 836 2897 417 837 2898 418 837 2899 415 837 2900 417 838 2901 415 838 2902 337 838 2903 85 839 2904 87 839 2905 37 839 2906 85 840 2907 37 840 2908 41 840 2909 314 841 2910 318 841 2911 349 841 2912 314 842 2913 349 842 2914 672 842 2915 1009 843 2916 1043 843 2917 1044 843 2918 1009 844 2919 1044 844 2920 1068 844 2921 772 845 2922 1002 845 2923 1061 845 2924 772 846 2925 1061 846 2926 997 846 2927 1277 847 2928 1278 847 2929 1355 847 2930 1277 848 2931 1355 848 2932 1381 848 2933 825 849 2934 932 849 2935 931 849 2936 825 850 2937 931 850 2938 784 850 2939 341 851 2940 339 851 2941 673 851 2942 341 852 2943 673 852 2944 346 852 2945 1222 853 2946 1223 853 2947 1390 853 2948 1222 854 2949 1390 854 2950 1389 854 2951 1047 855 2952 1071 855 2953 1069 855 2954 1047 856 2955 1069 856 2956 1045 856 2957 989 857 2958 991 857 2959 988 857 2960 989 858 2961 988 858 2962 986 858 2963 761 859 2964 769 859 2965 759 859 2966 761 860 2967 759 860 2968 757 860 2969 946 861 2970 1026 861 2971 1025 861 2972 946 862 2973 1025 862 2974 1024 862 2975 679 863 2976 682 863 2977 684 863 2978 684 864 2979 675 864 2980 776 864 2981 684 865 2982 776 865 2983 679 865 2984 1217 866 2985 1218 866 2986 1214 866 2987 1217 867 2988 1214 867 2989 1216 867 2990 901 868 2991 948 868 2992 947 868 2993 901 869 2994 947 869 2995 899 869 2996 771 870 2997 835 870 2998 698 870 2999 687 871 3000 689 871 3001 676 871 3002 687 872 3003 676 872 3004 683 872 3005 771 873 3006 698 873 3007 686 873 3008 687 874 3009 683 874 3010 681 874 3011 681 875 3012 771 875 3013 686 875 3014 681 876 3015 686 876 3016 687 876 3017 294 9 3018 293 9 3019 288 9 3020 288 54 3021 290 54 3022 296 54 3023 288 54 3024 296 54 3025 294 54 3026 1098 877 3027 1099 877 3028 1100 877 3029 1098 878 3030 1100 878 3031 1101 878 3032 739 879 3033 741 879 3034 736 879 3035 739 880 3036 736 880 3037 731 880 3038 521 881 3039 523 881 3040 519 881 3041 521 882 3042 519 882 3043 518 882 3044 699 883 3045 704 883 3046 711 883 3047 709 884 3048 706 884 3049 691 884 3050 709 885 3051 691 885 3052 707 885 3053 712 886 3054 699 886 3055 711 886 3056 709 887 3057 707 887 3058 712 887 3059 711 888 3060 709 888 3061 712 888 3062 622 889 3063 624 889 3064 626 889 3065 622 890 3066 626 890 3067 648 890 3068 1259 891 3069 1262 891 3070 1184 891 3071 1259 892 3072 1184 892 3073 1233 892 3074 1397 893 3075 1401 893 3076 1400 893 3077 1397 894 3078 1400 894 3079 1399 894 3080 895 895 3081 896 895 3082 944 895 3083 895 896 3084 944 896 3085 943 896 3086 1005 897 3087 1006 897 3088 1007 897 3089 1005 898 3090 1007 898 3091 1067 898 3092 1085 899 3093 1090 899 3094 1089 899 3095 1085 900 3096 1089 900 3097 1084 900 3098 1496 901 3099 1498 901 3100 1554 901 3101 1496 902 3102 1554 902 3103 1552 902 3104 375 903 3105 373 903 3106 389 903 3107 375 904 3108 389 904 3109 388 904 3110 866 905 3111 809 905 3112 811 905 3113 866 906 3114 811 906 3115 864 906 3116 914 907 3117 887 907 3118 888 907 3119 914 908 3120 888 908 3121 919 908 3122 1392 909 3123 1446 909 3124 1445 909 3125 1392 910 3126 1445 910 3127 1391 910 3128 858 911 3129 859 911 3130 857 911 3131 858 912 3132 857 912 3133 856 912 3134 756 913 3135 745 913 3136 747 913 3137 756 914 3138 747 914 3139 754 914 3140 1344 915 3141 1173 915 3142 1175 915 3143 1344 916 3144 1175 916 3145 1281 916 3146 892 917 3147 893 917 3148 942 917 3149 892 918 3150 942 918 3151 941 918 3152 54 919 3153 55 919 3154 52 919 3155 54 920 3156 52 920 3157 38 920 3158 1347 921 3159 1486 921 3160 1485 921 3161 1347 922 3162 1485 922 3163 1346 922 3164 1118 923 3165 1119 923 3166 1117 923 3167 1118 924 3168 1117 924 3169 1116 924 3170 634 925 3171 657 925 3172 655 925 3173 634 926 3174 655 926 3175 633 926 3176 1292 927 3177 1293 927 3178 1367 927 3179 1292 928 3180 1367 928 3181 1365 928 3182 830 929 3183 829 929 3184 865 929 3185 830 930 3186 865 930 3187 837 930 3188 749 931 3189 750 931 3190 748 931 3191 746 932 3192 744 932 3193 740 932 3194 749 933 3195 748 933 3196 746 933 3197 749 934 3198 746 934 3199 740 934 3200 1190 935 3201 1187 935 3202 1147 935 3203 1190 936 3204 1147 936 3205 1149 936 3206 1284 937 3207 1357 937 3208 1342 937 3209 1284 938 3210 1342 938 3211 1280 938 3212 1537 939 3213 1538 939 3214 1540 939 3215 1537 940 3216 1540 940 3217 1536 940 3218 339 941 3219 334 941 3220 329 941 3221 339 942 3222 329 942 3223 673 942 3224 753 943 3225 748 943 3226 750 943 3227 742 944 3228 740 944 3229 744 944 3230 753 945 3231 750 945 3232 751 945 3233 742 946 3234 744 946 3235 753 946 3236 753 947 3237 751 947 3238 742 947 3239 756 948 3240 754 948 3241 762 948 3242 756 949 3243 762 949 3244 760 949 3245 65 54 3246 72 54 3247 70 54 3248 65 54 3249 70 54 3250 67 54 3251 806 950 3252 808 950 3253 805 950 3254 806 951 3255 805 951 3256 803 951 3257 600 952 3258 634 952 3259 633 952 3260 600 953 3261 633 953 3262 604 953 3263 34 954 3264 50 954 3265 47 954 3266 34 955 3267 47 955 3268 45 955 3269 1598 71 3270 1599 71 3271 1594 71 3272 1598 71 3273 1594 71 3274 1596 71 3275 881 956 3276 905 956 3277 904 956 3278 881 957 3279 904 957 3280 880 957 3281 1124 958 3282 1125 958 3283 1123 958 3284 1124 959 3285 1123 959 3286 1122 959 3287 735 960 3288 738 960 3289 743 960 3290 735 961 3291 743 961 3292 752 961 3293 136 962 3294 138 962 3295 134 962 3296 136 963 3297 134 963 3298 133 963 3299 831 964 3300 836 964 3301 834 964 3302 831 965 3303 834 965 3304 832 965 3305 680 966 3306 774 966 3307 780 966 3308 777 967 3309 770 967 3310 680 967 3311 780 968 3312 777 968 3313 680 968 3314 826 969 3315 825 969 3316 784 969 3317 784 970 3318 773 970 3319 779 970 3320 779 971 3321 782 971 3322 786 971 3323 786 972 3324 826 972 3325 784 972 3326 784 973 3327 779 973 3328 786 973 3329 1096 974 3330 1097 974 3331 1102 974 3332 1096 975 3333 1102 975 3334 1103 975 3335 125 54 3336 128 54 3337 219 54 3338 125 54 3339 219 54 3340 216 54 3341 426 976 3342 427 976 3343 428 976 3344 426 977 3345 428 977 3346 507 977 3347 1094 978 3348 1095 978 3349 1093 978 3350 1094 979 3351 1093 979 3352 1092 979 3353 548 980 3354 527 980 3355 528 980 3356 548 981 3357 528 981 3358 550 981 3359 1429 982 3360 1431 982 3361 1428 982 3362 1429 983 3363 1428 983 3364 1423 983 3365 1186 984 3366 1407 984 3367 1405 984 3368 1186 985 3369 1405 985 3370 1185 985 3371 1151 986 3372 1153 986 3373 1306 986 3374 1306 987 3375 1385 987 3376 1195 987 3377 1306 988 3378 1195 988 3379 1151 988 3380</p>
        </triangles>
        <triangles material="fcc88c84-e821-40a7-8520-37694fcf0c78-material" count="1644">
          <input semantic="VERTEX" source="#Dramikom_drm_h_drm_l_l_002-mesh-vertices" offset="0"/>
          <input semantic="NORMAL" source="#Dramikom_drm_h_drm_l_l_002-mesh-normals" offset="1"/>
          <input semantic="TEXCOORD" source="#Dramikom_drm_h_drm_l_l_002-mesh-map-0" offset="2" set="0"/>
          <p>1667 71 3381 1669 71 3382 1665 71 3383 1667 71 3384 1665 71 3385 1666 71 3386 3098 989 3387 3100 989 3388 2974 989 3389 3098 990 3390 2974 990 3391 3096 990 3392 2297 991 3393 2295 991 3394 2312 991 3395 2297 992 3396 2312 992 3397 2310 992 3398 3189 993 3399 3190 993 3400 3245 993 3401 3189 994 3402 3245 994 3403 3244 994 3404 2423 995 3405 2424 995 3406 2421 995 3407 2423 996 3408 2421 996 3409 2416 996 3410 2112 997 3411 2113 997 3412 2128 997 3413 2112 998 3414 2128 998 3415 2129 998 3416 2976 999 3417 3095 999 3418 3093 999 3419 2976 1000 3420 3093 1000 3421 2972 1000 3422 2914 1001 3423 2911 1001 3424 2908 1001 3425 2908 1002 3426 2925 1002 3427 2922 1002 3428 2908 1003 3429 2922 1003 3430 2920 1003 3431 2916 1004 3432 2914 1004 3433 2908 1004 3434 2908 1005 3435 2920 1005 3436 2918 1005 3437 2918 1006 3438 2916 1006 3439 2908 1006 3440 1615 1007 3441 1616 1007 3442 1614 1007 3443 1615 1008 3444 1614 1008 3445 1613 1008 3446 2617 1009 3447 2618 1009 3448 2635 1009 3449 2617 1010 3450 2635 1010 3451 2634 1010 3452 3388 1011 3453 3375 1011 3454 3377 1011 3455 3388 1012 3456 3377 1012 3457 3386 1012 3458 2654 1013 3459 2656 1013 3460 2658 1013 3461 2654 1014 3462 2658 1014 3463 2668 1014 3464 2266 1015 3465 2240 1015 3466 2300 1015 3467 2300 1016 3468 2298 1016 3469 2296 1016 3470 2296 1017 3471 2293 1017 3472 2267 1017 3473 2267 1018 3474 2266 1018 3475 2300 1018 3476 2300 1019 3477 2296 1019 3478 2267 1019 3479 2474 1020 3480 2575 1020 3481 2574 1020 3482 2474 1021 3483 2574 1021 3484 2573 1021 3485 2542 1022 3486 2628 1022 3487 2627 1022 3488 2542 1023 3489 2627 1023 3490 2541 1023 3491 2305 1024 3492 2309 1024 3493 2233 1024 3494 2238 1025 3495 2241 1025 3496 2302 1025 3497 2305 1026 3498 2233 1026 3499 2238 1026 3500 2238 1027 3501 2302 1027 3502 2305 1027 3503 3143 1028 3504 3163 1028 3505 3161 1028 3506 3143 1029 3507 3161 1029 3508 3141 1029 3509 2307 1030 3510 2155 1030 3511 2167 1030 3512 2169 1031 3513 2170 1031 3514 2307 1031 3515 2307 1032 3516 2167 1032 3517 2169 1032 3518 2301 1033 3519 2153 1033 3520 2159 1033 3521 2159 1034 3522 2164 1034 3523 2156 1034 3524 2156 1035 3525 2308 1035 3526 2304 1035 3527 2304 1036 3528 2301 1036 3529 2159 1036 3530 2159 1037 3531 2156 1037 3532 2304 1037 3533 2351 1038 3534 2396 1038 3535 2395 1038 3536 2351 1039 3537 2395 1039 3538 2350 1039 3539 2328 1040 3540 2333 1040 3541 2332 1040 3542 2328 1041 3543 2332 1041 3544 2330 1041 3545 2298 1042 3546 2316 1042 3547 2314 1042 3548 2298 1043 3549 2314 1043 3550 2296 1043 3551 2227 1044 3552 2228 1044 3553 2229 1044 3554 2227 1045 3555 2229 1045 3556 2232 1045 3557 3472 54 3558 3480 54 3559 3478 54 3560 3472 54 3561 3478 54 3562 3476 54 3563 3489 71 3564 3490 71 3565 3487 71 3566 3489 71 3567 3487 71 3568 3488 71 3569 2092 1046 3570 2120 1046 3571 2085 1046 3572 2092 1047 3573 2085 1047 3574 2089 1047 3575 2151 1048 3576 2157 1048 3577 2427 1048 3578 2151 1049 3579 2427 1049 3580 2425 1049 3581 2320 1050 3582 2322 1050 3583 2318 1050 3584 2320 1051 3585 2318 1051 3586 2300 1051 3587 3365 1052 3588 3372 1052 3589 3371 1052 3590 3365 1053 3591 3371 1053 3592 3370 1053 3593 2341 1054 3594 2333 1054 3595 2328 1054 3596 2328 1055 3597 2324 1055 3598 2320 1055 3599 2320 1056 3600 2300 1056 3601 2152 1056 3602 2152 1057 3603 2341 1057 3604 2328 1057 3605 2328 1058 3606 2320 1058 3607 2152 1058 3608 2811 1059 3609 2817 1059 3610 2814 1059 3611 2811 1060 3612 2814 1060 3613 2812 1060 3614 3182 1061 3615 3162 1061 3616 3160 1061 3617 3182 1062 3618 3160 1062 3619 3180 1062 3620 2445 1063 3621 2530 1063 3622 2529 1063 3623 2445 1064 3624 2529 1064 3625 2444 1064 3626 3053 1065 3627 3172 1065 3628 3173 1065 3629 3053 1066 3630 3173 1066 3631 3050 1066 3632 2279 1067 3633 2464 1067 3634 2463 1067 3635 2279 1068 3636 2463 1068 3637 2277 1068 3638 3042 1069 3639 2950 1069 3640 2953 1069 3641 3042 1070 3642 2953 1070 3643 3040 1070 3644 2633 1071 3645 2634 1071 3646 2665 1071 3647 2633 1072 3648 2665 1072 3649 2632 1072 3650 3485 54 3651 3486 54 3652 3484 54 3653 3485 54 3654 3484 54 3655 3482 54 3656 2574 1073 3657 2575 1073 3658 2657 1073 3659 2574 1074 3660 2657 1074 3661 2651 1074 3662 2621 1075 3663 2623 1075 3664 2619 1075 3665 2621 1076 3666 2619 1076 3667 2616 1076 3668 3087 1077 3669 3085 1077 3670 3144 1077 3671 3087 1078 3672 3144 1078 3673 3235 1078 3674 3340 1079 3675 3337 1079 3676 3338 1079 3677 3340 1080 3678 3338 1080 3679 3274 1080 3680 3211 1081 3681 3213 1081 3682 3254 1081 3683 3211 1082 3684 3254 1082 3685 3209 1082 3686 1975 1083 3687 2016 1083 3688 2014 1083 3689 1975 1084 3690 2014 1084 3691 1974 1084 3692 2491 1085 3693 2492 1085 3694 2599 1085 3695 2491 1086 3696 2599 1086 3697 2598 1086 3698 1664 54 3699 1668 54 3700 1695 54 3701 1664 54 3702 1695 54 3703 1662 54 3704 2154 1087 3705 2342 1087 3706 2386 1087 3707 2154 1088 3708 2386 1088 3709 2160 1088 3710 3102 1089 3711 3103 1089 3712 3215 1089 3713 3102 1090 3714 3215 1090 3715 3214 1090 3716 2372 1091 3717 2376 1091 3718 2411 1091 3719 2372 1092 3720 2411 1092 3721 2409 1092 3722 2123 1093 3723 2124 1093 3724 2137 1093 3725 2123 1094 3726 2137 1094 3727 2122 1094 3728 1915 1095 3729 1917 1095 3730 1939 1095 3731 1915 1096 3732 1939 1096 3733 1940 1096 3734 3171 1097 3735 3174 1097 3736 3310 1097 3737 3171 1098 3738 3310 1098 3739 3170 1098 3740 1812 1099 3741 1859 1099 3742 1913 1099 3743 1812 1100 3744 1913 1100 3745 1912 1100 3746 3341 1101 3747 3275 1101 3748 3276 1101 3749 3341 1102 3750 3276 1102 3751 3345 1102 3752 2347 1103 3753 2351 1103 3754 2350 1103 3755 2347 1104 3756 2350 1104 3757 2349 1104 3758 2524 1105 3759 2525 1105 3760 2599 1105 3761 2524 1106 3762 2599 1106 3763 2600 1106 3764 2701 1107 3765 2699 1107 3766 2712 1107 3767 2701 1108 3768 2712 1108 3769 2714 1108 3770 2317 1109 3771 2370 1109 3772 2368 1109 3773 2317 1110 3774 2368 1110 3775 2315 1110 3776 2732 1111 3777 2782 1111 3778 2780 1111 3779 2732 1112 3780 2780 1112 3781 2730 1112 3782 1835 1113 3783 1836 1113 3784 1885 1113 3785 1835 1114 3786 1885 1114 3787 1884 1114 3788 2976 1115 3789 2978 1115 3790 3112 1115 3791 2976 1116 3792 3112 1116 3793 3095 1116 3794 2475 1117 3795 2576 1117 3796 2575 1117 3797 2475 1118 3798 2575 1118 3799 2474 1118 3800 1834 1119 3801 1835 1119 3802 1884 1119 3803 1834 1120 3804 1884 1120 3805 1883 1120 3806 3077 1121 3807 3172 1121 3808 3171 1121 3809 3077 1122 3810 3171 1122 3811 3170 1122 3812 1765 1123 3813 1835 1123 3814 1834 1123 3815 1765 1124 3816 1834 1124 3817 1763 1124 3818 2356 1125 3819 2399 1125 3820 2398 1125 3821 2356 1126 3822 2398 1126 3823 2354 1126 3824 2448 1127 3825 2449 1127 3826 2447 1127 3827 2448 1128 3828 2447 1128 3829 2401 1128 3830 3327 1129 3831 3328 1129 3832 3325 1129 3833 3327 1130 3834 3325 1130 3835 3323 1130 3836 2418 1131 3837 2496 1131 3838 2495 1131 3839 2418 1132 3840 2495 1132 3841 2414 1132 3842 1773 1133 3843 1798 1133 3844 1795 1133 3845 1773 1134 3846 1795 1134 3847 1775 1134 3848 2365 1135 3849 2264 1135 3850 2267 1135 3851 2365 1136 3852 2267 1136 3853 2293 1136 3854 2435 1137 3855 2436 1137 3856 2437 1137 3857 2435 1138 3858 2437 1138 3859 2520 1138 3860 2328 1139 3861 2330 1139 3862 2326 1139 3863 2328 1140 3864 2326 1140 3865 2324 1140 3866 2448 1141 3867 2453 1141 3868 2451 1141 3869 2448 1142 3870 2451 1142 3871 2449 1142 3872 2388 1143 3873 2434 1143 3874 2432 1143 3875 2388 1144 3876 2432 1144 3877 2430 1144 3878 2246 1145 3879 2473 1145 3880 2572 1145 3881 2246 1146 3882 2572 1146 3883 2234 1146 3884 1692 1147 3885 1694 1147 3886 1697 1147 3887 1692 1148 3888 1697 1148 3889 1699 1148 3890 2193 1149 3891 2190 1149 3892 2203 1149 3893 2200 1150 3894 2198 1150 3895 2193 1150 3896 2203 1151 3897 2200 1151 3898 2193 1151 3899 2368 1152 3900 2370 1152 3901 2408 1152 3902 2368 1153 3903 2408 1153 3904 2407 1153 3905 2489 1154 3906 2491 1154 3907 2598 1154 3908 2489 1155 3909 2598 1155 3910 2596 1155 3911 2261 1156 3912 2406 1156 3913 2486 1156 3914 2261 1157 3915 2486 1157 3916 2485 1157 3917 3077 1158 3918 3078 1158 3919 3173 1158 3920 3077 1159 3921 3173 1159 3922 3172 1159 3923 3329 1160 3924 3331 1160 3925 3328 1160 3926 3329 1161 3927 3328 1161 3928 3327 1161 3929 1754 1162 3930 1777 1162 3931 1798 1162 3932 1754 1163 3933 1798 1163 3934 1773 1163 3935 2384 1164 3936 2387 1164 3937 2429 1164 3938 2384 1165 3939 2429 1165 3940 2158 1165 3941 1894 1166 3942 1987 1166 3943 1845 1166 3944 1894 1167 3945 1845 1167 3946 1842 1167 3947 1677 1168 3948 1678 1168 3949 1675 1168 3950 1677 1169 3951 1675 1169 3952 1676 1169 3953 2513 1170 3954 2514 1170 3955 2511 1170 3956 2513 1171 3957 2511 1171 3958 2433 1171 3959 3298 1172 3960 3355 1172 3961 3354 1172 3962 3298 1173 3963 3354 1173 3964 3297 1173 3965 3013 1174 3966 2957 1174 3967 2962 1174 3968 3013 1175 3969 2962 1175 3970 2997 1175 3971 2420 1176 3972 2422 1176 3973 2501 1176 3974 2420 1177 3975 2501 1177 3976 2500 1177 3977 2091 1178 3978 2092 1178 3979 2089 1178 3980 2091 1179 3981 2089 1179 3982 1955 1179 3983 2545 1180 3984 2467 1180 3985 2470 1180 3986 2545 1181 3987 2470 1181 3988 2571 1181 3989 2395 1182 3990 2441 1182 3991 2440 1182 3992 2395 1183 3993 2440 1183 3994 2394 1183 3995 2858 1184 3996 2856 1184 3997 2854 1184 3998 2858 1185 3999 2854 1185 4000 2852 1185 4001 2967 1186 4002 3208 1186 4003 3207 1186 4004 2967 1187 4005 3207 1187 4006 2963 1187 4007 2053 1188 4008 2101 1188 4009 2100 1188 4010 2053 1189 4011 2100 1189 4012 2051 1189 4013 1670 71 4014 1671 71 4015 1700 71 4016 1670 71 4017 1700 71 4018 1698 71 4019 2437 1190 4020 2438 1190 4021 2521 1190 4022 2437 1191 4023 2521 1191 4024 2520 1191 4025 2444 1192 4026 2529 1192 4027 2528 1192 4028 2444 1193 4029 2528 1193 4030 2443 1193 4031 2428 1194 4032 2509 1194 4033 2508 1194 4034 2428 1195 4035 2508 1195 4036 2507 1195 4037 3320 1196 4038 3136 1196 4039 3141 1196 4040 3320 1197 4041 3141 1197 4042 3161 1197 4043 2957 1198 4044 2913 1198 4045 2915 1198 4046 2957 1199 4047 2915 1199 4048 2962 1199 4049 2420 1200 4050 2500 1200 4051 2499 1200 4052 2420 1201 4053 2499 1201 4054 2498 1201 4055 1867 1202 4056 1869 1202 4057 1927 1202 4058 1867 1203 4059 1927 1203 4060 1925 1203 4061 2259 1204 4062 2260 1204 4063 2258 1204 4064 2259 1205 4065 2258 1205 4066 2256 1205 4067 1891 1206 4068 2005 1206 4069 2002 1206 4070 1891 1207 4071 2002 1207 4072 1889 1207 4073 2963 1208 4074 3207 1208 4075 3205 1208 4076 2963 1209 4077 3205 1209 4078 2960 1209 4079 2559 1210 4080 2560 1210 4081 2557 1210 4082 2559 1211 4083 2557 1211 4084 2556 1211 4085 1966 1212 4086 1977 1212 4087 1976 1212 4088 1966 1213 4089 1976 1213 4090 1968 1213 4091 2503 1214 4092 2612 1214 4093 2610 1214 4094 2503 1215 4095 2610 1215 4096 2501 1215 4097 3224 1216 4098 3268 1216 4099 3267 1216 4100 3224 1217 4101 3267 1217 4102 3265 1217 4103 3191 1218 4104 3249 1218 4105 3247 1218 4106 3191 1219 4107 3247 1219 4108 3246 1219 4109 2392 1220 4110 2393 1220 4111 2437 1220 4112 2392 1221 4113 2437 1221 4114 2436 1221 4115 2768 1222 4116 2770 1222 4117 2792 1222 4118 2768 1223 4119 2792 1223 4120 2766 1223 4121 2354 1224 4122 2398 1224 4123 2397 1224 4124 2354 1225 4125 2397 1225 4126 2352 1225 4127 2398 1226 4128 2444 1226 4129 2443 1226 4130 2398 1227 4131 2443 1227 4132 2397 1227 4133 2643 1228 4134 2644 1228 4135 2653 1228 4136 2643 1229 4137 2653 1229 4138 2642 1229 4139 3101 1230 4140 3104 1230 4141 3103 1230 4142 3101 1231 4143 3103 1231 4144 3102 1231 4145 1935 1232 4146 1936 1232 4147 1934 1232 4148 1935 1233 4149 1934 1233 4150 1933 1233 4151 3096 1234 4152 3110 1234 4153 3109 1234 4154 3096 1235 4155 3109 1235 4156 3098 1235 4157 1933 1236 4158 1934 1236 4159 1931 1236 4160 1933 1237 4161 1931 1237 4162 1929 1237 4163 1661 71 4164 1663 71 4165 1696 71 4166 1661 71 4167 1696 71 4168 1693 71 4169 3433 1238 4170 3434 1238 4171 3421 1238 4172 3433 1239 4173 3421 1239 4174 3423 1239 4175 3301 1240 4176 3356 1240 4177 3355 1240 4178 3301 1241 4179 3355 1241 4180 3300 1241 4181 2336 1242 4182 2338 1242 4183 2391 1242 4184 2336 1243 4185 2391 1243 4186 2390 1243 4187 1766 1244 4188 1771 1244 4189 1769 1244 4190 1766 1245 4191 1769 1245 4192 1767 1245 4193 2356 1246 4194 2357 1246 4195 2400 1246 4196 2356 1247 4197 2400 1247 4198 2399 1247 4199 1621 1248 4200 1624 1248 4201 1628 1248 4202 1621 1249 4203 1628 1249 4204 1627 1249 4205 3120 1250 4206 3119 1250 4207 3339 1250 4208 3120 1251 4209 3339 1251 4210 3321 1251 4211 2177 1252 4212 2178 1252 4213 2181 1252 4214 2177 1253 4215 2181 1253 4216 2187 1253 4217 3025 1254 4218 3028 1254 4219 3027 1254 4220 3025 1255 4221 3027 1255 4222 3026 1255 4223 2291 1256 4224 2476 1256 4225 2475 1256 4226 2291 1257 4227 2475 1257 4228 2289 1257 4229 2584 1258 4230 2585 1258 4231 2626 1258 4232 2584 1259 4233 2626 1259 4234 2627 1259 4235 2554 1260 4236 2555 1260 4237 2613 1260 4238 2554 1261 4239 2613 1261 4240 2614 1261 4241 1774 1262 4242 1792 1262 4243 1840 1262 4244 1774 1263 4245 1840 1263 4246 1771 1263 4247 3354 1264 4248 3355 1264 4249 3356 1264 4250 3354 1265 4251 3356 1265 4252 3390 1265 4253 2526 1266 4254 2527 1266 4255 2596 1266 4256 2526 1267 4257 2596 1267 4258 2598 1267 4259 3241 1268 4260 3242 1268 4261 3282 1268 4262 3241 1269 4263 3282 1269 4264 3240 1269 4265 2499 1270 4266 2500 1270 4267 2609 1270 4268 2499 1271 4269 2609 1271 4270 2608 1271 4271 2412 1272 4272 2413 1272 4273 2493 1272 4274 2412 1273 4275 2493 1273 4276 2492 1273 4277 1714 47 4278 1709 47 4279 1710 47 4280 1708 47 4281 1712 47 4282 1714 47 4283 1710 47 4284 1708 47 4285 1714 47 4286 2818 1274 4287 2820 1274 4288 2822 1274 4289 2818 1275 4290 2822 1275 4291 2827 1275 4292 2218 1276 4293 2213 1276 4294 2207 1276 4295 2218 1277 4296 2207 1277 4297 2209 1277 4298 2002 1278 4299 1969 1278 4300 1971 1278 4301 2002 1279 4302 1971 1279 4303 2003 1279 4304 3029 1280 4305 3030 1280 4306 3080 1280 4307 3029 1281 4308 3080 1281 4309 3201 1281 4310 3001 1282 4311 3002 1282 4312 2999 1282 4313 3001 1283 4314 2999 1283 4315 2998 1283 4316 2366 1284 4317 2367 1284 4318 2262 1284 4319 2366 1285 4320 2262 1285 4321 2265 1285 4322 3220 1286 4323 3222 1286 4324 3263 1286 4325 3220 1287 4326 3263 1287 4327 3262 1287 4328 2003 1288 4329 2001 1288 4330 1889 1288 4331 2003 1289 4332 1889 1289 4333 2002 1289 4334 2505 1290 4335 2563 1290 4336 2611 1290 4337 2505 1291 4338 2611 1291 4339 2502 1291 4340 1962 1292 4341 1960 1292 4342 1958 1292 4343 1962 1293 4344 1958 1293 4345 1980 1293 4346 2762 1294 4347 2768 1294 4348 2766 1294 4349 2762 1295 4350 2766 1295 4351 2764 1295 4352 2616 1296 4353 2515 1296 4354 2517 1296 4355 2616 1297 4356 2517 1297 4357 2621 1297 4358 2969 1298 4359 2966 1298 4360 2917 1298 4361 2969 1299 4362 2917 1299 4363 2919 1299 4364 2431 1300 4365 2433 1300 4366 2511 1300 4367 2431 1301 4368 2511 1301 4369 2510 1301 4370 2980 1302 4371 2982 1302 4372 2984 1302 4373 2980 1303 4374 2984 1303 4375 3091 1303 4376 1736 1304 4377 1741 1304 4378 1742 1304 4379 1751 1305 4380 1749 1305 4381 1735 1305 4382 1736 4 4383 1742 4 4384 1751 4 4385 1735 4 4386 1736 4 4387 1751 4 4388 3232 1306 4389 3271 1306 4390 3270 1306 4391 3232 1307 4392 3270 1307 4393 3229 1307 4394 1674 47 4395 1703 47 4396 1702 47 4397 1674 47 4398 1702 47 4399 1672 47 4400 3317 1308 4401 3319 1308 4402 3380 1308 4403 3317 1309 4404 3380 1309 4405 3379 1309 4406 1857 1310 4407 1858 1310 4408 1856 1310 4409 1857 1311 4410 1856 1311 4411 1854 1311 4412 2586 1312 4413 2587 1312 4414 2588 1312 4415 2586 1313 4416 2588 1313 4417 2535 1313 4418 2261 1314 4419 2485 1314 4420 2484 1314 4421 2261 1315 4422 2484 1315 4423 2260 1315 4424 2525 1316 4425 2526 1316 4426 2598 1316 4427 2525 1317 4428 2598 1317 4429 2599 1317 4430 2772 1318 4431 2774 1318 4432 2788 1318 4433 2772 1319 4434 2788 1319 4435 2790 1319 4436 2488 1320 4437 2595 1320 4438 2594 1320 4439 2488 1321 4440 2594 1321 4441 2487 1321 4442 2360 1322 4443 2671 1322 4444 2311 1322 4445 2360 1323 4446 2311 1323 4447 2313 1323 4448 3048 1324 4449 3037 1324 4450 3039 1324 4451 3048 1325 4452 3039 1325 4453 3046 1325 4454 2329 1326 4455 2331 1326 4456 2379 1326 4457 2329 1327 4458 2379 1327 4459 2378 1327 4460 2523 1328 4461 2601 1328 4462 2603 1328 4463 2523 1329 4464 2603 1329 4465 2624 1329 4466 2482 1330 4467 2589 1330 4468 2588 1330 4469 2482 1331 4470 2588 1331 4471 2481 1331 4472 2458 1332 4473 2454 1332 4474 2402 1332 4475 2458 1333 4476 2402 1333 4477 2404 1333 4478 1857 1334 4479 1860 1334 4480 1859 1334 4481 1857 1335 4482 1859 1335 4483 1858 1335 4484 2073 1336 4485 2074 1336 4486 2068 1336 4487 2073 1337 4488 2068 1337 4489 2070 1337 4490 2581 1338 4491 2579 1338 4492 2587 1338 4493 2581 1339 4494 2587 1339 4495 2586 1339 4496 3118 1340 4497 3184 1340 4498 3088 1340 4499 3118 1341 4500 3088 1341 4501 3086 1341 4502 3342 1342 4503 3343 1342 4504 3292 1342 4505 3342 1343 4506 3292 1343 4507 3294 1343 4508 2281 1344 4509 2287 1344 4510 2284 1344 4511 2281 1345 4512 2284 1345 4513 2282 1345 4514 3363 1346 4515 3311 1346 4516 3312 1346 4517 3363 1347 4518 3312 1347 4519 3374 1347 4520 2253 1348 4521 2480 1348 4522 2479 1348 4523 2253 1349 4524 2479 1349 4525 2478 1349 4526 2425 1350 4527 2427 1350 4528 2506 1350 4529 2425 1351 4530 2506 1351 4531 2504 1351 4532 2434 1352 4533 2435 1352 4534 2520 1352 4535 2434 1353 4536 2520 1353 4537 2519 1353 4538 2117 1354 4539 2133 1354 4540 2038 1354 4541 2117 1355 4542 2038 1355 4543 2039 1355 4544 3132 1356 4545 2940 1356 4546 2942 1356 4547 3132 1357 4548 2942 1357 4549 3136 1357 4550 3111 1358 4551 3239 1358 4552 3238 1358 4553 3111 1359 4554 3238 1359 4555 3113 1359 4556 2013 1360 4557 2033 1360 4558 2032 1360 4559 2013 1361 4560 2032 1361 4561 2031 1361 4562 3000 1362 4563 3009 1362 4564 3008 1362 4565 3000 1363 4566 3008 1363 4567 3003 1363 4568 3321 1364 4569 3322 1364 4570 3121 1364 4571 3321 1365 4572 3121 1365 4573 3120 1365 4574 2483 1366 4575 2484 1366 4576 2591 1366 4577 2483 1367 4578 2591 1367 4579 2590 1367 4580 2094 1368 4581 2096 1368 4582 2092 1368 4583 2094 1369 4584 2092 1369 4585 2091 1369 4586 3430 1370 4587 3431 1370 4588 3429 1370 4589 3430 1371 4590 3429 1371 4591 3427 1371 4592 2024 1372 4593 2140 1372 4594 2138 1372 4595 2024 1373 4596 2138 1373 4597 2027 1373 4598 3176 1374 4599 3313 1374 4600 3312 1374 4601 3176 1375 4602 3312 1375 4603 3174 1375 4604 2750 1376 4605 2753 1376 4606 2747 1376 4607 2750 1377 4608 2747 1377 4609 2745 1377 4610 2563 1378 4611 2565 1378 4612 2646 1378 4613 2563 1379 4614 2646 1379 4615 2611 1379 4616 2551 1380 4617 2553 1380 4618 2632 1380 4619 2551 1381 4620 2632 1381 4621 2631 1381 4622 3265 1382 4623 3267 1382 4624 3294 1382 4625 3265 1383 4626 3294 1383 4627 3292 1383 4628 1785 1384 4629 1822 1384 4630 1821 1384 4631 1785 1385 4632 1821 1385 4633 1820 1385 4634 1643 1386 4635 1638 1386 4636 1641 1386 4637 1643 1387 4638 1641 1387 4639 1642 1387 4640 3238 1388 4641 3278 1388 4642 3277 1388 4643 3238 1389 4644 3277 1389 4645 3237 1389 4646 3189 1390 4647 3244 1390 4648 3243 1390 4649 3189 1391 4650 3243 1391 4651 3188 1391 4652 1810 1392 4653 1811 1392 4654 1911 1392 4655 1810 1393 4656 1911 1393 4657 1910 1393 4658 3389 1394 4659 3371 1394 4660 3372 1394 4661 3389 1395 4662 3372 1395 4663 3387 1395 4664 2043 1396 4665 2098 1396 4666 2097 1396 4667 2043 1397 4668 2097 1397 4669 2095 1397 4670 2318 1398 4671 2371 1398 4672 2369 1398 4673 2318 1399 4674 2369 1399 4675 2316 1399 4676 1913 1400 4677 1945 1400 4678 2000 1400 4679 1913 1401 4680 2000 1401 4681 1912 1401 4682 2531 1402 4683 2532 1402 4684 2592 1402 4685 2531 1403 4686 2592 1403 4687 2593 1403 4688 1870 1404 4689 1928 1404 4690 1926 1404 4691 1870 1405 4692 1926 1405 4693 1868 1405 4694 2055 1406 4695 2056 1406 4696 2104 1406 4697 2055 1407 4698 2104 1407 4699 2102 1407 4700 1684 47 4701 1686 47 4702 1659 47 4703 1684 47 4704 1659 47 4705 1660 47 4706 2408 1408 4707 2488 1408 4708 2487 1408 4709 2408 1409 4710 2487 1409 4711 2407 1409 4712 3048 1410 4713 3046 1410 4714 3061 1410 4715 3048 1411 4716 3061 1411 4717 3059 1411 4718 3149 1412 4719 3300 1412 4720 3299 1412 4721 3149 1413 4722 3299 1413 4723 3147 1413 4724 1986 1414 4725 2141 1414 4726 2140 1414 4727 1986 1415 4728 2140 1415 4729 1983 1415 4730 3226 1416 4731 3229 1416 4732 3270 1416 4733 3226 1417 4734 3270 1417 4735 3269 1417 4736 2446 1418 4737 2447 1418 4738 2532 1418 4739 2446 1419 4740 2532 1419 4741 2531 1419 4742 3332 1420 4743 3330 1420 4744 3336 1420 4745 3332 1421 4746 3336 1421 4747 3295 1421 4748 1989 1422 4749 2144 1422 4750 1988 1422 4751 1989 1423 4752 1988 1423 4753 1896 1423 4754 3366 1424 4755 3363 1424 4756 3374 1424 4757 3366 1425 4758 3374 1425 4759 3373 1425 4760 1837 1426 4761 1886 1426 4762 1885 1426 4763 1837 1427 4764 1885 1427 4765 1836 1427 4766 2516 1428 4767 2518 1428 4768 2625 1428 4769 2516 1429 4770 2625 1429 4771 2620 1429 4772 3236 1430 4773 3276 1430 4774 3275 1430 4775 3236 1431 4776 3275 1431 4777 3273 1431 4778 2089 1432 4779 2085 1432 4780 2081 1432 4781 2081 1433 4782 2084 1433 4783 2088 1433 4784 2088 1434 4785 2041 1434 4786 1957 1434 4787 1957 1435 4788 1958 1435 4789 1960 1435 4790 1960 1436 4791 1848 1436 4792 1846 1436 4793 1846 1437 4794 1844 1437 4795 1792 1437 4796 1792 1438 4797 1774 1438 4798 1772 1438 4799 1772 1439 4800 1753 1439 4801 1756 1439 4802 1756 1440 4803 1781 1440 4804 1788 1440 4805 1788 1441 4806 1824 1441 4807 1849 1441 4808 1849 1442 4809 1868 1442 4810 1926 1442 4811 1926 1443 4812 1955 1443 4813 2089 1443 4814 2089 1444 4815 2081 1444 4816 2088 1444 4817 2088 1445 4818 1957 1445 4819 1960 1445 4820 1960 1446 4821 1846 1446 4822 1792 1446 4823 1792 1447 4824 1772 1447 4825 1756 1447 4826 1756 1448 4827 1788 1448 4828 1849 1448 4829 1849 1449 4830 1926 1449 4831 2089 1449 4832 2089 1450 4833 2088 1450 4834 1960 1450 4835 1960 1451 4836 1792 1451 4837 1756 1451 4838 1756 1452 4839 1849 1452 4840 2089 1452 4841 1960 1453 4842 1756 1453 4843 2089 1453 4844 2554 1454 4845 2633 1454 4846 2632 1454 4847 2554 1455 4848 2632 1455 4849 2553 1455 4850 2076 1456 4851 2080 1456 4852 2078 1456 4853 2076 1457 4854 2078 1457 4855 2077 1457 4856 2455 1458 4857 2457 1458 4858 2453 1458 4859 2455 1459 4860 2453 1459 4861 2448 1459 4862 1974 1460 4863 2014 1460 4864 2012 1460 4865 1974 1461 4866 2012 1461 4867 2011 1461 4868 2668 1462 4869 2658 1462 4870 2659 1462 4871 2668 1463 4872 2659 1463 4873 2667 1463 4874 3301 1464 4875 3302 1464 4876 3357 1464 4877 3301 1465 4878 3357 1465 4879 3356 1465 4880 3131 1466 4881 3135 1466 4882 3134 1466 4883 3131 1467 4884 3134 1467 4885 3133 1467 4886 1865 1468 4887 1866 1468 4888 1924 1468 4889 1865 1469 4890 1924 1469 4891 1923 1469 4892 2409 1470 4893 2411 1470 4894 2491 1470 4895 2409 1471 4896 2491 1471 4897 2489 1471 4898 3058 1472 4899 3059 1472 4900 3182 1472 4901 3058 1473 4902 3182 1473 4903 3056 1473 4904 2235 1474 4905 2163 1474 4906 2162 1474 4907 2355 1475 4908 2353 1475 4909 2670 1475 4910 2355 1476 4911 2670 1476 4912 2359 1476 4913 2515 1477 4914 2615 1477 4915 2614 1477 4916 2515 1478 4917 2614 1478 4918 2514 1478 4919 1862 1479 4920 1864 1479 4921 1922 1479 4922 1862 1480 4923 1922 1480 4924 1920 1480 4925 1930 1481 4926 1932 1481 4927 1928 1481 4928 1930 1482 4929 1928 1482 4930 1870 1482 4931 3221 1483 4932 3227 1483 4933 3225 1483 4934 3221 1484 4935 3225 1484 4936 3223 1484 4937 2540 1485 4938 2541 1485 4939 2627 1485 4940 2540 1486 4941 2627 1486 4942 2626 1486 4943 3026 1487 4944 3195 1487 4945 3194 1487 4946 3026 1488 4947 3194 1488 4948 3023 1488 4949 2584 1489 4950 2627 1489 4951 2628 1489 4952 2584 1490 4953 2628 1490 4954 2583 1490 4955 2249 1491 4956 2250 1491 4957 2248 1491 4958 2249 1492 4959 2248 1492 4960 2243 1492 4961 2579 1493 4962 2580 1493 4963 2578 1493 4964 2579 1494 4965 2578 1494 4966 2479 1494 4967 1907 1495 4968 1997 1495 4969 1883 1495 4970 1907 1496 4971 1883 1496 4972 1884 1496 4973 2704 1497 4974 2708 1497 4975 2726 1497 4976 2704 1498 4977 2726 1498 4978 2724 1498 4979 2210 1499 4980 2212 1499 4981 2220 1499 4982 2210 1500 4983 2220 1500 4984 2219 1500 4985 2612 1501 4986 2647 1501 4987 2645 1501 4988 2612 1502 4989 2645 1502 4990 2610 1502 4991 3248 1503 4992 3250 1503 4993 3251 1503 4994 3248 1504 4995 3251 1504 4996 3259 1504 4997 1789 1505 4998 1825 1505 4999 1823 1505 5000 1789 1506 5001 1823 1506 5002 1786 1506 5003 1780 1507 5004 1787 1507 5005 1784 1507 5006 1780 1508 5007 1784 1508 5008 1782 1508 5009 1893 1509 5010 2006 1509 5011 2005 1509 5012 1893 1510 5013 2005 1510 5014 1891 1510 5015 1772 1511 5016 1774 1511 5017 1771 1511 5018 1772 1512 5019 1771 1512 5020 1766 1512 5021 2313 1513 5022 2364 1513 5023 2362 1513 5024 2313 1514 5025 2362 1514 5026 2360 1514 5027 2512 1515 5028 2519 1515 5029 2518 1515 5030 2512 1516 5031 2518 1516 5032 2516 1516 5033 3019 1517 5034 3007 1517 5035 3008 1517 5036 3019 1518 5037 3008 1518 5038 3018 1518 5039 2189 1519 5040 2192 1519 5041 2183 1519 5042 2180 1520 5043 2182 1520 5044 2195 1520 5045 2180 1521 5046 2195 1521 5047 2206 1521 5048 2189 1522 5049 2183 1522 5050 2185 1522 5051 2180 1523 5052 2206 1523 5053 2189 1523 5054 2189 1524 5055 2185 1524 5056 2180 1524 5057 2022 1525 5058 1957 1525 5059 2041 1525 5060 2022 1526 5061 2041 1526 5062 2039 1526 5063 2168 1527 5064 2174 1527 5065 2172 1527 5066 2168 1528 5067 2172 1528 5068 2171 1528 5069 2533 1529 5070 2591 1529 5071 2592 1529 5072 2533 1530 5073 2592 1530 5074 2532 1530 5075 2536 1531 5076 2585 1531 5077 2586 1531 5078 2536 1532 5079 2586 1532 5080 2535 1532 5081 3454 1533 5082 3456 1533 5083 3453 1533 5084 3454 1534 5085 3453 1534 5086 3451 1534 5087 2336 1535 5088 2390 1535 5089 2389 1535 5090 2336 1536 5091 2389 1536 5092 2334 1536 5093 2464 1537 5094 2465 1537 5095 2541 1537 5096 2464 1538 5097 2541 1538 5098 2540 1538 5099 1792 1539 5100 1844 1539 5101 1841 1539 5102 1792 1540 5103 1841 1540 5104 1840 1540 5105 3138 1541 5106 3137 1541 5107 3394 1541 5108 3138 1542 5109 3394 1542 5110 3382 1542 5111 2496 1543 5112 2604 1543 5113 2602 1543 5114 2496 1544 5115 2602 1544 5116 2495 1544 5117 1849 1545 5118 1871 1545 5119 1870 1545 5120 1849 1546 5121 1870 1546 5122 1868 1546 5123 2513 1547 5124 2517 1547 5125 2515 1547 5126 2513 1548 5127 2515 1548 5128 2514 1548 5129 2478 1549 5130 2479 1549 5131 2578 1549 5132 2478 1550 5133 2578 1550 5134 2577 1550 5135 3054 1551 5136 3055 1551 5137 3177 1551 5138 3054 1552 5139 3177 1552 5140 3175 1552 5141 1914 1553 5142 1915 1553 5143 1940 1553 5144 1914 1554 5145 1940 1554 5146 1941 1554 5147 2860 1555 5148 2862 1555 5149 2882 1555 5150 2860 1556 5151 2882 1556 5152 2884 1556 5153 1718 54 5154 1716 54 5155 1713 54 5156 1718 54 5157 1713 54 5158 1711 54 5159 2500 1557 5160 2501 1557 5161 2610 1557 5162 2500 1558 5163 2610 1558 5164 2609 1558 5165 1746 9 5166 1739 9 5167 1748 9 5168 1748 9 5169 1750 9 5170 1744 9 5171 1748 9 5172 1744 9 5173 1746 9 5174 2045 1559 5175 2047 1559 5176 2049 1559 5177 2045 1560 5178 2049 1560 5179 2099 1560 5180 2445 1561 5181 2446 1561 5182 2531 1561 5183 2445 1562 5184 2531 1562 5185 2530 1562 5186 2486 1563 5187 2593 1563 5188 2592 1563 5189 2486 1564 5190 2592 1564 5191 2485 1564 5192 2862 1565 5193 2864 1565 5194 2880 1565 5195 2862 1566 5196 2880 1566 5197 2882 1566 5198 2103 1567 5199 2036 1567 5200 2037 1567 5201 2103 1568 5202 2037 1568 5203 2126 1568 5204 1723 9 5205 1722 9 5206 1734 9 5207 1723 9 5208 1734 9 5209 1732 9 5210 1923 1569 5211 2069 1569 5212 1952 1569 5213 1923 1570 5214 1952 1570 5215 1921 1570 5216 1681 47 5217 1707 47 5218 1706 47 5219 1681 47 5220 1706 47 5221 1679 47 5222 3132 1571 5223 3136 1571 5224 3320 1571 5225 3132 1572 5226 3320 1572 5227 3381 1572 5228 2152 1573 5229 2426 1573 5230 2424 1573 5231 2152 1574 5232 2424 1574 5233 2423 1574 5234 2003 1575 5235 1971 1575 5236 1972 1575 5237 2003 1576 5238 1972 1576 5239 2004 1576 5240 3281 1577 5241 3350 1577 5242 3349 1577 5243 3281 1578 5244 3349 1578 5245 3279 1578 5246 2699 1579 5247 2703 1579 5248 2710 1579 5249 2699 1580 5250 2710 1580 5251 2712 1580 5252 3067 1581 5253 3165 1581 5254 3164 1581 5255 3067 1582 5256 3164 1582 5257 3065 1582 5258 2051 1583 5259 2100 1583 5260 2099 1583 5261 2051 1584 5262 2099 1584 5263 2049 1584 5264 1655 54 5265 1658 54 5266 1656 54 5267 1655 54 5268 1656 54 5269 1657 54 5270 1611 1585 5271 1612 1585 5272 1610 1585 5273 1611 1586 5274 1610 1586 5275 1609 1586 5276 1731 42 5277 1729 42 5278 1727 42 5279 1726 42 5280 1733 42 5281 1725 42 5282 1724 42 5283 1731 42 5284 1727 42 5285 1726 1587 5286 1725 1587 5287 1724 1587 5288 1727 42 5289 1726 42 5290 1724 42 5291 2060 1588 5292 2061 1588 5293 2063 1588 5294 2060 1589 5295 2063 1589 5296 2108 1589 5297 3177 1590 5298 3179 1590 5299 3316 1590 5300 3177 1591 5301 3316 1591 5302 3314 1591 5303 3397 1592 5304 3402 1592 5305 3398 1592 5306 3397 1593 5307 3398 1593 5308 3400 1593 5309 1876 1594 5310 1880 1594 5311 1878 1594 5312 1876 1595 5313 1878 1595 5314 1877 1595 5315 2283 1596 5316 2465 1596 5317 2464 1596 5318 2283 1597 5319 2464 1597 5320 2279 1597 5321 2616 1598 5322 2619 1598 5323 2618 1598 5324 2616 1599 5325 2618 1599 5326 2617 1599 5327 2736 1600 5328 2738 1600 5329 2734 1600 5330 2736 1601 5331 2734 1601 5332 2728 1601 5333 2830 1602 5334 2832 1602 5335 2828 1602 5336 2830 1603 5337 2828 1603 5338 2823 1603 5339 2334 1604 5340 2389 1604 5341 2388 1604 5342 2334 1605 5343 2388 1605 5344 2385 1605 5345 2338 1606 5346 2340 1606 5347 2346 1606 5348 2338 1607 5349 2346 1607 5350 2391 1607 5351 1833 1608 5352 1761 1608 5353 1763 1608 5354 1833 1609 5355 1763 1609 5356 1834 1609 5357 2511 1610 5358 2514 1610 5359 2614 1610 5360 2511 1611 5361 2614 1611 5362 2613 1611 5363 3081 1612 5364 3083 1612 5365 3203 1612 5366 3081 1613 5367 3203 1613 5368 3202 1613 5369 1635 1614 5370 1636 1614 5371 1633 1614 5372 1635 1615 5373 1633 1615 5374 1632 1615 5375 2423 1616 5376 2383 1616 5377 2341 1616 5378 2423 1617 5379 2341 1617 5380 2152 1617 5381 3410 1618 5382 3411 1618 5383 3408 1618 5384 3410 1619 5385 3408 1619 5386 3407 1619 5387 3302 1620 5388 3304 1620 5389 3359 1620 5390 3302 1621 5391 3359 1621 5392 3357 1621 5393 2705 54 5394 2725 54 5395 2735 54 5396 2735 1622 5397 2739 1622 5398 2742 1622 5399 2742 1623 5400 2746 1623 5401 2752 1623 5402 2752 54 5403 2757 54 5404 2761 54 5405 2761 54 5406 2765 54 5407 2767 54 5408 2767 1624 5409 2793 1624 5410 2791 1624 5411 2791 54 5412 2789 54 5413 2787 54 5414 2787 1625 5415 2785 1625 5416 2783 1625 5417 2783 1626 5418 2733 1626 5419 2723 1626 5420 2723 1627 5421 2717 1627 5422 2702 1627 5423 2702 54 5424 2698 54 5425 2700 54 5426 2700 1628 5427 2696 1628 5428 2705 1628 5429 2705 1629 5430 2735 1629 5431 2742 1629 5432 2742 54 5433 2752 54 5434 2761 54 5435 2761 54 5436 2767 54 5437 2791 54 5438 2791 1630 5439 2787 1630 5440 2783 1630 5441 2783 1631 5442 2723 1631 5443 2702 1631 5444 2702 54 5445 2700 54 5446 2705 54 5447 2705 54 5448 2742 54 5449 2761 54 5450 2761 1632 5451 2791 1632 5452 2783 1632 5453 2783 1633 5454 2702 1633 5455 2705 1633 5456 2761 54 5457 2783 54 5458 2705 54 5459 2064 1634 5460 2066 1634 5461 2111 1634 5462 2064 1635 5463 2111 1635 5464 2109 1635 5465 1648 1636 5466 1649 1636 5467 1622 1636 5468 1648 1637 5469 1622 1637 5470 1647 1637 5471 3493 47 5472 3494 47 5473 3491 47 5474 3493 47 5475 3491 47 5476 3492 47 5477 1629 42 5478 1623 42 5479 1622 42 5480 1629 1638 5481 1622 1638 5482 1649 1638 5483 2024 1639 5484 2025 1639 5485 2023 1639 5486 2024 1640 5487 2023 1640 5488 1981 1640 5489 2800 1641 5490 2803 1641 5491 2820 1641 5492 2800 1642 5493 2820 1642 5494 2818 1642 5495 1644 1643 5496 1645 1643 5497 1637 1643 5498 1644 1644 5499 1637 1644 5500 1639 1644 5501 2221 1645 5502 2215 1645 5503 2226 1645 5504 2221 1646 5505 2226 1646 5506 2230 1646 5507 1961 1647 5508 1984 1647 5509 1982 1647 5510 1961 1648 5511 1982 1648 5512 1959 1648 5513 2052 1649 5514 2053 1649 5515 2051 1649 5516 2052 1650 5517 2051 1650 5518 2050 1650 5519 3239 1651 5520 3280 1651 5521 3278 1651 5522 3239 1652 5523 3278 1652 5524 3238 1652 5525 3127 1653 5526 3153 1653 5527 3151 1653 5528 3127 1654 5529 3151 1654 5530 3125 1654 5531 3442 1655 5532 3446 1655 5533 3444 1655 5534 3442 1656 5535 3444 1656 5536 3441 1656 5537 2551 1657 5538 2631 1657 5539 2630 1657 5540 2551 1658 5541 2630 1658 5542 2548 1658 5543 2191 1659 5544 2197 1659 5545 2196 1659 5546 2191 1660 5547 2196 1660 5548 2194 1660 5549 3105 1661 5550 3219 1661 5551 3218 1661 5552 3105 1662 5553 3218 1662 5554 3104 1662 5555 2420 1663 5556 2498 1663 5557 2497 1663 5558 2420 1664 5559 2497 1664 5560 2419 1664 5561 2166 1665 5562 2165 1665 5563 2179 1665 5564 2166 1666 5565 2179 1666 5566 2175 1666 5567 2842 1667 5568 2837 1667 5569 2834 1667 5570 2834 1668 5571 2831 1668 5572 2824 1668 5573 2824 9 5574 2821 9 5575 2804 9 5576 2804 9 5577 2802 9 5578 2809 9 5579 2809 1669 5580 2808 1669 5581 2806 1669 5582 2806 9 5583 2813 9 5584 2815 9 5585 2815 1670 5586 2825 1670 5587 2872 1670 5588 2872 1671 5589 2870 1671 5590 2867 1671 5591 2867 1672 5592 2865 1672 5593 2863 1672 5594 2863 1673 5595 2861 1673 5596 2859 1673 5597 2859 1674 5598 2853 1674 5599 2850 1674 5600 2850 1675 5601 2847 1675 5602 2842 1675 5603 2842 1676 5604 2834 1676 5605 2824 1676 5606 2824 1677 5607 2804 1677 5608 2809 1677 5609 2809 1678 5610 2806 1678 5611 2815 1678 5612 2815 1679 5613 2872 1679 5614 2867 1679 5615 2867 9 5616 2863 9 5617 2859 9 5618 2859 9 5619 2850 9 5620 2842 9 5621 2842 1680 5622 2824 1680 5623 2809 1680 5624 2809 1681 5625 2815 1681 5626 2867 1681 5627 2867 1682 5628 2859 1682 5629 2842 1682 5630 2809 1683 5631 2867 1683 5632 2842 1683 5633 2257 1684 5634 2482 1684 5635 2481 1684 5636 2257 1685 5637 2481 1685 5638 2254 1685 5639 1845 1686 5640 1987 1686 5641 1985 1686 5642 1845 1687 5643 1985 1687 5644 1847 1687 5645 2659 1688 5646 2660 1688 5647 2662 1688 5648 2659 1689 5649 2662 1689 5650 2667 1689 5651 3481 47 5652 3483 47 5653 3477 47 5654 3481 47 5655 3477 47 5656 3479 47 5657 2857 54 5658 2885 54 5659 2883 54 5660 2883 54 5661 2881 54 5662 2879 54 5663 2879 54 5664 2877 54 5665 2874 54 5666 2874 1690 5667 2826 1690 5668 2816 1690 5669 2816 54 5670 2810 54 5671 2798 54 5672 2798 1691 5673 2795 1691 5674 2797 1691 5675 2797 1628 5676 2794 1628 5677 2801 1628 5678 2801 54 5679 2819 54 5680 2829 54 5681 2829 1692 5682 2833 1692 5683 2835 1692 5684 2835 1693 5685 2839 1693 5686 2845 1693 5687 2845 54 5688 2849 54 5689 2851 54 5690 2851 54 5691 2855 54 5692 2857 54 5693 2857 54 5694 2883 54 5695 2879 54 5696 2879 54 5697 2874 54 5698 2816 54 5699 2816 54 5700 2798 54 5701 2797 54 5702 2797 1694 5703 2801 1694 5704 2829 1694 5705 2829 54 5706 2835 54 5707 2845 54 5708 2845 54 5709 2851 54 5710 2857 54 5711 2857 1695 5712 2879 1695 5713 2816 1695 5714 2816 1696 5715 2797 1696 5716 2829 1696 5717 2829 54 5718 2845 54 5719 2857 54 5720 2816 54 5721 2829 54 5722 2857 54 5723 1740 4 5724 1747 4 5725 1745 4 5726 1740 4 5727 1745 4 5728 1743 4 5729 1815 1697 5730 1817 1697 5731 1813 1697 5732 1815 1698 5733 1813 1698 5734 1808 1698 5735 2363 1699 5736 2294 1699 5737 2268 1699 5738 2363 1700 5739 2268 1700 5740 2270 1700 5741 3270 1701 5742 3271 1701 5743 3147 1701 5744 3270 1702 5745 3147 1702 5746 3299 1702 5747 2776 1703 5748 2778 1703 5749 2784 1703 5750 2776 1704 5751 2784 1704 5752 2786 1704 5753 3240 1705 5754 3282 1705 5755 3280 1705 5756 3240 1706 5757 3280 1706 5758 3239 1706 5759 3365 1707 5760 3370 1707 5761 3369 1707 5762 3365 1708 5763 3369 1708 5764 3368 1708 5765 2552 1709 5766 2553 1709 5767 2551 1709 5768 2552 1710 5769 2551 1710 5770 2550 1710 5771 2324 1711 5772 2326 1711 5773 2322 1711 5774 2324 1712 5775 2322 1712 5776 2320 1712 5777 2887 1713 5778 2893 1713 5779 2889 1713 5780 2887 1714 5781 2889 1714 5782 2891 1714 5783 2570 1715 5784 2571 1715 5785 2161 1715 5786 2570 1716 5787 2161 1716 5788 2569 1716 5789 2280 1717 5790 2290 1717 5791 2288 1717 5792 2280 1718 5793 2288 1718 5794 2286 1718 5795 2895 1719 5796 2901 1719 5797 2899 1719 5798 2895 1720 5799 2899 1720 5800 2897 1720 5801 3436 1721 5802 3439 1721 5803 3438 1721 5804 3436 1722 5805 3438 1722 5806 3416 1722 5807 2907 1723 5808 2903 1723 5809 2898 1723 5810 2907 1724 5811 2898 1724 5812 2888 1724 5813 2902 1725 5814 2906 1725 5815 2910 1725 5816 2909 1726 5817 2889 1726 5818 2893 1726 5819 2893 1727 5820 2929 1727 5821 2926 1727 5822 2893 1728 5823 2926 1728 5824 2909 1728 5825 2456 1729 5826 2539 1729 5827 2537 1729 5828 2456 1730 5829 2537 1730 5830 2452 1730 5831 1768 1731 5832 1770 1731 5833 1837 1731 5834 1768 1732 5835 1837 1732 5836 1836 1732 5837 2981 1733 5838 2924 1733 5839 2928 1733 5840 2930 1734 5841 2943 1734 5842 2941 1734 5843 2930 1735 5844 2941 1735 5845 2939 1735 5846 2983 1736 5847 2981 1736 5848 2928 1736 5849 2985 1737 5850 2983 1737 5851 2928 1737 5852 2930 1738 5853 2939 1738 5854 2937 1738 5855 2930 1739 5856 2937 1739 5857 2936 1739 5858 2987 1740 5859 2985 1740 5860 2928 1740 5861 2988 1741 5862 2987 1741 5863 2928 1741 5864 2930 1742 5865 2936 1742 5866 2935 1742 5867 2933 1743 5868 2988 1743 5869 2928 1743 5870 2930 1744 5871 2935 1744 5872 2933 1744 5873 2928 1745 5874 2930 1745 5875 2933 1745 5876 2846 1746 5877 2848 1746 5878 2843 1746 5879 2846 1747 5880 2843 1747 5881 2840 1747 5882 3064 1748 5883 3044 1748 5884 3041 1748 5885 3064 1749 5886 3041 1749 5887 3084 1749 5888 2945 1750 5889 2931 1750 5890 2897 1750 5891 2897 1751 5892 2899 1751 5893 2904 1751 5894 2897 1752 5895 2904 1752 5896 2945 1752 5897 2438 1753 5898 2439 1753 5899 2522 1753 5900 2438 1754 5901 2522 1754 5902 2521 1754 5903 3324 1755 5904 3326 1755 5905 3322 1755 5906 3324 1756 5907 3322 1756 5908 3321 1756 5909 1820 1757 5910 1821 1757 5911 1855 1757 5912 1820 1758 5913 1855 1758 5914 1816 1758 5915 1603 1759 5916 1608 1759 5917 1605 1759 5918 1603 1760 5919 1605 1760 5920 1607 1760 5921 2905 1761 5922 2912 1761 5923 2955 1761 5924 2905 1762 5925 2955 1762 5926 2954 1762 5927 2947 1763 5928 2946 1763 5929 2905 1763 5930 2949 1764 5931 2947 1764 5932 2905 1764 5933 2905 1765 5934 2954 1765 5935 2952 1765 5936 2905 1766 5937 2952 1766 5938 2949 1766 5939 3005 1767 5940 3193 1767 5941 3192 1767 5942 3005 1768 5943 3192 1768 5944 3004 1768 5945 2083 1769 5946 2087 1769 5947 2115 1769 5948 2083 1770 5949 2115 1770 5950 2079 1770 5951 1680 47 5952 1690 47 5953 1689 47 5954 1680 47 5955 1689 47 5956 1682 47 5957 3126 1771 5958 3127 1771 5959 3125 1771 5960 3126 1772 5961 3125 1772 5962 2993 1772 5963 2986 1773 5964 3089 1773 5965 3091 1773 5966 2986 1774 5967 3091 1774 5968 2984 1774 5969 3197 1775 5970 3198 1775 5971 3196 1775 5972 3197 1776 5973 3196 1776 5974 3027 1776 5975 3403 1777 5976 3405 1777 5977 3401 1777 5978 3403 1778 5979 3401 1778 5980 3395 1778 5981 2288 1779 5982 2245 1779 5983 2472 1779 5984 2288 1780 5985 2472 1780 5986 2286 1780 5987 2973 1781 5988 3212 1781 5989 3210 1781 5990 2973 1782 5991 3210 1782 5992 2970 1782 5993 2868 1783 5994 2871 1783 5995 2873 1783 5996 2868 1784 5997 2873 1784 5998 2875 1784 5999 3122 1785 6000 3149 1785 6001 3147 1785 6002 3122 1786 6003 3147 1786 6004 3145 1786 6005 2581 1787 6006 2582 1787 6007 2580 1787 6008 2581 1788 6009 2580 1788 6010 2579 1788 6011 2285 1789 6012 2471 1789 6013 2468 1789 6014 2285 1790 6015 2468 1790 6016 2466 1790 6017 1625 54 6018 1626 54 6019 1650 54 6020 1625 54 6021 1650 54 6022 1646 54 6023 2995 1791 6024 2997 1791 6025 2962 1791 6026 2995 1792 6027 2962 1792 6028 2965 1792 6029 2355 1793 6030 2356 1793 6031 2354 1793 6032 2355 1794 6033 2354 1794 6034 2353 1794 6035 2367 1795 6036 2406 1795 6037 2261 1795 6038 2367 1796 6039 2261 1796 6040 2262 1796 6041 3129 1797 6042 2938 1797 6043 2940 1797 6044 3129 1798 6045 2940 1798 6046 3132 1798 6047 1790 1799 6048 1829 1799 6049 1827 1799 6050 1790 1800 6051 1827 1800 6052 1826 1800 6053 3152 1801 6054 3302 1801 6055 3301 1801 6056 3152 1802 6057 3301 1802 6058 3150 1802 6059 2620 1803 6060 2625 1803 6061 2624 1803 6062 2620 1804 6063 2624 1804 6064 2622 1804 6065 1930 1805 6066 1870 1805 6067 1871 1805 6068 1930 1806 6069 1871 1806 6070 1872 1806 6071 1906 1807 6072 1907 1807 6073 1884 1807 6074 1906 1808 6075 1884 1808 6076 1885 1808 6077 3307 1809 6078 3308 1809 6079 3361 1809 6080 3307 1810 6081 3361 1810 6082 3306 1810 6083 2582 1811 6084 2583 1811 6085 2660 1811 6086 2582 1812 6087 2660 1812 6088 2659 1812 6089 1766 1813 6090 1767 1813 6091 1764 1813 6092 1766 1814 6093 1764 1814 6094 1755 1814 6095 2237 1815 6096 2273 1815 6097 2272 1815 6098 2237 1816 6099 2272 1816 6100 2269 1816 6101 1981 1817 6102 1983 1817 6103 2140 1817 6104 1981 1818 6105 2140 1818 6106 2024 1818 6107 1854 1819 6108 1864 1819 6109 1862 1819 6110 1854 1820 6111 1862 1820 6112 1857 1820 6113 1678 1821 6114 1705 1821 6115 1704 1821 6116 1678 1822 6117 1704 1822 6118 1675 1822 6119 3174 1823 6120 3312 1823 6121 3311 1823 6122 3174 1824 6123 3311 1824 6124 3310 1824 6125 2971 1825 6126 2973 1825 6127 2970 1825 6128 2971 1826 6129 2970 1826 6130 2968 1826 6131 3154 1827 6132 3304 1827 6133 3302 1827 6134 3154 1828 6135 3302 1828 6136 3152 1828 6137 2263 1829 6138 2292 1829 6139 2240 1829 6140 2263 1830 6141 2240 1830 6142 2266 1830 6143 1862 1831 6144 1920 1831 6145 1919 1831 6146 1862 1832 6147 1919 1832 6148 1861 1832 6149 3410 1833 6150 3414 1833 6151 3412 1833 6152 3410 1834 6153 3412 1834 6154 3411 1834 6155 1899 1835 6156 1900 1835 6157 1992 1835 6158 1899 1836 6159 1992 1836 6160 1991 1836 6161 2044 1837 6162 1937 1837 6163 1938 1837 6164 2044 1838 6165 1938 1838 6166 2046 1838 6167 1933 1839 6168 1873 1839 6169 1943 1839 6170 1933 1840 6171 1943 1840 6172 1935 1840 6173 2636 1841 6174 2640 1841 6175 2639 1841 6176 2636 1842 6177 2639 1842 6178 2637 1842 6179 2400 1843 6180 2446 1843 6181 2445 1843 6182 2400 1844 6183 2445 1844 6184 2399 1844 6185 2927 1845 6186 2978 1845 6187 2976 1845 6188 2927 1846 6189 2976 1846 6190 2923 1846 6191 3064 1847 6192 3066 1847 6193 3063 1847 6194 3064 1848 6195 3063 1848 6196 3044 1848 6197 2224 1849 6198 2225 1849 6199 2214 1849 6200 2224 1850 6201 2214 1850 6202 2216 1850 6203 1810 1851 6204 1807 1851 6205 1806 1851 6206 1810 1852 6207 1806 1852 6208 1809 1852 6209 3071 1853 6210 3073 1853 6211 3070 1853 6212 3071 1854 6213 3070 1854 6214 3068 1854 6215 2459 1855 6216 2461 1855 6217 2539 1855 6218 2459 1856 6219 2539 1856 6220 2456 1856 6221 1991 1857 6222 1992 1857 6223 2145 1857 6224 1991 1858 6225 2145 1858 6226 1990 1858 6227 1759 1859 6228 1832 1859 6229 1830 1859 6230 1759 1860 6231 1830 1860 6232 1828 1860 6233 1876 1861 6234 1877 1861 6235 1874 1861 6236 1876 1862 6237 1874 1862 6238 1831 1862 6239 2498 1863 6240 2606 1863 6241 2605 1863 6242 2498 1864 6243 2605 1864 6244 2497 1864 6245 3167 1865 6246 3308 1865 6247 3307 1865 6248 3167 1866 6249 3307 1866 6250 3166 1866 6251 3190 1867 6252 3191 1867 6253 3246 1867 6254 3190 1868 6255 3246 1868 6256 3245 1868 6257 3073 1869 6258 3076 1869 6259 3169 1869 6260 3073 1870 6261 3169 1870 6262 3168 1870 6263 2529 1871 6264 2530 1871 6265 2594 1871 6266 2529 1872 6267 2594 1872 6268 2595 1872 6269 3264 1873 6270 3266 1873 6271 3293 1873 6272 3264 1874 6273 3293 1874 6274 3291 1874 6275 2652 1875 6276 2655 1875 6277 2642 1875 6278 2652 1876 6279 2642 1876 6280 2653 1876 6281 2716 1877 6282 2722 1877 6283 2720 1877 6284 2716 1878 6285 2720 1878 6286 2718 1878 6287 3260 1879 6288 3261 1879 6289 3288 1879 6290 3260 1880 6291 3288 1880 6292 3286 1880 6293 3216 1881 6294 3258 1881 6295 3256 1881 6296 3216 1882 6297 3256 1882 6298 3215 1882 6299 2498 1883 6300 2499 1883 6301 2607 1883 6302 2498 1884 6303 2607 1884 6304 2606 1884 6305 3436 1885 6306 3416 1885 6307 3418 1885 6308 3436 1886 6309 3418 1886 6310 3435 1886 6311 2770 1887 6312 2772 1887 6313 2790 1887 6314 2770 1888 6315 2790 1888 6316 2792 1888 6317 1634 1889 6318 1631 1889 6319 1630 1889 6320 1634 1890 6321 1630 1890 6322 1640 1890 6323 3142 1891 6324 3140 1891 6325 3135 1891 6326 3135 1892 6327 3131 1892 6328 3128 1892 6329 3128 1893 6330 3126 1893 6331 2993 1893 6332 2993 1894 6333 2991 1894 6334 2989 1894 6335 2989 1895 6336 3085 1895 6337 3087 1895 6338 3087 1896 6339 3090 1896 6340 2979 1896 6341 2979 1897 6342 2977 1897 6343 2975 1897 6344 2975 1898 6345 2971 1898 6346 2968 1898 6347 2968 1899 6348 2964 1899 6349 2961 1899 6350 2961 1900 6351 2956 1900 6352 2958 1900 6353 2958 1901 6354 3041 1901 6355 3044 1901 6356 3044 1902 6357 3063 1902 6358 3142 1902 6359 3142 1903 6360 3135 1903 6361 3128 1903 6362 3128 1904 6363 2993 1904 6364 2989 1904 6365 2989 1905 6366 3087 1905 6367 2979 1905 6368 2979 1906 6369 2975 1906 6370 2968 1906 6371 2968 1907 6372 2961 1907 6373 2958 1907 6374 2958 1908 6375 3044 1908 6376 3142 1908 6377 3142 1909 6378 3128 1909 6379 2989 1909 6380 2989 1910 6381 2979 1910 6382 2968 1910 6383 2968 1911 6384 2958 1911 6385 3142 1911 6386 2989 1912 6387 2968 1912 6388 3142 1912 6389 2306 1913 6390 2311 1913 6391 2671 1913 6392 2306 1914 6393 2671 1914 6394 2345 1914 6395 3333 1915 6396 3334 1915 6397 3370 1915 6398 3333 1916 6399 3370 1916 6400 3371 1916 6401 2651 1917 6402 2657 1917 6403 2656 1917 6404 2651 1918 6405 2656 1918 6406 2654 1918 6407 3092 1919 6408 3241 1919 6409 3240 1919 6410 3092 1920 6411 3240 1920 6412 3094 1920 6413 1903 1921 6414 1904 1921 6415 1996 1921 6416 1903 1922 6417 1996 1922 6418 1995 1922 6419 3018 1923 6420 3035 1923 6421 3034 1923 6422 3018 1924 6423 3034 1924 6424 3019 1924 6425 2866 1925 6426 2869 1925 6427 2876 1925 6428 2866 1926 6429 2876 1926 6430 2878 1926 6431 1994 1927 6432 2147 1927 6433 2146 1927 6434 1994 1928 6435 2146 1928 6436 1993 1928 6437 2961 1929 6438 2963 1929 6439 2960 1929 6440 2961 1930 6441 2960 1930 6442 2956 1930 6443 3115 1931 6444 3237 1931 6445 3236 1931 6446 3115 1932 6447 3236 1932 6448 3183 1932 6449 2058 1933 6450 2059 1933 6451 2107 1933 6452 2058 1934 6453 2107 1934 6454 2106 1934 6455 2615 1935 6456 2617 1935 6457 2634 1935 6458 2615 1936 6459 2634 1936 6460 2633 1936 6461 2396 1937 6462 2442 1937 6463 2441 1937 6464 2396 1938 6465 2441 1938 6466 2395 1938 6467 1903 1939 6468 1995 1939 6469 1994 1939 6470 1903 1940 6471 1994 1940 6472 1902 1940 6473 1730 71 6474 1738 71 6475 1737 71 6476 1730 71 6477 1737 71 6478 1728 71 6479 2406 1941 6480 2407 1941 6481 2487 1941 6482 2406 1942 6483 2487 1942 6484 2486 1942 6485 2556 1943 6486 2570 1943 6487 2569 1943 6488 2556 1944 6489 2569 1944 6490 2559 1944 6491 1824 1945 6492 1826 1945 6493 1871 1945 6494 1824 1946 6495 1871 1946 6496 1849 1946 6497 2582 1947 6498 2659 1947 6499 2658 1947 6500 2582 1948 6501 2658 1948 6502 2580 1948 6503 2989 1949 6504 3146 1949 6505 3144 1949 6506 2989 1950 6507 3144 1950 6508 3085 1950 6509 2450 1951 6510 2536 1951 6511 2535 1951 6512 2450 1952 6513 2535 1952 6514 2534 1952 6515 2645 1953 6516 2647 1953 6517 2649 1953 6518 2645 1954 6519 2649 1954 6520 2650 1954 6521 3270 1955 6522 3299 1955 6523 3298 1955 6524 3270 1956 6525 3298 1956 6526 3269 1956 6527 3432 1957 6528 3433 1957 6529 3423 1957 6530 3432 1958 6531 3423 1958 6532 3425 1958 6533 1692 1959 6534 1699 1959 6535 1701 1959 6536 1692 1960 6537 1701 1960 6538 1691 1960 6539 3013 1961 6540 3015 1961 6541 2959 1961 6542 3013 1962 6543 2959 1962 6544 2957 1962 6545 2390 1963 6546 2436 1963 6547 2435 1963 6548 2390 1964 6549 2435 1964 6550 2389 1964 6551 3308 1965 6552 3309 1965 6553 3362 1965 6554 3308 1966 6555 3362 1966 6556 3361 1966 6557 2127 1967 6558 2134 1967 6559 2135 1967 6560 2127 1968 6561 2135 1968 6562 2125 1968 6563 3283 1969 6564 3284 1969 6565 3350 1969 6566 3283 1970 6567 3350 1970 6568 3281 1970 6569 3470 1971 6570 3412 1971 6571 3414 1971 6572 3470 1972 6573 3414 1972 6574 3469 1972 6575 2973 1973 6576 2974 1973 6577 3100 1973 6578 2973 1974 6579 3100 1974 6580 3212 1974 6581 2549 1975 6582 2545 1975 6583 2571 1975 6584 2549 1976 6585 2571 1976 6586 2570 1976 6587 2291 1977 6588 2248 1977 6589 2250 1977 6590 2291 1978 6591 2250 1978 6592 2476 1978 6593 1851 1979 6594 1821 1979 6595 1822 1979 6596 1851 1980 6597 1822 1980 6598 1850 1980 6599 3383 1981 6600 3378 1981 6601 3379 1981 6602 3383 1982 6603 3379 1982 6604 3382 1982 6605 3124 1983 6606 3150 1983 6607 3149 1983 6608 3124 1984 6609 3149 1984 6610 3122 1984 6611 1954 1985 6612 1956 1985 6613 2090 1985 6614 1954 1986 6615 2090 1986 6616 2071 1986 6617 3471 47 6618 3475 47 6619 3473 47 6620 3471 47 6621 3473 47 6622 3474 47 6623 1840 1987 6624 1841 1987 6625 1892 1987 6626 1840 1988 6627 1892 1988 6628 1839 1988 6629 2709 1989 6630 2707 1989 6631 2715 1989 6632 2715 1990 6633 2713 1990 6634 2711 1990 6635 2711 9 6636 2719 9 6637 2721 9 6638 2721 1991 6639 2731 1991 6640 2781 1991 6641 2781 9 6642 2779 9 6643 2777 9 6644 2777 1992 6645 2775 1992 6646 2773 1992 6647 2773 1993 6648 2771 1993 6649 2769 1993 6650 2769 1994 6651 2763 1994 6652 2759 1994 6653 2759 1995 6654 2755 1995 6655 2749 1995 6656 2749 1996 6657 2744 1996 6658 2740 1996 6659 2740 9 6660 2737 9 6661 2729 9 6662 2729 1997 6663 2727 1997 6664 2709 1997 6665 2709 1998 6666 2715 1998 6667 2711 1998 6668 2711 9 6669 2721 9 6670 2781 9 6671 2781 9 6672 2777 9 6673 2773 9 6674 2773 9 6675 2769 9 6676 2759 9 6677 2759 1999 6678 2749 1999 6679 2740 1999 6680 2740 9 6681 2729 9 6682 2709 9 6683 2709 2000 6684 2711 2000 6685 2781 2000 6686 2781 2001 6687 2773 2001 6688 2759 2001 6689 2759 9 6690 2740 9 6691 2709 9 6692 2781 2002 6693 2759 2002 6694 2709 2002 6695 2999 2003 6696 3186 2003 6697 3185 2003 6698 2999 2004 6699 3185 2004 6700 2994 2004 6701 2349 2005 6702 2392 2005 6703 2391 2005 6704 2349 2006 6705 2391 2006 6706 2346 2006 6707 2028 2007 6708 2130 2007 6709 2131 2007 6710 2028 2008 6711 2131 2008 6712 2026 2008 6713 3051 2009 6714 3055 2009 6715 3054 2009 6716 3051 2010 6717 3054 2010 6718 3052 2010 6719 1950 2011 6720 1951 2011 6721 2065 2011 6722 1950 2012 6723 2065 2012 6724 2063 2012 6725 2942 2013 6726 2944 2013 6727 3141 2013 6728 2942 2014 6729 3141 2014 6730 3136 2014 6731 1973 2015 6732 1974 2015 6733 2011 2015 6734 1973 2016 6735 2011 2016 6736 2010 2016 6737 1776 2017 6738 1778 2017 6739 2149 2017 6740 1776 2018 6741 2149 2018 6742 1799 2018 6743 2754 2019 6744 2756 2019 6745 2751 2019 6746 2754 2020 6747 2751 2020 6748 2748 2020 6749 3237 2021 6750 3277 2021 6751 3276 2021 6752 3237 2022 6753 3276 2022 6754 3236 2022 6755 2439 2023 6756 2524 2023 6757 2523 2023 6758 2439 2024 6759 2523 2024 6760 2522 2024 6761 2811 2025 6762 2812 2025 6763 2805 2025 6764 2811 2026 6765 2805 2026 6766 2799 2026 6767 2158 2027 6768 2429 2027 6769 2509 2027 6770 2158 2028 6771 2509 2028 6772 2428 2028 6773 3246 2029 6774 3287 2029 6775 3285 2029 6776 3246 2030 6777 3285 2030 6778 3245 2030 6779 1760 2031 6780 1758 2031 6781 1752 2031 6782 1760 2032 6783 1752 2032 6784 1762 2032 6785 1913 2033 6786 1914 2033 6787 1941 2033 6788 1913 2034 6789 1941 2034 6790 1945 2034 6791 3133 2035 6792 3156 2035 6793 3155 2035 6794 3133 2036 6795 3155 2036 6796 3130 2036 6797 2980 2037 6798 3091 2037 6799 3116 2037 6800 2980 2038 6801 3116 2038 6802 3114 2038 6803 2432 2039 6804 2434 2039 6805 2519 2039 6806 2432 2040 6807 2519 2040 6808 2512 2040 6809 2888 2041 6810 2898 2041 6811 2900 2041 6812 2888 2042 6813 2900 2042 6814 2890 2042 6815 2558 2043 6816 2568 2043 6817 2566 2043 6818 2558 2044 6819 2566 2044 6820 2564 2044 6821 2081 2045 6822 2119 2045 6823 2118 2045 6824 2081 2046 6825 2118 2046 6826 2084 2046 6827 1781 2047 6828 1758 2047 6829 1790 2047 6830 1781 2048 6831 1790 2048 6832 1788 2048 6833 1846 2049 6834 1848 2049 6835 1963 2049 6836 1846 2050 6837 1963 2050 6838 2007 2050 6839 2278 2051 6840 2247 2051 6841 2290 2051 6842 2278 2052 6843 2290 2052 6844 2280 2052 6845 1838 2053 6846 1890 2053 6847 1888 2053 6848 1838 2054 6849 1888 2054 6850 1887 2054 6851 2052 2055 6852 2050 2055 6853 2060 2055 6854 2052 2056 6855 2060 2056 6856 2059 2056 6857 2465 2057 6858 2466 2057 6859 2542 2057 6860 2465 2058 6861 2542 2058 6862 2541 2058 6863 2048 2059 6864 1946 2059 6865 1948 2059 6866 2048 2060 6867 1948 2060 6868 2062 2060 6869 2401 2061 6870 2447 2061 6871 2446 2061 6872 2401 2062 6873 2446 2062 6874 2400 2062 6875 2618 2063 6876 2619 2063 6877 2606 2063 6878 2618 2064 6879 2606 2064 6880 2607 2064 6881 1978 2065 6882 1980 2065 6883 2022 2065 6884 1978 2066 6885 2022 2066 6886 2020 2066 6887 1918 2067 6888 1949 2067 6889 1947 2067 6890 1918 2068 6891 1947 2068 6892 1916 2068 6893 3131 2069 6894 3133 2069 6895 3130 2069 6896 3131 2070 6897 3130 2070 6898 3128 2070 6899 1970 2071 6900 1975 2071 6901 1974 2071 6902 1970 2072 6903 1974 2072 6904 1973 2072 6905 1852 2073 6906 1865 2073 6907 1863 2073 6908 1852 2074 6909 1863 2074 6910 1853 2074 6911 2017 2075 6912 2035 2075 6913 2034 2075 6914 2017 2076 6915 2034 2076 6916 2015 2076 6917 2274 2077 6918 2276 2077 6919 2273 2077 6920 2274 2078 6921 2273 2078 6922 2237 2078 6923 3297 2079 6924 3354 2079 6925 3335 2079 6926 3297 2080 6927 3335 2080 6928 3296 2080 6929 2762 2081 6930 2764 2081 6931 2760 2081 6932 2762 2082 6933 2760 2082 6934 2758 2082 6935 2202 2083 6936 2211 2083 6937 2208 2083 6938 2202 2084 6939 2208 2084 6940 2199 2084 6941 2300 2085 6942 2318 2085 6943 2316 2085 6944 2300 2086 6945 2316 2086 6946 2298 2086 6947 2977 2087 6948 2979 2087 6949 3110 2087 6950 2977 2088 6951 3110 2088 6952 3096 2088 6953 2991 2089 6954 3123 2089 6955 3146 2089 6956 2991 2090 6957 3146 2090 6958 2989 2090 6959 3055 2091 6960 3057 2091 6961 3179 2091 6962 3055 2092 6963 3179 2092 6964 3177 2092 6965 1799 2093 6966 2149 2093 6967 2150 2093 6968 1799 2094 6969 2150 2094 6970 1801 2094 6971 2258 2095 6972 2260 2095 6973 2484 2095 6974 2258 2096 6975 2484 2096 6976 2483 2096 6977 2055 2097 6978 2102 2097 6979 2101 2097 6980 2055 2098 6981 2101 2098 6982 2053 2098 6983 3017 2099 6984 3036 2099 6985 3035 2099 6986 3017 2100 6987 3035 2100 6988 3018 2100 6989 1878 2101 6990 1942 2101 6991 1944 2101 6992 1878 2102 6993 1944 2102 6994 1877 2102 6995 2998 2103 6996 3011 2103 6997 3010 2103 6998 2998 2104 6999 3010 2104 7000 3001 2104 7001 1720 71 7002 1715 71 7003 1717 71 7004 1719 71 7005 1721 71 7006 1720 71 7007 1717 71 7008 1719 71 7009 1720 71 7010 2096 2105 7011 2121 2105 7012 2120 2105 7013 2096 2106 7014 2120 2106 7015 2092 2106 7016 2523 2107 7017 2524 2107 7018 2600 2107 7019 2523 2108 7020 2600 2108 7021 2601 2108 7022 3451 2109 7023 3453 2109 7024 3450 2109 7025 3451 2110 7026 3450 2110 7027 3448 2110 7028 1875 2111 7029 1882 2111 7030 1881 2111 7031 1875 2112 7032 1881 2112 7033 1879 2112 7034 3383 2113 7035 3393 2113 7036 3392 2113 7037 3383 2114 7038 3392 2114 7039 3385 2114 7040 1952 2115 7041 2069 2115 7042 2068 2115 7043 1952 2116 7044 2068 2116 7045 2067 2116 7046 2138 2117 7047 2140 2117 7048 2141 2117 7049 2138 2118 7050 2141 2118 7051 2142 2118 7052 2347 2119 7053 2349 2119 7054 2346 2119 7055 2347 2120 7056 2346 2120 7057 2343 2120 7058 2631 2121 7059 2632 2121 7060 2665 2121 7061 2631 2122 7062 2665 2122 7063 2664 2122 7064 2322 2123 7065 2375 2123 7066 2371 2123 7067 2322 2124 7068 2371 2124 7069 2318 2124 7070 2546 2125 7071 2547 2125 7072 2544 2125 7073 2546 2126 7074 2544 2126 7075 2469 2126 7076 3094 2127 7077 3240 2127 7078 3239 2127 7079 3094 2128 7080 3239 2128 7081 3111 2128 7082 3103 2129 7083 3217 2129 7084 3216 2129 7085 3103 2130 7086 3216 2130 7087 3215 2130 7088 3119 2131 7089 3117 2131 7090 3273 2131 7091 3119 2132 7092 3273 2132 7093 3339 2132 7094 2410 2133 7095 2490 2133 7096 2488 2133 7097 2410 2134 7098 2488 2134 7099 2408 2134 7100 2011 2135 7101 2012 2135 7102 2030 2135 7103 2011 2136 7104 2030 2136 7105 2029 2136 7106 3272 2137 7107 3144 2137 7108 3146 2137 7109 3272 2138 7110 3146 2138 7111 3148 2138 7112 2932 2139 7113 2934 2139 7114 2992 2139 7115 2932 2140 7116 2992 2140 7117 2990 2140 7118 2646 2141 7119 2565 2141 7120 2567 2141 7121 2646 2142 7122 2567 2142 7123 2648 2142 7124 1618 2143 7125 1620 2143 7126 1619 2143 7127 1618 2144 7128 1619 2144 7129 1617 2144 7130 3448 2145 7131 3450 2145 7132 3445 2145 7133 3448 2146 7134 3445 2146 7135 3447 2146 7136 2054 2147 7137 2052 2147 7138 2059 2147 7139 2054 2148 7140 2059 2148 7141 2058 2148 7142 2005 2149 7143 1967 2149 7144 1969 2149 7145 2005 2150 7146 1969 2150 7147 2002 2150 7148 1881 2151 7149 1998 2151 7150 1999 2151 7151 1881 2152 7152 1999 2152 7153 1879 2152 7154 1966 2153 7155 1965 2153 7156 1979 2153 7157 1966 2154 7158 1979 2154 7159 1977 2154 7160 3277 2155 7161 3347 2155 7162 3345 2155 7163 3277 2156 7164 3345 2156 7165 3276 2156 7166 3020 2157 7167 3022 2157 7168 3007 2157 7169 3020 2158 7170 3007 2158 7171 3019 2158 7172 3074 2159 7173 3078 2159 7174 3077 2159 7175 3074 2160 7176 3077 2160 7177 3076 2160 7178 2350 2161 7179 2395 2161 7180 2394 2161 7181 2350 2162 7182 2394 2162 7183 2393 2162 7184 2492 2163 7185 2493 2163 7186 2600 2163 7187 2492 2164 7188 2600 2164 7189 2599 2164 7190 2442 2165 7191 2527 2165 7192 2526 2165 7193 2442 2166 7194 2526 2166 7195 2441 2166 7196 3306 2167 7197 3361 2167 7198 3360 2167 7199 3306 2168 7200 3360 2168 7201 3305 2168 7202 1909 2169 7203 1807 2169 7204 1810 2169 7205 1909 2170 7206 1810 2170 7207 1910 2170 7208 3342 2171 7209 3294 2171 7210 3295 2171 7211 3342 2172 7212 3295 2172 7213 3336 2172 7214 2353 2173 7215 2348 2173 7216 2344 2173 7217 2353 2174 7218 2344 2174 7219 2670 2174 7220 3027 2175 7221 3196 2175 7222 3195 2175 7223 3027 2176 7224 3195 2176 7225 3026 2176 7226 2058 2177 7227 2106 2177 7228 2105 2177 7229 2058 2178 7230 2105 2178 7231 2057 2178 7232 2373 2179 7233 2410 2179 7234 2408 2179 7235 2373 2180 7236 2408 2180 7237 2370 2180 7238 1928 2181 7239 2091 2181 7240 1955 2181 7241 1928 2182 7242 1955 2182 7243 1926 2182 7244 3322 2183 7245 3394 2183 7246 3137 2183 7247 3322 2184 7248 3137 2184 7249 3121 2184 7250 3090 2185 7251 3087 2185 7252 3235 2185 7253 3090 2186 7254 3235 2186 7255 3234 2186 7256 3390 2187 7257 3334 2187 7258 3335 2187 7259 3390 2188 7260 3335 2188 7261 3354 2188 7262 2440 2189 7263 2525 2189 7264 2524 2189 7265 2440 2190 7266 2524 2190 7267 2439 2190 7268 3252 2191 7269 3257 2191 7270 3259 2191 7271 3252 2192 7272 3259 2192 7273 3251 2192 7274 2579 2193 7275 2479 2193 7276 2480 2193 7277 2579 2194 7278 2480 2194 7279 2587 2194 7280 3268 2195 7281 3269 2195 7282 3298 2195 7283 3268 2196 7284 3298 2196 7285 3297 2196 7286 3289 2197 7287 3290 2197 7288 3353 2197 7289 3289 2198 7290 3353 2198 7291 3352 2198 7292 2020 2199 7293 2022 2199 7294 2039 2199 7295 2020 2200 7296 2039 2200 7297 2038 2200 7298 3038 2201 7299 3045 2201 7300 3042 2201 7301 3038 2202 7302 3042 2202 7303 3040 2202 7304 3101 2203 7305 3102 2203 7306 3099 2203 7307 3101 2204 7308 3099 2204 7309 3097 2204 7310 2538 2205 7311 2626 2205 7312 2585 2205 7313 2538 2206 7314 2585 2206 7315 2536 2206 7316 2529 2207 7317 2595 2207 7318 2597 2207 7319 2529 2208 7320 2597 2208 7321 2528 2208 7322 3267 2209 7323 3296 2209 7324 3295 2209 7325 3267 2210 7326 3295 2210 7327 3294 2210 7328 2119 2211 7329 2120 2211 7330 2121 2211 7331 2119 2212 7332 2121 2212 7333 2136 2212 7334 2325 2213 7335 2377 2213 7336 2374 2213 7337 2325 2214 7338 2374 2214 7339 2321 2214 7340 2581 2215 7341 2584 2215 7342 2583 2215 7343 2581 2216 7344 2583 2216 7345 2582 2216 7346 2255 2217 7347 2257 2217 7348 2254 2217 7349 2255 2218 7350 2254 2218 7351 2251 2218 7352 1995 2219 7353 2148 2219 7354 2147 2219 7355 1995 2220 7356 2147 2220 7357 1994 2220 7358 1964 2221 7359 1962 2221 7360 1980 2221 7361 1964 2222 7362 1980 2222 7363 1978 2222 7364 1783 2223 7365 1785 2223 7366 1820 2223 7367 1783 2224 7368 1820 2224 7369 1819 2224 7370 1799 2225 7371 1800 2225 7372 1797 2225 7373 1799 2226 7374 1797 2226 7375 1776 2226 7376 3003 2227 7377 3008 2227 7378 3007 2227 7379 3003 2228 7380 3007 2228 7381 3006 2228 7382 3178 2229 7383 3181 2229 7384 3318 2229 7385 3178 2230 7386 3318 2230 7387 3315 2230 7388 2252 2231 7389 2253 2231 7390 2478 2231 7391 2252 2232 7392 2478 2232 7393 2477 2232 7394 3228 2233 7395 3107 2233 7396 3108 2233 7397 3228 2234 7398 3108 2234 7399 3231 2234 7400 3074 2235 7401 3076 2235 7402 3073 2235 7403 3074 2236 7404 3073 2236 7405 3071 2236 7406 3218 2237 7407 3261 2237 7408 3260 2237 7409 3218 2238 7410 3260 2238 7411 3217 2238 7412 1863 2239 7413 1865 2239 7414 1923 2239 7415 1863 2240 7416 1923 2240 7417 1921 2240 7418 2303 2241 7419 2339 2241 7420 2319 2241 7421 2303 2242 7422 2319 2242 7423 2299 2242 7424 2476 2243 7425 2477 2243 7426 2576 2243 7427 2476 2244 7428 2576 2244 7429 2475 2244 7430 1652 71 7431 1654 71 7432 1653 71 7433 1652 71 7434 1653 71 7435 1651 71 7436 1685 54 7437 1683 54 7438 1688 54 7439 1685 54 7440 1688 54 7441 1687 54 7442 3467 2245 7443 3470 2245 7444 3469 2245 7445 3467 2246 7446 3469 2246 7447 3465 2246 7448 1977 2247 7449 1979 2247 7450 2021 2247 7451 1977 2248 7452 2021 2248 7453 2019 2248 7454 2697 2249 7455 2701 2249 7456 2714 2249 7457 2697 2250 7458 2714 2250 7459 2706 2250 7460 1802 2251 7461 1805 2251 7462 1804 2251 7463 1802 2252 7464 1804 2252 7465 1803 2252 7466 2645 2253 7467 2650 2253 7468 2653 2253 7469 2645 2254 7470 2653 2254 7471 2644 2254 7472 3157 2255 7473 3158 2255 7474 3307 2255 7475 3157 2256 7476 3307 2256 7477 3306 2256 7478 1791 2257 7479 1793 2257 7480 1895 2257 7481 1791 2258 7482 1895 2258 7483 1843 2258 7484 2115 2259 7485 2087 2259 7486 2040 2259 7487 2115 2260 7488 2040 2260 7489 2132 2260 7490 2059 2261 7491 2060 2261 7492 2108 2261 7493 2059 2262 7494 2108 2262 7495 2107 2262 7496 3016 2263 7497 3011 2263 7498 3012 2263 7499 3016 2264 7500 3012 2264 7501 3014 2264 7502 3332 2265 7503 3295 2265 7504 3296 2265 7505 3332 2266 7506 3296 2266 7507 3335 2266 7508 2398 2267 7509 2399 2267 7510 2445 2267 7511 2398 2268 7512 2445 2268 7513 2444 2268 7514 3382 2269 7515 3379 2269 7516 3380 2269 7517 3382 2270 7518 3380 2270 7519 3138 2270 7520 2188 2271 7521 2205 2271 7522 2204 2271 7523 2188 2272 7524 2204 2272 7525 2201 2272 7526 3382 2273 7527 3394 2273 7528 3393 2273 7529 3382 2274 7530 3393 2274 7531 3383 2274 7532 3253 2275 7533 3255 2275 7534 3257 2275 7535 3253 2276 7536 3257 2276 7537 3252 2276 7538 2494 2277 7539 2601 2277 7540 2600 2277 7541 2494 2278 7542 2600 2278 7543 2493 2278 7544 2669 2279 7545 2641 2279 7546 2642 2279 7547 2669 2280 7548 2642 2280 7549 2655 2280 7550 3200 2281 7551 3204 2281 7552 3206 2281 7553 3200 2282 7554 3206 2282 7555 3199 2282 7556 1755 2283 7557 1764 2283 7558 1762 2283 7559 1755 2284 7560 1762 2284 7561 1752 2284 7562 3346 2285 7563 3348 2285 7564 3353 2285 7565 3346 2286 7566 3353 2286 7567 3344 2286 7568 2070 2287 7569 2068 2287 7570 2069 2287 7571 2070 2288 7572 2069 2288 7573 1953 2288 7574 3002 2289 7575 3187 2289 7576 3186 2289 7577 3002 2290 7578 3186 2290 7579 2999 2290 7580 3305 2291 7581 3360 2291 7582 3358 2291 7583 3305 2292 7584 3358 2292 7585 3303 2292 7586 1976 2293 7587 1977 2293 7588 2019 2293 7589 1976 2294 7590 2019 2294 7591 2018 2294 7592 2349 2295 7593 2350 2295 7594 2393 2295 7595 2349 2296 7596 2393 2296 7597 2392 2296 7598 2251 2297 7599 2254 2297 7600 2253 2297 7601 2251 2298 7602 2253 2298 7603 2252 2298 7604 2007 2299 7605 1841 2299 7606 1844 2299 7607 2007 2300 7608 1844 2300 7609 1846 2300 7610 3135 2301 7611 3140 2301 7612 3159 2301 7613 3135 2302 7614 3159 2302 7615 3134 2302 7616 1859 2303 7617 1860 2303 7618 1914 2303 7619 1859 2304 7620 1914 2304 7621 1913 2304 7622 2971 2305 7623 2975 2305 7624 2974 2305 7625 2971 2306 7626 2974 2306 7627 2973 2306 7628 3021 2307 7629 3033 2307 7630 3031 2307 7631 3021 2308 7632 3031 2308 7633 3024 2308 7634 1901 2309 7635 1804 2309 7636 1805 2309 7637 1901 2310 7638 1805 2310 7639 1908 2310 7640 3385 2311 7641 3376 2311 7642 3378 2311 7643 3385 2312 7644 3378 2312 7645 3383 2312 7646 1796 2313 7647 1898 2313 7648 1897 2313 7649 1796 2314 7650 1897 2314 7651 1794 2314 7652 2296 2315 7653 2314 2315 7654 2365 2315 7655 2296 2316 7656 2365 2316 7657 2293 2316 7658 3234 2317 7659 3110 2317 7660 2979 2317 7661 3234 2318 7662 2979 2318 7663 3090 2318 7664 3387 2319 7665 3384 2319 7666 3391 2319 7667 3387 2320 7668 3391 2320 7669 3389 2320 7670 3226 2321 7671 3269 2321 7672 3268 2321 7673 3226 2322 7674 3268 2322 7675 3224 2322 7676 1788 2323 7677 1790 2323 7678 1826 2323 7679 1788 2324 7680 1826 2324 7681 1824 2324 7682 2283 2325 7683 2285 2325 7684 2466 2325 7685 2283 2326 7686 2466 2326 7687 2465 2326 7688 2009 2327 7689 2139 2327 7690 2143 2327 7691 2009 2328 7692 2143 2328 7693 2008 2328 7694 3043 2329 7695 3062 2329 7696 2948 2329 7697 3043 2330 7698 2948 2330 7699 2951 2330 7700 1878 2331 7701 1880 2331 7702 2000 2331 7703 1878 2332 7704 2000 2332 7705 1945 2332 7706 3075 2333 7707 3030 2333 7708 3032 2333 7709 3075 2334 7710 3032 2334 7711 3079 2334 7712 3113 2335 7713 3238 2335 7714 3237 2335 7715 3113 2336 7716 3237 2336 7717 3115 2336 7718 3459 2337 7719 3462 2337 7720 3460 2337 7721 3459 2338 7722 3460 2338 7723 3457 2338 7724 3072 2339 7725 3069 2339 7726 3082 2339 7727 3072 2340 7728 3082 2340 7729 3080 2340 7730 2323 2341 7731 2337 2341 7732 2335 2341 7733 2323 2342 7734 2335 2342 7735 2327 2342 7736 2892 2343 7737 2886 2343 7738 2894 2343 7739 2892 2344 7740 2894 2344 7741 2896 2344 7742 1772 2345 7743 1766 2345 7744 1755 2345 7745 1772 2346 7746 1755 2346 7747 1753 2346 7748 2841 2347 7749 2844 2347 7750 2838 2347 7751 2841 2348 7752 2838 2348 7753 2836 2348 7754 3349 2349 7755 3352 2349 7756 3353 2349 7757 3349 2350 7758 3353 2350 7759 3348 2350 7760 3072 2351 7761 3080 2351 7762 3030 2351 7763 3072 2352 7764 3030 2352 7765 3075 2352 7766 3231 2353 7767 3233 2353 7768 3230 2353 7769 3231 2354 7770 3230 2354 7771 3228 2354 7772 3360 2355 7773 3364 2355 7774 3367 2355 7775 3360 2356 7776 3367 2356 7777 3358 2356 7778 2417 2357 7779 2422 2357 7780 2420 2357 7781 2417 2358 7782 2420 2358 7783 2419 2358 7784 2921 2359 7785 2923 2359 7786 2976 2359 7787 2921 2360 7788 2976 2360 7789 2972 2360 7790 3101 2361 7791 3106 2361 7792 3105 2361 7793 3101 2362 7794 3105 2362 7795 3104 2362 7796 2042 2363 7797 2093 2363 7798 1931 2363 7799 2042 2364 7800 1931 2364 7801 1934 2364 7802 2552 2365 7803 2555 2365 7804 2554 2365 7805 2552 2366 7806 2554 2366 7807 2553 2366 7808 3350 2367 7809 3351 2367 7810 3352 2367 7811 3350 2368 7812 3352 2368 7813 3349 2368 7814 1980 2369 7815 1958 2369 7816 1957 2369 7817 1980 2370 7818 1957 2370 7819 2022 2370 7820 3332 2371 7821 3335 2371 7822 3334 2371 7823 3332 2372 7824 3334 2372 7825 3333 2372 7826 2276 2373 7827 2462 2373 7828 2460 2373 7829 2276 2374 7830 2460 2374 7831 2273 2374 7832 3150 2375 7833 3301 2375 7834 3300 2375 7835 3150 2376 7836 3300 2376 7837 3149 2376 7838 3049 2377 7839 3048 2377 7840 3059 2377 7841 3049 2378 7842 3059 2378 7843 3058 2378 7844 3400 2379 7845 3398 2379 7846 3430 2379 7847 3400 2380 7848 3430 2380 7849 3427 2380 7850 1906 2381 7851 1885 2381 7852 1886 2381 7853 1906 2382 7854 1886 2382 7855 1905 2382 7856 2689 2383 7857 2691 2383 7858 2693 2383 7859 2693 2384 7860 2695 2384 7861 2694 2384 7862 2694 2385 7863 2692 2385 7864 2690 2385 7865 2690 2386 7866 2688 2386 7867 2686 2386 7868 2686 2387 7869 2684 2387 7870 2682 2387 7871 2682 2388 7872 2680 2388 7873 2678 2388 7874 2678 2389 7875 2676 2389 7876 2673 2389 7877 2673 2390 7878 2674 2390 7879 2672 2390 7880 2672 2391 7881 2675 2391 7882 2677 2391 7883 2677 2392 7884 2679 2392 7885 2681 2392 7886 2681 2393 7887 2683 2393 7888 2685 2393 7889 2685 2394 7890 2687 2394 7891 2689 2394 7892 2689 2395 7893 2693 2395 7894 2694 2395 7895 2694 2396 7896 2690 2396 7897 2686 2396 7898 2686 2397 7899 2682 2397 7900 2678 2397 7901 2678 2398 7902 2673 2398 7903 2672 2398 7904 2672 2399 7905 2677 2399 7906 2681 2399 7907 2681 2400 7908 2685 2400 7909 2689 2400 7910 2689 2401 7911 2694 2401 7912 2686 2401 7913 2686 2402 7914 2678 2402 7915 2672 2402 7916 2672 2403 7917 2681 2403 7918 2689 2403 7919 2686 2404 7920 2672 2404 7921 2689 2404 7922 2082 2405 7923 2075 2405 7924 2072 2405 7925 2082 2406 7926 2072 2406 7927 2086 2406 7928 2666 2407 7929 2661 2407 7930 2663 2407 7931 2666 2408 7932 2663 2408 7933 2638 2408 7934 1752 2409 7935 1756 2409 7936 1753 2409 7937 1752 2410 7938 1753 2410 7939 1755 2410 7940 1818 2411 7941 1856 2411 7942 1858 2411 7943 1818 2412 7944 1858 2412 7945 1814 2412 7946 3196 2413 7947 3251 2413 7948 3250 2413 7949 3196 2414 7950 3250 2414 7951 3195 2414 7952 3183 2415 7953 3117 2415 7954 3119 2415 7955 3119 2416 7956 3120 2416 7957 3121 2416 7958 3121 2417 7959 3137 2417 7960 3138 2417 7961 3138 2418 7962 3380 2418 7963 3319 2418 7964 3319 2419 7965 3160 2419 7966 3162 2419 7967 3162 2420 7968 3061 2420 7969 3046 2420 7970 3046 2421 7971 3039 2421 7972 3014 2421 7973 3014 2422 7974 3012 2422 7975 2996 2422 7976 2996 2423 7977 2994 2423 7978 3185 2423 7979 3185 2424 7980 3092 2424 7981 3094 2424 7982 3094 2425 7983 3111 2425 7984 3113 2425 7985 3113 2426 7986 3115 2426 7987 3183 2426 7988 3183 2427 7989 3119 2427 7990 3121 2427 7991 3121 2428 7992 3138 2428 7993 3319 2428 7994 3319 2429 7995 3162 2429 7996 3046 2429 7997 3046 2430 7998 3014 2430 7999 2996 2430 8000 2996 2431 8001 3185 2431 8002 3094 2431 8003 3094 2432 8004 3113 2432 8005 3183 2432 8006 3183 2433 8007 3121 2433 8008 3319 2433 8009 3319 2434 8010 3046 2434 8011 2996 2434 8012 2996 2435 8013 3094 2435 8014 3183 2435 8015 3319 2436 8016 2996 2436 8017 3183 2436 8018 2415 2437 8019 2418 2437 8020 2414 2437 8021 2415 2438 8022 2414 2438 8023 2381 2438 8024 3130 2439 8025 3155 2439 8026 3153 2439 8027 3130 2440 8028 3153 2440 8029 3127 2440 8030 2252 2441 8031 2477 2441 8032 2476 2441 8033 2252 2442 8034 2476 2442 8035 2250 2442 8036 2580 2443 8037 2658 2443 8038 2656 2443 8039 2580 2444 8040 2656 2444 8041 2578 2444 8042 2065 2445 8043 2110 2445 8044 2108 2445 8045 2065 2446 8046 2108 2446 8047 2063 2446 8048 2359 2447 8049 2361 2447 8050 2358 2447 8051 2359 2448 8052 2358 2448 8053 2355 2448 8054 3462 2449 8055 3466 2449 8056 3463 2449 8057 3462 2450 8058 3463 2450 8059 3460 2450 8060 1962 2451 8061 1963 2451 8062 1848 2451 8063 1962 2452 8064 1848 2452 8065 1960 2452 8066 2251 2453 8067 2252 2453 8068 2250 2453 8069 2251 2454 8070 2250 2454 8071 2249 2454 8072 3381 2455 8073 3139 2455 8074 3129 2455 8075 3381 2456 8076 3129 2456 8077 3132 2456 8078 3455 2457 8079 3458 2457 8080 3461 2457 8081 3461 2458 8082 3464 2458 8083 3468 2458 8084 3468 2459 8085 3413 2459 8086 3409 2459 8087 3409 2460 8088 3406 2460 8089 3404 2460 8090 3404 2461 8091 3396 2461 8092 3399 2461 8093 3399 2462 8094 3426 2462 8095 3428 2462 8096 3428 2463 8097 3424 2463 8098 3422 2463 8099 3422 2464 8100 3420 2464 8101 3419 2464 8102 3419 2465 8103 3417 2465 8104 3415 2465 8105 3415 2466 8106 3437 2466 8107 3440 2466 8108 3440 2467 8109 3443 2467 8110 3449 2467 8111 3449 2468 8112 3452 2468 8113 3455 2468 8114 3455 2469 8115 3461 2469 8116 3468 2469 8117 3468 2470 8118 3409 2470 8119 3404 2470 8120 3404 2471 8121 3399 2471 8122 3428 2471 8123 3428 2472 8124 3422 2472 8125 3419 2472 8126 3419 2473 8127 3415 2473 8128 3440 2473 8129 3440 2474 8130 3449 2474 8131 3455 2474 8132 3455 2475 8133 3468 2475 8134 3404 2475 8135 3404 2476 8136 3428 2476 8137 3419 2476 8138 3419 2477 8139 3440 2477 8140 3455 2477 8141 3404 2478 8142 3419 2478 8143 3455 2478 8144 2758 2479 8145 2760 2479 8146 2756 2479 8147 2758 2480 8148 2756 2480 8149 2754 2480 8150 2543 2481 8151 2629 2481 8152 2628 2481 8153 2543 2482 8154 2628 2482 8155 2542 2482 8156 1620 2483 8157 1606 2483 8158 1604 2483 8159 1620 2484 8160 1604 2484 8161 1619 2484 8162 2217 2485 8163 2222 2485 8164 2231 2485 8165 2217 2486 8166 2231 2486 8167 2223 2486 8168 2581 2487 8169 2586 2487 8170 2585 2487 8171 2581 2488 8172 2585 2488 8173 2584 2488 8174 2080 2489 8175 2116 2489 8176 2114 2489 8177 2080 2490 8178 2114 2490 8179 2078 2490 8180 2331 2491 8181 2382 2491 8182 2380 2491 8183 2331 2492 8184 2380 2492 8185 2379 2492 8186 2173 2493 8187 2176 2493 8188 2186 2493 8189 2173 2494 8190 2186 2494 8191 2184 2494 8192 2796 2495 8193 2799 2495 8194 2805 2495 8195 2796 2496 8196 2805 2496 8197 2807 2496 8198 2358 2497 8199 2361 2497 8200 2271 2497 8201 2358 2498 8202 2271 2498 8203 2405 2498 8204 3062 2499 8205 3043 2499 8206 3047 2499 8207 3062 2500 8208 3047 2500 8209 3060 2500 8210 3342 2501 8211 3336 2501 8212 3337 2501 8213 3342 2502 8214 3337 2502 8215 3340 2502 8216 3431 2503 8217 3432 2503 8218 3425 2503 8219 3431 2504 8220 3425 2504 8221 3429 2504 8222 2357 2505 8223 2403 2505 8224 2401 2505 8225 2357 2506 8226 2401 2506 8227 2400 2506 8228 2927 2507 8229 2982 2507 8230 2980 2507 8231 2927 2508 8232 2980 2508 8233 2978 2508 8234 2745 2509 8235 2747 2509 8236 2743 2509 8237 2745 2510 8238 2743 2510 8239 2741 2510 8240 2485 2511 8241 2592 2511 8242 2591 2511 8243 2485 2512 8244 2591 2512 8245 2484 2512 8246 3104 2513 8247 3218 2513 8248 3217 2513 8249 3104 2514 8250 3217 2514 8251 3103 2514 8252 2368 2515 8253 2407 2515 8254 2406 2515 8255 2368 2516 8256 2406 2516 8257 2367 2516 8258 3497 71 8259 3498 71 8260 3495 71 8261 3497 71 8262 3495 71 8263 3496 71 8264 2239 2517 8265 2242 2517 8266 2244 2517 8267 2239 2518 8268 2244 2518 8269 2275 2518 8270 3439 2519 8271 3442 2519 8272 3441 2519 8273 3439 2520 8274 3441 2520 8275 3438 2520 8276 2506 2521 8277 2561 2521 8278 2562 2521 8279 2506 2522 8280 2562 2522 8281 2504 2522 8282 1673 4 8283 3499 4 8284 3500 4 8285 1757 2523 8286 1779 2523 8287 1777 2523 8288 1757 2524 8289 1777 2524 8290 1754 2524 8291 2240 2525 8292 2236 2525 8293 2567 2525 8294 2567 2526 8295 2565 2526 8296 2563 2526 8297 2563 2527 8298 2505 2527 8299 2426 2527 8300 2426 2528 8301 2152 2528 8302 2300 2528 8303 2300 2529 8304 2240 2529 8305 2567 2529 8306 2567 2530 8307 2563 2530 8308 2426 2530 8309 2567 2531 8310 2426 2531 8311 2300 2531 8312</p>
        </triangles>
      </mesh>
    </geometry>
  </library_geometries>
  <library_visual_scenes>
    <visual_scene id="Scene" name="Scene">
      <node id="cd742070-8114-4ad5-b0bb-569a8021d904" name="cd742070-8114-4ad5-b0bb-569a8021d904" type="NODE">
        <matrix sid="transform">1 1.4243e-14 8.74228e-8 0 8.74228e-8 -1.62921e-7 -0.9999999 0 0 0.9999999 -1.62921e-7 0 0 0 0 1</matrix>
        <instance_geometry url="#Dramikom_drm_h_drm_l_l_002-mesh" name="cd742070-8114-4ad5-b0bb-569a8021d904">
          <bind_material>
            <technique_common>
              <instance_material symbol="cd742070-8114-4ad5-b0bb-569a8021d904-material" target="#cd742070-8114-4ad5-b0bb-569a8021d904-material">
                <bind_vertex_input semantic="UVMap" input_semantic="TEXCOORD" input_set="0"/>
              </instance_material>
              <instance_material symbol="fcc88c84-e821-40a7-8520-37694fcf0c78-material" target="#fcc88c84-e821-40a7-8520-37694fcf0c78-material">
                <bind_vertex_input semantic="UVMap" input_semantic="TEXCOORD" input_set="0"/>
              </instance_material>
            </technique_common>
          </bind_material>
        </instance_geometry>
      </node>
    </visual_scene>
  </library_visual_scenes>
  <scene>
    <instance_visual_scene url="#Scene"/>
  </scene>
</COLLADA>