<?xml version="1.0" encoding="utf-8"?>
<COLLADA xmlns="http://www.collada.org/2005/11/COLLADASchema" version="1.4.1" xmlns:xsi="http://www.w3.org/2001/XMLSchema-instance">
  <asset>
    <contributor>
      <author>Blender User</author>
      <authoring_tool>Blender 3.3.9 commit date:2023-07-17, commit time:12:27, hash:a23b30d4f773</authoring_tool>
    </contributor>
    <created>2025-12-27T22:57:27</created>
    <modified>2025-12-27T22:57:27</modified>
    <unit name="meter" meter="1"/>
    <up_axis>Z_UP</up_axis>
  </asset>
  <library_effects>
    <effect id="f166c327-7a4b-4309-b46e-1586976a1326-effect">
      <profile_COMMON>
        <newparam sid="f166c327-7a4b-4309-b46e-1586976a1326-surface">
          <surface type="2D">
            <init_from>f166c327-7a4b-4309-b46e-1586976a1326</init_from>
          </surface>
        </newparam>
        <newparam sid="f166c327-7a4b-4309-b46e-1586976a1326-sampler">
          <sampler2D>
            <source>f166c327-7a4b-4309-b46e-1586976a1326-surface</source>
          </sampler2D>
        </newparam>
        <technique sid="common">
          <lambert>
            <emission>
              <color sid="emission">0 0 0 1</color>
            </emission>
            <diffuse>
              <texture texture="f166c327-7a4b-4309-b46e-1586976a1326-sampler" texcoord="UVMap"/>
            </diffuse>
            <index_of_refraction>
              <float sid="ior">1.45</float>
            </index_of_refraction>
          </lambert>
        </technique>
      </profile_COMMON>
    </effect>
    <effect id="_081b245-ace2-4331-b33c-25c1643b1f52-effect">
      <profile_COMMON>
        <newparam sid="_081b245-ace2-4331-b33c-25c1643b1f52-surface">
          <surface type="2D">
            <init_from>_081b245-ace2-4331-b33c-25c1643b1f52</init_from>
          </surface>
        </newparam>
        <newparam sid="_081b245-ace2-4331-b33c-25c1643b1f52-sampler">
          <sampler2D>
            <source>_081b245-ace2-4331-b33c-25c1643b1f52-surface</source>
          </sampler2D>
        </newparam>
        <technique sid="common">
          <lambert>
            <emission>
              <color sid="emission">0 0 0 1</color>
            </emission>
            <diffuse>
              <texture texture="_081b245-ace2-4331-b33c-25c1643b1f52-sampler" texcoord="UVMap"/>
            </diffuse>
            <index_of_refraction>
              <float sid="ior">1.45</float>
            </index_of_refraction>
          </lambert>
        </technique>
      </profile_COMMON>
    </effect>
    <effect id="_4e3ad1d-7bf9-425c-80dd-bdb18fb3692a-effect">
      <profile_COMMON>
        <newparam sid="_4e3ad1d-7bf9-425c-80dd-bdb18fb3692a-surface">
          <surface type="2D">
            <init_from>_4e3ad1d-7bf9-425c-80dd-bdb18fb3692a</init_from>
          </surface>
        </newparam>
        <newparam sid="_4e3ad1d-7bf9-425c-80dd-bdb18fb3692a-sampler">
          <sampler2D>
            <source>_4e3ad1d-7bf9-425c-80dd-bdb18fb3692a-surface</source>
          </sampler2D>
        </newparam>
        <technique sid="common">
          <lambert>
            <emission>
              <color sid="emission">0 0 0 1</color>
            </emission>
            <diffuse>
              <texture texture="_4e3ad1d-7bf9-425c-80dd-bdb18fb3692a-sampler" texcoord="UVMap"/>
            </diffuse>
            <index_of_refraction>
              <float sid="ior">1.45</float>
            </index_of_refraction>
          </lambert>
        </technique>
      </profile_COMMON>
    </effect>
  </library_effects>
  <library_images>
    <image id="_081b245-ace2-4331-b33c-25c1643b1f52" name="_081b245-ace2-4331-b33c-25c1643b1f52">
      <init_from>0081b245-ace2-4331-b33c-25c1643b1f52_combined.jpg</init_from>
    </image>
    <image id="_4e3ad1d-7bf9-425c-80dd-bdb18fb3692a" name="_4e3ad1d-7bf9-425c-80dd-bdb18fb3692a">
      <init_from>54e3ad1d-7bf9-425c-80dd-bdb18fb3692a_combined.jpg</init_from>
    </image>
    <image id="f166c327-7a4b-4309-b46e-1586976a1326" name="f166c327-7a4b-4309-b46e-1586976a1326">
      <init_from>f166c327-7a4b-4309-b46e-1586976a1326_combined.jpg</init_from>
    </image>
  </library_images>
  <library_materials>
    <material id="f166c327-7a4b-4309-b46e-1586976a1326-material" name="f166c327-7a4b-4309-b46e-1586976a1326">
      <instance_effect url="#f166c327-7a4b-4309-b46e-1586976a1326-effect"/>
    </material>
    <material id="_081b245-ace2-4331-b33c-25c1643b1f52-material" name="0081b245-ace2-4331-b33c-25c1643b1f52">
      <instance_effect url="#_081b245-ace2-4331-b33c-25c1643b1f52-effect"/>
    </material>
    <material id="_4e3ad1d-7bf9-425c-80dd-bdb18fb3692a-material" name="54e3ad1d-7bf9-425c-80dd-bdb18fb3692a">
      <instance_effect url="#_4e3ad1d-7bf9-425c-80dd-bdb18fb3692a-effect"/>
    </material>
  </library_materials>
  <library_geometries>
    <geometry id="Oblasna-Philharmonic_op_h_op_l_l_002-mesh" name="Oblasna-Philharmonic_op_h+op_l_l.002">
      <mesh>
        <source id="Oblasna-Philharmonic_op_h_op_l_l_002-mesh-positions">
          <float_array id="Oblasna-Philharmonic_op_h_op_l_l_002-mesh-positions-array" count="22959">4.476282 24.4163 -8.675604 3.924982 2.66624e-6 -8.258103 4.476282 2.66624e-6 -8.675604 3.924982 24.4163 -8.258103 5.069483 24.4163 -9.262103 5.069483 2.66624e-6 -9.262103 5.885683 2.66624e-6 -10.5548 5.885683 24.4163 -10.5548 6.094282 2.66624e-6 -11.2485 6.094282 24.4163 -11.2485 6.094282 2.66624e-6 -12.6196 6.094282 24.4163 -12.6196 5.885683 2.66624e-6 -13.2933 5.885683 24.4163 -13.2933 5.885683 24.4163 -13.2933 5.069483 24.4163 -14.5479 16.89448 6.808323 -8.259104 24.29658 2.66624e-6 -8.259104 16.89448 2.66624e-6 -8.259104 24.29658 6.808323 -8.259104 11.71318 24 -8.258103 11.71318 24 -8.258103 11.71318 28.4805 -8.258103 16.89448 6.808323 -8.258103 16.89448 6.808323 -8.258103 16.89448 14.9402 -5.783403 16.89448 14.9402 -5.783403 16.89448 6.808323 -5.783403 16.89448 6.808323 -5.783403 16.89448 24 -8.258103 16.89448 24 -8.258103 16.89448 14.9402 5.488087 16.89448 24 7.962866 16.89448 24 7.962866 16.89448 6.808323 5.488087 16.89448 6.808323 7.962866 16.89448 6.808323 7.962866 16.89448 2.66624e-6 -8.258103 11.71318 2.66624e-6 -8.258103 24.56948 7.251203 9.938048 24.56948 6.466873 9.938048 -0.9232178 6.466873 9.938048 -0.9232178 6.466873 9.938048 -0.9232178 7.251203 9.938048 -0.9232178 7.251203 9.938048 24.29658 7.251203 9.665177 -1.171118 7.251203 9.665177 -1.210417 7.251203 10.074 -1.326918 7.251203 10.58448 -2.049118 7.251203 11.96097 -2.628418 7.251203 12.88739 -2.796417 7.251203 12.67068 -3.110117 7.251203 13.18921 -4.117317 7.251203 13.56554 -4.666517 7.251203 13.65069 -4.815617 7.251203 13.65329 -4.815617 7.251203 13.65329 -5.088518 6.808323 15.65052 -5.088518 6.808323 13.38513 -4.689917 6.808323 13.38513 -4.186718 6.808323 13.30017 -3.231617 6.808323 12.94329 -2.796417 6.808323 12.67068 -2.796417 6.808323 12.67068 -2.049118 6.808323 11.96097 -2.049118 6.808323 11.96097 -1.749918 6.808323 11.5363 -1.326918 6.808323 10.58448 -1.326918 6.808323 10.58448 -1.210417 6.808323 10.074 -1.210417 6.808323 10.074 -1.171118 6.808323 9.665177 -1.171118 6.808323 9.665177 24.29658 6.808323 9.665177 24.29658 6.808323 9.665177 24.29658 7.251203 -8.258103 24.29658 6.808323 -8.258103 24.29658 6.808323 -8.258103 16.89448 6.808323 -8.258103 16.89448 7.251203 -8.531004 24.56948 7.251203 -8.531004 24.56948 6.466873 -8.531004 -2.628418 6.466873 12.88739 -3.110117 6.466873 13.18921 -4.117317 6.466873 13.56554 -4.666517 6.466873 13.65069 -4.815617 6.466873 13.65329 -4.815617 6.466873 13.65329 -4.815617 6.466873 15.92339 -7.106617 6.466873 15.65052 -7.106617 7.251203 15.65052 -4.815617 7.251203 15.92339 -0.9404183 6.466873 10.11757 -0.9404183 7.251203 10.11757 -7.106617 6.808323 15.65052 -7.106617 6.808323 15.65052 -7.106617 6.808323 7.962866 16.89448 6.808323 7.962866 16.89448 6.466873 -8.531004 -14.16802 24.4163 11.80358 -14.16802 24.4163 11.80358 -14.16802 24 16.6368 -14.16802 24.4163 16.6368 -14.16802 24 11.80358 -14.16802 24 11.80358 -16.61965 24 11.80358 -16.61965 24 11.80358 -16.61965 24 11.80358 -16.61965 24.4163 11.80358 -16.61965 24.4163 11.80358 -15.53866 24.4163 10.72259 -15.53866 24.4163 10.72259 -15.53866 24.4163 9.447037 -15.53866 24.4163 9.447037 -16.61965 24.4163 10.46832 -16.61965 24.4163 10.46832 -16.8248 24.4163 9.373917 -16.95813 24.4163 10.44908 -17.05402 24.4163 9.329848 -17.27557 24.4163 9.255667 -17.3289 24.4163 10.37778 -17.4856 24.4163 9.152627 -17.68046 24.4163 9.022458 -17.68704 24.4163 10.25787 -17.8567 24.4163 8.867367 -17.8567 24.4163 8.867367 -18.01119 24.4163 8.690008 -18.02628 24.4163 10.09145 -18.34067 24.4163 9.881417 -21.46217 24.4163 -9.132504 -21.73584 24.4163 -9.547303 -21.97809 24.4163 -8.127503 -21.97809 24.4163 -8.127503 -22.2706 24.4163 -8.410504 -22.2706 24.4163 -12.133 -22.2706 24.4163 -12.133 -22.51888 24.4163 -11.8105 -22.51888 24.4163 -8.733004 -22.51888 24.4163 -8.733004 -22.71768 24.4163 -11.4553 -22.71768 24.4163 -11.4553 -22.71768 24.4163 -9.088204 -22.71768 24.4163 -9.088204 -22.86277 24.4163 -9.468502 -22.86277 24.4163 -9.468502 -22.86277 24.4163 -11.075 -22.86277 24.4163 -11.075 -22.95107 24.4163 -10.6777 -22.95107 24.4163 -9.865803 -22.95107 24.4163 -9.865803 -22.98071 24.4163 -10.2718 -22.86277 24 -11.075 -22.71768 24 -11.4553 -22.2706 24 -12.133 -21.97809 24 -12.4161 -21.97809 24.4163 -12.4161 -21.97809 24.4163 -12.4161 -21.97809 24.4163 -12.4161 -21.97809 24.4163 -13.6536 -21.89685 24.4163 -10.2718 -21.8787 24.4163 -10.0233 -21.82465 24.4163 -9.780102 -21.82465 24 -9.780102 -21.73584 24 -9.547303 -21.46217 24 -9.132504 -20.8971 24 -8.585703 -20.8971 24 -8.585703 -20.8971 24.4163 -8.585703 -18.01119 24 8.690008 -17.8567 24 8.867367 -17.8567 24 8.867367 -17.68046 24 9.022458 -17.4856 24 9.152627 -17.27557 24 9.255667 -17.05402 24 9.329848 -16.8248 24 9.373917 -15.53866 24 9.447037 -15.53866 24 9.447037 -15.53866 24 10.72259 -15.53866 24 10.72259 -13.08702 24 10.72259 -13.08702 24.4163 10.72259 -9.291418 24 11.80358 -9.291418 24.4163 11.80358 -7.106617 24.4163 11.80358 -7.106617 24 11.80358 -7.106617 24 10.357 -7.106617 24.4163 10.357 -6.766918 24.4163 10.35109 -6.766918 24 10.35109 -6.394318 24.4163 10.29334 -6.394318 24 10.29334 -6.032217 24.4163 10.18541 -6.032217 24 10.18541 -5.071217 24.4163 9.583578 -5.071217 24 9.583578 -4.811417 24.4163 9.302037 -4.811417 24 9.302037 -4.410618 24.4163 8.646047 -4.410618 24 8.646047 -4.276617 24.4163 8.283118 -4.276617 24 8.283118 -4.190418 24.4163 7.905245 -4.190418 24 7.905245 -4.164118 24.4163 7.631355 -4.164118 24 7.631355 -0.2159175 24 7.631355 -0.2159175 24.4163 7.631355 -0.2159175 24.4163 6.550367 -5.146317 24.4163 6.550367 -5.400417 24.4163 8.205858 -5.514217 24.4163 8.422758 -5.817017 24.4163 8.797758 -5.999817 24.4163 8.949587 -6.199118 24.4163 9.074387 -6.411217 24.4163 9.170397 -6.632618 24.4163 9.236377 -6.859518 24.4163 9.271548 -8.187619 24.4163 9.294637 -8.187619 24.4163 9.294637 -8.187619 24.4163 10.72259 -8.187619 24.4163 10.72259 -10.37242 24.4163 10.72259 -10.37242 24.4163 10.72259 -10.37242 24.4163 18.7632 -12.64742 24 -15.6467 -10.37242 24 10.72259 -10.37242 24 10.72259 -10.37242 24 18.7632 -8.187619 24 10.72259 -8.187619 24 10.72259 -8.187619 24 9.294637 -8.187619 24 9.294637 -6.859518 24 9.271548 -6.632618 24 9.236377 -6.411217 24 9.170397 -6.199118 24 9.074387 -5.999817 24 8.949587 -5.817017 24 8.797758 -5.514217 24 8.422758 -5.400417 24 8.205858 -5.146317 24 6.550367 -0.2159175 24 6.550367 2.843983 24 -15.6467 -12.64742 24.4163 -15.6467 2.843983 24.4163 -15.6467 2.843983 24 -14.9406 2.843983 24 -14.9406 2.843983 24.4163 -14.9406 2.843983 24.4163 -14.9406 3.789282 24.4163 -14.2689 3.789282 24 -14.2689 3.561882 24 -9.339102 3.561882 24 -9.339102 3.561882 24 -8.258103 3.561882 24 -8.258103 3.561882 24.4163 -9.339102 3.561882 24.4163 -9.339102 3.561882 24.4163 -8.258103 3.561882 24.4163 -8.258103 3.924982 24.4163 -8.258103 3.924982 24 -8.258103 6.094282 24 -11.2485 6.094282 24.4163 -11.2485 6.094282 24 -12.6196 6.094282 24.4163 -12.6196 5.885683 24 -13.2933 5.069483 24 -14.5479 -11.56652 24 -16.7277 -18.68117 24.4163 -19.8442 -18.68117 24 -19.8442 -18.68117 24 -13.6536 -18.68117 24.4163 -13.6536 -20.8971 24.4163 -12.5727 -21.73584 24.4163 -10.9963 -21.82465 24.4163 -10.7635 -21.8787 24.4163 -10.5203 -21.8787 24 -10.5203 -21.89685 24 -10.2718 -21.8787 24 -10.0233 -21.82465 24 -10.7635 -21.73584 24 -10.9963 -21.61415 24 -11.2137 -21.46217 24 -11.4111 -20.8971 24 -11.9579 -20.8971 24 -11.9579 -20.8971 24 -12.5727 -20.8971 24 -12.5727 -17.60018 24 -18.7632 -12.64742 24 -18.7632 -12.64742 24 -18.7632 -12.64742 24.4163 -18.7632 -12.64742 24.4163 -18.7632 4.233982 24.4163 -13.8499 4.233982 24.4163 -13.8499 4.897482 24.4163 -12.8299 4.897482 24 -12.8299 4.233982 24 -13.8499 4.233982 24 -13.8499 4.221483 24 -9.943802 3.766983 24 -9.494402 3.766983 24.4163 -9.494402 4.221483 24.4163 -9.943802 4.892883 24.4163 -11.0072 5.013283 24.4163 -11.4075 5.013283 24.4163 -12.4561 5.013283 24 -12.4561 5.013283 24 -11.4075 4.892883 24 -11.0072 -17.60018 24.4163 -18.7632 -20.8971 24.4163 -11.9579 -21.46217 24.4163 -11.4111 -21.61415 24.4163 -11.2137 -22.95107 24 -9.865803 -22.86277 24 -9.468502 -22.71768 24 -9.088204 -22.51888 24 -8.733004 -18.34067 24 9.881417 -18.02628 24 10.09145 -17.68704 24 10.25787 -17.3289 24 10.37778 -16.95813 24 10.44908 -16.61965 24 10.46832 -16.61965 24 10.46832 -3.574017 21.1338 9.043677 -3.537218 20.9096 9.060937 -3.396517 21.1338 8.562667 -3.282217 21.1338 8.061877 -3.337818 21.3561 8.052478 -3.409117 21.5761 8.040438 -3.371218 21.5761 7.645299 -3.495918 21.793 8.025791 -3.458618 21.793 7.636623 -3.597918 22.0063 8.008572 -3.561218 22.0063 7.626425 -3.714817 22.2155 7.98883 -3.714817 22.2155 7.98883 -3.678917 22.2155 7.614733 -3.846418 22.4199 7.966618 -3.846418 22.4199 7.966618 -3.811317 22.4199 7.601577 -3.992218 22.619 7.941996 -3.992218 22.619 7.941996 -3.958117 22.619 7.586994 -4.151916 22.8123 7.91503 -4.118917 22.8123 7.571022 -4.190418 22.9993 7.905245 -4.157017 22.9993 7.556963 -4.276617 22.9993 8.283118 -4.239517 22.8123 8.298657 -4.410618 22.9993 8.646047 -4.375418 22.8123 8.667127 -4.589918 22.9993 8.987688 -4.557417 22.8123 9.013967 -4.811417 22.9993 9.302037 -4.782217 22.8123 9.333107 -4.782217 22.8123 9.333107 -5.071217 22.9993 9.583578 -5.071217 22.9993 9.583578 -5.045917 22.8123 9.618947 -5.045917 22.8123 9.618947 -5.343918 22.8123 9.866467 -5.343918 22.8123 9.866467 -5.364817 22.9993 9.827387 -5.364817 22.9993 9.827387 -5.670917 22.8123 10.07134 -5.687017 22.9993 10.02917 -6.021217 22.8123 10.22996 -6.388718 22.8123 10.33955 -6.394318 22.9993 10.29334 -6.766817 22.8123 10.39818 -6.766918 22.9993 10.35109 -6.731117 22.2155 10.85313 -6.721518 22.0063 10.97483 -7.092617 21.793 11.08758 -6.713217 21.793 11.08098 -6.713217 21.793 11.08098 -7.091417 21.5761 11.17799 -6.706118 21.5761 11.17128 -6.706118 21.5761 11.17128 -6.700317 21.3561 11.2455 -6.695717 21.1338 11.30344 -6.692518 20.9096 11.34493 -6.690517 20.6843 11.36987 -7.088518 20.4583 11.38513 -6.689917 20.4583 11.37819 -7.088518 6.808323 11.38513 -6.689917 6.808323 11.37819 -6.186718 20.4583 11.30017 -6.186718 6.808323 11.30017 -5.231617 6.808323 10.94329 -5.231617 20.4583 10.94329 -4.796417 20.4583 10.67068 -4.796417 6.808323 10.67068 -4.400017 20.4583 10.34132 -4.400017 6.808323 10.34132 -3.507818 20.4583 9.074777 -3.326918 20.4583 8.584477 -3.334618 20.6843 8.582047 -3.515118 20.6843 9.071317 -3.515118 20.6843 9.071317 -3.777317 20.9096 9.518577 -3.756817 20.6843 9.531867 -4.421917 20.9096 10.3168 -4.405418 20.6843 10.33518 -4.801117 20.6843 10.66385 -4.815018 20.9096 10.64339 -4.815018 20.9096 10.64339 -4.449217 21.1338 10.28621 -4.838217 21.1338 10.60934 -4.487417 21.3561 10.24351 -4.870617 21.3561 10.56179 -4.536318 21.5761 10.1888 -4.912018 21.5761 10.50089 -4.595917 21.793 10.12224 -4.595917 21.793 10.12224 -4.962517 21.793 10.42679 -4.665817 22.0063 10.044 -4.665817 22.0063 10.044 -5.021818 22.0063 10.33968 -4.746017 22.2155 9.954298 -4.746017 22.2155 9.954298 -5.089718 22.2155 10.23981 -4.836317 22.4199 9.853367 -4.836317 22.4199 9.853367 -5.166218 22.4199 10.12745 -4.936417 22.619 9.741487 -4.936417 22.619 9.741487 -4.936417 22.619 9.741487 -5.251017 22.619 10.00289 -5.251017 22.619 10.00289 -5.596418 22.619 10.21925 -5.966318 22.619 10.38676 -6.323118 22.4199 10.65128 -6.294918 22.2155 10.7855 -6.269817 22.0063 10.90479 -6.247917 21.793 11.00884 -6.229317 21.5761 11.09736 -6.214018 21.3561 11.17011 -6.202118 21.1338 11.22689 -6.202118 21.1338 11.22689 -6.193518 20.9096 11.26757 -6.188417 20.6843 11.29201 -5.700417 20.6843 11.1465 -5.235317 20.6843 10.93588 -5.246517 20.9096 10.91369 -5.291018 21.3561 10.82523 -5.324318 21.5761 10.75919 -5.528316 22.4199 10.3543 -5.916218 22.4199 10.52993 -5.916218 22.4199 10.52993 -5.871017 22.2155 10.65909 -5.830818 22.0063 10.77389 -5.795818 21.793 10.87401 -5.766018 21.5761 10.95918 -5.741518 21.3561 11.02919 -5.722418 21.1338 11.08384 -5.708717 20.9096 11.12298 -4.657917 22.619 9.439618 -4.657917 22.619 9.439618 -4.657917 22.619 9.439618 -4.544317 22.4199 9.536857 -4.441917 22.2155 9.624577 -4.350817 22.0063 9.702548 -4.271418 21.793 9.770558 -4.271418 21.793 9.770558 -4.203917 21.5761 9.828408 -4.148317 21.3561 9.875957 -4.105017 21.1338 9.913067 -3.811518 21.1338 9.496458 -3.859318 21.3561 9.465578 -3.625217 21.3561 9.019577 -3.450417 21.3561 8.545777 -3.519518 21.5761 8.524127 -3.603617 21.793 8.497797 -3.702517 22.0063 8.466837 -3.815817 22.2155 8.431347 -3.815817 22.2155 8.431347 -3.943317 22.4199 8.391407 -3.943317 22.4199 8.391407 -4.084717 22.619 8.347137 -4.084717 22.619 8.347137 -4.228317 22.619 8.736277 -4.420418 22.619 9.102578 -4.295418 22.4199 9.183477 -4.182617 22.2155 9.256457 -3.994818 21.793 9.377887 -3.920418 21.5761 9.426028 -3.864918 22.0063 8.906988 -3.972618 22.2155 8.856368 -3.972618 22.2155 8.856368 -4.093918 22.4199 8.799407 -4.093918 22.4199 8.799407 -4.811417 24 9.302037 -4.811417 22.9993 9.302037 -4.190418 24 7.905245 -4.157017 24 7.556963 -5.071217 24 9.583578 -5.364817 24 9.827387 -5.687017 24 10.02917 -6.032217 22.9993 10.18541 -6.032217 24 10.18541 -6.394318 24 10.29334 -6.766918 24 10.35109 -19.12682 8.045833 10.92976 -19.12682 8.045833 10.92976 -19.42072 8.045833 10.46089 -19.42072 8.045833 10.46089 -19.52858 8.045833 10.57621 -19.52858 8.045833 10.57621 -19.01896 8.045833 10.81444 -19.01896 8.045833 10.81444 -19.01896 6.776313 10.81444 -19.12682 6.681763 10.92976 -17.7345 6.148013 9.441067 -18.13626 6.148013 9.087528 -19.52858 6.681763 10.57621 -19.42072 6.776313 10.46089 -18.13626 6.242563 9.087528 -17.7345 6.242563 9.441067 -19.88932 8.045833 10.15703 -20.18066 8.045833 9.713188 -19.88932 6.681763 10.15703 -20.18066 6.681763 9.713188 -20.43673 8.045833 9.187617 -20.44957 8.045833 8.639027 -20.60242 8.045833 8.686587 -20.28388 8.045833 9.140057 -20.28388 6.776313 9.140057 -20.43673 6.681763 9.187617 -18.46359 6.242563 8.573647 -18.46359 6.148013 8.573647 -18.62928 6.148013 8.072621 -20.60242 6.681763 8.686587 -20.44957 6.776313 8.639027 -18.62928 6.242563 8.072621 -17.06123 8.045833 11.79251 -17.03029 8.045833 11.63973 -17.06123 6.681763 11.79251 -17.06123 6.681763 11.79251 -17.03029 6.776313 11.63973 -16.66178 6.148013 9.820198 -16.66178 6.148013 9.820198 -16.66178 6.148013 9.820198 -17.19405 6.148013 9.718768 -17.19405 6.148013 9.718768 -17.59351 6.681763 11.69108 -17.19405 6.242563 9.718768 -16.66178 6.242563 9.820198 -16.66178 6.242563 9.820198 -18.14392 8.045833 11.50784 -18.14392 8.045833 11.50784 -18.55292 8.045833 11.12874 -18.62633 8.045833 11.26721 -18.62633 8.045833 11.26721 -18.07052 8.045833 11.36937 -18.14392 6.681763 11.50784 -18.14392 6.681763 11.50784 -18.14392 6.681763 11.50784 -18.07052 6.776313 11.36937 -17.19627 6.148013 9.720337 -17.19627 6.148013 9.720337 -17.19627 6.148013 9.720337 -17.19627 6.242563 9.720337 -17.19627 6.242563 9.720337 -17.67867 6.242563 9.479697 -17.67867 6.242563 9.479697 -17.67867 6.148013 9.479697 -17.67867 6.148013 9.479697 -17.67867 6.148013 9.479697 -18.62633 6.681763 11.26721 -18.62633 6.681763 11.26721 -18.62633 6.681763 11.26721 -18.55292 6.776313 11.12874 -17.05304 21.9656 11.22223 -17.55206 21.748 11.23726 -17.06634 21.748 11.33065 -17.52462 21.9656 11.13155 -17.03777 22.179 11.09791 -17.02061 22.3876 10.95804 -17.45774 22.3876 10.87399 -17.00157 22.5908 10.803 -17.00157 22.5908 10.803 -17.41849 22.5908 10.72283 -17.41849 22.5908 10.72283 -16.98073 22.7881 10.63319 -17.3755 22.7881 10.55728 -16.95813 22.9789 10.44908 -17.3289 22.9789 10.37778 -16.95813 24 10.44908 -17.68704 22.9789 10.25787 -18.02628 22.9789 10.09145 -18.34067 22.9789 9.881417 -18.34067 22.9789 9.881417 -18.34067 24 9.881417 -18.62468 22.9789 9.631487 -18.62468 24 9.631487 -18.87335 22.9789 9.346017 -19.08231 22.9789 9.030028 -19.08231 22.9789 9.030028 -19.24789 24 8.689057 -19.24789 22.9789 8.689057 -19.36719 24 8.329088 -19.36719 22.9789 8.329088 -19.43812 22.9789 7.956423 -19.45735 22.9789 7.61478 -19.64121 22.7881 7.625232 -19.6213 22.7881 7.979139 -19.8108 22.5908 7.634872 -19.79024 22.5908 8.00009 -19.96564 22.3876 7.643674 -19.9445 22.3876 8.019221 -20.33775 21.748 7.664827 -20.31522 21.748 8.065194 -20.42987 21.5266 7.670064 -20.407 21.5266 8.076575 -20.50558 21.3022 7.674368 -20.48242 21.3022 8.085928 -20.56468 21.0753 7.677727 -20.5413 21.0753 8.09323 -20.60701 20.8466 7.680134 -20.58347 20.8466 8.09846 -20.58347 20.8466 8.09846 -20.63245 20.6166 7.68158 -20.60882 20.6166 8.101602 -20.60882 20.6166 8.101602 -20.64094 20.386 7.682063 -20.61727 20.386 8.102651 -20.51678 20.386 8.630638 -20.34775 20.386 9.140647 -19.8171 13.0201 10.07143 -19.8171 20.386 10.07143 -19.46479 13.0201 10.47588 -19.46479 20.386 10.47588 -19.0624 13.0201 10.82999 -19.0624 20.386 10.82999 -18.61697 20.386 11.12755 -18.61697 13.0201 11.12755 -18.13634 20.386 11.36335 -18.13634 13.0201 11.36335 -17.62892 20.386 11.53324 -17.62892 13.0201 11.53324 -17.10361 20.386 11.63425 -17.10361 20.386 11.63425 -17.10361 13.0201 11.63425 -16.68516 13.0201 11.65803 -16.68516 20.386 11.65803 -17.10257 20.6166 11.62575 -16.68324 20.8466 11.62393 -17.09944 20.8466 11.60027 -16.68085 21.0753 11.58139 -17.09424 21.0753 11.55789 -16.6775 21.3022 11.52198 -17.08697 21.3022 11.49871 -16.66801 21.748 11.3533 -16.66189 21.9656 11.24446 -16.65487 22.179 11.11968 -16.63821 22.5908 10.82365 -16.62862 22.7881 10.65321 -16.61822 22.9789 10.4684 -16.61822 24 10.4684 -17.57542 21.5266 11.32719 -18.05622 21.5266 11.16621 -18.02125 21.748 11.08017 -17.98014 21.9656 10.97903 -17.93301 22.179 10.86308 -17.87999 22.3876 10.73261 -17.82121 22.5908 10.58799 -17.75684 22.7881 10.4296 -18.11804 22.7881 10.2524 -18.11804 22.7881 10.2524 -18.45278 22.7881 10.02878 -18.45278 22.7881 10.02878 -19.01996 22.7881 9.458707 -19.01996 22.7881 9.458707 -19.24244 22.7881 9.122258 -19.24244 22.7881 9.122258 -19.24244 22.7881 9.122258 -19.41875 22.7881 8.759207 -19.54577 22.7881 8.375927 -20.11713 21.9656 8.525807 -20.2223 21.748 8.553387 -20.31177 21.5266 8.576857 -20.38531 21.3022 8.596147 -20.48382 20.8466 8.621997 -20.50853 20.6166 8.628478 -20.33986 20.6166 9.137408 -20.10576 20.6166 9.619477 -19.81033 20.6166 10.06623 -18.13312 20.6166 11.35542 -17.62677 20.6166 11.52495 -17.62032 20.8466 11.50011 -17.60959 21.0753 11.45879 -17.59461 21.3022 11.4011 -18.08496 21.3022 11.23692 -18.41162 21.9656 10.76735 -18.34966 22.179 10.65868 -18.27995 22.3876 10.5364 -18.20268 22.5908 10.40085 -18.55619 22.5908 10.16469 -19.15518 22.5908 9.562647 -19.39014 22.5908 9.207327 -19.96539 21.9656 8.983657 -20.06601 21.748 9.024968 -20.15161 21.5266 9.060117 -20.22197 21.3022 9.089007 -20.31622 20.8466 9.127697 -20.0836 20.8466 9.606718 -19.79005 20.8466 10.05064 -19.44071 20.8466 10.45167 -18.12346 20.8466 11.33166 -18.10739 21.0753 11.29212 -18.81149 21.9656 10.50023 -18.73579 22.179 10.40073 -18.65061 22.3876 10.28878 -18.98546 22.3876 9.994107 -18.98546 22.3876 9.994107 -19.27864 22.3876 9.657547 -19.64666 22.179 9.355057 -19.75478 21.9656 9.417338 -19.84909 21.748 9.471648 -19.92932 21.5266 9.517857 -19.99526 21.3022 9.555837 -20.04674 21.0753 9.585488 -19.7563 21.0753 10.02469 -19.41066 21.0753 10.42148 -19.24959 21.748 10.25958 -19.17273 21.9656 10.18233 -19.08461 22.179 10.09376 -19.08461 22.179 10.09376 -19.39002 22.179 9.743157 -19.39002 22.179 9.743157 -19.48901 21.9656 9.819247 -19.57535 21.748 9.885607 -18.07083 8.045833 11.36715 -18.55147 6.776313 11.13136 -18.55147 6.776313 11.13136 -18.07083 6.776313 11.36715 -18.55147 8.045833 11.13136 -18.55147 8.045833 11.13136 -16.61965 8.045833 7.631355 -16.61965 8.045833 7.631355 -18.99689 8.045833 10.8338 -18.99689 8.045833 10.8338 -19.39928 8.045833 10.47969 -19.39928 8.045833 10.47969 -19.75159 8.045833 10.07524 -20.04765 8.045833 9.627537 -20.04765 8.045833 9.627537 -20.28224 8.045833 9.144457 -20.28224 8.045833 9.144457 -20.45127 8.045833 8.634448 -20.45127 8.045833 8.634448 -20.55177 8.045833 8.106456 -20.55177 8.045833 8.106456 -20.5785 8.045833 7.631355 -20.5785 8.045833 7.631355 -20.55177 6.776313 8.106456 -20.55177 6.776313 8.106456 -20.57922 6.776313 7.618585 -20.57922 6.776313 7.618585 -20.57922 8.045833 7.618585 -19.59345 6.242563 7.618585 -19.59345 6.242563 7.618585 -20.45127 6.776313 8.634448 -20.45127 6.776313 8.634448 -20.04765 6.776313 9.627537 -20.04765 6.776313 9.627537 -20.28224 6.776313 9.144457 -19.75159 6.776313 10.07524 -19.39928 6.776313 10.47969 -19.39928 6.776313 10.47969 -18.99689 6.776313 10.8338 -18.99689 6.776313 10.8338 -16.61965 6.242563 10.60863 -16.61965 6.242563 10.60863 -16.61965 6.242563 10.60863 -16.61965 6.242563 10.60863 -16.61965 6.242563 7.631355 -16.61965 8.045833 11.66184 -16.61965 8.045833 11.66184 -16.61965 8.045833 11.66184 -16.61965 6.776313 11.66184 -16.61965 6.776313 11.66184 -16.61965 6.776313 11.66184 -17.0381 8.045833 11.63805 -17.0381 8.045833 11.63805 -17.0381 6.776313 11.63805 -17.0381 6.776313 11.63805 -17.56341 6.776313 11.53704 -17.56341 6.776313 11.53704 -17.56341 6.776313 11.53704 -17.56341 8.045833 11.53704 -17.56204 6.775533 11.53569 -17.56204 6.775533 11.53569 -17.03801 6.776183 11.63781 -21.55829 13.1402 -2.618263 -21.55829 12.0249 -2.652823 -21.60629 12.0249 -2.652823 -21.60629 12.0249 -2.652823 -21.60629 12.0249 -2.618263 -21.60629 13.1402 -2.618263 -21.60629 13.1402 -2.618263 -21.60629 13.1402 -2.652823 -21.60629 13.1402 -2.652823 -21.60629 13.1402 -2.652823 -21.55829 13.1402 -2.652823 -21.55829 13.1402 -2.652823 -20.64473 13.1402 -2.618263 -20.64473 13.1402 -2.618263 -20.64473 12.0249 -2.618263 -20.64473 12.0249 -2.652823 -20.69273 13.1402 -2.618263 -20.69273 13.1402 -2.652823 -20.64473 13.1402 -2.652823 -20.64473 13.1402 -2.652823 -20.64473 13.1402 -6.274903 -20.64473 13.1402 -6.274903 -20.64473 13.1402 -6.274903 -20.64473 12.0249 -6.274903 -20.64473 12.0249 -6.274903 -20.64473 12.0249 -6.274903 -20.64473 12.0249 -6.309503 -20.64473 12.0249 -6.309503 -20.69273 12.0249 -6.309503 -20.69273 12.0249 -6.309503 -20.69273 12.0249 -6.274903 -20.69273 12.0249 -6.274903 -20.69273 12.0249 -6.274903 -20.69273 13.1402 -6.274903 -20.69273 13.1402 -6.274903 -20.69273 13.1402 -6.274903 -20.69273 13.1402 -6.309503 -20.69273 13.1402 -6.309503 -20.64473 13.1402 -6.309503 -20.64473 13.1402 -6.309503 -21.55829 13.1402 -2.810703 -21.55829 13.1402 -2.810703 -21.55829 12.0249 -2.810703 -21.60629 12.0249 -2.845303 -21.60629 12.0249 -2.810703 -21.60629 12.0249 -2.810703 -21.60629 13.1402 -2.810703 -21.60629 13.1402 -2.810703 -21.60629 13.1402 -2.810703 -21.60629 13.1402 -2.845303 -21.60629 13.1402 -2.845303 -21.55829 13.1402 -2.845303 -21.55829 13.1402 -3.003203 -21.55829 13.1402 -3.003203 -21.55829 13.1402 -3.003203 -21.55829 12.0249 -3.003203 -21.55829 12.0249 -3.003203 -21.55829 12.0249 -3.003203 -21.55829 12.0249 -3.037703 -21.55829 12.0249 -3.037703 -21.60629 12.0249 -3.037703 -21.60629 12.0249 -3.003203 -21.60629 12.0249 -3.003203 -21.60629 13.1402 -3.003203 -21.60629 13.1402 -3.003203 -21.60629 13.1402 -3.037703 -21.55829 13.1402 -3.037703 -21.55829 13.1402 -3.037703 -21.55829 13.1402 -3.195603 -21.55829 13.1402 -3.195603 -21.55829 12.0249 -3.195603 -21.55829 12.0249 -3.195603 -21.55829 12.0249 -3.195603 -21.55829 12.0249 -3.230203 -21.55829 12.0249 -3.230203 -21.60629 12.0249 -3.230203 -21.60629 12.0249 -3.230203 -21.60629 12.0249 -3.195603 -21.60629 12.0249 -3.195603 -21.60629 12.0249 -3.195603 -21.60629 13.1402 -3.195603 -21.60629 13.1402 -3.195603 -21.60629 13.1402 -3.230203 -21.55829 13.1402 -3.230203 -21.55829 13.1402 -3.388103 -21.55829 12.0249 -3.422603 -21.60629 12.0249 -3.422603 -21.60629 12.0249 -3.422603 -21.60629 12.0249 -3.388103 -21.60629 13.1402 -3.388103 -21.60629 13.1402 -3.388103 -21.60629 13.1402 -3.422603 -21.60629 13.1402 -3.422603 -21.60629 13.1402 -3.422603 -21.55829 13.1402 -3.422603 -21.55829 13.1402 -3.422603 -21.55829 13.1402 -3.580503 -21.55829 13.1402 -3.580503 -21.55829 13.1402 -3.580503 -21.55829 12.0249 -3.580503 -21.55829 12.0249 -3.580503 -21.55829 12.0249 -3.580503 -21.55829 12.0249 -3.615103 -21.55829 12.0249 -3.615103 -21.60629 12.0249 -3.615103 -21.60629 12.0249 -3.615103 -21.60629 12.0249 -3.580503 -21.60629 12.0249 -3.580503 -21.60629 12.0249 -3.580503 -21.60629 13.1402 -3.580503 -21.60629 13.1402 -3.580503 -21.60629 13.1402 -3.580503 -21.60629 13.1402 -3.615103 -21.60629 13.1402 -3.615103 -21.55829 13.1402 -3.615103 -21.55829 13.1402 -3.615103 -21.55829 13.1402 -3.773003 -21.55829 13.1402 -3.773003 -21.55829 12.0249 -3.773003 -21.60629 12.0249 -3.807503 -21.60629 12.0249 -3.773003 -21.60629 12.0249 -3.773003 -21.60629 13.1402 -3.773003 -21.60629 13.1402 -3.773003 -21.60629 13.1402 -3.773003 -21.60629 13.1402 -3.807503 -21.60629 13.1402 -3.807503 -21.55829 13.1402 -3.807503 -21.55829 12.0249 -4.000003 -21.60629 12.0249 -4.000003 -21.60629 12.0249 -4.000003 -21.60629 12.0249 -3.965403 -21.60629 13.1402 -3.965403 -21.60629 13.1402 -4.000003 -21.60629 13.1402 -4.000003 -21.55829 13.1402 -4.000003 -21.55829 13.1402 -4.157903 -21.55829 13.1402 -4.157903 -21.55829 12.0249 -4.157903 -21.55829 12.0249 -4.157903 -21.55829 12.0249 -4.192503 -21.60629 12.0249 -4.192503 -21.60629 12.0249 -4.192503 -21.60629 12.0249 -4.157903 -21.60629 12.0249 -4.157903 -21.60629 12.0249 -4.157903 -21.60629 13.1402 -4.157903 -21.60629 13.1402 -4.157903 -21.60629 13.1402 -4.157903 -21.60629 13.1402 -4.192503 -21.60629 13.1402 -4.192503 -21.55829 13.1402 -4.192503 -21.55829 13.1402 -4.350303 -21.55829 12.0249 -4.384903 -21.60629 12.0249 -4.384903 -21.60629 12.0249 -4.384903 -21.60629 12.0249 -4.350303 -21.60629 13.1402 -4.350303 -21.60629 13.1402 -4.350303 -21.60629 13.1402 -4.384903 -21.60629 13.1402 -4.384903 -21.60629 13.1402 -4.384903 -21.55829 13.1402 -4.384903 -21.55829 13.1402 -4.384903 -21.55829 13.1402 -4.542803 -21.55829 12.0249 -4.542803 -21.55829 12.0249 -4.577404 -21.60629 12.0249 -4.577404 -21.60629 12.0249 -4.577404 -21.60629 12.0249 -4.542803 -21.60629 12.0249 -4.542803 -21.60629 13.1402 -4.542803 -21.60629 13.1402 -4.542803 -21.60629 13.1402 -4.577404 -21.60629 13.1402 -4.577404 -21.55829 13.1402 -4.577404 -21.55829 13.1402 -4.735303 -21.55829 13.1402 -4.735303 -21.55829 12.0249 -4.735303 -21.55829 12.0249 -4.735303 -21.55829 12.0249 -4.769804 -21.55829 12.0249 -4.769804 -21.60629 12.0249 -4.769804 -21.60629 12.0249 -4.769804 -21.60629 12.0249 -4.769804 -21.60629 12.0249 -4.735303 -21.60629 12.0249 -4.735303 -21.60629 12.0249 -4.735303 -21.60629 13.1402 -4.735303 -21.60629 13.1402 -4.735303 -21.60629 13.1402 -4.735303 -21.60629 13.1402 -4.769804 -21.60629 13.1402 -4.769804 -21.60629 13.1402 -4.769804 -21.55829 13.1402 -4.769804 -21.55829 13.1402 -4.769804 -21.55829 13.1402 -4.927703 -21.55829 13.1402 -4.927703 -21.55829 12.0249 -4.927703 -21.55829 12.0249 -4.962303 -21.60629 12.0249 -4.962303 -21.60629 12.0249 -4.927703 -21.60629 13.1402 -4.927703 -21.60629 13.1402 -4.927703 -21.60629 13.1402 -4.962303 -21.60629 13.1402 -4.962303 -21.55829 13.1402 -4.962303 -21.55829 13.1402 -4.962303 -21.55829 13.1402 -5.120203 -21.55829 13.1402 -5.120203 -21.55829 12.0249 -5.120203 -21.55829 12.0249 -5.120203 -21.55829 12.0249 -5.154703 -21.55829 12.0249 -5.154703 -21.60629 12.0249 -5.154703 -21.60629 12.0249 -5.154703 -21.60629 12.0249 -5.120203 -21.60629 12.0249 -5.120203 -21.60629 13.1402 -5.120203 -21.60629 13.1402 -5.120203 -21.60629 13.1402 -5.154703 -21.60629 13.1402 -5.154703 -21.55829 13.1402 -5.154703 -21.55829 13.1402 -5.154703 -21.55829 13.1402 -5.312603 -21.55829 13.1402 -5.312603 -21.55829 12.0249 -5.312603 -21.55829 12.0249 -5.347203 -21.60629 13.1402 -5.312603 -21.60629 13.1402 -5.347203 -21.55829 13.1402 -5.347203 -21.55829 13.1402 -5.347203 -21.55829 13.1402 -5.505104 -21.55829 13.1402 -5.505104 -21.55829 13.1402 -5.505104 -21.55829 12.0249 -5.505104 -21.55829 12.0249 -5.505104 -21.55829 12.0249 -5.539603 -21.55829 12.0249 -5.539603 -21.60629 12.0249 -5.539603 -21.60629 12.0249 -5.539603 -21.60629 12.0249 -5.505104 -21.60629 12.0249 -5.505104 -21.60629 13.1402 -5.505104 -21.60629 13.1402 -5.505104 -21.60629 13.1402 -5.505104 -21.60629 13.1402 -5.539603 -21.60629 13.1402 -5.539603 -21.60629 13.1402 -5.539603 -21.55829 13.1402 -5.539603 -21.55829 13.1402 -5.539603 -21.55829 13.1402 -5.539603 -21.55829 13.1402 -5.697504 -21.55829 13.1402 -5.697504 -21.55829 12.0249 -5.697504 -21.55829 12.0249 -5.732103 -21.60629 13.1402 -5.697504 -21.60629 13.1402 -5.732103 -21.55829 13.1402 -5.732103 -21.55829 13.1402 -5.732103 -21.55829 13.1402 -5.890003 -21.55829 13.1402 -5.890003 -21.55829 13.1402 -5.890003 -21.55829 12.0249 -5.890003 -21.55829 12.0249 -5.890003 -21.55829 12.0249 -5.924503 -21.60629 12.0249 -5.890003 -21.60629 13.1402 -5.890003 -21.60629 13.1402 -5.890003 -21.60629 13.1402 -5.924503 -21.55829 13.1402 -5.924503 -21.55829 13.1402 -5.924503 -21.55829 13.1402 -6.082403 -21.55829 12.0249 -6.117003 -21.60629 12.0249 -6.117003 -21.60629 12.0249 -6.117003 -21.60629 12.0249 -6.082403 -21.60629 13.1402 -6.082403 -21.60629 13.1402 -6.082403 -21.60629 13.1402 -6.117003 -21.60629 13.1402 -6.117003 -21.60629 13.1402 -6.117003 -21.55829 13.1402 -6.117003 -21.55829 13.1402 -6.117003 -21.55829 13.1402 -6.274903 -21.55829 12.0249 -6.274903 -21.55829 12.0249 -6.309503 -21.60629 12.0249 -6.309503 -21.60629 12.0249 -6.309503 -21.60629 12.0249 -6.274903 -21.60629 12.0249 -6.274903 -21.60629 13.1402 -6.274903 -21.60629 13.1402 -6.274903 -21.60629 13.1402 -6.309503 -21.60629 13.1402 -6.309503 -21.55829 13.1402 -6.309503 -21.37557 13.1402 -2.618263 -21.37557 13.1402 -2.618263 -21.37557 12.0249 -2.618263 -21.37557 12.0249 -2.618263 -21.37557 12.0249 -2.652823 -21.42357 12.0249 -2.652823 -21.42357 12.0249 -2.618263 -21.42357 12.0249 -2.618263 -21.42357 13.1402 -2.618263 -21.42357 13.1402 -2.618263 -21.42357 13.1402 -2.652823 -21.37557 13.1402 -2.652823 -21.19286 13.1402 -2.618263 -21.19286 13.1402 -2.618263 -21.19286 12.0249 -2.618263 -21.19286 12.0249 -2.652823 -21.24086 12.0249 -2.652823 -21.24086 12.0249 -2.618263 -21.24086 13.1402 -2.618263 -21.24086 13.1402 -2.618263 -21.24086 13.1402 -2.652823 -21.24086 13.1402 -2.652823 -21.19286 13.1402 -2.652823 -21.19286 13.1402 -2.652823 -21.01015 13.1402 -2.618263 -21.01015 13.1402 -2.618263 -21.01015 12.0249 -2.618263 -21.05815 12.0249 -2.618263 -21.05815 13.1402 -2.618263 -21.05815 13.1402 -2.618263 -21.05815 13.1402 -2.652823 -21.01015 13.1402 -2.652823 -20.82744 13.1402 -2.618263 -20.82744 13.1402 -2.618263 -20.82744 12.0249 -2.618263 -20.82744 12.0249 -2.652823 -20.87544 13.1402 -2.618263 -20.87544 13.1402 -2.652823 -20.82744 13.1402 -2.652823 -20.82744 13.1402 -2.652823 -21.01015 13.1402 -6.268503 -21.01015 13.1402 -6.268503 -21.01015 12.0249 -6.268503 -21.01015 12.0249 -6.268503 -21.01015 12.0249 -6.303103 -21.05815 12.0249 -6.303103 -21.05815 12.0249 -6.303103 -21.05815 12.0249 -6.268503 -21.05815 12.0249 -6.268503 -21.05815 12.0249 -6.268503 -21.05815 13.1402 -6.268503 -21.05815 13.1402 -6.268503 -21.05815 13.1402 -6.268503 -21.05815 13.1402 -6.303103 -21.05815 13.1402 -6.303103 -21.01015 13.1402 -6.303103 -21.37557 13.1402 -6.268503 -21.37557 12.0249 -6.268503 -21.37557 12.0249 -6.268503 -21.37557 12.0249 -6.303103 -21.42357 12.0249 -6.303103 -21.42357 12.0249 -6.303103 -21.42357 12.0249 -6.268503 -21.42357 12.0249 -6.268503 -21.42357 12.0249 -6.268503 -21.42357 13.1402 -6.268503 -21.42357 13.1402 -6.268503 -21.42357 13.1402 -6.303103 -21.19286 13.1402 -6.268503 -21.19286 13.1402 -6.268503 -21.19286 12.0249 -6.268503 -21.19286 12.0249 -6.268503 -21.19286 12.0249 -6.303103 -21.19286 12.0249 -6.303103 -21.24086 12.0249 -6.303103 -21.24086 12.0249 -6.303103 -21.24086 12.0249 -6.268503 -21.24086 12.0249 -6.268503 -21.24086 13.1402 -6.268503 -21.24086 13.1402 -6.268503 -21.24086 13.1402 -6.303103 -21.24086 13.1402 -6.303103 -21.19286 13.1402 -6.303103 -21.19286 13.1402 -6.303103 -20.82744 13.1402 -6.268503 -20.82744 12.0249 -6.268503 -20.82744 12.0249 -6.268503 -20.82744 12.0249 -6.303103 -20.82744 12.0249 -6.303103 -20.87544 12.0249 -6.303103 -20.87544 12.0249 -6.303103 -20.87544 12.0249 -6.303103 -20.87544 12.0249 -6.268503 -20.87544 12.0249 -6.268503 -20.87544 12.0249 -6.268503 -20.87544 13.1402 -6.268503 -20.87544 13.1402 -6.268503 -20.87544 13.1402 -6.303103 -20.87544 13.1402 -6.303103 -20.82744 13.1402 -6.303103 -21.62906 13.2191 -6.325903 -21.6385 13.2119 -6.335303 -21.61808 13.2237 -6.314903 -21.58351 13.2191 -6.280303 -20.64473 13.2191 -6.280303 -21.57407 13.2119 -6.270903 -21.57407 13.2119 -6.270903 -21.57407 13.2119 -6.270903 -20.64473 13.2119 -6.270903 -20.64473 13.2119 -6.270903 -21.56683 13.2024 -6.263603 -21.56683 13.2024 -6.263603 -20.64473 13.2024 -6.263603 -21.56228 13.1915 -6.259103 -20.64473 13.1915 -6.259103 -21.56073 13.1797 -6.257503 -20.64473 13.1797 -6.257503 -21.56228 13.1679 -6.259103 -20.64473 13.1679 -6.259103 -21.58351 13.1402 -6.280303 -21.58351 13.1402 -2.641043 -21.57407 13.1474 -2.650473 -21.56683 13.1569 -2.657713 -21.56228 13.1679 -2.662263 -21.56073 13.1797 -2.663824 -21.56228 13.1915 -2.662263 -21.56683 13.2024 -2.657713 -21.56683 13.2024 -2.657713 -21.57407 13.2119 -2.650473 -21.57407 13.2119 -2.650473 -21.57407 13.2119 -2.650473 -21.58351 13.2191 -2.641043 -21.59449 13.2237 -2.630053 -21.60629 13.2252 -2.618263 -21.61808 13.2237 -2.606473 -21.62906 13.2191 -2.595483 -21.6385 13.2119 -2.586053 -21.6385 13.2119 -2.586053 -21.64574 13.2024 -6.342503 -21.64574 13.2024 -6.342503 -21.64574 13.2024 -2.578813 -21.64574 13.2024 -2.578813 -21.65029 13.1915 -6.347104 -21.65029 13.1915 -6.347104 -21.65029 13.1915 -2.574263 -21.65029 13.1915 -2.574263 -21.65184 13.1797 -6.348603 -21.65184 13.1797 -2.572703 -21.65184 13.1797 -2.572703 -21.65029 13.1679 -6.347104 -20.64473 13.1679 -6.347104 -20.64473 13.1915 -6.347104 -20.64473 13.2024 -6.342503 -20.64473 13.1569 -6.342503 -20.64473 13.1357 -6.314903 -20.64473 13.1341 -6.303103 -20.64473 13.1357 -6.291303 -21.59449 13.1357 -6.291303 -21.59449 13.1357 -2.630053 -20.64473 13.1474 -2.650473 -20.64473 13.1569 -2.657713 -20.64473 13.1679 -2.662263 -20.64473 13.1797 -2.663824 -20.64473 13.1915 -2.662263 -20.64473 13.2024 -2.657713 -20.64473 13.2119 -2.650473 -20.64473 13.2119 -2.650473 -20.64473 13.2191 -2.641043 -20.64473 13.2237 -2.630053 -20.64473 13.2252 -2.618263 -20.64473 13.2237 -2.606473 -20.64473 13.2191 -2.595483 -20.64473 13.2119 -2.586053 -20.64473 13.2024 -2.578813 -20.64473 13.1915 -2.574263 -20.64473 13.1797 -2.572703 -21.64574 13.1569 -2.578813 -21.6385 13.1474 -2.586053 -21.62906 13.1402 -2.595483 -21.61808 13.1357 -2.606473 -21.60629 13.1341 -2.618263 -21.60629 13.1341 -6.303103 -21.61808 13.1357 -6.314903 -21.61808 13.1357 -6.314903 -21.62906 13.1402 -6.325903 -21.6385 13.1474 -6.335303 -21.64574 13.1569 -6.342503 -21.64574 13.1569 -6.342503 -21.60629 12.0249 -6.303103 -21.60629 12.0249 -2.618263 -21.60629 11.8612 -2.618263 -21.60629 11.8612 -6.303103 -21.55829 13.1402 7.269295 -21.55829 12.0249 7.269295 -21.60629 12.0249 7.269295 -21.60629 13.1402 7.269295 -20.64473 13.1402 7.269295 -20.69273 13.1402 7.269295 -20.69273 13.1402 7.234735 -20.64473 13.1402 7.234735 -20.64473 12.0249 3.612667 -20.64473 12.0249 3.578107 -20.64473 12.0249 3.578107 -20.69273 12.0249 3.578107 -20.69273 12.0249 3.578107 -20.69273 12.0249 3.612667 -20.69273 13.1402 3.578107 -20.64473 13.1402 3.578107 -21.55829 13.1402 7.076841 -21.55829 12.0249 7.076841 -21.55829 12.0249 7.076841 -21.55829 12.0249 7.042281 -21.55829 12.0249 7.042281 -21.60629 12.0249 7.042281 -21.60629 12.0249 7.042281 -21.60629 12.0249 7.076841 -21.60629 12.0249 7.076841 -21.60629 13.1402 7.076841 -21.60629 13.1402 7.042281 -21.55829 13.1402 7.042281 -21.55829 13.1402 6.691932 -21.55829 12.0249 6.691932 -21.55829 12.0249 6.657372 -21.55829 12.0249 6.657372 -21.60629 12.0249 6.657372 -21.60629 13.1402 6.657372 -21.55829 13.1402 6.657372 -21.55829 13.1402 6.657372 -21.55829 12.0249 6.499478 -21.55829 12.0249 6.464918 -21.60629 12.0249 6.464918 -21.60629 12.0249 6.499478 -21.55829 13.1402 6.307024 -21.60629 13.1402 6.307024 -21.60629 13.1402 6.272464 -21.55829 13.1402 6.272464 -21.55829 13.1402 6.114567 -21.55829 12.0249 6.114567 -21.55829 12.0249 6.114567 -21.55829 12.0249 6.080007 -21.60629 12.0249 6.080007 -21.60629 12.0249 6.114567 -21.60629 12.0249 6.114567 -21.60629 13.1402 6.114567 -21.55829 12.0249 5.922117 -21.55829 12.0249 5.887557 -21.55829 12.0249 5.887557 -21.60629 12.0249 5.887557 -21.60629 12.0249 5.887557 -21.60629 12.0249 5.922117 -21.60629 13.1402 5.887557 -21.55829 13.1402 5.887557 -21.55829 13.1402 5.729657 -21.55829 12.0249 5.729657 -21.55829 12.0249 5.695097 -21.60629 12.0249 5.695097 -21.60629 12.0249 5.729657 -21.60629 13.1402 5.729657 -21.60629 13.1402 5.695097 -21.55829 13.1402 5.695097 -21.60629 12.0249 5.310197 -21.60629 12.0249 5.344757 -21.60629 13.1402 5.344757 -21.60629 13.1402 5.310197 -21.55829 12.0249 5.152297 -21.55829 12.0249 5.117737 -21.55829 12.0249 5.117737 -21.60629 12.0249 5.117737 -21.60629 12.0249 5.117737 -21.60629 12.0249 5.117737 -21.60629 12.0249 5.152297 -21.60629 12.0249 5.152297 -21.60629 13.1402 5.152297 -21.60629 13.1402 5.117737 -21.60629 13.1402 5.117737 -21.55829 13.1402 5.117737 -21.55829 13.1402 4.767387 -21.60629 13.1402 4.767387 -21.60629 13.1402 4.732827 -21.55829 13.1402 4.732827 -21.55829 13.1402 4.574937 -21.55829 12.0249 4.574937 -21.55829 12.0249 4.540377 -21.60629 12.0249 4.540377 -21.60629 12.0249 4.574937 -21.60629 13.1402 4.574937 -21.60629 13.1402 4.540377 -21.55829 13.1402 4.540377 -21.55829 12.0249 4.382477 -21.55829 12.0249 4.347917 -21.60629 12.0249 4.347917 -21.60629 12.0249 4.382477 -21.55829 13.1402 3.997577 -21.55829 12.0249 3.997577 -21.55829 12.0249 3.963017 -21.55829 13.1402 3.963017 -21.55829 13.1402 3.805117 -21.55829 12.0249 3.770557 -21.60629 12.0249 3.770557 -21.60629 12.0249 3.770557 -21.60629 12.0249 3.805117 -21.60629 13.1402 3.805117 -21.60629 13.1402 3.805117 -21.60629 13.1402 3.770557 -21.60629 13.1402 3.770557 -21.60629 13.1402 3.770557 -21.55829 13.1402 3.770557 -21.55829 13.1402 3.770557 -21.55829 13.1402 3.612667 -21.55829 13.1402 3.612667 -21.55829 12.0249 3.612667 -21.55829 12.0249 3.612667 -21.55829 12.0249 3.578107 -21.55829 12.0249 3.578107 -21.60629 12.0249 3.578107 -21.60629 12.0249 3.578107 -21.60629 12.0249 3.612667 -21.60629 12.0249 3.612667 -21.60629 13.1402 3.612667 -21.60629 13.1402 3.612667 -21.60629 13.1402 3.578107 -21.60629 13.1402 3.578107 -21.55829 13.1402 3.578107 -21.55829 13.1402 3.578107 -21.37557 13.1402 7.269295 -21.37557 13.1402 7.269295 -21.37557 12.0249 7.269295 -21.37557 12.0249 7.269295 -21.37557 12.0249 7.234735 -21.42357 12.0249 7.269295 -21.42357 13.1402 7.269295 -21.37557 13.1402 7.234735 -21.19286 13.1402 7.269295 -21.19286 13.1402 7.269295 -21.19286 12.0249 7.269295 -21.19286 12.0249 7.234735 -21.24086 13.1402 7.269295 -21.24086 13.1402 7.234735 -21.19286 13.1402 7.234735 -21.19286 13.1402 7.234735 -21.01015 13.1402 7.269295 -21.01015 12.0249 7.269295 -21.05815 12.0249 7.269295 -21.05815 13.1402 7.269295 -21.01015 13.1402 3.619047 -21.01015 12.0249 3.619047 -21.05815 12.0249 3.584487 -21.05815 12.0249 3.619047 -21.05815 12.0249 3.619047 -21.05815 13.1402 3.619047 -21.05815 13.1402 3.619047 -21.05815 13.1402 3.584487 -21.37557 13.1402 3.619047 -21.37557 12.0249 3.619047 -21.37557 12.0249 3.584487 -21.37557 12.0249 3.584487 -21.42357 12.0249 3.584487 -21.42357 12.0249 3.584487 -21.42357 12.0249 3.619047 -21.42357 13.1402 3.619047 -21.42357 13.1402 3.584487 -21.42357 13.1402 3.584487 -21.37557 13.1402 3.584487 -21.37557 13.1402 3.584487 -21.24086 12.0249 3.584487 -21.24086 12.0249 3.619047 -21.24086 13.1402 3.619047 -21.24086 13.1402 3.584487 -21.62906 13.2191 3.561707 -20.64473 13.2119 3.552267 -20.64473 13.2119 3.552267 -21.6385 13.2119 3.552267 -21.6385 13.2119 3.552267 -20.64473 13.2191 3.561707 -21.61808 13.2237 3.572687 -20.64473 13.2237 3.572687 -21.59449 13.2237 3.596277 -20.64473 13.2237 3.596277 -21.58351 13.2191 3.607257 -20.64473 13.2191 3.607257 -21.56073 13.1797 3.630037 -20.64473 13.1797 3.630037 -21.56228 13.1679 3.628487 -21.56228 13.1679 3.628487 -20.64473 13.1679 3.628487 -21.56683 13.1569 3.623937 -21.58351 13.1402 3.607257 -21.56683 13.1569 7.229842 -21.56683 13.1569 7.229842 -21.56228 13.1679 7.22529 -21.56228 13.1679 7.22529 -21.56228 13.1915 7.22529 -21.56683 13.2024 7.229842 -21.57407 13.2119 7.237082 -21.58351 13.2191 7.246516 -21.59449 13.2237 7.257504 -21.62906 13.2191 7.292073 -21.6385 13.2119 7.301508 -21.64574 13.2024 3.545027 -21.65184 13.1797 3.538927 -21.65029 13.1679 3.540477 -20.64473 13.1679 3.540477 -20.64473 13.1797 3.538927 -20.64473 13.2024 3.545027 -20.64473 13.1569 3.545027 -20.64473 13.1474 3.552267 -20.64473 13.1402 3.561707 -20.64473 13.1357 3.596277 -20.64473 13.1402 3.607257 -21.59449 13.1357 3.596277 -21.59449 13.1357 3.596277 -21.59449 13.1357 7.257504 -20.64473 13.1357 7.257504 -20.64473 13.1569 7.229842 -20.64473 13.1679 7.22529 -20.64473 13.1915 7.22529 -20.64473 13.2024 7.229842 -20.64473 13.2119 7.237082 -20.64473 13.2191 7.246516 -20.64473 13.2237 7.257504 -20.64473 13.2191 7.292073 -20.64473 13.2119 7.301508 -21.61808 13.1357 7.281086 -20.64473 13.1357 7.281086 -21.60629 13.1341 7.269295 -20.64473 13.1341 7.269295 -21.60629 13.1341 3.584487 -21.62906 13.1402 3.561707 -21.6385 13.1474 3.552267 -21.64574 13.1569 3.545027 -20.64473 12.0249 7.269295 -21.60629 12.0249 7.269295 -20.64473 11.8612 7.269295 -21.60629 11.8612 7.269295 -21.55829 13.1402 2.325517 -21.55829 12.0249 2.325517 -21.60629 12.0249 2.325517 -21.60629 13.1402 2.325517 -20.64473 13.1402 -1.331113 -20.64473 13.1402 -1.331113 -20.64473 12.0249 -1.331113 -20.69273 12.0249 -1.365674 -20.69273 12.0249 -1.331113 -20.69273 12.0249 -1.331113 -20.69273 13.1402 -1.331113 -20.69273 13.1402 -1.331113 -20.69273 13.1402 -1.331113 -20.69273 13.1402 -1.365674 -20.69273 13.1402 -1.365674 -20.64473 13.1402 -1.365674 -21.55829 13.1402 2.133057 -21.55829 13.1402 2.133057 -21.55829 12.0249 2.133057 -21.55829 12.0249 2.133057 -21.55829 12.0249 2.133057 -21.55829 12.0249 2.098497 -21.55829 12.0249 2.098497 -21.55829 12.0249 2.098497 -21.60629 12.0249 2.098497 -21.60629 12.0249 2.098497 -21.60629 12.0249 2.133057 -21.60629 12.0249 2.133057 -21.60629 13.1402 2.133057 -21.60629 13.1402 2.098497 -21.55829 13.1402 2.098497 -21.55829 13.1402 2.098497 -21.60629 12.0249 1.906047 -21.60629 12.0249 1.940607 -21.60629 13.1402 1.940607 -21.60629 13.1402 1.906047 -21.55829 12.0249 1.748157 -21.55829 12.0249 1.713597 -21.60629 12.0249 1.713597 -21.60629 12.0249 1.748157 -21.55829 12.0249 1.555697 -21.55829 12.0249 1.521137 -21.60629 12.0249 1.521137 -21.60629 12.0249 1.521137 -21.60629 12.0249 1.555697 -21.60629 12.0249 1.555697 -21.60629 13.1402 1.555697 -21.60629 13.1402 1.521137 -21.55829 13.1402 1.363247 -21.55829 12.0249 1.363247 -21.55829 12.0249 1.328687 -21.55829 13.1402 1.328687 -21.55829 13.1402 1.170787 -21.55829 12.0249 1.170787 -21.55829 12.0249 1.136227 -21.55829 12.0249 1.136227 -21.60629 12.0249 1.136227 -21.60629 13.1402 1.136227 -21.55829 13.1402 1.136227 -21.55829 13.1402 1.136227 -21.55829 13.1402 0.9783368 -21.55829 12.0249 0.9783368 -21.55829 12.0249 0.9437771 -21.55829 12.0249 0.9437771 -21.60629 12.0249 0.9437771 -21.60629 12.0249 0.9437771 -21.60629 12.0249 0.9783368 -21.60629 13.1402 0.9783368 -21.60629 13.1402 0.9437771 -21.60629 13.1402 0.9437771 -21.55829 13.1402 0.9437771 -21.55829 13.1402 0.9437771 -21.55829 13.1402 0.7858768 -21.55829 12.0249 0.7858768 -21.55829 12.0249 0.751317 -21.60629 12.0249 0.751317 -21.60629 12.0249 0.7858768 -21.60629 13.1402 0.7858768 -21.60629 13.1402 0.751317 -21.55829 13.1402 0.751317 -21.55829 13.1402 0.5934267 -21.55829 12.0249 0.5934267 -21.55829 12.0249 0.558867 -21.60629 12.0249 0.558867 -21.60629 12.0249 0.558867 -21.60629 12.0249 0.5934267 -21.60629 12.0249 0.5934267 -21.60629 13.1402 0.5934267 -21.60629 13.1402 0.5934267 -21.60629 13.1402 0.558867 -21.60629 13.1402 0.558867 -21.55829 13.1402 0.558867 -21.55829 12.0249 0.4009767 -21.55829 12.0249 0.3664169 -21.60629 12.0249 0.3664169 -21.60629 12.0249 0.4009767 -21.55829 13.1402 0.208517 -21.55829 12.0249 0.208517 -21.55829 12.0249 0.208517 -21.55829 12.0249 0.1739568 -21.55829 12.0249 0.1739568 -21.60629 12.0249 0.1739568 -21.60629 12.0249 0.208517 -21.55829 13.1402 0.1739568 -21.55829 13.1402 0.01606702 -21.55829 12.0249 0.01606702 -21.55829 12.0249 0.01606702 -21.55829 12.0249 -0.01849317 -21.60629 12.0249 -0.01849317 -21.60629 12.0249 0.01606702 -21.60629 12.0249 0.01606702 -21.60629 13.1402 0.01606702 -21.55829 13.1402 -0.176393 -21.55829 13.1402 -0.176393 -21.55829 12.0249 -0.176393 -21.55829 12.0249 -0.176393 -21.55829 12.0249 -0.2109532 -21.60629 12.0249 -0.176393 -21.60629 13.1402 -0.176393 -21.55829 13.1402 -0.2109532 -21.55829 13.1402 -0.3688431 -21.55829 13.1402 -0.3688431 -21.55829 12.0249 -0.3688431 -21.55829 12.0249 -0.3688431 -21.55829 12.0249 -0.3688431 -21.55829 12.0249 -0.4034033 -21.55829 12.0249 -0.4034033 -21.55829 12.0249 -0.4034033 -21.60629 12.0249 -0.4034033 -21.60629 12.0249 -0.4034033 -21.60629 12.0249 -0.3688431 -21.60629 12.0249 -0.3688431 -21.60629 13.1402 -0.3688431 -21.60629 13.1402 -0.4034033 -21.55829 13.1402 -0.4034033 -21.55829 13.1402 -0.4034033 -21.55829 12.0249 -0.5958533 -21.60629 12.0249 -0.5958533 -21.60629 13.1402 -0.5958533 -21.55829 13.1402 -0.5958533 -21.55829 13.1402 -0.7537532 -21.55829 13.1402 -0.7537532 -21.55829 12.0249 -0.7537532 -21.55829 12.0249 -0.7537532 -21.55829 12.0249 -0.7883134 -21.60629 12.0249 -0.7537532 -21.60629 13.1402 -0.7537532 -21.55829 13.1402 -0.7883134 -21.55829 12.0249 -0.980763 -21.60629 12.0249 -0.980763 -21.60629 13.1402 -0.980763 -21.55829 13.1402 -0.980763 -21.55829 13.1402 -1.138663 -21.60629 12.0249 -1.173223 -21.60629 12.0249 -1.138663 -21.60629 13.1402 -1.138663 -21.60629 13.1402 -1.138663 -21.60629 13.1402 -1.173223 -21.60629 13.1402 -1.173223 -21.55829 13.1402 -1.173223 -21.55829 13.1402 -1.331113 -21.55829 13.1402 -1.331113 -21.55829 12.0249 -1.331113 -21.55829 12.0249 -1.331113 -21.55829 12.0249 -1.331113 -21.55829 12.0249 -1.365674 -21.55829 12.0249 -1.365674 -21.60629 12.0249 -1.365674 -21.60629 12.0249 -1.331113 -21.60629 12.0249 -1.331113 -21.60629 13.1402 -1.331113 -21.55829 13.1402 -1.365674 -21.37557 13.1402 2.325517 -21.37557 12.0249 2.325517 -21.37557 12.0249 2.290957 -21.37557 12.0249 2.290957 -21.42357 12.0249 2.290957 -21.42357 13.1402 2.290957 -21.37557 13.1402 2.290957 -21.37557 13.1402 2.290957 -21.19286 13.1402 2.325517 -21.19286 12.0249 2.325517 -21.19286 12.0249 2.325517 -21.19286 12.0249 2.290957 -21.24086 12.0249 2.290957 -21.24086 12.0249 2.325517 -21.24086 12.0249 2.325517 -21.24086 13.1402 2.325517 -21.01015 12.0249 2.325517 -21.01015 12.0249 2.290957 -21.05815 12.0249 2.290957 -21.05815 12.0249 2.325517 -20.82744 13.1402 2.325517 -20.82744 12.0249 2.325517 -20.87544 12.0249 2.290957 -20.87544 12.0249 2.325517 -20.87544 12.0249 2.325517 -20.87544 13.1402 2.325517 -20.87544 13.1402 2.325517 -20.87544 13.1402 2.290957 -21.05815 12.0249 -1.359293 -21.05815 12.0249 -1.324733 -21.05815 13.1402 -1.324733 -21.05815 13.1402 -1.359293 -21.37557 13.1402 -1.324733 -21.37557 13.1402 -1.324733 -21.37557 12.0249 -1.324733 -21.37557 12.0249 -1.359293 -21.37557 12.0249 -1.359293 -21.42357 12.0249 -1.359293 -21.42357 12.0249 -1.359293 -21.42357 12.0249 -1.324733 -21.42357 13.1402 -1.324733 -21.42357 13.1402 -1.324733 -21.42357 13.1402 -1.359293 -21.42357 13.1402 -1.359293 -21.42357 13.1402 -1.359293 -21.37557 13.1402 -1.359293 -21.37557 13.1402 -1.359293 -21.37557 13.1402 -1.359293 -21.19286 13.1402 -1.324733 -21.24086 13.1402 -1.324733 -21.24086 13.1402 -1.359293 -21.19286 13.1402 -1.359293 -20.82744 13.1402 -1.324733 -20.82744 13.1402 -1.324733 -20.82744 12.0249 -1.324733 -20.82744 12.0249 -1.324733 -20.82744 12.0249 -1.359293 -20.87544 12.0249 -1.359293 -20.87544 12.0249 -1.324733 -20.87544 12.0249 -1.324733 -20.87544 13.1402 -1.324733 -20.87544 13.1402 -1.324733 -20.87544 13.1402 -1.359293 -20.82744 13.1402 -1.359293 -21.62906 13.2191 -1.382073 -21.6385 13.2119 -1.391513 -21.61808 13.2237 -1.371083 -21.60629 13.2252 -1.359293 -21.60629 13.2252 -1.359293 -20.64473 13.2252 -1.359293 -21.59449 13.2237 -1.347503 -20.64473 13.2237 -1.347503 -21.58351 13.2191 -1.336524 -20.64473 13.2191 -1.336524 -21.57407 13.2119 -1.327083 -21.57407 13.2119 -1.327083 -21.57407 13.2119 -1.327083 -20.64473 13.2119 -1.327083 -20.64473 13.2119 -1.327083 -21.56683 13.2024 -1.319843 -21.56683 13.2024 -1.319843 -20.64473 13.2024 -1.319843 -21.56228 13.1915 -1.315293 -21.56228 13.1915 -1.315293 -20.64473 13.1915 -1.315293 -21.56073 13.1797 -1.313743 -21.56073 13.1797 -1.313743 -20.64473 13.1797 -1.313743 -21.56228 13.1679 -1.315293 -21.56228 13.1679 -1.315293 -20.64473 13.1679 -1.315293 -21.56683 13.1569 -1.319843 -21.56683 13.1569 -1.319843 -20.64473 13.1569 -1.319843 -21.57407 13.1474 -1.327083 -20.64473 13.1474 -1.327083 -21.58351 13.1402 2.302737 -21.57407 13.1474 2.293307 -21.56683 13.1569 2.286067 -21.56683 13.1569 2.286067 -21.56228 13.1679 2.281507 -21.56228 13.1679 2.281507 -21.56073 13.1797 2.279957 -21.56073 13.1797 2.279957 -21.56228 13.1915 2.281507 -21.56683 13.2024 2.286067 -21.57407 13.2119 2.293307 -21.57407 13.2119 2.293307 -21.58351 13.2191 2.302737 -21.59449 13.2237 2.313727 -21.60629 13.2252 2.325517 -21.60629 13.2252 2.325517 -21.61808 13.2237 2.337307 -21.62906 13.2191 2.348297 -21.6385 13.2119 2.357727 -21.6385 13.2119 2.357727 -21.64574 13.2024 -1.398753 -21.64574 13.2024 2.364967 -21.65029 13.1915 -1.403303 -21.65029 13.1915 2.369517 -21.65184 13.1797 -1.404853 -21.65184 13.1797 -1.404853 -21.65184 13.1797 2.371077 -21.65029 13.1679 2.369517 -21.65029 13.1679 -1.403303 -21.65029 13.1679 -1.403303 -20.64473 13.1679 -1.403303 -20.64473 13.1797 -1.404853 -20.64473 13.1915 -1.403303 -20.64473 13.2024 -1.398753 -20.64473 13.1569 -1.398753 -20.64473 13.1474 -1.391513 -21.59449 13.1357 2.313727 -20.64473 13.1357 2.313727 -20.64473 13.1402 2.302737 -20.64473 13.1474 2.293307 -20.64473 13.1569 2.286067 -20.64473 13.1679 2.281507 -20.64473 13.1797 2.279957 -20.64473 13.2237 2.313727 -20.64473 13.2252 2.325517 -20.64473 13.2237 2.337307 -20.64473 13.2191 2.348297 -20.64473 13.2119 2.357727 -20.64473 13.2024 2.364967 -20.64473 13.1915 2.369517 -21.64574 13.1569 2.364967 -20.64473 13.1569 2.364967 -21.6385 13.1474 2.357727 -21.6385 13.1474 2.357727 -20.64473 13.1474 2.357727 -21.62906 13.1402 2.348297 -21.60629 13.1341 2.325517 -20.64473 13.1341 2.325517 -21.62906 13.1402 -1.382073 -21.6385 13.1474 -1.391513 -21.6385 13.1474 -1.391513 -21.64574 13.1569 -1.398753 -21.60629 12.0249 -1.359293 -20.64473 12.0249 -1.359293 -20.64473 11.8612 -1.359293 -21.60629 11.8612 -1.359293 -16.57165 15.5605 16.11645 -16.57165 14.4451 16.11645 -16.57165 14.4451 16.08189 -16.61965 14.4451 16.08189 -16.61965 14.4451 16.08189 -16.61965 14.4451 16.11645 -16.61965 14.4451 16.11645 -16.61965 15.5605 16.11645 -16.61965 15.5605 16.11645 -16.61965 15.5605 16.08189 -16.61965 15.5605 16.08189 -16.57165 15.5605 16.08189 -15.65809 15.5605 16.11645 -15.65809 14.4451 16.11645 -15.65809 14.4451 16.11645 -15.65809 14.4451 16.08189 -15.65809 14.4451 16.08189 -15.70609 14.4451 16.08189 -15.70609 14.4451 16.11645 -15.65809 15.5605 16.08189 -15.65809 14.4451 12.42526 -15.70609 14.4451 12.42526 -15.70609 14.4451 12.42526 -15.70609 14.4451 12.45982 -15.70609 15.5605 12.45982 -15.70609 15.5605 12.42526 -15.70609 15.5605 12.42526 -15.65809 15.5605 12.42526 -16.57165 15.5605 15.924 -16.57165 14.4451 15.924 -16.57165 14.4451 15.924 -16.57165 14.4451 15.88944 -16.61965 14.4451 15.88944 -16.61965 14.4451 15.88944 -16.61965 14.4451 15.924 -16.61965 14.4451 15.924 -16.61965 14.4451 15.924 -16.61965 15.5605 15.924 -16.61965 15.5605 15.924 -16.61965 15.5605 15.88944 -16.57165 15.5605 15.73155 -16.57165 14.4451 15.73155 -16.57165 14.4451 15.69699 -16.61965 14.4451 15.69699 -16.61965 14.4451 15.73155 -16.61965 15.5605 15.73155 -16.61965 15.5605 15.69699 -16.57165 15.5605 15.69699 -16.57165 14.4451 15.53909 -16.57165 14.4451 15.50453 -16.61965 14.4451 15.50453 -16.61965 14.4451 15.50453 -16.61965 14.4451 15.53909 -16.61965 14.4451 15.53909 -16.61965 15.5605 15.53909 -16.61965 15.5605 15.50453 -16.57165 15.5605 15.34664 -16.57165 14.4451 15.34664 -16.57165 14.4451 15.34664 -16.57165 14.4451 15.31208 -16.57165 14.4451 15.31208 -16.61965 14.4451 15.31208 -16.61965 14.4451 15.34664 -16.57165 15.5605 15.31208 -16.57165 15.5605 15.15418 -16.57165 14.4451 15.15418 -16.61965 14.4451 15.15418 -16.61965 15.5605 15.15418 -16.57165 15.5605 14.96173 -16.57165 15.5605 14.96173 -16.57165 15.5605 14.96173 -16.57165 14.4451 14.96173 -16.57165 14.4451 14.96173 -16.57165 14.4451 14.92717 -16.61965 14.4451 14.96173 -16.61965 15.5605 14.96173 -16.61965 15.5605 14.96173 -16.61965 15.5605 14.92717 -16.57165 15.5605 14.92717 -16.57165 15.5605 14.92717 -16.57165 14.4451 14.57682 -16.57165 14.4451 14.54226 -16.61965 14.4451 14.54226 -16.61965 14.4451 14.57682 -16.57165 14.4451 14.38437 -16.57165 14.4451 14.34981 -16.61965 14.4451 14.34981 -16.61965 14.4451 14.38437 -16.57165 15.5605 14.19191 -16.57165 14.4451 14.19191 -16.57165 14.4451 14.15735 -16.61965 14.4451 14.15735 -16.61965 14.4451 14.19191 -16.61965 15.5605 14.19191 -16.61965 15.5605 14.15735 -16.57165 15.5605 14.15735 -16.57165 15.5605 13.99946 -16.57165 14.4451 13.99946 -16.57165 14.4451 13.99946 -16.57165 14.4451 13.9649 -16.61965 14.4451 13.9649 -16.61965 14.4451 13.99946 -16.61965 14.4451 13.99946 -16.61965 15.5605 13.99946 -16.57165 15.5605 13.807 -16.57165 15.5605 13.807 -16.57165 15.5605 13.807 -16.57165 14.4451 13.807 -16.57165 14.4451 13.807 -16.57165 14.4451 13.807 -16.57165 14.4451 13.77244 -16.57165 14.4451 13.77244 -16.57165 14.4451 13.77244 -16.61965 14.4451 13.77244 -16.61965 14.4451 13.77244 -16.61965 14.4451 13.807 -16.61965 14.4451 13.807 -16.61965 15.5605 13.807 -16.61965 15.5605 13.807 -16.61965 15.5605 13.77244 -16.61965 15.5605 13.77244 -16.57165 15.5605 13.77244 -16.57165 15.5605 13.77244 -16.57165 15.5605 13.77244 -16.57165 15.5605 13.61455 -16.57165 14.4451 13.61455 -16.57165 14.4451 13.61455 -16.57165 14.4451 13.57999 -16.57165 14.4451 13.57999 -16.61965 14.4451 13.57999 -16.61965 14.4451 13.57999 -16.61965 14.4451 13.61455 -16.61965 14.4451 13.61455 -16.61965 15.5605 13.61455 -16.61965 15.5605 13.57999 -16.57165 15.5605 13.57999 -16.57165 14.4451 13.38753 -16.61965 14.4451 13.38753 -16.61965 14.4451 13.38753 -16.61965 14.4451 13.42209 -16.61965 15.5605 13.42209 -16.61965 15.5605 13.38753 -16.61965 15.5605 13.38753 -16.57165 15.5605 13.38753 -16.57165 15.5605 13.22964 -16.57165 14.4451 13.22964 -16.57165 14.4451 13.22964 -16.57165 14.4451 13.19508 -16.57165 14.4451 13.19508 -16.61965 14.4451 13.19508 -16.61965 14.4451 13.22964 -16.57165 15.5605 13.19508 -16.57165 14.4451 13.03719 -16.57165 14.4451 13.00263 -16.61965 14.4451 13.00263 -16.61965 14.4451 13.00263 -16.61965 14.4451 13.03719 -16.61965 14.4451 13.03719 -16.61965 15.5605 13.03719 -16.61965 15.5605 13.00263 -16.57165 14.4451 12.84473 -16.57165 14.4451 12.81017 -16.61965 14.4451 12.81017 -16.61965 14.4451 12.84473 -16.57165 15.5605 12.45982 -16.61965 15.5605 12.45982 -16.61965 15.5605 12.42526 -16.57165 15.5605 12.42526 -16.38894 15.5605 16.11645 -16.38894 15.5605 16.11645 -16.38894 14.4451 16.11645 -16.43694 14.4451 16.08189 -16.43694 14.4451 16.11645 -16.43694 14.4451 16.11645 -16.43694 15.5605 16.11645 -16.43694 15.5605 16.11645 -16.43694 15.5605 16.11645 -16.43694 15.5605 16.08189 -16.43694 15.5605 16.08189 -16.38894 15.5605 16.08189 -16.20623 15.5605 16.11645 -16.20623 15.5605 16.11645 -16.20623 14.4451 16.11645 -16.20623 14.4451 16.08189 -16.25423 15.5605 16.11645 -16.25423 15.5605 16.08189 -16.20623 15.5605 16.08189 -16.20623 15.5605 16.08189 -16.02352 15.5605 16.11645 -16.02352 14.4451 16.08189 -16.07152 14.4451 16.08189 -16.07152 14.4451 16.08189 -16.07152 14.4451 16.11645 -16.07152 15.5605 16.11645 -16.07152 15.5605 16.11645 -16.07152 15.5605 16.08189 -16.07152 15.5605 16.08189 -16.07152 15.5605 16.08189 -16.02352 15.5605 16.08189 -16.02352 15.5605 16.08189 -15.8408 15.5605 16.11645 -15.8888 14.4451 16.08189 -15.8888 14.4451 16.11645 -15.8888 15.5605 16.11645 -15.8888 15.5605 16.11645 -15.8888 15.5605 16.08189 -15.8888 15.5605 16.08189 -15.8408 15.5605 16.08189 -16.38894 15.5605 12.4662 -16.38894 15.5605 12.4662 -16.38894 14.4451 12.4662 -16.38894 14.4451 12.4662 -16.38894 14.4451 12.4662 -16.38894 14.4451 12.43164 -16.38894 14.4451 12.43164 -16.38894 14.4451 12.43164 -16.43694 14.4451 12.43164 -16.43694 14.4451 12.43164 -16.43694 14.4451 12.4662 -16.43694 14.4451 12.4662 -16.43694 15.5605 12.4662 -16.43694 15.5605 12.43164 -16.38894 15.5605 12.43164 -16.38894 15.5605 12.43164 -16.20623 15.5605 12.4662 -16.20623 14.4451 12.4662 -16.25423 14.4451 12.43164 -16.25423 14.4451 12.4662 -16.25423 14.4451 12.4662 -16.25423 15.5605 12.4662 -16.25423 15.5605 12.4662 -16.25423 15.5605 12.43164 -15.8408 15.5605 12.4662 -15.8408 14.4451 12.4662 -15.8408 14.4451 12.43164 -15.8408 14.4451 12.43164 -15.8888 14.4451 12.43164 -15.8888 15.5605 12.43164 -15.8408 15.5605 12.43164 -15.8408 15.5605 12.43164 -16.63144 15.6439 12.41985 -15.65809 15.6439 12.41985 -16.61965 15.6455 12.43164 -16.61965 15.6455 12.43164 -15.65809 15.6455 12.43164 -16.60786 15.6439 12.44343 -16.60786 15.6439 12.44343 -15.65809 15.6439 12.44343 -16.59687 15.6394 12.45442 -16.59687 15.6394 12.45442 -15.65809 15.6394 12.45442 -16.58744 15.6321 12.46385 -16.5802 15.6227 12.47109 -16.57565 15.6117 12.47565 -16.5741 15.5999 12.4772 -16.57565 15.5881 12.47565 -16.57565 15.5881 12.47565 -15.65809 15.5881 12.47565 -16.5802 15.5772 12.47109 -16.5802 15.5772 12.47109 -15.65809 15.5772 12.47109 -16.58744 15.5677 12.46385 -15.65809 15.5677 12.46385 -16.59687 15.5605 12.45442 -16.59687 15.5605 16.09368 -16.5802 15.5772 16.077 -16.57565 15.5881 16.07245 -16.57565 15.5881 16.07245 -16.5741 15.5999 16.0709 -16.5741 15.5999 16.0709 -16.57565 15.6117 16.07245 -16.5802 15.6227 16.077 -16.58744 15.6321 16.08424 -16.59687 15.6394 16.09368 -16.60786 15.6439 16.10466 -16.60786 15.6439 16.10466 -16.61965 15.6455 16.11645 -16.65187 15.6321 16.14867 -16.65911 15.6227 12.39219 -16.65911 15.6227 16.15591 -16.66366 15.6117 12.38764 -16.66366 15.6117 16.16046 -16.66521 15.5999 12.38608 -16.66521 15.5999 16.16201 -16.66366 15.5881 16.16046 -16.66366 15.5881 16.16046 -16.66366 15.5881 12.38764 -16.66366 15.5881 12.38764 -15.65809 15.5881 12.38764 -15.65809 15.6117 12.38764 -15.65809 15.6227 12.39219 -15.65809 15.5772 12.39219 -15.65809 15.5677 12.39943 -15.65809 15.5605 12.40886 -15.65809 15.5544 12.43164 -15.65809 15.5559 12.44343 -15.65809 15.5605 12.45442 -16.60786 15.5559 12.44343 -16.60786 15.5559 16.10466 -15.65809 15.5559 16.10466 -15.65809 15.5605 16.09368 -15.65809 15.5881 16.07245 -15.65809 15.5999 16.0709 -15.65809 15.6321 16.08424 -15.65809 15.6394 16.09368 -15.65809 15.6439 16.10466 -15.65809 15.6321 16.14867 -15.65809 15.6227 16.15591 -15.65809 15.6117 16.16046 -15.65809 15.5881 16.16046 -16.65911 15.5772 16.15591 -16.65911 15.5772 16.15591 -15.65809 15.5772 16.15591 -16.65187 15.5677 16.14867 -16.65187 15.5677 16.14867 -16.65187 15.5677 16.14867 -15.65809 15.5677 16.14867 -16.64243 15.5605 16.13923 -16.61965 15.5544 16.11645 -15.65809 15.5544 16.11645 -16.61965 15.5544 12.43164 -16.64243 15.5605 12.40886 -16.65187 15.5677 12.39943 -16.65187 15.5677 12.39943 -16.65911 15.5772 12.39219 -16.65911 15.5772 12.39219 -15.65809 14.4451 16.11645 -16.61965 14.4451 12.43164 -16.61965 14.4451 16.11645 -15.65809 14.4451 12.43164 -15.65809 14.2814 12.43164 -15.65809 14.2814 12.43164 -15.65809 14.2814 16.11645 -15.65809 14.2814 16.11645 -16.61965 14.2814 16.11645 -16.61965 14.2814 16.11645 -16.61965 14.2814 12.43164 -16.61965 14.2814 12.43164 -23.89555 8.247194 -9.664704 -23.89555 16.269 -9.664704 -23.89575 16.269 -10.7515 -23.89575 8.247194 -10.7515 -23.78836 16.269 -11.2892 -23.78836 8.247194 -11.2892 -23.36801 16.269 -12.3063 -23.36801 8.247194 -12.3063 -23.06241 16.269 -12.7678 -23.06241 8.247194 -12.7678 -22.7784 16.269 -13.0962 -22.7784 8.247194 -13.0962 -23.36727 16.269 -8.147604 -23.36727 8.247194 -8.147604 -23.06151 16.269 -7.708003 -23.06151 8.247194 -7.708003 -22.95339 21.3022 -12.6865 -22.72041 21.0753 -13.0465 -23.00099 21.0753 -12.722 -22.89241 21.5266 -12.6411 -22.81822 21.748 -12.5858 -22.54786 21.748 -12.8985 -22.73101 21.9656 -12.5209 -22.46553 21.9656 -12.8279 -22.63102 22.179 -12.4464 -22.37113 22.179 -12.747 -22.51851 22.3876 -12.3626 -22.26492 22.3876 -12.6559 -22.3938 22.5908 -12.2697 -22.3938 22.5908 -12.2697 -22.14718 22.5908 -12.5549 -22.14718 22.5908 -12.5549 -22.25722 22.7881 -12.1679 -22.25722 22.7881 -12.1679 -22.01823 22.7881 -12.4443 -22.22115 22.9789 -12.1361 -22.22115 22.9789 -12.1361 -21.9791 22.9789 -12.4161 -21.9791 24 -12.4161 -22.22115 24 -12.1361 -22.44746 22.9789 -11.7944 -22.62774 22.9789 -11.4273 -22.75881 22.9789 -11.0414 -22.83838 22.9789 -10.6432 -22.83838 24 -10.6432 -22.86507 22.9789 -10.24 -22.86507 24 -10.24 -22.83838 22.9789 -9.838603 -22.91049 22.7881 -10.2433 -22.88334 22.7881 -9.835904 -23.05504 22.5908 -9.806803 -23.08371 22.5908 -10.2371 -22.88348 22.7881 -10.6526 -23.05519 22.5908 -10.6694 -22.80278 22.7881 -11.0567 -22.96996 22.5908 -11.0962 -22.82952 22.5908 -11.5099 -22.6698 22.7881 -11.4485 -22.48688 22.7881 -11.8211 -22.63634 22.5908 -11.9034 -22.77281 22.3876 -11.9785 -22.89593 22.179 -12.0463 -23.00535 21.9656 -12.1066 -23.18198 21.5266 -12.2038 -23.24871 21.3022 -12.2406 -23.30079 21.0753 -12.2692 -23.03508 20.8466 -12.7474 -23.3381 20.8466 -12.2898 -23.05558 20.6166 -12.7627 -23.05558 20.6166 -12.7627 -23.36053 20.6166 -12.3021 -23.06241 20.386 -12.7678 -23.06241 20.386 -12.7678 -23.36801 20.386 -12.3063 -23.36801 16.269 -12.3063 -23.06241 16.269 -12.7678 -22.7784 20.386 -13.0962 -22.77194 20.6166 -13.0907 -22.7526 20.8466 -13.0741 -23.61141 20.386 -11.8105 -23.78836 16.269 -11.2892 -23.78836 20.386 -11.2892 -23.78836 20.386 -11.2892 -23.89575 16.269 -10.7515 -23.89575 20.386 -10.7515 -23.93169 16.269 -10.2068 -23.93169 20.386 -10.2068 -23.89555 20.386 -9.664704 -23.89555 16.269 -9.664704 -23.78798 20.386 -9.134703 -23.78798 16.269 -9.134703 -23.61085 20.386 -8.626004 -23.61085 16.269 -8.626004 -23.36727 20.386 -8.147604 -23.36727 16.269 -8.147604 -23.06151 20.386 -7.708003 -23.06151 16.269 -7.708003 -22.77739 16.269 -7.399803 -22.77739 20.386 -7.399803 -23.05468 20.6166 -7.713603 -22.77093 20.6166 -7.405803 -22.75159 20.8466 -7.423803 -23.03419 20.8466 -7.730303 -22.71942 21.0753 -7.453703 -23.00011 21.0753 -7.758103 -22.6745 21.3022 -7.495403 -22.95252 21.3022 -7.797003 -22.61694 21.5266 -7.548903 -22.89156 21.5266 -7.846803 -22.89156 21.5266 -7.846803 -22.54692 21.748 -7.614003 -22.81739 21.748 -7.907403 -22.81739 21.748 -7.907403 -22.46461 21.9656 -7.690504 -22.7302 21.9656 -7.978603 -22.7302 21.9656 -7.978603 -22.63024 22.179 -8.060204 -22.51776 22.3876 -8.152104 -22.14637 22.5908 -7.986303 -22.39309 22.5908 -8.253903 -22.39309 22.5908 -8.253903 -22.01746 22.7881 -8.106104 -22.25654 22.7881 -8.365403 -22.25654 22.7881 -8.365403 -22.44746 22.9789 -8.715504 -22.44746 24 -8.715504 -22.62774 22.9789 -9.069603 -22.62774 22.9789 -9.069603 -22.62774 24 -9.069603 -22.75881 22.9789 -9.446204 -22.80249 22.7881 -9.437603 -22.96966 22.5908 -9.386202 -23.21181 22.3876 -9.780303 -23.12229 22.3876 -9.339303 -23.35324 22.179 -9.756403 -23.25999 22.179 -9.296904 -23.47894 21.9656 -9.735104 -23.38237 21.9656 -9.259303 -23.58857 21.748 -9.716603 -23.4891 21.748 -9.226504 -23.68184 21.5266 -9.700802 -23.57991 21.5266 -9.198603 -23.7585 21.3022 -9.687903 -23.65454 21.3022 -9.175704 -23.7128 21.0753 -9.157803 -23.75453 20.8466 -9.144904 -23.77961 20.6166 -9.137204 -23.60285 20.6166 -8.629603 -23.35979 20.6166 -8.152304 -23.33737 20.8466 -8.166304 -23.30007 21.0753 -8.189503 -23.24799 21.3022 -8.221903 -23.18128 21.5266 -8.263403 -23.1001 21.748 -8.313904 -23.1001 21.748 -8.313904 -23.00468 21.9656 -8.373303 -22.89529 22.179 -8.441304 -22.7722 22.3876 -8.517903 -22.63576 22.5908 -8.602803 -22.48632 22.7881 -8.695803 -22.66938 22.7881 -9.055304 -22.82908 22.5908 -8.982502 -22.97489 22.3876 -8.916003 -22.97489 22.3876 -8.916003 -23.10644 22.179 -8.856003 -23.22335 21.9656 -8.802702 -23.32532 21.748 -8.756203 -23.32532 21.748 -8.756203 -23.41208 21.5266 -8.716603 -23.48338 21.3022 -8.684103 -23.53903 21.0753 -8.658703 -23.53903 21.0753 -8.658703 -23.57889 20.8466 -8.640604 -23.89702 20.8466 -10.208 -23.85379 21.0753 -10.2096 -23.79342 21.3022 -10.2117 -23.71608 21.5266 -10.2145 -23.62198 21.748 -10.2179 -23.51138 21.9656 -10.2218 -23.38456 22.179 -10.2263 -23.24188 22.3876 -10.2314 -23.21197 22.3876 -10.6847 -23.12261 22.3876 -11.1322 -23.12261 22.3876 -11.1322 -22.97536 22.3876 -11.566 -22.97536 22.3876 -11.566 -23.10693 22.179 -11.6166 -23.22386 21.9656 -11.6615 -23.32585 21.748 -11.7007 -23.53959 21.0753 -11.7829 -23.57945 20.8466 -11.7982 -23.57945 20.8466 -11.7982 -23.60342 20.6166 -11.8074 -23.77999 20.6166 -11.2872 -23.86139 20.8466 -10.7481 -23.81853 21.0753 -10.7439 -23.81853 21.0753 -10.7439 -23.75869 21.3022 -10.7381 -23.68203 21.5266 -10.7306 -23.58875 21.748 -10.7215 -23.47911 21.9656 -10.7108 -23.35341 22.179 -10.6985 -23.26032 22.179 -11.1646 -23.26032 22.179 -11.1646 -23.38271 21.9656 -11.1935 -23.48946 21.748 -11.2187 -23.58028 21.5266 -11.2401 -23.65492 21.3022 -11.2577 -23.71318 21.0753 -11.2715 -23.75491 20.8466 -11.2813 -23.90121 8.247194 -10.9523 -23.78836 0.1142817 -11.2892 -23.90121 0.1142817 -10.9523 -23.78836 8.247194 -11.2892 -23.36801 8.247194 -12.3063 -23.36801 0.1142817 -12.3063 -23.89008 0.1142817 -9.463803 -23.89008 8.247194 -9.463803 -23.80044 8.247194 -9.174803 -23.80044 8.247194 -9.174803 -23.78798 0.1142817 -9.134703 -23.78798 8.247194 -9.134703 -23.87443 8.191284 -9.073903 -23.89314 8.247194 -9.622403 -23.98612 8.191284 -9.613204 -23.98612 8.191284 -9.613204 -23.78706 8.247194 -11.2201 -23.89406 8.247194 -10.6913 -23.89407 8.247194 -10.6912 -23.87648 8.191284 -11.2467 -23.98707 8.191284 -10.7002 -23.96154 8.124703 -11.272 -23.96154 8.124703 -11.272 -24.07553 8.124703 -10.7087 -24.07553 8.124703 -10.7087 -24.04152 8.048064 -11.2958 -24.04152 8.048064 -11.2958 -24.15869 8.048064 -10.7167 -24.15869 8.048064 -10.7167 -24.15869 8.048064 -10.7167 -24.23584 7.962003 -10.7242 -24.23584 7.962003 -10.7242 -24.1157 7.962003 -11.3179 -23.60224 8.048064 -12.3431 -23.6707 7.962003 -12.3788 -23.52843 8.124703 -12.3046 -23.20705 8.124703 -12.7826 -23.44993 8.191284 -12.2636 -23.1364 8.191284 -12.7299 -23.3674 8.247194 -12.2206 -23.06212 8.247194 -12.6746 -23.7852 8.247194 -9.101304 -23.36382 8.247194 -8.130904 -23.44558 8.191284 -8.086403 -23.52336 8.124703 -8.044003 -23.95931 8.124703 -9.047904 -24.07456 8.124703 -9.604403 -24.07456 8.124703 -9.604403 -24.15771 8.048064 -9.596102 -24.23484 7.962003 -9.588402 -24.30629 7.867273 -10.731 -24.30529 7.867273 -9.581402 -24.36946 7.764703 -10.7371 -24.36844 7.764703 -9.575102 -24.42477 7.655173 -10.7424 -24.42374 7.655173 -9.569603 -24.47176 7.539643 -10.7469 -24.51002 7.419103 -10.7506 -24.50898 7.419103 -9.561102 -24.53922 7.294603 -10.7534 -24.53922 7.294603 -10.7534 -24.53817 7.294603 -9.558203 -24.55909 7.167223 -10.7553 -24.55804 7.167223 -9.556202 -24.56948 7.038063 -10.7563 -24.56843 7.038063 -9.555203 -24.43654 7.038063 -11.4133 -24.43654 6.975023 -11.4133 -23.96679 7.038063 -12.5332 -23.96679 6.975023 -12.5332 -23.60159 7.038063 -13.0764 -23.60159 6.975023 -13.0764 -23.08765 7.038063 -13.6618 -23.08765 7.038063 -13.6618 -23.08765 6.975023 -13.6618 -22.77879 7.038063 -13.662 -23.95766 6.975023 -7.807303 -24.43326 6.975023 -8.902503 -24.43326 7.038063 -8.902503 -23.95766 7.038063 -7.807303 -23.58545 6.975023 -7.281703 -23.58545 7.038063 -7.281703 -23.06992 7.038063 -6.732604 -22.77399 7.167223 -6.743003 -23.06537 7.167223 -6.742803 -23.06537 7.167223 -6.742803 -22.774 7.294603 -6.762603 -23.05667 7.294603 -6.762403 -23.05667 7.294603 -6.762403 -22.77402 7.419103 -6.791303 -23.0439 7.419103 -6.791103 -22.77405 7.539643 -6.828903 -23.02717 7.539643 -6.828703 -22.77408 7.655173 -6.875103 -23.00661 7.655173 -6.875003 -23.00661 7.655173 -6.875003 -22.77412 7.764703 -6.929503 -22.98241 7.764703 -6.929403 -22.98241 7.764703 -6.929403 -22.77416 7.867273 -6.991603 -22.95478 7.867273 -6.991503 -22.95478 7.867273 -6.991503 -22.92395 7.962003 -7.060803 -22.92395 7.962003 -7.060803 -22.77426 8.048064 -7.136803 -22.89021 8.048064 -7.136703 -22.85382 8.124703 -7.218503 -22.77432 8.124703 -7.218503 -22.77444 8.247194 -7.397003 -23.05777 8.247194 -7.698803 -23.13042 8.191284 -7.641304 -23.19953 8.124703 -7.586703 -23.26451 8.048064 -7.535403 -23.26451 8.048064 -7.535403 -23.59648 8.048064 -8.004103 -23.59648 8.048064 -8.004103 -24.18073 7.867273 -8.980004 -24.24133 7.764703 -8.961403 -24.29441 7.655173 -8.945103 -24.29441 7.655173 -8.945103 -24.3395 7.539643 -8.931303 -24.3762 7.419103 -8.920002 -24.40422 7.294603 -8.911402 -24.42329 7.167223 -8.905604 -23.94852 7.167223 -7.812303 -23.57733 7.167223 -7.288203 -23.5618 7.294603 -7.300403 -23.53899 7.419103 -7.318503 -23.5091 7.539643 -7.342103 -23.47239 7.655173 -7.371103 -23.42917 7.764703 -7.405203 -23.37983 7.867273 -7.444203 -23.32478 7.962003 -7.487703 -23.32478 7.962003 -7.487703 -23.32478 7.962003 -7.487703 -23.66431 7.962003 -7.967203 -23.72626 7.867273 -7.933403 -23.78179 7.764703 -7.903203 -23.83042 7.655173 -7.876703 -23.87174 7.539643 -7.854104 -23.87174 7.539643 -7.854104 -23.90538 7.419103 -7.835803 -23.93105 7.294603 -7.821804 -22.77838 8.247194 -12.9978 -22.77833 8.247194 -12.9979 -22.82092 8.191284 -13.0893 -22.86143 8.124703 -13.1762 -22.89952 8.048064 -13.258 -22.93485 7.962003 -13.3338 -23.39137 7.867273 -12.9199 -22.96712 7.867273 -13.4031 -22.77856 7.962003 -13.3339 -22.77851 8.048064 -13.2581 -22.77845 8.124703 -13.1763 -22.77839 8.191284 -13.0893 -22.99605 7.764703 -13.4652 -22.77869 7.655173 -13.5197 -23.02138 7.655173 -13.5195 -22.77872 7.539643 -13.5659 -23.0429 7.539643 -13.5657 -22.77875 7.419103 -13.6035 -23.06042 7.419103 -13.6033 -23.07379 7.294603 -13.632 -22.77878 7.167223 -13.6518 -23.0829 7.167223 -13.6516 -23.0829 7.167223 -13.6516 -23.59329 7.167223 -13.0702 -23.95757 7.167223 -12.5284 -24.40743 7.294603 -11.4047 -24.37936 7.419103 -11.3963 -24.34257 7.539643 -11.3854 -24.29738 7.655173 -11.3719 -24.24419 7.764703 -11.3561 -23.73323 7.867273 -12.4114 -23.78928 7.764703 -12.4406 -23.44182 7.764703 -12.9574 -23.57741 7.294603 -13.0584 -23.93993 7.294603 -12.5192 11.68278 20.4583 9.665177 2.332983 14.309 9.665177 2.332983 14.309 9.655957 2.332983 14.309 9.655957 2.332983 14.309 9.655957 2.332983 14.309 8.814027 2.332783 14.309 8.814027 2.332783 14.309 8.814027 2.332783 14.309 8.814027 0.1856822 14.309 8.814027 0.2224826 14.309 7.962866 2.332783 14.309 7.962866 2.332783 14.309 7.962866 2.332783 14.309 7.962866 2.566282 14.309 9.655957 2.566282 14.309 9.655957 2.566282 14.309 9.655957 2.566282 14.309 9.655957 2.332783 14.309 9.655957 2.332783 14.309 9.655957 2.332783 11.8327 7.952055 2.332783 11.8327 7.952055 2.332783 14.309 7.952055 2.332783 14.309 7.952055 2.566282 14.309 7.952055 2.566282 14.309 7.952055 2.566282 14.309 7.962866 2.566282 14.309 7.962866 2.566282 14.309 7.962866 2.566282 11.8327 7.952055 2.566282 11.8327 7.952055 11.68278 14.309 9.665177 11.68278 14.309 9.665177 3.820282 14.309 9.655957 3.820282 14.309 7.962866 4.053783 14.309 7.962866 4.053783 14.309 9.655957 9.961783 14.309 9.655957 9.961783 14.309 7.962866 10.19528 14.309 9.655957 10.19528 14.309 7.962866 9.961783 14.309 7.952055 10.19528 14.309 7.952055 10.19528 11.8327 7.952055 11.44928 14.309 9.655957 11.44928 14.309 9.655957 11.44928 14.309 9.655957 9.961783 11.8327 7.952055 11.68278 14.309 9.655957 11.68278 14.309 9.655957 11.68278 14.309 9.655957 11.44928 11.8327 7.952055 11.44928 11.8327 7.952055 11.44928 11.8327 7.952055 11.68278 11.8327 7.952055 11.68278 11.8327 7.952055 11.68278 11.8327 7.952055 11.44928 14.309 7.952055 11.44928 14.309 7.952055 11.44928 14.309 7.952055 11.68278 14.309 7.952055 11.68278 14.309 7.952055 11.68278 14.309 7.952055 11.68278 14.309 7.962866 11.68278 14.309 7.962866 11.68278 14.309 7.962866 11.44928 14.309 7.962866 11.44928 14.309 7.962866 11.44928 14.309 7.962866 11.68278 14.309 8.814027 11.68278 14.309 8.814027 13.82968 14.309 7.962866 13.79328 14.309 8.804368 14.01668 14.309 8.814027 11.68278 20.4583 8.814027 -11.56652 2.66624e-6 -19.8442 -11.56652 24 -19.8442 -11.56652 2.66624e-6 -16.7277 -22.77739 7.285473 -6.724503 -16.61965 2.66624e-6 11.80358 -15.65809 20.3516 11.80358 -15.65809 2.66624e-6 11.80358 -14.16802 20.3516 11.80358 -14.16802 20.3516 11.80358 -14.16802 20.3516 16.6368 -13.51992 24 16.6368 -13.51992 2.66624e-6 16.6368 -13.51992 2.66624e-6 19.8442 -13.51992 24 19.8442 -9.291418 24 19.8442 -9.291418 2.66624e-6 19.8442 -9.291418 2.66624e-6 16.6368 -9.291418 24 16.6368 -7.106617 20.3516 11.80358 -7.106617 24 11.80358 -0.2159175 6.808323 7.962866 -0.2159175 6.808323 7.962866 -0.2159175 2.66624e-6 7.962866 24.29658 6.466873 7.962866 24.29658 2.66624e-6 7.962866 -0.2159175 28.4805 7.962866 11.71318 28.4805 7.962866 11.71318 28.4805 7.962866 11.71318 24 7.962866 11.71318 24 7.962866 -9.291418 20.3516 11.80358 -9.291418 24 11.80358 -14.16802 24 16.6368 -14.16802 24 11.80358 -14.16802 24 11.80358 -20.64473 7.681713 2.032517 -20.64473 7.772993 1.953047 -20.64473 8.240683 1.055457 -20.64473 8.240683 -6.724503 -21.87403 8.240683 -6.724503 -22.11672 8.143923 -6.724503 -22.22795 8.083374 -6.724503 -22.33114 8.015383 -6.724503 -22.69785 7.586493 -6.724503 -22.7369 7.488133 -6.724503 -22.76349 7.387503 -6.724503 -22.76349 7.387503 2.180227 -22.77739 7.285473 2.197797 -22.7369 7.488133 2.146607 -22.69785 7.586493 2.097227 -22.64668 7.681713 2.032517 -22.58383 7.772993 1.953047 -22.33114 8.015383 1.633497 -22.22795 8.083374 1.503017 -22.11672 8.143923 1.362357 -21.87403 8.240683 1.055457 22.89088 6.808323 -5.783403 22.89088 10.8742 -5.783403 23.33298 10.8742 -5.783403 -13.15002 26.2896 -14.6917 -17.09765 26.2896 -17.8151 -17.09765 26.2896 -17.8151 -17.09765 26.2896 -14.6917 -13.15002 26.2896 -17.8151 -13.15002 26.2896 -17.8151 -13.15002 24 -17.8151 -13.15002 24 -17.8151 -13.15002 24 -14.6917 -17.09765 24 -14.6917 -17.09765 24 -17.8151 -17.09765 24 -17.8151 4.476282 24.4163 -8.675602 4.476282 2.66624e-6 -8.675602 5.069483 24.4163 -9.262101 5.069483 24.4163 -9.262101 5.069483 2.66624e-6 -9.262101 5.885683 24.4163 -10.5548 5.885683 24.4163 -13.2933 5.069483 2.66624e-6 -14.5479 5.069483 24.4163 -14.5479 4.476282 24.4163 -15.1068 4.476282 2.66624e-6 -15.1068 3.924982 2.66624e-6 -15.4986 3.924982 24.4163 -15.4986 3.924982 24.4163 -15.4986 -0.2159175 24 -8.259102 11.71318 2.66624e-6 -8.259102 -0.2159175 2.66624e-6 -8.259102 11.71318 24 -8.259102 -0.2159175 28.4805 -8.258103 11.71318 24 -8.258103 -0.2159175 24 -8.258103 11.71318 28.4805 -8.258103 16.89448 14.9402 5.488087 16.89448 6.808322 5.488087 24.56948 7.251203 9.938047 24.56948 6.466872 9.938047 24.56948 6.466872 9.938047 -0.9232178 6.466872 9.938047 -1.066717 7.251203 10.67106 -1.511417 7.251203 11.67158 -1.749918 7.251203 11.5363 -2.049118 7.251203 11.96097 -3.231617 7.251203 12.94329 -4.186718 7.251203 13.30017 -4.689917 7.251203 13.38513 -5.088518 7.251203 13.38513 -5.088518 7.251203 13.38513 -5.088518 7.251203 15.65052 -5.088518 7.251203 15.65052 -5.088518 6.808322 15.65052 -5.088518 6.808322 15.65052 -5.088518 6.808322 13.38513 -5.088518 6.808322 13.38513 -4.689917 6.808322 13.38513 -4.186718 6.808322 13.30017 -3.231617 6.808322 12.94329 -2.049118 6.808322 11.96097 -1.749918 6.808322 11.5363 24.29658 7.251203 -8.258103 24.29658 6.808322 -8.258103 16.89448 6.808322 -8.258103 16.89448 7.251203 -8.258103 24.56948 7.251203 -8.531002 24.56948 6.466872 -8.531002 24.56948 6.466872 -8.531002 24.29658 6.466872 -8.258103 24.29658 6.466872 9.665177 -1.171118 6.466872 9.665177 -1.066717 6.466872 10.67106 -1.066717 6.466872 10.67106 -1.210417 6.466872 10.074 -1.326918 6.466872 10.58448 -1.511417 6.466872 11.67158 -1.511417 6.466872 11.67158 -1.749918 6.466872 11.5363 -1.841618 6.466872 12.14021 -2.049118 6.466872 11.96097 -2.628418 6.466872 12.88739 -2.796417 6.466872 12.67068 -3.110117 6.466872 13.18921 -3.231617 6.466872 12.94329 -4.117317 6.466872 13.56554 -4.186718 6.466872 13.30017 -4.666517 6.466872 13.65069 -4.689917 6.466872 13.38513 -4.815617 6.466872 13.65329 -5.088518 6.466872 13.38513 -5.088518 6.466872 15.65052 -4.815617 6.466872 15.92339 -4.815617 6.466872 15.92339 -7.106617 6.466872 15.92339 -7.106617 6.466872 15.92339 -7.106617 6.466872 15.92339 -7.106617 6.466872 15.65052 -7.106617 6.466872 15.65052 -7.106617 7.251203 15.65052 -7.106617 7.251203 15.65052 -7.106617 7.251203 15.92339 -7.106617 7.251203 15.92339 -4.815617 7.251203 15.92339 -0.9404183 6.466872 10.11757 -0.9404183 6.466872 10.11757 -0.9404183 7.251203 10.11757 -7.106617 6.808322 15.65052 16.89448 6.466872 -8.531002 16.89448 6.466872 -8.258103 -16.61965 24 11.80358 -17.4856 24.4163 9.152627 -17.68046 24.4163 9.022458 -18.01119 24.4163 8.690007 -18.14117 24.4163 8.493457 -18.24427 24.4163 8.281137 -18.31862 24.4163 8.056803 -18.36285 24.4163 7.824422 -18.43455 24.4163 6.550367 -19.08231 24.4163 9.030027 -19.24789 24.4163 8.689057 -19.36719 24.4163 8.329087 -19.43812 24.4163 7.956423 -19.45641 24.4163 7.631355 -19.45641 24.4163 7.631355 -19.56374 24.4163 6.550367 -20.64473 24.4163 7.631355 -20.64473 24.4163 7.631355 -20.64473 24.4163 -6.724502 -19.56374 24.4163 -7.805402 -20.8971 24.4163 -7.805402 -22.86277 24.4163 -11.075 -22.95107 24.4163 -10.6777 -22.95107 24.4163 -9.865801 -22.98071 24.4163 -10.2718 -22.98071 24.4163 -10.2718 -22.98071 24 -10.2718 -22.98071 24 -10.2718 -22.95107 24 -10.6777 -22.86277 24 -11.075 -21.97809 24 -12.4161 -21.97809 24.4163 -12.4161 -21.97809 24.4163 -13.6536 -21.97809 24.4163 -13.6536 -21.89685 24.4163 -10.2718 -20.8971 24 -7.805402 -20.8971 24 -7.805402 -19.56374 24 -7.805402 -19.56374 24 -7.805402 -19.56374 24 6.550367 -19.56374 24 6.550367 -18.43455 24 6.550367 -18.43455 24 6.550367 -18.36285 24 7.824422 -18.36285 24 7.824422 -18.31862 24 8.056803 -18.31862 24 8.056803 -18.24427 24 8.281137 -18.24427 24 8.281137 -18.14117 24 8.493457 -18.14117 24 8.493457 -18.01119 24 8.690007 -18.01119 24 8.690007 -17.8567 24 8.867367 -17.68046 24 9.022458 -17.68046 24 9.022458 -17.4856 24 9.152627 -17.4856 24 9.152627 -17.27557 24 9.255667 -17.05402 24 9.329847 -16.8248 24 9.373917 -15.53866 24 9.447037 -15.53866 24 10.72259 -13.08702 24 10.72259 -13.51992 24.4163 16.6368 -13.51992 24 16.6368 -13.51992 24 19.8442 -13.51992 24 19.8442 -13.51992 24.4163 19.8442 -13.51992 24.4163 19.8442 -9.291418 24.4163 19.8442 -9.291418 24 19.8442 -7.106617 24.4163 11.80358 -7.106617 24 11.80358 -7.106617 24 10.357 -7.106617 24.4163 10.357 -4.811417 24.4163 9.302037 -4.811417 24 9.302037 -4.589918 24.4163 8.987688 -4.589918 24 8.987688 -4.410618 24.4163 8.646047 -4.410618 24 8.646047 -4.190418 24.4163 7.905245 -4.190418 24 7.905245 -4.164118 24.4163 7.631355 -4.164118 24 7.631355 -5.146317 24.4163 6.550367 -5.259817 24.4163 7.732608 -5.315018 24.4163 7.974374 -5.400417 24.4163 8.205857 -5.514217 24.4163 8.422758 -5.654118 24.4163 8.621197 -5.817017 24.4163 8.797758 -6.411217 24.4163 9.170397 -6.632618 24.4163 9.236377 -10.37242 24.4163 18.7632 -12.43892 24.4163 18.7632 -12.43892 24.4163 18.7632 -13.08702 24.4163 15.5558 -12.43892 24.4163 15.5558 -12.43892 24.4163 15.5558 -12.43892 24 15.5558 -12.43892 24 15.5558 -12.43892 24 15.5558 -13.08702 24 15.5558 -13.08702 24 15.5558 -12.64742 24 -15.6467 -10.37242 24 10.72259 -10.37242 24 18.7632 -10.37242 24 18.7632 -12.43892 24 18.7632 -12.43892 24 18.7632 -12.43892 24 18.7632 -8.187619 24 10.72259 -8.187619 24 9.294637 -6.859518 24 9.271547 -6.632618 24 9.236377 -6.632618 24 9.236377 -6.411217 24 9.170397 -6.411217 24 9.170397 -6.199118 24 9.074387 -5.999817 24 8.949587 -5.817017 24 8.797758 -5.817017 24 8.797758 -5.654118 24 8.621197 -5.654118 24 8.621197 -5.514217 24 8.422758 -5.514217 24 8.422758 -5.400417 24 8.205857 -5.400417 24 8.205857 -5.315018 24 7.974374 -5.315018 24 7.974374 -5.259817 24 7.732608 -5.259817 24 7.732608 -5.146317 24 6.550367 -5.146317 24 6.550367 -0.2159175 24 6.550367 -0.2159175 24 -8.258103 2.843983 24 -15.6467 2.843983 24 -14.9406 3.789282 24 -14.2689 3.561882 24 -9.3391 3.561882 24 -8.258103 4.476282 24.4163 -8.675602 4.476282 24 -8.675602 5.069483 24 -9.262101 5.885683 24 -10.5548 6.094282 24 -12.6196 6.094282 24.4163 -12.6196 5.885683 24 -13.2933 3.924982 24.4163 -16.7277 3.924982 24.4163 -16.7277 -11.56652 24.4163 -16.7277 -11.56652 24.4163 -16.7277 -11.56652 24 -16.7277 -11.56652 24 -16.7277 -11.56652 24 -19.8442 -11.56652 24 -19.8442 -11.56652 24.4163 -19.8442 -11.56652 24.4163 -19.8442 -18.68117 24.4163 -19.8442 -18.68117 24 -19.8442 -18.68117 24 -13.6536 -18.68117 24.4163 -13.6536 -21.97809 24 -13.6536 -21.97809 24 -13.6536 -21.8787 24.4163 -10.5203 -21.8787 24 -10.5203 -21.89685 24 -10.2718 -21.46217 24 -11.4111 -20.8971 24 -11.9579 -20.8971 24 -12.5727 -17.60018 24 -12.5727 -17.60018 24 -12.5727 -17.60018 24 -18.7632 -17.60018 24 -18.7632 -12.64742 24 -18.7632 4.897482 24.4163 -12.8299 4.897482 24 -12.8299 4.897482 24 -12.8299 4.233982 24 -13.8499 4.221483 24 -9.9438 3.766983 24 -9.4944 4.892883 24.4163 -11.0072 5.013283 24.4163 -11.4075 5.013283 24.4163 -12.4561 5.013283 24 -12.4561 5.013283 24 -12.4561 5.013283 24 -11.4075 5.013283 24 -11.4075 4.892883 24 -11.0072 4.892883 24 -11.0072 -17.60018 24.4163 -18.7632 -17.60018 24.4163 -12.5727 -20.8971 24.4163 -11.9579 -21.46217 24.4163 -11.4111 -22.95107 24 -9.865801 -20.64473 24 -6.724502 -20.64473 24 7.631355 -20.64473 24 7.631355 -19.45641 24 7.631355 -19.45641 24 7.631355 -19.43812 24 7.956423 -19.36719 24 8.329087 -19.24789 24 8.689057 -19.08231 24 9.030027 -3.357817 20.9096 8.574777 -3.574017 21.1338 9.043677 -3.537218 20.9096 9.060937 -3.396517 21.1338 8.562667 -3.337818 21.3561 8.052478 -3.299517 21.3561 7.65243 -3.409117 21.5761 8.040438 -3.371218 21.5761 7.645299 -3.597918 22.0063 8.008572 -3.714817 22.2155 7.98883 -4.375418 22.8123 8.667127 -4.557417 22.8123 9.013967 -4.811417 22.9993 9.302037 -4.782217 22.8123 9.333107 -5.071217 22.9993 9.583577 -5.045917 22.8123 9.618947 -5.670917 22.8123 10.07134 -5.687017 22.9993 10.02917 -6.021217 22.8123 10.22996 -6.032217 22.9993 10.18541 -6.388718 22.8123 10.33955 -6.394318 22.9993 10.29334 -6.753817 22.619 10.56442 -6.741917 22.4199 10.71621 -6.713217 21.793 11.08098 -6.706118 21.5761 11.17128 -7.090317 21.3561 11.25229 -6.700317 21.3561 11.2455 -7.089518 21.1338 11.31029 -6.695717 21.1338 11.30344 -7.088917 20.9096 11.35183 -6.692518 20.9096 11.34493 -7.088617 20.6843 11.3768 -6.690517 20.6843 11.36987 -7.088518 20.4583 11.38513 -6.689917 20.4583 11.37819 -5.697718 20.4583 11.15435 -5.697718 6.808322 11.15435 -5.231617 6.808322 10.94329 -5.231617 20.4583 10.94329 -4.049118 20.4583 9.960967 -3.749918 6.808322 9.536297 -3.749918 20.4583 9.536297 -3.749918 20.4583 9.536297 -3.507818 6.808322 9.074777 -3.507818 20.4583 9.074777 -3.326918 6.808322 8.584477 -3.326918 20.4583 8.584477 -3.326918 20.4583 8.584477 -3.210417 6.808322 8.074002 -3.210417 20.4583 8.074002 -3.210417 20.4583 8.074002 -3.171118 6.808322 7.665178 -3.171118 20.4583 7.665178 -3.218317 20.6843 8.072652 -3.334618 20.6843 8.582047 -3.756817 20.6843 9.531867 -4.055317 20.6843 9.955637 -4.421917 20.9096 10.3168 -4.405418 20.6843 10.33518 -4.801117 20.6843 10.66385 -4.815018 20.9096 10.64339 -4.449217 21.1338 10.28621 -4.838217 21.1338 10.60934 -4.487417 21.3561 10.24351 -4.870617 21.3561 10.56179 -4.536318 21.5761 10.1888 -4.536318 21.5761 10.1888 -4.912018 21.5761 10.50089 -4.595917 21.793 10.12224 -4.962517 21.793 10.42679 -4.962517 21.793 10.42679 -5.021818 22.0063 10.33968 -5.089718 22.2155 10.23981 -6.354418 22.619 10.5025 -6.323118 22.4199 10.65128 -6.247917 21.793 11.00884 -6.229317 21.5761 11.09736 -5.700417 20.6843 11.1465 -5.235317 20.6843 10.93588 -5.246517 20.9096 10.91369 -5.265118 21.1338 10.87677 -5.291018 21.3561 10.82523 -5.324318 21.5761 10.75919 -5.364817 21.793 10.67885 -5.412418 22.0063 10.58441 -5.466917 22.2155 10.47613 -5.830818 22.0063 10.77389 -5.795818 21.793 10.87401 -5.766018 21.5761 10.95918 -5.741518 21.3561 11.02919 -5.722418 21.1338 11.08384 -5.708717 20.9096 11.12298 -4.657917 22.619 9.439618 -4.544317 22.4199 9.536857 -4.350817 22.0063 9.702548 -4.271418 21.793 9.770557 -4.203917 21.5761 9.828407 -4.148317 21.3561 9.875957 -4.105017 21.1338 9.913067 -3.625217 21.3561 9.019577 -3.450417 21.3561 8.545777 -3.519518 21.5761 8.524127 -3.702517 22.0063 8.466837 -3.815817 22.2155 8.431347 -4.228317 22.619 8.736277 -4.420418 22.619 9.102578 -4.420418 22.619 9.102578 -4.295418 22.4199 9.183477 -4.082317 22.0063 9.321317 -3.994818 21.793 9.377887 -3.691017 21.5761 8.988707 -3.770918 21.793 8.951148 -3.864918 22.0063 8.906987 -4.410618 22.9993 8.646047 -4.410618 24 8.646047 -4.276617 22.9993 8.283117 -4.276617 24 8.283117 -17.06123 8.045832 11.79251 -17.56257 8.045832 11.53829 -17.56257 8.045832 11.53829 -17.59351 8.045832 11.69108 -17.59351 8.045832 11.69108 -17.03029 8.045832 11.63973 -17.19405 6.148012 9.718768 -17.59351 6.681762 11.69108 -17.56257 6.776312 11.53829 -17.19405 6.242562 9.718768 -18.14392 8.045832 11.50784 -18.55292 8.045832 11.12874 -18.62633 8.045832 11.26721 -18.07052 8.045832 11.36937 -17.55206 21.748 11.23726 -17.06634 21.748 11.33065 -17.03777 22.179 11.09791 -17.02061 22.3876 10.95804 -17.02061 22.3876 10.95804 -17.45774 22.3876 10.87399 -17.00157 22.5908 10.803 -17.41849 22.5908 10.72283 -16.98073 22.7881 10.63319 -17.3755 22.7881 10.55728 -16.95813 22.9789 10.44908 -17.3289 22.9789 10.37778 -17.68704 22.9789 10.25787 -18.02628 22.9789 10.09145 -18.02628 22.9789 10.09145 -18.02628 24 10.09145 -18.34067 22.9789 9.881417 -18.34067 22.9789 9.881417 -18.34067 24 9.881417 -18.62468 22.9789 9.631487 -18.62468 22.9789 9.631487 -18.62468 24 9.631487 -18.87335 24 9.346017 -18.87335 22.9789 9.346017 -19.08231 24 9.030027 -19.08231 22.9789 9.030027 -19.43812 24 7.956423 -19.43812 22.9789 7.956423 -19.45735 24 7.61478 -19.45735 22.9789 7.61478 -19.79024 22.5908 8.00009 -19.9445 22.3876 8.01922 -20.08366 22.179 8.036478 -20.20735 21.9656 8.051815 -20.31522 21.748 8.065194 -20.407 21.5266 8.076574 -20.64094 20.386 7.682063 -20.61727 20.386 8.102651 -20.61727 13.0201 8.102651 -20.64094 13.0201 7.682063 -20.51678 13.0201 8.630637 -20.51678 20.386 8.630637 -20.34775 20.386 9.140647 -20.11315 20.386 9.623737 -19.8171 20.386 10.07143 -19.46479 20.386 10.47588 -19.0624 20.386 10.82999 -17.08697 21.3022 11.49871 -16.67322 21.5266 11.44589 -17.07767 21.5266 11.4229 -16.66801 21.748 11.3533 -16.65487 22.179 11.11968 -16.64697 22.3876 10.97928 -16.64697 22.3876 10.97928 -16.63821 22.5908 10.82365 -16.62862 22.7881 10.65321 -16.61822 22.9789 10.4684 -17.57542 21.5266 11.32719 -18.05622 21.5266 11.16621 -18.02125 21.748 11.08017 -17.98014 21.9656 10.97903 -17.87999 22.3876 10.73261 -17.82121 22.5908 10.58799 -17.75684 22.7881 10.4296 -18.11804 22.7881 10.2524 -18.45278 22.7881 10.02878 -18.75519 22.7881 9.762658 -18.75519 22.7881 9.762658 -19.01996 22.7881 9.458707 -19.41875 22.7881 8.759207 -19.54577 22.7881 8.375927 -19.71048 22.5908 8.419137 -19.71048 22.5908 8.419137 -19.86088 22.3876 8.458587 -19.99655 22.179 8.494177 -20.11713 21.9656 8.525807 -20.2223 21.748 8.553387 -20.31177 21.5266 8.576857 -20.44271 21.0753 8.611207 -20.48382 20.8466 8.621997 -20.33986 20.6166 9.137407 -20.10576 20.6166 9.619477 -19.81033 20.6166 10.06623 -19.45877 20.6166 10.46983 -19.05722 20.6166 10.82319 -18.61274 20.6166 11.12012 -18.13312 20.6166 11.35542 -17.59461 21.3022 11.4011 -18.08496 21.3022 11.23692 -18.54942 21.3022 11.00906 -18.46566 21.748 10.86214 -18.41162 21.9656 10.76735 -18.27995 22.3876 10.5364 -18.20268 22.5908 10.40085 -18.55619 22.5908 10.16469 -18.87556 22.5908 9.883637 -19.15518 22.5908 9.562647 -19.39014 22.5908 9.207327 -19.57633 22.5908 8.823907 -20.27689 21.0753 9.111547 -20.31622 20.8466 9.127697 -19.44071 20.8466 10.45167 -19.0417 20.8466 10.8028 -18.60004 20.8466 11.09785 -18.12346 20.8466 11.33166 -18.10739 21.0753 11.29212 -18.57892 21.0753 11.0608 -18.57892 21.0753 11.0608 -19.01589 21.0753 10.76888 -19.01589 21.0753 10.76888 -18.97986 21.3022 10.72151 -18.87752 21.748 10.58701 -18.81149 21.9656 10.50023 -18.73579 22.179 10.40073 -18.65061 22.3876 10.28878 -18.98546 22.3876 9.994107 -19.27864 22.3876 9.657547 -19.525 22.3876 9.284996 -19.99526 21.3022 9.555837 -20.04674 21.0753 9.585487 -19.7563 21.0753 10.02469 -19.41066 21.0753 10.42148 -19.36871 21.3022 10.37931 -19.31497 21.5266 10.3253 -19.24959 21.748 10.25958 -19.17273 21.9656 10.18233 -19.08461 22.179 10.09376 -19.39002 22.179 9.743157 -19.48901 21.9656 9.819247 -19.6488 21.5266 9.942067 -19.70917 21.3022 9.988467 -19.70917 21.3022 9.988467 -18.07083 8.045832 11.36715 -18.07083 6.776312 11.36715 -17.56341 6.776312 11.53704 -17.56341 8.045832 11.53704 -19.59345 13.0169 7.618585 -16.61587 8.045832 10.61244 -16.61587 13.0169 10.61244 -19.59345 8.045832 7.618585 -21.55829 12.0249 -2.618262 -21.55829 12.0249 -2.652822 -21.60629 12.0249 -2.652822 -21.60629 12.0249 -2.618262 -20.64473 13.1402 -2.618262 -20.64473 12.0249 -2.618262 -20.69273 12.0249 -2.652822 -20.69273 12.0249 -2.618262 -20.69273 12.0249 -2.618262 -20.69273 13.1402 -2.618262 -20.69273 13.1402 -2.618262 -20.69273 13.1402 -2.652822 -21.55829 12.0249 -2.845302 -21.60629 12.0249 -2.845302 -21.60629 13.1402 -2.845302 -21.55829 13.1402 -2.845302 -21.55829 13.1402 -3.195602 -21.60629 13.1402 -3.195602 -21.60629 13.1402 -3.230202 -21.55829 13.1402 -3.230202 -21.55829 12.0249 -3.388102 -21.55829 12.0249 -3.422602 -21.60629 12.0249 -3.422602 -21.60629 12.0249 -3.388102 -21.55829 12.0249 -3.615102 -21.60629 12.0249 -3.615102 -21.60629 13.1402 -3.615102 -21.55829 13.1402 -3.615102 -21.55829 13.1402 -3.773002 -21.55829 12.0249 -3.773002 -21.55829 12.0249 -3.807502 -21.55829 12.0249 -3.807502 -21.60629 12.0249 -3.807502 -21.60629 13.1402 -3.807502 -21.55829 13.1402 -3.807502 -21.55829 13.1402 -3.807502 -21.55829 13.1402 -3.965402 -21.55829 12.0249 -3.965402 -21.55829 12.0249 -4.000002 -21.55829 13.1402 -4.000002 -21.55829 13.1402 -4.350302 -21.55829 12.0249 -4.350302 -21.55829 12.0249 -4.384902 -21.55829 13.1402 -4.384902 -21.55829 13.1402 -4.542802 -21.55829 12.0249 -4.542802 -21.55829 12.0249 -4.577403 -21.55829 12.0249 -4.577403 -21.60629 12.0249 -4.577403 -21.60629 12.0249 -4.542802 -21.60629 13.1402 -4.542802 -21.60629 13.1402 -4.577403 -21.55829 13.1402 -4.577403 -21.55829 13.1402 -4.577403 -21.55829 13.1402 -4.735302 -21.55829 12.0249 -4.735302 -21.55829 12.0249 -4.769803 -21.55829 13.1402 -4.769803 -21.55829 12.0249 -4.927702 -21.55829 12.0249 -4.962302 -21.60629 12.0249 -4.962302 -21.60629 12.0249 -4.927702 -21.55829 12.0249 -5.120203 -21.55829 12.0249 -5.154702 -21.60629 12.0249 -5.154702 -21.60629 12.0249 -5.120203 -21.55829 13.1402 -5.312602 -21.55829 12.0249 -5.312602 -21.60629 12.0249 -5.347202 -21.60629 12.0249 -5.312602 -21.60629 12.0249 -5.312602 -21.60629 13.1402 -5.312602 -21.60629 13.1402 -5.312602 -21.60629 13.1402 -5.347202 -21.55829 12.0249 -5.505103 -21.55829 12.0249 -5.539602 -21.60629 12.0249 -5.539602 -21.60629 12.0249 -5.505103 -21.55829 12.0249 -5.697503 -21.55829 12.0249 -5.732102 -21.60629 12.0249 -5.732102 -21.60629 12.0249 -5.697503 -21.55829 13.1402 -6.082402 -21.55829 12.0249 -6.082402 -21.55829 12.0249 -6.117002 -21.55829 13.1402 -6.117002 -21.55829 13.1402 -6.274902 -21.55829 12.0249 -6.274902 -21.55829 12.0249 -6.309502 -21.55829 13.1402 -6.309502 -21.05815 12.0249 -2.652822 -21.05815 12.0249 -2.618262 -21.05815 13.1402 -2.618262 -21.05815 13.1402 -2.652822 -20.82744 13.1402 -2.618262 -20.82744 12.0249 -2.618262 -20.87544 12.0249 -2.618262 -20.87544 13.1402 -2.618262 -21.01015 12.0249 -6.303102 -21.05815 12.0249 -6.303102 -21.05815 13.1402 -6.303102 -21.01015 13.1402 -6.303102 -21.37557 13.1402 -6.268502 -21.37557 12.0249 -6.268502 -21.37557 12.0249 -6.303102 -21.37557 13.1402 -6.303102 -21.19286 12.0249 -6.268502 -21.19286 12.0249 -6.303102 -21.24086 12.0249 -6.303102 -21.24086 12.0249 -6.268502 -21.62906 13.2191 -6.325902 -20.64473 13.2119 -6.335302 -20.64473 13.2119 -6.335302 -21.6385 13.2119 -6.335302 -20.64473 13.2191 -6.325902 -20.64473 13.2191 -6.325902 -20.64473 13.2237 -6.314902 -21.60629 13.2252 -6.303102 -20.64473 13.2252 -6.303102 -21.59449 13.2237 -6.291302 -20.64473 13.2237 -6.291302 -21.58351 13.2191 -6.280303 -20.64473 13.2191 -6.280303 -20.64473 13.2119 -6.270902 -20.64473 13.2024 -6.263602 -20.64473 13.1915 -6.259102 -20.64473 13.1797 -6.257502 -21.56228 13.1679 -6.259102 -20.64473 13.1679 -6.259102 -21.56683 13.1569 -6.263602 -20.64473 13.1569 -6.263602 -21.57407 13.1474 -6.270902 -20.64473 13.1474 -6.270902 -20.64473 13.1474 -6.270902 -21.58351 13.1402 -6.280303 -21.58351 13.1402 -2.641042 -21.57407 13.1474 -2.650472 -21.56683 13.1569 -2.657712 -21.56228 13.1679 -2.662262 -21.56228 13.1915 -2.662262 -21.56683 13.2024 -2.657712 -21.58351 13.2191 -2.641042 -21.59449 13.2237 -2.630052 -21.60629 13.2252 -2.618262 -21.65184 13.1797 -6.348602 -21.65184 13.1797 -6.348602 -21.65184 13.1797 -2.572702 -21.65184 13.1797 -2.572702 -21.65029 13.1679 -2.574262 -21.65029 13.1679 -2.574262 -21.65029 13.1679 -6.347103 -21.65029 13.1679 -6.347103 -20.64473 13.1679 -6.347103 -20.64473 13.1679 -6.347103 -20.64473 13.1797 -6.348602 -20.64473 13.1797 -6.348602 -20.64473 13.1915 -6.347103 -20.64473 13.2024 -6.342502 -20.64473 13.1569 -6.342502 -20.64473 13.1474 -6.335302 -20.64473 13.1402 -6.325902 -20.64473 13.1357 -6.314902 -20.64473 13.1341 -6.303102 -20.64473 13.1357 -6.291302 -20.64473 13.1402 -6.280303 -20.64473 13.1402 -6.280303 -21.59449 13.1357 -2.630052 -20.64473 13.1357 -2.630052 -20.64473 13.1357 -2.630052 -20.64473 13.1402 -2.641042 -20.64473 13.1402 -2.641042 -20.64473 13.1474 -2.650472 -20.64473 13.1474 -2.650472 -20.64473 13.1569 -2.657712 -20.64473 13.1569 -2.657712 -20.64473 13.1679 -2.662262 -20.64473 13.1679 -2.662262 -20.64473 13.1797 -2.663823 -20.64473 13.1915 -2.662262 -20.64473 13.1915 -2.662262 -20.64473 13.2024 -2.657712 -20.64473 13.2024 -2.657712 -20.64473 13.2119 -2.650472 -20.64473 13.2191 -2.641042 -20.64473 13.2237 -2.630052 -20.64473 13.2252 -2.618262 -20.64473 13.2237 -2.606472 -20.64473 13.2191 -2.595482 -20.64473 13.2119 -2.586052 -20.64473 13.2024 -2.578812 -20.64473 13.1915 -2.574262 -20.64473 13.1797 -2.572702 -20.64473 13.1679 -2.574262 -21.64574 13.1569 -2.578812 -20.64473 13.1569 -2.578812 -20.64473 13.1569 -2.578812 -21.6385 13.1474 -2.586052 -21.6385 13.1474 -2.586052 -20.64473 13.1474 -2.586052 -20.64473 13.1474 -2.586052 -21.62906 13.1402 -2.595482 -20.64473 13.1402 -2.595482 -21.61808 13.1357 -2.606472 -20.64473 13.1357 -2.606472 -21.60629 13.1341 -2.618262 -20.64473 13.1341 -2.618262 -21.60629 13.1341 -6.303102 -21.61808 13.1357 -6.314902 -21.62906 13.1402 -6.325902 -21.6385 13.1474 -6.335302 -20.64473 12.0249 -2.618262 -21.60629 12.0249 -6.303102 -21.60629 12.0249 -2.618262 -20.64473 12.0249 -6.303102 -20.64473 11.8612 -6.303102 -20.64473 11.8612 -6.303102 -20.64473 11.8612 -2.618262 -20.64473 11.8612 -2.618262 -21.60629 11.8612 -2.618262 -21.60629 11.8612 -2.618262 -21.60629 11.8612 -6.303102 -21.60629 11.8612 -6.303102 -21.55829 13.1402 7.269295 -21.55829 12.0249 7.269295 -21.55829 12.0249 7.234735 -21.55829 12.0249 7.234735 -21.60629 12.0249 7.234735 -21.60629 12.0249 7.234735 -21.60629 12.0249 7.269295 -21.60629 13.1402 7.269295 -21.60629 13.1402 7.234735 -21.60629 13.1402 7.234735 -21.55829 13.1402 7.234735 -21.55829 13.1402 7.234735 -20.64473 13.1402 7.269295 -20.64473 12.0249 7.269295 -20.64473 12.0249 7.269295 -20.64473 12.0249 7.234735 -20.69273 12.0249 7.234735 -20.69273 12.0249 7.269295 -20.69273 12.0249 7.269295 -20.69273 13.1402 7.269295 -20.64473 13.1402 3.612667 -20.64473 13.1402 3.612667 -20.64473 12.0249 3.612667 -20.64473 12.0249 3.578107 -20.69273 12.0249 3.578107 -20.69273 12.0249 3.612667 -20.69273 13.1402 3.612667 -20.69273 13.1402 3.612667 -20.69273 13.1402 3.578107 -20.69273 13.1402 3.578107 -20.64473 13.1402 3.578107 -20.64473 13.1402 3.578107 -21.55829 13.1402 7.076841 -21.55829 13.1402 7.076841 -21.55829 12.0249 7.076841 -21.55829 12.0249 7.042281 -21.60629 12.0249 7.042281 -21.60629 12.0249 7.076841 -21.60629 13.1402 7.076841 -21.60629 13.1402 7.076841 -21.60629 13.1402 7.042281 -21.60629 13.1402 7.042281 -21.55829 13.1402 7.042281 -21.55829 13.1402 7.042281 -21.55829 13.1402 6.884387 -21.55829 13.1402 6.884387 -21.55829 12.0249 6.884387 -21.55829 12.0249 6.884387 -21.55829 12.0249 6.849827 -21.60629 12.0249 6.849827 -21.60629 12.0249 6.849827 -21.60629 12.0249 6.884387 -21.60629 12.0249 6.884387 -21.60629 12.0249 6.884387 -21.60629 13.1402 6.884387 -21.60629 13.1402 6.884387 -21.60629 13.1402 6.884387 -21.60629 13.1402 6.849827 -21.60629 13.1402 6.849827 -21.55829 13.1402 6.849827 -21.55829 13.1402 6.691932 -21.60629 12.0249 6.657372 -21.60629 12.0249 6.691932 -21.60629 13.1402 6.691932 -21.60629 13.1402 6.691932 -21.60629 13.1402 6.657372 -21.60629 13.1402 6.657372 -21.55829 13.1402 6.657372 -21.55829 13.1402 6.499478 -21.55829 13.1402 6.499478 -21.55829 12.0249 6.499478 -21.60629 12.0249 6.464918 -21.60629 12.0249 6.499478 -21.60629 12.0249 6.499478 -21.60629 13.1402 6.499478 -21.60629 13.1402 6.499478 -21.60629 13.1402 6.499478 -21.60629 13.1402 6.464918 -21.60629 13.1402 6.464918 -21.55829 13.1402 6.464918 -21.55829 13.1402 6.307024 -21.55829 12.0249 6.307024 -21.55829 12.0249 6.272464 -21.60629 12.0249 6.272464 -21.60629 12.0249 6.307024 -21.60629 13.1402 6.307024 -21.60629 13.1402 6.272464 -21.55829 13.1402 6.272464 -21.55829 13.1402 6.114567 -21.55829 13.1402 6.114567 -21.55829 12.0249 6.114567 -21.55829 12.0249 6.080007 -21.60629 12.0249 6.080007 -21.60629 12.0249 6.114567 -21.60629 13.1402 6.114567 -21.60629 13.1402 6.114567 -21.60629 13.1402 6.080007 -21.60629 13.1402 6.080007 -21.55829 13.1402 6.080007 -21.55829 13.1402 6.080007 -21.55829 13.1402 5.922117 -21.55829 12.0249 5.922117 -21.55829 12.0249 5.887557 -21.55829 13.1402 5.887557 -21.55829 13.1402 5.729657 -21.55829 12.0249 5.729657 -21.55829 12.0249 5.695097 -21.60629 12.0249 5.695097 -21.60629 12.0249 5.729657 -21.60629 12.0249 5.729657 -21.60629 13.1402 5.729657 -21.60629 13.1402 5.729657 -21.60629 13.1402 5.695097 -21.55829 13.1402 5.695097 -21.55829 13.1402 5.537207 -21.55829 12.0249 5.537207 -21.55829 12.0249 5.502647 -21.60629 12.0249 5.502647 -21.60629 12.0249 5.537207 -21.60629 12.0249 5.537207 -21.60629 13.1402 5.537207 -21.60629 13.1402 5.537207 -21.60629 13.1402 5.502647 -21.55829 13.1402 5.502647 -21.55829 13.1402 5.344757 -21.55829 12.0249 5.344757 -21.55829 12.0249 5.310197 -21.55829 12.0249 5.310197 -21.60629 12.0249 5.310197 -21.60629 12.0249 5.344757 -21.60629 13.1402 5.344757 -21.60629 13.1402 5.310197 -21.55829 13.1402 5.310197 -21.55829 13.1402 5.310197 -21.55829 13.1402 5.152297 -21.55829 12.0249 5.152297 -21.55829 12.0249 5.117737 -21.55829 13.1402 5.117737 -21.55829 13.1402 4.959847 -21.55829 13.1402 4.959847 -21.55829 12.0249 4.959847 -21.55829 12.0249 4.959847 -21.55829 12.0249 4.925287 -21.55829 12.0249 4.925287 -21.55829 12.0249 4.925287 -21.60629 12.0249 4.925287 -21.60629 12.0249 4.925287 -21.60629 12.0249 4.925287 -21.60629 12.0249 4.959847 -21.60629 12.0249 4.959847 -21.60629 12.0249 4.959847 -21.60629 13.1402 4.959847 -21.60629 13.1402 4.959847 -21.60629 13.1402 4.959847 -21.60629 13.1402 4.925287 -21.60629 13.1402 4.925287 -21.60629 13.1402 4.925287 -21.55829 13.1402 4.925287 -21.55829 13.1402 4.925287 -21.55829 13.1402 4.925287 -21.55829 13.1402 4.767387 -21.55829 12.0249 4.767387 -21.55829 12.0249 4.767387 -21.55829 12.0249 4.732827 -21.55829 12.0249 4.732827 -21.55829 12.0249 4.732827 -21.60629 12.0249 4.732827 -21.60629 12.0249 4.732827 -21.60629 12.0249 4.732827 -21.60629 12.0249 4.767387 -21.60629 12.0249 4.767387 -21.60629 12.0249 4.767387 -21.60629 13.1402 4.767387 -21.60629 13.1402 4.767387 -21.60629 13.1402 4.732827 -21.60629 13.1402 4.732827 -21.55829 13.1402 4.732827 -21.55829 13.1402 4.732827 -21.55829 13.1402 4.574937 -21.55829 13.1402 4.574937 -21.55829 12.0249 4.574937 -21.55829 12.0249 4.574937 -21.55829 12.0249 4.540377 -21.55829 12.0249 4.540377 -21.60629 12.0249 4.540377 -21.60629 12.0249 4.540377 -21.60629 12.0249 4.574937 -21.60629 12.0249 4.574937 -21.60629 13.1402 4.574937 -21.60629 13.1402 4.574937 -21.60629 13.1402 4.540377 -21.60629 13.1402 4.540377 -21.55829 13.1402 4.540377 -21.55829 13.1402 4.540377 -21.55829 13.1402 4.382477 -21.55829 13.1402 4.382477 -21.55829 12.0249 4.382477 -21.55829 12.0249 4.347917 -21.55829 12.0249 4.347917 -21.60629 12.0249 4.347917 -21.60629 12.0249 4.347917 -21.60629 12.0249 4.382477 -21.60629 13.1402 4.382477 -21.60629 13.1402 4.382477 -21.60629 13.1402 4.347917 -21.60629 13.1402 4.347917 -21.60629 13.1402 4.347917 -21.55829 13.1402 4.347917 -21.55829 13.1402 4.347917 -21.55829 13.1402 4.347917 -21.55829 13.1402 4.190027 -21.55829 13.1402 4.190027 -21.55829 12.0249 4.190027 -21.55829 12.0249 4.155467 -21.55829 12.0249 4.155467 -21.60629 12.0249 4.155467 -21.60629 12.0249 4.155467 -21.60629 12.0249 4.190027 -21.60629 12.0249 4.190027 -21.60629 13.1402 4.190027 -21.60629 13.1402 4.190027 -21.60629 13.1402 4.190027 -21.60629 13.1402 4.155467 -21.60629 13.1402 4.155467 -21.60629 13.1402 4.155467 -21.55829 13.1402 4.155467 -21.55829 13.1402 4.155467 -21.55829 13.1402 4.155467 -21.55829 13.1402 3.997577 -21.55829 13.1402 3.997577 -21.55829 12.0249 3.997577 -21.55829 12.0249 3.997577 -21.55829 12.0249 3.963017 -21.55829 12.0249 3.963017 -21.60629 12.0249 3.963017 -21.60629 12.0249 3.963017 -21.60629 12.0249 3.963017 -21.60629 12.0249 3.997577 -21.60629 12.0249 3.997577 -21.60629 12.0249 3.997577 -21.60629 13.1402 3.997577 -21.60629 13.1402 3.997577 -21.60629 13.1402 3.997577 -21.60629 13.1402 3.963017 -21.60629 13.1402 3.963017 -21.60629 13.1402 3.963017 -21.55829 13.1402 3.963017 -21.55829 13.1402 3.963017 -21.55829 13.1402 3.612667 -21.55829 12.0249 3.612667 -21.55829 12.0249 3.578107 -21.60629 12.0249 3.578107 -21.60629 12.0249 3.612667 -21.60629 13.1402 3.612667 -21.60629 13.1402 3.578107 -21.55829 13.1402 3.578107 -21.37557 12.0249 7.234735 -21.42357 12.0249 7.234735 -21.42357 13.1402 7.234735 -21.37557 13.1402 7.234735 -21.19286 13.1402 7.269295 -21.19286 12.0249 7.269295 -21.19286 12.0249 7.269295 -21.19286 12.0249 7.234735 -21.19286 12.0249 7.234735 -21.24086 12.0249 7.234735 -21.24086 12.0249 7.234735 -21.24086 12.0249 7.234735 -21.24086 12.0249 7.269295 -21.24086 12.0249 7.269295 -21.24086 12.0249 7.269295 -21.24086 13.1402 7.269295 -21.24086 13.1402 7.269295 -21.24086 13.1402 7.234735 -21.24086 13.1402 7.234735 -21.19286 13.1402 7.234735 -21.01015 13.1402 7.269295 -21.01015 13.1402 7.269295 -21.01015 12.0249 7.269295 -21.01015 12.0249 7.269295 -21.01015 12.0249 7.234735 -21.01015 12.0249 7.234735 -21.01015 12.0249 7.234735 -21.05815 12.0249 7.234735 -21.05815 12.0249 7.234735 -21.05815 12.0249 7.269295 -21.05815 13.1402 7.269295 -21.05815 13.1402 7.234735 -21.05815 13.1402 7.234735 -21.01015 13.1402 7.234735 -21.01015 13.1402 7.234735 -21.01015 13.1402 7.234735 -20.82744 13.1402 7.269295 -20.82744 12.0249 7.269295 -20.82744 12.0249 7.234735 -20.87544 12.0249 7.234735 -20.87544 12.0249 7.269295 -20.87544 13.1402 7.269295 -20.87544 13.1402 7.234735 -20.82744 13.1402 7.234735 -21.01015 13.1402 3.619047 -21.01015 13.1402 3.619047 -21.01015 12.0249 3.619047 -21.01015 12.0249 3.584487 -21.01015 12.0249 3.584487 -21.05815 12.0249 3.584487 -21.05815 13.1402 3.619047 -21.05815 13.1402 3.584487 -21.05815 13.1402 3.584487 -21.01015 13.1402 3.584487 -21.01015 13.1402 3.584487 -21.01015 13.1402 3.584487 -21.37557 13.1402 3.619047 -21.37557 12.0249 3.619047 -21.37557 12.0249 3.584487 -21.42357 12.0249 3.584487 -21.42357 12.0249 3.619047 -21.42357 13.1402 3.619047 -21.42357 13.1402 3.584487 -21.37557 13.1402 3.584487 -21.19286 13.1402 3.619047 -21.19286 13.1402 3.619047 -21.19286 12.0249 3.619047 -21.19286 12.0249 3.619047 -21.19286 12.0249 3.584487 -21.19286 12.0249 3.584487 -21.19286 12.0249 3.584487 -21.24086 12.0249 3.584487 -21.24086 12.0249 3.584487 -21.24086 12.0249 3.619047 -21.24086 12.0249 3.619047 -21.24086 13.1402 3.619047 -21.24086 13.1402 3.619047 -21.24086 13.1402 3.584487 -21.24086 13.1402 3.584487 -21.19286 13.1402 3.584487 -21.19286 13.1402 3.584487 -21.19286 13.1402 3.584487 -20.82744 13.1402 3.619047 -20.82744 13.1402 3.619047 -20.82744 12.0249 3.619047 -20.82744 12.0249 3.619047 -20.82744 12.0249 3.584487 -20.82744 12.0249 3.584487 -20.82744 12.0249 3.584487 -20.87544 12.0249 3.584487 -20.87544 12.0249 3.584487 -20.87544 12.0249 3.584487 -20.87544 12.0249 3.619047 -20.87544 12.0249 3.619047 -20.87544 13.1402 3.619047 -20.87544 13.1402 3.619047 -20.87544 13.1402 3.584487 -20.87544 13.1402 3.584487 -20.87544 13.1402 3.584487 -20.82744 13.1402 3.584487 -20.82744 13.1402 3.584487 -20.82744 13.1402 3.584487 -21.62906 13.2191 3.561707 -20.64473 13.2119 3.552267 -21.6385 13.2119 3.552267 -20.64473 13.2191 3.561707 -21.61808 13.2237 3.572687 -20.64473 13.2237 3.572687 -20.64473 13.2237 3.572687 -21.60629 13.2252 3.584487 -20.64473 13.2252 3.584487 -20.64473 13.2252 3.584487 -21.59449 13.2237 3.596277 -20.64473 13.2237 3.596277 -20.64473 13.2237 3.596277 -21.58351 13.2191 3.607257 -20.64473 13.2191 3.607257 -20.64473 13.2191 3.607257 -21.57407 13.2119 3.616697 -21.57407 13.2119 3.616697 -20.64473 13.2119 3.616697 -20.64473 13.2119 3.616697 -21.56683 13.2024 3.623937 -20.64473 13.2024 3.623937 -21.56228 13.1915 3.628487 -20.64473 13.1915 3.628487 -21.56073 13.1797 3.630037 -21.56073 13.1797 3.630037 -20.64473 13.1797 3.630037 -21.56228 13.1679 3.628487 -21.56228 13.1679 3.628487 -20.64473 13.1679 3.628487 -21.56683 13.1569 3.623937 -21.56683 13.1569 3.623937 -20.64473 13.1569 3.623937 -20.64473 13.1569 3.623937 -21.57407 13.1474 3.616697 -20.64473 13.1474 3.616697 -20.64473 13.1474 3.616697 -21.58351 13.1402 3.607257 -21.58351 13.1402 7.246516 -21.58351 13.1402 7.246516 -21.57407 13.1474 7.237082 -21.56683 13.1569 7.229842 -21.56228 13.1679 7.22529 -21.56073 13.1797 7.223738 -21.56073 13.1797 7.223738 -21.56073 13.1797 7.223738 -21.56228 13.1915 7.22529 -21.56228 13.1915 7.22529 -21.56683 13.2024 7.229842 -21.56683 13.2024 7.229842 -21.57407 13.2119 7.237082 -21.57407 13.2119 7.237082 -21.58351 13.2191 7.246516 -21.59449 13.2237 7.257504 -21.60629 13.2252 7.269295 -21.61808 13.2237 7.281086 -21.62906 13.2191 7.292073 -21.6385 13.2119 7.301508 -21.64574 13.2024 3.545027 -21.64574 13.2024 7.308748 -21.65029 13.1915 3.540477 -21.65029 13.1915 3.540477 -21.65029 13.1915 7.3133 -21.65029 13.1915 7.3133 -21.65184 13.1797 3.538927 -21.65184 13.1797 3.538927 -21.65184 13.1797 7.314852 -21.65184 13.1797 7.314852 -21.65029 13.1679 7.3133 -21.65029 13.1679 7.3133 -21.65029 13.1679 3.540477 -20.64473 13.1679 3.540477 -20.64473 13.1797 3.538927 -20.64473 13.1797 3.538927 -20.64473 13.1915 3.540477 -20.64473 13.1915 3.540477 -20.64473 13.2024 3.545027 -20.64473 13.1569 3.545027 -20.64473 13.1569 3.545027 -20.64473 13.1474 3.552267 -20.64473 13.1474 3.552267 -20.64473 13.1402 3.561707 -20.64473 13.1357 3.572687 -20.64473 13.1357 3.572687 -20.64473 13.1341 3.584487 -20.64473 13.1341 3.584487 -20.64473 13.1357 3.596277 -20.64473 13.1402 3.607257 -21.59449 13.1357 3.596277 -21.59449 13.1357 7.257504 -20.64473 13.1357 7.257504 -20.64473 13.1402 7.246516 -20.64473 13.1402 7.246516 -20.64473 13.1474 7.237082 -20.64473 13.1474 7.237082 -20.64473 13.1569 7.229842 -20.64473 13.1569 7.229842 -20.64473 13.1679 7.22529 -20.64473 13.1797 7.223738 -20.64473 13.1797 7.223738 -20.64473 13.1915 7.22529 -20.64473 13.1915 7.22529 -20.64473 13.2024 7.229842 -20.64473 13.2024 7.229842 -20.64473 13.2119 7.237082 -20.64473 13.2119 7.237082 -20.64473 13.2191 7.246516 -20.64473 13.2237 7.257504 -20.64473 13.2252 7.269295 -20.64473 13.2252 7.269295 -20.64473 13.2237 7.281086 -20.64473 13.2237 7.281086 -20.64473 13.2191 7.292073 -20.64473 13.2119 7.301508 -20.64473 13.2024 7.308748 -20.64473 13.1915 7.3133 -20.64473 13.1797 7.314852 -20.64473 13.1679 7.3133 -21.64574 13.1569 7.308748 -21.64574 13.1569 7.308748 -20.64473 13.1569 7.308748 -21.6385 13.1474 7.301508 -20.64473 13.1474 7.301508 -21.62906 13.1402 7.292073 -20.64473 13.1402 7.292073 -20.64473 13.1402 7.292073 -21.61808 13.1357 7.281086 -20.64473 13.1357 7.281086 -20.64473 13.1357 7.281086 -21.60629 13.1341 7.269295 -20.64473 13.1341 7.269295 -21.60629 13.1341 3.584487 -21.61808 13.1357 3.572687 -21.62906 13.1402 3.561707 -21.6385 13.1474 3.552267 -21.64574 13.1569 3.545027 -20.64473 12.0249 7.269295 -20.64473 12.0249 7.269295 -21.60629 12.0249 3.584487 -21.60629 12.0249 3.584487 -21.60629 12.0249 7.269295 -21.60629 12.0249 7.269295 -20.64473 12.0249 3.584487 -20.64473 12.0249 3.584487 -20.64473 11.8612 3.584487 -20.64473 11.8612 3.584487 -20.64473 11.8612 7.269295 -20.64473 11.8612 7.269295 -21.60629 11.8612 7.269295 -21.60629 11.8612 7.269295 -21.60629 11.8612 3.584487 -21.60629 11.8612 3.584487 -21.55829 13.1402 2.325517 -21.55829 13.1402 2.325517 -21.55829 12.0249 2.325517 -21.55829 12.0249 2.325517 -21.55829 12.0249 2.290957 -21.55829 12.0249 2.290957 -21.55829 12.0249 2.290957 -21.60629 12.0249 2.290957 -21.60629 12.0249 2.290957 -21.60629 12.0249 2.290957 -21.60629 12.0249 2.325517 -21.60629 12.0249 2.325517 -21.60629 13.1402 2.325517 -21.60629 13.1402 2.325517 -21.60629 13.1402 2.290957 -21.60629 13.1402 2.290957 -21.60629 13.1402 2.290957 -21.55829 13.1402 2.290957 -21.55829 13.1402 2.290957 -21.55829 13.1402 2.290957 -20.64473 13.1402 2.325517 -20.64473 12.0249 2.325517 -20.64473 12.0249 2.290957 -20.64473 12.0249 2.290957 -20.69273 12.0249 2.290957 -20.69273 12.0249 2.325517 -20.69273 13.1402 2.325517 -20.69273 13.1402 2.290957 -20.64473 13.1402 2.290957 -20.64473 13.1402 2.290957 -20.64473 13.1402 -1.331112 -20.64473 12.0249 -1.331112 -20.64473 12.0249 -1.365673 -20.64473 12.0249 -1.365673 -20.69273 12.0249 -1.365673 -20.69273 13.1402 -1.365673 -20.64473 13.1402 -1.365673 -20.64473 13.1402 -1.365673 -21.55829 13.1402 2.133057 -21.60629 12.0249 2.098497 -21.60629 12.0249 2.133057 -21.60629 13.1402 2.133057 -21.60629 13.1402 2.133057 -21.60629 13.1402 2.098497 -21.60629 13.1402 2.098497 -21.55829 13.1402 2.098497 -21.55829 13.1402 1.940608 -21.55829 13.1402 1.940608 -21.55829 12.0249 1.940608 -21.55829 12.0249 1.940608 -21.55829 12.0249 1.906047 -21.55829 12.0249 1.906047 -21.60629 12.0249 1.906047 -21.60629 12.0249 1.906047 -21.60629 12.0249 1.940608 -21.60629 12.0249 1.940608 -21.60629 13.1402 1.940608 -21.60629 13.1402 1.940608 -21.60629 13.1402 1.906047 -21.60629 13.1402 1.906047 -21.55829 13.1402 1.906047 -21.55829 13.1402 1.906047 -21.55829 12.0249 1.713597 -21.60629 12.0249 1.713597 -21.60629 13.1402 1.713597 -21.55829 13.1402 1.713597 -21.55829 13.1402 1.555697 -21.60629 13.1402 1.555697 -21.60629 13.1402 1.521137 -21.55829 13.1402 1.521137 -21.55829 13.1402 1.363247 -21.55829 13.1402 1.363247 -21.55829 12.0249 1.363247 -21.60629 12.0249 1.328687 -21.60629 12.0249 1.363247 -21.60629 12.0249 1.363247 -21.60629 13.1402 1.363247 -21.60629 13.1402 1.363247 -21.60629 13.1402 1.363247 -21.60629 13.1402 1.328687 -21.60629 13.1402 1.328687 -21.55829 13.1402 1.328687 -21.55829 13.1402 1.170787 -21.55829 13.1402 1.170787 -21.55829 12.0249 1.170787 -21.55829 12.0249 1.170787 -21.55829 12.0249 1.136227 -21.60629 12.0249 1.136227 -21.60629 12.0249 1.170787 -21.60629 12.0249 1.170787 -21.60629 13.1402 1.170787 -21.60629 13.1402 1.170787 -21.60629 13.1402 1.136227 -21.55829 13.1402 1.136227 -21.60629 12.0249 0.9437776 -21.60629 12.0249 0.9783373 -21.60629 13.1402 0.9783373 -21.60629 13.1402 0.9437776 -21.55829 13.1402 0.7858772 -21.55829 13.1402 0.7858772 -21.55829 12.0249 0.7858772 -21.55829 12.0249 0.7858772 -21.55829 12.0249 0.7513175 -21.55829 12.0249 0.7513175 -21.60629 12.0249 0.7513175 -21.60629 12.0249 0.7513175 -21.60629 12.0249 0.7858772 -21.60629 12.0249 0.7858772 -21.60629 13.1402 0.7858772 -21.60629 13.1402 0.7858772 -21.60629 13.1402 0.7513175 -21.60629 13.1402 0.7513175 -21.55829 13.1402 0.7513175 -21.55829 13.1402 0.7513175 -21.55829 13.1402 0.5934272 -21.55829 13.1402 0.5934272 -21.55829 12.0249 0.5934272 -21.55829 12.0249 0.5588675 -21.60629 13.1402 0.5934272 -21.60629 13.1402 0.5588675 -21.55829 13.1402 0.5588675 -21.55829 13.1402 0.5588675 -21.55829 13.1402 0.4009771 -21.55829 12.0249 0.4009771 -21.55829 12.0249 0.3664174 -21.55829 12.0249 0.3664174 -21.60629 12.0249 0.3664174 -21.60629 12.0249 0.3664174 -21.60629 12.0249 0.4009771 -21.60629 12.0249 0.4009771 -21.60629 13.1402 0.4009771 -21.60629 13.1402 0.4009771 -21.60629 13.1402 0.3664174 -21.60629 13.1402 0.3664174 -21.55829 13.1402 0.3664174 -21.55829 13.1402 0.3664174 -21.55829 13.1402 0.2085175 -21.55829 13.1402 0.2085175 -21.55829 12.0249 0.2085175 -21.55829 12.0249 0.1739573 -21.60629 12.0249 0.1739573 -21.60629 12.0249 0.1739573 -21.60629 12.0249 0.2085175 -21.60629 12.0249 0.2085175 -21.60629 13.1402 0.2085175 -21.60629 13.1402 0.2085175 -21.60629 13.1402 0.2085175 -21.60629 13.1402 0.1739573 -21.60629 13.1402 0.1739573 -21.60629 13.1402 0.1739573 -21.55829 13.1402 0.1739573 -21.55829 13.1402 0.1739573 -21.55829 13.1402 0.0160675 -21.55829 12.0249 -0.01849269 -21.60629 12.0249 -0.01849269 -21.60629 12.0249 -0.01849269 -21.60629 12.0249 0.0160675 -21.60629 13.1402 0.0160675 -21.60629 13.1402 0.0160675 -21.60629 13.1402 -0.01849269 -21.60629 13.1402 -0.01849269 -21.60629 13.1402 -0.01849269 -21.55829 13.1402 -0.01849269 -21.55829 13.1402 -0.01849269 -21.55829 12.0249 -0.2109527 -21.60629 12.0249 -0.2109527 -21.60629 12.0249 -0.2109527 -21.60629 12.0249 -0.1763925 -21.60629 13.1402 -0.1763925 -21.60629 13.1402 -0.2109527 -21.60629 13.1402 -0.2109527 -21.55829 13.1402 -0.2109527 -21.55829 13.1402 -0.3688426 -21.60629 13.1402 -0.3688426 -21.60629 13.1402 -0.4034028 -21.55829 13.1402 -0.4034028 -21.55829 13.1402 -0.5612927 -21.55829 13.1402 -0.5612927 -21.55829 12.0249 -0.5612927 -21.55829 12.0249 -0.5612927 -21.55829 12.0249 -0.5958529 -21.60629 12.0249 -0.5958529 -21.60629 12.0249 -0.5612927 -21.60629 12.0249 -0.5612927 -21.60629 13.1402 -0.5612927 -21.60629 13.1402 -0.5612927 -21.60629 13.1402 -0.5958529 -21.55829 13.1402 -0.5958529 -21.55829 13.1402 -0.7537527 -21.55829 12.0249 -0.7537527 -21.55829 12.0249 -0.7883124 -21.55829 12.0249 -0.7883124 -21.60629 12.0249 -0.7883124 -21.60629 12.0249 -0.7883124 -21.60629 12.0249 -0.7883124 -21.60629 12.0249 -0.7537527 -21.60629 12.0249 -0.7537527 -21.60629 13.1402 -0.7537527 -21.60629 13.1402 -0.7537527 -21.60629 13.1402 -0.7883124 -21.60629 13.1402 -0.7883124 -21.60629 13.1402 -0.7883124 -21.55829 13.1402 -0.7883124 -21.55829 13.1402 -0.7883124 -21.55829 13.1402 -0.9462018 -21.55829 13.1402 -0.9462018 -21.55829 12.0249 -0.9462018 -21.55829 12.0249 -0.980762 -21.60629 13.1402 -0.9462018 -21.60629 13.1402 -0.980762 -21.55829 13.1402 -0.980762 -21.55829 13.1402 -0.980762 -21.55829 13.1402 -1.138662 -21.55829 12.0249 -1.138662 -21.55829 12.0249 -1.138662 -21.55829 12.0249 -1.173222 -21.55829 12.0249 -1.173222 -21.60629 12.0249 -1.173222 -21.60629 12.0249 -1.138662 -21.55829 13.1402 -1.173222 -21.55829 13.1402 -1.331112 -21.55829 12.0249 -1.365673 -21.60629 12.0249 -1.365673 -21.60629 13.1402 -1.331112 -21.60629 13.1402 -1.365673 -21.60629 13.1402 -1.365673 -21.55829 13.1402 -1.365673 -21.55829 13.1402 -1.365673 -21.37557 13.1402 2.325517 -21.37557 12.0249 2.325517 -21.37557 12.0249 2.325517 -21.37557 12.0249 2.290957 -21.42357 12.0249 2.290957 -21.42357 12.0249 2.325517 -21.42357 12.0249 2.325517 -21.42357 13.1402 2.325517 -21.19286 13.1402 2.325517 -21.19286 13.1402 2.325517 -21.19286 12.0249 2.325517 -21.19286 12.0249 2.290957 -21.19286 12.0249 2.290957 -21.24086 12.0249 2.290957 -21.24086 12.0249 2.290957 -21.24086 12.0249 2.325517 -21.24086 13.1402 2.325517 -21.24086 13.1402 2.325517 -21.24086 13.1402 2.290957 -21.24086 13.1402 2.290957 -21.24086 13.1402 2.290957 -21.19286 13.1402 2.290957 -21.19286 13.1402 2.290957 -21.19286 13.1402 2.290957 -21.01015 13.1402 2.325517 -21.01015 13.1402 2.325517 -21.01015 12.0249 2.325517 -21.01015 12.0249 2.290957 -21.05815 12.0249 2.325517 -21.05815 13.1402 2.325517 -21.05815 13.1402 2.325517 -21.05815 13.1402 2.290957 -21.01015 13.1402 2.290957 -21.01015 13.1402 2.290957 -20.82744 12.0249 2.325517 -20.82744 12.0249 2.290957 -20.82744 12.0249 2.290957 -20.87544 12.0249 2.290957 -20.87544 12.0249 2.290957 -20.87544 12.0249 2.325517 -20.87544 13.1402 2.290957 -20.82744 13.1402 2.290957 -21.01015 13.1402 -1.324732 -21.01015 13.1402 -1.324732 -21.01015 12.0249 -1.324732 -21.01015 12.0249 -1.359292 -21.05815 12.0249 -1.324732 -21.05815 13.1402 -1.324732 -21.05815 13.1402 -1.324732 -21.05815 13.1402 -1.359292 -21.01015 13.1402 -1.359292 -21.01015 13.1402 -1.359292 -21.37557 13.1402 -1.324732 -21.37557 12.0249 -1.324732 -21.42357 12.0249 -1.324732 -21.42357 13.1402 -1.324732 -21.19286 13.1402 -1.324732 -21.19286 12.0249 -1.324732 -21.19286 12.0249 -1.359292 -21.19286 12.0249 -1.359292 -21.24086 12.0249 -1.359292 -21.24086 13.1402 -1.359292 -21.19286 13.1402 -1.359292 -21.19286 13.1402 -1.359292 -20.64473 13.2119 -1.391512 -20.64473 13.2191 -1.382072 -20.64473 13.2237 -1.371082 -21.60629 13.2252 -1.359292 -20.64473 13.2252 -1.359292 -21.59449 13.2237 -1.347502 -20.64473 13.2237 -1.347502 -20.64473 13.2191 -1.336523 -20.64473 13.2119 -1.327082 -21.56683 13.2024 -1.319842 -20.64473 13.2024 -1.319842 -21.56228 13.1915 -1.315292 -20.64473 13.1915 -1.315292 -21.56073 13.1797 -1.313742 -20.64473 13.1797 -1.313742 -21.56228 13.1679 -1.315292 -20.64473 13.1679 -1.315292 -20.64473 13.1569 -1.319842 -21.57407 13.1474 -1.327082 -20.64473 13.1474 -1.327082 -20.64473 13.1474 -1.327082 -21.58351 13.1402 -1.336523 -21.58351 13.1402 2.302737 -21.57407 13.1474 2.293307 -21.56073 13.1797 2.279957 -21.56228 13.1915 2.281507 -21.56683 13.2024 2.286067 -21.57407 13.2119 2.293307 -21.58351 13.2191 2.302737 -21.59449 13.2237 2.313727 -21.59449 13.2237 2.313727 -21.60629 13.2252 2.325517 -21.64574 13.2024 -1.398752 -21.64574 13.2024 2.364967 -21.65029 13.1915 -1.403302 -21.65029 13.1915 2.369517 -21.65184 13.1797 -1.404852 -21.65184 13.1797 2.371078 -21.65029 13.1679 2.369517 -21.65029 13.1679 -1.403302 -20.64473 13.1679 -1.403302 -20.64473 13.1797 -1.404852 -20.64473 13.1915 -1.403302 -20.64473 13.2024 -1.398752 -20.64473 13.1569 -1.398752 -20.64473 13.1474 -1.391512 -20.64473 13.1474 -1.391512 -20.64473 13.1402 -1.382072 -20.64473 13.1402 -1.382072 -20.64473 13.1357 -1.371082 -20.64473 13.1341 -1.359292 -20.64473 13.1357 -1.347502 -20.64473 13.1357 -1.347502 -20.64473 13.1402 -1.336523 -20.64473 13.1402 -1.336523 -21.59449 13.1357 -1.347502 -21.59449 13.1357 2.313727 -20.64473 13.1402 2.302737 -20.64473 13.1474 2.293307 -20.64473 13.1797 2.279957 -20.64473 13.1915 2.281507 -20.64473 13.2024 2.286067 -20.64473 13.2119 2.293307 -20.64473 13.2191 2.302737 -20.64473 13.2237 2.313727 -21.64574 13.1569 2.364967 -21.61808 13.1357 2.337307 -21.60629 13.1341 2.325517 -21.60629 13.1341 -1.359292 -21.61808 13.1357 -1.371082 -21.62906 13.1402 -1.382072 -21.6385 13.1474 -1.391512 -21.64574 13.1569 -1.398752 -20.64473 12.0249 2.325517 -21.60629 12.0249 -1.359292 -21.60629 12.0249 2.325517 -20.64473 12.0249 -1.359292 -20.64473 11.8612 -1.359292 -20.64473 11.8612 2.325517 -21.60629 11.8612 2.325517 -21.60629 11.8612 -1.359292 -15.65809 15.5605 16.11645 -15.65809 14.4451 16.11645 -15.70609 14.4451 16.08189 -15.70609 14.4451 16.11645 -15.70609 14.4451 16.11645 -15.70609 15.5605 16.11645 -15.70609 15.5605 16.11645 -15.70609 15.5605 16.08189 -15.65809 15.5605 12.45982 -15.65809 15.5605 12.45982 -15.65809 14.4451 12.45982 -15.65809 14.4451 12.42526 -15.70609 15.5605 12.45982 -15.70609 15.5605 12.42526 -15.65809 15.5605 12.42526 -15.65809 15.5605 12.42526 -16.57165 14.4451 15.88944 -16.61965 14.4451 15.88944 -16.61965 15.5605 15.88944 -16.57165 15.5605 15.88944 -16.57165 15.5605 15.73155 -16.57165 14.4451 15.73155 -16.57165 14.4451 15.69699 -16.61965 14.4451 15.69699 -16.61965 14.4451 15.69699 -16.61965 14.4451 15.73155 -16.61965 14.4451 15.73155 -16.61965 15.5605 15.73155 -16.61965 15.5605 15.73155 -16.61965 15.5605 15.69699 -16.61965 15.5605 15.69699 -16.57165 15.5605 15.69699 -16.57165 15.5605 15.53909 -16.57165 14.4451 15.50453 -16.61965 14.4451 15.50453 -16.61965 15.5605 15.53909 -16.61965 15.5605 15.50453 -16.61965 15.5605 15.50453 -16.57165 15.5605 15.50453 -16.57165 15.5605 15.50453 -16.57165 15.5605 15.34664 -16.61965 15.5605 15.34664 -16.61965 15.5605 15.31208 -16.57165 15.5605 15.31208 -16.57165 15.5605 15.15418 -16.57165 15.5605 15.15418 -16.57165 14.4451 15.15418 -16.57165 14.4451 15.15418 -16.57165 14.4451 15.11962 -16.57165 14.4451 15.11962 -16.61965 14.4451 15.11962 -16.61965 14.4451 15.11962 -16.61965 14.4451 15.15418 -16.61965 14.4451 15.15418 -16.61965 15.5605 15.15418 -16.61965 15.5605 15.15418 -16.61965 15.5605 15.11962 -16.61965 15.5605 15.11962 -16.57165 15.5605 15.11962 -16.57165 15.5605 15.11962 -16.57165 14.4451 14.96173 -16.57165 14.4451 14.92717 -16.61965 14.4451 14.92717 -16.61965 14.4451 14.92717 -16.61965 14.4451 14.96173 -16.61965 14.4451 14.96173 -16.61965 15.5605 14.96173 -16.61965 15.5605 14.92717 -16.57165 15.5605 14.76927 -16.57165 15.5605 14.76927 -16.57165 14.4451 14.76927 -16.61965 14.4451 14.73471 -16.61965 14.4451 14.76927 -16.61965 14.4451 14.76927 -16.61965 15.5605 14.76927 -16.61965 15.5605 14.76927 -16.61965 15.5605 14.76927 -16.61965 15.5605 14.73471 -16.61965 15.5605 14.73471 -16.57165 15.5605 14.73471 -16.57165 15.5605 14.57682 -16.57165 14.4451 14.57682 -16.57165 14.4451 14.54226 -16.57165 14.4451 14.54226 -16.61965 14.4451 14.54226 -16.61965 14.4451 14.57682 -16.61965 15.5605 14.57682 -16.61965 15.5605 14.54226 -16.57165 15.5605 14.54226 -16.57165 15.5605 14.54226 -16.57165 15.5605 14.38437 -16.57165 15.5605 14.38437 -16.57165 14.4451 14.38437 -16.57165 14.4451 14.34981 -16.57165 14.4451 14.34981 -16.61965 14.4451 14.34981 -16.61965 14.4451 14.34981 -16.61965 14.4451 14.38437 -16.61965 15.5605 14.38437 -16.61965 15.5605 14.38437 -16.61965 15.5605 14.34981 -16.61965 15.5605 14.34981 -16.61965 15.5605 14.34981 -16.57165 15.5605 14.34981 -16.57165 15.5605 14.34981 -16.57165 15.5605 14.34981 -16.57165 15.5605 14.19191 -16.57165 14.4451 14.19191 -16.57165 14.4451 14.19191 -16.57165 14.4451 14.15735 -16.61965 14.4451 14.15735 -16.61965 14.4451 14.19191 -16.61965 14.4451 14.19191 -16.61965 15.5605 14.19191 -16.57165 15.5605 13.99946 -16.61965 15.5605 13.99946 -16.61965 15.5605 13.9649 -16.57165 15.5605 13.9649 -16.61965 14.4451 13.57999 -16.61965 14.4451 13.61455 -16.61965 15.5605 13.61455 -16.61965 15.5605 13.57999 -16.57165 15.5605 13.42209 -16.57165 14.4451 13.42209 -16.61965 14.4451 13.42209 -16.61965 15.5605 13.42209 -16.61965 14.4451 13.19508 -16.61965 14.4451 13.22964 -16.61965 15.5605 13.22964 -16.61965 15.5605 13.19508 -16.57165 15.5605 13.03719 -16.57165 15.5605 13.03719 -16.57165 14.4451 13.03719 -16.57165 14.4451 13.00263 -16.61965 15.5605 13.03719 -16.61965 15.5605 13.00263 -16.57165 15.5605 13.00263 -16.57165 15.5605 13.00263 -16.57165 15.5605 12.65228 -16.57165 14.4451 12.65228 -16.61965 14.4451 12.65228 -16.61965 15.5605 12.65228 -16.57165 15.5605 12.45982 -16.57165 14.4451 12.45982 -16.57165 14.4451 12.42526 -16.61965 14.4451 12.42526 -16.61965 14.4451 12.42526 -16.61965 14.4451 12.45982 -16.61965 14.4451 12.45982 -16.61965 15.5605 12.45982 -16.61965 15.5605 12.45982 -16.61965 15.5605 12.42526 -16.61965 15.5605 12.42526 -16.57165 15.5605 12.42526 -16.20623 15.5605 16.11645 -16.20623 14.4451 16.11645 -16.25423 14.4451 16.08189 -16.25423 14.4451 16.11645 -16.25423 14.4451 16.11645 -16.25423 15.5605 16.11645 -16.25423 15.5605 16.11645 -16.25423 15.5605 16.08189 -16.02352 14.4451 16.11645 -16.02352 14.4451 16.08189 -16.07152 14.4451 16.08189 -16.07152 14.4451 16.11645 -15.8408 15.5605 16.11645 -15.8408 14.4451 16.11645 -15.8888 14.4451 16.11645 -15.8888 15.5605 16.11645 -16.02352 15.5605 12.4662 -16.02352 15.5605 12.4662 -16.02352 14.4451 12.4662 -16.02352 14.4451 12.4662 -16.02352 14.4451 12.43164 -16.02352 14.4451 12.43164 -16.07152 14.4451 12.43164 -16.07152 14.4451 12.4662 -16.07152 15.5605 12.4662 -16.07152 15.5605 12.43164 -16.02352 15.5605 12.43164 -16.02352 15.5605 12.43164 -16.20623 15.5605 12.4662 -16.20623 14.4451 12.4662 -16.20623 14.4451 12.43164 -16.20623 15.5605 12.43164 -15.8408 15.5605 12.4662 -15.8408 14.4451 12.4662 -15.8888 14.4451 12.43164 -15.8888 14.4451 12.4662 -15.8888 14.4451 12.4662 -15.8888 15.5605 12.4662 -15.8888 15.5605 12.4662 -15.8888 15.5605 12.43164 -16.64243 15.6394 12.40886 -16.64243 15.6394 12.40886 -15.65809 15.6321 12.39943 -16.65187 15.6321 12.39943 -16.65187 15.6321 12.39943 -15.65809 15.6394 12.40886 -16.63144 15.6439 12.41985 -15.65809 15.6439 12.41985 -16.61965 15.6455 12.43164 -15.65809 15.6455 12.43164 -16.60786 15.6439 12.44343 -15.65809 15.6439 12.44343 -16.59687 15.6394 12.45442 -15.65809 15.6394 12.45442 -16.58744 15.6321 12.46385 -16.58744 15.6321 12.46385 -15.65809 15.6321 12.46385 -16.5802 15.6227 12.47109 -16.5741 15.5999 12.4772 -15.65809 15.5999 12.4772 -16.57565 15.5881 12.47565 -15.65809 15.5881 12.47565 -16.58744 15.5677 12.46385 -16.59687 15.5605 12.45442 -16.59687 15.5605 16.09368 -16.58744 15.5677 16.08424 -16.5802 15.5772 16.077 -16.5741 15.5999 16.0709 -16.57565 15.6117 16.07245 -16.5802 15.6227 16.077 -16.5802 15.6227 16.077 -16.58744 15.6321 16.08424 -16.60786 15.6439 16.10466 -16.61965 15.6455 16.11645 -16.63144 15.6439 16.12824 -16.64243 15.6394 16.13923 -16.65187 15.6321 16.14867 -16.65911 15.6227 12.39219 -16.65911 15.6227 12.39219 -16.65911 15.6227 16.15591 -16.66366 15.6117 12.38764 -16.66366 15.6117 16.16046 -16.66521 15.5999 12.38608 -16.66521 15.5999 16.16201 -15.65809 15.6227 12.39219 -15.65809 15.5772 12.39219 -15.65809 15.5677 12.39943 -15.65809 15.5605 12.40886 -15.65809 15.5559 12.41985 -15.65809 15.5544 12.43164 -15.65809 15.5605 16.09368 -15.65809 15.5677 16.08424 -15.65809 15.5772 16.077 -15.65809 15.5999 16.0709 -15.65809 15.6117 16.07245 -15.65809 15.6227 16.077 -15.65809 15.6439 16.10466 -15.65809 15.6455 16.11645 -15.65809 15.6439 16.12824 -15.65809 15.6394 16.13923 -15.65809 15.6321 16.14867 -16.65187 15.5677 16.14867 -15.65809 15.5677 16.14867 -16.64243 15.5605 16.13923 -16.64243 15.5605 16.13923 -15.65809 15.5605 16.13923 -16.63144 15.5559 16.12824 -15.65809 15.5559 16.12824 -16.61965 15.5544 16.11645 -15.65809 15.5544 16.11645 -16.61965 15.5544 12.43164 -16.63144 15.5559 12.41985 -16.64243 15.5605 12.40886 -16.65187 15.5677 12.39943 -16.65911 15.5772 12.39219 -23.78798 16.269 -9.134701 -23.89555 8.247193 -9.664702 -23.78798 8.247193 -9.134701 -23.89555 16.269 -9.664702 -23.36727 16.269 -8.147603 -23.36727 8.247193 -8.147603 -23.06151 16.269 -7.708003 -23.06151 8.247193 -7.708003 -22.77739 8.247193 -7.399802 -22.77739 16.269 -7.399802 -22.22115 22.9789 -12.1361 -22.22115 24 -12.1361 -22.44746 22.9789 -11.7944 -22.44746 24 -11.7944 -22.75881 22.9789 -11.0414 -22.83838 22.9789 -10.6432 -22.83838 24 -9.838601 -22.83838 22.9789 -9.838601 -23.05504 22.5908 -9.806801 -23.08371 22.5908 -10.2371 -22.88348 22.7881 -10.6526 -23.05519 22.5908 -10.6694 -22.80278 22.7881 -11.0567 -22.96996 22.5908 -11.0962 -22.82952 22.5908 -11.5099 -22.63634 22.5908 -11.9034 -22.77281 22.3876 -11.9785 -23.00535 21.9656 -12.1066 -23.10078 21.748 -12.1591 -23.03508 20.8466 -12.7474 -23.05558 20.6166 -12.7627 -23.06241 20.386 -12.7678 -23.36801 20.386 -12.3063 -23.36801 16.269 -12.3063 -23.06241 16.269 -12.7678 -22.7784 20.386 -13.0962 -22.7784 16.269 -13.0962 -22.77194 20.6166 -13.0907 -22.7526 20.8466 -13.0741 -23.61141 16.269 -11.8105 -23.61141 20.386 -11.8105 -23.89575 16.269 -10.7515 -23.89575 20.386 -10.7515 -23.93169 16.269 -10.2068 -23.93169 20.386 -10.2068 -23.61085 20.386 -8.626002 -23.36727 20.386 -8.147603 -23.06151 20.386 -7.708003 -23.05468 20.6166 -7.713603 -22.51776 22.3876 -8.152102 -22.39309 22.5908 -8.253903 -22.01746 22.7881 -8.106102 -22.25654 22.7881 -8.365403 -21.9791 22.9789 -8.127503 -22.22115 22.9789 -8.390002 -21.9791 24 -8.127503 -22.22115 24 -8.390002 -22.44746 22.9789 -8.715502 -22.44746 24 -8.715502 -22.75881 22.9789 -9.446202 -22.75881 24 -9.446202 -22.96966 22.5908 -9.3862 -23.21181 22.3876 -9.780301 -23.12229 22.3876 -9.339301 -23.35324 22.179 -9.756402 -23.25999 22.179 -9.296902 -23.47894 21.9656 -9.735102 -23.38237 21.9656 -9.259301 -23.58857 21.748 -9.716601 -23.4891 21.748 -9.226502 -23.57991 21.5266 -9.198601 -23.7585 21.3022 -9.687901 -23.65454 21.3022 -9.175702 -23.81834 21.0753 -9.6777 -23.7128 21.0753 -9.157801 -23.8612 20.8466 -9.6705 -23.75453 20.8466 -9.144902 -23.60285 20.6166 -8.629603 -23.35979 20.6166 -8.152302 -23.33737 20.8466 -8.166302 -23.30007 21.0753 -8.189503 -22.7722 22.3876 -8.517903 -22.63576 22.5908 -8.602803 -22.48632 22.7881 -8.695803 -23.22335 21.9656 -8.8027 -23.32532 21.748 -8.756203 -23.41208 21.5266 -8.716603 -23.48338 21.3022 -8.684103 -23.53903 21.0753 -8.658703 -23.53903 21.0753 -8.658703 -23.57889 20.8466 -8.640603 -23.92301 20.6166 -10.2071 -23.62198 21.748 -10.2179 -23.51138 21.9656 -10.2218 -23.24188 22.3876 -10.2314 -23.12261 22.3876 -11.1322 -22.97536 22.3876 -11.566 -22.97536 22.3876 -11.566 -23.10693 22.179 -11.6166 -23.22386 21.9656 -11.6615 -23.32585 21.748 -11.7007 -23.88715 20.6166 -10.7506 -23.58875 21.748 -10.7215 -23.47911 21.9656 -10.7108 -23.26032 22.179 -11.1646 -23.38271 21.9656 -11.1935 -23.48946 21.748 -11.2187 -23.90121 8.247193 -10.9523 -23.36801 8.247193 -12.3063 -23.36801 0.1142817 -12.3063 -23.06241 8.247193 -12.7678 -23.06241 0.1142817 -12.7678 -23.87443 8.191283 -9.073901 -23.89338 8.247193 -9.904902 -23.78706 8.247193 -11.2201 -23.89407 8.247193 -10.6912 -23.87648 8.191283 -11.2467 -23.87648 8.191283 -11.2467 -23.98707 8.191283 -10.7002 -23.96154 8.124702 -11.272 -23.96154 8.124702 -11.272 -24.07553 8.124702 -10.7087 -24.04152 8.048063 -11.2958 -24.1157 7.962002 -11.3179 -23.60224 8.048063 -12.3431 -23.6707 7.962002 -12.3788 -23.3351 7.962002 -12.8779 -23.27348 8.048063 -12.832 -23.52843 8.124702 -12.3046 -23.44993 8.191283 -12.2636 -23.1364 8.191283 -12.7299 -23.3674 8.247193 -12.2206 -23.06212 8.247193 -12.6746 -23.78836 8.247193 -11.2892 -23.44558 8.191283 -8.086403 -23.52336 8.124702 -8.044003 -23.95931 8.124702 -9.047902 -24.23484 7.962002 -9.5884 -24.30529 7.867272 -9.5814 -24.47073 7.539642 -9.564902 -24.50898 7.419102 -9.5611 -24.55909 7.167222 -10.7553 -24.56948 7.038063 -10.7563 -24.56843 7.038063 -9.555201 -24.56843 6.975022 -9.555201 -24.56948 6.975022 -10.7563 -24.43654 7.038063 -11.4133 -24.43654 6.975022 -11.4133 -23.96679 7.038063 -12.5332 -23.60159 7.038063 -13.0764 -23.08765 7.038063 -13.6618 -23.08765 7.038063 -13.6618 -23.08765 6.975022 -13.6618 -22.77879 7.038063 -13.662 -22.77879 6.975022 -13.662 -24.43326 6.975022 -8.902501 -24.43326 7.038063 -8.902501 -23.0439 7.419102 -6.791102 -23.02717 7.539642 -6.828702 -22.85382 8.124702 -7.218502 -22.81512 8.191283 -7.305502 -23.13042 8.191283 -7.641303 -23.19953 8.124702 -7.586702 -24.11312 7.962002 -9.0007 -24.18073 7.867272 -8.980002 -24.24133 7.764702 -8.961401 -24.29441 7.655172 -8.945101 -24.3395 7.539642 -8.931302 -24.3762 7.419102 -8.920001 -23.53899 7.419102 -7.318502 -23.5091 7.539642 -7.342103 -23.47239 7.655172 -7.371102 -23.42917 7.764702 -7.405202 -23.37983 7.867272 -7.444202 -23.32478 7.962002 -7.487702 -23.66431 7.962002 -7.967202 -23.72626 7.867272 -7.933403 -23.78179 7.764702 -7.903203 -23.83042 7.655172 -7.876702 -22.77838 8.247193 -12.9978 -22.82092 8.191283 -13.0893 -22.89952 8.048063 -13.258 -22.93485 7.962002 -13.3338 -22.96712 7.867272 -13.4031 -22.77861 7.867272 -13.4032 -22.77866 7.764702 -13.4653 -22.99605 7.764702 -13.4652 -23.0429 7.539642 -13.5657 -23.06042 7.419102 -13.6033 -22.77877 7.294602 -13.6322 -23.07379 7.294602 -13.632 -22.77878 7.167222 -13.6518 -23.0829 7.167222 -13.6516 -23.0829 7.167222 -13.6516 -23.59329 7.167222 -13.0702 -23.95757 7.167222 -12.5284 -24.42655 7.167222 -11.4104 -24.40743 7.294602 -11.4047 -24.37936 7.419102 -11.3963 -24.34257 7.539642 -11.3854 -24.29738 7.655172 -11.3719 -24.24419 7.764702 -11.3561 -24.18345 7.867272 -11.338 -23.73323 7.867272 -12.4114 -23.78928 7.764702 -12.4406 -23.44182 7.764702 -12.9574 -23.486 7.655172 -12.9903 -23.52354 7.539642 -13.0183 -23.55409 7.419102 -13.041 -23.93993 7.294602 -12.5192 -23.91402 7.419102 -12.5057 -23.88007 7.539642 -12.488 -23.83837 7.655172 -12.4662 2.332983 20.4583 8.814027 2.332983 20.4583 8.814027 2.332983 20.4583 8.814027 -9.17435e-4 20.4583 7.962866 -9.17435e-4 20.4583 7.962866 -9.17435e-4 20.4583 8.814027 -9.17435e-4 20.4583 8.814027 -9.17435e-4 20.4583 8.814027 11.68278 20.4583 9.665177 2.332983 20.4583 9.665177 2.332983 20.4583 9.665177 2.332983 14.309 9.665177 2.332983 14.309 8.814027 2.332983 14.309 8.814027 -9.17435e-4 14.309 8.814027 -9.17435e-4 14.309 8.814027 0.1856822 14.309 8.814027 -9.17435e-4 14.309 7.962866 0.2224826 13.0709 7.962866 2.332783 11.8327 7.952055 2.332783 14.309 7.952055 2.566282 14.309 7.952055 2.566282 11.8327 7.952055 3.820282 14.309 9.655957 3.820282 14.309 7.962866 3.820282 14.309 7.962866 4.053783 14.309 7.962866 4.053783 14.309 7.962866 4.053783 14.309 9.655957 4.053783 11.8327 7.952055 4.053783 14.309 7.952055 3.820282 14.309 7.952055 3.820282 11.8327 7.952055 9.961783 14.309 7.962866 10.19528 14.309 9.655957 10.19528 14.309 7.962866 10.19528 14.309 7.962866 9.961783 14.309 7.952055 10.19528 14.309 7.952055 10.19528 14.309 7.952055 10.19528 11.8327 7.952055 11.44928 14.309 9.655957 11.68278 14.309 9.655957 11.68278 14.309 7.962866 11.44928 14.309 7.962866 11.68278 14.309 8.814027 11.68278 14.309 8.814027 14.01668 14.309 8.814027 14.01668 20.4583 8.814027 11.68278 20.4583 7.962866 11.68278 20.4583 8.814027 -9.17435e-4 13.0709 7.953216 -0.03771781 14.309 8.804368 -11.56652 2.66624e-6 -16.7277 3.924982 2.66624e-6 -16.7277 3.924982 2.66624e-6 -16.7277 3.924982 2.66624e-6 -15.4986 -18.68117 2.66624e-6 -13.6536 -18.68117 24 -13.6536 -22.77739 22.0147 -13.6536 -22.77739 22.0147 -13.6536 -22.77739 2.66624e-6 -13.6536 -22.77739 2.66624e-6 -13.6536 -22.77739 2.66624e-6 -6.724502 -22.77739 2.66624e-6 -6.724502 -22.77739 22.041 -6.724502 -22.77739 7.285472 -6.724502 -20.64473 7.285472 -6.724502 -20.64473 2.66624e-6 -6.724502 -16.61965 21.5692 7.631355 -16.61965 2.66624e-6 7.631355 -16.61965 24 9.500957 -16.61965 2.66624e-6 11.80358 -15.65809 20.3516 11.80358 -14.16802 20.3516 11.80358 -15.65809 20.3516 16.6368 -14.16802 20.3516 16.6368 -9.291418 24 16.6368 -9.291418 20.3516 16.6368 -9.291418 20.3516 16.6368 -7.106617 20.3516 16.6368 -7.106617 2.66624e-6 7.631355 -7.106617 20.3516 11.80358 -7.106617 6.808322 7.631355 -0.2159175 6.808322 7.631355 -0.2159175 2.66624e-6 7.631355 24.29658 6.466872 7.962866 24.29658 2.66624e-6 7.962866 24.29658 2.66624e-6 -8.258103 24.29658 6.466872 -8.258103 -9.291418 20.3516 11.80358 -9.291418 20.3516 11.80358 -9.291418 24 11.80358 -20.64473 7.859512 1.859488 -20.64473 7.940542 1.752667 -20.64473 8.083373 1.503017 -20.64473 8.143922 1.362357 -20.64473 8.196513 1.212738 -20.64473 8.240682 1.055457 -21.97809 24 -13.6536 -21.99841 8.196513 -6.724502 -22.11672 8.143922 -6.724502 -22.50985 7.859512 -6.724502 -22.58383 7.772993 -6.724502 -22.64668 7.681712 -6.724502 -22.64668 7.681712 2.032517 -22.58383 7.772993 1.953047 -22.50985 7.859512 1.859488 -22.50985 7.859512 1.859488 -22.42537 7.940542 1.752667 -22.22795 8.083373 1.503017 -22.11672 8.143922 1.362357 -21.99841 8.196513 1.212738 -21.87403 8.240682 1.055457 22.89088 10.8742 5.488087 23.33298 10.8742 5.488087 22.89088 6.808322 5.488087 22.89088 6.808322 -5.783402 22.89088 10.8742 -5.783402 -13.15002 26.2896 -14.6917 -17.09765 26.2896 -17.8151 -17.09765 26.2896 -14.6917 -13.15002 26.2896 -17.8151 5.069483 24.4163 -9.262101 5.885683 2.66624e-6 -10.5548 5.885683 24.4163 -10.5548 5.885683 24.4163 -10.5548 5.885683 24.4163 -10.5548 6.094282 2.66624e-6 -11.2485 6.094282 24.4163 -11.2485 5.885683 2.66624e-6 -13.2933 5.885683 24.4163 -13.2933 5.885683 24.4163 -13.2933 5.069483 2.66624e-6 -14.5479 5.069483 24.4163 -14.5479 5.069483 24.4163 -14.5479 5.069483 24.4163 -14.5479 4.476282 24.4163 -15.1068 4.476282 24.4163 -15.1068 3.924982 24.4163 -15.4986 3.924982 24.4163 -15.4986 -0.2159175 28.4805 -8.258103 -0.2159175 28.4805 -8.258103 11.71318 24 -8.258103 11.71318 28.4805 -8.258103 16.89448 14.9402 -5.783402 16.89448 24 -8.258103 16.89448 14.9402 5.488087 16.89448 24 7.962866 24.56948 7.251203 9.938047 -0.9232178 7.251203 9.938047 24.29658 7.251203 9.665177 24.29658 7.251203 9.665177 -1.171118 7.251203 9.665177 -1.171118 7.251203 9.665177 -1.066717 7.251203 10.67106 -1.210417 7.251203 10.074 -1.326918 7.251203 10.58448 -1.326918 7.251203 10.58448 -1.511417 7.251203 11.67158 -1.511417 7.251203 11.67158 -1.749918 7.251203 11.5363 -1.749918 7.251203 11.5363 -1.841618 7.251203 12.14021 -1.841618 7.251203 12.14021 -2.049118 7.251203 11.96097 -2.628418 7.251203 12.88739 -2.628418 7.251203 12.88739 -2.796417 7.251203 12.67068 -2.796417 7.251203 12.67068 -3.110117 7.251203 13.18921 -3.231617 7.251203 12.94329 -3.231617 7.251203 12.94329 -4.117317 7.251203 13.56554 -4.186718 7.251203 13.30017 -4.186718 7.251203 13.30017 -4.666517 7.251203 13.65069 -4.689917 7.251203 13.38513 -4.689917 7.251203 13.38513 -4.815617 7.251203 13.65329 -5.088518 7.251203 13.38513 -5.088518 7.251203 15.65052 -4.689917 6.808322 13.38513 -4.186718 6.808322 13.30017 -3.231617 6.808322 12.94329 -2.796417 6.808322 12.67068 -1.749918 6.808322 11.5363 -1.326918 6.808322 10.58448 -1.171118 6.808322 9.665177 24.29658 6.808322 9.665177 24.29658 7.251203 -8.258103 16.89448 7.251203 -8.258103 16.89448 7.251203 -8.258103 16.89448 7.251203 -8.531002 16.89448 7.251203 -8.531002 24.56948 7.251203 -8.531002 -1.511417 6.466872 11.67158 -1.841618 6.466872 12.14021 -2.628418 6.466872 12.88739 -7.106617 7.251203 15.65052 -7.106617 7.251203 15.92339 -4.815617 7.251203 15.92339 -0.9404183 7.251203 10.11757 16.89448 6.466872 -8.531002 16.89448 6.466872 -8.258103 -14.16802 24.4163 11.80358 -14.16802 24 16.6368 -14.16802 24.4163 16.6368 -14.16802 24.4163 16.6368 -16.61965 24.4163 11.80358 -15.53866 24.4163 10.72259 -15.53866 24.4163 9.447037 -16.61965 24.4163 10.46832 -16.8248 24.4163 9.373917 -16.95813 24.4163 10.44908 -17.05402 24.4163 9.329847 -17.05402 24.4163 9.329847 -17.27557 24.4163 9.255667 -17.27557 24.4163 9.255667 -17.3289 24.4163 10.37778 -17.4856 24.4163 9.152627 -17.68046 24.4163 9.022458 -17.68704 24.4163 10.25787 -17.8567 24.4163 8.867367 -18.01119 24.4163 8.690007 -18.02628 24.4163 10.09145 -18.14117 24.4163 8.493457 -18.24427 24.4163 8.281137 -18.24427 24.4163 8.281137 -18.31862 24.4163 8.056803 -18.31862 24.4163 8.056803 -18.34067 24.4163 9.881417 -18.34067 24.4163 9.881417 -18.36285 24.4163 7.824422 -18.36285 24.4163 7.824422 -18.43455 24.4163 6.550367 -18.43455 24.4163 6.550367 -18.62468 24.4163 9.631487 -18.62468 24.4163 9.631487 -18.62468 24.4163 9.631487 -18.87335 24.4163 9.346017 -18.87335 24.4163 9.346017 -19.08231 24.4163 9.030027 -19.08231 24.4163 9.030027 -19.24789 24.4163 8.689057 -19.36719 24.4163 8.329087 -19.43812 24.4163 7.956423 -19.45641 24.4163 7.631355 -19.56374 24.4163 6.550367 -19.56374 24.4163 6.550367 -20.64473 24.4163 7.631355 -20.64473 24.4163 -6.724502 -20.64473 24.4163 -6.724502 -19.56374 24.4163 -7.805402 -19.56374 24.4163 -7.805402 -20.8971 24.4163 -7.805402 -20.8971 24.4163 -7.805402 -21.46217 24.4163 -9.132502 -21.46217 24.4163 -9.132502 -21.61415 24.4163 -9.329901 -21.61415 24.4163 -9.329901 -21.73584 24.4163 -9.547301 -21.73584 24.4163 -9.547301 -21.97809 24.4163 -8.127503 -21.97809 24.4163 -8.127503 -21.97809 24.4163 -8.127503 -21.97809 24.4163 -6.724502 -21.97809 24.4163 -6.724502 -21.97809 24.4163 -6.724502 -21.97809 24 -6.724502 -21.97809 24 -6.724502 -21.97809 24 -8.127503 -21.97809 24 -8.127503 -22.2706 24 -8.410502 -22.2706 24 -8.410502 -22.2706 24.4163 -8.410502 -22.2706 24.4163 -8.410502 -22.2706 24.4163 -12.133 -22.51888 24.4163 -11.8105 -22.51888 24.4163 -8.733002 -22.71768 24.4163 -11.4553 -22.71768 24 -11.4553 -22.51888 24 -11.8105 -22.2706 24 -12.133 -21.97809 24.4163 -13.6536 -21.89685 24.4163 -10.2718 -21.8787 24.4163 -10.0233 -21.82465 24.4163 -9.7801 -21.82465 24 -9.7801 -21.73584 24 -9.547301 -21.73584 24 -9.547301 -21.61415 24 -9.329901 -21.61415 24 -9.329901 -21.46217 24 -9.132502 -21.46217 24 -9.132502 -20.8971 24 -8.585703 -20.8971 24 -8.585703 -20.8971 24.4163 -8.585703 -20.8971 24.4163 -8.585703 -20.8971 24 -7.805402 -19.56374 24 -7.805402 -19.56374 24 6.550367 -18.43455 24 6.550367 -18.36285 24 7.824422 -18.31862 24 8.056803 -18.24427 24 8.281137 -17.27557 24 9.255667 -17.05402 24 9.329847 -13.08702 24 10.72259 -13.08702 24.4163 10.72259 -13.08702 24.4163 10.72259 -13.51992 24.4163 16.6368 -13.51992 24.4163 16.6368 -13.51992 24 16.6368 -13.51992 24.4163 19.8442 -9.291418 24.4163 19.8442 -9.291418 24.4163 19.8442 -9.291418 24 19.8442 -9.291418 24 11.80358 -9.291418 24.4163 11.80358 -9.291418 24.4163 11.80358 -7.106617 24.4163 11.80358 -7.106617 24.4163 10.357 -6.766918 24.4163 10.35109 -6.394318 24.4163 10.29334 -6.032217 24.4163 10.18541 -6.032217 24.4163 10.18541 -6.032217 24 10.18541 -5.687017 24.4163 10.02917 -5.687017 24.4163 10.02917 -5.687017 24 10.02917 -5.364817 24.4163 9.827387 -5.364817 24.4163 9.827387 -5.364817 24 9.827387 -5.071217 24.4163 9.583577 -5.071217 24.4163 9.583577 -5.071217 24 9.583577 -4.811417 24.4163 9.302037 -4.589918 24.4163 8.987688 -4.410618 24.4163 8.646047 -4.276617 24.4163 8.283117 -4.190418 24.4163 7.905245 -4.164118 24.4163 7.631355 -0.2159175 24.4163 7.631355 -0.2159175 24.4163 6.550367 -5.146317 24.4163 6.550367 -5.259817 24.4163 7.732608 -5.259817 24.4163 7.732608 -5.315018 24.4163 7.974374 -5.315018 24.4163 7.974374 -5.400417 24.4163 8.205857 -5.514217 24.4163 8.422758 -5.654118 24.4163 8.621197 -5.817017 24.4163 8.797758 -5.999817 24.4163 8.949587 -5.999817 24.4163 8.949587 -6.199118 24.4163 9.074387 -6.199118 24.4163 9.074387 -6.411217 24.4163 9.170397 -6.632618 24.4163 9.236377 -6.859518 24.4163 9.271547 -8.187619 24.4163 9.294637 -8.187619 24.4163 10.72259 -10.37242 24.4163 10.72259 -10.37242 24.4163 18.7632 -12.43892 24.4163 18.7632 -13.08702 24.4163 15.5558 -13.08702 24.4163 15.5558 -12.43892 24.4163 15.5558 -13.08702 24 15.5558 -12.64742 24 -15.6467 -6.199118 24 9.074387 -5.999817 24 8.949587 -5.315018 24 7.974374 -5.259817 24 7.732608 -0.2159175 24 -8.258103 2.843983 24 -15.6467 -12.64742 24.4163 -15.6467 -12.64742 24.4163 -15.6467 2.843983 24.4163 -15.6467 2.843983 24.4163 -15.6467 2.843983 24.4163 -14.9406 3.789282 24.4163 -14.2689 3.561882 24.4163 -9.3391 3.561882 24.4163 -8.258103 3.924982 24.4163 -8.258103 3.924982 24.4163 -8.258103 3.924982 24 -8.258103 4.476282 24.4163 -8.675602 4.476282 24.4163 -8.675602 4.476282 24 -8.675602 5.885683 24 -10.5548 6.094282 24 -11.2485 6.094282 24.4163 -11.2485 6.094282 24.4163 -11.2485 6.094282 24.4163 -12.6196 5.069483 24 -14.5479 4.476282 24 -15.1068 3.924982 24 -15.4986 3.924982 24.4163 -16.7277 -11.56652 24.4163 -16.7277 -11.56652 24.4163 -19.8442 -18.68117 24.4163 -19.8442 -18.68117 24.4163 -13.6536 -20.8971 24.4163 -12.5727 -20.8971 24.4163 -12.5727 -21.73584 24.4163 -10.9963 -21.73584 24.4163 -10.9963 -21.82465 24.4163 -10.7635 -21.8787 24.4163 -10.5203 -21.8787 24 -10.5203 -21.89685 24 -10.2718 -21.8787 24 -10.0233 -21.82465 24 -10.7635 -21.73584 24 -10.9963 -21.73584 24 -10.9963 -21.61415 24 -11.2137 -21.61415 24 -11.2137 -21.46217 24 -11.4111 -20.8971 24 -11.9579 -20.8971 24 -12.5727 -17.60018 24 -12.5727 -12.64742 24.4163 -18.7632 4.233982 24.4163 -13.8499 4.897482 24.4163 -12.8299 4.221483 24 -9.9438 3.766983 24 -9.4944 3.766983 24.4163 -9.4944 3.766983 24.4163 -9.4944 4.221483 24.4163 -9.9438 4.221483 24.4163 -9.9438 4.892883 24.4163 -11.0072 5.013283 24.4163 -11.4075 5.013283 24.4163 -12.4561 -17.60018 24.4163 -18.7632 -17.60018 24.4163 -12.5727 -17.60018 24.4163 -12.5727 -20.8971 24.4163 -11.9579 -21.46217 24.4163 -11.4111 -21.61415 24.4163 -11.2137 -21.61415 24.4163 -11.2137 -22.51888 24 -8.733002 -20.64473 24 -6.724502 -19.08231 24 9.030027 -18.87335 24 9.346017 -18.62468 24 9.631487 -18.62468 24 9.631487 -18.34067 24 9.881417 -3.357817 20.9096 8.574777 -3.574017 21.1338 9.043677 -3.537218 20.9096 9.060937 -3.537218 20.9096 9.060937 -3.396517 21.1338 8.562667 -3.242317 20.9096 8.068606 -3.282217 21.1338 8.061877 -3.203318 20.9096 7.661983 -3.243418 21.1338 7.657996 -3.337818 21.3561 8.052478 -3.299517 21.3561 7.65243 -3.495918 21.793 8.025791 -3.597918 22.0063 8.008572 -3.714817 22.2155 7.98883 -3.678917 22.2155 7.614733 -3.846418 22.4199 7.966618 -3.846418 22.4199 7.966618 -3.811317 22.4199 7.601577 -3.992218 22.619 7.941996 -3.992218 22.619 7.941996 -3.958117 22.619 7.586994 -4.151916 22.8123 7.91503 -4.118917 22.8123 7.571022 -4.190418 22.9993 7.905245 -4.276617 22.9993 8.283117 -4.239517 22.8123 8.298657 -4.410618 22.9993 8.646047 -4.375418 22.8123 8.667127 -5.071217 22.9993 9.583577 -5.343918 22.8123 9.866467 -5.364817 22.9993 9.827387 -5.364817 22.9993 9.827387 -5.670917 22.8123 10.07134 -5.687017 22.9993 10.02917 -6.021217 22.8123 10.22996 -6.388718 22.8123 10.33955 -6.394318 22.9993 10.29334 -6.766817 22.8123 10.39818 -6.766918 22.9993 10.35109 -7.102217 22.8123 10.40402 -7.106617 22.9993 10.357 -7.099918 22.619 10.57044 -6.753817 22.619 10.56442 -7.097818 22.4199 10.7224 -6.741917 22.4199 10.71621 -7.095818 22.2155 10.85948 -6.731117 22.2155 10.85313 -7.094118 22.0063 10.98132 -6.721518 22.0063 10.97483 -7.092617 21.793 11.08758 -6.713217 21.793 11.08098 -7.091417 21.5761 11.17799 -6.706118 21.5761 11.17128 -7.090317 21.3561 11.25229 -6.700317 21.3561 11.2455 -6.695717 21.1338 11.30344 -7.088917 20.9096 11.35183 -6.692518 20.9096 11.34493 -6.692518 20.9096 11.34493 -7.088617 20.6843 11.3768 -6.690517 20.6843 11.36987 -6.186718 20.4583 11.30017 -6.186718 6.808322 11.30017 -5.697718 20.4583 11.15435 -5.697718 6.808322 11.15435 -4.400017 20.4583 10.34132 -4.400017 6.808322 10.34132 -4.049118 6.808322 9.960967 -4.049118 20.4583 9.960967 -3.749918 6.808322 9.536297 -3.749918 20.4583 9.536297 -3.749918 20.4583 9.536297 -3.507818 20.4583 9.074777 -3.326918 6.808322 8.584477 -3.326918 20.4583 8.584477 -3.210417 6.808322 8.074002 -3.210417 20.4583 8.074002 -3.210417 20.4583 8.074002 -3.171118 20.4583 7.665178 -3.218317 20.6843 8.072652 -3.179218 20.6843 7.664379 -3.334618 20.6843 8.582047 -3.515118 20.6843 9.071317 -3.515118 20.6843 9.071317 -3.777317 20.9096 9.518577 -3.756817 20.6843 9.531867 -3.756817 20.6843 9.531867 -4.074017 20.9096 9.939658 -4.055317 20.6843 9.955637 -4.421917 20.9096 10.3168 -4.405418 20.6843 10.33518 -4.815018 20.9096 10.64339 -4.449217 21.1338 10.28621 -4.838217 21.1338 10.60934 -4.870617 21.3561 10.56179 -4.536318 21.5761 10.1888 -4.912018 21.5761 10.50089 -4.595917 21.793 10.12224 -4.962517 21.793 10.42679 -4.746017 22.2155 9.954297 -4.746017 22.2155 9.954297 -5.089718 22.2155 10.23981 -4.836317 22.4199 9.853367 -4.836317 22.4199 9.853367 -5.166218 22.4199 10.12745 -5.251017 22.619 10.00289 -5.596418 22.619 10.21925 -5.966318 22.619 10.38676 -6.354418 22.619 10.5025 -6.323118 22.4199 10.65128 -6.294918 22.2155 10.7855 -6.247917 21.793 11.00884 -6.229317 21.5761 11.09736 -6.214018 21.3561 11.17011 -6.202118 21.1338 11.22689 -6.202118 21.1338 11.22689 -6.193518 20.9096 11.26757 -6.188417 20.6843 11.29201 -5.700417 20.6843 11.1465 -5.246517 20.9096 10.91369 -5.265118 21.1338 10.87677 -5.291018 21.3561 10.82523 -5.324318 21.5761 10.75919 -5.364817 21.793 10.67885 -5.412418 22.0063 10.58441 -5.466917 22.2155 10.47613 -5.528316 22.4199 10.3543 -5.916218 22.4199 10.52993 -5.916218 22.4199 10.52993 -5.871017 22.2155 10.65909 -5.830818 22.0063 10.77389 -5.795818 21.793 10.87401 -5.766018 21.5761 10.95918 -5.741518 21.3561 11.02919 -5.722418 21.1338 11.08384 -4.544317 22.4199 9.536857 -4.441917 22.2155 9.624577 -4.350817 22.0063 9.702548 -4.271418 21.793 9.770557 -4.203917 21.5761 9.828407 -4.203917 21.5761 9.828407 -4.148317 21.3561 9.875957 -4.105017 21.1338 9.913067 -3.811518 21.1338 9.496457 -3.859318 21.3561 9.465577 -3.625217 21.3561 9.019577 -3.519518 21.5761 8.524127 -3.603617 21.793 8.497797 -3.702517 22.0063 8.466837 -3.815817 22.2155 8.431347 -3.943317 22.4199 8.391407 -3.943317 22.4199 8.391407 -4.084717 22.619 8.347137 -4.084717 22.619 8.347137 -4.228317 22.619 8.736277 -4.228317 22.619 8.736277 -4.420418 22.619 9.102578 -4.295418 22.4199 9.183477 -4.295418 22.4199 9.183477 -4.182617 22.2155 9.256457 -4.082317 22.0063 9.321317 -3.994818 21.793 9.377887 -3.920418 21.5761 9.426027 -3.691017 21.5761 8.988707 -3.770918 21.793 8.951148 -3.864918 22.0063 8.906987 -3.864918 22.0063 8.906987 -3.972618 22.2155 8.856368 -3.972618 22.2155 8.856368 -4.093918 22.4199 8.799407 -4.093918 22.4199 8.799407 -4.589918 22.9993 8.987688 -4.811417 24 9.302037 -4.811417 22.9993 9.302037 -4.589918 24 8.987688 -4.410618 22.9993 8.646047 -4.410618 24 8.646047 -4.276617 22.9993 8.283117 -4.276617 24 8.283117 -4.190418 24 7.905245 -5.071217 24 9.583577 -5.364817 24 9.827387 -6.032217 22.9993 10.18541 -6.032217 24 10.18541 -6.394318 24 10.29334 -6.766918 24 10.35109 -7.106617 24 10.357 -19.12682 8.045832 10.92976 -19.52858 8.045832 10.57621 -19.12682 6.681762 10.92976 -19.12682 6.681762 10.92976 -17.7345 6.148012 9.441067 -17.7345 6.148012 9.441067 -18.13626 6.148012 9.087527 -18.13626 6.148012 9.087527 -19.52858 6.681762 10.57621 -19.52858 6.681762 10.57621 -18.13626 6.242562 9.087527 -17.7345 6.242562 9.441067 -19.88932 8.045832 10.15703 -19.88932 8.045832 10.15703 -20.04526 8.045832 9.629557 -20.04526 8.045832 9.629557 -20.18066 8.045832 9.713187 -20.18066 8.045832 9.713187 -19.75392 8.045832 10.07341 -19.75392 8.045832 10.07341 -19.75392 6.776312 10.07341 -19.88932 6.681762 10.15703 -19.88932 6.681762 10.15703 -18.14138 6.242562 9.077487 -18.14138 6.242562 9.077487 -18.14138 6.148012 9.077487 -18.14138 6.148012 9.077487 -18.14138 6.148012 9.077487 -18.43273 6.148012 8.633637 -18.43273 6.148012 8.633637 -18.43273 6.148012 8.633637 -20.18066 6.681762 9.713187 -20.18066 6.681762 9.713187 -20.04526 6.776312 9.629557 -18.43273 6.242562 8.633637 -18.43273 6.242562 8.633637 -20.43673 8.045832 9.187617 -20.43673 8.045832 9.187617 -20.44957 8.045832 8.639027 -20.60242 8.045832 8.686587 -20.60242 8.045832 8.686587 -20.28388 8.045832 9.140057 -20.43673 6.681762 9.187617 -20.43673 6.681762 9.187617 -18.46359 6.242562 8.573647 -18.46359 6.148012 8.573647 -18.46359 6.148012 8.573647 -18.62928 6.148012 8.072621 -18.62928 6.148012 8.072621 -20.60242 6.681762 8.686587 -20.60242 6.681762 8.686587 -18.62928 6.242562 8.072621 -17.06123 8.045832 11.79251 -17.59351 8.045832 11.69108 -17.06123 6.681762 11.79251 -17.59351 6.681762 11.69108 -17.05304 21.9656 11.22223 -17.52462 21.9656 11.13155 -17.03777 22.179 11.09791 -17.49315 22.179 11.01035 -17.02061 22.3876 10.95804 -17.45774 22.3876 10.87399 -17.00157 22.5908 10.803 -17.41849 22.5908 10.72283 -16.98073 22.7881 10.63319 -17.3755 22.7881 10.55728 -16.95813 22.9789 10.44908 -17.3289 22.9789 10.37778 -16.95813 24 10.44908 -17.3289 24 10.37778 -17.68704 22.9789 10.25787 -17.68704 24 10.25787 -18.02628 22.9789 10.09145 -18.02628 24 10.09145 -18.62468 22.9789 9.631487 -18.87335 22.9789 9.346017 -19.08231 24 9.030027 -19.08231 22.9789 9.030027 -19.24789 24 8.689057 -19.24789 22.9789 8.689057 -19.36719 24 8.329087 -19.36719 22.9789 8.329087 -19.43812 24 7.956423 -19.43812 22.9789 7.956423 -19.64121 22.7881 7.625232 -19.6213 22.7881 7.979139 -19.8108 22.5908 7.634872 -19.79024 22.5908 8.00009 -19.96564 22.3876 7.643674 -19.9445 22.3876 8.01922 -20.10532 22.179 7.651615 -20.08366 22.179 8.036478 -20.22947 21.9656 7.658672 -20.20735 21.9656 8.051815 -20.33775 21.748 7.664827 -20.31522 21.748 8.065194 -20.48242 21.3022 8.085928 -20.5413 21.0753 8.09323 -20.60701 20.8466 7.680134 -20.58347 20.8466 8.09846 -20.58347 20.8466 8.09846 -20.63245 20.6166 7.68158 -20.60882 20.6166 8.101602 -20.60882 20.6166 8.101602 -20.61727 20.386 8.102651 -20.51678 13.0201 8.630637 -20.51678 20.386 8.630637 -20.51678 20.386 8.630637 -20.34775 13.0201 9.140647 -20.34775 20.386 9.140647 -20.11315 13.0201 9.623737 -20.11315 20.386 9.623737 -19.8171 13.0201 10.07143 -19.8171 20.386 10.07143 -19.46479 13.0201 10.47588 -19.46479 20.386 10.47588 -19.0624 13.0201 10.82999 -19.0624 20.386 10.82999 -19.0624 20.386 10.82999 -18.61697 20.386 11.12755 -18.13634 20.386 11.36335 -17.62892 20.386 11.53324 -17.62892 13.0201 11.53324 -17.10361 20.386 11.63425 -17.10361 20.386 11.63425 -17.10361 13.0201 11.63425 -16.68516 13.0201 11.65803 -16.68516 20.0264 11.65803 -16.61822 20.0264 11.65803 -16.61822 13.0201 11.65803 -16.68516 20.386 11.65803 -17.10257 20.6166 11.62575 -16.68468 20.6166 11.6495 -16.68324 20.8466 11.62393 -17.09944 20.8466 11.60027 -16.6775 21.3022 11.52198 -17.08697 21.3022 11.49871 -16.67322 21.5266 11.44589 -17.07767 21.5266 11.4229 -18.05622 21.5266 11.16621 -18.02125 21.748 11.08017 -17.98014 21.9656 10.97903 -17.93301 22.179 10.86308 -17.87999 22.3876 10.73261 -18.45278 22.7881 10.02878 -18.75519 22.7881 9.762658 -18.75519 22.7881 9.762658 -19.01996 22.7881 9.458707 -19.24244 22.7881 9.122258 -19.41875 22.7881 8.759207 -19.54577 22.7881 8.375927 -19.71048 22.5908 8.419137 -19.71048 22.5908 8.419137 -19.86088 22.3876 8.458587 -19.99655 22.179 8.494177 -20.11713 21.9656 8.525807 -20.11713 21.9656 8.525807 -20.2223 21.748 8.553387 -20.2223 21.748 8.553387 -20.31177 21.5266 8.576857 -20.38531 21.3022 8.596147 -20.44271 21.0753 8.611207 -20.48382 20.8466 8.621997 -20.50853 20.6166 8.628478 -20.33986 20.6166 9.137407 -20.10576 20.6166 9.619477 -20.10576 20.6166 9.619477 -19.81033 20.6166 10.06623 -19.81033 20.6166 10.06623 -19.45877 20.6166 10.46983 -19.05722 20.6166 10.82319 -18.61274 20.6166 11.12012 -18.13312 20.6166 11.35542 -18.13312 20.6166 11.35542 -17.62677 20.6166 11.52495 -17.62032 20.8466 11.50011 -18.08496 21.3022 11.23692 -18.54942 21.3022 11.00906 -18.51164 21.5266 10.94278 -18.46566 21.748 10.86214 -18.41162 21.9656 10.76735 -18.34966 22.179 10.65868 -18.55619 22.5908 10.16469 -18.55619 22.5908 10.16469 -18.87556 22.5908 9.883637 -18.87556 22.5908 9.883637 -19.39014 22.5908 9.207327 -19.57633 22.5908 8.823907 -19.72022 22.3876 8.882987 -19.85002 22.179 8.936287 -19.96539 21.9656 8.983657 -20.06601 21.748 9.024968 -20.15161 21.5266 9.060117 -20.22197 21.3022 9.089007 -20.27689 21.0753 9.111547 -20.31622 20.8466 9.127697 -20.0836 20.8466 9.606717 -19.79005 20.8466 10.05064 -19.44071 20.8466 10.45167 -19.0417 20.8466 10.8028 -18.60004 20.8466 11.09785 -18.12346 20.8466 11.33166 -18.10739 21.0753 11.29212 -18.57892 21.0753 11.0608 -18.57892 21.0753 11.0608 -19.01589 21.0753 10.76888 -19.01589 21.0753 10.76888 -18.97986 21.3022 10.72151 -18.93369 21.5266 10.66083 -18.87752 21.748 10.58701 -18.65061 22.3876 10.28878 -18.98546 22.3876 9.994107 -19.27864 22.3876 9.657547 -19.525 22.3876 9.284996 -19.64666 22.179 9.355057 -19.75478 21.9656 9.417337 -19.84909 21.748 9.471647 -19.92932 21.5266 9.517857 -19.99526 21.3022 9.555837 -19.99526 21.3022 9.555837 -20.04674 21.0753 9.585487 -19.7563 21.0753 10.02469 -19.41066 21.0753 10.42148 -19.41066 21.0753 10.42148 -19.36871 21.3022 10.37931 -19.36871 21.3022 10.37931 -19.31497 21.5266 10.3253 -19.31497 21.5266 10.3253 -19.24959 21.748 10.25958 -19.24959 21.748 10.25958 -19.39002 22.179 9.743157 -19.57535 21.748 9.885607 -19.6488 21.5266 9.942067 -19.70917 21.3022 9.988467 -19.70917 21.3022 9.988467 -18.07083 8.045832 11.36715 -18.55147 6.776312 11.13136 -18.07083 6.776312 11.36715 -18.55147 8.045832 11.13136 -19.39928 8.045832 10.47969 -19.75159 8.045832 10.07524 -20.04765 8.045832 9.627537 -20.45127 8.045832 8.634448 -20.55177 8.045832 8.106456 -20.55177 6.776312 8.106456 -19.59345 6.242562 7.618585 -20.45127 6.776312 8.634448 -20.45127 6.776312 8.634448 -20.04765 6.776312 9.627537 -20.04765 6.776312 9.627537 -20.28224 6.776312 9.144457 -19.75159 6.776312 10.07524 -19.39928 6.776312 10.47969 -16.61965 6.242562 10.60863 -19.58075 6.242562 7.631355 -16.61965 6.242562 7.631355 -17.0381 8.045832 11.63805 -17.0381 6.776312 11.63805 -17.56341 6.776312 11.53704 -17.56341 8.045832 11.53704 -21.55829 13.1402 -2.618262 -21.55829 13.1402 -2.618262 -21.55829 12.0249 -2.618262 -21.55829 12.0249 -2.618262 -21.55829 12.0249 -2.652822 -21.60629 12.0249 -2.618262 -21.60629 13.1402 -2.618262 -21.55829 13.1402 -2.652822 -20.64473 12.0249 -2.618262 -20.64473 12.0249 -2.652822 -20.64473 12.0249 -2.652822 -20.69273 12.0249 -2.652822 -20.69273 12.0249 -2.652822 -20.69273 12.0249 -2.618262 -20.69273 13.1402 -2.652822 -20.64473 13.1402 -2.652822 -20.64473 12.0249 -6.309502 -20.69273 12.0249 -6.309502 -20.69273 13.1402 -6.309502 -20.64473 13.1402 -6.309502 -21.55829 13.1402 -2.810702 -21.55829 12.0249 -2.810702 -21.55829 12.0249 -2.810702 -21.55829 12.0249 -2.845302 -21.55829 12.0249 -2.845302 -21.60629 12.0249 -2.845302 -21.60629 12.0249 -2.810702 -21.55829 13.1402 -2.845302 -21.55829 12.0249 -3.037702 -21.60629 12.0249 -3.037702 -21.60629 12.0249 -3.037702 -21.60629 12.0249 -3.003202 -21.60629 13.1402 -3.003202 -21.60629 13.1402 -3.037702 -21.60629 13.1402 -3.037702 -21.55829 13.1402 -3.037702 -21.55829 12.0249 -3.230202 -21.60629 12.0249 -3.230202 -21.60629 13.1402 -3.230202 -21.55829 13.1402 -3.230202 -21.55829 13.1402 -3.388102 -21.55829 13.1402 -3.388102 -21.55829 12.0249 -3.388102 -21.55829 12.0249 -3.388102 -21.55829 12.0249 -3.422602 -21.60629 12.0249 -3.388102 -21.60629 13.1402 -3.388102 -21.55829 13.1402 -3.422602 -21.55829 12.0249 -3.773002 -21.55829 12.0249 -3.807502 -21.60629 12.0249 -3.807502 -21.60629 12.0249 -3.773002 -21.55829 13.1402 -3.965402 -21.55829 13.1402 -3.965402 -21.55829 12.0249 -3.965402 -21.55829 12.0249 -3.965402 -21.55829 12.0249 -4.000002 -21.60629 12.0249 -4.000002 -21.60629 12.0249 -3.965402 -21.60629 12.0249 -3.965402 -21.60629 13.1402 -3.965402 -21.60629 13.1402 -3.965402 -21.60629 13.1402 -4.000002 -21.55829 13.1402 -4.000002 -21.55829 13.1402 -4.157902 -21.55829 12.0249 -4.157902 -21.55829 12.0249 -4.192502 -21.55829 12.0249 -4.192502 -21.60629 12.0249 -4.192502 -21.60629 13.1402 -4.192502 -21.55829 13.1402 -4.192502 -21.55829 13.1402 -4.192502 -21.55829 13.1402 -4.350302 -21.55829 12.0249 -4.350302 -21.55829 12.0249 -4.350302 -21.55829 12.0249 -4.384902 -21.60629 12.0249 -4.384902 -21.60629 12.0249 -4.350302 -21.60629 12.0249 -4.350302 -21.60629 13.1402 -4.350302 -21.55829 13.1402 -4.927702 -21.55829 12.0249 -4.927702 -21.55829 12.0249 -4.962302 -21.60629 12.0249 -4.962302 -21.60629 12.0249 -4.927702 -21.60629 13.1402 -4.927702 -21.60629 13.1402 -4.962302 -21.55829 13.1402 -4.962302 -21.55829 13.1402 -5.120203 -21.60629 13.1402 -5.120203 -21.60629 13.1402 -5.154702 -21.55829 13.1402 -5.154702 -21.55829 12.0249 -5.312602 -21.55829 12.0249 -5.347202 -21.55829 12.0249 -5.347202 -21.60629 12.0249 -5.347202 -21.60629 12.0249 -5.347202 -21.60629 12.0249 -5.312602 -21.60629 13.1402 -5.347202 -21.55829 13.1402 -5.347202 -21.55829 13.1402 -5.697503 -21.55829 12.0249 -5.697503 -21.55829 12.0249 -5.732102 -21.60629 12.0249 -5.732102 -21.60629 12.0249 -5.732102 -21.60629 12.0249 -5.697503 -21.60629 12.0249 -5.697503 -21.60629 13.1402 -5.697503 -21.60629 13.1402 -5.697503 -21.60629 13.1402 -5.732102 -21.60629 13.1402 -5.732102 -21.55829 13.1402 -5.732102 -21.55829 12.0249 -5.890002 -21.55829 12.0249 -5.924502 -21.55829 12.0249 -5.924502 -21.60629 12.0249 -5.924502 -21.60629 12.0249 -5.924502 -21.60629 12.0249 -5.924502 -21.60629 12.0249 -5.890002 -21.60629 12.0249 -5.890002 -21.60629 13.1402 -5.890002 -21.60629 13.1402 -5.924502 -21.60629 13.1402 -5.924502 -21.55829 13.1402 -5.924502 -21.55829 13.1402 -6.082402 -21.55829 12.0249 -6.082402 -21.55829 12.0249 -6.082402 -21.55829 12.0249 -6.117002 -21.60629 12.0249 -6.117002 -21.60629 12.0249 -6.082402 -21.60629 12.0249 -6.082402 -21.60629 13.1402 -6.082402 -21.55829 13.1402 -6.274902 -21.55829 12.0249 -6.274902 -21.55829 12.0249 -6.309502 -21.60629 12.0249 -6.309502 -21.60629 12.0249 -6.274902 -21.60629 13.1402 -6.274902 -21.60629 13.1402 -6.309502 -21.55829 13.1402 -6.309502 -21.37557 13.1402 -2.618262 -21.37557 12.0249 -2.618262 -21.37557 12.0249 -2.652822 -21.37557 12.0249 -2.652822 -21.42357 12.0249 -2.652822 -21.42357 12.0249 -2.652822 -21.42357 12.0249 -2.618262 -21.42357 13.1402 -2.618262 -21.42357 13.1402 -2.652822 -21.42357 13.1402 -2.652822 -21.37557 13.1402 -2.652822 -21.37557 13.1402 -2.652822 -21.19286 13.1402 -2.618262 -21.19286 12.0249 -2.618262 -21.19286 12.0249 -2.618262 -21.19286 12.0249 -2.652822 -21.19286 12.0249 -2.652822 -21.24086 12.0249 -2.652822 -21.24086 12.0249 -2.652822 -21.24086 12.0249 -2.618262 -21.24086 12.0249 -2.618262 -21.24086 13.1402 -2.618262 -21.24086 13.1402 -2.652822 -21.19286 13.1402 -2.652822 -21.01015 13.1402 -2.618262 -21.01015 12.0249 -2.618262 -21.01015 12.0249 -2.618262 -21.01015 12.0249 -2.652822 -21.01015 12.0249 -2.652822 -21.01015 12.0249 -2.652822 -21.05815 12.0249 -2.652822 -21.05815 12.0249 -2.652822 -21.05815 12.0249 -2.618262 -21.05815 13.1402 -2.652822 -21.01015 13.1402 -2.652822 -21.01015 13.1402 -2.652822 -20.82744 12.0249 -2.618262 -20.82744 12.0249 -2.652822 -20.82744 12.0249 -2.652822 -20.87544 12.0249 -2.652822 -20.87544 12.0249 -2.652822 -20.87544 12.0249 -2.652822 -20.87544 12.0249 -2.618262 -20.87544 12.0249 -2.618262 -20.87544 13.1402 -2.618262 -20.87544 13.1402 -2.652822 -20.87544 13.1402 -2.652822 -20.82744 13.1402 -2.652822 -21.01015 13.1402 -6.268502 -21.01015 12.0249 -6.268502 -21.01015 12.0249 -6.303102 -21.01015 13.1402 -6.303102 -21.37557 13.1402 -6.268502 -21.37557 12.0249 -6.303102 -21.42357 12.0249 -6.303102 -21.42357 13.1402 -6.268502 -21.42357 13.1402 -6.303102 -21.42357 13.1402 -6.303102 -21.37557 13.1402 -6.303102 -21.37557 13.1402 -6.303102 -21.19286 13.1402 -6.268502 -21.24086 13.1402 -6.268502 -21.24086 13.1402 -6.303102 -21.19286 13.1402 -6.303102 -20.82744 13.1402 -6.268502 -20.82744 13.1402 -6.268502 -20.82744 12.0249 -6.268502 -20.82744 12.0249 -6.303102 -20.87544 13.1402 -6.268502 -20.87544 13.1402 -6.303102 -20.82744 13.1402 -6.303102 -20.82744 13.1402 -6.303102 -21.62906 13.2191 -6.325902 -20.64473 13.2119 -6.335302 -21.6385 13.2119 -6.335302 -21.6385 13.2119 -6.335302 -20.64473 13.2191 -6.325902 -21.61808 13.2237 -6.314902 -20.64473 13.2237 -6.314902 -21.60629 13.2252 -6.303102 -20.64473 13.2252 -6.303102 -21.59449 13.2237 -6.291302 -20.64473 13.2237 -6.291302 -21.58351 13.2191 -6.280303 -20.64473 13.2191 -6.280303 -21.56683 13.2024 -6.263602 -21.56683 13.2024 -6.263602 -20.64473 13.2024 -6.263602 -21.56228 13.1915 -6.259102 -21.56228 13.1915 -6.259102 -20.64473 13.1915 -6.259102 -21.56073 13.1797 -6.257502 -21.56228 13.1679 -6.259102 -21.56683 13.1569 -6.263602 -21.56683 13.1569 -6.263602 -20.64473 13.1569 -6.263602 -21.57407 13.1474 -6.270902 -21.57407 13.1474 -6.270902 -21.57407 13.1474 -6.270902 -20.64473 13.1474 -6.270902 -21.58351 13.1402 -6.280303 -21.58351 13.1402 -6.280303 -21.58351 13.1402 -2.641042 -21.57407 13.1474 -2.650472 -21.57407 13.1474 -2.650472 -21.56683 13.1569 -2.657712 -21.56228 13.1679 -2.662262 -21.56073 13.1797 -2.663823 -21.56228 13.1915 -2.662262 -21.56683 13.2024 -2.657712 -21.60629 13.2252 -2.618262 -21.61808 13.2237 -2.606472 -21.62906 13.2191 -2.595482 -21.6385 13.2119 -2.586052 -21.6385 13.2119 -2.586052 -21.64574 13.2024 -6.342502 -21.64574 13.2024 -6.342502 -21.64574 13.2024 -2.578812 -21.65029 13.1915 -6.347103 -21.65184 13.1797 -6.348602 -21.65029 13.1679 -2.574262 -21.65029 13.1679 -2.574262 -21.65029 13.1679 -6.347103 -20.64473 13.1797 -6.348602 -20.64473 13.1915 -6.347103 -20.64473 13.2024 -6.342502 -20.64473 13.1569 -6.342502 -20.64473 13.1474 -6.335302 -20.64473 13.1474 -6.335302 -20.64473 13.1402 -6.325902 -20.64473 13.1357 -6.314902 -20.64473 13.1357 -6.291302 -20.64473 13.1402 -6.280303 -21.59449 13.1357 -6.291302 -21.59449 13.1357 -2.630052 -20.64473 13.1357 -2.630052 -20.64473 13.2252 -2.618262 -20.64473 13.2237 -2.606472 -20.64473 13.2191 -2.595482 -20.64473 13.2119 -2.586052 -20.64473 13.1679 -2.574262 -21.64574 13.1569 -2.578812 -21.64574 13.1569 -2.578812 -20.64473 13.1569 -2.578812 -21.6385 13.1474 -2.586052 -20.64473 13.1474 -2.586052 -21.62906 13.1402 -2.595482 -20.64473 13.1402 -2.595482 -21.61808 13.1357 -2.606472 -20.64473 13.1357 -2.606472 -21.60629 13.1341 -2.618262 -20.64473 13.1341 -2.618262 -21.61808 13.1357 -6.314902 -21.62906 13.1402 -6.325902 -21.6385 13.1474 -6.335302 -21.6385 13.1474 -6.335302 -21.64574 13.1569 -6.342502 -21.64574 13.1569 -6.342502 -20.64473 12.0249 -2.618262 -20.64473 12.0249 -2.618262 -21.60629 12.0249 -6.303102 -21.60629 12.0249 -2.618262 -20.64473 12.0249 -6.303102 -20.64473 12.0249 -6.303102 -20.64473 11.8612 -6.303102 -20.64473 11.8612 -2.618262 -21.55829 13.1402 7.269295 -21.55829 12.0249 7.269295 -21.55829 12.0249 7.234735 -21.60629 12.0249 7.234735 -21.60629 12.0249 7.269295 -21.60629 13.1402 7.269295 -21.60629 13.1402 7.234735 -21.55829 13.1402 7.234735 -20.64473 13.1402 7.269295 -20.64473 12.0249 7.269295 -20.64473 12.0249 7.234735 -20.64473 12.0249 7.234735 -20.69273 12.0249 7.234735 -20.69273 12.0249 7.234735 -20.69273 12.0249 7.269295 -20.69273 13.1402 7.269295 -20.69273 13.1402 7.234735 -20.69273 13.1402 7.234735 -20.64473 13.1402 7.234735 -20.64473 13.1402 7.234735 -20.64473 13.1402 3.612667 -20.64473 12.0249 3.612667 -20.69273 12.0249 3.612667 -20.69273 13.1402 3.612667 -21.55829 13.1402 6.884387 -21.55829 12.0249 6.884387 -21.55829 12.0249 6.849827 -21.55829 12.0249 6.849827 -21.60629 12.0249 6.849827 -21.60629 13.1402 6.849827 -21.55829 13.1402 6.849827 -21.55829 13.1402 6.849827 -21.55829 13.1402 6.691932 -21.55829 12.0249 6.691932 -21.55829 12.0249 6.691932 -21.55829 12.0249 6.657372 -21.60629 12.0249 6.657372 -21.60629 12.0249 6.691932 -21.60629 12.0249 6.691932 -21.60629 13.1402 6.691932 -21.55829 13.1402 6.499478 -21.55829 12.0249 6.499478 -21.55829 12.0249 6.464918 -21.55829 12.0249 6.464918 -21.60629 12.0249 6.464918 -21.60629 13.1402 6.464918 -21.55829 13.1402 6.464918 -21.55829 13.1402 6.464918 -21.55829 13.1402 6.307024 -21.55829 12.0249 6.307024 -21.55829 12.0249 6.307024 -21.55829 12.0249 6.272464 -21.55829 12.0249 6.272464 -21.60629 12.0249 6.272464 -21.60629 12.0249 6.272464 -21.60629 12.0249 6.307024 -21.60629 12.0249 6.307024 -21.60629 13.1402 6.307024 -21.60629 13.1402 6.272464 -21.55829 13.1402 6.272464 -21.55829 12.0249 6.080007 -21.60629 12.0249 6.080007 -21.60629 13.1402 6.080007 -21.55829 13.1402 6.080007 -21.55829 13.1402 5.922117 -21.55829 13.1402 5.922117 -21.55829 12.0249 5.922117 -21.60629 12.0249 5.887557 -21.60629 12.0249 5.922117 -21.60629 12.0249 5.922117 -21.60629 13.1402 5.922117 -21.60629 13.1402 5.922117 -21.60629 13.1402 5.922117 -21.60629 13.1402 5.887557 -21.60629 13.1402 5.887557 -21.55829 13.1402 5.887557 -21.55829 12.0249 5.695097 -21.60629 12.0249 5.695097 -21.60629 13.1402 5.695097 -21.55829 13.1402 5.695097 -21.55829 13.1402 5.537207 -21.55829 12.0249 5.537207 -21.55829 12.0249 5.502647 -21.55829 12.0249 5.502647 -21.60629 12.0249 5.502647 -21.60629 12.0249 5.502647 -21.60629 12.0249 5.537207 -21.60629 13.1402 5.537207 -21.60629 13.1402 5.502647 -21.60629 13.1402 5.502647 -21.55829 13.1402 5.502647 -21.55829 13.1402 5.502647 -21.55829 13.1402 5.344757 -21.55829 12.0249 5.344757 -21.55829 12.0249 5.310197 -21.60629 12.0249 5.310197 -21.60629 12.0249 5.344757 -21.60629 13.1402 5.344757 -21.60629 13.1402 5.310197 -21.55829 13.1402 5.310197 -21.55829 13.1402 5.152297 -21.55829 13.1402 5.152297 -21.55829 12.0249 5.152297 -21.60629 12.0249 5.152297 -21.60629 13.1402 5.152297 -21.60629 13.1402 5.152297 -21.60629 13.1402 5.117737 -21.55829 13.1402 5.117737 -21.55829 13.1402 4.382477 -21.55829 12.0249 4.382477 -21.60629 12.0249 4.382477 -21.60629 13.1402 4.382477 -21.55829 12.0249 4.190027 -21.55829 12.0249 4.155467 -21.60629 12.0249 4.155467 -21.60629 12.0249 4.190027 -21.55829 13.1402 3.805117 -21.55829 13.1402 3.805117 -21.55829 12.0249 3.805117 -21.55829 12.0249 3.805117 -21.55829 12.0249 3.805117 -21.55829 12.0249 3.770557 -21.55829 12.0249 3.770557 -21.60629 12.0249 3.770557 -21.60629 12.0249 3.805117 -21.60629 12.0249 3.805117 -21.60629 13.1402 3.805117 -21.55829 13.1402 3.770557 -21.37557 13.1402 7.269295 -21.37557 12.0249 7.269295 -21.37557 12.0249 7.234735 -21.42357 12.0249 7.234735 -21.42357 12.0249 7.234735 -21.42357 12.0249 7.269295 -21.42357 12.0249 7.269295 -21.42357 13.1402 7.269295 -21.42357 13.1402 7.269295 -21.42357 13.1402 7.234735 -21.42357 13.1402 7.234735 -21.37557 13.1402 7.234735 -21.05815 12.0249 7.234735 -21.05815 12.0249 7.269295 -21.05815 13.1402 7.269295 -21.05815 13.1402 7.234735 -20.82744 13.1402 7.269295 -20.82744 13.1402 7.269295 -20.82744 12.0249 7.269295 -20.82744 12.0249 7.269295 -20.82744 12.0249 7.234735 -20.82744 12.0249 7.234735 -20.87544 12.0249 7.234735 -20.87544 12.0249 7.234735 -20.87544 12.0249 7.269295 -20.87544 12.0249 7.269295 -20.87544 13.1402 7.269295 -20.87544 13.1402 7.269295 -20.87544 13.1402 7.234735 -20.87544 13.1402 7.234735 -20.82744 13.1402 7.234735 -20.82744 13.1402 7.234735 -21.01015 12.0249 3.619047 -21.01015 12.0249 3.584487 -21.05815 12.0249 3.584487 -21.05815 12.0249 3.619047 -21.37557 13.1402 3.619047 -21.37557 12.0249 3.619047 -21.42357 12.0249 3.619047 -21.42357 13.1402 3.619047 -20.82744 13.1402 3.619047 -20.82744 12.0249 3.619047 -20.87544 12.0249 3.619047 -20.87544 13.1402 3.619047 -21.57407 13.2119 3.616697 -21.56683 13.2024 3.623937 -21.57407 13.1474 3.616697 -20.64473 13.1474 3.616697 -21.58351 13.1402 3.607257 -21.58351 13.1402 7.246516 -21.58351 13.1402 7.246516 -21.57407 13.1474 7.237082 -21.56228 13.1679 7.22529 -21.56073 13.1797 7.223738 -21.56683 13.2024 7.229842 -21.57407 13.2119 7.237082 -21.59449 13.2237 7.257504 -21.60629 13.2252 7.269295 -21.61808 13.2237 7.281086 -21.62906 13.2191 7.292073 -21.6385 13.2119 7.301508 -21.64574 13.2024 3.545027 -21.64574 13.2024 7.308748 -21.65029 13.1915 3.540477 -21.65029 13.1915 7.3133 -21.65029 13.1679 7.3133 -21.65029 13.1679 3.540477 -20.64473 13.1915 3.540477 -20.64473 13.2024 3.545027 -20.64473 13.1402 3.561707 -20.64473 13.1357 3.572687 -20.64473 13.1341 3.584487 -20.64473 13.1357 3.596277 -20.64473 13.1402 3.607257 -21.59449 13.1357 3.596277 -21.59449 13.1357 7.257504 -20.64473 13.1357 7.257504 -20.64473 13.1402 7.246516 -20.64473 13.1679 7.22529 -20.64473 13.1797 7.223738 -20.64473 13.2237 7.257504 -20.64473 13.2252 7.269295 -20.64473 13.2237 7.281086 -20.64473 13.2191 7.292073 -20.64473 13.2119 7.301508 -20.64473 13.2024 7.308748 -20.64473 13.1915 7.3133 -21.64574 13.1569 7.308748 -21.64574 13.1569 7.308748 -20.64473 13.1569 7.308748 -21.6385 13.1474 7.301508 -21.6385 13.1474 7.301508 -20.64473 13.1474 7.301508 -20.64473 13.1474 7.301508 -21.62906 13.1402 7.292073 -20.64473 13.1402 7.292073 -21.60629 13.1341 3.584487 -21.61808 13.1357 3.572687 -21.62906 13.1402 3.561707 -21.62906 13.1402 3.561707 -21.6385 13.1474 3.552267 -21.64574 13.1569 3.545027 -21.60629 12.0249 3.584487 -20.64473 12.0249 3.584487 -20.64473 11.8612 3.584487 -21.60629 11.8612 3.584487 -20.64473 13.1402 2.325517 -20.64473 12.0249 2.325517 -20.64473 12.0249 2.290957 -20.69273 12.0249 2.290957 -20.69273 12.0249 2.290957 -20.69273 12.0249 2.325517 -20.69273 12.0249 2.325517 -20.69273 13.1402 2.325517 -20.69273 13.1402 2.325517 -20.69273 13.1402 2.290957 -20.69273 13.1402 2.290957 -20.64473 13.1402 2.290957 -20.64473 12.0249 -1.331112 -20.64473 12.0249 -1.365673 -20.69273 12.0249 -1.365673 -20.69273 12.0249 -1.331112 -21.55829 13.1402 1.940608 -21.55829 12.0249 1.940608 -21.55829 12.0249 1.906047 -21.55829 13.1402 1.906047 -21.55829 13.1402 1.748157 -21.55829 13.1402 1.748157 -21.55829 13.1402 1.748157 -21.55829 12.0249 1.748157 -21.55829 12.0249 1.748157 -21.55829 12.0249 1.713597 -21.60629 12.0249 1.713597 -21.60629 12.0249 1.748157 -21.60629 12.0249 1.748157 -21.60629 13.1402 1.748157 -21.60629 13.1402 1.748157 -21.60629 13.1402 1.748157 -21.60629 13.1402 1.713597 -21.60629 13.1402 1.713597 -21.55829 13.1402 1.713597 -21.55829 13.1402 1.713597 -21.55829 13.1402 1.555697 -21.55829 13.1402 1.555697 -21.55829 12.0249 1.555697 -21.55829 12.0249 1.555697 -21.55829 12.0249 1.521137 -21.55829 12.0249 1.521137 -21.60629 12.0249 1.521137 -21.60629 12.0249 1.555697 -21.60629 13.1402 1.555697 -21.60629 13.1402 1.521137 -21.55829 13.1402 1.521137 -21.55829 13.1402 1.521137 -21.55829 12.0249 1.363247 -21.55829 12.0249 1.328687 -21.55829 12.0249 1.328687 -21.60629 12.0249 1.328687 -21.60629 12.0249 1.328687 -21.60629 12.0249 1.363247 -21.60629 13.1402 1.328687 -21.55829 13.1402 1.328687 -21.60629 12.0249 1.136227 -21.60629 12.0249 1.170787 -21.60629 13.1402 1.170787 -21.60629 13.1402 1.136227 -21.55829 13.1402 0.9783373 -21.55829 13.1402 0.9783373 -21.55829 12.0249 0.9783373 -21.55829 12.0249 0.9783373 -21.55829 12.0249 0.9437776 -21.60629 12.0249 0.9783373 -21.60629 13.1402 0.9783373 -21.55829 13.1402 0.9437776 -21.55829 12.0249 0.5934272 -21.55829 12.0249 0.5588675 -21.60629 12.0249 0.5588675 -21.60629 12.0249 0.5934272 -21.55829 13.1402 0.4009771 -21.60629 13.1402 0.4009771 -21.60629 13.1402 0.3664174 -21.55829 13.1402 0.3664174 -21.55829 13.1402 0.0160675 -21.55829 12.0249 0.0160675 -21.55829 12.0249 -0.01849269 -21.55829 13.1402 -0.01849269 -21.55829 13.1402 -0.1763925 -21.55829 12.0249 -0.1763925 -21.55829 12.0249 -0.2109527 -21.60629 12.0249 -0.2109527 -21.60629 12.0249 -0.1763925 -21.60629 13.1402 -0.1763925 -21.60629 13.1402 -0.2109527 -21.55829 13.1402 -0.2109527 -21.60629 12.0249 -0.4034028 -21.60629 12.0249 -0.3688426 -21.60629 13.1402 -0.3688426 -21.60629 13.1402 -0.4034028 -21.55829 13.1402 -0.5612927 -21.55829 12.0249 -0.5612927 -21.55829 12.0249 -0.5958529 -21.60629 12.0249 -0.5958529 -21.60629 12.0249 -0.5612927 -21.60629 13.1402 -0.5612927 -21.60629 13.1402 -0.5958529 -21.55829 13.1402 -0.5958529 -21.55829 13.1402 -0.9462018 -21.55829 12.0249 -0.9462018 -21.55829 12.0249 -0.9462018 -21.55829 12.0249 -0.980762 -21.60629 12.0249 -0.980762 -21.60629 12.0249 -0.980762 -21.60629 12.0249 -0.9462018 -21.60629 12.0249 -0.9462018 -21.60629 12.0249 -0.9462018 -21.60629 13.1402 -0.9462018 -21.60629 13.1402 -0.9462018 -21.60629 13.1402 -0.980762 -21.55829 13.1402 -1.138662 -21.55829 12.0249 -1.138662 -21.55829 12.0249 -1.173222 -21.60629 12.0249 -1.173222 -21.60629 12.0249 -1.138662 -21.60629 13.1402 -1.138662 -21.60629 13.1402 -1.173222 -21.55829 13.1402 -1.173222 -21.60629 12.0249 -1.365673 -21.60629 12.0249 -1.331112 -21.60629 13.1402 -1.331112 -21.60629 13.1402 -1.365673 -21.37557 13.1402 2.325517 -21.42357 12.0249 2.290957 -21.42357 12.0249 2.325517 -21.42357 13.1402 2.325517 -21.42357 13.1402 2.325517 -21.42357 13.1402 2.290957 -21.42357 13.1402 2.290957 -21.37557 13.1402 2.290957 -21.01015 12.0249 2.290957 -21.05815 12.0249 2.290957 -21.05815 12.0249 2.290957 -21.05815 12.0249 2.325517 -21.05815 13.1402 2.325517 -21.05815 13.1402 2.290957 -21.05815 13.1402 2.290957 -21.01015 13.1402 2.290957 -20.82744 13.1402 2.325517 -20.82744 13.1402 2.325517 -20.82744 12.0249 2.325517 -20.82744 12.0249 2.290957 -20.87544 13.1402 2.325517 -20.87544 13.1402 2.290957 -20.82744 13.1402 2.290957 -20.82744 13.1402 2.290957 -21.01015 12.0249 -1.324732 -21.01015 12.0249 -1.359292 -21.01015 12.0249 -1.359292 -21.05815 12.0249 -1.359292 -21.05815 12.0249 -1.359292 -21.05815 12.0249 -1.324732 -21.05815 13.1402 -1.359292 -21.01015 13.1402 -1.359292 -21.37557 12.0249 -1.324732 -21.37557 12.0249 -1.359292 -21.42357 12.0249 -1.359292 -21.42357 12.0249 -1.324732 -21.19286 13.1402 -1.324732 -21.19286 12.0249 -1.324732 -21.19286 12.0249 -1.324732 -21.19286 12.0249 -1.359292 -21.24086 12.0249 -1.359292 -21.24086 12.0249 -1.359292 -21.24086 12.0249 -1.324732 -21.24086 12.0249 -1.324732 -21.24086 12.0249 -1.324732 -21.24086 13.1402 -1.324732 -21.24086 13.1402 -1.324732 -21.24086 13.1402 -1.359292 -20.82744 13.1402 -1.324732 -20.82744 12.0249 -1.324732 -20.82744 12.0249 -1.359292 -20.82744 12.0249 -1.359292 -20.87544 12.0249 -1.359292 -20.87544 12.0249 -1.359292 -20.87544 12.0249 -1.324732 -20.87544 13.1402 -1.324732 -20.87544 13.1402 -1.359292 -20.87544 13.1402 -1.359292 -20.82744 13.1402 -1.359292 -20.82744 13.1402 -1.359292 -21.62906 13.2191 -1.382072 -20.64473 13.2119 -1.391512 -20.64473 13.2119 -1.391512 -21.6385 13.2119 -1.391512 -21.6385 13.2119 -1.391512 -21.6385 13.2119 -1.391512 -20.64473 13.2191 -1.382072 -21.61808 13.2237 -1.371082 -20.64473 13.2237 -1.371082 -21.60629 13.2252 -1.359292 -20.64473 13.2252 -1.359292 -21.59449 13.2237 -1.347502 -21.58351 13.2191 -1.336523 -21.56228 13.1915 -1.315292 -21.56073 13.1797 -1.313742 -21.56683 13.1569 -1.319842 -21.57407 13.1474 -1.327082 -21.57407 13.1474 2.293307 -21.56683 13.1569 2.286067 -21.56073 13.1797 2.279957 -21.56228 13.1915 2.281507 -21.56228 13.1915 2.281507 -21.56683 13.2024 2.286067 -21.57407 13.2119 2.293307 -21.58351 13.2191 2.302737 -21.58351 13.2191 2.302737 -21.59449 13.2237 2.313727 -21.60629 13.2252 2.325517 -21.61808 13.2237 2.337307 -21.62906 13.2191 2.348297 -21.6385 13.2119 2.357728 -21.6385 13.2119 2.357728 -21.64574 13.2024 -1.398752 -21.64574 13.2024 -1.398752 -21.64574 13.2024 2.364967 -21.65029 13.1915 -1.403302 -21.65029 13.1915 2.369517 -21.65184 13.1797 -1.404852 -21.65184 13.1797 2.371078 -21.65029 13.1679 2.369517 -21.65029 13.1679 -1.403302 -20.64473 13.1679 -1.403302 -20.64473 13.1797 -1.404852 -20.64473 13.1915 -1.403302 -20.64473 13.2024 -1.398752 -20.64473 13.1569 -1.398752 -20.64473 13.1402 -1.382072 -20.64473 13.1357 -1.371082 -20.64473 13.1341 -1.359292 -20.64473 13.1357 -1.347502 -21.59449 13.1357 -1.347502 -20.64473 13.1357 2.313727 -20.64473 13.1402 2.302737 -20.64473 13.1474 2.293307 -20.64473 13.1569 2.286067 -20.64473 13.1679 2.281507 -20.64473 13.1797 2.279957 -20.64473 13.1915 2.281507 -20.64473 13.1915 2.281507 -20.64473 13.2024 2.286067 -20.64473 13.2024 2.286067 -20.64473 13.2119 2.293307 -20.64473 13.2119 2.293307 -20.64473 13.2191 2.302737 -20.64473 13.2191 2.302737 -20.64473 13.2237 2.313727 -20.64473 13.2252 2.325517 -20.64473 13.2252 2.325517 -20.64473 13.2237 2.337307 -20.64473 13.2237 2.337307 -20.64473 13.2191 2.348297 -20.64473 13.2191 2.348297 -20.64473 13.2119 2.357728 -20.64473 13.2119 2.357728 -20.64473 13.2024 2.364967 -20.64473 13.1915 2.369517 -20.64473 13.1915 2.369517 -20.64473 13.1797 2.371078 -20.64473 13.1797 2.371078 -20.64473 13.1679 2.369517 -20.64473 13.1679 2.369517 -21.64574 13.1569 2.364967 -21.64574 13.1569 2.364967 -20.64473 13.1569 2.364967 -20.64473 13.1569 2.364967 -21.6385 13.1474 2.357728 -21.6385 13.1474 2.357728 -20.64473 13.1474 2.357728 -20.64473 13.1474 2.357728 -21.62906 13.1402 2.348297 -20.64473 13.1402 2.348297 -20.64473 13.1402 2.348297 -21.61808 13.1357 2.337307 -20.64473 13.1357 2.337307 -20.64473 13.1357 2.337307 -21.60629 13.1341 2.325517 -20.64473 13.1341 2.325517 -20.64473 13.1341 2.325517 -21.60629 13.1341 -1.359292 -21.61808 13.1357 -1.371082 -21.62906 13.1402 -1.382072 -21.6385 13.1474 -1.391512 -21.64574 13.1569 -1.398752 -21.64574 13.1569 -1.398752 -20.64473 12.0249 2.325517 -20.64473 12.0249 2.325517 -21.60629 12.0249 -1.359292 -21.60629 12.0249 2.325517 -21.60629 12.0249 2.325517 -20.64473 12.0249 -1.359292 -20.64473 11.8612 -1.359292 -20.64473 11.8612 2.325517 -20.64473 11.8612 2.325517 -21.60629 11.8612 2.325517 -21.60629 11.8612 2.325517 -21.60629 11.8612 -1.359292 -16.57165 15.5605 16.11645 -16.57165 15.5605 16.11645 -16.57165 14.4451 16.11645 -16.57165 14.4451 16.11645 -16.57165 14.4451 16.08189 -16.57165 14.4451 16.08189 -16.61965 14.4451 16.08189 -16.61965 14.4451 16.11645 -16.61965 15.5605 16.11645 -16.61965 15.5605 16.08189 -16.57165 15.5605 16.08189 -16.57165 15.5605 16.08189 -15.65809 15.5605 16.11645 -15.65809 14.4451 16.08189 -15.70609 14.4451 16.08189 -15.70609 15.5605 16.11645 -15.70609 15.5605 16.08189 -15.70609 15.5605 16.08189 -15.65809 15.5605 16.08189 -15.65809 15.5605 16.08189 -15.65809 15.5605 12.45982 -15.65809 14.4451 12.45982 -15.65809 14.4451 12.45982 -15.65809 14.4451 12.42526 -15.70609 14.4451 12.42526 -15.70609 14.4451 12.45982 -15.70609 14.4451 12.45982 -15.70609 15.5605 12.45982 -16.57165 15.5605 15.924 -16.57165 15.5605 15.924 -16.57165 14.4451 15.924 -16.57165 14.4451 15.88944 -16.61965 15.5605 15.924 -16.61965 15.5605 15.88944 -16.57165 15.5605 15.88944 -16.57165 15.5605 15.88944 -16.57165 15.5605 15.73155 -16.57165 14.4451 15.73155 -16.57165 14.4451 15.69699 -16.57165 15.5605 15.69699 -16.57165 15.5605 15.53909 -16.57165 15.5605 15.53909 -16.57165 14.4451 15.53909 -16.57165 14.4451 15.53909 -16.57165 14.4451 15.50453 -16.61965 14.4451 15.53909 -16.61965 15.5605 15.53909 -16.57165 15.5605 15.50453 -16.57165 15.5605 15.34664 -16.57165 14.4451 15.34664 -16.57165 14.4451 15.31208 -16.61965 14.4451 15.31208 -16.61965 14.4451 15.31208 -16.61965 14.4451 15.34664 -16.61965 14.4451 15.34664 -16.61965 15.5605 15.34664 -16.61965 15.5605 15.34664 -16.61965 15.5605 15.31208 -16.61965 15.5605 15.31208 -16.57165 15.5605 15.31208 -16.57165 14.4451 15.11962 -16.61965 14.4451 15.11962 -16.61965 15.5605 15.11962 -16.57165 15.5605 15.11962 -16.57165 14.4451 14.92717 -16.61965 14.4451 14.92717 -16.61965 15.5605 14.92717 -16.57165 15.5605 14.92717 -16.57165 15.5605 14.76927 -16.57165 14.4451 14.76927 -16.57165 14.4451 14.76927 -16.57165 14.4451 14.73471 -16.57165 14.4451 14.73471 -16.57165 14.4451 14.73471 -16.61965 14.4451 14.73471 -16.61965 14.4451 14.73471 -16.61965 14.4451 14.76927 -16.61965 15.5605 14.73471 -16.57165 15.5605 14.73471 -16.57165 15.5605 14.73471 -16.57165 15.5605 14.57682 -16.61965 14.4451 14.54226 -16.61965 14.4451 14.57682 -16.61965 15.5605 14.57682 -16.61965 15.5605 14.57682 -16.61965 15.5605 14.54226 -16.61965 15.5605 14.54226 -16.57165 15.5605 14.54226 -16.57165 15.5605 14.38437 -16.57165 14.4451 14.38437 -16.61965 14.4451 14.38437 -16.61965 15.5605 14.38437 -16.57165 15.5605 14.19191 -16.57165 14.4451 14.15735 -16.61965 14.4451 14.15735 -16.61965 15.5605 14.19191 -16.61965 15.5605 14.15735 -16.61965 15.5605 14.15735 -16.57165 15.5605 14.15735 -16.57165 15.5605 14.15735 -16.57165 15.5605 13.99946 -16.57165 14.4451 13.99946 -16.57165 14.4451 13.9649 -16.57165 14.4451 13.9649 -16.61965 14.4451 13.9649 -16.61965 14.4451 13.9649 -16.61965 14.4451 13.99946 -16.61965 15.5605 13.99946 -16.61965 15.5605 13.9649 -16.61965 15.5605 13.9649 -16.57165 15.5605 13.9649 -16.57165 15.5605 13.9649 -16.61965 14.4451 13.77244 -16.61965 14.4451 13.807 -16.61965 15.5605 13.807 -16.61965 15.5605 13.77244 -16.57165 15.5605 13.61455 -16.57165 15.5605 13.61455 -16.57165 14.4451 13.61455 -16.57165 14.4451 13.57999 -16.61965 15.5605 13.61455 -16.61965 15.5605 13.57999 -16.57165 15.5605 13.57999 -16.57165 15.5605 13.57999 -16.57165 15.5605 13.42209 -16.57165 15.5605 13.42209 -16.57165 14.4451 13.42209 -16.57165 14.4451 13.42209 -16.57165 14.4451 13.38753 -16.57165 14.4451 13.38753 -16.61965 14.4451 13.38753 -16.61965 14.4451 13.42209 -16.61965 15.5605 13.42209 -16.61965 15.5605 13.38753 -16.57165 15.5605 13.38753 -16.57165 15.5605 13.38753 -16.57165 15.5605 13.22964 -16.57165 15.5605 13.22964 -16.57165 14.4451 13.22964 -16.57165 14.4451 13.19508 -16.61965 14.4451 13.19508 -16.61965 14.4451 13.22964 -16.61965 15.5605 13.22964 -16.61965 15.5605 13.22964 -16.61965 15.5605 13.19508 -16.61965 15.5605 13.19508 -16.57165 15.5605 13.19508 -16.57165 15.5605 13.19508 -16.57165 15.5605 13.03719 -16.57165 14.4451 13.03719 -16.57165 14.4451 13.00263 -16.61965 14.4451 13.00263 -16.61965 14.4451 13.03719 -16.61965 15.5605 13.03719 -16.61965 15.5605 13.00263 -16.57165 15.5605 13.00263 -16.57165 15.5605 12.84473 -16.57165 15.5605 12.84473 -16.57165 15.5605 12.84473 -16.57165 14.4451 12.84473 -16.57165 14.4451 12.84473 -16.57165 14.4451 12.81017 -16.57165 14.4451 12.81017 -16.61965 14.4451 12.81017 -16.61965 14.4451 12.81017 -16.61965 14.4451 12.84473 -16.61965 14.4451 12.84473 -16.61965 15.5605 12.84473 -16.61965 15.5605 12.84473 -16.61965 15.5605 12.84473 -16.61965 15.5605 12.81017 -16.61965 15.5605 12.81017 -16.61965 15.5605 12.81017 -16.57165 15.5605 12.81017 -16.57165 15.5605 12.81017 -16.57165 15.5605 12.81017 -16.57165 15.5605 12.65228 -16.57165 15.5605 12.65228 -16.57165 14.4451 12.65228 -16.57165 14.4451 12.65228 -16.57165 14.4451 12.61772 -16.57165 14.4451 12.61772 -16.57165 14.4451 12.61772 -16.61965 14.4451 12.61772 -16.61965 14.4451 12.61772 -16.61965 14.4451 12.61772 -16.61965 14.4451 12.65228 -16.61965 14.4451 12.65228 -16.61965 15.5605 12.65228 -16.61965 15.5605 12.65228 -16.61965 15.5605 12.61772 -16.61965 15.5605 12.61772 -16.61965 15.5605 12.61772 -16.57165 15.5605 12.61772 -16.57165 15.5605 12.61772 -16.57165 15.5605 12.61772 -16.57165 15.5605 12.45982 -16.57165 14.4451 12.45982 -16.57165 14.4451 12.45982 -16.57165 14.4451 12.42526 -16.57165 14.4451 12.42526 -16.61965 14.4451 12.42526 -16.61965 14.4451 12.45982 -16.57165 15.5605 12.42526 -16.38894 15.5605 16.11645 -16.38894 14.4451 16.11645 -16.38894 14.4451 16.11645 -16.38894 14.4451 16.08189 -16.38894 14.4451 16.08189 -16.38894 14.4451 16.08189 -16.43694 14.4451 16.08189 -16.43694 14.4451 16.08189 -16.43694 14.4451 16.11645 -16.43694 15.5605 16.08189 -16.38894 15.5605 16.08189 -16.38894 15.5605 16.08189 -16.20623 14.4451 16.11645 -16.20623 14.4451 16.08189 -16.20623 14.4451 16.08189 -16.25423 14.4451 16.08189 -16.25423 14.4451 16.08189 -16.25423 14.4451 16.11645 -16.25423 15.5605 16.08189 -16.20623 15.5605 16.08189 -16.02352 15.5605 16.11645 -16.02352 15.5605 16.11645 -16.02352 14.4451 16.11645 -16.02352 14.4451 16.11645 -16.02352 14.4451 16.08189 -16.07152 14.4451 16.11645 -16.07152 15.5605 16.11645 -16.02352 15.5605 16.08189 -15.8408 15.5605 16.11645 -15.8408 14.4451 16.11645 -15.8408 14.4451 16.11645 -15.8408 14.4451 16.08189 -15.8408 14.4451 16.08189 -15.8408 14.4451 16.08189 -15.8888 14.4451 16.08189 -15.8888 14.4451 16.08189 -15.8888 14.4451 16.11645 -15.8888 15.5605 16.08189 -15.8408 15.5605 16.08189 -15.8408 15.5605 16.08189 -16.02352 15.5605 12.4662 -16.02352 14.4451 12.4662 -16.02352 14.4451 12.43164 -16.07152 14.4451 12.43164 -16.07152 14.4451 12.43164 -16.07152 14.4451 12.4662 -16.07152 14.4451 12.4662 -16.07152 15.5605 12.4662 -16.07152 15.5605 12.4662 -16.07152 15.5605 12.43164 -16.07152 15.5605 12.43164 -16.02352 15.5605 12.43164 -16.38894 15.5605 12.4662 -16.43694 14.4451 12.43164 -16.43694 14.4451 12.4662 -16.43694 15.5605 12.4662 -16.43694 15.5605 12.4662 -16.43694 15.5605 12.43164 -16.43694 15.5605 12.43164 -16.38894 15.5605 12.43164 -16.20623 15.5605 12.4662 -16.20623 14.4451 12.4662 -16.20623 14.4451 12.43164 -16.20623 14.4451 12.43164 -16.25423 14.4451 12.43164 -16.25423 14.4451 12.43164 -16.25423 14.4451 12.4662 -16.25423 15.5605 12.4662 -16.25423 15.5605 12.43164 -16.25423 15.5605 12.43164 -16.20623 15.5605 12.43164 -16.20623 15.5605 12.43164 -15.8408 15.5605 12.4662 -15.8408 14.4451 12.4662 -15.8408 14.4451 12.43164 -15.8888 14.4451 12.43164 -15.8888 14.4451 12.4662 -15.8888 15.5605 12.4662 -15.8888 15.5605 12.43164 -15.8408 15.5605 12.43164 -16.64243 15.6394 12.40886 -16.64243 15.6394 12.40886 -15.65809 15.6321 12.39943 -15.65809 15.6321 12.39943 -16.65187 15.6321 12.39943 -16.65187 15.6321 12.39943 -15.65809 15.6394 12.40886 -15.65809 15.6394 12.40886 -16.63144 15.6439 12.41985 -15.65809 15.6439 12.41985 -16.61965 15.6455 12.43164 -15.65809 15.6455 12.43164 -16.60786 15.6439 12.44343 -15.65809 15.6439 12.44343 -16.59687 15.6394 12.45442 -15.65809 15.6394 12.45442 -16.58744 15.6321 12.46385 -15.65809 15.6321 12.46385 -15.65809 15.6321 12.46385 -16.5802 15.6227 12.47109 -15.65809 15.6227 12.47109 -15.65809 15.6227 12.47109 -16.57565 15.6117 12.47565 -16.57565 15.6117 12.47565 -15.65809 15.6117 12.47565 -15.65809 15.6117 12.47565 -16.5741 15.5999 12.4772 -16.5741 15.5999 12.4772 -15.65809 15.5999 12.4772 -15.65809 15.5999 12.4772 -15.65809 15.5881 12.47565 -16.5802 15.5772 12.47109 -15.65809 15.5772 12.47109 -16.58744 15.5677 12.46385 -16.58744 15.5677 12.46385 -15.65809 15.5677 12.46385 -15.65809 15.5677 12.46385 -16.59687 15.5605 12.45442 -16.58744 15.5677 16.08424 -16.5802 15.5772 16.077 -16.5802 15.5772 16.077 -16.57565 15.5881 16.07245 -16.5741 15.5999 16.0709 -16.57565 15.6117 16.07245 -16.5802 15.6227 16.077 -16.58744 15.6321 16.08424 -16.59687 15.6394 16.09368 -16.60786 15.6439 16.10466 -16.61965 15.6455 16.11645 -16.63144 15.6439 16.12824 -16.64243 15.6394 16.13923 -16.65187 15.6321 16.14867 -16.65911 15.6227 12.39219 -16.65911 15.6227 16.15591 -16.66366 15.6117 12.38764 -16.66366 15.6117 16.16046 -16.66521 15.5999 12.38608 -16.66521 15.5999 16.16201 -16.66366 15.5881 16.16046 -16.66366 15.5881 12.38764 -15.65809 15.5881 12.38764 -15.65809 15.5881 12.38764 -15.65809 15.5999 12.38608 -15.65809 15.5999 12.38608 -15.65809 15.6117 12.38764 -15.65809 15.6117 12.38764 -15.65809 15.6227 12.39219 -15.65809 15.5772 12.39219 -15.65809 15.5677 12.39943 -15.65809 15.5605 12.40886 -15.65809 15.5559 12.41985 -15.65809 15.5544 12.43164 -15.65809 15.5559 12.44343 -15.65809 15.5605 12.45442 -15.65809 15.5605 12.45442 -16.60786 15.5559 12.44343 -16.60786 15.5559 16.10466 -15.65809 15.5559 16.10466 -15.65809 15.5605 16.09368 -15.65809 15.5677 16.08424 -15.65809 15.5772 16.077 -15.65809 15.5772 16.077 -15.65809 15.5881 16.07245 -15.65809 15.5881 16.07245 -15.65809 15.5999 16.0709 -15.65809 15.6117 16.07245 -15.65809 15.6227 16.077 -15.65809 15.6227 16.077 -15.65809 15.6321 16.08424 -15.65809 15.6321 16.08424 -15.65809 15.6394 16.09368 -15.65809 15.6439 16.10466 -15.65809 15.6455 16.11645 -15.65809 15.6455 16.11645 -15.65809 15.6439 16.12824 -15.65809 15.6439 16.12824 -15.65809 15.6394 16.13923 -15.65809 15.6321 16.14867 -15.65809 15.6227 16.15591 -15.65809 15.6117 16.16046 -15.65809 15.6117 16.16046 -15.65809 15.5999 16.16201 -15.65809 15.5999 16.16201 -15.65809 15.5881 16.16046 -15.65809 15.5881 16.16046 -15.65809 15.5772 16.15591 -15.65809 15.5677 16.14867 -16.64243 15.5605 16.13923 -15.65809 15.5605 16.13923 -15.65809 15.5605 16.13923 -16.63144 15.5559 16.12824 -15.65809 15.5559 16.12824 -15.65809 15.5559 16.12824 -16.61965 15.5544 16.11645 -15.65809 15.5544 16.11645 -16.61965 15.5544 12.43164 -15.65809 14.4451 16.11645 -15.65809 14.4451 16.11645 -16.61965 14.4451 12.43164 -16.61965 14.4451 12.43164 -16.61965 14.4451 16.11645 -16.61965 14.4451 16.11645 -15.65809 14.4451 12.43164 -15.65809 14.4451 12.43164 -15.65809 14.2814 12.43164 -15.65809 14.2814 16.11645 -16.61965 14.2814 16.11645 -16.61965 14.2814 12.43164 -23.36801 16.269 -12.3063 -23.36801 8.247193 -12.3063 -23.06241 16.269 -12.7678 -23.06241 8.247193 -12.7678 -22.95339 21.3022 -12.6865 -22.72041 21.0753 -13.0465 -23.00099 21.0753 -12.722 -22.67548 21.3022 -13.008 -22.89241 21.5266 -12.6411 -22.61791 21.5266 -12.9586 -22.81822 21.748 -12.5858 -22.54786 21.748 -12.8985 -22.73101 21.9656 -12.5209 -22.63102 22.179 -12.4464 -22.25722 22.7881 -12.1679 -22.01823 22.7881 -12.4443 -22.22115 22.9789 -12.1361 -21.9791 22.9789 -12.4161 -22.44746 22.9789 -11.7944 -22.44746 24 -11.7944 -22.62774 22.9789 -11.4273 -22.62774 24 -11.4273 -22.75881 22.9789 -11.0414 -22.75881 24 -11.0414 -22.83838 22.9789 -10.6432 -22.83838 24 -10.6432 -22.86507 22.9789 -10.24 -22.86507 24 -10.24 -22.83838 24 -9.838601 -22.83838 22.9789 -9.838601 -22.88334 22.7881 -9.835902 -23.05504 22.5908 -9.806801 -23.08371 22.5908 -10.2371 -23.05519 22.5908 -10.6694 -22.80278 22.7881 -11.0567 -22.96996 22.5908 -11.0962 -22.96996 22.5908 -11.0962 -22.82952 22.5908 -11.5099 -22.6698 22.7881 -11.4485 -22.48688 22.7881 -11.8211 -22.63634 22.5908 -11.9034 -22.89593 22.179 -12.0463 -23.00535 21.9656 -12.1066 -23.10078 21.748 -12.1591 -23.18198 21.5266 -12.2038 -23.24871 21.3022 -12.2406 -23.30079 21.0753 -12.2692 -23.3381 20.8466 -12.2898 -23.05558 20.6166 -12.7627 -23.36053 20.6166 -12.3021 -23.06241 20.386 -12.7678 -23.36801 20.386 -12.3063 -23.61141 16.269 -11.8105 -23.61141 20.386 -11.8105 -23.61141 20.386 -11.8105 -23.78836 16.269 -11.2892 -23.78836 20.386 -11.2892 -23.78836 20.386 -11.2892 -23.89575 20.386 -10.7515 -23.93169 20.386 -10.2068 -23.89555 20.386 -9.664702 -23.89555 16.269 -9.664702 -23.78798 20.386 -9.134701 -23.78798 16.269 -9.134701 -23.36727 20.386 -8.147603 -23.36727 16.269 -8.147603 -23.06151 20.386 -7.708003 -23.06151 20.386 -7.708003 -23.06151 16.269 -7.708003 -22.77739 20.386 -7.399802 -23.05468 20.6166 -7.713603 -22.77093 20.6166 -7.405802 -22.75159 20.8466 -7.423802 -23.03419 20.8466 -7.730302 -22.71942 21.0753 -7.453702 -23.00011 21.0753 -7.758102 -22.95252 21.3022 -7.797002 -22.61694 21.5266 -7.548902 -22.89156 21.5266 -7.846802 -22.89156 21.5266 -7.846802 -22.54692 21.748 -7.614002 -22.81739 21.748 -7.907402 -22.81739 21.748 -7.907402 -22.46461 21.9656 -7.690503 -22.7302 21.9656 -7.978602 -22.7302 21.9656 -7.978602 -22.37024 22.179 -7.778203 -22.63024 22.179 -8.060202 -22.26407 22.3876 -7.876902 -22.51776 22.3876 -8.152102 -22.14637 22.5908 -7.986302 -22.39309 22.5908 -8.253903 -22.44746 22.9789 -8.715502 -22.62774 22.9789 -9.069602 -22.62774 22.9789 -9.069602 -22.62774 24 -9.069602 -22.75881 22.9789 -9.446202 -22.75881 24 -9.446202 -22.80249 22.7881 -9.437602 -22.96966 22.5908 -9.3862 -23.12229 22.3876 -9.339301 -23.25999 22.179 -9.296902 -23.58857 21.748 -9.716601 -23.68184 21.5266 -9.7008 -23.7585 21.3022 -9.687901 -23.81834 21.0753 -9.6777 -23.8612 20.8466 -9.6705 -23.75453 20.8466 -9.144902 -23.88696 20.6166 -9.666102 -23.77961 20.6166 -9.137202 -23.33737 20.8466 -8.166302 -23.30007 21.0753 -8.189503 -23.24799 21.3022 -8.221903 -23.18128 21.5266 -8.263403 -23.1001 21.748 -8.313902 -23.1001 21.748 -8.313902 -23.00468 21.9656 -8.373303 -22.7722 22.3876 -8.517903 -22.63576 22.5908 -8.602803 -22.48632 22.7881 -8.695803 -22.66938 22.7881 -9.055302 -22.82908 22.5908 -8.982501 -22.97489 22.3876 -8.916001 -22.97489 22.3876 -8.916001 -23.10644 22.179 -8.856001 -23.32532 21.748 -8.756203 -23.41208 21.5266 -8.716603 -23.48338 21.3022 -8.684103 -23.92301 20.6166 -10.2071 -23.89702 20.8466 -10.208 -23.85379 21.0753 -10.2096 -23.79342 21.3022 -10.2117 -23.71608 21.5266 -10.2145 -23.62198 21.748 -10.2179 -23.24188 22.3876 -10.2314 -23.21197 22.3876 -10.6847 -23.12261 22.3876 -11.1322 -23.32585 21.748 -11.7007 -23.41261 21.5266 -11.7341 -23.48392 21.3022 -11.7615 -23.53959 21.0753 -11.7829 -23.57945 20.8466 -11.7982 -23.57945 20.8466 -11.7982 -23.60342 20.6166 -11.8074 -23.77999 20.6166 -11.2872 -23.88715 20.6166 -10.7506 -23.86139 20.8466 -10.7481 -23.81853 21.0753 -10.7439 -23.75869 21.3022 -10.7381 -23.68203 21.5266 -10.7306 -23.58875 21.748 -10.7215 -23.47911 21.9656 -10.7108 -23.35341 22.179 -10.6985 -23.26032 22.179 -11.1646 -23.38271 21.9656 -11.1935 -23.48946 21.748 -11.2187 -23.58028 21.5266 -11.2401 -23.65492 21.3022 -11.2577 -23.71318 21.0753 -11.2715 -23.75491 20.8466 -11.2813 -23.90121 8.247193 -10.9523 -23.90121 0.1142817 -10.9523 -23.36801 8.247193 -12.3063 -23.06241 8.247193 -12.7678 -23.06241 8.247193 -12.7678 -23.06241 0.1142817 -12.7678 -22.7784 8.247193 -13.0962 -22.7784 8.247193 -13.0962 -22.7784 0.1142817 -13.0962 -23.8912 8.247193 -9.613101 -23.8912 8.247193 -9.613101 -23.89008 0.1142817 -9.463801 -23.89008 8.247193 -9.463801 -23.89008 8.247193 -9.463801 -23.80044 8.247193 -9.174801 -23.78798 0.1142817 -9.134701 -23.78798 8.247193 -9.134701 -23.36727 8.247193 -8.147603 -23.36727 0.1142817 -8.147603 -23.06151 0.1142817 -7.708003 -23.06151 8.247193 -7.708003 -22.79257 8.247193 -7.416302 -22.79257 8.247193 -7.416302 -22.77739 8.247193 -7.399802 -22.77739 8.247193 -7.399802 -22.77739 0.1142817 -7.399802 -23.87443 8.191283 -9.073901 -23.89314 8.247193 -9.622401 -23.98612 8.191283 -9.613202 -23.98612 8.191283 -9.613202 -23.78706 8.247193 -11.2201 -23.89406 8.247193 -10.6913 -23.89406 8.247193 -10.6913 -23.89406 8.247193 -10.6913 -23.89407 8.247193 -10.6912 -23.89407 8.247193 -10.6912 -23.87648 8.191283 -11.2467 -23.87648 8.191283 -11.2467 -23.98707 8.191283 -10.7002 -24.07553 8.124702 -10.7087 -24.15869 8.048063 -10.7167 -24.23584 7.962002 -10.7242 -24.23584 7.962002 -10.7242 -24.1157 7.962002 -11.3179 -23.60224 8.048063 -12.3431 -23.6707 7.962002 -12.3788 -23.6707 7.962002 -12.3788 -23.3351 7.962002 -12.8779 -23.3351 7.962002 -12.8779 -23.27348 8.048063 -12.832 -23.52843 8.124702 -12.3046 -23.20705 8.124702 -12.7826 -23.3674 8.247193 -12.2206 -23.06212 8.247193 -12.6746 -23.78836 8.247193 -11.2892 -23.78836 8.247193 -11.2892 -23.7852 8.247193 -9.101302 -23.36382 8.247193 -8.130902 -23.44558 8.191283 -8.086403 -23.52336 8.124702 -8.044003 -23.95931 8.124702 -9.047902 -24.07456 8.124702 -9.604401 -24.07456 8.124702 -9.604401 -24.15771 8.048063 -9.5961 -24.15771 8.048063 -9.5961 -24.23484 7.962002 -9.5884 -24.30629 7.867272 -10.731 -24.36946 7.764702 -10.7371 -24.42477 7.655172 -10.7424 -24.42374 7.655172 -9.569602 -24.47176 7.539642 -10.7469 -24.47073 7.539642 -9.564902 -24.51002 7.419102 -10.7506 -24.50898 7.419102 -9.5611 -24.53922 7.294602 -10.7534 -24.53922 7.294602 -10.7534 -24.53817 7.294602 -9.558201 -24.55909 7.167222 -10.7553 -24.56948 7.038063 -10.7563 -24.56843 7.038063 -9.555201 -24.56843 6.975022 -9.555201 -24.56843 6.975022 -9.555201 -24.56948 6.975022 -10.7563 -24.56948 6.975022 -10.7563 -24.43654 6.975022 -11.4133 -23.96679 7.038063 -12.5332 -23.96679 6.975022 -12.5332 -23.60159 7.038063 -13.0764 -23.60159 6.975022 -13.0764 -23.08765 6.975022 -13.6618 -22.77879 6.975022 -13.662 -23.06219 6.975022 -12.7759 -23.36746 6.975022 -12.3142 -23.78711 6.975022 -11.2969 -23.89973 6.975022 -10.9599 -23.95766 6.975022 -7.807302 -24.43326 6.975022 -8.902501 -24.43326 7.038063 -8.902501 -23.95766 7.038063 -7.807302 -23.58545 6.975022 -7.281702 -23.58545 6.975022 -7.281702 -23.58545 7.038063 -7.281702 -23.06992 6.975022 -6.732603 -23.06992 6.975022 -6.732603 -23.06992 6.975022 -6.732603 -23.06992 7.038063 -6.732603 -23.06992 7.038063 -6.732603 -22.77398 7.038063 -6.732802 -22.77398 6.975022 -6.732802 -22.77398 6.975022 -6.732802 -23.05777 6.975022 -7.698802 -23.36382 6.975022 -8.130902 -23.7852 6.975022 -9.101302 -23.8106 6.975022 -9.2239 -23.88757 6.975022 -9.471402 -23.89314 6.975022 -9.622401 -23.88862 6.975022 -9.600602 -22.77444 6.975022 -7.397002 -22.77399 7.167222 -6.743002 -23.06537 7.167222 -6.742802 -23.05667 7.294602 -6.762402 -23.0439 7.419102 -6.791102 -23.02717 7.539642 -6.828702 -23.00661 7.655172 -6.875002 -22.77416 7.867272 -6.991602 -22.95478 7.867272 -6.991502 -22.92395 7.962002 -7.060802 -22.77421 7.962002 -7.060902 -22.77426 8.048063 -7.136802 -22.89021 8.048063 -7.136702 -22.85382 8.124702 -7.218502 -22.77432 8.124702 -7.218502 -22.81512 8.191283 -7.305502 -22.77438 8.191283 -7.305502 -22.77444 8.247193 -7.397002 -22.77739 8.247193 -7.400102 -23.05777 8.247193 -7.698802 -23.13042 8.191283 -7.641303 -23.59648 8.048063 -8.004103 -23.59648 8.048063 -8.004103 -24.0391 8.048063 -9.023402 -24.0391 8.048063 -9.023402 -24.11312 7.962002 -9.0007 -24.29441 7.655172 -8.945101 -24.3395 7.539642 -8.931302 -24.3395 7.539642 -8.931302 -24.3762 7.419102 -8.920001 -24.40422 7.294602 -8.9114 -24.42329 7.167222 -8.905602 -23.94852 7.167222 -7.812302 -23.5618 7.294602 -7.300402 -23.53899 7.419102 -7.318502 -23.5091 7.539642 -7.342103 -23.47239 7.655172 -7.371102 -23.66431 7.962002 -7.967202 -23.83042 7.655172 -7.876702 -23.87174 7.539642 -7.854103 -23.87174 7.539642 -7.854103 -23.90538 7.419102 -7.835803 -23.93105 7.294602 -7.821803 -22.77838 8.247193 -12.9978 -22.77838 8.247193 -12.9978 -22.77833 8.247193 -12.9979 -22.82092 8.191283 -13.0893 -22.86143 8.124702 -13.1762 -22.89952 8.048063 -13.258 -22.93485 7.962002 -13.3338 -22.93485 7.962002 -13.3338 -23.39137 7.867272 -12.9199 -22.96712 7.867272 -13.4031 -22.96712 7.867272 -13.4031 -22.77861 7.867272 -13.4032 -22.77856 7.962002 -13.3339 -22.77851 8.048063 -13.2581 -22.77845 8.124702 -13.1763 -22.77839 8.191283 -13.0893 -22.77866 7.764702 -13.4653 -22.99605 7.764702 -13.4652 -22.99605 7.764702 -13.4652 -22.77869 7.655172 -13.5197 -23.02138 7.655172 -13.5195 -23.02138 7.655172 -13.5195 -23.0429 7.539642 -13.5657 -22.77875 7.419102 -13.6035 -23.06042 7.419102 -13.6033 -23.06042 7.419102 -13.6033 -22.77877 7.294602 -13.6322 -23.07379 7.294602 -13.632 -23.07379 7.294602 -13.632 -23.59329 7.167222 -13.0702 -23.95757 7.167222 -12.5284 -24.42655 7.167222 -11.4104 -24.40743 7.294602 -11.4047 -24.24419 7.764702 -11.3561 -24.18345 7.867272 -11.338 -23.73323 7.867272 -12.4114 -23.73323 7.867272 -12.4114 -23.78928 7.764702 -12.4406 -23.44182 7.764702 -12.9574 -23.486 7.655172 -12.9903 -23.52354 7.539642 -13.0183 -23.55409 7.419102 -13.041 -23.57741 7.294602 -13.0584 -23.93993 7.294602 -12.5192 -23.91402 7.419102 -12.5057 -23.88007 7.539642 -12.488 -23.83837 7.655172 -12.4662 -22.7784 6.975022 -13.1046 11.68278 20.4583 9.665177 11.68278 20.4583 9.665177 2.332983 20.4583 9.665177 2.332983 14.309 9.665177 2.332983 14.309 9.655957 2.332983 14.309 8.814027 2.332783 14.309 8.814027 2.332783 14.309 8.814027 -9.17435e-4 14.309 8.814027 -9.17435e-4 14.309 8.814027 0.1856822 14.309 8.814027 0.1856822 14.309 8.814027 0.1856822 14.309 8.814027 0.1856822 14.309 8.814027 -9.17435e-4 14.309 8.805957 0.2224826 14.309 7.962866 0.2224826 14.309 7.962866 0.2224826 14.309 7.962866 0.2224826 13.0709 7.962866 0.2224826 13.0709 7.962866 2.332783 14.309 9.655957 11.68278 14.309 9.665177 3.820282 14.309 9.655957 4.053783 14.309 9.655957 4.053783 11.8327 7.952055 4.053783 11.8327 7.952055 4.053783 14.309 7.952055 4.053783 14.309 7.952055 3.820282 14.309 7.952055 3.820282 14.309 7.952055 3.820282 11.8327 7.952055 3.820282 11.8327 7.952055 9.961783 14.309 9.655957 9.961783 14.309 9.655957 9.961783 14.309 9.655957 9.961783 14.309 7.962866 9.961783 14.309 7.962866 10.19528 14.309 9.655957 10.19528 14.309 9.655957 10.19528 14.309 7.962866 9.961783 14.309 7.952055 10.19528 11.8327 7.952055 9.961783 11.8327 7.952055 9.961783 11.8327 7.952055 11.68278 14.309 7.962866 11.68278 14.309 8.814027 13.79328 14.309 8.804368 13.79328 14.309 8.804368 13.79328 14.309 8.804368 14.01668 14.309 8.814027 14.01668 14.309 8.814027 14.01668 14.309 8.814027 14.01668 14.309 8.814027 14.01668 14.309 7.962866 14.01668 20.4583 7.962866 14.01668 20.4583 7.962866 14.01668 20.4583 8.814027 14.01668 20.4583 8.814027 11.68278 20.4583 7.962866 11.68278 20.4583 7.962866 11.68278 20.4583 8.814027 11.68278 20.4583 8.814027 13.83008 13.0709 7.953216 13.83008 13.0709 7.953216 13.83008 13.0709 7.953216 14.05348 13.0709 7.962866 14.05348 13.0709 7.962866 14.05348 13.0709 7.962866 13.83008 14.309 7.953216 13.83008 14.309 7.953216 13.83008 14.309 7.953216 14.05348 14.309 7.962866 14.05348 14.309 7.962866 14.05348 14.309 7.962866 -9.17435e-4 13.0709 7.953216 -9.17435e-4 13.0709 7.953216 -0.03771781 14.309 8.804368 -0.03771781 14.309 8.804368 -9.17435e-4 14.309 7.953216 -9.17435e-4 14.309 7.953216 -9.17435e-4 14.309 7.953216 -18.68117 24 -19.8442 -18.68117 24 -19.8442 -11.56652 2.66624e-6 -19.8442 -18.68117 2.66624e-6 -19.8442 -18.68117 2.66624e-6 -19.8442 -11.56652 24 -19.8442 -18.68117 2.66624e-6 -13.6536 -18.68117 24 -13.6536 -22.77739 22.0147 -13.6536 -22.77739 2.66624e-6 -6.724502 -22.77739 22.041 -6.724502 -22.77739 22.041 -6.724502 -22.77739 22.041 -6.724502 -22.77739 7.285472 -6.724502 -22.77739 7.285472 -6.724502 -22.77739 7.285472 -6.724502 -20.64473 7.285472 -6.724502 -20.64473 7.285472 -6.724502 -20.64473 2.66624e-6 -6.724502 -20.64473 7.285472 2.197797 -20.64473 7.285472 2.197797 -20.64473 7.285472 2.197797 -20.64473 2.66624e-6 7.631355 -20.64473 2.66624e-6 7.631355 -20.64473 7.387502 2.180227 -20.64473 7.387502 2.180227 -20.64473 7.488132 2.146607 -20.64473 7.488132 2.146607 -20.64473 7.586493 2.097228 -20.64473 7.586493 2.097228 -20.64473 24 -6.724502 -20.64473 24 -6.724502 -20.64473 24 7.631355 -20.64473 24 7.631355 -16.61965 21.5692 7.631355 -16.61965 2.66624e-6 7.631355 -15.65809 20.3516 11.80358 -15.65809 20.3516 11.80358 -15.65809 2.66624e-6 11.80358 -15.65809 2.66624e-6 11.80358 -14.16802 2.66624e-6 11.80358 -14.16802 20.3516 11.80358 -15.65809 20.3516 16.6368 -15.65809 20.3516 16.6368 -14.16802 20.3516 16.6368 -15.65809 2.66624e-6 16.6368 -15.65809 2.66624e-6 16.6368 -13.51992 24 16.6368 -13.51992 2.66624e-6 16.6368 -13.51992 2.66624e-6 19.8442 -13.51992 24 19.8442 -9.291418 24 19.8442 -9.291418 2.66624e-6 19.8442 -9.291418 2.66624e-6 16.6368 -9.291418 2.66624e-6 16.6368 -9.291418 24 16.6368 -9.291418 20.3516 16.6368 -9.291418 20.3516 16.6368 -7.106617 20.3516 16.6368 -7.106617 20.3516 16.6368 -7.106617 2.66624e-6 16.6368 -7.106617 2.66624e-6 16.6368 -7.106617 2.66624e-6 7.631355 -7.106617 2.66624e-6 7.631355 -7.106617 20.3516 11.80358 -7.106617 24 11.80358 -7.106617 24 9.717467 -7.106617 22.3694 7.631355 -7.106617 22.3694 7.631355 -7.106617 6.808322 7.631355 -7.106617 6.808322 7.631355 -0.2159175 6.808322 7.631355 -0.2159175 6.808322 7.631355 -0.2159175 6.808322 7.631355 -0.2159175 2.66624e-6 7.631355 -0.2159175 2.66624e-6 7.962866 -0.2159175 24 7.631355 -0.2159175 24 7.631355 -0.2159175 24.4163 7.631355 -0.2159175 28.4805 7.962866 -0.2159175 28.4805 7.962866 11.71318 28.4805 7.962866 11.71318 24 7.962866 -0.2159175 24.4163 6.550367 -0.2159175 24 6.550367 -3.171118 6.808322 7.631355 -3.171118 6.808322 7.631355 -3.171118 20.2466 7.631355 -3.879917 21.416 7.631355 -4.588716 21.416 7.631355 -4.588716 24 7.631355 -14.16802 24 16.6368 -19.45641 24 7.631355 -20.64473 7.681712 2.032517 -20.64473 7.681712 2.032517 -20.64473 7.772993 1.953047 -20.64473 7.772993 1.953047 -20.64473 7.859512 1.859488 -20.64473 7.859512 1.859488 -20.64473 7.940542 1.752667 -20.64473 7.940542 1.752667 -20.64473 8.015382 1.633497 -20.64473 8.015382 1.633497 -20.64473 8.083373 1.503017 -20.64473 8.083373 1.503017 -20.64473 8.143922 1.362357 -20.64473 8.196513 1.212738 -20.64473 8.240682 1.055457 -20.64473 8.240682 -6.724502 -20.64473 8.240682 -6.724502 -21.87403 8.240682 -6.724502 -21.87403 8.240682 -6.724502 -21.97809 24 -6.724502 -21.97809 24 -6.724502 -21.97809 24 -13.6536 -21.99841 8.196513 -6.724502 -21.99841 8.196513 -6.724502 -22.11672 8.143922 -6.724502 -22.22795 8.083373 -6.724502 -22.33114 8.015382 -6.724502 -22.33114 8.015382 -6.724502 -22.42537 7.940542 -6.724502 -22.42537 7.940542 -6.724502 -22.42537 7.940542 -6.724502 -22.50985 7.859512 -6.724502 -22.50985 7.859512 -6.724502 -22.58383 7.772993 -6.724502 -22.64668 7.681712 -6.724502 -22.64668 7.681712 -6.724502 -22.69785 7.586493 -6.724502 -22.69785 7.586493 -6.724502 -22.7369 7.488132 -6.724502 -22.7369 7.488132 -6.724502 -22.76349 7.387502 -6.724502 -22.76349 7.387502 -6.724502 -22.76349 7.387502 2.180227 -22.76349 7.387502 2.180227 -22.77739 7.285472 2.197797 -22.77739 7.285472 2.197797 -22.7369 7.488132 2.146607 -22.7369 7.488132 2.146607 -22.69785 7.586493 2.097228 -22.69785 7.586493 2.097228 -22.64668 7.681712 2.032517 -22.64668 7.681712 2.032517 -22.58383 7.772993 1.953047 -22.50985 7.859512 1.859488 -22.50985 7.859512 1.859488 -22.42537 7.940542 1.752667 -22.42537 7.940542 1.752667 -22.33114 8.015382 1.633497 -22.22795 8.083373 1.503017 -21.99841 8.196513 1.212738 -21.87403 8.240682 1.055457 23.33298 10.8742 5.488087 23.33298 10.8742 -5.783402 -13.15002 26.2896 -14.6917 -17.09765 26.2896 -14.6917 -13.15002 24 -17.8151 -13.15002 24 -14.6917 -13.15002 24 -14.6917 -17.09765 24 -14.6917 -17.09765 24 -14.6917 -17.09765 24 -17.8151</float_array>
          <technique_common>
            <accessor source="#Oblasna-Philharmonic_op_h_op_l_l_002-mesh-positions-array" count="7653" stride="3">
              <param name="X" type="float"/>
              <param name="Y" type="float"/>
              <param name="Z" type="float"/>
            </accessor>
          </technique_common>
        </source>
        <source id="Oblasna-Philharmonic_op_h_op_l_l_002-mesh-normals">
          <float_array id="Oblasna-Philharmonic_op_h_op_l_l_002-mesh-normals-array" count="7485">0 -1 0 -0.6065825 0.7950206 0 -0.6064334 0.7951343 0 -0.1888415 0 0.9820077 -0.1888438 0 0.9820072 0.6600716 0.4397204 0.609058 0.6600778 0.4398682 0.6089445 0 0 1 -0.7077818 0.5221082 -0.4758657 -0.7077386 0.5222259 -0.4758007 0 0 -1 2.56953e-7 0 -1 1 0 0 -0.8713915 0.2399039 -0.4279289 -0.8714989 0.2396604 -0.4278465 -0.9443879 0 0.3288337 -0.9443879 0 0.3288335 -0.6129748 0.6652289 0.4263011 -0.612986 0.6651901 0.4263453 -0.7953373 -0.6061671 0 -0.7953202 -0.6061897 0 0 0.922447 0.3861238 0 0.9224774 0.3860514 0 0.6062265 -0.795292 0 0.6061384 -0.7953593 -0.631714 0.6530261 0.4177253 -0.6317325 0.6530039 0.417732 -0.6536439 0.5033698 -0.5651271 -0.6535311 0.5034977 -0.5651435 0 -0.992025 -0.1260415 0 -0.9920095 -0.1261631 -0.05674695 0 0.9983886 -0.05675256 0 0.9983883 -1 0 0 -0.7558889 0.03677564 -0.6536663 -0.7558629 0.03683769 -0.653693 -0.6886364 0 -0.7251069 -0.6886342 0 -0.7251089 0.7303467 0 0.6830766 0.7303314 0 0.6830931 0.7303504 0 0.6830728 0.7303335 0 0.6830909 0.1531587 0 0.9882017 0.1531685 0 0.9882001 0 0.9919813 0.1263852 0 0.9920082 0.1261733 -0.1498301 0.6085832 0.779216 -0.149827 0.6085841 0.7792159 -0.8024362 0.5967376 7.01832e-4 -0.8024089 0.5967743 7.01904e-4 0 -0.6062185 0.7952982 0 -0.6061452 0.795354 0 1 0 0 1 -1.75979e-7 0 1 -9.91055e-7 0 1 -9.08172e-6 0 1 3.76853e-7 0 1 -2.10104e-7 0.8455602 0 0.5338803 0.8455605 0 0.5338798 -0.05675286 0 0.9983882 -0.05674612 0 0.9983887 -0.05488193 0.2536376 0.9657412 -0.0548976 0.2536733 0.9657309 -0.7304038 0.1139793 0.6734382 -0.7304425 0.1141133 0.6733736 0.9228459 0.3851694 0 0.9227719 0.3853467 0 -6.43466e-4 0.07873106 -0.9968957 -6.59548e-4 0.07875549 -0.9968938 0.9093604 0.2459799 0.3354963 0.909372 0.2458301 0.3355743 -0.5865683 0.5938079 0.5507538 -0.5865967 0.5937698 0.5507647 0 -1 8.24835e-5 0 -0.9999985 -0.001771867 0 -0.9999749 -0.007093429 0 -1 -7.00298e-5 0 -0.9999749 0.007087349 0 -0.9999998 6.59866e-4 -0.9462824 0.03713953 -0.3212015 -0.9462854 0.03708839 -0.3211986 0 0.9909074 -0.1345461 0 0.990905 -0.1345634 0 0.1311126 0.9913675 0 0.1310808 0.9913717 0 -0.60623 0.7952895 0 -0.6061409 0.7953573 0 1 3.96259e-5 0 1 3.96134e-5 0 1 -1.98161e-5 0 1 1.35898e-6 -0.8167712 0.5059901 -0.2772343 -0.8168382 0.5059013 -0.277199 -0.664489 0.7351031 -0.1344538 -0.6644639 0.735126 -0.1344527 -0.6066042 0.795004 0 -0.6064389 0.7951301 0 -0.7749522 0.5046908 -0.3804423 -0.7748563 0.5048053 -0.3804857 -0.7497579 0.6598241 0.04995274 -0.7497414 0.6598418 0.04996508 -0.4223558 0.8556734 0.2990632 -0.4220587 0.8558653 0.2989337 -0.75404 0 0.6568286 -0.7540367 0 0.6568324 0.6037189 0 0.7971974 0.6037201 0 0.7971965 -0.2279378 0.6961292 0.6807707 -0.2279371 0.6961117 0.6807887 -0.8521057 0.320423 0.4138175 -0.8521043 0.3204429 0.4138053 0 0.7949403 -0.6066878 0 0.7949691 -0.6066501 -0.9763852 0.1101348 0.1858558 -0.9763838 0.1101638 0.1858463 -0.1937901 -0.9560087 0.2202105 -0.8498927 0.3761441 0.3690503 -0.8500016 0.3758112 0.3691387 0.8803541 0.1073579 0.4620075 0.8803819 0.1076394 0.461889 0.1531624 0 0.988201 -0.9705675 0.2321561 -0.06404983 -0.9704615 0.2325467 -0.06423753 -0.04292261 0.6543228 0.7549964 -0.04290592 0.654306 0.7550119 -0.9954116 0 -0.09568637 -0.9954116 0 -0.09568691 -0.9485823 0.03686136 0.3143773 -0.9485788 0.03689157 0.3143841 -6.01302e-4 0.6609678 -0.7504141 -4.788e-4 0.6610602 -0.7503328 -0.7563735 0 -0.6541401 -0.7563753 0 -0.654138 -0.3332066 0.6539703 0.679188 -0.3331979 0.6539515 0.6792104 -0.7031196 0.5162378 0.4890003 -0.7031045 0.5163047 0.4889515 0 0.9224902 -0.3860204 0 0.9224611 -0.3860901 0.606436 0.7951323 0 0.6064261 0.7951399 0 -0.05579549 0.1831509 0.9815002 -0.05579143 0.183147 0.9815012 0.7408417 0.5476749 0.388852 0.7407787 0.5479079 0.3886438 -0.4960979 0.732748 0.4657973 -0.4962515 0.7325886 0.4658846 0 -0.3858563 -0.922559 0 -0.3858434 -0.9225643 0 -0.5668535 0.8238186 0 -0.5668569 0.8238164 -0.908028 0.3764579 -0.1837518 -0.9079651 0.376628 -0.1837136 0.974955 0 0.2224021 0.9749552 0 0.2224014 -0.9241837 0 -0.3819483 -0.924184 0 -0.3819478 0.5733389 0.4413093 0.6903106 0.5734721 0.4411424 0.6903066 0.2375423 0.5558898 0.7965929 0.2375763 0.5558767 0.7965919 0 0.7950983 -0.6064808 0 0.7950708 -0.6065168 4.30564e-4 0.4447441 0.8956576 3.85668e-4 0.4448182 0.8956208 7.26032e-4 0.2245584 0.9744604 6.89864e-4 0.2246298 0.974444 -0.8382548 0 0.5452789 -0.838256 0 0.5452771 -0.7437745 0.1822782 -0.6430974 -0.7437697 0.1822827 -0.6431017 -0.317494 0 0.9482603 -0.3174885 0 0.9482622 -0.7326293 0.5693075 0.3730192 -0.732637 0.5692903 0.3730304 0.9241235 0.3820939 0 0.9240674 0.3822299 0 0.7529562 0.5965338 0.2778571 0.7530001 0.5964359 0.2779482 -0.5792316 0 0.8151631 -0.5792302 0 0.815164 0 -0.5665115 0.824054 0 -0.5668558 0.8238171 0 -0.5668545 0.823818 -0.9294356 0.3689844 0 -0.9294227 0.3690169 0 0 -0.3852592 -0.9228085 0 -0.3852585 -0.9228088 -0.05073422 0.447864 0.8926612 -0.0507574 0.447913 0.8926352 -0.8298723 0 -0.5579534 -0.8298831 0 -0.5579375 0.622305 0.226157 0.7493928 0.6224261 0.2259467 0.7493556 -0.2971037 0 -0.9548453 -0.2971137 0 -0.9548421 -0.2971004 0 -0.9548463 -0.2971045 1.35838e-5 -0.9548451 0 0.9223299 0.3864036 0 0.9223591 0.3863339 -0.1826491 0.2535783 0.9499143 -0.1826679 0.2536092 0.9499025 0.2856521 0 0.9583335 0.2856442 0 0.9583358 0 -0.9909102 -0.1345248 0 -0.9909302 -0.1343775 0 -0.1343742 0.9909307 0 -0.134407 0.9909263 -0.01738262 0 -0.999849 -0.0173825 0 -0.9998489 0 0 1 0.9973433 0 -0.07284569 0.9973434 0 -0.07284516 -0.6828275 0.6946505 0.2262905 -0.6828217 0.6946542 0.2262964 -0.9342701 0.3023338 -0.1890339 -0.9342923 0.3022482 -0.1890606 -0.7097713 0.2610437 0.6542789 -0.7097231 0.2607689 0.6544408 -0.7463086 0.4466229 0.4935094 -0.7463026 0.4466332 0.4935093 0.4463846 0 -0.8948413 0.797883 0.2179695 0.562025 0.797849 0.2176724 0.5621882 0 0.6101637 0.7922754 0 0.6102655 0.792197 -0.6744025 0.5701997 0.4690988 -0.6743894 0.5702786 0.4690216 0.6390689 0 0.7691496 0.6390688 0 0.7691497 -0.8726222 0 0.4883961 -1 9.09864e-7 0 0 -0.9909325 0.1343612 0 -0.990908 0.1345415 0.7349101 0 0.6781646 0.7349144 0 0.6781599 0.4123384 0 0.9110308 0.4123393 0 0.9110304 0 -0.382924 -0.92378 0 -0.3829999 -0.9237484 -0.906348 0.1536987 0.3935863 -0.9063565 0.1536265 0.3935949 -0.6469315 0.6948176 0.3141785 -0.6469389 0.6948206 0.3141567 0 -0.1302451 -0.9914819 0 -0.1302133 -0.9914861 0.6250687 0.6445481 0.4402805 0.6248687 0.6447129 0.4403229 -0.9215822 0.3847056 0.0518465 -0.9215876 0.3846908 0.05185967 -0.6411836 0.5216087 -0.5628572 -0.6412739 0.5212986 -0.5630415 0.6285459 0.1799561 0.7566677 0.6286262 0.1797817 0.7566424 -0.8287437 0.1101535 -0.5486803 -0.8286718 0.1103794 -0.5487436 -0.7513206 0.6580734 -0.04956799 -0.7513217 0.6580714 -0.0495764 0.5540321 0.4982165 0.6669549 0.5539366 0.498332 0.6669479 0 0.9920076 -0.1261785 0 0.9919806 -0.1263905 0 0.794145 -0.6077285 -7.21507e-4 0.7939512 -0.6079811 0.9761837 0 0.2169455 0.9761838 0 0.2169453 -0.5554984 0 0.8315178 -0.5555012 0 0.8315159 0.9741868 0.205504 0.09342628 0.9741916 0.2054696 0.09345185 -0.2401433 0.6541404 0.7172389 -0.24015 0.6541423 0.7172348 -0.8588222 0.509131 -0.05665957 -0.8587883 0.5091866 -0.05667304 0.8665215 0.4921642 0.08315676 0.8665612 0.4920836 0.08322048 -0.8995435 0 0.4368312 7.00274e-4 0.152033 0.9883753 6.7933e-4 0.1520791 0.9883681 0.1344273 -0.9909235 0 0.1343537 -0.9909335 0 -0.8290298 0.1102551 0.5482276 -0.829032 0.1103146 0.5482122 -0.2838987 0.4477398 0.8478977 -0.2838951 0.4477168 0.8479112 0 0.7951479 0.6064156 0 0.7951174 0.6064556 0.2470957 0.5022266 0.8286811 0.2471214 0.5021889 0.8286961 0.8382275 0 -0.5453208 0.8382251 0 -0.5453244 -0.8099667 0.514176 0.2820941 -0.8099563 0.5142009 0.2820782 -0.943711 0.03786605 0.3285965 -0.943704 0.037813 0.3286229 -0.8209486 0 0.5710021 -0.8209486 0 0.5710022 -0.6066614 0.7949604 0 -0.6062676 0.7952607 0 -0.9977858 0 0.06650948 -0.9977858 0 0.0665093 -0.7923663 0.4575318 0.4035103 -0.7923543 0.4575924 0.4034652 -0.9343125 0 -0.3564553 -0.9343135 0 -0.3564522 -0.4538419 0.7969991 -0.3985223 -0.4541929 0.7967178 -0.3986847 -0.8201072 0.1825319 0.5423159 -0.8201017 0.1825295 0.5423248 0.9450895 0.2455024 0.2157184 0.9450829 0.2455375 0.2157073 0.1532133 0 0.9881932 0.606436 0.7951323 0 0.6066014 0.7950061 0 -0.6389367 0 -0.7692594 -0.638931 0 -0.7692642 0 -0.6061124 0.795379 0 -0.6061144 0.7953775 -0.8414396 0.5126541 0.1707789 -0.8414381 0.5126625 0.1707606 0.7923656 0 0.6100467 0.7923611 0 0.6100525 -0.1936553 -0.961978 0.1926035 0.1531145 0.03680527 0.9875229 0.1531311 0.03676086 0.987522 0.7477815 0.6416137 0.1707475 0.7477602 0.6416441 0.1707264 -0.6036624 0 -0.7972401 -0.6036596 0 -0.7972422 -0.9306395 0.320213 0.1771265 -0.9306446 0.3201854 0.1771495 0.6606298 0 -0.7507119 0.6606271 0 -0.7507143 -0.9221613 0 -0.3868055 -0.9221638 0 -0.3867997 3.99557e-4 0.3719421 0.9282559 7.30519e-4 0.3713095 0.9285089 0 -0.6061437 0.7953552 0 -0.6061384 0.7953593 0 0.794923 0.6067105 0 0.7949509 0.6066739 -0.8156588 0.1140299 0.5671845 -0.8156294 0.1138622 0.5672603 0.6120865 0.7907909 0 0.6121805 0.790718 0 0.8167413 0.5460962 0.1863133 0.8168185 0.5459418 0.186428 -0.3864613 0.9223057 0 -0.3864353 0.9223166 0 -0.2928603 0.3861855 0.8746963 -0.2928597 0.3861854 0.8746965 -0.4795238 0.5047871 0.717807 -0.4795201 0.5047664 0.7178241 0.3286179 0.6045002 0.7256652 0.3285428 0.6045798 0.7256328 -0.9227733 -0.3853435 0 -0.9228098 -0.385256 0 0 0.7947925 -0.6068813 0 0.7948219 -0.606843 -0.8455688 0 -0.5338667 -0.8455693 0 -0.5338658 0 0.3888223 -0.9213128 0 0.3888217 -0.9213131 0.4100377 0.1095638 0.9054639 0.4100077 0.1096344 0.905469 -0.555486 0 0.8315259 -0.5554835 0 0.8315277 0.7920809 0.2474402 0.5580154 0.7921039 0.2478104 0.5578185 -0.9914934 -0.130157 0 -0.9914916 -0.130171 0 0.1371573 0.4456242 0.8846508 0.1371724 0.4455946 0.8846634 -0.6857639 0 0.7278242 -0.6857602 0 0.7278276 0.6386503 0.03614878 0.7686476 0.6385214 0.03651154 0.7687376 0.3910059 0.3183603 0.8635746 0.3909763 0.3184103 0.8635696 -0.3863863 0.9223371 0 -0.3863157 0.9223667 0 -0.9880427 0.1541783 8.64248e-4 -0.9880455 0.1541608 8.65589e-4 -0.7300393 0.6672481 -0.1477251 -0.7300344 0.6672556 -0.1477153 -0.7565153 0 -0.6539762 -0.756513 0 -0.6539787 0.4868433 0.6476353 0.5861333 0.4870308 0.6474731 0.5861568 -0.7204856 0.1526289 0.676465 -0.7204895 0.1532611 0.6763179 0.0160709 0.3847415 0.9228845 0.01605319 0.3847675 0.9228739 -0.6282162 0.5570652 -0.5431602 -0.6282356 0.5570526 -0.5431504 0 0.3851876 -0.9228383 0 0.3851865 -0.9228389 0.3133519 0.6503388 0.6920044 0.3133814 0.6502993 0.6920281 0.561045 0.6459859 0.5176203 0.5610731 0.6459695 0.5176104 -0.8197434 0.1826279 -0.5428334 -0.8198041 0.1824941 -0.5427864 0 0.7939013 0.6080467 0 0.7938722 0.6080845 0.9343214 0 -0.3564317 -0.9260777 0.327187 0.1879599 -0.926077 0.3271785 0.1879779 0 0.7911061 -0.6116791 0 0.7910988 -0.6116884 -0.8160902 0 0.5779245 -0.8160847 0 0.5779323 0.2559605 0.4448509 0.8582494 0.255905 0.444922 0.8582291 0 -0.3823081 -0.924035 0 -0.3823858 -0.9240028 -0.4404529 0 0.8977757 -0.4404563 0 0.8977742 7.49721e-4 0.2976915 0.9546619 7.10128e-4 0.2977742 0.9546361 0.9226648 0.3753252 0.08843475 0.9226963 0.3752329 0.08849769 0 0.9224604 -0.3860917 0 0.9224312 -0.3861613 -0.9710965 0.2297452 0.06472009 -0.9710405 0.2300264 0.06456339 0.2971064 0 0.9548444 0.2971004 0 0.9548463 0.2971127 -7.17889e-6 0.9548425 0.2971037 0 0.9548453 -0.9458734 0.3201419 0.05322486 -0.9458758 0.3201374 0.0532093 0.5307649 0 0.8475192 0.5307638 0 0.8475199 -0.5481684 0.5581233 0.6229044 -0.5481597 0.5581361 0.6229006 0.980103 0 0.1984894 0.9801009 0 0.1984999 0.9801029 0 0.1984904 0.9801018 -2.94876e-5 0.1984958 0.7568977 0.3777831 0.5332785 0.7568912 0.3779588 0.5331631 -0.5545665 0.7336062 0.3927825 -0.5547996 0.7333833 0.3928695 0 0.9223355 0.3863902 0 0.9223653 0.3863189 -0.1886944 0.03702455 0.9813377 -0.1887046 0.03704178 0.9813351 -0.9816957 0.1822681 0.05524444 -0.9816893 0.1823049 0.05523812 0.7349126 0 0.6781618 0.7349116 0 0.6781629 0.8835135 0 0.468406 0.8835505 0 0.4683359 0.8835284 5.86599e-5 0.4683775 0.8835479 0 0.4683409 -0.9482155 0 -0.3176278 -0.948216 0 -0.3176262 -0.317272 0.03702652 0.9476115 -0.317268 0.03701877 0.9476131 -0.9806342 0 -0.195849 -0.980634 0 -0.1958491 0 0.9920082 -0.1261733 0 0.9919813 -0.1263852 0 -0.9223888 0.3862627 0 -0.9224356 0.3861511 -0.9660825 0.2524475 0.05435949 -0.9660854 0.2524352 0.05436366 -0.6065613 -0.7950368 0 -0.6064338 -0.795134 0 0.4404481 0 -0.8977781 0.4404481 0 -0.897778 -0.9492256 0 0.3145962 -0.949226 0 0.3145954 0.01739615 0 0.9998488 -0.6777181 0.7353217 5.94457e-4 -0.6776889 0.7353485 5.92781e-4 0 -0.7950983 -0.6064808 0 -0.7950987 -0.6064801 -0.8515334 0.5242999 7.46937e-4 -0.851522 0.5243186 7.43954e-4 0.3861352 -0.9224423 0 0.3861382 -0.922441 0 -0.5554928 0 0.8315213 -0.997743 0.03682279 0.05615133 -0.9977435 0.0368399 0.05613237 0.9954327 0 0.09546571 0.9954328 0 0.09546542 -0.3990011 0.6957397 0.5972809 -0.399021 0.6957348 0.5972734 0 0.3851875 0.9228383 0 0.3851866 0.9228388 1 2.98848e-7 0 -0.6257923 0.5578653 0.5451334 -0.6257967 0.5578659 0.5451276 0.1532174 0 0.9881925 -0.8064472 0.1530022 0.5711683 -0.8064421 0.1532471 0.5711101 -0.04799288 -0.9665741 0.2518554 -0.04799491 -0.9665737 0.2518568 -0.7514817 0 -0.659754 -0.7514865 0 -0.6597485 -0.9806131 0.1849607 -0.06471192 -0.9806164 0.1849461 -0.06470328 0 -0.1310788 -0.9913719 0 -0.1310918 -0.9913703 -0.7953103 -0.6062027 0 -0.7953409 -0.6061625 0 0.148631 0.2415632 0.9589349 0.1486976 0.2414222 0.95896 0 0.130235 0.9914832 0 0.1302028 0.9914875 -0.6518368 0.447778 0.6120489 -0.6518024 0.4479327 0.6119722 0.7997971 0.5953336 0.07682991 0.7998556 0.595245 0.07690536 0 -0.9254192 -0.3789452 0 -0.9254732 -0.378813 -0.9760702 0.08016896 0.2021387 -0.9760714 0.08009004 0.2021637 -0.6921896 0.5575245 -0.4583013 -0.6922217 0.5574851 -0.4583008 -0.4292488 0.8558245 -0.2886347 -0.4293332 0.8557687 -0.2886747 -0.8134648 0.08012682 0.5760684 -0.8134521 0.07985424 0.5761241 -0.7538553 0.3960096 0.5242889 -0.7538514 0.3960554 0.5242598 0 -0.9909455 -0.1342653 0 -0.9909196 -0.1344559 0 0.606116 0.7953764 0 0.6061883 0.7953212 -0.7947182 0.2271304 0.5628809 -0.7946976 0.2274317 0.5627884 0 0.6061384 0.7953593 0 0.6062265 0.795292 0.9263316 0.3117818 0.2114285 0.9263335 0.3117658 0.211444 0 0.9999263 -0.01215112 0 1 -9.68486e-6 0 1 1.03762e-6 0 1 0 0 1 -1.9403e-6 0 1 2.33767e-7 0 -0.6061384 -0.7953593 0 -0.6061437 -0.7953552 0 -0.6060969 -0.7953908 0 -0.6060923 -0.7953943 -0.8911399 0 0.4537286 -0.8911395 0 0.4537297 -0.9438272 0.3245178 -0.06227773 -0.9438266 0.3245199 -0.06227618 0 0.3823114 0.9240337 0 0.3822974 0.9240394 -0.8835182 0 -0.4683969 -0.8835175 0 -0.4683981 -0.8835177 0 -0.468398 -0.8835148 -2.77488e-5 -0.4684032 -0.9915154 -0.1299898 0 -0.9914801 -0.1302586 0 -0.9197915 0.237454 -0.3124089 -0.9199491 0.2370654 -0.3122399 0.4233731 0.6032689 0.6758861 0.4234399 0.6032047 0.6759015 0.7952014 0.6063455 0 0.7953281 0.6061792 0 -0.7936596 0.6067198 0.04467308 -0.7936637 0.6067141 0.04467713 0 -0.9909255 0.1344128 0 -0.9909451 0.1342678 -0.5997257 0.695023 0.3965756 -0.5997138 0.6950286 0.3965839 -0.9492266 0 0.3145933 -0.949227 0 0.3145918 -0.3653104 0.5585948 0.7446612 -0.3653135 0.5585988 0.7446567 -0.8604235 0.260087 0.4382082 -0.8604334 0.2600577 0.4382057 0 -0.130252 -0.991481 0 -0.1302649 -0.9914792 -0.9276608 0.1872422 0.3230882 -0.9276525 0.1874697 0.3229799 -0.8049306 0.4464202 0.3908911 -0.8049257 0.4464195 0.3909018 0 0.1310918 -0.9913703 0 0.1310788 -0.9913719 -0.9434487 0.110163 0.3126801 -0.9434481 0.1101711 0.312679 0.3792704 -0.9252859 0 0.3791311 -0.925343 0 0.1344833 0.990916 0 0.1344703 0.9909176 0 0.01744908 0 0.9998478 0.01743274 0 0.9998481 -0.4608262 0.5583738 0.6898247 -0.460837 0.5583705 0.68982 0.188799 0 -0.9820158 0.1888019 0 -0.9820152 0 -0.3859473 0.9225209 0 -0.3860092 0.9224951 0 -0.6061127 -0.7953788 0 -0.6061182 -0.7953747 -0.05673551 0 0.9983893 -0.05674046 0 0.998389 0.1451552 0.3197172 0.9363285 0.1451653 0.3197138 0.936328 -0.3121245 0.1831112 0.9322278 -0.3121116 0.1830708 0.9322401 -0.8494698 0.4462547 0.2815276 -0.8494712 0.4462512 0.2815294 0.1871947 0 -0.9823228 0.1871908 0 -0.9823236 -0.6745568 0.4468519 0.5876194 -0.6745641 0.4468713 0.5875962 -0.6606303 0 0.7507116 -0.6606262 0 0.750715 -0.7426096 0.1534252 -0.6519138 -0.7426154 0.1529728 -0.6520137 -0.9343132 0 0.3564532 -0.9343118 0 0.3564572 -0.9534004 0.2281274 0.1974474 -0.9533947 0.2281476 0.197452 0.1482987 0.2521841 0.9562482 0.1482415 0.2522992 0.9562267 0.9241304 -0.3820774 0 0.9240444 -0.3822851 0 -0.3174882 0 0.9482623 -0.3174883 0 0.9482622 0 0.9252768 -0.3792926 0 0.9252808 -0.379283 -0.9542967 0.2280951 -0.1931077 -0.9542673 0.2282368 -0.193085 0 1 -1.60174e-5 0 1 -3.54409e-6 0 1 -2.75763e-7 0 1 3.17953e-6 -0.3495777 0.6082893 0.7125866 -0.3495815 0.6082902 0.7125839 0 0.9254081 0.3789724 0 0.9254037 0.3789829 0 0.9999646 -0.008413136 -0.9984208 0 0.05617696 -0.9984209 0 0.05617719 -0.4759694 -0.879054 0.02678149 -0.4510696 -0.8883494 0.08585828 -0.5053018 0.8568634 -0.1022518 -0.830201 0.3849931 0.4031708 -0.8302042 0.3849879 0.4031693 -0.8089026 0.2422028 -0.5357374 -0.8089534 0.2420989 -0.5357074 -0.6606364 0 0.7507061 -0.660636 0 0.7507064 0.5276907 0.1092004 0.8423882 0.5277557 0.1090589 0.8423659 -0.9806342 0 -0.1958488 -0.980634 0 -0.1958495 -0.2219666 -0.9556914 0.1933515 -0.2817997 -0.9412024 0.1863522 0 -0.1303044 -0.9914741 0 -0.130272 -0.9914784 1 4.80102e-6 0 -0.1308452 -0.9111261 0.3908051 -0.3841107 0.5121476 -0.7682214 -0.0830506 -0.898093 0.4318931 -0.08656972 -0.8891762 0.4493011 -0.083395 -0.8972852 0.4335028 -0.02670472 -0.8829472 0.4687123 -0.02568036 -0.8916993 0.4518992 -0.1650904 -0.9270905 0.336524 -0.1853711 -0.9426772 0.277484 -0.924184 0 -0.3819478 -0.9241837 0 -0.3819485 0 0.7293218 0.6841709 5.87123e-4 0.7296292 0.6838428 -0.7352464 0 0.6777999 -0.7352454 0 0.677801 -0.622105 0.5213447 0.5841106 -0.6221247 0.5212749 0.5841518 0.9228359 -0.3851937 0 0.9228928 -0.3850569 0 0 -0.3822401 -0.924063 0 -0.3822259 -0.9240689 0.5878429 0.6002782 0.5423163 0.5878252 0.6002867 0.5423259 0.2840136 0.109902 0.9525008 0.2840771 0.1097583 0.9524986 -0.6012408 0.6067964 -0.5199112 -0.6013099 0.6067512 -0.5198841 0.9552568 0 -0.2957777 -0.7413415 0.1826508 0.6457952 -0.7413549 0.1826848 0.6457703 0.6953965 0 -0.7186263 0.6953907 0 -0.718632 -0.9761824 0 0.2169519 -0.9761821 0 0.2169534 -0.9227536 0.3853905 0 -0.9228679 0.3851166 0 -0.8359882 0 0.5487473 -0.8359859 0 0.548751 -0.9411004 0.1108465 -0.3194421 -0.9410945 0.1108675 -0.3194519 -0.695459 0 -0.7185659 -0.6954532 0 -0.7185714 0.7953092 0.606204 0 0.7953298 0.606177 0 -0.8855183 0 -0.4646045 -0.8855202 0 -0.4646008 -0.1856467 0.1831294 0.9654009 -0.1856361 0.1831185 0.9654051 -0.1138956 -0.9668974 0.2283359 -0.1139008 -0.9668981 0.2283306 -1 0 1.79011e-4 -1 0 1.79011e-4 -0.7303522 0 -0.6830707 -0.7303332 0 -0.6830912 -0.7303451 0 -0.6830784 -0.7303361 0 -0.683088 0.9380997 0 0.3463656 0.9380999 0 0.3463649 -0.4123831 0 -0.9110105 0 -0.9920083 0.1261729 0 -0.9920238 0.1260517 0 -0.7947912 -0.6068831 0 -0.7948019 -0.6068691 -0.9978163 0 -0.06605011 -0.6315719 0.6528719 -0.418181 -0.6314982 0.6529347 -0.418194 -0.3071221 0.2535052 0.9172847 -0.307123 0.2535084 0.9172835 -0.6769726 0.4460826 -0.5854216 -0.677078 0.4459604 -0.585393 -0.5732281 0.6524965 -0.4956389 -0.5731883 0.6525215 -0.4956521 0.9954412 0 0.0953772 0.9954412 0 0.09537732 0.953726 0.2073118 0.2177811 0.9536852 0.2077401 0.2175515 0.05676066 0 -0.9983879 0.05676025 0 -0.9983879 -0.7897159 0.3206085 -0.5230287 -0.7898075 0.3204302 -0.5229998 0.2810483 0.1816835 0.9423391 0.281011 0.181761 0.9423354 -0.4781273 0.8782906 0 -0.4781129 0.8782985 0 0.8962082 0.4352043 0.08606988 0.8961083 0.435446 0.08588683 0 -0.3852585 0.9228088 0 -0.3852592 0.9228085 0 -0.9252977 0.3792417 0 -0.9253294 0.3791644 -0.04898154 0.5053855 0.8615024 -0.04896306 0.5053541 0.8615218 0.5308541 0 0.8474633 0.530851 0 0.8474653 -0.4463611 0 0.894853 -0.4463613 0 0.8948528 -0.379163 -0.9253299 0 -0.3792474 -0.9252954 0 0.8649587 0.2141165 0.4538729 0.8649509 0.2139866 0.453949 -0.9382935 0.1133708 0.32673 -0.9382861 0.1132524 0.3267925 0 0.3822974 -0.9240394 0 0.3823114 -0.9240337 -0.6960791 0.5220072 0.4929324 -0.6960281 0.5221661 0.4928363 -0.693939 0.3304838 0.6397102 -0.6939405 0.3305107 0.6396948 -0.4924773 0.797401 0.3487376 -0.49259 0.7973119 0.3487821 0 -0.3822826 0.9240455 0 -0.3822056 0.9240773 -0.1688349 0.4478322 0.8780326 -0.1688222 0.4478064 0.8780481 0.1523076 0.1099977 0.982193 0.15227 0.1100788 0.9821897 0.9343225 0 0.3564286 -0.8235136 0.5646345 0.05489253 -0.8235207 0.5646244 0.05489099 -0.83377 0 -0.552112 -0.6532822 0.4588245 0.6022478 -0.6532961 0.4588328 0.6022266 -0.742742 0.6176121 0.2586308 -0.7427505 0.6175926 0.2586528 0 -0.9222571 -0.3865772 0 -0.9222883 -0.3865028 -0.6874861 0.6664852 -0.2883756 -0.6874074 0.6665891 -0.2883229 -0.8247747 0.5628365 -0.05442291 -0.8247876 0.5628189 -0.05441027 0 0.9223577 -0.3863371 0 0.9223275 -0.3864092 0.01740741 0 0.9998485 0.01740741 0 0.9998486 0 1 -1.41135e-6 -0.7782377 0.3008478 0.551214 -0.7782311 0.3008921 0.5511991 -0.9012789 0.3927187 0.182944 -0.9012696 0.3927521 0.1829178 -0.9550861 0 0.2963288 -0.9550856 0 0.2963304 -0.5501973 0.8350347 0 -0.5501928 0.8350378 0 -0.5486617 0.665623 0.5058819 -0.5486703 0.6656351 0.5058565 0 -0.9909117 -0.1345143 0 -0.9909318 -0.134366 -1 0 0 -0.8825302 0.1827917 -0.4332756 -0.8824603 0.1829996 -0.4333302 -0.1531682 0 -0.9882002 -0.1531828 0 -0.9881979 -0.9482171 0.2549948 -0.1893726 -0.9482437 0.2549187 -0.189342 -0.6625741 0.6070965 -0.4386679 -0.6625148 0.6071524 -0.43868 -0.7446545 0.5583799 -0.3656523 -0.7446726 0.5583539 -0.3656552 0.606224 0.3160983 0.729777 0.6061511 0.3162227 0.7297837 0.5304966 0.03662592 0.8468955 0.5305637 0.03645384 0.8468609 -0.8117548 0.5610526 -0.1620938 -0.8117079 0.5611147 -0.1621139 4.7341e-4 0.517822 0.8554883 4.10493e-4 0.5179203 0.8554289 -0.5891413 0.7987647 0.1220149 -0.5891806 0.7987357 0.1220142 0 -0.1303153 -0.9914727 0 -0.1302601 -0.9914799 0.8161865 0.4931221 0.3011153 0.8162071 0.4930681 0.3011476 -0.9201953 0.2251049 0.3202632 -0.9202073 0.2248582 0.3204019 -0.7508744 0.6092725 -0.2549014 -0.7508888 0.6092606 -0.2548877 -0.8577139 0.510939 0.05716949 -0.8577209 0.510927 0.05717152 0.9240043 -0.382382 0 0.9240773 -0.3822057 0 -0.6093504 0.6652221 0.4314762 -0.6090194 0.6656038 0.4313548 -0.885323 0.1137485 0.4508486 -0.8853339 0.1137897 0.4508169 -0.7183649 0.6944919 0.0404095 -0.7183916 0.6944628 0.04043418 -0.8067854 0.2525047 -0.5341712 -0.8066452 0.2528004 -0.534243 -0.555478 0.7982208 -0.2329975 -0.5554077 0.7982788 -0.2329668 0.5104257 0.6017263 0.6143217 0.5103688 0.6017925 0.6143041 -0.1262322 0.9920008 0 -0.1261823 0.9920071 0 0.991531 -0.1298705 0 0.9915007 -0.1301012 0 0 -0.1302229 0.9914848 0 -0.1302545 0.9914807 0.1324397 0.5029372 0.854116 0.1324226 0.5029388 0.8541177 -0.8339715 0.5240768 0.1727283 -0.8339872 0.5240506 0.1727317 0.9761833 0 -0.2169475 0.9761842 0 -0.2169433 -0.05675935 0 0.9983879 -0.05676287 0 0.9983877 -0.917245 0 0.3983238 0.9035887 0.3755291 0.2061685 0.9036222 0.375402 0.2062532 -0.8926384 0.4507728 7.80748e-4 -0.8926441 0.4507616 7.8235e-4 -0.7204177 0.5040277 0.4763974 -0.7204166 0.5040415 0.4763844 -0.9543753 0.2272431 0.1937227 -0.954336 0.227585 0.1935148 -0.9749333 0 -0.2224972 -0.9749333 0 -0.2224977 -0.8903432 0.4514831 -0.0587548 -0.8903422 0.4514861 -0.05874669 -0.8911523 0 0.4537042 -0.8911533 0 0.4537023 -0.8741918 0.4505655 0.1810511 -0.8742105 0.4505268 0.1810575 0.6378639 0.4968523 0.588445 0.6378591 0.4970287 0.5883012 -0.9908399 0.1350421 0 -0.9908468 0.1349915 0 -0.9967827 0.08014625 8.72232e-4 -0.9967817 0.08016049 8.72056e-4 0.3500052 0 0.9367479 0.3500049 0 0.9367479 -0.8679307 0.3941681 0.3022052 -0.8679519 0.394077 0.3022632 0.991508 -0.130046 0 0.9914462 -0.1305166 0 -0.8463644 0.4484791 -0.2872866 -0.846384 0.4484468 -0.28728 0.7540506 0 -0.6568164 0.7540415 0 -0.6568267 -0.7636318 0.5154524 0.3888127 -0.7636512 0.5153701 0.388884 -0.6066072 -0.7950017 0 -0.606351 -0.7951972 0 -0.420344 0.6537552 0.6292179 -0.4203436 0.6537548 0.6292185 0 0.9224531 0.3861094 0 0.9224832 0.3860377 -0.1876732 0.1106632 0.9759777 -0.1876729 0.1106737 0.9759766 0 0.6061428 0.7953559 0 0.6062138 0.7953018 -0.9675366 0.1539921 0.2003984 -0.9675214 0.1541243 0.2003703 0 0.6566336 0.7542098 0 0.656625 0.7542173 -0.4404252 0 0.8977893 -0.4404299 0 0.897787 -0.5005834 0.7975789 -0.3365772 -0.5006372 0.797533 -0.336606 -0.9914914 0.1301721 0 -0.9914935 0.1301563 0 0 0.3852918 -0.9227949 0 0.38529 -0.9227955 0.9375938 0.03566533 0.3458987 0.9375869 0.03557753 0.3459264 0.5309582 0 0.8473981 0.5309607 0 0.8473965 -0.928009 0.3231917 -0.1853281 -0.927997 0.3232225 -0.1853345 -0.7267329 0.0794987 0.6823045 -0.7267662 0.08001101 0.682209 -0.5447701 0.6645811 0.5114271 -0.5445847 0.664805 0.5113335 -0.5153047 0.857007 4.51397e-4 -0.5153067 0.8570058 4.5026e-4 0.1343871 -0.9909289 0 0.1344124 -0.9909255 0 -0.8750525 0.4504734 -0.177079 -0.8750318 0.4505146 -0.1770765 0 0.6093058 0.7929354 0 0.6093929 0.7928684 -7.03526e-4 0.3714184 -0.9284654 -7.65862e-4 0.3713085 -0.9285093 -6.77038e-4 0.2978634 -0.9546083 -7.21882e-4 0.2977786 -0.9546347 -0.8992142 0.3203216 0.298007 -0.8992124 0.3203171 0.2980169 0 0.1344076 0.9909262 0 0.1343736 0.9909308 0 0.6062026 -0.7953103 0 0.606127 -0.7953679 -0.820052 0.1533993 -0.551347 -0.8200517 0.1532986 -0.5513755 1 -3.13722e-7 0 -0.9228819 0.3850831 0 -0.9227471 0.3854063 0 0.9999997 7.95624e-4 0 0.9999997 8.40336e-4 0 0.9999997 7.95545e-4 0 0.9999997 -7.95782e-4 0 0.9999998 -7.89577e-4 0 1 -2.13818e-4 0 1 2.13835e-4 0 -0.8978976 0.2279005 -0.3766186 -0.8979308 0.2277019 -0.3766592 -0.4377392 0.1105678 0.8922775 -0.4377545 0.110571 0.8922696 -0.3174899 0 0.9482617 0.3863148 0.922367 0 0.3864685 0.9223026 0 0 -0.7938704 0.6080871 0 -0.7939033 0.608044 -6.50872e-4 0.1521247 -0.9883611 -6.70951e-4 0.1520808 -0.9883679 -0.9067492 0.3847271 0.1726011 -0.9067391 0.3847577 0.1725857 -0.9111794 0.1538332 -0.3822141 -0.9111835 0.1537956 -0.3822194 0.9914727 0.1303148 0 0.9914851 0.1302213 0 0 -0.3786475 0.925541 0 -0.3785704 0.9255726 -0.8235954 0.4498199 -0.3454748 -0.8235883 0.4498434 -0.3454612 -0.3500185 0 -0.9367429 -0.3500204 0 -0.9367421 -0.7535204 0.0368911 0.6563887 -0.7535395 0.03691601 0.6563655 0.1414301 0.3844354 0.9122538 0.1414387 0.3844199 0.912259 -0.8995425 0 0.4368333 -0.8995462 0 0.4368259 -0.8210527 0 0.5708525 -0.6954591 0.3002446 0.6528322 -0.6954678 0.3001756 0.6528547 0 0.6101099 -0.7923169 0 0.6103182 -0.7921565 0 -0.7951461 0.6064181 0 -0.7951181 0.6064547 -0.7351597 0 0.6778941 -0.7351621 0 0.6778914 -0.389353 0.855333 -0.3417747 -0.3892435 0.8554046 -0.3417202 -0.7406253 0.5957942 -0.3106504 -0.7406979 0.5956815 -0.3106931 0 0.7967132 0.6043577 0 0.7967123 0.6043588 0 -0.5668554 0.8238174 0 -0.5668551 0.8238176 0.4124988 0 0.9109582 0.4125024 0 0.9109566 -0.7174189 0.2183535 0.6615375 -0.7174424 0.2184345 0.6614854 0 -0.6061379 0.7953597 0 -0.6061412 0.7953571 -0.1345127 -0.9909119 0 -0.1344587 -0.9909193 0 -0.1741535 0.3862919 0.9057865 -0.1741679 0.3863193 0.905772 -0.05235904 0.3863698 0.9208567 -0.0523476 0.3863458 0.9208673 -0.9973444 0 -0.072829 -0.9973444 0 -0.07283043 -0.8341174 0 0.5515871 -0.8341158 0 0.5515894 -1.30074e-6 0 -1 -0.8028371 0.4472919 -0.3941861 -0.8028919 0.4472123 -0.3941648 0 -0.7951999 0.6063474 0 -0.7950646 0.6065248 0.9380999 0 0.346365 0.9381002 0 0.3463639 -0.7415772 0.4488647 -0.4985818 -0.7415556 0.4489113 -0.4985719 -0.7847738 0.5596143 -0.2663869 -0.7848673 0.5595007 -0.2663499 -0.6626819 0.6073141 0.4382036 -0.6626887 0.6072932 0.4382222 0.9459864 0.3112519 0.09073096 0.9459156 0.3115158 0.09056305 0 0.9254248 0.3789313 0 0.9253714 0.3790619 0.4598744 0.4997257 0.734023 0.459905 0.4996846 0.7340319 -0.7953398 -0.606164 0 -0.7953102 -0.6062027 0 -0.9914934 -0.1301569 0 -0.9914913 -0.1301727 0 0 0.7907395 0.6121528 0 0.7907474 0.6121428 0.4056717 0.1811878 0.8958803 0.4056663 0.1811842 0.8958834 0 0.9253944 -0.3790059 0 0.9254483 -0.3788741 -0.6495057 0.1827611 0.7380656 -0.6494952 0.182779 0.7380704 -0.4761108 0.8564093 -0.1997041 -0.4760597 0.8564413 -0.1996888 -0.8487482 0.5035151 0.1615529 -0.8487342 0.5035453 0.1615324 0.8995528 0 -0.4368119 0.8995548 0 -0.4368081 -0.7366409 0.5958515 0.3198771 -0.7367437 0.5956881 0.3199445 -0.1344784 -0.9909166 0 -0.134504 -0.9909132 0 -0.5897067 0.7987537 -0.119325 -0.5897002 0.7987578 -0.1193307 0.1261267 0.9920142 0 0.1261293 0.9920139 0 -0.7090311 0 0.7051773 -0.7090305 0 0.7051779 1 4.1806e-4 0 1 -4.19992e-4 0 0.9999997 -8.39807e-4 0 1 -1.97083e-4 0 1 3.92619e-4 0 0.9999997 7.89032e-4 0 1 2.13721e-4 0 1 -2.13231e-4 0 1 2.13254e-4 0 1 -2.13732e-4 0 0 -0.6061451 -0.7953541 0 -0.6062229 -0.7952948 0 -0.7947384 -0.6069523 0 -0.7948752 -0.6067731 -0.406199 0.9137847 0 -0.4061794 0.9137934 0 0.2774198 0.2382985 0.9307267 0.2775478 0.2380588 0.9307498 -0.7808421 0.6067945 0.1486141 -0.7808512 0.6067806 0.1486232 0.381065 0.3828142 0.8415716 0.381039 0.3828631 0.8415613 -0.5555003 0 0.8315163 -0.5555015 0 0.8315157 -0.6511282 0.5042855 0.567211 -0.6511378 0.504282 0.5672031 0 -0.1301257 0.9914975 0 -0.1301344 0.9914964 -0.8174805 0 -0.5759562 -0.8174819 0 -0.5759543 -0.714187 0.320767 0.6221297 -0.7141931 0.3207654 0.6221237 -0.9823641 0 0.1869786 -0.9823645 0 0.1869757 0 0.6062082 0.795306 0 0.6061318 0.7953643 -0.9627943 0.186679 0.1953922 -0.9627995 0.1866021 0.1954403 -0.5989143 0.6075438 0.5217207 -0.5989074 0.6075547 0.5217157 -0.4410064 0.6080626 0.6601313 -0.4410001 0.6080579 0.6601399 -0.8173085 0 -0.5762004 -0.8173056 0 -0.5762045 0.6187198 0.2495201 0.7449333 0.6187862 0.2494216 0.7449111 -0.9954233 0 -0.09556525 -0.9954233 0 -0.09556514 0.3791463 -0.9253367 0 0.3791294 -0.9253438 0 -0.04073166 0.6962951 0.716599 -0.0407443 0.6963101 0.7165837 0.8911985 0.312299 0.3289905 0.8911507 0.3126673 0.32877 0.3992183 0.2510827 0.8818063 0.3992987 0.250968 0.8818026 -0.6601802 0.03694814 0.750198 -0.660176 0.03691643 0.7502033 -0.3006458 0.3214529 0.897931 -0.3006485 0.3214546 0.8979296 -0.787348 0.614273 0.05245965 -0.7873234 0.6143024 0.05248218 -0.6257877 0.7345028 -0.2624794 -0.6257525 0.7345375 -0.2624662 -0.2519593 0.6084691 0.7525171 -0.2519646 0.6084698 0.7525147 -0.9121026 0.2592617 0.3175727 -0.9121012 0.2592613 0.3175767 -0.03558599 -0.5668692 0.8230389 -0.03555756 -0.5668737 0.823037 -0.8989279 0.03687804 0.436542 -0.8989308 0.03689324 0.4365347 0.6068777 -0.7947954 0 0.6068819 -0.794792 0 -0.04502058 0.6086427 0.7921663 -0.0450347 0.6086525 0.7921578 0.9743036 0.03538548 0.2224423 0.9743152 0.03558778 0.2223587 0 -0.3822067 -0.9240769 0 -0.3822815 -0.9240459 -0.9801007 0 -0.1985012 -0.9801054 0 -0.1984782 -0.9801014 -2.9487e-5 -0.1984975 -0.9801058 0 -0.1984762 -0.8757825 0.4499052 -0.1749012 -0.8757998 0.4498736 -0.1748959 -0.5373812 0.2532756 0.8044085 -0.5373789 0.2532924 0.8044047 -0.5525835 0.7981672 0.2399602 -0.5525127 0.7982195 0.2399487 0 -0.1311008 0.9913691 0 -0.1310719 0.9913729 -0.7293053 0.4488147 0.5164099 -0.7293704 0.4486114 0.5164947 0.9914851 -0.1302213 0 0.9914727 -0.1303148 0 0 0.3821564 -0.9240978 0 0.3821415 -0.9241038 0 0.1304023 0.9914612 0 0.1304314 0.9914574 0 -0.6062253 -0.795293 0 -0.6061463 -0.7953533 0.8855541 0 0.4645362 0.8855546 0 0.4645354 -0.5708902 0.6532626 0.4973251 -0.570917 0.6532418 0.4973217 -0.6065157 -0.7950716 0 -0.6064389 -0.7951301 0 -0.7540373 0 0.6568316 -0.754034 0 0.6568354 -0.9532452 0.2347027 -0.1903637 -0.9531636 0.2349529 -0.190464 -0.9769887 0.08012092 -0.1976705 -0.9769941 0.08000481 -0.197691 -0.8236662 0.5670751 0 -0.8236302 0.5671273 0 -0.9971313 0.03742659 -0.06579232 -0.9971309 0.03742098 -0.06580162 -0.6118438 0.7909786 0 -0.611675 0.7911092 0 -0.7352463 0 0.6778001 0 -0.6061329 -0.7953635 0 -0.6061302 -0.7953655 -0.7192196 0.6526196 0.2383506 -0.7192325 0.652598 0.2383707 0 1 -1.56496e-6 0 1 -2.11922e-7 0 1 0 0 1 -6.68161e-7 0 1 -4.49555e-7 0 0.791146 0.6116273 0 0.7911359 0.6116405 -0.3863682 0.9223448 0 -0.3864361 0.9223162 0 -0.7600448 0.6498708 0 -0.760038 0.6498787 0 -0.9552133 0 0.2959181 -0.9800541 0 0.198731 -0.9800541 0 0.1987313 0 0.9434191 0.3316029 0 0.943417 0.3316086 0 1 3.42894e-7 -0.9792219 0 0.2027916 -0.9792225 0 0.2027889 -0.9239875 0.3824228 0 -0.92404 0.382296 0 0 0.6061182 -0.7953747 0 0.6061962 -0.7953152 0 0.1302649 -0.9914792 0 0.1302294 -0.9914839 0.1218304 0.6063578 0.7858038 0.121825 0.6063658 0.7857984 -0.9333124 0.1823477 0.3093177 -0.9333139 0.1823434 0.3093156 -0.7817004 0.5231686 0.3394689 -0.7816038 0.5233548 0.3394043 0 -0.6061301 0.7953655 0 -0.6061264 0.7953684 0 -0.9224246 -0.3861776 0 -0.9224383 -0.3861446 0 0.1302539 -0.9914807 0 0.1302252 -0.9914845 0 0.1302318 0.9914836 0 0.1302229 0.9914848 -0.9973457 0 0.07281243 -0.9973458 0 0.07281106 -0.656052 0.5948056 0.4645451 -0.6561387 0.5946337 0.4646428 -0.9914873 0.1302031 0 -0.9915154 0.1299899 0 0.5792916 0 -0.8151205 0.5792916 0 -0.8151204 0.6352535 0.1086335 0.7646253 0.6351528 0.108895 0.7646718 -0.6442553 0.6197968 0.4480928 -0.6442503 0.6197731 0.4481328 -6.49001e-4 0 -0.9999998 -6.42862e-4 0 -0.9999998 0.1261408 0.9920125 0 0.1261285 0.9920139 0 0 0.9920018 0.1262242 0 0.9919868 0.1263427 0.734736 0.4385179 0.517557 0.7347319 0.4386392 0.5174599 0.7030798 0 0.711111 0.703077 0 0.7111137 -0.9576225 0 -0.2880266 0.01682621 0.2525039 0.9674496 0.01684612 0.2524724 0.9674575 0.9228127 0.3852492 0 0.9228997 0.3850405 0 -0.9333811 0.3023767 0.1933078 -0.9333984 0.3023127 0.1933249 1 -4.09165e-4 0 0.9999997 8.35073e-4 0 0.9999997 -8.34376e-4 0 1 4.17885e-4 0 0.9999997 -8.19001e-4 0 0.9999997 8.12843e-4 0 1 -2.16029e-4 0 1 2.14202e-4 0 1 9.91965e-5 0 1 -6.63361e-5 0 1 -1.10558e-5 0 0 0.7951321 0.6064364 0 0.7951026 0.6064749 0.7953587 -0.606139 0 0.795338 -0.6061662 0 0 -0.1304314 0.9914574 0 -0.1304023 0.9914612 0.9954213 0 0.09558469 0.9954212 0 0.09558647 0 0.9920005 -0.1262343 0 0.9920269 -0.1260266 0.8854641 0 0.4647078 0.8854623 0 0.4647113 0 -0.9920247 -0.1260446 0 -0.9920139 -0.1261296 -0.9801361 0 -0.1983264 -0.9801357 0 -0.1983285 0 -0.9254177 0.3789486 0 -0.925412 0.3789626 0.4122183 0.03659635 0.9103499 0.4122517 0.03654235 0.9103369 0 -0.9909441 -0.1342752 0 -0.9909213 -0.1344431 0.01711148 0.1821804 0.9831163 0.01710236 0.1821962 0.9831135 0.8455586 0 0.5338827 0.8455613 0 0.5338785 0 -0.7948856 -0.6067593 0 -0.7950228 -0.6065796 -0.7719855 0.6160196 0.1567114 -0.7719764 0.6160323 0.1567064 -0.7491152 0.07972419 -0.657625 -0.7491095 0.07946109 -0.6576634 0 1 5.64576e-6 0 1 -1.41137e-6 -0.5613679 0.6648015 -0.4928539 -0.5615047 0.6646475 -0.492906 -0.7859521 0.5964736 0.1627843 -0.785937 0.5964961 0.1627739 -3.93284e-4 0.517991 -0.855386 -4.53568e-4 0.5179196 -0.8554292 -0.9915353 0.1298372 0 -0.9914934 0.130157 0 0 -0.9253464 0.3791226 0 -0.9252923 0.3792548 -0.8920143 0.3284084 0.3105775 -0.8920159 0.3283849 0.3105979 0.9823645 0 -0.186976 0.9823649 0 -0.1869737 -0.4746699 0.6955171 0.5393927 -0.4746842 0.695492 0.5394124 0.7922329 0.6102189 0 0.7922483 0.610199 0 -0.1262196 0.9920024 0 -0.1261823 0.9920071 0 -0.1344967 -0.9909141 0 -0.1344575 -0.9909195 0 0 0.9627569 0.2703687 0 0.9627558 0.2703726 -0.1261217 -0.9920148 0 -0.1261687 -0.9920088 0 -0.8904904 0.03812879 0.4534019 -0.8904688 0.03796046 0.4534582 -0.1355475 0.6962391 0.7048958 -0.1355487 0.6962364 0.7048982 -1.92239e-6 0 -1 0 0.9185132 0.3953903 0 0.9185113 0.3953951 -0.3792657 -0.9252879 0 -0.3792446 -0.9252965 0 -0.178797 0.3215556 0.9298568 -0.1787973 0.3215518 0.9298582 -0.9914913 0.1301727 0 -0.9914934 0.1301569 0 0.6547659 0.598824 0.4611848 0.6548135 0.5986011 0.4614067 0.1261103 0.9920163 0 0.1261286 0.9920139 0 -0.8158147 0.5570811 0.155265 -0.8158094 0.5570887 0.1552651 -0.9978304 0 -0.06583845 -0.9978304 0 -0.06583839 -0.6565829 0.1104522 0.7461228 -0.6565854 0.110464 0.7461189 0.3862197 0.9224069 0 0.3864685 0.9223026 0 -0.8337234 0 -0.5521824 -0.9199311 0 0.3920802 -0.9199308 0 0.3920809 0 0.9920152 0.126119 0 0.9919886 0.1263273 -0.04706162 0.5589607 0.8278576 -0.04706501 0.5589774 0.8278461 0 0.1304226 -0.9914586 0 0.1303866 -0.9914633 -0.8894642 0.4531434 0.05928289 -0.8894532 0.4531657 0.0592789 0 0.9909073 -0.1345465 0 0.9909098 -0.1345287 0.9381794 0 0.3461498 0.9381796 0 0.3461491 0.8174498 0 0.5759998 0.8174528 0 0.5759956 -0.3938715 0.4475463 0.8028498 -0.3938754 0.4475718 0.8028336 0 -1 3.46364e-6 0 -1 4.23177e-5 0 -1 -3.90939e-6 0 -1 3.89435e-6 0 -1 2.66995e-6 0 -1 2.09133e-6 0 -1 -2.67645e-5 0 -1 -1.68199e-6 -0.9192168 0.07974642 -0.385592 -0.9192102 0.07995444 -0.3855643 0.9552568 0 -0.2957777 0 1 -7.05664e-7 0 -0.1302254 0.9914844 0 -0.1302124 0.9914861 -0.9761826 0 -0.2169507 -0.9761818 0 -0.2169546 0.68575 0 -0.7278372 -0.4967959 0.4473368 0.743696 -0.4967997 0.4473425 0.74369 -0.8976618 0 -0.4406853 -0.8976626 0 -0.4406837 -0.9984198 0 0.05619752 -0.8070122 0.2528294 0.5336747 -0.8070157 0.2528346 0.5336669 -0.9227528 0.3853924 0 -0.922869 0.3851141 0 -0.8727985 0.4547994 0.1771454 -0.872801 0.4547969 0.1771392 0.4008317 0.2345613 0.8856156 0.4010159 0.2342364 0.8856182 -0.4406084 0.7966831 0.4137152 -0.4406334 0.7966677 0.4137182 0.8485321 0.4924286 0.1936681 0.8485378 0.492415 0.1936782 0.5909186 0.3805879 0.7113144 0.590881 0.3806423 0.7113165 -0.3861135 -0.9224513 0 -0.3861961 -0.9224168 0 -0.739787 0.656423 -0.1477303 -0.7397932 0.6564141 -0.1477383 0.6975444 0.3150852 0.6435473 0.6975629 0.3153486 0.6433982 0.97494 0 0.2224679 0.97494 0 0.2224684 0 0.7938371 -0.6081305 0 0.7938103 -0.6081655 -0.8008272 0.2205877 0.5567918 -0.8008036 0.2203373 0.5569248 -0.8191971 0.4498341 0.3557605 -0.8191717 0.4498971 0.3557394 0 0.1303055 -0.991474 0 0.1302923 -0.9914757 0 -0.1260469 -0.9920244 0 -0.1260358 -0.9920258 -0.7518425 0.1101455 -0.6500775 -0.751793 0.1102535 -0.6501166 -0.7563755 0 -0.6541378 -0.7563736 0 -0.6541399 0.6779204 0.6434468 0.3555281 0.6780002 0.6432255 0.3557763 -0.9239456 -0.3825241 0 -0.9241402 -0.3820539 0 0.7030777 0 0.7111132 0.7030784 0 0.7111124 0 0.3852507 0.9228119 0 0.3851869 0.9228386 0.9954116 0 0.09568601 0.9954116 0 0.09568601 -0.9800169 0 0.1989147 -0.980017 0 0.1989141 -0.8337705 0 -0.5521113 -0.8337695 0 -0.5521129 -1 6.81536e-7 0 0.9232215 0.1777614 0.3406804 0.9232208 0.1777577 0.3406841 0.7962879 0.4374545 0.4178029 0.7962998 0.4374267 0.4178093 -0.7167631 0.3004319 -0.6292784 -0.7167906 0.3001635 -0.6293752 0.8341094 0 -0.5515993 0.8341131 0 -0.5515936 -0.7914275 0.3007587 -0.532153 -0.7913772 0.3010523 -0.5320618 -0.7953129 0.6061992 0 -0.7953316 0.6061746 0 -0.9823653 0 0.186972 -0.9823653 0 0.1869717 0 -0.3823295 0.9240261 0 -0.3823422 0.9240208 -0.9492263 0 0.3145945 -0.9492277 0 0.3145899 0.9973433 0 0.07284581 0.9973433 0 0.07284569 3.12929e-7 0 1 0.6953899 0 0.7186327 0.6953972 0 0.7186256 0.606689 0.7949393 0 0.6064255 0.7951403 0 0 0.9909098 0.1345287 0 0.9909073 0.1345465 0 -0.7951211 -0.6064507 0 -0.795086 -0.6064969 0.9138032 0 0.4061573 0.9138035 0 0.4061569 0 -0.7951133 -0.6064611 0 -0.795113 -0.6064614 -0.8403198 0.4563161 0.2926406 -0.8403277 0.4562891 0.2926598 0.9999997 -8.14581e-4 0 1 4.09249e-4 0 0.9999997 -8.34724e-4 0 0.9999997 8.3612e-4 0 0.9999997 8.42171e-4 0 1 -4.17449e-4 0 0.9999997 8.1833e-4 0 0.9999998 -7.8946e-4 0 1 -1.0618e-4 0 1 -2.14133e-4 0 1 1.07411e-4 0 1 2.15965e-4 0 1 1.65859e-5 0 0 0.9224303 -0.3861638 0 0.9225218 -0.385945 -0.9914936 -0.1301563 0 -0.9914914 -0.1301721 0 0.4760895 0.4426811 0.7598502 0.4760755 0.4426684 0.7598664 0 0.3851881 -0.9228381 0 0.3852496 -0.9228125 -0.3162789 0.6959384 0.6446995 -0.3162646 0.6959427 0.6447018 0 -0.9920305 0.1259986 0 -0.9920151 0.1261196 -0.5703855 0.5045304 0.6481586 -0.5703903 0.504544 0.6481438 0.3696817 0.4438228 0.8163068 0.3696238 0.4439043 0.8162887 -0.87523 0.1878207 0.4457532 -0.8752368 0.1879563 0.4456827 -0.8544602 0.3760861 -0.3584091 -0.8544632 0.3760735 -0.3584152 -0.9984202 0 0.05618977 -0.9984202 0 0.05618989 -0.7349693 0 -0.6781005 -0.7349689 0 -0.6781009 0.01740032 0.03682911 0.9991701 0.01739031 0.03683233 0.9991702 0.9999997 8.39994e-4 0 1 4.06835e-4 0 1 -4.05084e-4 0 0.9999997 -7.89266e-4 0 0.9999997 -7.9369e-4 0 1 2.02491e-4 0 1 -4.06669e-4 0 0.9999997 7.93493e-4 0 1 1.07043e-4 0 1 -2.15369e-4 0 1 -1.07669e-4 0 0.8170097 0.03622359 0.5754852 0.8169478 0.03597843 0.5755882 -0.7127059 0.6079757 -0.3498798 -0.7126147 0.6080594 -0.3499203 -0.2855907 0 -0.9583517 -0.2856071 0 -0.9583469 0.7119795 0.2485027 0.6567584 0.7119563 0.2483329 0.6568477 -0.998421 0 0.05617564 -0.998421 0 0.05617451 -0.8076328 0.5664502 0.1639014 -0.8076681 0.5663862 0.1639484 0.7166516 0.2220081 0.6611527 0.7166125 0.2217695 0.6612752 0.6064916 -0.79509 0 0.606541 -0.7950522 0 -0.590932 0.4471125 0.6714834 -0.5909176 0.4471073 0.6714994 -0.9381905 0 -0.3461195 -0.9381895 0 -0.346122 -0.8203461 0.03815364 0.5705932 -0.8203727 0.03821969 0.5705505 -0.8791949 0.3016788 -0.3687901 -0.8791682 0.3017874 -0.3687651 0.5554749 0 -0.8315333 0.5554772 0 -0.8315318 0.13437 -0.9909313 0 0.1344112 -0.9909257 0 -0.9467709 0.2582393 0.1921911 -0.9467604 0.2583045 0.1921551 0.5141159 0.2501147 0.8204435 0.5139657 0.2504055 0.8204489 0.3791778 -0.9253239 0 0.3791292 -0.9253438 0 -0.4330084 0.1830244 0.8826131 -0.4329918 0.1829692 0.8826327 0 0.1302857 0.9914765 0 0.1302939 0.9914755 0 -0.9253311 -0.3791604 0 -0.9253318 -0.3791585 -0.980017 0 0.1989142 -0.980017 0 0.1989144 -0.8341154 0 0.55159 -0.8341173 0 0.5515872 0.4421629 0.5534949 0.705787 0.4421902 0.5534743 0.7057862 0.386313 0.9223678 0 0.386343 0.9223552 0 0.01317679 0.6525033 0.7576714 0.01319593 0.6524723 0.7576977 0 0.3859089 -0.922537 0 0.3859717 -0.9225107 0.9797179 0.1769026 0.09411865 0.9796844 0.1771711 0.09396278 0 0.9919861 -0.1263476 0 0.9920126 -0.126139 0.2856425 0 0.9583362 0.2856518 0 0.9583336 0.9999997 -8.40468e-4 0 1 -2.02716e-4 0 0.9999997 -7.95703e-4 0 0.9999997 7.89665e-4 0 1 -6.6266e-5 0 1 2.21216e-5 0 -0.6793076 0.6537007 -0.3334917 -0.6793159 0.65369 -0.3334956 0 0.9920001 -0.1262369 0 0.9920266 -0.1260291 0.9897307 0.1068757 0.09492552 0.9897168 0.1071318 0.09478086 -0.9468737 0 -0.3216058 -0.946874 0 -0.3216047 0 -0.9909278 -0.1343952 0 -0.9909051 -0.1345631 0.04315572 0 -0.9990684 0.04315561 0 -0.9990683 0 -0.990931 0.134372 0 -0.990911 0.1345192 0.7637253 0.6413712 0.07325828 0.7638028 0.6412659 0.07337063 0 -0.1304098 -0.9914602 0 -0.1304219 -0.9914587 0 0.794775 0.6069043 0 0.7948024 0.6068683 -0.5551018 0.03695964 0.8309609 -0.5551119 0.03697985 0.8309533 0.3174908 0 -0.9482613 0.3175026 0 -0.9482574 0.8713876 0.1782118 0.4570826 0.8713808 0.1780294 0.4571666 -0.8808552 0.4733859 0 -0.8808683 0.4733617 0 0.2765719 0.2517648 0.9274278 0.2766023 0.2516912 0.9274389 -0.05373597 0.3216015 0.9453491 -0.05372017 0.3215786 0.9453578 -0.8272213 0.07972562 -0.5561913 -0.8272274 0.07986807 -0.5561619 0.8693143 0.3760031 0.3208027 0.8693498 0.3758203 0.3209207 -0.7926294 0.2606502 0.5511808 -0.792637 0.2607121 0.5511404 0.01729744 0.1101593 0.9937635 0.01729172 0.1101648 0.9937629 -0.7460805 0.4463953 -0.4940599 -0.7460997 0.4463765 -0.494048 0.1161685 0.6521118 0.7491696 0.1161472 0.6521383 0.7491499 -0.7166329 0.3202584 -0.6195741 -0.7167176 0.3201159 -0.6195496 -0.973595 0.2282804 8.529e-4 -0.9735872 0.2283144 8.52515e-4 0.8849056 0.03569132 0.4644011 0.8849761 0.03611707 0.4642336 -0.9071733 0.3764746 0.1878927 -0.90715 0.376538 0.1878778 0.01557135 0.4459657 0.8949146 0.01558732 0.4459391 0.8949276 0.8174571 0 0.5759894 0.8174592 0 0.5759868 -0.7697576 0.3851856 0.509024 -0.7697612 0.385191 0.5090144 0 -0.9254522 -0.3788646 0 -0.925453 -0.3788623 0.5034391 0.3174291 0.8036093 0.5035825 0.3172229 0.8036008 0 0.9224246 -0.3861776 0 0.9225109 -0.3859709 0.9693211 0.1069532 0.2213088 0.9693195 0.1072293 0.2211827 -0.7749803 0.3300532 0.5389533 -0.7749816 0.3301185 0.5389114 0.8202698 0.3768613 0.430271 0.8202846 0.3767014 0.430383 -0.4404305 0 0.8977868 -0.4404282 0 0.8977879 -0.7156285 0.6548892 -0.242891 -0.7155485 0.6549692 -0.2429109 0.9494304 0 -0.3139777 0.9494318 0 -0.3139734 -0.8995438 0 0.4368309 -0.8995451 0 0.436828 0.6606169 0 -0.7507232 0.6606203 0 -0.7507203 -0.21029 -0.9678452 0.1380357 -0.2102874 -0.9678456 0.138037 -0.8413667 0.3293995 0.4284835 -0.8413739 0.3293679 0.4284939 -0.6065032 -0.7950811 0 -0.6064335 -0.7951343 0 -0.9823625 0 0.1869872 -0.9823625 0 0.1869869 0.2274229 0.6056023 0.7625777 0.2274212 0.6055884 0.7625892 0.285573 0.03667193 0.9576551 0.2855567 0.0367276 0.9576579 -0.8703534 0.2526779 0.4226571 -0.8703491 0.2526676 0.422672 0.5221492 0.1805784 0.8335177 0.5221313 0.1806178 0.8335203 6.45201e-4 0.6613135 0.7501094 4.99532e-4 0.6614468 0.749992 0.6857522 0 -0.7278352 0.6857479 0 -0.7278392 0.3569099 0.501177 0.7883128 0.3570181 0.501051 0.7883439 0.2639266 0.3837442 0.8849199 0.2639057 0.3837756 0.8849125 0 -0.9254467 0.3788781 0 -0.925441 0.378892 0 0.1303132 -0.991473 0 0.1302838 -0.9914768 -0.7772393 0.5680055 0.2706826 -0.7772093 0.5680666 0.2706404 0.7923672 0 -0.6100445 0.7923633 0 -0.6100496 -0.8449832 0.5074675 -0.1687608 -0.844995 0.5074523 -0.1687479 -0.5307247 0 -0.8475443 0 0.1310713 0.991373 0 0.1311015 0.991369 -0.5254973 0 -0.8507954 -0.5254661 0 -0.8508145 -0.5255013 0 -0.8507929 -0.5254865 -4.09906e-5 -0.850802 0.8043575 0.1786103 0.5666634 0.8043386 0.178433 0.5667462 0.6064031 -0.7951576 0 0.6067113 -0.7949222 0 -0.9444347 0 0.3286992 -0.9444351 0 0.3286982 -0.9999721 0 0.007474184 -0.9999722 0 0.007474124 -0.9999722 7.85381e-7 0.007473289 -0.9914727 0.1123112 0.06609147 -0.9914747 0.1122987 0.06608319 0.9749547 0 0.2224037 0.9749549 0 0.222403 0.785547 0.5466634 0.2899572 0.785462 0.5468783 0.2897821 -0.8063296 0.1883943 0.5606606 -0.8063288 0.1883081 0.5606907 -0.8732225 0.3868356 -0.2963793 -0.8731961 0.3868802 -0.296399 0 0.9920138 0.1261293 0 0.9919874 0.1263375 -0.1262032 0.9920045 0 -0.126227 0.9920015 0 0 -0.7947884 0.6068868 0 -0.7947601 0.6069238 -0.9469352 0 -0.3214247 -0.9469357 0 -0.3214235 0 0.7951133 -0.6064611 0 0.7950857 -0.6064973 -0.6044473 0.5941333 -0.5307064 -0.6043988 0.5942588 -0.5306211 0 0.3815953 0.9243296 0 0.3815346 0.9243546 -0.273998 0.5051677 0.8183708 -0.2740075 0.5051906 0.8183535 -0.9182523 0.3912391 0.06119626 -0.9182637 0.3912118 0.061199 -0.1629426 0.5053105 0.8474143 -0.1629452 0.5053302 0.847402 -0.7067576 0.694549 0.1345193 -0.7067772 0.6945243 0.1345441 -0.8291911 0.5570138 0.0466693 -0.8291886 0.5570169 0.04667693 -0.4404273 0 0.8977884 -0.4404263 0 0.8977888 -0.6256751 0.3209546 0.7109985 -0.6256877 0.3209914 0.7109709 0.9984202 0 -0.05618917 0.9984202 0 -0.05618876 -5.06885e-4 0.5904298 -0.8070889 -4.3099e-4 0.5905124 -0.8070285 0.9915309 -0.1298713 0 0.9914687 -0.1303454 0 -0.7347127 0.03820317 0.6773018 -0.7347102 0.03821504 0.6773039 0 0.6101417 -0.7922924 0 0.6102512 -0.792208 -0.8626443 0.503477 0.04853874 -0.8626448 0.5034747 0.04855269 -0.9806145 0 -0.1959474 -0.9806146 0 -0.1959468 -0.9308773 0.1833698 -0.3159794 -0.9308737 0.1833845 -0.3159815 -0.5000484 0.6535015 0.5682318 -0.5000398 0.6535032 0.5682374 0.7953575 -0.6061407 0 0.7952307 -0.6063069 0 0 0.1260551 -0.9920232 0 0.1260276 -0.9920268 -0.7540374 0 0.6568315 -0.7540391 0 0.6568297 0 -0.9255342 0.3786641 0 -0.9255662 0.3785859 -0.6814413 0.6527806 0.3309312 -0.681438 0.6527992 0.330901 0.4907354 0.3817404 0.7832325 0.4906789 0.381821 0.7832286 -0.7219772 0.1885166 0.6657406 -0.722 0.1885891 0.6656954 -0.6095482 0.385608 0.6926454 -0.6095486 0.3856 0.6926495 0.01649397 0.3200179 0.947268 0.01649761 0.320004 0.9472726 0 0.6102522 0.7922074 0 0.6101408 0.7922931 -0.9816971 0.03686875 0.1868467 -0.981696 0.03680199 0.1868651 0.8774859 0.4357808 0.2002843 0.8774444 0.4358978 0.2002109 -0.8335458 0.03689277 0.5512173 -0.8335494 0.03689914 0.5512113 -0.3789687 0.9254096 0 -0.378948 0.925418 0 -0.6294381 0.5167422 0.5803319 -0.6294366 0.51682 0.5802643 0.3431598 0.5548019 0.7579157 0.3431495 0.5548205 0.7579069 0.8854632 0 0.4647096 0.8854631 0 0.4647097 -0.4063107 0.386024 0.828189 -0.4063134 0.3860329 0.8281837 -0.1344807 0.9909163 0 -0.1345039 0.9909131 0 0 0.131082 -0.9913716 0 0.1310728 -0.9913727 -0.749437 0.1103878 0.6528085 -0.7494304 0.1103408 0.652824 -0.8844498 0.1824172 0.4295028 -0.8844492 0.1824375 0.4294954 0 -0.7949509 0.6066739 0 -0.794923 0.6067105 0.7102081 0.5972952 0.3726164 0.7101585 0.5974727 0.3724262 0.6388615 0 0.7693218 0.6388574 0 0.7693252 -0.8995396 0 0.4368394 -0.8995404 0 0.4368379 -0.6924046 0.5576049 0.4578785 -0.6924 0.5576165 0.4578711 0.9492235 0 -0.3146024 0.9492253 0 -0.3145974 -0.868353 0.2532468 -0.4264144 -0.8684355 0.2530765 -0.4263476 0.3789459 0.9254189 0 0.3789734 0.9254075 0 0 -0.7947916 0.6068826 0 -0.7948248 0.6068391 0 0.9919881 -0.1263319 0 0.992003 -0.1262143 0.2708592 0.3191683 0.9081668 0.2708597 0.3191478 0.9081739 -0.426073 0.2534316 0.8684666 -0.4260432 0.2534018 0.86849 -0.7336112 0.2441676 -0.63419 -0.7335144 0.2443699 -0.6342238 -0.6670023 0.5950067 -0.4484141 -0.667141 0.5947216 -0.4485858 -0.7566601 0.6524196 0.04259592 -0.7566354 0.6524502 0.04256331 -0.1565727 0.5588934 0.8143238 -0.1565751 0.5589006 0.8143183 0 0.3168789 0.948466 0 0.3168741 0.9484677 -0.9977968 0 0.06634449 -0.9977969 0 0.0663442 0 0.7907767 -0.6121048 0 0.7907865 -0.612092 -0.6224604 0.7344942 0.2702984 -0.6223996 0.7345518 0.270282 -0.9923486 0.110125 0.0558294 -0.9923478 0.1101251 0.05584263 0 0.3829613 0.9237645 0 0.3829767 0.923758 -0.9531505 0.3024957 8.34456e-4 -0.9531468 0.3025071 8.33412e-4 0.1506406 0.182083 0.9716755 0.1506937 0.1819712 0.9716882 -0.7468497 0.55739 0.3626734 -0.7468461 0.5573912 0.3626788 -0.8347452 0.5240836 -0.1689289 -0.8347337 0.524103 -0.1689252 1 4.05186e-4 0 1 -4.18585e-4 0 1 2.14823e-4 0 1 1.07458e-4 0 1 -1.65794e-5 0 1 -1.10571e-5 0 0 0.9920126 0.126139 0 0.9919861 0.1263476 -0.6957854 0.3853873 0.6061018 -0.6957928 0.3853867 0.6060937 0 0.1301351 0.9914963 0 0.1301476 0.9914947 -0.1888458 0 0.9820069 -0.1888353 0 0.9820088 0.01504689 0.5032926 0.863985 0.01504385 0.5033179 0.8639703 -0.732058 0.2523227 -0.632791 -0.7319132 0.2525679 -0.6328607 0.8174496 0 0.576 0.8174542 0 0.5759938 0 -0.9224008 0.3862344 0 -0.9224303 0.3861637 0 -0.382227 0.9240685 0 -0.3822391 0.9240635 0.01381987 0.6067439 0.7947773 0.01382648 0.6067583 0.7947662 -0.3155343 0.1106364 0.9424424 -0.3155325 0.1106117 0.942446 0.7307003 0.1084979 0.6740218 0.7306867 0.1084535 0.6740437 -0.9668056 0.2555134 0 -0.9668213 0.2554541 0 -0.7544151 0.6069059 0.2500464 -0.7544047 0.60693 0.2500191 0.834237 0.5455397 0.08021795 0.8341234 0.5457388 0.08004665 0.6136555 0.5505632 0.5659569 0.6136479 0.5503821 0.5661412 0.7345593 0.03612458 0.6775823 0.7345099 0.0359649 0.6776443 -0.1888279 0 0.9820102 -0.1888255 0 0.9820107 0.9999997 8.34376e-4 0 1 -2.14777e-4 0 1 6.63328e-5 0 1 3.31653e-5 0 1 -2.21112e-5 0 0.1261111 -0.9920162 0 0.1261469 -0.9920116 0 0.7349901 0 0.6780779 -0.4735115 0.856447 0.2056341 -0.4736384 0.8563675 0.2056733 0.9327707 0.1073511 0.3441141 0.9327599 0.1071519 0.3442056 0.5792918 0 -0.8151203 0.5792927 0 -0.8151196 0 -0.1302942 0.9914755 0 -0.1303059 0.9914739 -0.9239464 -0.3825223 0 -0.9240691 -0.3822256 0 -0.05640572 0.110688 0.9922533 -0.05639541 0.1106685 0.9922561 0 -0.990911 -0.1345192 0 -0.990931 -0.134372 -0.7923839 0 -0.6100227 -0.7923834 0 -0.6100236 0 -0.9909102 0.1345248 0 -0.9909302 0.1343775 0.7697693 0.4942844 0.4039037 0.769815 0.4940865 0.4040588 -0.6838199 0.6664952 0.2969418 -0.6839103 0.6663741 0.2970055 -0.78877 0.612481 -0.05204695 -0.788744 0.6125155 -0.05203741 -0.9433118 0.3258994 0.06287002 -0.9433228 0.3258641 0.06288665 -0.5260652 0.3211731 0.7874664 -0.5260604 0.3211643 0.7874733 0 -0.3851839 -0.9228398 0 -0.385124 -0.9228649 -0.5124681 0.3858013 0.7671597 -0.5124856 0.385842 0.7671273 -0.6606355 0 0.7507069 -0.6606354 0 0.7507071 -0.9184572 0.2525538 0.3043894 -0.9184625 0.2525365 0.3043879 0.9576404 0 0.2879667 -0.5245915 0.6078144 0.5961254 -0.5246023 0.6078084 0.596122 0 0.8468518 0.531829 0 0.846854 0.5318255 -0.8964888 0.3220571 -0.3042815 -0.8964888 0.3220598 -0.3042785 -0.7563732 0 -0.6541405 -0.756375 0 -0.6541384 0.6833656 0.5489245 0.4813455 0.6833516 0.5489664 0.4813176 -0.9799517 0.0372864 -0.1957155 -0.9799571 0.03724938 -0.1956953 0.5339537 0.8455138 0 0.5339535 0.8455138 0 -0.7540346 0 0.6568347 -0.7540373 0 0.6568317 -0.7953396 -0.6061642 0 -0.7953056 -0.6062088 0 0.5164794 0.230444 0.8247088 0.5166794 0.2300872 0.8246831 0 0.990908 0.1345422 0 0.9909104 0.1345246 -0.786662 0.5965095 -0.1591836 -0.7867017 0.5964506 -0.1592081 0 0.7941091 0.6077753 0 0.7941482 0.6077241 -0.6750002 0.3964549 0.6222527 -0.6750103 0.396444 0.6222485 -0.6921929 0.7217126 0 -0.6922142 0.7216922 0 -0.7069346 0.6630554 0.2461731 -0.7069169 0.6630875 0.2461373 -0.9199309 0 0.3920804 -0.9199309 0 0.3920804 -0.7349092 0.6615539 0.1491811 -0.7349107 0.661553 0.149177 0.7831334 0.5955962 0.1787943 0.7830117 0.5958094 0.1786168 -0.6638518 0.7351185 0.1374831 -0.6638333 0.7351353 0.1374829 0 0.6061929 0.7953177 0 0.6061109 0.7953803 0 1 -3.83515e-6 -0.530855 0 -0.8474627 -0.7031082 0 -0.7110829 -0.7031047 0 -0.7110865 -0.9970809 0.03759503 0.06645631 -0.9970817 0.03756153 0.06646299 -0.7290391 0 0.684472 -0.7290441 0 0.6844667 -0.6660826 0.6642959 0.3391827 -0.6660615 0.664353 0.3391124 0 0.7947601 0.6069238 0 0.7947884 0.6068868 -0.963877 0.1841151 -0.1924655 -0.9638605 0.1841832 -0.1924826 0.6037185 0 0.7971976 0.6037153 0 0.7972 0.7953087 0.6062047 0 0.7953294 0.6061776 0 0 1 -5.0388e-5 0 1 5.0388e-5 0 1 5.03931e-5 0 1 1.00786e-4 0 1 1.122e-4 0 1 4.93803e-5 0 1 -4.93949e-5 0 1 2.47152e-5 0 1 8.72007e-6 0 1 -2.12694e-6 0 1 -7.63341e-6 0 1 2.66499e-5 0 1 2.06209e-6 0 1 5.62342e-6 0 1 1.80095e-6 0 1 -3.63372e-6 0 1 -7.70346e-6 0 1 -1.76748e-6 0 1 1.0688e-5 0 1 2.58828e-6 0 1 -1.20708e-5 0 1 -2.726e-5 0 1 -1.27647e-5 0 1 7.00055e-6 0 1 1.32395e-5 0 1 1.00542e-6 0 1 -5.61197e-6 0 1 8.44169e-6 0 1 -2.6115e-6 0 1 1.5797e-6 0 1 1.3529e-5 0 1 -7.28082e-6 0 1 -1.89879e-7 0 1 1.13328e-5 0 1 -4.86188e-6 0 1 -2.21569e-5 0 1 4.01929e-4 0 1 9.13012e-7 0 1 -6.82931e-7 0 1 3.63346e-5 0 1 -4.2818e-6 0 1 3.25287e-6 0 1 -1.46119e-6 0 1 -3.26175e-6 0 1 -2.05605e-5 0 1 2.46393e-6 0 1 2.93022e-5 0 1 -7.51445e-6 0 1 -3.76529e-6 0 1 2.61309e-6 0 1 -3.58835e-5 0 1 -3.19861e-6 0 1 8.73746e-6 0 1 -6.6171e-7 -0.8744981 0.3017202 0.3797607 -0.8744642 0.3018649 0.3797236 -0.6606298 0 0.750712 -0.6606294 0 0.7507123 -0.3174857 0 0.9482631 -0.3174946 0 0.9482601 -0.8200418 0.5036581 0.2717718 -0.8200507 0.503634 0.2717898 0.5307684 0 0.8475169 0.5307614 0 0.8475213 0.7761761 0.3143001 0.546595 0.7761664 0.3138718 0.5468551 -0.2374725 -0.9682147 0.07853108 -0.2374737 -0.9682143 0.07853311 -0.1664842 0 -0.9860441 -0.1664798 0 -0.986045 0 -0.925579 -0.3785547 0 -0.9255795 -0.3785533 0.5328534 0.5519963 0.6413793 0.5327863 0.5520714 0.6413705 -0.9915789 0.1117614 -0.0654264 -0.991575 0.111793 -0.06543385 0.7231433 0.1790679 0.6670821 0.7231515 0.1791025 0.667064 -0.8791778 0.4461428 0.1673414 -0.8791889 0.4461192 0.1673455 5.42614e-4 0.5904355 0.8070847 4.44267e-4 0.5903236 0.8071666 -0.1871887 0 0.9823241 -0.1871912 0 0.9823235 0.2168182 0.6514016 0.7270941 0.2168392 0.6513982 0.727091 -0.9037498 0.3881555 -0.1804767 -0.9037319 0.3881961 -0.1804789 -0.9138226 0 -0.4061136 -0.9138226 0 -0.4061138 0 0.1697072 0.9854946 0 0.1697057 0.9854948 -0.808146 0.2273201 -0.5433468 -0.8081637 0.2271139 -0.5434067 0.9649046 0.2458139 0.09238326 0.965008 0.2452862 0.09270453 -0.8940628 0.1102328 0.4341664 -0.8940601 0.1102194 0.4341755 -0.699965 0.6189045 0.3563795 -0.6999632 0.6189051 0.3563821 0.01686704 0.2441917 0.9695803 0.01688069 0.2441681 0.9695861 -0.4170919 0.3213246 0.8501677 -0.4170822 0.3213202 0.850174 -0.5114411 0.7327056 -0.4489661 -0.5111004 0.733048 -0.4487951 -6.64131e-4 0.2246944 -0.9744291 -6.95634e-4 0.2246307 -0.9744437 -0.5520932 0.110503 0.8264274 -0.5520837 0.1105137 0.8264324 0.9749329 0 0.2224997 0.9749329 0 0.2224996 -0.8970469 0.03700995 -0.4403829 -0.8970232 0.03711986 -0.4404221 -0.5461314 0.1828719 0.8174952 -0.5461313 0.1828771 0.8174942 0 -0.9909065 0.1345524 -0.6013907 0.798955 5.26379e-4 -0.6013878 0.7989571 5.25994e-4 0.2857663 0 0.9582994 0.2857663 0 0.9582993 -0.8935903 0.4460584 0.05028378 -0.893574 0.4460922 0.0502721 -0.7764763 0.6107722 -0.1550545 -0.7764711 0.6107793 -0.1550523 -0.8921434 0.110507 -0.438028 -0.8921595 0.1104363 -0.438013 -0.576721 0.620217 0.5317178 -0.5767167 0.6202828 0.5316457 -0.167422 -0.9673545 0.1902499 -0.1674158 -0.9673554 0.1902511 -0.379191 -0.9253184 0 -0.3792438 -0.9252968 0 0 0.734194 0.6789398 0 0.7341859 0.6789486 -0.818538 0.3953087 0.4168052 -0.8185581 0.3952127 0.4168568 -0.8341134 0 0.5515932 -0.7293959 0.6672037 0.1510658 -0.7293694 0.6672351 0.1510551 0.9171437 0.2107712 0.3382647 0.9171597 0.2100987 0.3386392 -0.7352461 0 0.6778003 -0.7359189 0 0.6770697 -0.735208 3.25102e-6 0.6778416 0 1 5.13417e-6 -0.5048236 0.8568685 0.1045448 0 0.9999784 -0.006578803 -0.5052821 0.8565698 0.1047773 -0.5049 0.8568211 0.1045646 -0.9276399 0.3734759 0 -0.9258952 0.377778 -0.001433968 -0.918964 0.3896516 -0.06063807 -0.9189608 0.3896597 -0.06063503 1 0 0 -0.6982104 0.3847902 -0.6036876 -0.6982464 0.384756 -0.6036679 -0.5692594 0.8194931 -0.06614232 -0.9990667 0 -0.0431956 -0.9749112 0 -0.2225942 0.4039224 0.6489942 0.6447118 0.4038298 0.6490688 0.6446948 -0.9823643 0 0.1869775 -0.9823644 0 0.1869766 -0.8976033 0 -0.4408042 -0.8976033 0 -0.4408043 -0.6719052 0.4478336 -0.5899056 -0.671823 0.4481493 -0.5897595 0.9914687 0.1303454 0 0.9915309 0.1298713 0 0 -0.999946 -0.01039499 -0.9793194 0.0377025 0.1987765 -0.9793217 0.03769052 0.1987673 -0.5053332 0.8568441 -0.1022582 -0.8337708 0 -0.5521108 -0.8337709 0 -0.5521107 0.9241318 -0.382074 0 0.9240385 -0.3822998 0 -0.440144 0.03699588 0.8971647 -0.4401495 0.03696274 0.8971635 6.85219e-4 0.07869911 0.9968983 6.71562e-4 0.07873046 0.9968958 -0.7201353 0.5039926 -0.4768614 -0.7202001 0.5039068 -0.476854 0 0.6040095 -0.7969772 0 0.604091 -0.7969154 -0.8761303 0.3848214 0.2903592 -0.8761188 0.3848451 0.2903624 0.9594788 0.1773277 0.218987 0.9594694 0.1774416 0.2189364 -0.7923206 0.610105 0 -0.7921669 0.6103045 0 0.71914 0.6421954 0.2653729 0.7190573 0.6423575 0.2652044 -0.729507 0.2529648 0.6354749 -0.7295078 0.2529873 0.6354652 -0.9659023 0.1822976 0.1838485 -0.9659023 0.1822995 0.183847 0 0.3852901 0.9227955 0 0.3852907 0.9227954 0.710096 0.4956243 0.5001204 0.7101049 0.4955377 0.5001934 0 -0.7951008 0.6064776 0 -0.795134 0.6064338 6.74121e-4 0 0.9999998 6.70926e-4 0 0.9999998 -0.8209477 0 0.5710035 -0.8209482 0 0.5710027 0 -1 1.66223e-6 0 -1 3.98684e-7 0 -1 -2.93252e-6 0 -1 -2.99566e-7 0 -1 0 0 -1 -1.08131e-6 0 -1 3.52984e-7 0 -1 -2.79384e-7 0 -1 1.8018e-5 0 -1 -5.8787e-7 0 -1 0 -0.9158604 0.2540665 -0.3108858 -0.91588 0.2540293 -0.3108584 0 0.4486646 0.8937002 0 0.4486651 0.8937001 -0.3346511 0.9423421 0 -0.3346393 0.9423463 0 -0.6760786 0.3741699 0.6347556 -0.6760027 0.3746184 0.6345719 -0.9505367 0.2524779 0.1809281 -0.9505387 0.2524799 0.1809149 -0.9492259 0 0.3145954 -0.9492259 0 0.3145955 0 0.8532968 0.5214258 -0.7100522 0.227006 0.6665539 -0.7100757 0.2265258 0.6666923 -0.8341161 0 0.5515891 -0.8341171 0 0.5515874 -0.1888282 0 0.9820102 -0.1888282 0 0.9820102 0.01739108 0 0.9998488 0.01739674 0 0.9998487 -0.9143014 0.08005851 0.3970439 -0.9143 0.08009928 0.3970385 0.6065011 -0.7950826 0 0.6064303 -0.7951367 0 0.844056 0.4365618 0.3114214 0.8440762 0.4364686 0.3114975 -0.9645755 0.2560149 -0.06364291 -0.9645718 0.2560263 -0.06365466 0.9948008 0.03599476 0.09526801 0.9947897 0.03534424 0.095627 0.8581205 0.2464737 0.4504221 0.8581195 0.2470433 0.4501119 0.8725971 0 -0.4884409 0.8725963 0 -0.4884424 0.1272814 0.5566368 0.8209477 0.1272797 0.5566465 0.8209413 -0.7692143 0.3753065 -0.51716 -0.7692331 0.3752405 -0.5171801 -0.263304 0.558784 0.7864041 -0.2633055 0.5587753 0.7864099 0.9228065 0.3852639 0 0.9229012 0.385037 0 0 0.9920151 0.1261188 0 0.9920001 0.1262369 -0.9263192 0.376739 8.0986e-4 -0.9263164 0.3767459 8.10874e-4 -0.7296305 0.4584668 0.507393 -0.7296347 0.4584036 0.5074441 -0.9745475 0.1112759 -0.194615 -0.9745475 0.1112677 -0.19462 -0.9642326 0.2571458 0.06427645 -0.9642315 0.2571527 0.06426626 -0.05670499 0.03702288 0.9977043 -0.0566973 0.03703504 0.9977043 0 -0.1310731 -0.9913727 0 -0.1311024 -0.9913688 0 0.606087 -0.7953984 0 0.6061677 -0.7953369 -0.8209486 0 0.5710023 -0.8209478 0 0.5710034 -0.1428046 0.6542626 0.7426624 -0.1428074 0.6542679 0.7426572 -0.5047538 0.8250074 -0.2541388 -0.6953268 0 0.7186937 -0.6953296 0 0.7186911 -0.7444246 0.6525006 0.1416866 -0.7444371 0.6524809 0.1417114 0 -0.9253904 -0.3790155 0 -0.9254445 -0.3788834 -0.3447981 -0.9236224 0.1674394 0 0.8530561 -0.5218193 0.8127546 0.1080631 0.5724967 0.812696 0.1077231 0.5726439 0.8409342 0.3134154 0.4411355 0.8409746 0.3129166 0.4414123 -0.7900935 0.3205811 0.5224751 -0.7900897 0.3206062 0.5224653 0 0.9226408 0.3856606 0 0.9225496 0.3858789 -0.5641106 0.7334334 -0.3792819 -0.563907 0.7336312 -0.3792021 -0.7953684 0.6061264 0 -0.7953323 0.6061738 0 -0.7446479 0.6674572 6.51143e-4 -0.7446372 0.6674692 6.52659e-4 -0.9737615 0.1128106 0.1976421 -0.9737648 0.1128172 0.1976221 -0.6967709 0.3744593 -0.6117931 -0.6967387 0.3746458 -0.6117154 -0.54196 0.6952737 0.4720953 -0.5419637 0.6952627 0.4721072 0.8174812 0 0.5759553 0.8174811 0 0.5759554 -0.9240657 -0.3822338 0 -0.9240199 -0.3823446 0 -0.619327 0.665578 -0.4164614 -0.6194152 0.6654698 -0.4165031 -0.7857416 0.5234432 -0.3295716 -0.7858315 0.5232712 -0.3296307 -0.7318808 0.2267526 -0.6425994 -0.7318785 0.2269124 -0.6425454 -0.7953128 0.6061993 0 -0.7953315 0.6061748 0 -0.6037359 0.5707433 0.5565564 -0.6037383 0.5706626 0.5566366 0.5254537 0 0.8508223 0.525471 0 0.8508115 0.5254525 0 0.8508229 0.5254589 0 0.850819 -0.7564511 0.3752793 0.5356748 -0.7565217 0.3749142 0.5358306 0.9990667 0 0.04319506 -0.7694694 0.3851004 -0.509524 -0.7694585 0.3851021 -0.5095391 -0.7148079 0.6070901 0.3471186 -0.7148067 0.6070949 0.3471128 0.7953591 -0.6061385 0 0.7953385 -0.6061657 0 -8.20228e-4 0.7297723 -0.6836897 -5.62341e-4 0.7298849 -0.6835698 0 -0.6040189 -0.7969701 0 -0.6040157 -0.7969725 0 -0.7938371 -0.6081305 0 -0.7938378 -0.6081296 0 0.9225558 -0.3858638 0 0.9226419 -0.3856581 0.6801177 0.379381 0.6273038 0.680104 0.3790271 0.6275324 -0.8281208 0.3858469 -0.4066178 -0.8281296 0.3858346 -0.4066118 -0.8931373 0.2277565 0.3878567 -0.8931453 0.2277232 0.3878576 0 -0.9254522 0.3788646 0 -0.9254469 0.3788777 0.9915007 0.1301012 0 0.991531 0.1298706 0 -0.9494313 0 0.313975 -0.9494315 0 0.3139742 0.01446384 0.5570137 0.8303774 0.01443976 0.5570135 0.8303779 -0.03555744 -0.5668761 0.8230353 -0.03558593 -0.5668692 0.8230389 -0.3776722 0.8553729 0.3545435 -0.3777387 0.8552864 0.3546812 -0.3768644 0.8563027 0.3531554 -0.3843208 0.8479706 0.3650255 0 -0.9909296 0.1343827 0 -0.9909051 0.1345627 -0.7882093 0.5572077 0.2612388 -0.7882017 0.5572193 0.2612374 0.4123411 0 0.9110296 0.4123366 0 0.9110316 -0.8331969 0.03708207 -0.5517319 -0.8332495 0.03686904 -0.5516666 -7.39246e-4 0.4443108 -0.8958725 -4.12522e-4 0.4448195 -0.8956202 0.6886131 0 0.725129 0.6886143 0 0.7251279 0 1 7.77135e-6 0 1 7.81703e-6 0 1 -4.7195e-6 0 1 -3.64258e-6 0 1 2.23052e-6 0 1 -2.3992e-7 0 1 -1.0637e-6 0 1 1.14103e-6 0 1 3.67196e-6 0 1 8.47928e-7 0 1 -3.05918e-5 0 1 -1.08107e-6 -0.9999997 0 8.74982e-4 -0.9999997 0 8.74992e-4 -1 0 0 -1 0 0 0 -0.7948024 0.6068683 0 -0.794775 0.6069043 0.6388576 0 0.7693251 0.6388618 0 0.7693216 0.9576406 0 0.2879664 0.9576404 0 0.2879673 0.8382273 0 -0.5453211 0.8382267 0 -0.5453219 0 0.8868291 0.4620978 0 0.886821 0.4621131 0 -0.6093101 0.7929321 0 -0.6093058 0.7929354 -0.3801532 0.5049774 0.7749074 -0.3801595 0.5049933 0.7748939 -1 2.45677e-6 0 -1 3.57859e-5 0 -1 3.67347e-6 0 -1 -7.94425e-6 0 -1 -7.22763e-6 0 -1 2.45988e-5 0 -1 -1.37396e-4 0 -1 -3.8478e-5 0 -1 6.13459e-5 0 -1 3.16891e-5 0 9.67982e-6 0 1 -0.4042869 -0.9047645 0.1339904 0 0.5620806 0.8270825 0 0.5620771 0.8270849 -0.8501183 0.3211048 -0.4173616 -0.8500576 0.3212391 -0.4173816 1.29377e-6 0 1 -5.61294e-5 0 1 7.76631e-6 0 1 3.87836e-5 0 1 -1.04544e-6 0 1 -1.99365e-5 0 1 1.6561e-5 0 1 -9.38749e-6 0 1 -6.23006e-7 0 1 2.97918e-6 0 1 -0.7770331 0.5038087 0.3773546 -0.777022 0.5038394 0.3773365 0.7953298 -0.6061772 0 0.7953152 -0.6061963 0 -0.6391206 0.2531551 0.7262489 -0.6391169 0.2530966 0.7262725 -0.6606283 0 0.7507132 -0.6606287 0 0.7507128 0.9914462 0.1305166 0 0.991508 0.130046 0 0 0.922475 0.386057 0 0.9223889 0.3862627 -0.8726215 0 -0.4883972 -0.8726228 0 -0.4883948 -0.9804088 0.1858196 0.06534296 -0.980417 0.1857725 0.06535291 -0.6219508 0.7830564 0 -0.6219354 0.7830685 0 -0.8687623 0.2227556 0.442303 -0.8687642 0.2225872 0.4423843 0.8725981 0 0.4884389 0.8725963 0 0.4884424 -0.9684408 0.1540287 -0.1959536 -0.9684281 0.1541308 -0.1959358 0.8359829 0 -0.5487556 0.8359836 0 -0.5487545 -0.7923824 0 0.6100249 -0.7923839 0 0.6100227</float_array>
          <technique_common>
            <accessor source="#Oblasna-Philharmonic_op_h_op_l_l_002-mesh-normals-array" count="2495" stride="3">
              <param name="X" type="float"/>
              <param name="Y" type="float"/>
              <param name="Z" type="float"/>
            </accessor>
          </technique_common>
        </source>
        <source id="Oblasna-Philharmonic_op_h_op_l_l_002-mesh-map-0">
          <float_array id="Oblasna-Philharmonic_op_h_op_l_l_002-mesh-map-0-array" count="28248">0.002041578 0.1863569 0.002041578 0.1421594 0.01944541 0.1428647 0.01944541 0.1428647 0.01964545 0.1382648 0.01964545 0.1863095 0.01944541 0.1428647 0.01964545 0.1863095 0.002041578 0.1863569 0.5094165 0.3125357 0.5868754 0.3125373 0.5866802 0.3127353 0.5094165 0.3125357 0.5866802 0.3127353 0.5096112 0.3127337 0.01084005 0.1157845 0.01078474 0.1234511 0.002182483 0.1233064 0.01084005 0.1157845 0.002182483 0.1233064 0.002240478 0.1156398 0.7289903 0.3261476 0.7288954 0.3214424 0.7361117 0.3236451 0.7289903 0.3261476 0.7361117 0.3236451 0.7359959 0.3282868 0.9266083 0.8639292 0.9256151 0.8639292 0.9256151 0.8409159 0.9266083 0.8639292 0.9256151 0.8409159 0.9266083 0.8409159 0.1807438 0.1000046 0.1784726 0.1006203 0.1785814 0.09009206 0.1807438 0.1000046 0.1785814 0.09009206 0.1808512 0.08964473 0.2561867 0.3860725 0.2561867 0.8819101 0.148975 0.8819101 0.1489749 0.5267328 0.1489749 0.386075 0.2561867 0.3860725 0.148975 0.8819101 0.1489749 0.5267328 0.2561867 0.3860725 0.4565168 0.8545269 0.4575101 0.8545269 0.4575101 0.8775401 0.4565168 0.8545269 0.4575101 0.8775401 0.4565168 0.8775401 0.8541283 0.9515656 0.3589168 0.9515656 0.3589222 0.9316703 0.7788537 0.9316703 0.7788589 0.9008376 0.8541389 0.9008376 0.8541283 0.9515656 0.3589222 0.9316703 0.7788537 0.9316703 0.7788537 0.9316703 0.8541389 0.9008376 0.8541283 0.9515656 0.8898229 0.138145 0.8898229 0.09470021 0.9074267 0.09465551 0.8898229 0.138145 0.9074267 0.09465551 0.9074267 0.1388555 0.6726742 0.8911852 0.6726742 0.8681496 0.6733897 0.868151 0.6726742 0.8911852 0.6733897 0.868151 0.6733897 0.8911865 0.9662872 0.7003123 0.9662871 0.1736395 0.9824954 0.1736369 0.9662872 0.7003123 0.9824954 0.1736369 0.9824955 0.7003097 0.6630563 0.8654289 0.6637704 0.8654302 0.6637704 0.8884657 0.6630563 0.8654289 0.6637704 0.8884657 0.6630563 0.8884644 0.1409921 0.768635 0.1409921 0.745593 0.1419855 0.745593 0.1409921 0.768635 0.1419855 0.745593 0.1419855 0.768635 0.4095506 0.1679691 0.4094874 0.1754741 0.4054498 0.1758003 0.4095506 0.1679691 0.4054498 0.1758003 0.4055157 0.168185 0.6545833 0.2145017 0.6543002 0.2251138 0.5696685 0.2255635 0.6545833 0.2145017 0.5696685 0.2255635 0.5699542 0.2149515 0.4898235 0.8384658 0.4898235 0.8454181 0.4853354 0.8438616 0.4898235 0.8384658 0.4853354 0.8438616 0.4853354 0.8365212 0.8643413 0.9733312 0.8641607 0.9734773 0.8641607 0.8957409 0.8643413 0.9733312 0.8641607 0.8957409 0.8643412 0.8958935 0.7975754 0.1365648 0.7973479 0.1367934 0.7973465 0.1164289 0.7975754 0.1365648 0.7973465 0.1164289 0.7975741 0.1164276 0.02672213 0.8844882 0.02672213 0.9075264 0.02600795 0.9075251 0.02672213 0.8844882 0.02600795 0.9075251 0.02600795 0.8844882 0.1991447 0.1763492 0.1991447 0.1962152 0.1957569 0.1962152 0.1991447 0.1763492 0.1957569 0.1962152 0.1957569 0.1763492 0.07203853 0.9146472 0.05283892 0.9146472 0.05283963 0.9144509 0.07203853 0.9146472 0.05283963 0.9144509 0.07188987 0.9144509 0.9069661 0.6982604 0.9024989 0.6968526 0.9024989 0.6893836 0.9069661 0.6982604 0.9024989 0.6893836 0.9069661 0.6911881 0.9164415 0.8612301 0.9154483 0.8612301 0.9154483 0.8381879 0.9164415 0.8612301 0.9154483 0.8381879 0.9164415 0.8381879 0.3918797 0.1879917 0.3920641 0.194094 0.3873835 0.1955308 0.3918797 0.1879917 0.3873835 0.1955308 0.3871964 0.1892995 0.8272661 0.06745475 0.8272661 0.06844282 0.8265511 0.06844484 0.8272661 0.06745475 0.8265511 0.06844484 0.8265511 0.06745672 0.9391309 0.8654289 0.9391309 0.8884645 0.9384154 0.8884631 0.9391309 0.8654289 0.9384154 0.8884631 0.9384154 0.8654276 0.6289225 0.85725 0.6289225 0.8582432 0.6059094 0.8582432 0.6289225 0.85725 0.6059094 0.8582432 0.6059094 0.85725 0.7410575 0.396563 0.7606398 0.3966137 0.7606424 0.3968564 0.7410575 0.396563 0.7606424 0.3968564 0.740817 0.396805 0.3389973 0.8545387 0.3399905 0.8545387 0.3399905 0.8775518 0.3389973 0.8545387 0.3399905 0.8775518 0.3389973 0.8775518 0.5589599 0.8429172 0.5519244 0.8429357 0.5519244 0.8218684 0.5589599 0.8429172 0.5519244 0.8218684 0.5589599 0.82185 0.9620732 0.3973655 0.7960013 0.3973655 0.7960217 0.3887949 0.9620732 0.3973655 0.7960217 0.3887949 0.9620935 0.3887949 0.8821756 0.751635 0.8821756 0.5930702 0.8984043 0.5930702 0.8821756 0.751635 0.8984043 0.5930702 0.8984043 0.751635 0.2606903 0.8381893 0.2673504 0.8381893 0.2670373 0.842941 0.2606903 0.8381893 0.2670373 0.842941 0.2603666 0.842941 0.5648896 0.3179855 0.5802467 0.3179855 0.5802308 0.3271492 0.5648896 0.3179855 0.5802308 0.3271492 0.5648738 0.3271492 0.4086646 0.1910076 0.4086646 0.1900194 0.4093789 0.1900175 0.4086646 0.1910076 0.4093789 0.1900175 0.4093789 0.1910057 0.3138876 0.8253936 0.2852287 0.8071255 0.2867795 0.8059368 0.3138961 0.8222701 0.33472 0.8063105 0.3362621 0.8082455 0.3138876 0.8253936 0.2867795 0.8059368 0.3138961 0.8222701 0.3138876 0.8253936 0.3138961 0.8222701 0.3362621 0.8082455 0.5628141 0.3067812 0.5628252 0.2990776 0.5834712 0.2989436 0.5628141 0.3067812 0.5834712 0.2989436 0.5834601 0.3066472 0.2220394 0.3049712 0.2220394 0.3246204 0.2217958 0.324621 0.2220394 0.3049712 0.2217958 0.324621 0.2217958 0.3047273 0.9068496 0.5932314 0.9068496 0.6018519 0.9024878 0.6026086 0.9068496 0.5932314 0.9024878 0.6026086 0.9024878 0.5935702 0.6725609 0.2268009 0.6963058 0.226806 0.6961899 0.2289016 0.6725609 0.2268009 0.6961899 0.2289016 0.6727299 0.2288977 0.6546848 0.8938031 0.6546848 0.9143342 0.6544963 0.9143348 0.6546848 0.8938031 0.6544963 0.9143348 0.6544963 0.8936544 0.3114203 0.8436414 0.3124135 0.8436414 0.3124135 0.8666545 0.3114203 0.8436414 0.3124135 0.8666545 0.3114203 0.8666545 0.601819 0.840915 0.601819 0.8639597 0.6008254 0.8639597 0.601819 0.840915 0.6008254 0.8639597 0.6008254 0.840915 0.07631903 0.3963822 0.002412736 0.03297954 0.152241 0.002410471 0.07631903 0.3963822 0.152241 0.002410471 0.2191268 0.331298 0.5987606 0.3092007 0.5942977 0.2993314 0.5918162 0.2912049 0.5918162 0.2912049 0.07631903 0.3963822 0.2191268 0.331298 0.7049374 0.2321771 0.7366383 0.388048 0.6957893 0.3963821 0.6864477 0.3504501 0.6783797 0.3520966 0.6678435 0.3524518 0.7049374 0.2321771 0.6957893 0.3963821 0.6864477 0.3504501 0.5918162 0.2912049 0.2191268 0.331298 0.7049374 0.2321771 0.6112467 0.3267524 0.5987606 0.3092007 0.5918162 0.2912049 0.6371071 0.3454309 0.6190541 0.3341272 0.6112467 0.3267524 0.6678435 0.3524518 0.6470407 0.3491607 0.6371071 0.3454309 0.7049374 0.2321771 0.6864477 0.3504501 0.6678435 0.3524518 0.6112467 0.3267524 0.5918162 0.2912049 0.7049374 0.2321771 0.6678435 0.3524518 0.6371071 0.3454309 0.6112467 0.3267524 0.7049374 0.2321771 0.6678435 0.3524518 0.6112467 0.3267524 0.642591 0.8816155 0.642591 0.8654323 0.642591 0.8745706 0.00207597 0.9580367 0.5063737 0.9580366 0.5067448 0.9854483 0.00207597 0.9580367 0.5067448 0.9854483 0.002446949 0.9854484 0.01068454 0.1304457 0.002082347 0.1302995 0.002182483 0.1233064 0.01068454 0.1304457 0.002182483 0.1233064 0.01078474 0.1234511 0.9621412 0.3693557 0.9536675 0.3692371 0.9536022 0.3644922 0.9621412 0.3693557 0.9536022 0.3644922 0.9621571 0.3646118 0.2994891 0.8463626 0.2994891 0.8693758 0.2984958 0.8693758 0.2994891 0.8463626 0.2984958 0.8693758 0.2984958 0.8463626 0.55862 0.2509133 0.5591538 0.2444322 0.5639276 0.2447416 0.55862 0.2509133 0.5639276 0.2447416 0.563391 0.2512518 0.2604636 0.7823984 0.2604636 0.7079619 0.2606917 0.7080593 0.2604636 0.7823984 0.2606917 0.7080593 0.2606917 0.7823076 0.8687239 0.01394444 0.8660522 0.01394277 0.8660522 0.007561981 0.8687239 0.01394444 0.8660522 0.007561981 0.8687239 0.007661283 0.4619455 0.8055152 0.4622023 0.8101394 0.452268 0.8101326 0.4619455 0.8055152 0.452268 0.8101326 0.4518598 0.8055071 0.03161406 0.02305895 0.03038388 0.02519375 0.02133309 0.02519375 0.03161406 0.02305895 0.02133309 0.02519375 0.0220173 0.02305895 0.8715976 0.8938046 0.8715976 0.8708769 0.8723132 0.8708756 0.8715976 0.8938046 0.8723132 0.8708756 0.8723132 0.8938018 0.5239297 0.2495046 0.5238377 0.2144882 0.5496546 0.2144882 0.5497441 0.2495046 0.5545517 0.2495046 0.5545517 0.2496954 0.5239297 0.2495046 0.5496546 0.2144882 0.5497441 0.2495046 0.397408 0.2144882 0.5190327 0.2144882 0.5191222 0.2495046 0.5239297 0.2495046 0.5497441 0.2495046 0.5545517 0.2496954 0.3974975 0.2495046 0.397408 0.2144882 0.5191222 0.2495046 0.5191222 0.2495046 0.5239297 0.2495046 0.5545517 0.2496954 0.5545517 0.2496954 0.3620731 0.2496954 0.3620731 0.2495046 0.3668755 0.2495046 0.3667834 0.2144882 0.3926003 0.2144882 0.5545517 0.2496954 0.3620731 0.2495046 0.3668755 0.2495046 0.3974975 0.2495046 0.5191222 0.2495046 0.5545517 0.2496954 0.3668755 0.2495046 0.3926003 0.2144882 0.3926898 0.2495046 0.3926898 0.2495046 0.3974975 0.2495046 0.5545517 0.2496954 0.5545517 0.2496954 0.3668755 0.2495046 0.3926898 0.2495046 0.4999846 0.8409096 0.4999846 0.8639517 0.4989915 0.8639517 0.4999846 0.8409096 0.4989915 0.8639517 0.4989915 0.8409096 0.3069014 0.8055016 0.3175877 0.8055016 0.3174587 0.810264 0.3069014 0.8055016 0.3174587 0.810264 0.3067961 0.810264 0.8012164 0.2146637 0.8012164 0.3144897 0.7261024 0.3143113 0.8012164 0.2146637 0.7261024 0.3143113 0.7261024 0.2144854 0.8684238 0.9179769 0.8684238 0.8981143 0.8686676 0.8981149 0.8684238 0.9179769 0.8686676 0.8981149 0.8686676 0.918221 0.33481 0.3050453 0.314004 0.3050453 0.314004 0.3047989 0.33481 0.3050453 0.314004 0.3047989 0.3347784 0.3047989 0.8863146 0.8654283 0.8863146 0.8884638 0.8856004 0.8884625 0.8863146 0.8654283 0.8856004 0.8884625 0.8856004 0.865427 0.3167269 0.8740105 0.2975268 0.8740105 0.2975268 0.8738207 0.3167269 0.8740105 0.2975268 0.8738207 0.316577 0.8738207 0.8252519 0.3806255 0.8482967 0.3806255 0.8482967 0.3816185 0.8252519 0.3806255 0.8482967 0.3816185 0.8252519 0.3816185 0.05461448 0.316349 0.05400139 0.3247368 0.0521745 0.3329441 0.0521745 0.3329441 0.04917281 0.3408017 0.04505985 0.3481407 0.04505985 0.3481407 0.03992325 0.3548035 0.03387147 0.3606505 0.03387147 0.3606505 0.03387147 0.2720476 0.03992325 0.2778974 0.03992325 0.2778974 0.04505985 0.2845588 0.04917281 0.2918979 0.04917281 0.2918979 0.0521745 0.299754 0.05400139 0.3079627 0.05400139 0.3079627 0.05461448 0.316349 0.0521745 0.3329441 0.0521745 0.3329441 0.04505985 0.3481407 0.03387147 0.3606505 0.03387147 0.3606505 0.03992325 0.2778974 0.04917281 0.2918979 0.04917281 0.2918979 0.05400139 0.3079627 0.0521745 0.3329441 0.0521745 0.3329441 0.03387147 0.3606505 0.04917281 0.2918979 0.3654789 0.4273507 0.3203407 0.4273508 0.3203394 0.4187485 0.3654789 0.4273507 0.3203394 0.4187485 0.3654763 0.4187484 0.4719792 0.8693802 0.470986 0.8693802 0.470986 0.846367 0.4719792 0.8693802 0.470986 0.846367 0.4719792 0.846367 0.4320678 0.8518106 0.4320678 0.8748462 0.4313536 0.8748449 0.4320678 0.8518106 0.4313536 0.8748449 0.4313536 0.8518093 0.3871964 0.1717584 0.3874256 0.1621668 0.392101 0.1617905 0.3871964 0.1717584 0.392101 0.1617905 0.3918797 0.1710558 0.5537847 0.237266 0.5537847 0.2362779 0.554499 0.2362759 0.5537847 0.237266 0.554499 0.2362759 0.554499 0.237264 0.5650575 0.3315942 0.5772621 0.3315945 0.5770753 0.3333396 0.5650575 0.3315942 0.5770753 0.3333396 0.5652023 0.3333396 0.9062119 0.3047354 0.9062119 0.3821954 0.9060136 0.3819994 0.9062119 0.3047354 0.9060136 0.3819994 0.9060136 0.3049302 0.5815793 0.3328874 0.5815793 0.3373529 0.5815793 0.3315981 0.9480295 0.8885079 0.9480295 0.8654724 0.9487451 0.8654736 0.9480295 0.8885079 0.9487451 0.8654736 0.9487451 0.8885092 0.8877339 0.8899851 0.8877339 0.9129127 0.8870184 0.912914 0.8877339 0.8899851 0.8870184 0.912914 0.8870184 0.8899876 0.38712 0.1808579 0.3871964 0.1717584 0.3918797 0.1710558 0.38712 0.1808579 0.3918797 0.1710558 0.3918058 0.1798396 0.05206358 0.3702563 0.05198192 0.3746761 0.04307985 0.3745574 0.05206358 0.3702563 0.04307985 0.3745574 0.04363763 0.3701457 0.3848941 0.2675218 0.3839741 0.2692336 0.3747743 0.2627182 0.3848941 0.2675218 0.3747743 0.2627182 0.3759639 0.261195 0.2171145 0.2993221 0.2171145 0.1463991 0.3579906 0.1463991 0.2171145 0.2993221 0.3579906 0.1463991 0.3579907 0.2993274 0.9739518 0.1536302 0.9739518 0.002213835 0.9824919 0.002920389 0.9739518 0.1536302 0.9824919 0.002920389 0.9824919 0.1543381 0.9956994 0.8815665 0.9865806 0.8815441 0.9865806 0.5113546 0.9956994 0.8815665 0.9865806 0.5113546 0.9956994 0.5113769 0.9865851 0.002127468 0.9979546 0.002563178 0.9979546 0.5063652 0.9865851 0.002127468 0.9979546 0.5063652 0.9865851 0.5059296 0.05606603 0.87905 0.05678153 0.87905 0.05678153 0.9020882 0.05606603 0.87905 0.05678153 0.9020882 0.05606603 0.9020869 0.8667916 0.893808 0.8667916 0.870879 0.8675071 0.8708777 0.8667916 0.893808 0.8675071 0.8708777 0.8675071 0.8938053 0.4489871 0.8132693 0.451497 0.816683 0.4447473 0.819747 0.4489871 0.8132693 0.4447473 0.819747 0.4418016 0.816533 0.3791542 0.1778013 0.3814445 0.1872941 0.3766637 0.1878929 0.3791542 0.1778013 0.3766637 0.1878929 0.3744209 0.178584 0.7829155 0.37324 0.7831104 0.3730477 0.7831104 0.39244 0.7829155 0.37324 0.7831104 0.39244 0.7829155 0.3924373 0.9299307 0.7807438 0.9298543 0.7698112 0.9346429 0.7698211 0.9299307 0.7807438 0.9346429 0.7698211 0.9347193 0.7806842 0.8774199 0.6247057 0.8781539 0.6357452 0.8384848 0.593096 0.437855 0.3340759 0.4153562 0.3340759 0.4157036 0.3315947 0.437855 0.3340759 0.4157036 0.3315947 0.4380155 0.3315947 0.3773128 0.8273025 0.3775177 0.8319753 0.3678067 0.8319753 0.3773128 0.8273025 0.3678067 0.8319753 0.3676633 0.8273025 0.1994303 0.1561461 0.1994303 0.1638404 0.1908282 0.1639114 0.1994303 0.1561461 0.1908282 0.1639114 0.1908254 0.156217 0.1346267 0.002761542 0.1346267 0.0020473 0.1356185 0.0020473 0.1346267 0.002761542 0.1356185 0.0020473 0.1356185 0.002761542 0.06050515 0.3702563 0.05206358 0.3702563 0.05201089 0.3662346 0.06050515 0.3702563 0.05201089 0.3662346 0.06032621 0.3662346 0.2645261 0.6939155 0.2645261 0.7011927 0.2602725 0.7015967 0.2645261 0.6939155 0.2602725 0.7015967 0.2602725 0.694088 0.2883674 0.8720941 0.2873741 0.8720941 0.2873741 0.8490809 0.2883674 0.8720941 0.2873741 0.8490809 0.2883674 0.8490809 0.1328635 0.3915821 0.1326869 0.4006983 0.124262 0.400635 0.1328635 0.3915821 0.124262 0.400635 0.1244387 0.3915188 0.925092 0.7698822 0.9251658 0.7592605 0.9299307 0.7592121 0.925092 0.7698822 0.9299307 0.7592121 0.9298543 0.7698112 0.06657254 0.0147165 0.06407254 0.0147165 0.06408226 0.01293885 0.06657254 0.0147165 0.06408226 0.01293885 0.06731098 0.01293885 0.9729363 0.7049219 0.9729363 0.8698219 0.9662843 0.8704237 0.9729363 0.7049219 0.9662843 0.8704237 0.9662843 0.7055245 0.8728039 0.01093441 0.8728039 0.01021891 0.8737956 0.01021891 0.8728039 0.01093441 0.8737956 0.01021891 0.8737956 0.01093441 0.6525518 0.8545284 0.6535452 0.8545284 0.6535452 0.8775705 0.6525518 0.8545284 0.6535452 0.8775705 0.6525518 0.8775705 0.4418016 0.816533 0.4350124 0.8196787 0.4317392 0.816488 0.4418016 0.816533 0.4317392 0.816488 0.4389089 0.8131663 0.004342198 0.006670296 0.01235222 0.007057726 0.01108396 0.01170408 0.004342198 0.006670296 0.01108396 0.01170408 0.002789735 0.01130348 0.1007891 0.002045691 0.1206549 0.002045691 0.1206555 0.005429685 0.1007891 0.002045691 0.1206555 0.005429685 0.1007899 0.005429685 0.4136153 0.8004864 0.4136153 0.7918842 0.4951845 0.7918842 0.4136153 0.8004864 0.4951845 0.7918842 0.4951845 0.8004864 0.413571 0.8572602 0.4142853 0.8572602 0.4142853 0.8802983 0.413571 0.8572602 0.4142853 0.8802983 0.413571 0.880297 0.7653238 0.3211821 0.7650985 0.3209546 0.7847481 0.3209546 0.7653238 0.3211821 0.7847481 0.3209546 0.7847461 0.3211821 0.5934123 0.3135195 0.5934123 0.3125312 0.5941278 0.3125293 0.5934123 0.3135195 0.5941278 0.3125293 0.5941278 0.3135175 0.2222662 0.3051965 0.2974529 0.3051987 0.2972588 0.3053914 0.2222662 0.3051965 0.2972588 0.3053914 0.2224616 0.3053895 0.9621571 0.3646118 0.9536022 0.3644922 0.953579 0.3597285 0.9621571 0.3646118 0.953579 0.3597285 0.9621919 0.3598485 0.9024919 0.6605384 0.9067904 0.659175 0.9067904 0.667611 0.9024919 0.6605384 0.9067904 0.667611 0.9024919 0.6686367 0.3643414 0.2578048 0.3660336 0.2570239 0.3736452 0.2641722 0.3643414 0.2578048 0.3736452 0.2641722 0.3725832 0.2655442 0.115328 0.9037876 0.09455358 0.9037876 0.09455358 0.9035596 0.115328 0.9037876 0.09455358 0.9035596 0.115234 0.9035596 0.6754085 0.863022 0.670575 0.8630062 0.670575 0.8136788 0.6754085 0.863022 0.670575 0.8136788 0.6754085 0.8136946 0.3697026 0.2090319 0.3704181 0.2090319 0.3704181 0.2100237 0.3697026 0.2090319 0.3704181 0.2100237 0.3697026 0.2100237 0.4044193 0.8648355 0.3995857 0.8648355 0.3995857 0.8136752 0.4044193 0.8648355 0.3995857 0.8136752 0.4044193 0.8136752 0.4859114 0.8490881 0.4859114 0.8721012 0.4849182 0.8721012 0.4859114 0.8490881 0.4849182 0.8721012 0.4849182 0.8490881 0.6059052 0.8528041 0.6059052 0.8518108 0.6289184 0.8518108 0.6059052 0.8528041 0.6289184 0.8518108 0.6289184 0.8528041 0.6721739 0.2197145 0.6722816 0.2221903 0.6593394 0.2224507 0.6721739 0.2197145 0.6593394 0.2224507 0.659048 0.2199792 0.797462 0.3283734 0.7974514 0.3362464 0.7888386 0.3361948 0.797462 0.3283734 0.7888386 0.3361948 0.7888519 0.3283219 0.02978318 0.190057 0.02978318 0.3572409 0.00895226 0.3581587 0.02978318 0.190057 0.00895226 0.3581587 0.00895226 0.1909748 0.3184567 0.8325971 0.3113358 0.8343979 0.311231 0.8297417 0.3184567 0.8325971 0.311231 0.8297417 0.3185651 0.8278881 0.2832007 0.8661435 0.2602717 0.8661435 0.2602704 0.8654286 0.2832007 0.8661435 0.2602704 0.8654286 0.2831981 0.8654286 0.4416679 0.830912 0.4416679 0.8396615 0.4372956 0.8387826 0.4416679 0.830912 0.4372956 0.8387826 0.4372956 0.8303857 0.5096112 0.3127337 0.5096114 0.3330981 0.5094166 0.3330958 0.5096112 0.3127337 0.5094166 0.3330958 0.5094165 0.3125357 0.1632014 0.01456576 0.1588914 0.01456576 0.1583949 0.01225012 0.1632014 0.01456576 0.1583949 0.01225012 0.1632063 0.01224881 0.1632136 0.007291138 0.1576293 0.007291138 0.1573671 0.004692614 0.1632136 0.007291138 0.1573671 0.004692614 0.1632159 0.004692614 0.18096 0.03572243 0.1802431 0.03572243 0.1802431 0.03473067 0.18096 0.03572243 0.1802431 0.03473067 0.18096 0.03473067 0.4321221 0.846141 0.4235673 0.8466673 0.4235673 0.8252343 0.4321221 0.846141 0.4235673 0.8252343 0.4321221 0.824708 0.9500313 0.7592014 0.9500313 0.8610615 0.9414185 0.8610615 0.9500313 0.7592014 0.9414185 0.8610615 0.9414185 0.7592014 0.6045646 0.8151217 0.6111584 0.8149856 0.6114163 0.8197867 0.6045646 0.8151217 0.6114163 0.8197867 0.6047785 0.8199231 0.01084268 0.1083744 0.01084005 0.1157845 0.002240478 0.1156398 0.01084268 0.1083744 0.002240478 0.1156398 0.002240478 0.1082296 0.5162641 0.8459138 0.5076934 0.8458935 0.5076934 0.8164005 0.5162641 0.8459138 0.5076934 0.8164005 0.5162641 0.8164207 0.0137943 0.002477228 0.02212011 0.00273019 0.02102816 0.007318615 0.0137943 0.002477228 0.02102816 0.007318615 0.01235222 0.007057726 0.8812749 0.9381443 0.8812749 0.8637084 0.8815054 0.8638058 0.8812749 0.9381443 0.8815054 0.8638058 0.8815054 0.9380542 0.9024997 0.673219 0.9066928 0.6724562 0.9066928 0.6806102 0.9024997 0.673219 0.9066928 0.6806102 0.9024997 0.6817682 0.2602722 0.8609675 0.2602722 0.8599745 0.283288 0.8599745 0.2602722 0.8609675 0.283288 0.8599745 0.283288 0.8609675 0.3229896 0.8245789 0.3239828 0.8245789 0.3239828 0.847621 0.3229896 0.8245789 0.3239828 0.847621 0.3229896 0.847621 0.2633459 0.3756684 0.2437444 0.3755972 0.2440811 0.3670002 0.2633459 0.3756684 0.2440811 0.3670002 0.2636802 0.3670713 0.334914 0.8191441 0.3349167 0.8191441 0.3349167 0.8684715 0.3349167 0.8684715 0.3300858 0.8684558 0.3300858 0.8191283 0.3349167 0.8684715 0.3300858 0.8191283 0.334914 0.8191441 0.260268 0.5922814 0.260268 0.4090563 0.2623738 0.4100615 0.260268 0.5922814 0.2623738 0.4100615 0.2623738 0.5922669 0.3872761 0.1549669 0.3872971 0.1463963 0.4096221 0.1463963 0.3872761 0.1549669 0.4096221 0.1463963 0.4096037 0.1549669 0.07554072 0.9092359 0.05476689 0.9092359 0.05476558 0.9090119 0.07554072 0.9092359 0.05476558 0.9090119 0.07544732 0.9090119 0.8523823 0.3843482 0.8523823 0.3833549 0.8754243 0.3833549 0.8523823 0.3843482 0.8754243 0.3833549 0.8754243 0.3843482 0.6098507 0.8476176 0.6088575 0.8476176 0.6088575 0.8245754 0.6098507 0.8476176 0.6088575 0.8245754 0.6098507 0.8245754 0.5223053 0.260578 0.5144183 0.2623484 0.5131644 0.2579039 0.5223053 0.260578 0.5131644 0.2579039 0.5211971 0.2561019 0.6330098 0.8518112 0.6340031 0.8518112 0.6340031 0.8748244 0.6330098 0.8518112 0.6340031 0.8748244 0.6330098 0.8748244 0.8637605 0.002037346 0.7797587 0.1352614 0.7797587 0.126111 0.7797587 0.126111 0.6957582 0.126111 0.6957569 0.002037346 0.8637605 0.002037346 0.7797587 0.126111 0.6957569 0.002037346 0.7594081 0.3603504 0.7581129 0.3602681 0.7580363 0.3492003 0.7594081 0.3603504 0.7580363 0.3492003 0.7593317 0.3492826 0.03840112 0.01837897 0.04445081 0.01837897 0.04417973 0.02229785 0.03840112 0.01837897 0.04417973 0.02229785 0.03804063 0.02229785 0.552342 0.8148894 0.5323582 0.7949876 0.5345798 0.7927477 0.5531783 0.8112702 0.5874524 0.7923802 0.5888376 0.7937595 0.552342 0.8148894 0.5345798 0.7927477 0.5531783 0.8112702 0.552342 0.8148894 0.5531783 0.8112702 0.5888376 0.7937595 0.2222662 0.3051965 0.2222662 0.3246188 0.2220394 0.3246204 0.2222662 0.3051965 0.2220394 0.3246204 0.2220394 0.3049712 0.591448 0.3077976 0.591448 0.3070824 0.5924397 0.3070824 0.591448 0.3077976 0.5924397 0.3070824 0.5924397 0.3077976 0.167091 0.05392563 0.167091 0.05392563 0.167091 0.05392563 0.9102762 0.8938074 0.9102762 0.8708797 0.910991 0.8708784 0.9102762 0.8938074 0.910991 0.8708784 0.910991 0.8938047 0.3569927 0.8409172 0.3569927 0.8639593 0.3559995 0.8639593 0.3569927 0.8409172 0.3559995 0.8639593 0.3559995 0.8409172 0.0219264 0.9075748 0.02121222 0.9075735 0.02121222 0.8845379 0.0219264 0.9075748 0.02121222 0.8845379 0.0219264 0.8845393 0.3045625 0.8693724 0.3035692 0.8693724 0.3035692 0.8463592 0.3045625 0.8693724 0.3035692 0.8463592 0.3045625 0.8463592 0.3759211 0.4322175 0.3759211 0.3397675 0.6227533 0.3398194 0.6227533 0.3398194 0.6227533 0.7869994 0.268712 0.7869251 0.268712 0.7869251 0.2687119 0.4321945 0.3759211 0.4322175 0.3759211 0.4322175 0.6227533 0.3398194 0.268712 0.7869251 0.9536675 0.3692371 0.9431552 0.3691627 0.9429305 0.3644173 0.9536675 0.3692371 0.9429305 0.3644173 0.9536022 0.3644922 0.1994303 0.1638404 0.1993802 0.171311 0.1907753 0.171382 0.1994303 0.1638404 0.1907753 0.171382 0.1908282 0.1639114 0.2812215 0.3590546 0.3007737 0.3590546 0.3007771 0.3592971 0.2812215 0.3590546 0.3007771 0.3592971 0.280982 0.3592971 0.5538098 0.2427132 0.5538098 0.2417252 0.5545254 0.2417232 0.5538098 0.2427132 0.5545254 0.2417232 0.5545254 0.2427113 0.9679763 0.8763201 0.9679763 0.8992465 0.9672608 0.899249 0.9679763 0.8763201 0.9672608 0.899249 0.9672608 0.8763214 0.3143013 0.8817651 0.3373368 0.8817651 0.3373355 0.8824796 0.3143013 0.8817651 0.3373355 0.8824796 0.3143 0.8824796 0.7340121 0.397449 0.7150556 0.397449 0.7150556 0.3972079 0.7340121 0.397449 0.7150556 0.3972079 0.7339798 0.3972079 0.7453718 0.326149 0.7539425 0.3261701 0.7539425 0.3905375 0.7453718 0.326149 0.7539425 0.3905375 0.7453718 0.390519 0.3162615 0.4261849 0.2691231 0.4260744 0.2691231 0.3615623 0.3162615 0.4261849 0.2691231 0.3615623 0.3162615 0.3616754 0.6004375 0.2503306 0.5730022 0.2503281 0.5730022 0.2417151 0.6004375 0.2503306 0.5730022 0.2417151 0.6004375 0.2417151 0.4657986 0.2771739 0.4657986 0.278162 0.4650844 0.278164 0.4657986 0.2771739 0.4650844 0.278164 0.4650844 0.2771759 0.7168475 0.2662376 0.7168475 0.2672293 0.7161307 0.2672293 0.7168475 0.2662376 0.7161307 0.2672293 0.7161307 0.2662376 0.1852389 0.002049207 0.6916603 0.002156019 0.6916603 0.1357983 0.1852389 0.002049207 0.6916603 0.1357983 0.1852389 0.1427475 0.316503 0.8436339 0.3174962 0.8436339 0.3174962 0.8666471 0.316503 0.8436339 0.3174962 0.8666471 0.316503 0.8666471 0.7782331 0.3803092 0.7696229 0.3803645 0.7696045 0.375249 0.7782331 0.3803092 0.7696045 0.375249 0.7782146 0.3751965 0.360326 0.8227844 0.3560078 0.8220349 0.3560078 0.8140401 0.360326 0.8227844 0.3560078 0.8140401 0.360326 0.8152758 0.2254287 0.3751841 0.2254287 0.3761771 0.202384 0.3761771 0.2254287 0.3751841 0.202384 0.3761771 0.202384 0.3751841 0.3450744 0.8775457 0.3440815 0.8775457 0.3440815 0.8545298 0.3450744 0.8775457 0.3440815 0.8545298 0.3450744 0.8545298 0.6720846 0.2171526 0.6721739 0.2197145 0.659048 0.2199792 0.6720846 0.2171526 0.659048 0.2199792 0.6588123 0.2174225 0.6639599 0.2347121 0.6633903 0.2283371 0.6682197 0.2282673 0.6639599 0.2347121 0.6682197 0.2282673 0.6687915 0.2347017 0.1369061 0.8981782 0.07247364 0.8981177 0.07247358 0.4024168 0.1369061 0.8981782 0.07247358 0.4024168 0.1369061 0.40248 0.3718697 0.1883257 0.373762 0.1968185 0.3689153 0.196837 0.3718697 0.1883257 0.3689153 0.196837 0.3670757 0.1885914 0.6308171 0.2424326 0.629829 0.2424326 0.629827 0.2417171 0.6308171 0.2424326 0.629827 0.2417171 0.6308151 0.2417171 0.03700393 0.3771373 0.02701038 0.3771373 0.02700835 0.3751812 0.03700393 0.3771373 0.02700835 0.3751812 0.0370025 0.3751812 0.6655187 0.8332042 0.6616287 0.8337697 0.6616129 0.8269921 0.6655187 0.8332042 0.6616129 0.8269921 0.6655055 0.826528 0.6268441 0.3860706 0.6719811 0.3860706 0.6719811 0.3946835 0.6268441 0.3860706 0.6719811 0.3946835 0.6268441 0.3946835 0.1643545 0.03744834 0.1643545 0.0384404 0.163639 0.0384404 0.1643545 0.03744834 0.163639 0.0384404 0.163639 0.03744834 0.6776736 0.8665265 0.6776736 0.8872075 0.677472 0.8872069 0.6776736 0.8665265 0.677472 0.8872069 0.677472 0.8666753 0.006105303 0.002108216 0.0137943 0.002477228 0.01235222 0.007057726 0.006105303 0.002108216 0.01235222 0.007057726 0.004342198 0.006670296 0.4026221 0.289008 0.4026221 0.2880199 0.403337 0.288018 0.4026221 0.289008 0.403337 0.288018 0.403337 0.2890061 0.03387069 0.2263644 0.03387069 0.2253763 0.03458547 0.2253743 0.03387069 0.2263644 0.03458547 0.2253743 0.03458547 0.2263625 0.8262267 0.59381 0.8343994 0.5941546 0.8343994 0.8758071 0.8262267 0.59381 0.8343994 0.8758071 0.8262268 0.8754624 0.834187 0.8906534 0.8112594 0.8906534 0.8112581 0.8899385 0.834187 0.8906534 0.8112581 0.8899385 0.8341844 0.8899385 0.07325845 0.01064276 0.07295447 0.00207746 0.08039885 0.002206563 0.07325845 0.01064276 0.08039885 0.002206563 0.08070141 0.01077187 0.6173681 0.7947906 0.6681871 0.7595426 0.6682713 0.7945659 0.6173681 0.7947906 0.6682713 0.7945659 0.6682718 0.7947894 0.7211062 0.2147303 0.7012804 0.2147291 0.7012826 0.2144846 0.7211062 0.2147303 0.7012826 0.2144846 0.7213515 0.2144858 0.3665878 0.2718404 0.3726276 0.2717193 0.3726276 0.2803162 0.3665878 0.2718404 0.3726276 0.2803162 0.3665878 0.2804372 0.002310752 0.3714094 0.002476572 0.3642805 0.02312278 0.3642805 0.002310752 0.3714094 0.02312278 0.3642805 0.02295958 0.3714094 0.5357754 0.3073363 0.5547316 0.3073363 0.5547323 0.3075643 0.5357754 0.3073363 0.5547323 0.3075643 0.5356821 0.3075643 0.1738119 0.04751181 0.1732037 0.02468681 0.1758695 0.02469599 0.1738119 0.04751181 0.1758695 0.02469599 0.1764757 0.04744338 0.360326 0.8152758 0.3560078 0.8140401 0.3561235 0.8064361 0.360326 0.8152758 0.3561235 0.8064361 0.3604339 0.8081343 0.3620694 0.2352927 0.3620694 0.214486 0.3623145 0.214486 0.3620694 0.2352927 0.3623145 0.214486 0.3623145 0.2352605 0.6616129 0.8269921 0.6616287 0.8337697 0.6575384 0.8358104 0.6616129 0.8269921 0.6575384 0.8358104 0.6575252 0.8286523 0.6494818 0.8817653 0.6501974 0.8817666 0.6501974 0.9048022 0.6494818 0.8817653 0.6501974 0.9048022 0.6494818 0.9048008 0.3668728 0.1507344 0.3691894 0.1588182 0.3645747 0.1599535 0.3668728 0.1507344 0.3645747 0.1599535 0.362295 0.1519922 0.3698922 0.4124252 0.3225299 0.4124699 0.3225299 0.3479946 0.3698922 0.4124252 0.3225299 0.3479946 0.3698922 0.3479498 0.1808512 0.1098146 0.1785846 0.1109329 0.1784726 0.1006203 0.1808512 0.1098146 0.1784726 0.1006203 0.1807438 0.1000046 0.006725728 0.01892256 0.006725728 0.0269379 0.002042472 0.0266537 0.006725728 0.01892256 0.002042472 0.0266537 0.002042472 0.01855152 0.6047791 0.8247075 0.5953856 0.8247061 0.5954481 0.8199202 0.6047791 0.8247075 0.5954481 0.8199202 0.6047785 0.8199231 0.06050515 0.3702563 0.06089723 0.3746761 0.05198192 0.3746761 0.06050515 0.3702563 0.05198192 0.3746761 0.05206358 0.3702563 0.9102942 0.375172 0.9609445 0.375172 0.960946 0.3837743 0.9102942 0.375172 0.960946 0.3837743 0.9102962 0.3837743 0.3181216 0.8372987 0.3112459 0.8390372 0.3113358 0.8343979 0.3181216 0.8372987 0.3113358 0.8343979 0.3184567 0.8325971 0.9101771 0.9178538 0.9099333 0.9180973 0.9099333 0.8982343 0.9101771 0.9178538 0.9099333 0.8982343 0.9101771 0.898235 0.033872 0.2154713 0.033872 0.2144833 0.03458762 0.2144812 0.033872 0.2154713 0.03458762 0.2144812 0.03458762 0.2154694 0.4873255 0.2562536 0.4873256 0.2553738 0.4891202 0.2553974 0.4873255 0.2562536 0.4891202 0.2553974 0.4891186 0.2571142 0.5289646 0.8345775 0.5203518 0.8345288 0.5203588 0.8294633 0.5289646 0.8345775 0.5203588 0.8294633 0.5289716 0.829512 0.5519214 0.8490816 0.5529147 0.8490816 0.5529147 0.8720948 0.5519214 0.8490816 0.5529147 0.8720948 0.5519214 0.8720948 0.01068454 0.09483307 0.01078999 0.1013498 0.002190351 0.1012038 0.01068454 0.09483307 0.002190351 0.1012038 0.002082347 0.09468835 0.4055885 0.2091579 0.4017065 0.2093962 0.4017321 0.2021673 0.4055885 0.2091579 0.4017321 0.2021673 0.4056142 0.2020179 0.5057571 0.2699515 0.5057571 0.2689633 0.5064713 0.2689613 0.5057571 0.2699515 0.5064713 0.2689613 0.5064713 0.26995 0.4489871 0.8132693 0.4418016 0.816533 0.4389089 0.8131663 0.4489871 0.8132693 0.4389089 0.8131663 0.4464988 0.8097186 0.04947125 0.007318615 0.05920493 0.007057666 0.05960488 0.01170402 0.04947125 0.007318615 0.05960488 0.01170402 0.04952383 0.01197552 0.4809632 0.8238142 0.4810623 0.8281976 0.4733037 0.8281419 0.4809632 0.8238142 0.4733037 0.8281419 0.4730392 0.8237574 0.2810031 0.8063569 0.2810031 0.832454 0.2708946 0.8319936 0.2810031 0.8063569 0.2708946 0.8319936 0.2708946 0.8058964 0.1632159 0.004692614 0.1573671 0.004692614 0.1571879 0.002044141 0.1632159 0.004692614 0.1571879 0.002044141 0.1632172 0.002044141 0.7211062 0.2147303 0.7212998 0.290822 0.7210588 0.2905775 0.7211062 0.2147303 0.7210588 0.2905775 0.7208662 0.2149728 0.9103081 0.3589496 0.9196983 0.35886 0.9197311 0.363646 0.9103081 0.3589496 0.9197311 0.363646 0.9104001 0.3637357 0.5049177 0.2645476 0.4957498 0.2667385 0.4939368 0.2624265 0.5049177 0.2645476 0.4939368 0.2624265 0.5033795 0.2601694 0.2224616 0.3053895 0.2224616 0.3246164 0.2222662 0.3246188 0.2224616 0.3053895 0.2222662 0.3246188 0.2222662 0.3051965 0.4461219 0.8313751 0.4461219 0.8404325 0.4416679 0.8396615 0.4461219 0.8313751 0.4416679 0.8396615 0.4416679 0.830912 0.4547287 0.82476 0.4633389 0.8246152 0.4633389 0.8498296 0.4547287 0.82476 0.4633389 0.8498296 0.4547287 0.8499743 0.02958023 0.01211255 0.02006757 0.01197552 0.02102816 0.007318615 0.02958023 0.01211255 0.02102816 0.007318615 0.03021442 0.007450342 0.5699542 0.2149515 0.5696685 0.2255635 0.5649136 0.2255175 0.5699542 0.2149515 0.5649136 0.2255175 0.5651965 0.2149292 0.9587168 0.3392769 0.9494727 0.3386678 0.9494726 0.1737672 0.9587168 0.3392769 0.9494726 0.1737672 0.9587167 0.1743777 0.8746118 0.1369916 0.7971531 0.1369917 0.7973479 0.1367934 0.8746118 0.1369916 0.7973479 0.1367934 0.8744171 0.1367934 0.8128237 0.8357189 0.8015939 0.8356702 0.8015939 0.7510395 0.8128237 0.8357189 0.8015939 0.7510395 0.8128237 0.7510882 0.5213422 0.8639626 0.5203486 0.8639626 0.5203486 0.8409178 0.5213422 0.8639626 0.5203486 0.8409178 0.5213422 0.8409178 0.1803951 0.04017734 0.1811106 0.04017734 0.1811106 0.04116874 0.1803951 0.04017734 0.1811106 0.04116874 0.1803951 0.04116874 0.01108396 0.01170408 0.02006757 0.01197552 0.01924133 0.0166825 0.01108396 0.01170408 0.01924133 0.0166825 0.009989261 0.01640582 0.9817519 0.160095 0.9817519 0.1686525 0.9739561 0.1689708 0.9817519 0.160095 0.9739561 0.1689708 0.9739561 0.1604133 0.4891186 0.2571142 0.4809918 0.2642691 0.4799039 0.2627846 0.4891186 0.2571142 0.4799039 0.2627846 0.4873255 0.2562536 0.9104001 0.3637357 0.9197311 0.363646 0.9195575 0.3684505 0.9104001 0.3637357 0.9195575 0.3684505 0.9103257 0.3685402 0.408405 0.2887362 0.4074169 0.2887362 0.4074149 0.2880215 0.408405 0.2887362 0.4074149 0.2880215 0.4084031 0.2880215 0.4723859 0.8055579 0.4724868 0.8101823 0.4622023 0.8101394 0.4723859 0.8055579 0.4622023 0.8101394 0.4619455 0.8055152 0.4065818 0.8081896 0.3952429 0.808301 0.3949561 0.7920954 0.4065818 0.8081896 0.3949561 0.7920954 0.4062948 0.7919834 0.7653219 0.3963688 0.7653238 0.3211821 0.7655169 0.3213756 0.7653219 0.3963688 0.7655169 0.3213756 0.7655143 0.396174 0.5579928 0.8721011 0.5569995 0.8721011 0.5569995 0.849088 0.5579928 0.8721011 0.5569995 0.849088 0.5579928 0.849088 0.02373003 0.1790821 0.02749347 0.1790769 0.02749347 0.1876764 0.02373003 0.1790821 0.02749347 0.1876764 0.02373003 0.1876816 0.119911 0.9146359 0.09937995 0.9146359 0.09937924 0.9144461 0.119911 0.9146359 0.09937924 0.9144461 0.12006 0.9144461 0.039456 0.01211255 0.02958023 0.01211255 0.03021442 0.007450342 0.039456 0.01211255 0.03021442 0.007450342 0.03975081 0.007450342 0.9067034 0.647571 0.9067034 0.6561706 0.9024945 0.656239 0.9067034 0.647571 0.9024945 0.656239 0.9024945 0.6476422 0.8384848 0.593096 0.8781539 0.6357452 0.8384849 0.6801592 0.7871082 0.8747203 0.7975131 0.8748019 0.7974788 0.8794753 0.7871082 0.8747203 0.7974788 0.8794753 0.787095 0.8793911 0.409689 0.2016159 0.4056142 0.2020179 0.4056183 0.1940127 0.409689 0.2016159 0.4056183 0.1940127 0.4096921 0.193162 0.6358974 0.24243 0.6349093 0.24243 0.634908 0.2417145 0.6358974 0.24243 0.634908 0.2417145 0.6358961 0.2417145 0.4361996 0.8436335 0.4371924 0.8436335 0.4371924 0.8666492 0.4361996 0.8436335 0.4371924 0.8666492 0.4361996 0.8666492 0.1654583 0.04289388 0.1654583 0.04388594 0.1647428 0.04388594 0.1654583 0.04289388 0.1647428 0.04388594 0.1647428 0.04289388 0.9067241 0.642533 0.9024994 0.6425383 0.9024994 0.6339387 0.9067241 0.642533 0.9024994 0.6339387 0.9067241 0.6339335 0.37382 0.1576418 0.3766005 0.1678583 0.3719145 0.1688359 0.37382 0.1576418 0.3719145 0.1688359 0.3691894 0.1588182 0.5739445 0.8720963 0.5729512 0.8720963 0.5729512 0.849083 0.5739445 0.8720963 0.5729512 0.849083 0.5739445 0.849083 0.5600052 0.2553321 0.56 0.2589961 0.5514004 0.2589961 0.5600052 0.2553321 0.5514004 0.2589961 0.5514057 0.2553321 0.7593317 0.3492826 0.7580363 0.3492003 0.7584716 0.3262835 0.7593317 0.3492826 0.7584716 0.3262835 0.7597668 0.3263657 0.1632063 0.01224881 0.1583949 0.01225012 0.1579729 0.009817302 0.1632063 0.01224881 0.1579729 0.009817302 0.1632103 0.009817302 0.6385013 0.8630576 0.6385013 0.8822578 0.6383116 0.8822585 0.6385013 0.8630576 0.6383116 0.8822585 0.6383116 0.8632083 0.04499155 0.2723903 0.04400348 0.2723903 0.04400157 0.2716761 0.04499155 0.2723903 0.04400157 0.2716761 0.0449903 0.2716761 0.5866802 0.3127353 0.5868754 0.3125373 0.5868756 0.3330975 0.5866802 0.3127353 0.5868756 0.3330975 0.5866804 0.3330997 0.5591538 0.2444322 0.5597117 0.2352601 0.5644879 0.235513 0.5591538 0.2444322 0.5644879 0.235513 0.5639276 0.2447416 0.8486149 0.8545367 0.8496081 0.8545367 0.8496081 0.87755 0.8486149 0.8545367 0.8496081 0.87755 0.8486149 0.87755 0.4374927 0.2830651 0.3623062 0.2830638 0.362501 0.2828701 0.4374927 0.2830651 0.362501 0.2828701 0.4372981 0.2828727 0.7887758 0.1278203 0.793069 0.1274914 0.793069 0.1363418 0.7887758 0.1278203 0.793069 0.1363418 0.7887758 0.1370402 0.8744171 0.1367934 0.7973479 0.1367934 0.7975754 0.1365648 0.8744171 0.1367934 0.7975754 0.1365648 0.8741896 0.1365647 0.2112705 0.2716799 0.2119854 0.2716799 0.2119854 0.2726712 0.2112705 0.2716799 0.2119854 0.2726712 0.2112705 0.2726712 0.5033795 0.2601694 0.4939368 0.2624265 0.4922313 0.2580273 0.5033795 0.2601694 0.4922313 0.2580273 0.5019083 0.2557145 0.415705 0.1436756 0.9114032 0.1436755 0.9113401 0.2099884 0.415705 0.1436756 0.9113401 0.2099884 0.4156419 0.2099885 0.8677815 0.00204873 0.8876469 0.00204873 0.8876475 0.005432665 0.8677815 0.00204873 0.8876475 0.005432665 0.8677822 0.005432665 0.4254882 0.8096353 0.4182537 0.8130676 0.4150348 0.8095449 0.4254882 0.8096353 0.4150348 0.8095449 0.422526 0.8059917 0.3709257 0.292308 0.3632946 0.292308 0.3642446 0.2880228 0.3709257 0.292308 0.3642446 0.2880228 0.3722467 0.2880228 0.899668 0.881768 0.899668 0.9048036 0.8989534 0.9048023 0.899668 0.881768 0.8989534 0.9048023 0.8989534 0.8817668 0.6589621 0.8409132 0.6589621 0.8639553 0.6579688 0.8639553 0.6589621 0.8409132 0.6579688 0.8639553 0.6579688 0.8409132 0.1414458 0.6576848 0.1412297 0.6577757 0.1412297 0.5798524 0.1414458 0.6576848 0.1412297 0.5798524 0.1414458 0.5799484 0.5264275 0.8409212 0.5264275 0.8639633 0.5254342 0.8639633 0.5264275 0.8409212 0.5254342 0.8639633 0.5254342 0.8409212 0.7655169 0.3213756 0.7653238 0.3211821 0.7847461 0.3211821 0.7655169 0.3213756 0.7847461 0.3211821 0.7847435 0.3213756 0.572945 0.8219905 0.5814972 0.8225589 0.5814972 0.8442392 0.572945 0.8219905 0.5814972 0.8442392 0.572945 0.8436735 0.9039812 0.9019424 0.9039812 0.9226229 0.9037559 0.9226229 0.9039812 0.9019424 0.9037559 0.9226229 0.9037559 0.9018484 0.7718753 0.13277 0.7718675 0.1361408 0.6957598 0.1361408 0.7718753 0.13277 0.6957598 0.1361408 0.6957678 0.13277 0.8075622 0.8796279 0.8171686 0.8798489 0.816934 0.8845198 0.8075622 0.8796279 0.816934 0.8845198 0.8073883 0.8843014 0.9156182 0.1983747 0.9248643 0.1982211 0.9222954 0.3501901 0.9156182 0.1983747 0.9222954 0.3501901 0.9130489 0.3503437 0.4766154 0.8309869 0.481246 0.8303276 0.481246 0.8391758 0.4766154 0.8309869 0.481246 0.8391758 0.4766154 0.8397025 0.8384937 0.7676137 0.8387334 0.7676473 0.8387334 0.8455712 0.8384937 0.7676137 0.8387334 0.8455712 0.8384937 0.8456021 0.4505758 0.8221599 0.4506444 0.8317672 0.4461219 0.8313751 0.4505758 0.8221599 0.4461219 0.8313751 0.446056 0.8220493 0.2348474 0.3670713 0.2440811 0.3670002 0.2437444 0.3755972 0.2348474 0.3670713 0.2437444 0.3755972 0.2345107 0.3756684 0.8262268 0.8754624 0.8343994 0.8758071 0.8342887 0.8804752 0.8262268 0.8754624 0.8342887 0.8804752 0.8261293 0.8801332 0.03849226 0.2316877 0.03849226 0.2407978 0.03386437 0.2403925 0.03849226 0.2316877 0.03386437 0.2403925 0.03386437 0.2311009 0.003035843 0.05995857 0.002044439 0.05995857 0.002044439 0.05924355 0.003035843 0.05995857 0.002044439 0.05924355 0.003035843 0.05924355 0.6576262 0.8681499 0.6583417 0.8681512 0.6583417 0.8911867 0.6576262 0.8681499 0.6583417 0.8911867 0.6576262 0.8911854 0.006155371 0.09295582 0.006155371 0.0919677 0.006869554 0.09196567 0.006155371 0.09295582 0.006869554 0.09196567 0.006869554 0.09295392 0.6409782 0.2424347 0.63999 0.2424347 0.6399881 0.2417205 0.6409782 0.2424347 0.6399881 0.2417205 0.6409762 0.2417205 0.003039002 0.06468439 0.003039002 0.06540119 0.0020473 0.06540119 0.003039002 0.06468439 0.0020473 0.06540119 0.0020473 0.06468439 0.9060136 0.3049302 0.9060136 0.3819994 0.905785 0.3817731 0.9060136 0.3049302 0.905785 0.3817731 0.905785 0.3051564 0.1761956 0.08570969 0.174474 0.06100189 0.1771338 0.06085443 0.1761956 0.08570969 0.1771338 0.06085443 0.1788496 0.085482 0.9250612 0.1964117 0.9250612 0.1954236 0.9257767 0.1954208 0.9250612 0.1964117 0.9257767 0.1954208 0.9257767 0.1964089 0.7156581 0.2319715 0.7137172 0.2323935 0.7138835 0.2201889 0.7156581 0.2319715 0.7138835 0.2201889 0.7158206 0.2200667 0.6589157 0.8057312 0.6379274 0.8057312 0.6374142 0.8000597 0.6589157 0.8057312 0.6374142 0.8000597 0.6584026 0.8000597 0.226548 0.3271369 0.226548 0.3261489 0.2272635 0.3261469 0.226548 0.3271369 0.2272635 0.3261469 0.2272635 0.327135 0.6522957 0.8272999 0.6522957 0.850342 0.6513025 0.850342 0.6522957 0.8272999 0.6513025 0.850342 0.6513025 0.8272999 0.6128271 0.2423905 0.6208122 0.2418581 0.6214162 0.2451867 0.6128271 0.2423905 0.6214162 0.2451867 0.612985 0.2457454 0.01484394 0.128322 0.01484394 0.1273339 0.01555943 0.1273319 0.01484394 0.128322 0.01555943 0.1273319 0.01555943 0.12832 0.1761211 0.002318382 0.1758695 0.01372027 0.1732037 0.01365458 0.1761211 0.002318382 0.1732037 0.01365458 0.1734587 0.002094626 0.8382762 0.889934 0.8612025 0.889934 0.8612051 0.8906489 0.8382762 0.889934 0.8612051 0.8906489 0.8382775 0.8906489 0.8698825 0.6666015 0.87784 0.6666015 0.8776926 0.6711767 0.8698825 0.6666015 0.8776926 0.6711767 0.8698536 0.6711767 0.3965049 0.1864814 0.3966816 0.1924362 0.3920641 0.194094 0.3965049 0.1864814 0.3920641 0.194094 0.3918797 0.1879917 0.06978416 0.9035645 0.09046459 0.9035645 0.09046459 0.9037898 0.06978416 0.9035645 0.09046459 0.9037898 0.0696901 0.9037898 0.01790583 0.1337734 0.0171889 0.1337734 0.0171889 0.1327816 0.01790583 0.1337734 0.0171889 0.1327816 0.01790583 0.1327816 0.5062112 0.25633 0.5062112 0.255342 0.5069267 0.2553399 0.5062112 0.25633 0.5069267 0.2553399 0.5069267 0.2563281 0.4861864 0.2645453 0.4861864 0.2635573 0.4869006 0.2635553 0.4861864 0.2645453 0.4869006 0.2635553 0.4869006 0.2645434 0.494749 0.2726723 0.494749 0.2716806 0.4954645 0.2716806 0.494749 0.2726723 0.4954645 0.2716806 0.4954645 0.2726723 0.3694679 0.2964906 0.3622447 0.2964906 0.3632946 0.292308 0.3694679 0.2964906 0.3632946 0.292308 0.3709257 0.292308 0.824832 0.07385116 0.824832 0.0728631 0.825547 0.07286113 0.824832 0.07385116 0.825547 0.07286113 0.825547 0.0738492 0.8025896 0.8409154 0.8025896 0.8639575 0.8015964 0.8639575 0.8025896 0.8409154 0.8015964 0.8639575 0.8015964 0.8409154 0.612985 0.2457454 0.6045184 0.2451841 0.6048117 0.2418581 0.612985 0.2457454 0.6048117 0.2418581 0.6128271 0.2423905 0.6047785 0.8199231 0.5954481 0.8199202 0.5953321 0.8151187 0.6047785 0.8199231 0.5953321 0.8151187 0.6045646 0.8151217 0.7655143 0.396174 0.7847415 0.396174 0.7847442 0.3963688 0.7655143 0.396174 0.7847442 0.3963688 0.7653219 0.3963688 0.4412807 0.8463599 0.4422739 0.8463599 0.4422739 0.8693731 0.4412807 0.8463599 0.4422739 0.8693731 0.4412807 0.8693731 0.7782146 0.3900166 0.7696045 0.3900693 0.7696229 0.385338 0.7782146 0.3900166 0.7696229 0.385338 0.7782331 0.3852853 0.6772474 0.3958259 0.6771736 0.385195 0.681957 0.3855121 0.6772474 0.3958259 0.681957 0.3855121 0.6820308 0.3959366 0.362501 0.2828701 0.3623062 0.2830638 0.3623062 0.2636415 0.362501 0.2828701 0.3623062 0.2636415 0.362501 0.2636429 0.1692301 0.01379144 0.1705247 0.01370453 0.1705247 0.02476835 0.1692301 0.01379144 0.1705247 0.02476835 0.1692301 0.02485513 0.4506444 0.8317672 0.4506444 0.8410956 0.4461219 0.8404325 0.4506444 0.8317672 0.4461219 0.8404325 0.4461219 0.8313751 0.1286299 0.9044914 0.1286299 0.9234483 0.1284019 0.9234483 0.1286299 0.9044914 0.1284019 0.9234483 0.1284019 0.904398 0.9248643 0.1982211 0.9348325 0.1981432 0.9322633 0.3501121 0.9248643 0.1982211 0.9322633 0.3501121 0.9222954 0.3501901 0.1632103 0.009817302 0.1579729 0.009817302 0.1576293 0.007291138 0.1632103 0.009817302 0.1576293 0.007291138 0.1632136 0.007291138 0.4808233 0.8148249 0.4808833 0.8193535 0.4728135 0.8192951 0.4808233 0.8148249 0.4728135 0.8192951 0.4726304 0.8147668 0.8524067 0.2144835 0.8524068 0.3752166 0.8269743 0.3752179 0.8524067 0.2144835 0.8269743 0.3752179 0.8269742 0.2144849 0.3777607 0.8743147 0.3777607 0.8736005 0.4007988 0.8736005 0.3777607 0.8743147 0.4007988 0.8736005 0.4007975 0.8743147 0.4746393 0.2753952 0.4746393 0.2744069 0.4753541 0.274405 0.4746393 0.2753952 0.4753541 0.274405 0.4753541 0.2753931 0.7831104 0.3730477 0.7833377 0.3728224 0.7833377 0.3924416 0.7831104 0.3730477 0.7833377 0.3924416 0.7831104 0.39244 0.05206358 0.3702563 0.04363763 0.3701457 0.04370605 0.3661239 0.05206358 0.3702563 0.04370605 0.3661239 0.05201089 0.3662346 0.5780235 0.8490905 0.5790171 0.8490905 0.5790171 0.8721063 0.5780235 0.8490905 0.5790171 0.8721063 0.5780235 0.8721063 0.6434102 0.8381868 0.6434102 0.8612288 0.6424169 0.8612288 0.6434102 0.8381868 0.6424169 0.8612288 0.6424169 0.8381868 0.5959477 0.7924197 0.632187 0.8137023 0.6308154 0.8150914 0.5967834 0.7960652 0.5783662 0.8147217 0.5761587 0.8124658 0.5959477 0.7924197 0.6308154 0.8150914 0.5967834 0.7960652 0.5959477 0.7924197 0.5967834 0.7960652 0.5761587 0.8124658 0.371477 0.1494581 0.37382 0.1576418 0.3691894 0.1588182 0.371477 0.1494581 0.3691894 0.1588182 0.3668728 0.1507344 0.002100229 0.3780588 0.002310752 0.3714094 0.02295958 0.3714094 0.002100229 0.3780588 0.02295958 0.3714094 0.02274906 0.3780588 0.4216175 0.8164323 0.415369 0.8194759 0.4117432 0.81624 0.4216175 0.8164323 0.4117432 0.81624 0.4182537 0.8130676 0.5093667 0.7960229 0.490818 0.8145852 0.4885616 0.8123408 0.5084919 0.7923962 0.5454152 0.8135644 0.5440341 0.814947 0.5093667 0.7960229 0.4885616 0.8123408 0.5084919 0.7923962 0.5093667 0.7960229 0.5084919 0.7923962 0.5440341 0.814947 0.5139426 0.3342006 0.5139268 0.3179764 0.5607886 0.3179764 0.5139426 0.3342006 0.5607886 0.3179764 0.5608044 0.3342006 0.3731767 0.8370833 0.3777124 0.8360149 0.3777124 0.8445606 0.3731767 0.8370833 0.3777124 0.8445606 0.3731767 0.8454226 0.3830963 0.2708666 0.3822698 0.2724069 0.3725832 0.2655442 0.3830963 0.2708666 0.3725832 0.2655442 0.3736452 0.2641722 0.1049283 0.9090095 0.1243205 0.9090095 0.1243218 0.9092367 0.1049283 0.9090095 0.1243218 0.9092367 0.1047032 0.9092367 0.9427788 0.3501121 0.9536572 0.3501893 0.9535971 0.3549551 0.9427788 0.3501121 0.9535971 0.3549551 0.9427416 0.3548781 0.3807066 0.1468622 0.3830891 0.1551802 0.3784584 0.1564275 0.3807066 0.1468622 0.3784584 0.1564275 0.3760917 0.148166 0.5473514 0.2613803 0.5266842 0.2613803 0.5265632 0.2553408 0.5473514 0.2613803 0.5265632 0.2553408 0.5472304 0.2553408 0.6541401 0.8220353 0.6202914 0.8018459 0.6217349 0.8005289 0.6535931 0.8185785 0.6729794 0.8008953 0.6749699 0.8030351 0.6541401 0.8220353 0.6217349 0.8005289 0.6535931 0.8185785 0.6535931 0.8185785 0.6749699 0.8030351 0.6541401 0.8220353 0.00203669 0.1912243 0.00895226 0.1909748 0.00895226 0.3581587 0.00203669 0.1912243 0.00895226 0.3581587 0.00203669 0.3584082 0.9322633 0.3501121 0.9427788 0.3501121 0.9427416 0.3548781 0.9322633 0.3501121 0.9427416 0.3548781 0.9322487 0.3548785 0.8667883 0.8386925 0.8667883 0.7540618 0.8778574 0.7538131 0.8667883 0.8386925 0.8778574 0.7538131 0.8778574 0.8384438 0.7650985 0.3209546 0.7648547 0.3207111 0.7847481 0.3207111 0.7650985 0.3209546 0.7847481 0.3207111 0.7847481 0.3209546 0.7606398 0.3210088 0.7606319 0.3212389 0.7412755 0.3211883 0.7606398 0.3210088 0.7412755 0.3211883 0.7410575 0.3209581 0.03079813 0.8844895 0.03151237 0.8844895 0.03151237 0.9075276 0.03079813 0.8844895 0.03151237 0.9075276 0.03079813 0.9075263 0.3760917 0.148166 0.3784584 0.1564275 0.37382 0.1576418 0.3760917 0.148166 0.37382 0.1576418 0.371477 0.1494581 0.927426 0.9704497 0.927426 0.8930278 0.9276332 0.8932185 0.927426 0.9704497 0.9276332 0.8932185 0.9276332 0.970251 0.05198341 0.8797652 0.02905577 0.8797652 0.02905446 0.8790496 0.05198341 0.8797652 0.02905446 0.8790496 0.05198079 0.8790496 0.901051 0.8545303 0.901051 0.8775435 0.9000578 0.8775435 0.901051 0.8545303 0.9000578 0.8775435 0.9000578 0.8545303 0.905196 0.8490867 0.9061896 0.8490867 0.9061896 0.8721024 0.905196 0.8490867 0.9061896 0.8721024 0.905196 0.8721024 0.07085883 0.01570546 0.07085883 0.01669359 0.07014393 0.01669561 0.07085883 0.01570546 0.07014393 0.01669561 0.07014393 0.01570749 0.8076778 0.8409165 0.8076778 0.8639585 0.8066846 0.8639585 0.8076778 0.8409165 0.8066846 0.8639585 0.8066846 0.8409165 0.4524397 0.8775405 0.4514465 0.8775405 0.4514465 0.8545274 0.4524397 0.8775405 0.4514465 0.8545274 0.4524397 0.8545274 0.2646249 0.607115 0.2602677 0.6071124 0.2602677 0.5985103 0.2646249 0.607115 0.2602677 0.5985103 0.2646249 0.5985155 0.2602611 0.8055727 0.2708946 0.8058964 0.2708946 0.8319936 0.2602611 0.8055727 0.2708946 0.8319936 0.2602611 0.8316686 0.4808248 0.8666467 0.4798314 0.8666467 0.4798314 0.8436335 0.4808248 0.8666467 0.4798314 0.8436335 0.4808248 0.8436335 0.1993802 0.1491307 0.1994303 0.1561461 0.1908254 0.156217 0.1993802 0.1491307 0.1908254 0.156217 0.1907753 0.149199 0.9079437 0.258491 0.9096935 0.2582911 0.9096935 0.2814345 0.9079437 0.258491 0.9096935 0.2814345 0.9079437 0.2813003 0.04875606 0.9325493 0.04856526 0.9325624 0.04856526 0.9122985 0.04875606 0.9325493 0.04856526 0.9122985 0.04875606 0.912091 0.6724092 0.2245583 0.6964122 0.2245643 0.6963058 0.226806 0.6724092 0.2245583 0.6963058 0.226806 0.6725609 0.2268009 0.7412755 0.3211883 0.7412755 0.39634 0.7410575 0.396563 0.7412755 0.3211883 0.7410575 0.396563 0.7410575 0.3209581 0.9162299 0.1912344 0.9159227 0.1819918 0.9421179 0.1819918 0.9162299 0.1912344 0.9421179 0.1819918 0.9424244 0.1912344 0.6030387 0.8347918 0.5943402 0.8347918 0.5943422 0.8300269 0.6030387 0.8347918 0.5943422 0.8300269 0.603029 0.8300269 0.78363 0.1392127 0.78363 0.1382246 0.7843442 0.1382226 0.78363 0.1392127 0.7843442 0.1382226 0.7843442 0.1392108 0.4017065 0.2093962 0.3810384 0.2092882 0.381064 0.2020597 0.4017065 0.2093962 0.381064 0.2020597 0.4017321 0.2021673 0.3928692 0.2771213 0.3931554 0.2809881 0.3848394 0.2809881 0.3928692 0.2771213 0.3848394 0.2809881 0.3850585 0.2771213 0.2650482 0.3789114 0.2650482 0.3996859 0.2648175 0.3996859 0.2650482 0.3789114 0.2648175 0.3996859 0.2648175 0.3790054 0.04449772 0.278119 0.04449772 0.277131 0.04521322 0.2771289 0.04449772 0.278119 0.04521322 0.2771289 0.04521322 0.2781171 0.878705 0.138229 0.8794199 0.138229 0.8794199 0.1392205 0.878705 0.138229 0.8794199 0.1392205 0.878705 0.1392205 0.6779975 0.5868639 0.6779975 0.7548209 0.6268339 0.7547716 0.9621967 0.4000154 0.9621967 0.7550945 0.9110316 0.7550452 0.9621967 0.4000154 0.9110316 0.7550452 0.9110316 0.5870883 0.6779975 0.5868639 0.6268339 0.7547716 0.6268339 0.3996923 0.9621967 0.4000154 0.9110316 0.5870883 0.6779975 0.5868639 0.6779975 0.5868639 0.6268339 0.3996923 0.9621967 0.4000154 0.4842486 0.8101665 0.4771286 0.8101665 0.4784621 0.8055123 0.4842486 0.8101665 0.4784621 0.8055123 0.4858796 0.8055123 0.7871081 0.5930679 0.7975131 0.5931521 0.7975131 0.8748019 0.7871081 0.5930679 0.7975131 0.8748019 0.7871082 0.8747203 0.1732037 0.02468681 0.1732037 0.01365458 0.1758695 0.01372027 0.1732037 0.02468681 0.1758695 0.01372027 0.1758695 0.02469599 0.3407433 0.8058785 0.3519172 0.8055657 0.3519172 0.8476186 0.3407433 0.8058785 0.3519172 0.8476186 0.3407433 0.8479312 0.8845065 0.1389421 0.8835184 0.1389421 0.8835164 0.1382279 0.8845065 0.1389421 0.8835164 0.1382279 0.8845052 0.1382279 0.7597425 0.3722342 0.7584472 0.3721519 0.7581129 0.3602681 0.7597425 0.3722342 0.7581129 0.3602681 0.7594081 0.3603504 0.8196713 0.08940386 0.8196713 0.07838606 0.8244679 0.078323 0.8196713 0.08940386 0.8244679 0.078323 0.8244679 0.08945918 0.5043195 0.315662 0.5043195 0.3345859 0.5040756 0.3345859 0.5043195 0.315662 0.5040756 0.3345859 0.5040756 0.3156297 0.1416263 0.6575388 0.1414458 0.6576848 0.1414458 0.5799484 0.1416263 0.6575388 0.1414458 0.5799484 0.1416263 0.5801023 0.8557894 0.8961011 0.8328605 0.8961011 0.832859 0.8953856 0.8557894 0.8961011 0.832859 0.8953856 0.8557867 0.8953856 0.5834601 0.3066472 0.5834712 0.2989436 0.5873789 0.2989241 0.5834601 0.3066472 0.5873789 0.2989241 0.587368 0.306741 0.9583639 0.8763234 0.9583639 0.899251 0.957649 0.8992536 0.9583639 0.8763234 0.957649 0.8992536 0.957649 0.8763247 0.9106423 0.002288401 0.8917181 0.002288401 0.8917181 0.002041995 0.9106423 0.002288401 0.8917181 0.002041995 0.9106745 0.002041995 0.0326851 0.02078193 0.02259874 0.02078193 0.02306979 0.01838356 0.0326851 0.02078193 0.02306979 0.01838356 0.03358763 0.01838356 0.4134708 0.288734 0.4124826 0.288734 0.4124807 0.2880185 0.4134708 0.288734 0.4124807 0.2880185 0.4134687 0.2880185 0.9024887 0.7049999 0.9066791 0.7048279 0.9066791 0.7121847 0.9024887 0.7049999 0.9066791 0.7121847 0.9024887 0.7125649 0.2814391 0.3588299 0.3007653 0.3588299 0.3007737 0.3590546 0.2814391 0.3588299 0.3007737 0.3590546 0.2812215 0.3590546 0.002391993 0.01566392 0.003107488 0.01566392 0.003107488 0.01665568 0.002391993 0.01566392 0.003107488 0.01665568 0.002391993 0.01665568 0.1717982 0.06116628 0.1711341 0.04763281 0.1738119 0.04751181 0.1717982 0.06116628 0.1738119 0.04751181 0.174474 0.06100189 0.3918797 0.1879917 0.3918058 0.1798396 0.3964338 0.1786554 0.3918797 0.1879917 0.3964338 0.1786554 0.3965049 0.1864814 0.8608987 0.01565885 0.8616136 0.01565885 0.8616136 0.01665061 0.8608987 0.01565885 0.8616136 0.01665061 0.8608987 0.01665061 0.4693866 0.2675498 0.4787634 0.2612287 0.4799039 0.2627846 0.4693866 0.2675498 0.4799039 0.2627846 0.4702745 0.2692764 0.1705247 0.02476835 0.1705247 0.01370453 0.1732037 0.01365458 0.1705247 0.02476835 0.1732037 0.01365458 0.1732037 0.02468681 0.9154157 0.8068304 0.9154157 0.8153839 0.9106323 0.8146944 0.9154157 0.8068304 0.9106323 0.8146944 0.9106323 0.8059278 0.4994925 0.3179832 0.499736 0.3179812 0.4996202 0.3378067 0.4994925 0.3179832 0.4996202 0.3378067 0.4993768 0.3380518 0.2648175 0.3790054 0.2648175 0.3996859 0.2646133 0.3996853 0.2648175 0.3790054 0.2646133 0.3996853 0.2646133 0.3791542 0.178499 0.01390719 0.178499 0.024796 0.1758695 0.02469599 0.178499 0.01390719 0.1758695 0.02469599 0.1758695 0.01372027 0.02109497 0.9119365 0.002044737 0.9119365 0.002045333 0.9117322 0.02109497 0.9119365 0.002045333 0.9117322 0.0212453 0.9117322 0.8667883 0.8436439 0.8677816 0.8436439 0.8677816 0.866657 0.8667883 0.8436439 0.8677816 0.866657 0.8667883 0.866657 0.4724868 0.8101823 0.4726304 0.8147668 0.4625458 0.8147251 0.4724868 0.8101823 0.4625458 0.8147251 0.4622023 0.8101394 0.6779789 0.3807829 0.6268333 0.3807829 0.6268333 0.3805593 0.6779789 0.3807829 0.6268333 0.3805593 0.6268662 0.3455554 0.4487221 0.2762432 0.4377986 0.278463 0.437796 0.2784633 0.437796 0.2784633 0.4157144 0.278456 0.4064665 0.2765432 0.4064665 0.2765432 0.4049469 0.2762288 0.3848941 0.2675218 0.3848941 0.2675218 0.3759639 0.261195 0.3697243 0.2553365 0.3697243 0.2553365 0.4854389 0.2553538 0.4854363 0.2553549 0.4854363 0.2553549 0.4787634 0.2612287 0.4693866 0.2675498 0.4693866 0.2675498 0.4487221 0.2762432 0.437796 0.2784633 0.437796 0.2784633 0.4064665 0.2765432 0.3848941 0.2675218 0.3848941 0.2675218 0.3697243 0.2553365 0.4854363 0.2553549 0.4854363 0.2553549 0.4693866 0.2675498 0.437796 0.2784633 0.437796 0.2784633 0.3848941 0.2675218 0.4854363 0.2553549 0.09514629 0.9146496 0.07609605 0.9146496 0.0760951 0.9144518 0.09514629 0.9146496 0.0760951 0.9144518 0.09529495 0.9144518 0.3944539 0.19914 0.3944539 0.1981482 0.3951707 0.1981482 0.3944539 0.19914 0.3951707 0.1981482 0.3951707 0.19914 0.9298172 0.8864651 0.9298172 0.8659344 0.9300149 0.8657838 0.9298172 0.8864651 0.9300149 0.8657838 0.9300149 0.8864642 0.6543002 0.2251138 0.6538721 0.2351316 0.569243 0.2355814 0.6543002 0.2251138 0.569243 0.2355814 0.5696685 0.2255635 0.659892 0.3561262 0.6705336 0.3561974 0.670652 0.3609781 0.659892 0.3561262 0.670652 0.3609781 0.6597974 0.360907 0.6779069 0.8664332 0.6779069 0.8872075 0.6776736 0.8872075 0.6779069 0.8664332 0.6776736 0.8872075 0.6776736 0.8665265 0.8971241 0.8505032 0.8949545 0.8486847 0.9128528 0.8296655 0.9128528 0.8296655 0.8945393 0.8000156 0.8958724 0.7985991 0.9163554 0.8300685 0.8971241 0.8505032 0.9128528 0.8296655 0.9128528 0.8296655 0.8958724 0.7985991 0.9163554 0.8300685 0.1409912 0.5798182 0.1412297 0.5798524 0.1412297 0.6577757 0.1409912 0.5798182 0.1412297 0.6577757 0.1409912 0.6578072 0.4097377 0.1600617 0.4095506 0.1679691 0.4055157 0.168185 0.4097377 0.1600617 0.4055157 0.168185 0.405708 0.1601565 0.3780465 0.2923713 0.3709257 0.292308 0.3722467 0.2880228 0.3780465 0.2923713 0.3722467 0.2880228 0.3797096 0.2880887 0.5831096 0.8743183 0.5831083 0.8736034 0.6060346 0.8736034 0.5831096 0.8743183 0.6060346 0.8736034 0.6060372 0.8743183 0.8598687 0.9704654 0.8598687 0.8957289 0.860069 0.8958842 0.8598687 0.9704654 0.860069 0.8958842 0.860069 0.9703207 0.8956314 0.7795252 0.8946378 0.7795252 0.8946378 0.7564805 0.8956314 0.7795252 0.8946378 0.7564805 0.8956314 0.7564805 0.9541175 0.8490859 0.9551107 0.8490859 0.9551107 0.872099 0.9541175 0.8490859 0.9551107 0.872099 0.9541175 0.872099 0.6269719 0.7728245 0.6347387 0.7728245 0.6344341 0.7773284 0.6269719 0.7728245 0.6344341 0.7773284 0.6268807 0.7773284 0.499736 0.3179812 0.4999807 0.3179848 0.4998663 0.3375669 0.499736 0.3179812 0.4998663 0.3375669 0.4996202 0.3378067 0.4904295 0.2689548 0.4906953 0.2728301 0.4823622 0.2728301 0.4904295 0.2689548 0.4823622 0.2728301 0.482603 0.2689548 0.3813064 0.8221433 0.360326 0.8227844 0.360326 0.8152758 0.3813064 0.8221433 0.360326 0.8152758 0.3813064 0.8146347 0.4360783 0.8096547 0.4285622 0.8131367 0.4254882 0.8096353 0.4360783 0.8096547 0.4254882 0.8096353 0.4333176 0.8060061 0.5312299 0.8572627 0.5312299 0.8802983 0.5305142 0.880297 0.5312299 0.8572627 0.5305142 0.880297 0.5305142 0.8572614 0.812747 0.8409191 0.812747 0.8639613 0.8117539 0.8639613 0.812747 0.8409191 0.8117539 0.8639613 0.8117539 0.8409191 0.4473577 0.8463675 0.4473577 0.8693807 0.4463645 0.8693807 0.4473577 0.8463675 0.4463645 0.8693807 0.4463645 0.8463675 0.6424179 0.8316462 0.6424179 0.821973 0.6472225 0.8222414 0.6424179 0.8316462 0.6472225 0.8222414 0.6472225 0.8320605 0.5358077 0.3070912 0.5547316 0.3070912 0.5547316 0.3073363 0.5358077 0.3070912 0.5547316 0.3073363 0.5357754 0.3073363 0.560415 0.2148067 0.560132 0.2253279 0.5553478 0.2249987 0.560415 0.2148067 0.5553478 0.2249987 0.5556257 0.2145869 0.3696796 0.1792433 0.3718697 0.1883257 0.3670757 0.1885914 0.3696796 0.1792433 0.3670757 0.1885914 0.3649515 0.1797722 0.5045645 0.3156297 0.5045645 0.3345859 0.5043195 0.3345859 0.5045645 0.3156297 0.5043195 0.3345859 0.5043195 0.315662 0.9298543 0.7698112 0.9299307 0.7592121 0.9347193 0.7592891 0.9298543 0.7698112 0.9347193 0.7592891 0.9346429 0.7698211 0.5000978 0.3373491 0.5752488 0.3375912 0.5754712 0.3378106 0.5000978 0.3373491 0.5754712 0.3378106 0.4998663 0.3375669 0.8769538 0.9201295 0.8769538 0.8440022 0.8771976 0.8442456 0.8769538 0.9201295 0.8771976 0.8442456 0.8771976 0.9198861 0.4096631 0.8081383 0.4065818 0.8081896 0.4062948 0.7919834 0.4096631 0.8081383 0.4062948 0.7919834 0.4093737 0.791932 0.9438225 0.1927412 0.9438225 0.1937292 0.9431077 0.1937311 0.9438225 0.1927412 0.9431077 0.1937311 0.9431077 0.1927431 0.4285622 0.8131367 0.4216175 0.8164323 0.4182537 0.8130676 0.4285622 0.8131367 0.4182537 0.8130676 0.4254882 0.8096353 0.9205745 0.83683 0.9205771 0.8320895 0.9291899 0.8320881 0.9205745 0.83683 0.9291899 0.8320881 0.9291899 0.8368292 0.8718711 0.8436398 0.872864 0.8436398 0.872864 0.8666555 0.8718711 0.8436398 0.872864 0.8666555 0.8718711 0.8666555 0.316577 0.8738207 0.2975268 0.8738207 0.2975255 0.8736007 0.316577 0.8738207 0.2975255 0.8736007 0.3164823 0.8736007 0.5356821 0.3075643 0.5547323 0.3075643 0.5547329 0.3077607 0.5356821 0.3075643 0.5547329 0.3077607 0.5355333 0.3077607 0.8102622 0.5930786 0.8102622 0.7450673 0.8016007 0.7450884 0.8102622 0.5930786 0.8016007 0.7450884 0.8016007 0.5931022 0.8992893 0.8322034 0.8992893 0.8221645 0.903912 0.8224486 0.8992893 0.8322034 0.903912 0.8224486 0.903912 0.8322929 0.8819522 0.8588047 0.8819522 0.7564822 0.8905545 0.7564802 0.8819522 0.8588047 0.8905545 0.7564802 0.8905545 0.8588034 0.9429305 0.3644173 0.9326143 0.3644165 0.9323657 0.3596523 0.9429305 0.3644173 0.9323657 0.3596523 0.9427925 0.3596522 0.3672339 0.1697293 0.3696796 0.1792433 0.3649515 0.1797722 0.3672339 0.1697293 0.3649515 0.1797722 0.362577 0.1705372 0.2841833 0.3098043 0.2951906 0.3098043 0.2951919 0.3117606 0.2841833 0.3098043 0.2951919 0.3117606 0.2841833 0.3117606 0.370436 0.2043669 0.3689153 0.196837 0.373762 0.1968185 0.370436 0.2043669 0.373762 0.1968185 0.3753301 0.2045748 0.2591307 0.3157112 0.2588701 0.3098131 0.27994 0.3098131 0.2591307 0.3157112 0.27994 0.3098131 0.280198 0.3157112 0.2117217 0.2616561 0.2090566 0.2618483 0.2089353 0.250041 0.2117217 0.2616561 0.2089353 0.250041 0.2116018 0.2500068 0.08070141 0.01077187 0.08039885 0.002206563 0.08832865 0.002206563 0.08070141 0.01077187 0.08832865 0.002206563 0.08863252 0.01077187 0.1771338 0.06085443 0.1764757 0.04744338 0.179102 0.04743158 0.1771338 0.06085443 0.179102 0.04743158 0.1797543 0.06072425 0.8946324 0.8321428 0.8946324 0.8219514 0.8992893 0.8221645 0.8946324 0.8321428 0.8992893 0.8221645 0.8992893 0.8322034 0.9343242 0.9327014 0.9340989 0.932612 0.9340989 0.8583635 0.9343242 0.9327014 0.9340989 0.8583635 0.9343242 0.8582655 0.9348325 0.1981432 0.9453478 0.1981432 0.9427788 0.3501121 0.9348325 0.1981432 0.9427788 0.3501121 0.9322633 0.3501121 0.9601897 0.8721007 0.9591965 0.8721007 0.9591965 0.8490876 0.9601897 0.8721007 0.9591965 0.8490876 0.9601897 0.8490876 0.3623062 0.2830638 0.3620793 0.2832891 0.3620793 0.2636389 0.3623062 0.2830638 0.3620793 0.2636389 0.3623062 0.2636415 0.6720216 0.2145299 0.6720846 0.2171526 0.6588123 0.2174225 0.6720216 0.2145299 0.6588123 0.2174225 0.6586333 0.2148011 0.8711838 0.01584738 0.8811275 0.01097595 0.8916257 0.0074656 0.8916257 0.0074656 0.9024937 0.005378246 0.9111507 0.004886806 0.9111507 0.004886806 0.9111507 0.08815586 0.8292469 0.08815836 0.8292469 0.08815836 0.8298 0.07834255 0.8318791 0.06743454 0.8318791 0.06743454 0.8353764 0.05689769 0.8402296 0.04691731 0.8402296 0.04691731 0.8463549 0.03766721 0.8536436 0.02931112 0.8536436 0.02931112 0.8619685 0.02199506 0.8711838 0.01584738 0.8711838 0.01584738 0.8916257 0.0074656 0.9111507 0.004886806 0.9111507 0.004886806 0.8292469 0.08815836 0.8318791 0.06743454 0.8318791 0.06743454 0.8402296 0.04691731 0.8536436 0.02931112 0.8536436 0.02931112 0.8711838 0.01584738 0.9111507 0.004886806 0.9111507 0.004886806 0.8318791 0.06743454 0.8536436 0.02931112 0.3767196 0.2778382 0.3767196 0.2771226 0.3777117 0.2771226 0.3767196 0.2778382 0.3777117 0.2771226 0.3777117 0.2778382 0.4389089 0.8131663 0.4317392 0.816488 0.4285622 0.8131367 0.4389089 0.8131663 0.4285622 0.8131367 0.4360783 0.8096547 0.4669061 0.8524022 0.4669061 0.8717945 0.4666787 0.8717965 0.4669061 0.8524022 0.4666787 0.8717965 0.4666787 0.8521772 0.3954963 0.8398106 0.3856553 0.8397777 0.3853908 0.8397777 0.3853908 0.8397777 0.3853908 0.8136804 0.3954963 0.8137134 0.3853908 0.8397777 0.3954963 0.8137134 0.3954963 0.8398106 0.590972 0.3156239 0.6010506 0.3364265 0.5909608 0.3368667 0.590972 0.3156239 0.6119945 0.3344916 0.6010506 0.3364265 0.4492704 0.2781127 0.4379813 0.2804068 0.437796 0.2784633 0.5831114 0.86887 0.5831114 0.8681557 0.6061495 0.8681557 0.5831114 0.86887 0.6061495 0.8681557 0.6061483 0.86887 0.3744209 0.178584 0.3766637 0.1878929 0.3718697 0.1883257 0.3744209 0.178584 0.3718697 0.1883257 0.3696796 0.1792433 0.4094874 0.1754741 0.4095506 0.1824368 0.4055157 0.1828684 0.4094874 0.1754741 0.4055157 0.1828684 0.4054498 0.1758003 0.9421179 0.1819918 0.9159227 0.1819918 0.9155569 0.1736352 0.9421179 0.1819918 0.9155569 0.1736352 0.9417522 0.1736352 0.8258394 0.884804 0.816934 0.8845198 0.8171686 0.8798489 0.8258394 0.884804 0.8171686 0.8798489 0.8261293 0.8801332 0.9490452 0.003055036 0.9490452 0.1679549 0.9379735 0.1682028 0.9490452 0.003055036 0.9379735 0.1682028 0.9379735 0.003302335 0.8781539 0.6357452 0.8774237 0.6467972 0.8384849 0.6801592 0.8384849 0.6801592 0.8774237 0.6467972 0.8752418 0.6576677 0.2924433 0.8518095 0.2934366 0.8518095 0.2934366 0.8748226 0.2924433 0.8518095 0.2934366 0.8748226 0.2924433 0.8748226 0.6740998 0.9156396 0.6740998 0.8927106 0.6748152 0.8927093 0.6740998 0.9156396 0.6748152 0.8927093 0.6748152 0.915637 0.9198674 0.9161897 0.9198674 0.895383 0.9201125 0.895383 0.9198674 0.9161897 0.9201125 0.895383 0.9201125 0.9161574 0.7725639 0.1392589 0.7725639 0.1382707 0.7732781 0.1382688 0.7725639 0.1392589 0.7732781 0.1382688 0.7732781 0.1392568 0.8857341 0.1319518 0.8025336 0.1319518 0.8025086 0.1056904 0.8025086 0.1056904 0.8242389 0.09464907 0.885698 0.09464907 0.8025086 0.1056904 0.885698 0.09464907 0.8857341 0.1319518 0.3102127 0.8797614 0.2872852 0.8797614 0.2872837 0.8790466 0.3102127 0.8797614 0.2872837 0.8790466 0.3102101 0.8790466 0.8384848 0.593096 0.8666862 0.5935753 0.8716351 0.6034343 0.872751 0.8981056 0.872751 0.9203951 0.872751 0.8981378 0.8125241 0.3811566 0.8016401 0.3794744 0.8211638 0.3592064 0.8125221 0.3811615 0.8016401 0.3794744 0.8125241 0.3811566 0.8016401 0.3794744 0.8125221 0.3811615 0.8016118 0.379504 0.8125241 0.3811566 0.8211638 0.3813127 0.8125221 0.3811615 0.8211638 0.3813127 0.8125241 0.3811566 0.8211638 0.3592064 0.8384848 0.593096 0.8716351 0.6034343 0.8752341 0.6138721 0.8384848 0.593096 0.8752341 0.6138721 0.8774199 0.6247057 0.9698761 0.002136528 0.9698761 0.1670371 0.9490452 0.1679549 0.9698761 0.002136528 0.9490452 0.1679549 0.9490452 0.003055036 0.3643418 0.2554059 0.3660325 0.2553792 0.3660336 0.2570239 0.3643418 0.2554059 0.3660336 0.2570239 0.3643414 0.2578048 0.9541176 0.8440206 0.9541176 0.7593912 0.9606339 0.7599622 0.9541176 0.8440206 0.9606339 0.7599622 0.9606339 0.8445929 0.9624517 0.8763217 0.9631672 0.8763204 0.9631672 0.899248 0.9624517 0.8763217 0.9631672 0.899248 0.9624517 0.8992506 0.3630735 0.1464008 0.3630735 0.1471163 0.3620818 0.1471163 0.3630735 0.1464008 0.3620818 0.1471163 0.3620818 0.1464008 0.03161406 0.02305895 0.0220173 0.02305895 0.02259874 0.02078193 0.03161406 0.02305895 0.02259874 0.02078193 0.0326851 0.02078193 0.461597 0.8545266 0.4625903 0.8545266 0.4625903 0.8775398 0.461597 0.8545266 0.4625903 0.8775398 0.461597 0.8775398 0.3635184 0.835891 0.3560073 0.835891 0.3560073 0.8272994 0.3635184 0.835891 0.3560073 0.8272994 0.3635184 0.827302 0.06636369 0.8790467 0.06636369 0.9020822 0.0656495 0.9020809 0.06636369 0.8790467 0.0656495 0.9020809 0.0656495 0.8790453 0.8384931 0.6866823 0.8387157 0.6867731 0.8387157 0.7610202 0.8384931 0.6866823 0.8387157 0.7610202 0.8384931 0.7611189 0.2831973 0.8824795 0.2602683 0.8824795 0.260267 0.8817646 0.2831973 0.8824795 0.260267 0.8817646 0.2831946 0.8817646 0.3972052 0.279857 0.3979204 0.279857 0.3979204 0.2808487 0.3972052 0.279857 0.3979204 0.2808487 0.3972052 0.2808487 0.3623145 0.2352605 0.3623145 0.214486 0.3625425 0.2144854 0.3623145 0.2352605 0.3625425 0.2144854 0.3625425 0.2351657 0.9026526 0.7389233 0.9026526 0.7321425 0.9068667 0.7303152 0.9026526 0.7389233 0.9068667 0.7303152 0.9068667 0.7367821 0.7974788 0.8794753 0.8075622 0.8796279 0.8073883 0.8843014 0.7974788 0.8794753 0.8073883 0.8843014 0.7973708 0.8841487 0.4010512 0.1847735 0.4012251 0.1905626 0.3966816 0.1924362 0.4010512 0.1847735 0.3966816 0.1924362 0.3965049 0.1864814 0.1410856 0.8872199 0.6453834 0.8872199 0.6452676 0.9009718 0.1410856 0.8872199 0.6452676 0.9009718 0.1409724 0.9009719 0.9197311 0.363646 0.9282143 0.3637357 0.927951 0.3685402 0.9197311 0.363646 0.927951 0.3685402 0.9195575 0.3684505 0.5008327 0.8245862 0.5008327 0.836323 0.4922199 0.8363382 0.5008327 0.8245862 0.4922199 0.8363382 0.4922199 0.8246019 0.9816609 0.9074269 0.9816609 0.8844993 0.9823763 0.884498 0.9816609 0.9074269 0.9823763 0.884498 0.9823763 0.9074243 0.7150235 0.2607893 0.715739 0.2607893 0.715739 0.261781 0.7150235 0.2607893 0.715739 0.261781 0.7150235 0.261781 0.08863252 0.01077187 0.08832865 0.002206563 0.09657949 0.00207746 0.08863252 0.01077187 0.09657949 0.00207746 0.09688204 0.01064276 0.260508 0.6904627 0.260508 0.6125382 0.2607424 0.6126303 0.260508 0.6904627 0.2607424 0.6126303 0.2607424 0.6903666 0.3671607 0.1471176 0.3671607 0.1464008 0.3681526 0.1464008 0.3671607 0.1471176 0.3681526 0.1464008 0.3681526 0.1471176 0.2850891 0.8445773 0.2850891 0.8165369 0.2944138 0.8171165 0.2850891 0.8445773 0.2944138 0.8171165 0.2944138 0.845157 0.3067961 0.810264 0.3174587 0.810264 0.3174192 0.8150527 0.3067961 0.810264 0.3174192 0.8150527 0.3068225 0.8150527 0.3177726 0.3533821 0.3177831 0.3594022 0.3091836 0.3594022 0.3177726 0.3533821 0.3091836 0.3594022 0.3091731 0.3533821 0.2602633 0.7825419 0.2602633 0.7078066 0.2604636 0.7079619 0.2602633 0.7825419 0.2604636 0.7079619 0.2604636 0.7823984 0.06085455 0.8790519 0.06156873 0.8790519 0.06156873 0.90209 0.06085455 0.8790519 0.06156873 0.90209 0.06085455 0.9020888 0.6631425 0.8926669 0.6631425 0.9155946 0.6624276 0.9155972 0.6631425 0.8926669 0.6624276 0.9155972 0.6624276 0.8926682 0.9069266 0.6068031 0.9069266 0.6153606 0.9024959 0.6156053 0.9069266 0.6068031 0.9024959 0.6156053 0.9024959 0.6070479 0.5166244 0.8797639 0.4936966 0.8797639 0.4936954 0.8790484 0.5166244 0.8797639 0.4936954 0.8790484 0.5166218 0.8790484 0.01560944 0.1228732 0.01489394 0.1228732 0.01489394 0.1218811 0.01560944 0.1228732 0.01489394 0.1218811 0.01560944 0.1218811 0.4426682 0.3261566 0.493318 0.3261566 0.493318 0.3347694 0.4426682 0.3261566 0.493318 0.3347694 0.4426682 0.3347694 0.3225722 0.8748185 0.3215789 0.8748185 0.3215789 0.8518053 0.3225722 0.8748185 0.3215789 0.8518053 0.3225722 0.8518053 0.6964693 0.2144784 0.6971834 0.2144784 0.6971834 0.2154701 0.6964693 0.2144784 0.6971834 0.2154701 0.6964693 0.2154701 0.8541299 0.7564935 0.8627005 0.7565146 0.8627005 0.8843758 0.8541299 0.7564935 0.8627005 0.8843758 0.8541299 0.8843573 0.5865815 0.8639572 0.5855883 0.8639572 0.5855883 0.8409151 0.5865815 0.8639572 0.5855883 0.8409151 0.5865815 0.8409151 0.9536022 0.3644922 0.9429305 0.3644173 0.9427925 0.3596522 0.9536022 0.3644922 0.9427925 0.3596522 0.953579 0.3597285 0.7695963 0.3266252 0.780722 0.3262208 0.780722 0.368665 0.7695963 0.3266252 0.780722 0.368665 0.7695963 0.369069 0.9379735 0.003302335 0.9379735 0.1682028 0.9154927 0.1682554 0.9379735 0.003302335 0.9154927 0.1682554 0.9154927 0.003356337 0.4171084 0.8509074 0.4084984 0.8509156 0.4084984 0.8245844 0.4171084 0.8509074 0.4084984 0.8245844 0.4171084 0.8245763 0.8564609 0.02115273 0.8564609 0.02214086 0.8557468 0.02214288 0.8564609 0.02115273 0.8557468 0.02214288 0.8557468 0.02115476 0.002036392 0.8741371 0.002036333 0.3807819 0.06838476 0.3806243 0.002036392 0.8741371 0.06838476 0.3806243 0.06838482 0.8739795 0.03529036 0.2291382 0.03529036 0.2281501 0.03600466 0.2281482 0.03529036 0.2291382 0.03600466 0.2281482 0.03600466 0.2291363 0.1801033 0.02928549 0.1808183 0.02928549 0.1808183 0.03027719 0.1801033 0.02928549 0.1808183 0.03027719 0.1801033 0.03027719 0.2602704 0.8715922 0.260269 0.8708767 0.2831953 0.8708767 0.2602704 0.8715922 0.2831953 0.8708767 0.2831979 0.8715922 0.5133148 0.806491 0.4896422 0.8231554 0.4881178 0.8219483 0.5130557 0.8033123 0.5350539 0.8207283 0.5337886 0.8226997 0.5133148 0.806491 0.4881178 0.8219483 0.5130557 0.8033123 0.5133148 0.806491 0.5130557 0.8033123 0.5337886 0.8226997 0.7974514 0.3207686 0.797462 0.3283734 0.7888519 0.3283219 0.7974514 0.3207686 0.7888519 0.3283219 0.7888386 0.320717 0.9068714 0.6288989 0.9024939 0.6289017 0.9024939 0.6203022 0.9068714 0.6288989 0.9024939 0.6203022 0.9068714 0.6202968 0.1979833 0.2073 0.1979833 0.2063118 0.1986975 0.2063099 0.1979833 0.2073 0.1986975 0.2063099 0.1986975 0.2072986 0.7410575 0.3209581 0.740817 0.3207134 0.7606424 0.3207646 0.7410575 0.3209581 0.7606424 0.3207646 0.7606398 0.3210088 0.8565366 0.7508772 0.8565366 0.6747855 0.8763621 0.6748368 0.8565366 0.7508772 0.8763621 0.6748368 0.8763621 0.7509284 0.260468 0.4011208 0.2602784 0.401134 0.2603311 0.380838 0.260468 0.4011208 0.2603311 0.380838 0.2605218 0.3806312 0.03630673 0.8844876 0.03630673 0.9075232 0.03559219 0.9075219 0.03630673 0.8844876 0.03559219 0.9075219 0.03559219 0.8844863 0.6250264 0.2417176 0.6257405 0.2417176 0.6257405 0.2427093 0.6250264 0.2417176 0.6257405 0.2427093 0.6250264 0.2427093 0.4412955 0.8797645 0.4183678 0.8797645 0.4183665 0.8790503 0.4412955 0.8797645 0.4183665 0.8790503 0.4412928 0.8790503 0.05201089 0.3662346 0.05220031 0.3452113 0.06051564 0.3452113 0.05201089 0.3662346 0.06051564 0.3452113 0.06032621 0.3662346 0.1419802 0.7728306 0.1419802 0.7958727 0.140987 0.7958727 0.1419802 0.7728306 0.140987 0.7958727 0.140987 0.7728306 0.9215236 0.863958 0.9205307 0.863958 0.9205307 0.8409133 0.9215236 0.863958 0.9205307 0.8409133 0.9215236 0.8409133 0.9775828 0.8844903 0.9775828 0.9075258 0.9768672 0.9075245 0.9775828 0.8844903 0.9768672 0.9075245 0.9768672 0.884489 0.2108749 0.2672305 0.2101579 0.2672305 0.2101579 0.2662388 0.2108749 0.2672305 0.2101579 0.2662388 0.2108749 0.2662388 0.02625584 0.003031909 0.02625584 0.002043783 0.02697139 0.002042472 0.02625584 0.003031909 0.02697139 0.002042472 0.02697139 0.003030598 0.544192 0.8545332 0.544192 0.8775753 0.5431986 0.8775753 0.544192 0.8545332 0.5431986 0.8775753 0.5431986 0.8545332 0.0348519 0.22065 0.03386378 0.22065 0.03386187 0.2199352 0.0348519 0.22065 0.03386187 0.2199352 0.03484988 0.2199352 0.1409903 0.8272973 0.1419835 0.8272973 0.1419835 0.8503394 0.1409903 0.8272973 0.1419835 0.8503394 0.1409903 0.8503394 0.4010512 0.1847735 0.4009853 0.1773081 0.4054498 0.1758003 0.4010512 0.1847735 0.4054498 0.1758003 0.4055157 0.1828684 0.9384127 0.9155903 0.9384127 0.8926627 0.9391283 0.8926613 0.9384127 0.9155903 0.9391283 0.8926613 0.9391283 0.9155876 0.1409932 0.854532 0.1419864 0.854532 0.1419864 0.8775451 0.1409932 0.854532 0.1419864 0.8775451 0.1409932 0.8775451 0.6485252 0.7592015 0.6485069 0.7677721 0.6268475 0.7677721 0.6485252 0.7592015 0.6268475 0.7677721 0.6268686 0.7592015 0.9431552 0.3691627 0.9329934 0.3691629 0.9326143 0.3644165 0.9431552 0.3691627 0.9326143 0.3644165 0.9429305 0.3644173 0.3620734 0.8409095 0.3620734 0.8639516 0.3610801 0.8639516 0.3620734 0.8409095 0.3610801 0.8639516 0.3610801 0.8409095 0.3871964 0.1892995 0.3873835 0.1955308 0.3826555 0.1967465 0.3871964 0.1892995 0.3826555 0.1967465 0.382463 0.1903994 0.3980629 0.2915948 0.3905134 0.2915948 0.3905766 0.2880329 0.3980629 0.2915948 0.3905766 0.2880329 0.3983656 0.2880316 0.349263 0.8518131 0.3502563 0.8518131 0.3502563 0.8748264 0.349263 0.8518131 0.3502563 0.8748264 0.349263 0.8748264 0.031066 0.0027588 0.031066 0.002044498 0.0320577 0.002044498 0.031066 0.0027588 0.0320577 0.002044498 0.0320577 0.0027588 0.9960424 0.9101483 0.9960424 0.8872207 0.9967567 0.8872194 0.9960424 0.9101483 0.9967567 0.8872194 0.9967567 0.9101457 0.3736799 0.8748209 0.3726867 0.8748209 0.3726867 0.8518077 0.3736799 0.8748209 0.3726867 0.8518077 0.3736799 0.8518077 0.6761881 0.2144906 0.6923878 0.2144906 0.6923924 0.2182165 0.6761881 0.2144906 0.6923924 0.2182165 0.6761933 0.2182165 0.4084935 0.8572555 0.4094864 0.8572555 0.4094864 0.8802712 0.4084935 0.8572555 0.4094864 0.8802712 0.4084935 0.8802712 0.567304 0.2553346 0.5680191 0.2553346 0.5680191 0.2563263 0.567304 0.2553346 0.5680191 0.2563263 0.567304 0.2563263 0.4017383 0.1942822 0.4056183 0.1940127 0.4056142 0.2020179 0.4017383 0.1942822 0.4056142 0.2020179 0.4017321 0.2021673 0.7922009 0.1229168 0.7922009 0.1219287 0.7929151 0.1219268 0.7922009 0.1229168 0.7929151 0.1219268 0.7929151 0.1229148 0.9202102 0.8681471 0.9209258 0.8681485 0.9209258 0.891184 0.9202102 0.8681471 0.9209258 0.891184 0.9202102 0.8911827 0.9157927 0.9155891 0.9150772 0.9155904 0.9150772 0.8926641 0.9157927 0.9155891 0.9150772 0.8926641 0.9157927 0.8926615 0.6484789 0.8545321 0.6484789 0.8775769 0.647486 0.8775769 0.6484789 0.8545321 0.647486 0.8775769 0.647486 0.8545321 0.002755105 0.8844981 0.002755105 0.9075336 0.002040922 0.9075323 0.002755105 0.8844981 0.002040922 0.9075323 0.002040922 0.8844968 0.9205771 0.8320895 0.9205745 0.80551 0.9291899 0.8055086 0.9205771 0.8320895 0.9291899 0.8055086 0.9291899 0.8320881 0.6041336 0.8103159 0.595043 0.8103123 0.5945754 0.8055157 0.6041336 0.8103159 0.5945754 0.8055157 0.6034923 0.8055179 0.9479961 0.9155871 0.9479961 0.8926595 0.948711 0.8926582 0.9479961 0.9155871 0.948711 0.8926582 0.948711 0.9155845 0.7973708 0.8841487 0.8073883 0.8843014 0.807101 0.8889668 0.7973708 0.8841487 0.807101 0.8889668 0.7971889 0.8888169 0.9791818 0.8777772 0.9791818 0.7077974 0.9815043 0.7107064 0.9791818 0.8777772 0.9815043 0.7107064 0.9815043 0.8777799 0.005426228 0.07013404 0.005426228 0.08999937 0.002038419 0.08999937 0.005426228 0.07013404 0.002038419 0.08999937 0.002038419 0.07013404 0.4808833 0.8193535 0.4809632 0.8238142 0.4730392 0.8237574 0.4808833 0.8193535 0.4730392 0.8237574 0.4728135 0.8192951 0.6544963 0.8936544 0.6544963 0.9143348 0.654275 0.9143355 0.6544963 0.8936544 0.654275 0.9143355 0.654275 0.893561 0.3720805 0.8797674 0.3491528 0.8797674 0.3491515 0.8790519 0.3720805 0.8797674 0.3491515 0.8790519 0.3720778 0.8790519 0.283201 0.8770428 0.2602721 0.8770428 0.2602708 0.8763272 0.283201 0.8770428 0.2602708 0.8763272 0.2831984 0.8763272 0.9527915 0.909234 0.9527987 0.909004 0.9721249 0.909004 0.9527915 0.909234 0.9721249 0.909004 0.9723437 0.909234 0.1625242 0.03200823 0.163241 0.03200823 0.163241 0.03299993 0.1625242 0.03200823 0.163241 0.03299993 0.1625242 0.03299993 0.9432287 0.8654322 0.9439429 0.8654322 0.9439429 0.8884703 0.9432287 0.8654322 0.9439429 0.8884703 0.9432287 0.888469 0.5234159 0.2649807 0.5156947 0.2667138 0.5144183 0.2623484 0.5234159 0.2649807 0.5144183 0.2623484 0.5223053 0.260578 0.817245 0.5935258 0.8262267 0.59381 0.8262268 0.8754624 0.817245 0.5935258 0.8262268 0.8754624 0.817245 0.8751782 0.9202538 0.1964093 0.9202538 0.1954212 0.920968 0.1954191 0.9202538 0.1964093 0.920968 0.1954191 0.920968 0.1964073 0.2547453 0.3098041 0.254994 0.3198065 0.2268481 0.3198065 0.2547453 0.3098041 0.2268481 0.3198065 0.2265995 0.3098041 0.894639 0.9319289 0.894639 0.8548951 0.8948733 0.8551201 0.894639 0.9319289 0.8948733 0.8551201 0.8948733 0.9316987 0.6655055 0.826528 0.6616129 0.8269921 0.6616287 0.8196787 0.6655055 0.826528 0.6616287 0.8196787 0.6655187 0.8193243 0.4683077 0.8824781 0.4453801 0.8824781 0.4453788 0.8817626 0.4683077 0.8824781 0.4453788 0.8817626 0.468305 0.8817626 0.5651965 0.2149292 0.5649136 0.2255175 0.560132 0.2253279 0.5651965 0.2149292 0.560132 0.2253279 0.560415 0.2148067 0.1006717 0.9092257 0.07998996 0.9092257 0.07999128 0.9089991 0.1006717 0.9092257 0.07999128 0.9089991 0.1007651 0.9089991 0.7747699 0.9279085 0.6820876 0.9279978 0.6820876 0.5931517 0.7747699 0.9279085 0.6820876 0.5931517 0.7747699 0.5930624 0.0220173 0.02305895 0.01172173 0.02328556 0.0121178 0.02101379 0.0220173 0.02305895 0.0121178 0.02101379 0.02259874 0.02078193 0.6591093 0.2344826 0.6585496 0.2281854 0.6633903 0.2283371 0.6591093 0.2344826 0.6633903 0.2283371 0.6639599 0.2347121 0.3839741 0.2692336 0.3830963 0.2708666 0.3736452 0.2641722 0.3839741 0.2692336 0.3736452 0.2641722 0.3747743 0.2627182 0.6383116 0.8632083 0.6383116 0.8822585 0.6380888 0.8822585 0.6383116 0.8632083 0.6380888 0.8822585 0.6380888 0.8633024 0.3990852 0.879765 0.3761575 0.879765 0.3761562 0.8790495 0.3990852 0.879765 0.3761562 0.8790495 0.3990826 0.8790495 0.04110121 0.8844878 0.04110121 0.9075233 0.04038691 0.9075219 0.04110121 0.8844878 0.04038691 0.9075219 0.04038691 0.8844864 0.04518288 0.8844903 0.04589706 0.8844917 0.04589706 0.9075272 0.04518288 0.8844903 0.04589706 0.9075272 0.04518288 0.9075259 0.5144183 0.2623484 0.5049177 0.2645476 0.5033795 0.2601694 0.5144183 0.2623484 0.5033795 0.2601694 0.5131644 0.2579039 0.3601127 0.7918932 0.3600923 0.8004638 0.2602663 0.8004638 0.3601127 0.7918932 0.2602663 0.8004638 0.2602867 0.7918932 0.787095 0.8793911 0.7974788 0.8794753 0.7973708 0.8841487 0.787095 0.8793911 0.7973708 0.8841487 0.7870528 0.8840672 0.907771 0.3016355 0.9084852 0.3016355 0.9084852 0.3026272 0.907771 0.3016355 0.9084852 0.3026272 0.907771 0.3026272 0.5289716 0.829512 0.5203588 0.8294633 0.5203497 0.8245846 0.5289716 0.829512 0.5203497 0.8245846 0.5289598 0.8246333 0.4896114 0.8770427 0.4666838 0.8770427 0.4666824 0.8763285 0.4896114 0.8770427 0.4666824 0.8763285 0.4896088 0.8763285 0.6252188 0.8797644 0.6022912 0.8797644 0.6022899 0.8790495 0.6252188 0.8797644 0.6022899 0.8790495 0.6252162 0.8790495 0.1254606 0.002045989 0.1254606 0.003037691 0.1247438 0.003037691 0.1254606 0.002045989 0.1247438 0.003037691 0.1247438 0.002045989 0.01641756 0.8844912 0.01713186 0.8844925 0.01713186 0.907528 0.01641756 0.8844912 0.01713186 0.907528 0.01641756 0.9075267 0.05704849 0.3325838 0.05704849 0.3315957 0.05776274 0.3315938 0.05704849 0.3325838 0.05776274 0.3315938 0.05776274 0.3325825 0.04009282 0.002856731 0.04942381 0.00273019 0.04947125 0.007318615 0.04009282 0.002856731 0.04947125 0.007318615 0.03975081 0.007450342 0.667865 0.88851 0.667865 0.8654718 0.6685806 0.8654732 0.667865 0.88851 0.6685806 0.8654732 0.6685806 0.88851 0.2129179 0.1492584 0.2129179 0.2338891 0.2035224 0.234543 0.2129179 0.1492584 0.2035224 0.234543 0.2035224 0.1499124 0.272557 0.8381888 0.2786619 0.8381888 0.2776461 0.8429589 0.272557 0.8381888 0.2776461 0.8429589 0.2714294 0.8429589 0.4693799 0.3207102 0.492422 0.3207102 0.492422 0.3217035 0.4693799 0.3207102 0.492422 0.3217035 0.4693799 0.3217035 0.3817977 0.8463617 0.3827913 0.8463617 0.3827913 0.8693776 0.3817977 0.8463617 0.3827913 0.8693776 0.3817977 0.8693776 0.7322055 0.3464561 0.7322055 0.3376356 0.7367333 0.3387935 0.7322055 0.3464561 0.7367333 0.3387935 0.7367333 0.3472048 0.3071085 0.8399847 0.2984983 0.8399925 0.2984983 0.8273012 0.3071085 0.8399847 0.2984983 0.8273012 0.3071085 0.8272932 0.7412755 0.39634 0.7606319 0.3963899 0.7606398 0.3966137 0.7412755 0.39634 0.7606398 0.3966137 0.7410575 0.396563 0.97207 0.8992483 0.97207 0.8763206 0.9727843 0.8763194 0.97207 0.8992483 0.9727843 0.8763194 0.9727843 0.8992457 0.7158379 0.253407 0.7138991 0.254108 0.7137172 0.2323935 0.7158379 0.253407 0.7137172 0.2323935 0.7156581 0.2319715 0.8152449 0.08920288 0.8152449 0.09019464 0.814528 0.09019464 0.8152449 0.08920288 0.814528 0.09019464 0.814528 0.08920288 0.04942381 0.00273019 0.05877077 0.002477228 0.05920493 0.007057666 0.04942381 0.00273019 0.05920493 0.007057666 0.04947125 0.007318615 0.01234436 0.8844931 0.01234441 0.9075286 0.01162886 0.9075272 0.01234436 0.8844931 0.01162886 0.9075272 0.01162886 0.8844918 0.4221903 0.8748258 0.4211971 0.8748258 0.4211971 0.8518126 0.4221903 0.8748258 0.4211971 0.8518126 0.4221903 0.8518126 0.1419802 0.8000547 0.1419802 0.8230969 0.140987 0.8230969 0.1419802 0.8000547 0.140987 0.8230969 0.140987 0.8000547 0.5098379 0.3129623 0.5098381 0.3330997 0.5096114 0.3330981 0.5098379 0.3129623 0.5096114 0.3330981 0.5096112 0.3127337 0.5381278 0.8545272 0.5391211 0.8545272 0.5391211 0.8775404 0.5381278 0.8545272 0.5391211 0.8775404 0.5381278 0.8775404 0.573091 0.2560528 0.5721029 0.2560528 0.5721009 0.255338 0.573091 0.2560528 0.5721009 0.255338 0.5730891 0.255338 0.7788617 0.59306 0.7871081 0.5930679 0.7871082 0.8747203 0.7788617 0.59306 0.7871082 0.8747203 0.7788617 0.8747098 0.002216577 0.1387657 0.002117991 0.1355003 0.01317387 0.1355003 0.002216577 0.1387657 0.01317387 0.1355003 0.01327192 0.1387657 0.61549 0.8191274 0.6241002 0.8191195 0.6241002 0.8474233 0.61549 0.8191274 0.6241002 0.8474233 0.61549 0.8474311 0.02374112 0.1664512 0.02374112 0.1654595 0.02445614 0.1654595 0.02374112 0.1664512 0.02445614 0.1654595 0.02445614 0.1664512 0.18107 0.01420843 0.18107 0.02498543 0.178499 0.024796 0.18107 0.01420843 0.178499 0.024796 0.178499 0.01390719 0.6820308 0.3959366 0.681957 0.3855121 0.6867167 0.3859266 0.6820308 0.3959366 0.6867167 0.3859266 0.6867879 0.3960983 0.006831228 0.9075741 0.006831228 0.8845385 0.007545411 0.8845399 0.006831228 0.9075741 0.007545411 0.8845399 0.007545411 0.9075754 0.568865 0.8648453 0.5640314 0.8648453 0.5640314 0.8136851 0.568865 0.8648453 0.5640314 0.8136851 0.568865 0.8136851 0.8431885 0.6830117 0.844024 0.6830353 0.850046 0.6832063 0.850046 0.6832063 0.8500461 0.8503903 0.8431885 0.8501956 0.850046 0.6832063 0.8431885 0.8501956 0.8431885 0.6830117 0.9770227 0.8777745 0.977023 0.7051001 0.9791818 0.7077974 0.9770227 0.8777745 0.9791818 0.7077974 0.9791818 0.8777772 0.1614223 0.02608299 0.1614223 0.01879644 0.16512 0.01853597 0.1614223 0.02608299 0.16512 0.01853597 0.16512 0.02605533 0.6545102 0.2400321 0.6545102 0.239044 0.6552244 0.239042 0.6545102 0.2400321 0.6552244 0.239042 0.6552244 0.2400307 0.91544 0.19542 0.9161552 0.19542 0.9161552 0.1964117 0.91544 0.19542 0.9161552 0.1964117 0.91544 0.1964117 0.002041816 0.8797629 0.002040505 0.8790486 0.02496683 0.8790486 0.002041816 0.8797629 0.02496683 0.8790486 0.02496945 0.8797629 0.7208662 0.2149728 0.7012838 0.2149716 0.7012804 0.2147291 0.7208662 0.2149728 0.7012804 0.2147291 0.7211062 0.2147303 0.5475718 0.8004568 0.5475929 0.7918863 0.5621763 0.7918863 0.5475718 0.8004568 0.5621763 0.7918863 0.5621579 0.8004568 0.1975874 0.2008677 0.1975874 0.2018595 0.1968705 0.2018595 0.1975874 0.2008677 0.1968705 0.2018595 0.1968705 0.2008677 0.5340452 0.8300234 0.5340452 0.8530682 0.5330523 0.8530682 0.5340452 0.8300234 0.5330523 0.8530682 0.5330523 0.8300234 0.9332651 0.8327409 0.9342584 0.8327409 0.9342584 0.8557829 0.9332651 0.8327409 0.9342584 0.8557829 0.9332651 0.8557829 0.9203194 0.7995259 0.9027124 0.7995682 0.9024887 0.7995688 0.9024874 0.7486662 0.9377357 0.799484 0.9203194 0.7995259 0.9024887 0.7995688 0.9024874 0.7486662 0.9203194 0.7995259 0.03920018 0.2726702 0.03920018 0.271682 0.03991574 0.2716807 0.03920018 0.2726702 0.03991574 0.2716807 0.03991574 0.2726688 0.5954481 0.8199202 0.5853955 0.8197405 0.5853867 0.8149418 0.5954481 0.8199202 0.5853867 0.8149418 0.5953321 0.8151187 0.5730022 0.2503281 0.5683182 0.2503306 0.5683182 0.2417151 0.5730022 0.2503281 0.5683182 0.2417151 0.5730022 0.2417151 0.8394768 0.8545361 0.8394768 0.8775781 0.8384835 0.8775781 0.8394768 0.8545361 0.8384835 0.8775781 0.8384835 0.8545361 0.4949041 0.8409186 0.4949041 0.8639607 0.4939109 0.8639607 0.4949041 0.8409186 0.4939109 0.8639607 0.4939109 0.8409186 0.670652 0.3609781 0.6813356 0.360907 0.681575 0.3657009 0.670652 0.3609781 0.681575 0.3657009 0.6707257 0.3657747 0.9161167 0.8654311 0.9161167 0.8884666 0.9154012 0.8884653 0.9161167 0.8654311 0.9154012 0.8884653 0.9154012 0.8654297 0.3965049 0.1864814 0.3964338 0.1786554 0.4009853 0.1773081 0.3965049 0.1864814 0.4009853 0.1773081 0.4010512 0.1847735 0.4097025 0.2063077 0.4104169 0.2063077 0.4104169 0.2072994 0.4097025 0.2063077 0.4104169 0.2072994 0.4097025 0.2072994 0.3918058 0.1798396 0.3918797 0.1710558 0.3965049 0.1702217 0.3918058 0.1798396 0.3965049 0.1702217 0.3964338 0.1786554 0.5916592 0.8639533 0.5906659 0.8639533 0.5906659 0.8409112 0.5916592 0.8639533 0.5906659 0.8409112 0.5916592 0.8409112 0.9432079 0.9155888 0.9432079 0.8926612 0.9439228 0.8926599 0.9432079 0.9155888 0.9439228 0.8926599 0.9439228 0.9155862 0.3088537 0.3090047 0.3011121 0.3090047 0.3017804 0.3043636 0.3088537 0.3090047 0.3017804 0.3043636 0.3096747 0.3043636 0.817245 0.8751782 0.8262268 0.8754624 0.8261293 0.8801332 0.817245 0.8751782 0.8261293 0.8801332 0.8171686 0.8798489 0.05877077 0.002477228 0.06796228 0.002108216 0.06878066 0.006670236 0.05877077 0.002477228 0.06878066 0.006670236 0.05920493 0.007057666 0.1631954 0.01674717 0.1594583 0.01674717 0.1588914 0.01456576 0.1631954 0.01674717 0.1588914 0.01456576 0.1632014 0.01456576 0.3620784 0.1664512 0.3620784 0.1654631 0.3627927 0.1654611 0.3620784 0.1664512 0.3627927 0.1654611 0.3627927 0.1664498 0.909805 0.2970306 0.907953 0.2972252 0.907953 0.2854838 0.909805 0.2970306 0.907953 0.2854838 0.909805 0.2856522 0.9528911 0.9035569 0.9718163 0.9035569 0.9718163 0.9037994 0.9528911 0.9035569 0.9718163 0.9037994 0.9528595 0.9037994 0.6735504 0.2335467 0.6735504 0.2345384 0.6728349 0.2345384 0.6735504 0.2335467 0.6728349 0.2345384 0.6728349 0.2335467 0.6672235 0.9155905 0.6672235 0.8926629 0.667939 0.8926616 0.6672235 0.9155905 0.667939 0.8926616 0.667939 0.9155879 0.3754952 0.2090424 0.3754952 0.2097572 0.3745036 0.2097572 0.3754952 0.2090424 0.3745036 0.2097572 0.3745036 0.2090424 0.1409724 0.9009719 0.6452676 0.9009718 0.6452413 0.9293191 0.1409724 0.9009719 0.6452413 0.9293191 0.1409435 0.9293192 0.02587628 0.1736758 0.02587628 0.174664 0.0251621 0.174666 0.02587628 0.1736758 0.0251621 0.174666 0.0251621 0.1736773 0.4262705 0.8518152 0.4272637 0.8518152 0.4272637 0.8748285 0.4262705 0.8518152 0.4272637 0.8748285 0.4262705 0.8748285 0.1796972 0.1174268 0.1796972 0.1164387 0.1804127 0.1164367 0.1796972 0.1174268 0.1804127 0.1164367 0.1804127 0.1174248 0.6723623 0.7944161 0.6723623 0.7594368 0.6723623 0.7592134 0.6723623 0.7592134 0.6771931 0.7592134 0.6771931 0.7594368 0.6771931 0.7594368 0.6771931 0.7770217 0.6771905 0.7770217 0.6771905 0.7770217 0.6771905 0.7944158 0.6723623 0.7944161 0.6723623 0.7944161 0.6723623 0.7592134 0.6771931 0.7594368 0.6771931 0.7594368 0.6771905 0.7770217 0.6723623 0.7944161 0.9577674 0.3434073 0.9621555 0.3428034 0.9621555 0.3517093 0.9577674 0.3434073 0.9621555 0.3517093 0.9577674 0.35263 0.5482765 0.8770419 0.5482752 0.8763264 0.5712015 0.8763264 0.5482765 0.8770419 0.5712015 0.8763264 0.5712041 0.8770419 0.02772533 0.365581 0.03556442 0.3659052 0.03537237 0.3699216 0.02772533 0.365581 0.03537237 0.3699216 0.02741491 0.3695948 0.4719447 0.8330598 0.4719447 0.8415409 0.4674221 0.8426067 0.4719447 0.8330598 0.4674221 0.8426067 0.4674221 0.8337151 0.03975081 0.007450342 0.04947125 0.007318615 0.04952383 0.01197552 0.03975081 0.007450342 0.04952383 0.01197552 0.039456 0.01211255 0.5040784 0.8518104 0.5050714 0.8518104 0.5050714 0.8748263 0.5040784 0.8518104 0.5050714 0.8748263 0.5040784 0.8748263 0.5353218 0.8817652 0.5582495 0.8817652 0.5582521 0.8824808 0.5353218 0.8817652 0.5582521 0.8824808 0.5353232 0.8824808 0.1409896 0.6648914 0.141215 0.6649816 0.141215 0.7392293 0.1409896 0.6648914 0.141215 0.7392293 0.1409896 0.7393273 0.9103206 0.8436347 0.9113138 0.8436347 0.9113138 0.8666479 0.9103206 0.8436347 0.9113138 0.8666479 0.9103206 0.8666479 0.7599912 0.3869152 0.7580317 0.3863152 0.7580317 0.3762223 0.7599912 0.3869152 0.7580317 0.3762223 0.7599912 0.3770486 0.5649136 0.2255175 0.5644879 0.235513 0.5597117 0.2352601 0.5649136 0.2255175 0.5597117 0.2352601 0.560132 0.2253279 0.9024958 0.7258406 0.9024958 0.7185211 0.9068048 0.7188864 0.9024958 0.7258406 0.9068048 0.7188864 0.9068048 0.7259522 0.6045646 0.8151217 0.5953321 0.8151187 0.595043 0.8103123 0.6045646 0.8151217 0.595043 0.8103123 0.6041336 0.8103159 0.8110906 0.09465008 0.8118074 0.09465008 0.8118074 0.09564185 0.8110906 0.09465008 0.8118074 0.09564185 0.8110906 0.09564185 0.4711202 0.2709235 0.4497912 0.2798958 0.4492704 0.2781127 0.4711202 0.2709235 0.4492704 0.2781127 0.4702745 0.2692764 0.02373951 0.1709109 0.02445501 0.1709109 0.02445501 0.1719027 0.02373951 0.1709109 0.02445501 0.1719027 0.02373951 0.1719027 0.3845276 0.2924951 0.3780465 0.2923713 0.3797096 0.2880887 0.3845276 0.2924951 0.3797096 0.2880887 0.3865064 0.2882178 0.2602654 0.8500751 0.2602654 0.8490819 0.2832786 0.8490819 0.2602654 0.8500751 0.2832786 0.8490819 0.2832786 0.8500751 0.8445423 0.85453 0.8445423 0.8775721 0.8435491 0.8775721 0.8445423 0.85453 0.8435491 0.8775721 0.8435491 0.85453 0.8741896 0.1365647 0.7975754 0.1365648 0.7978188 0.1363203 0.8741896 0.1365647 0.7978188 0.1363203 0.873946 0.1363202 0.141215 0.6649816 0.1414588 0.6650118 0.1414588 0.7391958 0.141215 0.6649816 0.1414588 0.7391958 0.141215 0.7392293 0.6644188 0.8612304 0.6634255 0.8612304 0.6634255 0.8381883 0.6644188 0.8612304 0.6634255 0.8381883 0.6644188 0.8381883 0.6493474 0.9279611 0.6493474 0.9090045 0.6495899 0.9090045 0.6493474 0.9279611 0.6495899 0.9090045 0.6495899 0.9279288 0.1305346 0.002045571 0.1305346 0.002761185 0.1295429 0.002761185 0.1305346 0.002045571 0.1295429 0.002761185 0.1295429 0.002045571 0.05069261 0.8844918 0.05069261 0.9075273 0.049977 0.907526 0.05069261 0.8844918 0.049977 0.907526 0.049977 0.8844904 0.446056 0.8220493 0.4461219 0.8313751 0.4416679 0.830912 0.446056 0.8220493 0.4416679 0.830912 0.441602 0.8219073 0.6964122 0.2245643 0.7091518 0.224828 0.7087882 0.227065 0.6964122 0.2245643 0.7087882 0.227065 0.6963058 0.226806 0.7782331 0.3852853 0.7696229 0.385338 0.7696229 0.3803645 0.7782331 0.3852853 0.7696229 0.3803645 0.7782331 0.3803092 0.6776369 0.2342637 0.6776369 0.2335482 0.6786286 0.2335482 0.6776369 0.2342637 0.6786286 0.2335482 0.6786286 0.2342637 0.6383211 0.8191357 0.6383211 0.845331 0.6296609 0.8453533 0.6383211 0.8191357 0.6296609 0.8453533 0.6296609 0.8191587 0.5101448 0.8748216 0.5091519 0.8748216 0.5091519 0.8518058 0.5101448 0.8748216 0.5091519 0.8518058 0.5101448 0.8518058 0.9051365 0.8992534 0.9051365 0.8763245 0.9058514 0.8763232 0.9051365 0.8992534 0.9058514 0.8763232 0.9058514 0.8992508 0.0465973 0.2808857 0.0465973 0.2798976 0.04731279 0.2798957 0.0465973 0.2808857 0.04731279 0.2798957 0.04731279 0.2808837 0.1692301 0.02485513 0.1705247 0.02476835 0.1711341 0.04763281 0.1692301 0.02485513 0.1711341 0.04763281 0.1698388 0.04771971 0.4726304 0.8147668 0.4728135 0.8192951 0.4629737 0.8192548 0.4726304 0.8147668 0.4629737 0.8192548 0.4625458 0.8147251 0.4006071 0.1719005 0.4006071 0.1709125 0.4013227 0.1709104 0.4006071 0.1719005 0.4013227 0.1709104 0.4013227 0.1718986 0.6722816 0.2221903 0.6965054 0.2221945 0.6964122 0.2245643 0.6722816 0.2221903 0.6964122 0.2245643 0.6724092 0.2245583 0.5982141 0.8797675 0.5752863 0.8797675 0.5752851 0.8790521 0.5982141 0.8797675 0.5752851 0.8790521 0.5982115 0.8790521 0.7788512 0.8953843 0.8017777 0.8953843 0.8017803 0.8960993 0.7788512 0.8953843 0.8017803 0.8960993 0.7788527 0.8960993 0.5967422 0.8409092 0.5967422 0.8639513 0.5957491 0.8639513 0.5967422 0.8409092 0.5957491 0.8639513 0.5957491 0.8409092 0.3670757 0.1885914 0.3689153 0.196837 0.3640713 0.1966528 0.3670757 0.1885914 0.3640713 0.1966528 0.362295 0.1886887 0.04363763 0.3701457 0.03537237 0.3699216 0.03556442 0.3659052 0.04363763 0.3701457 0.03556442 0.3659052 0.04370605 0.3661239 0.3685966 0.8381882 0.3685966 0.8612303 0.3676034 0.8612303 0.3685966 0.8381882 0.3676034 0.8612303 0.3676034 0.8381882 0.9864554 0.9101467 0.9864554 0.8872191 0.9871709 0.8872178 0.9864554 0.9101467 0.9871709 0.8872178 0.9871709 0.910144 0.1244387 0.3915188 0.124262 0.400635 0.1137724 0.4006983 0.1244387 0.3915188 0.1137724 0.4006983 0.1139492 0.3915821 0.5142304 0.851813 0.5152236 0.851813 0.5152236 0.8748262 0.5142304 0.851813 0.5152236 0.8748262 0.5142304 0.8748262 0.8564866 0.3016341 0.9016945 0.301642 0.9016945 0.3769219 0.8564866 0.3016341 0.9016945 0.3769219 0.8564866 0.376914 0.3878672 0.8693771 0.3868739 0.8693771 0.3868739 0.846364 0.3878672 0.8693771 0.3868739 0.846364 0.3878672 0.846364 0.3929434 0.8693771 0.3919501 0.8693771 0.3919501 0.846364 0.3929434 0.8693771 0.3919501 0.846364 0.3929434 0.846364 0.04952383 0.01197552 0.05960488 0.01170402 0.05996274 0.01640576 0.04952383 0.01197552 0.05996274 0.01640576 0.04958176 0.01668244 0.828785 0.8960964 0.8058574 0.8960964 0.8058561 0.8953808 0.828785 0.8960964 0.8058561 0.8953808 0.8287824 0.8953808 0.03387296 0.2445492 0.04128658 0.2449045 0.04128658 0.2658929 0.03387296 0.2445492 0.04128658 0.2658929 0.03387296 0.2655401 0.9342654 0.8055051 0.9342655 0.8285472 0.9332723 0.8285472 0.9342654 0.8055051 0.9332723 0.8285472 0.9332722 0.8055051 0.6965054 0.2221945 0.7094672 0.2224634 0.7091518 0.224828 0.6965054 0.2221945 0.7091518 0.224828 0.6964122 0.2245643 0.7293264 0.3308481 0.7289903 0.3261476 0.7359959 0.3282868 0.7293264 0.3308481 0.7359959 0.3282868 0.7360911 0.3329131 0.1409945 0.5734634 0.1409945 0.3891804 0.1431233 0.3895422 0.1409945 0.5734634 0.1431233 0.3895422 0.1431233 0.5734607 0.5537853 0.2318109 0.5537853 0.2308228 0.5544995 0.2308207 0.5537853 0.2318109 0.5544995 0.2308207 0.5544995 0.2318094 0.9919679 0.8872207 0.9919679 0.9101469 0.9912523 0.9101496 0.9919679 0.8872207 0.9912523 0.9101496 0.9912523 0.887222 0.9038639 0.214483 0.9038639 0.2960402 0.8564884 0.296039 0.9038639 0.214483 0.8564884 0.296039 0.8564883 0.214483 0.1735226 0.08591496 0.1717982 0.06116628 0.174474 0.06100189 0.1735226 0.08591496 0.174474 0.06100189 0.1761956 0.08570969 0.3952429 0.808301 0.3744651 0.8082766 0.3741757 0.7920703 0.3952429 0.808301 0.3741757 0.7920703 0.3949561 0.7920954 0.9528408 0.8763272 0.9535563 0.8763259 0.9535563 0.8992522 0.9528408 0.8763272 0.9535563 0.8992522 0.9528408 0.8992549 0.1804268 0.00687015 0.1802031 0.00687015 0.1802031 0.002044141 0.1804268 0.00687015 0.1802031 0.002044141 0.1804268 0.002044141 0.681957 0.3855121 0.6820308 0.3754693 0.6867879 0.3761271 0.681957 0.3855121 0.6867879 0.3761271 0.6867167 0.3859266 0.8387157 0.6867731 0.8389595 0.6868034 0.8389595 0.7609874 0.8387157 0.6867731 0.8389595 0.7609874 0.8387157 0.7610202 0.382463 0.1723347 0.3827003 0.1624563 0.3874256 0.1621668 0.382463 0.1723347 0.3874256 0.1621668 0.3871964 0.1717584 0.3656135 0.2095878 0.3620769 0.2095089 0.3620769 0.2009121 0.3656135 0.2095878 0.3620769 0.2009121 0.3656135 0.200991 0.01235222 0.007057726 0.02102816 0.007318615 0.02006757 0.01197552 0.01235222 0.007057726 0.02006757 0.01197552 0.01108396 0.01170408 0.1830986 0.3806312 0.2605218 0.3806312 0.2603311 0.380838 0.1830986 0.3806312 0.2603311 0.380838 0.1832986 0.380838 0.4072397 0.1872512 0.4079553 0.1872512 0.4079553 0.1882429 0.4072397 0.1872512 0.4079553 0.1882429 0.4072397 0.1882429 0.3347784 0.3047989 0.314004 0.3047989 0.314004 0.3045696 0.3347784 0.3047989 0.314004 0.3045696 0.3346851 0.3045696 0.5392571 0.821852 0.5478276 0.8218722 0.5478276 0.849451 0.5392571 0.821852 0.5478276 0.849451 0.5392571 0.8494306 0.3791298 0.279897 0.3791298 0.2808851 0.3784142 0.2808863 0.3791298 0.279897 0.3784142 0.2808863 0.3784142 0.2798983 0.4287416 0.8226537 0.425117 0.8196312 0.4317392 0.816488 0.4287416 0.8226537 0.4317392 0.816488 0.4350124 0.8196787 0.905785 0.3817731 0.9060136 0.3819994 0.8856491 0.3820008 0.905785 0.3817731 0.8856491 0.3820008 0.8856478 0.3817731 0.953579 0.3597285 0.9427925 0.3596522 0.9427416 0.3548781 0.953579 0.3597285 0.9427416 0.3548781 0.9535971 0.3549551 0.3346851 0.3045696 0.314004 0.3045696 0.3140047 0.3043654 0.3346851 0.3045696 0.3140047 0.3043654 0.3345357 0.3043654 0.174474 0.06100189 0.1738119 0.04751181 0.1764757 0.04744338 0.174474 0.06100189 0.1764757 0.04744338 0.1771338 0.06085443 0.9099166 0.214509 0.9099166 0.2545704 0.9079466 0.2558623 0.9099166 0.214509 0.9079466 0.2558623 0.9079466 0.2145026 0.01078999 0.1013498 0.01084268 0.1083744 0.002240478 0.1082296 0.01078999 0.1013498 0.002240478 0.1082296 0.002190351 0.1012038 0.4702745 0.2692764 0.4799039 0.2627846 0.4809918 0.2642691 0.4702745 0.2692764 0.4809918 0.2642691 0.4711202 0.2709235 0.2602615 0.6904942 0.2602615 0.6125053 0.260508 0.6125382 0.2602615 0.6904942 0.260508 0.6125382 0.260508 0.6904627 0.1327266 0.9226033 0.1327266 0.903553 0.1329519 0.9035534 0.1327266 0.9226033 0.1329519 0.9035534 0.1329519 0.9225099 0.5855836 0.8245902 0.5902616 0.8245823 0.5902616 0.8348343 0.5855836 0.8245902 0.5902616 0.8348343 0.5855836 0.8348638 0.2602702 0.8555219 0.2602702 0.8545286 0.2832833 0.8545286 0.2602702 0.8555219 0.2832833 0.8545286 0.2832833 0.8555219 0.3744651 0.8082766 0.3645341 0.8081383 0.3642473 0.791932 0.3744651 0.8082766 0.3642473 0.791932 0.3741757 0.7920703 0.6705336 0.3561974 0.6810094 0.3561262 0.6813356 0.360907 0.6705336 0.3561974 0.6813356 0.360907 0.670652 0.3609781 0.1705247 0.01370453 0.1707817 0.002065777 0.1734587 0.002094626 0.1705247 0.01370453 0.1734587 0.002094626 0.1732037 0.01365458 0.3627704 0.258534 0.3643414 0.2578048 0.3725832 0.2655442 0.3627704 0.258534 0.3725832 0.2655442 0.371595 0.2668219 0.437796 0.2784633 0.4379813 0.2804068 0.4155234 0.2803995 0.437796 0.2784633 0.4155234 0.2803995 0.4157144 0.278456 0.4998663 0.3375669 0.5754712 0.3378106 0.5757132 0.3380518 0.4998663 0.3375669 0.5757132 0.3380518 0.4996202 0.3378067 0.6722816 0.2221903 0.6724092 0.2245583 0.6596854 0.2248165 0.6722816 0.2221903 0.6596854 0.2248165 0.6593394 0.2224507 0.04435664 0.9119339 0.0253064 0.9119339 0.02530711 0.9117297 0.04435664 0.9119339 0.02530711 0.9117297 0.04450696 0.9117297 0.3987046 0.1661647 0.3987046 0.1607068 0.4010937 0.1611568 0.3987046 0.1661647 0.4010937 0.1611568 0.4010937 0.1661707 0.9250205 0.8681458 0.9257347 0.8681471 0.9257347 0.8911826 0.9250205 0.8681458 0.9257347 0.8911826 0.9250205 0.8911813 0.3962115 0.1661598 0.3962115 0.1603404 0.3987046 0.1607068 0.3962115 0.1661598 0.3987046 0.1607068 0.3987046 0.1661647 0.3766005 0.1678583 0.3791542 0.1778013 0.3744209 0.178584 0.3766005 0.1678583 0.3744209 0.178584 0.3719145 0.1688359 0.7339798 0.3972079 0.7150556 0.3972079 0.7150556 0.3969615 0.7339798 0.3972079 0.7150556 0.3969615 0.7340117 0.3969615 0.6059021 0.8627036 0.6289377 0.8627036 0.6289364 0.8634192 0.6059021 0.8627036 0.6289364 0.8634192 0.6059009 0.8634192 0.3778484 0.1926934 0.3778484 0.1936851 0.3771334 0.1936851 0.3778484 0.1926934 0.3771334 0.1936851 0.3771334 0.1926934 0.8989569 0.9295413 0.8989569 0.9090109 0.8991532 0.9090116 0.8989569 0.9295413 0.8991532 0.9090116 0.8991532 0.929692 0.2090559 0.2390047 0.2117217 0.2390232 0.2116018 0.2500068 0.2090559 0.2390047 0.2116018 0.2500068 0.2089353 0.250041 0.8228966 0.2145096 0.8228967 0.3415183 0.8227061 0.341517 0.7874785 0.3926299 0.7874785 0.3414841 0.787702 0.3414841 0.8052995 0.3415011 0.8052995 0.2144925 0.8228966 0.2145096 0.7874785 0.3926299 0.787702 0.3414841 0.8052995 0.3415011 0.8052995 0.3415011 0.8228966 0.2145096 0.8227061 0.341517 0.8227061 0.341517 0.7874785 0.3926299 0.8052995 0.3415011 0.9973731 0.2249549 0.9973731 0.2899274 0.9971375 0.2898141 0.9973731 0.2249549 0.9971375 0.2898141 0.9971375 0.2249984 0.7894882 0.3879126 0.7892534 0.3879635 0.7890089 0.3879697 0.7890089 0.3879697 0.7887725 0.3879288 0.7885621 0.3878445 0.7885621 0.3878445 0.7883894 0.3877223 0.7882708 0.3875713 0.7882708 0.3875713 0.7882112 0.3874005 0.7882132 0.3872228 0.7882132 0.3872228 0.7882805 0.3870508 0.7884039 0.3868936 0.7884039 0.3868936 0.7885782 0.3867651 0.7887931 0.3866716 0.7887931 0.3866716 0.7890292 0.3866205 0.7892751 0.3866156 0.7892751 0.3866156 0.7895102 0.3866567 0.7897192 0.3867409 0.7897192 0.3867409 0.789892 0.3868631 0.7900105 0.387014 0.7900105 0.387014 0.7900727 0.3871837 0.7900681 0.3873614 0.7900681 0.3873614 0.7900034 0.3875346 0.7898774 0.3876906 0.7898774 0.3876906 0.7897031 0.3878204 0.7894882 0.3879126 0.7894882 0.3879126 0.7890089 0.3879697 0.7885621 0.3878445 0.7885621 0.3878445 0.7882708 0.3875713 0.7882132 0.3872228 0.7882132 0.3872228 0.7884039 0.3868936 0.7887931 0.3866716 0.7887931 0.3866716 0.7892751 0.3866156 0.7897192 0.3867409 0.7897192 0.3867409 0.7900105 0.387014 0.7900681 0.3873614 0.7900681 0.3873614 0.7898774 0.3876906 0.7894882 0.3879126 0.7894882 0.3879126 0.7885621 0.3878445 0.7882132 0.3872228 0.7882132 0.3872228 0.7887931 0.3866716 0.7897192 0.3867409 0.7897192 0.3867409 0.7900681 0.3873614 0.7894882 0.3879126 0.7882132 0.3872228 0.7897192 0.3867409 0.7894882 0.3879126 0.7334318 0.09424328 0.7335712 0.09163033 0.757902 0.09181141 0.7334318 0.09424328 0.757902 0.09181141 0.7578739 0.09442567 0.3391045 0.06929671 0.3391045 0.0683093 0.3398156 0.0683093 0.3391045 0.06929671 0.3398156 0.0683093 0.3398156 0.06929671 0.5725185 0.4067642 0.5626012 0.4067642 0.562571 0.4020018 0.5725185 0.4067642 0.562571 0.4020018 0.5724252 0.4020018 0.06110674 0.002165496 0.07030773 0.002938091 0.07030773 0.02884334 0.06110674 0.002165496 0.07030773 0.02884334 0.06110674 0.02807086 0.9971709 0.3723344 0.9971709 0.2970116 0.9973976 0.2972367 0.9971709 0.3723344 0.9973976 0.2972367 0.9973976 0.372108 0.7783656 0.376359 0.7783656 0.3956726 0.7781724 0.3956719 0.7783656 0.376359 0.7781724 0.3956719 0.7781724 0.3765521 0.384298 0.5271933 0.4071118 0.5271933 0.4070708 0.5277876 0.384298 0.5271933 0.4070708 0.5277876 0.3842571 0.5277876 0.2739284 0.4980085 0.2740205 0.4986832 0.2512629 0.4986832 0.2739284 0.4980085 0.2512629 0.4986832 0.2511708 0.4980085 0.8685143 0.0391252 0.8728491 0.0391252 0.8724283 0.04174774 0.8685143 0.0391252 0.8724283 0.04174774 0.8682239 0.04174774 0.5388562 0.4337005 0.5388562 0.4243718 0.5436391 0.4239292 0.5388562 0.4337005 0.5436391 0.4239292 0.5436391 0.4330322 0.7562317 0.5344113 0.7562317 0.5116564 0.7569064 0.5115631 0.7562317 0.5344113 0.7569064 0.5115631 0.7569064 0.5343193 0.7560335 0.5078899 0.7560335 0.4851325 0.7567085 0.4850404 0.7560335 0.5078899 0.7567085 0.4850404 0.7567085 0.5077978 0.4717825 0.1064319 0.4717825 0.1054441 0.4724943 0.1054441 0.4717825 0.1064319 0.4724943 0.1054441 0.4724943 0.1064319 0.7333461 0.09689462 0.7334318 0.09424328 0.7578739 0.09442567 0.7333461 0.09689462 0.7578739 0.09442567 0.7578662 0.09707772 0.7377305 0.4033703 0.734412 0.4577314 0.7341675 0.4577007 0.7377305 0.4033703 0.7341675 0.4577007 0.7374848 0.4033863 0.4469617 0.08453935 0.4473166 0.09760814 0.4471101 0.09751665 0.4469617 0.08453935 0.4471101 0.09751665 0.4467556 0.08451318 0.2319375 0.005365967 0.2182219 0.005365967 0.2182219 0.001995086 0.2319375 0.005365967 0.2182219 0.001995086 0.2319375 0.001995086 0.7340163 0.08660864 0.734317 0.08424413 0.7581003 0.08442199 0.7340163 0.08660864 0.7581003 0.08442199 0.7580145 0.08678793 0.6988499 0.5139309 0.7216637 0.5139309 0.7216228 0.5145252 0.6988499 0.5139309 0.7216228 0.5145252 0.698809 0.5145252 0.591733 0.1170297 0.591733 0.116042 0.5924448 0.116042 0.591733 0.1170297 0.5924448 0.116042 0.5924448 0.1170297 0.5480631 0.1250815 0.5310654 0.1250815 0.5317778 0.1160432 0.5480631 0.1250815 0.5317778 0.1160432 0.5487756 0.1160432 0.3170873 0.05321156 0.306068 0.05340111 0.3059771 0.04866939 0.3170873 0.05321156 0.3059771 0.04866939 0.3169735 0.04847991 0.9978683 0.02621567 0.9978683 0.03406345 0.9931596 0.03466343 0.9978683 0.02621567 0.9931596 0.03466343 0.9931596 0.02700495 0.5863023 0.1244638 0.5694545 0.1244638 0.5706129 0.1160425 0.5863023 0.1244638 0.5706129 0.1160425 0.5874607 0.1160425 0.1682756 0.5404533 0.1910868 0.5404533 0.1910446 0.5410478 0.1682756 0.5404533 0.1910446 0.5410478 0.1682334 0.5410478 0.7846769 0.1030651 0.7842085 0.1115552 0.7765862 0.1113425 0.7846769 0.1030651 0.7765862 0.1113425 0.7770546 0.1028549 0.04881167 0.002091288 0.05696165 0.002032518 0.05696165 0.02286875 0.04881167 0.002091288 0.05696165 0.02286875 0.04881167 0.02292764 0.6599905 0.08146917 0.6455599 0.08146917 0.6455329 0.07890743 0.6599905 0.08146917 0.6455329 0.07890743 0.6603574 0.07890743 0.08793282 0.6086428 0.08793282 0.5881966 0.08808004 0.5881966 0.08793282 0.6086428 0.08808004 0.5881966 0.08808004 0.6087911 0.9679827 0.04244071 0.9543502 0.04244071 0.9548055 0.03912872 0.9679827 0.04244071 0.9548055 0.03912872 0.968438 0.03912872 0.07963734 0.6057913 0.07963734 0.5855408 0.07983064 0.5855422 0.07963734 0.6057913 0.07983064 0.5855422 0.07983064 0.605987 0.04148244 0.00201714 0.04881167 0.002091288 0.04881167 0.02292764 0.04148244 0.00201714 0.04881167 0.02292764 0.04148244 0.02285349 0.8609789 0.2221505 0.8609789 0.2254842 0.8100316 0.2254842 0.8609789 0.2221505 0.8100316 0.2254842 0.8100316 0.2221505 0.03481245 0.09218186 0.03579986 0.09218186 0.03579986 0.092893 0.03481245 0.09218186 0.03579986 0.092893 0.03481245 0.092893 0.3445126 0.06830489 0.3445126 0.06929278 0.3438009 0.06929278 0.3445126 0.06830489 0.3438009 0.06929278 0.3438009 0.06830489 0.4360188 0.5489371 0.4132639 0.5489371 0.4133266 0.548417 0.4360188 0.5489371 0.4133266 0.548417 0.4360814 0.548417 0.6273317 0.1724575 0.6263439 0.1724575 0.6263439 0.1717463 0.6273317 0.1724575 0.6263439 0.1717463 0.6273317 0.1717463 0.07502263 0.1844169 0.07502263 0.1745781 0.07691353 0.1747367 0.07502263 0.1844169 0.07691353 0.1747367 0.07691353 0.1835855 0.6284394 0.2090414 0.6263417 0.2089365 0.6263417 0.1853936 0.6284394 0.2090414 0.6263417 0.1853936 0.6284394 0.1857748 0.353102 0.002003788 0.3553168 0.002008676 0.3553168 0.03864312 0.353102 0.002003788 0.3553168 0.03864312 0.353102 0.04037642 0.02101212 0.2943786 0.001993358 0.2943786 0.001993358 0.2858062 0.02101212 0.2943786 0.001993358 0.2858062 0.02101212 0.2858062 0.6322992 0.1724584 0.6313114 0.1724584 0.6313114 0.1717466 0.6322992 0.1724584 0.6313114 0.1717466 0.6322992 0.1717466 0.6476932 0.5568831 0.6249357 0.5568831 0.6249983 0.5563631 0.6476932 0.5568831 0.6249983 0.5563631 0.6477559 0.5563631 0.8810792 0.2040157 0.8762707 0.204016 0.8766598 0.169097 0.8810792 0.2040157 0.8766598 0.169097 0.8814684 0.169097 0.1262201 0.55106 0.4047206 0.5511383 0.4052379 0.5608667 0.1262201 0.55106 0.4052379 0.5608667 0.1267375 0.5607872 0.04148244 0.02285349 0.04881167 0.02292764 0.04886293 0.02693367 0.04148244 0.02285349 0.04886293 0.02693367 0.04162192 0.02685952 0.08380722 0.605997 0.08380722 0.5855521 0.0839557 0.5855534 0.08380722 0.605997 0.0839557 0.5855534 0.0839557 0.6061477 0.9976033 0.1157714 0.9976032 0.0394752 0.9978465 0.03971827 0.9976033 0.1157714 0.9978465 0.03971827 0.9978466 0.1155297 0.6422529 0.1840902 0.6345286 0.1841977 0.6350939 0.1793738 0.6422529 0.1840902 0.6350939 0.1793738 0.6430115 0.1792637 0.6744604 0.5568826 0.6517054 0.5568826 0.6517681 0.5563628 0.6744604 0.5568826 0.6517681 0.5563628 0.6745231 0.5563628 0.6860083 0.09316217 0.6860083 0.0921747 0.6867201 0.0921747 0.6860083 0.09316217 0.6867201 0.0921747 0.6867201 0.09316217 0.1878035 0.4794461 0.1884887 0.4794461 0.1884887 0.5023916 0.1878035 0.4794461 0.1884887 0.5023916 0.1878035 0.5023916 0.3490615 0.02363836 0.3491172 0.04929631 0.2989048 0.02964919 0.3490615 0.02363836 0.2989048 0.02964919 0.3490606 0.02347582 0.1842947 0.03647816 0.1842947 0.03746587 0.1835836 0.03746587 0.1842947 0.03647816 0.1835836 0.03746587 0.1835836 0.03647816 0.6477326 0.1841977 0.6422529 0.1840902 0.6430115 0.1792637 0.6477326 0.1841977 0.6430115 0.1792637 0.6485742 0.1793712 0.1117025 0.04542011 0.1117025 0.04443269 0.1124142 0.04443269 0.1117025 0.04542011 0.1124142 0.04443269 0.1124142 0.04542011 0.6764214 0.2890149 0.6759915 0.280504 0.6833117 0.2805756 0.6764214 0.2890149 0.6833117 0.2805756 0.6837416 0.2890892 0.4569207 0.09982669 0.4569207 0.07899034 0.4646961 0.07891094 0.4569207 0.09982669 0.4646961 0.07891094 0.4646961 0.0997473 0.001991748 0.9197598 0.4549196 0.9197598 0.4957649 0.9311718 0.4957649 0.9311718 0.4957649 0.9782394 0.001991748 0.9782393 0.4957649 0.9311718 0.001991748 0.9782393 0.001991748 0.9197598 0.636171 0.07891476 0.636171 0.07990241 0.6354593 0.07990241 0.636171 0.07891476 0.6354593 0.07990241 0.6354593 0.07891476 0.4776584 0.08429598 0.4776584 0.107051 0.4771386 0.1069896 0.4776584 0.08429598 0.4771386 0.1069896 0.4771386 0.0842334 0.7758562 0.4132866 0.7758562 0.4237086 0.7711578 0.4232916 0.7758562 0.4132866 0.7711578 0.4232916 0.7711578 0.4131715 0.6063882 0.07891637 0.6109007 0.1117259 0.4854365 0.111726 0.6063882 0.07891637 0.4854365 0.111726 0.4809238 0.07891643 0.3530911 0.0477935 0.3530911 0.04708194 0.3540788 0.04708194 0.3530911 0.0477935 0.3540788 0.04708194 0.3540788 0.0477935 0.7833948 0.3560367 0.7832015 0.355843 0.8025322 0.355843 0.7833948 0.3560367 0.8025322 0.355843 0.802531 0.3560367 0.1351616 0.5304424 0.1352038 0.5298483 0.158015 0.5298483 0.1351616 0.5304424 0.158015 0.5298483 0.1579728 0.5304424 0.9036568 0.3613525 0.8067885 0.3746767 0.8067885 0.2357664 0.9036568 0.3613525 0.8067885 0.2357664 0.9036568 0.2224421 0.7495297 0.3924245 0.7495297 0.4128413 0.742185 0.4124448 0.7495297 0.3924245 0.742185 0.4124448 0.742185 0.392028 0.7709116 0.08424413 0.7710062 0.08660793 0.7580145 0.08678793 0.7709116 0.08424413 0.7580145 0.08678793 0.7581003 0.08442199 0.5672399 0.4250351 0.5672399 0.4341575 0.5626465 0.4336664 0.5672399 0.4250351 0.5626465 0.4336664 0.5626465 0.4241628 0.04604172 0.04043972 0.04619026 0.04917383 0.0416404 0.04965865 0.04604172 0.04043972 0.0416404 0.04965865 0.04148411 0.0405004 0.4868296 0.4398501 0.4915409 0.4402887 0.4915409 0.446793 0.4868296 0.4398501 0.4915409 0.446793 0.4868296 0.4464347 0.4525191 0.07933336 0.4527454 0.07910674 0.4527454 0.09937655 0.4525191 0.07933336 0.4527454 0.09937655 0.4525191 0.09937655 0.8659185 0.2088905 0.8665241 0.2173912 0.8112893 0.2173912 0.8659185 0.2088905 0.8112893 0.2173912 0.8106836 0.2088905 0.6920776 0.1876621 0.6927893 0.1876621 0.6927893 0.1886498 0.6920776 0.1876621 0.6927893 0.1886498 0.6920776 0.1886498 0.1926388 0.002132236 0.1924732 0.01098567 0.1878597 0.01160556 0.1926388 0.002132236 0.1878597 0.01160556 0.1880311 0.002437412 0.8560224 0.02321386 0.8562451 0.02321386 0.8562451 0.02801799 0.8560224 0.02321386 0.8562451 0.02801799 0.8560224 0.02801799 0.7703897 0.3421229 0.7542831 0.3421229 0.7542831 0.3335506 0.7703897 0.3421229 0.7542831 0.3335506 0.7703897 0.3335506 0.0936926 0.03927582 0.09354418 0.03912538 0.1709783 0.03912538 0.0936926 0.03927582 0.1709783 0.03912538 0.1708288 0.03927582 0.7006906 0.5860687 0.6779357 0.5860687 0.6779984 0.5855489 0.7006906 0.5860687 0.6779984 0.5855489 0.7007533 0.5855489 0.9976176 0.2249283 0.9978544 0.2249206 0.9978545 0.2898932 0.9976176 0.2249283 0.9978545 0.2898932 0.9976176 0.2899543 0.749379 0.4295999 0.749379 0.4487197 0.7491837 0.4487197 0.749379 0.4295999 0.7491837 0.4487197 0.7491837 0.4294056 0.6329603 0.2827736 0.623556 0.2844342 0.6225983 0.2798408 0.6329603 0.2827736 0.6225983 0.2798408 0.6321038 0.2781627 0.645527 0.1903143 0.6462382 0.1903143 0.6462382 0.191302 0.645527 0.1903143 0.6462382 0.191302 0.645527 0.191302 0.691688 0.092893 0.6907002 0.092893 0.6907002 0.09218132 0.691688 0.092893 0.6907002 0.09218132 0.691688 0.09218132 0.3716804 0.500886 0.3516551 0.500886 0.3516551 0.5006607 0.3716804 0.500886 0.3516551 0.5006607 0.3719062 0.5006607 0.3059293 0.04390442 0.2951759 0.04390442 0.2952833 0.03912144 0.3059293 0.04390442 0.2952833 0.03912144 0.3059229 0.03912144 0.1643638 0.5104547 0.163689 0.5105468 0.163689 0.4877893 0.1643638 0.5104547 0.163689 0.4877893 0.1643637 0.4876972 0.4762732 0.5406329 0.4762732 0.5634441 0.4756789 0.5634019 0.4762732 0.5406329 0.4756789 0.5634019 0.4756789 0.5405907 0.6268772 0.2341642 0.6268772 0.2118417 0.6287797 0.2116932 0.6268772 0.2341642 0.6287797 0.2116932 0.6287797 0.2343791 0.8069669 0.09581494 0.8069669 0.09482717 0.8076774 0.09482717 0.8069669 0.09581494 0.8076774 0.09482717 0.8076774 0.09581494 0.8521059 0.05246007 0.8505248 0.06116348 0.8457617 0.06101953 0.8521059 0.05246007 0.8457617 0.06101953 0.8472886 0.05261528 0.09586131 0.5696355 0.09579861 0.5701553 0.0730437 0.5701553 0.09586131 0.5696355 0.0730437 0.5701553 0.0731064 0.5696355 0.8161246 0.4137468 0.8115064 0.4137468 0.8115064 0.4051744 0.8161246 0.4137468 0.8115064 0.4051744 0.8161246 0.4051744 0.7610976 0.4904386 0.7617726 0.4903452 0.7617726 0.5131014 0.7610976 0.4904386 0.7617726 0.5131014 0.7610976 0.5131936 0.02623319 0.1213498 0.02694439 0.1213498 0.02694439 0.1223374 0.02623319 0.1213498 0.02694439 0.1223374 0.02623319 0.1223374 0.7291117 0.08421218 0.7291117 0.09345614 0.7205393 0.09345614 0.7291117 0.08421218 0.7205393 0.09345614 0.7205393 0.08421218 0.07132357 0.5406301 0.07132357 0.5634412 0.07072937 0.563399 0.07132357 0.5406301 0.07072937 0.563399 0.07072937 0.5405877 0.2471513 0.5086243 0.2472434 0.5092994 0.2244885 0.5092994 0.2471513 0.5086243 0.2244885 0.5092994 0.2243951 0.5086243 0.7012963 0.5563631 0.7012336 0.5568832 0.6784787 0.5568832 0.7012963 0.5563631 0.6784787 0.5568832 0.6785414 0.5563631 0.6502079 0.1939597 0.6502079 0.192972 0.6509197 0.192972 0.6502079 0.1939597 0.6509197 0.192972 0.6509197 0.1939597 0.8623489 0.03479665 0.8578337 0.00198704 0.9832993 0.00198704 0.8623489 0.03479665 0.9832993 0.00198704 0.9878119 0.03479665 0.05737686 0.1970824 0.05737423 0.2198091 0.05524909 0.2199767 0.05737686 0.1970824 0.05524909 0.2199767 0.05525159 0.1975352 0.5006915 0.4679144 0.5006915 0.4449664 0.5013765 0.4449664 0.5006915 0.4679144 0.5013765 0.4449664 0.5013765 0.4679144 0.6760748 0.546356 0.6532636 0.546356 0.6533058 0.5457616 0.6760748 0.546356 0.6533058 0.5457616 0.676117 0.5457616 0.7824903 0.431428 0.7824903 0.3551325 0.7827335 0.3553748 0.7824903 0.431428 0.7827335 0.3553748 0.7827335 0.4311856 0.4366559 0.5590156 0.4365933 0.5595358 0.4138384 0.5595358 0.4366559 0.5590156 0.4138384 0.5595358 0.413901 0.5590156 0.790593 0.2342044 0.7905933 0.2223806 0.7924067 0.2225826 0.790593 0.2342044 0.7924067 0.2225826 0.7924067 0.2340535 0.6553635 0.1966083 0.6553635 0.1956204 0.6560751 0.1956204 0.6553635 0.1966083 0.6560751 0.1956204 0.6560751 0.1966083 0.996928 0.3725774 0.996928 0.2967698 0.9971709 0.2970116 0.996928 0.3725774 0.9971709 0.2970116 0.9971709 0.3723344 0.6825192 0.3720214 0.6825192 0.4734594 0.5961701 0.4721584 0.6825192 0.3720214 0.5961701 0.4721584 0.5961701 0.3707205 0.07512599 0.03267651 0.07512658 0.001993358 0.1745601 0.001993358 0.07512599 0.03267651 0.1745601 0.001993358 0.1745595 0.03267651 0.4463934 0.09750545 0.44663 0.09746462 0.4468749 0.09746652 0.4468749 0.09746652 0.4471101 0.09751665 0.4473166 0.09760814 0.4473166 0.09760814 0.4474846 0.09773689 0.4475982 0.09789103 0.4475982 0.09789103 0.4476526 0.09806418 0.4476439 0.09824049 0.4476439 0.09824049 0.4475715 0.09841114 0.4474413 0.09856349 0.4474413 0.09856349 0.4472631 0.09868669 0.4470453 0.09877127 0.4470453 0.09877127 0.4468061 0.09881454 0.4465613 0.09881001 0.4465613 0.09881001 0.4463274 0.09876126 0.4461221 0.09866976 0.4461221 0.09866976 0.445954 0.09854233 0.4458406 0.09838688 0.4458406 0.09838688 0.4457847 0.09821498 0.4457948 0.09803736 0.4457948 0.09803736 0.445866 0.09786677 0.4459974 0.09771466 0.4459974 0.09771466 0.4461755 0.09759259 0.4463934 0.09750545 0.4463934 0.09750545 0.4468749 0.09746652 0.4473166 0.09760814 0.4473166 0.09760814 0.4475982 0.09789103 0.4476439 0.09824049 0.4476439 0.09824049 0.4474413 0.09856349 0.4470453 0.09877127 0.4470453 0.09877127 0.4465613 0.09881001 0.4461221 0.09866976 0.4461221 0.09866976 0.4458406 0.09838688 0.4457948 0.09803736 0.4457948 0.09803736 0.4459974 0.09771466 0.4463934 0.09750545 0.4463934 0.09750545 0.4473166 0.09760814 0.4476439 0.09824049 0.4476439 0.09824049 0.4470453 0.09877127 0.4461221 0.09866976 0.4461221 0.09866976 0.4457948 0.09803736 0.4463934 0.09750545 0.4476439 0.09824049 0.4461221 0.09866976 0.4463934 0.09750545 0.5633998 0.4396731 0.5639199 0.4397358 0.5639199 0.4624907 0.5633998 0.4396731 0.5639199 0.4624907 0.5633998 0.4624293 0.6987835 0.5092949 0.6986914 0.5086202 0.7214488 0.5086202 0.6987835 0.5092949 0.7214488 0.5086202 0.7215409 0.5092949 0.2471531 0.5033136 0.2472452 0.5039883 0.2244902 0.5039883 0.2471531 0.5033136 0.2244902 0.5039883 0.2243968 0.5033137 0.1972692 0.4794444 0.1972693 0.4998899 0.1971201 0.5000402 0.1972692 0.4794444 0.1971201 0.5000402 0.1971201 0.4794463 0.4403828 0.09747928 0.4403828 0.09846717 0.4396711 0.09846717 0.4403828 0.09747928 0.4396711 0.09846717 0.4396711 0.09747928 0.8815814 0.0953865 0.8815814 0.07626724 0.881776 0.07626605 0.8815814 0.0953865 0.881776 0.07626605 0.881776 0.09557962 0.7688068 0.3255946 0.7692052 0.3289129 0.7134102 0.3289129 0.7688068 0.3255946 0.7134102 0.3289129 0.7130118 0.3255946 0.03229552 0.1372747 0.03229999 0.3036454 0.02986693 0.3005564 0.03229552 0.1372747 0.02986693 0.3005564 0.02986246 0.1372645 0.6130333 0.09846752 0.6130333 0.09748005 0.6137445 0.09748005 0.6130333 0.09846752 0.6137445 0.09748005 0.6137445 0.09846752 0.6742305 0.3043788 0.6969854 0.3043788 0.696924 0.3048989 0.6742305 0.3043788 0.696924 0.3048989 0.6741678 0.3048989 0.03216075 0.3302386 0.03223514 0.3369653 0.02829194 0.3373299 0.03216075 0.3302386 0.02829194 0.3373299 0.02821516 0.330502 0.8424917 0.05294609 0.8410266 0.06101363 0.8363321 0.06114667 0.8424917 0.05294609 0.8363321 0.06114667 0.8377304 0.05345225 0.5627251 0.4397664 0.5633998 0.4396731 0.5633998 0.4624293 0.5627251 0.4397664 0.5633998 0.4624293 0.5627251 0.4625213 0.1832099 0.01211225 0.1832157 0.02111238 0.1785331 0.02172839 0.1832099 0.01211225 0.1785331 0.02172839 0.1785289 0.01250445 0.9352012 0.2236721 0.9352012 0.3286185 0.9262421 0.3273856 0.9352012 0.2236721 0.9262421 0.3273856 0.9262421 0.222439 0.507858 0.5325 0.5306693 0.5325 0.5306271 0.5330944 0.507858 0.5325 0.5306271 0.5330944 0.5078158 0.5330944 0.9903068 0.002066612 0.9977052 0.002376198 0.9977052 0.02321243 0.9903068 0.002066612 0.9977052 0.02321243 0.9903068 0.02290296 0.3427847 0.05248326 0.3523382 0.05240136 0.3524342 0.057087 0.3427847 0.05248326 0.3524342 0.057087 0.3425404 0.05717146 0.8081052 0.230112 0.8211142 0.230112 0.8210586 0.2303449 0.8081052 0.230112 0.8210586 0.2303449 0.8080716 0.2303449 0.9119554 0.4348724 0.912018 0.4343523 0.934773 0.4343523 0.9119554 0.4348724 0.934773 0.4343523 0.9347116 0.4348724 0.8550865 0.03648751 0.8641531 0.03651696 0.8641531 0.0471999 0.8550865 0.03648751 0.8641531 0.0471999 0.8550865 0.04716914 0.4529595 0.9142299 0.00215125 0.91423 0.01117622 0.7950998 0.4529595 0.9142299 0.01117622 0.7950998 0.4614465 0.7950997 0.6742612 0.3055736 0.6741678 0.3048989 0.696924 0.3048989 0.6742612 0.3055736 0.696924 0.3048989 0.6970161 0.3055736 0.7733094 0.4103817 0.7733094 0.3999392 0.7780923 0.3998925 0.7733094 0.4103817 0.7780923 0.3998925 0.7780923 0.4105421 0.7697047 0.1027857 0.7692367 0.1112759 0.7622884 0.1113504 0.7697047 0.1027857 0.7622884 0.1113504 0.7627564 0.1028602 0.7379699 0.4033517 0.7354285 0.3905273 0.7356293 0.3904065 0.7379699 0.4033517 0.7356293 0.3904065 0.7381901 0.4033316 0.6739718 0.5802367 0.6739091 0.5807567 0.6511542 0.5807567 0.6739718 0.5802367 0.6511542 0.5807567 0.6512169 0.5802367 0.7886316 0.1054337 0.7893434 0.1054337 0.7893434 0.1064214 0.7886316 0.1054337 0.7893434 0.1064214 0.7886316 0.1064214 0.07065325 0.6058573 0.07065325 0.5831024 0.07117301 0.5831651 0.07065325 0.6058573 0.07117301 0.5831651 0.07117301 0.60592 0.9120487 0.435547 0.9119554 0.4348724 0.9347116 0.4348724 0.9120487 0.435547 0.9347116 0.4348724 0.9348037 0.435547 0.2201266 0.5104479 0.2194519 0.51054 0.2194519 0.4877825 0.2201266 0.5104479 0.2194519 0.4877825 0.2201266 0.4876905 0.8070197 0.08855819 0.8070322 0.07867515 0.8118214 0.07866543 0.8070197 0.08855819 0.8118214 0.07866543 0.8118088 0.0884422 0.04604172 0.04043972 0.04148411 0.0405004 0.04148411 0.03132939 0.04604172 0.04043972 0.04148411 0.03132939 0.04604172 0.03169262 0.5121023 0.4332146 0.5121023 0.441533 0.5075268 0.4409133 0.5121023 0.4332146 0.5075268 0.4409133 0.5075268 0.4321912 0.6600469 0.1966095 0.6600469 0.1956219 0.6607587 0.1956219 0.6600469 0.1966095 0.6607587 0.1956219 0.6607587 0.1966095 0.7751975 0.3123376 0.7751693 0.3208613 0.7701758 0.3208613 0.7751975 0.3123376 0.7701758 0.3208613 0.7702052 0.3123376 0.4771386 0.1069896 0.476464 0.1070817 0.476464 0.08432674 0.4771386 0.1069896 0.476464 0.08432674 0.4771386 0.0842334 0.5122042 0.5595371 0.4894493 0.5595371 0.4895119 0.559016 0.5122042 0.5595371 0.4895119 0.559016 0.5122669 0.559016 0.6401548 0.07891803 0.6411426 0.07891803 0.6411426 0.07962983 0.6401548 0.07891803 0.6411426 0.07962983 0.6401548 0.07962983 0.6537591 0.2844508 0.6436865 0.2858458 0.642862 0.281222 0.6537591 0.2844508 0.642862 0.281222 0.653088 0.2798069 0.9744543 0.7205716 0.9744542 0.2224059 0.9929509 0.2246263 0.9744543 0.7205716 0.9929509 0.2246263 0.992951 0.722792 0.6647326 0.1963336 0.6647326 0.1956224 0.66572 0.1956224 0.6647326 0.1963336 0.66572 0.1956224 0.66572 0.1963336 0.5315364 0.4627394 0.5315364 0.4399845 0.5320563 0.4400459 0.5315364 0.4627394 0.5320563 0.4400459 0.5320563 0.4628021 0.4213715 0.09271979 0.4208841 0.0842114 0.4425122 0.08421134 0.4213715 0.09271979 0.4425122 0.08421134 0.4429995 0.09271979 0.7832015 0.355843 0.7832015 0.4307168 0.7829761 0.4309433 0.7832015 0.355843 0.7829761 0.4309433 0.7829761 0.3556178 0.06620216 0.5351512 0.08901339 0.5351512 0.08897119 0.5357455 0.06620216 0.5351512 0.08897119 0.5357455 0.06615996 0.5357455 0.2739312 0.5033196 0.2740232 0.5039944 0.2512683 0.5039944 0.2739312 0.5033196 0.2512683 0.5039944 0.2511749 0.5033196 0.6774746 0.1982727 0.6781865 0.1982727 0.6781865 0.1992604 0.6774746 0.1982727 0.6781865 0.1992604 0.6774746 0.1992604 0.5964311 0.117032 0.5964311 0.1160446 0.5971423 0.1160446 0.5964311 0.117032 0.5971423 0.1160446 0.5971423 0.117032 0.6466386 0.597962 0.6466386 0.575207 0.6471587 0.5752697 0.6466386 0.597962 0.6471587 0.5752697 0.6471587 0.5980246 0.8023897 0.2782787 0.8019064 0.2852669 0.7980518 0.2852377 0.8023897 0.2782787 0.7980518 0.2852377 0.7985525 0.2779988 0.5527078 0.4283323 0.5480145 0.4279397 0.5480145 0.4185333 0.5527078 0.4283323 0.5480145 0.4185333 0.5527078 0.4187405 0.6339347 0.2873724 0.6246697 0.2890074 0.623556 0.2844342 0.6339347 0.2873724 0.623556 0.2844342 0.6329603 0.2827736 0.2730881 0.001986026 0.3488995 0.001986026 0.3488995 0.02178597 0.2730881 0.001986026 0.3488995 0.02178597 0.2730881 0.02178597 0.7268535 0.3340768 0.7269161 0.333557 0.7496711 0.333557 0.7268535 0.3340768 0.7496711 0.333557 0.7496097 0.3340768 0.2952232 0.05340111 0.2951554 0.04866939 0.3059771 0.04866939 0.2952232 0.05340111 0.3059771 0.04866939 0.306068 0.05340111 0.6350939 0.1793738 0.6263603 0.1797271 0.6265445 0.174911 0.6350939 0.1793738 0.6265445 0.174911 0.635452 0.1745499 0.06628847 0.1918891 0.07091009 0.1906701 0.07099711 0.1980274 0.06628847 0.1918891 0.07099711 0.1980274 0.06638062 0.1996033 0.5389711 0.5595358 0.5162162 0.5595358 0.5162789 0.5590156 0.5389711 0.5595358 0.5162789 0.5590156 0.5390337 0.5590156 0.8200986 0.4181053 0.8200986 0.3951354 0.8218551 0.3955958 0.8200986 0.4181053 0.8218551 0.3955958 0.8218551 0.4182433 0.5207109 0.4393508 0.5207109 0.4466723 0.5160867 0.4454597 0.5207109 0.4393508 0.5160867 0.4454597 0.5160867 0.4377839 0.6024111 0.1744081 0.6024111 0.1753958 0.6016993 0.1753958 0.6024111 0.1744081 0.6016993 0.1753958 0.6016993 0.1744081 0.8810792 0.1691823 0.8810792 0.2040157 0.8762707 0.204016 0.8810792 0.1691823 0.8762707 0.204016 0.8762707 0.1691827 0.7076706 0.545942 0.7076706 0.5687531 0.7070766 0.5687109 0.7076706 0.545942 0.7070766 0.5687109 0.7070766 0.5458998 0.1744989 0.4450349 0.1744989 0.4677898 0.1739792 0.4677284 0.1744989 0.4450349 0.1739792 0.4677284 0.1739792 0.4449722 0.5924692 0.5648422 0.5697143 0.5648422 0.5697769 0.5643211 0.5924692 0.5648422 0.5697769 0.5643211 0.5925319 0.5643211 0.4997869 0.4748196 0.4768414 0.4748196 0.4768414 0.4741342 0.4997869 0.4748196 0.4768414 0.4741342 0.4997869 0.4741342 0.8118214 0.07866543 0.8120424 0.06837111 0.8168415 0.06838846 0.8118214 0.07866543 0.8168415 0.06838846 0.8166238 0.07852792 0.7514876 0.5379789 0.7514876 0.5607901 0.7508934 0.5607479 0.7514876 0.5379789 0.7508934 0.5607479 0.7508934 0.5379367 0.03083205 0.1096619 0.0262283 0.1097141 0.0262283 0.0922451 0.03083205 0.1096619 0.0262283 0.0922451 0.03083205 0.09219276 0.5146931 0.473214 0.5146931 0.4502685 0.5153783 0.4502685 0.5146931 0.473214 0.5153783 0.4502685 0.5153783 0.473214 0.336598 0.05072867 0.336598 0.04974126 0.3373093 0.04974126 0.336598 0.05072867 0.3373093 0.04974126 0.3373093 0.05072867 0.7535136 0.4054172 0.7535136 0.3946141 0.7582453 0.3947196 0.7535136 0.4054172 0.7582453 0.3947196 0.7582453 0.4054998 0.5521944 0.4653512 0.5515197 0.4654446 0.5515197 0.4426884 0.5521944 0.4653512 0.5515197 0.4426884 0.5521944 0.4425963 0.8722963 0.14578 0.8722944 0.2202656 0.8721017 0.2204599 0.8722963 0.14578 0.8721017 0.2204599 0.872103 0.1455867 0.5246876 0.1213532 0.5253988 0.1213532 0.5253988 0.1223407 0.5246876 0.1213532 0.5253988 0.1223407 0.5246876 0.1223407 0.6064903 0.1795579 0.6064903 0.1720701 0.6097383 0.1718744 0.6064903 0.1795579 0.6097383 0.1718744 0.6097385 0.1795732 0.5761004 0.4332006 0.5714736 0.4334563 0.5714736 0.4241382 0.5761004 0.4332006 0.5714736 0.4241382 0.5761004 0.4238645 0.7618483 0.09846574 0.7618483 0.09747797 0.7625601 0.09747797 0.7618483 0.09846574 0.7625601 0.09747797 0.7625601 0.09846574 0.6085208 0.2327649 0.6216084 0.2327649 0.6216756 0.2329915 0.6085208 0.2327649 0.6216756 0.2329915 0.6085234 0.2329915 0.7560681 0.5379789 0.7560681 0.5607901 0.755474 0.5607479 0.7560681 0.5379789 0.755474 0.5607479 0.755474 0.5379367 0.5657421 0.5595358 0.5429872 0.5595358 0.5430499 0.559016 0.5657421 0.5595358 0.5430499 0.559016 0.5658047 0.559016 0.7675273 0.09819614 0.7665398 0.09819614 0.7665398 0.09748494 0.7675273 0.09819614 0.7665398 0.09748494 0.7675273 0.09748494 0.6080639 0.1164708 0.609494 0.1177734 0.5743325 0.1377145 0.5743325 0.1377145 0.5537006 0.118917 0.5557991 0.1168028 0.575001 0.1342971 0.6080639 0.1164708 0.5743325 0.1377145 0.5743325 0.1377145 0.5557991 0.1168028 0.575001 0.1342971 0.7881631 0.09747511 0.7881631 0.09846287 0.7874519 0.09846287 0.7881631 0.09747511 0.7874519 0.09846287 0.7874519 0.09747511 0.01599848 0.4970908 0.01599848 0.4741453 0.01668369 0.4741453 0.01599848 0.4970908 0.01668369 0.4741453 0.01668369 0.4970908 0.5122622 0.5643211 0.5121995 0.5648422 0.4894445 0.5648422 0.5122622 0.5643211 0.4894445 0.5648422 0.4895072 0.5643211 0.1355013 0.5165835 0.1354603 0.5171776 0.1126465 0.5171776 0.1355013 0.5165835 0.1126465 0.5171776 0.1126875 0.5165835 0.7460313 0.4170222 0.7460313 0.4264146 0.7413175 0.425844 0.7460313 0.4170222 0.7413175 0.425844 0.7413175 0.4161703 0.8009217 0.410845 0.8009217 0.4209741 0.7961286 0.4208648 0.8009217 0.410845 0.7961286 0.4208648 0.7961286 0.4105821 0.881776 0.09557962 0.881776 0.07626605 0.8820027 0.07626533 0.881776 0.09557962 0.8820027 0.07626533 0.8820027 0.09580469 0.2012463 0.4758704 0.2012463 0.4529224 0.2019312 0.4529224 0.2012463 0.4758704 0.2019312 0.4529224 0.2019313 0.4758704 0.5320563 0.4400459 0.5327309 0.4399539 0.5327309 0.4627088 0.5320563 0.4400459 0.5327309 0.4627088 0.5320563 0.4628021 0.2065932 0.4758675 0.205908 0.4758675 0.205908 0.4529219 0.2065932 0.4758675 0.205908 0.4529219 0.2065932 0.4529219 0.7152035 0.5326715 0.7152035 0.5554826 0.7146093 0.5554404 0.7152035 0.5326715 0.7146093 0.5554404 0.7146093 0.5326293 0.789189 0.3826054 0.787371 0.3827959 0.787371 0.3602802 0.789189 0.3826054 0.787371 0.3602802 0.789189 0.3604555 0.789665 0.4021568 0.7887725 0.3879288 0.7890089 0.3879697 0.789665 0.4021568 0.7890089 0.3879697 0.7899025 0.4022195 0.6528708 0.1780463 0.6528708 0.1770588 0.653582 0.1770588 0.6528708 0.1780463 0.653582 0.1770588 0.653582 0.1780463 0.7943211 0.3586915 0.8027604 0.3576784 0.8027604 0.404869 0.7943211 0.3586915 0.8027604 0.404869 0.7943211 0.405882 0.5520768 0.1276428 0.5520768 0.1266551 0.5527886 0.1266551 0.5520768 0.1276428 0.5527886 0.1266551 0.5527886 0.1276428 0.0592972 0.2322022 0.05963897 0.2196686 0.06202411 0.2195585 0.0592972 0.2322022 0.06202411 0.2195585 0.0616784 0.2322854 0.5989743 0.5513084 0.5990194 0.5510652 0.6523022 0.5510652 0.5989743 0.5513084 0.6523022 0.5510652 0.6523033 0.5513084 0.7780368 0.2516184 0.7780368 0.2221431 0.7866092 0.2221431 0.7780368 0.2516184 0.7866092 0.2221431 0.7866092 0.2516184 0.2913716 0.02586472 0.3045231 0.02586472 0.3044566 0.02609121 0.2913716 0.02586472 0.3044566 0.02609121 0.291369 0.02609121 0.5653625 0.1160513 0.5663502 0.1160513 0.5663502 0.1167631 0.5653625 0.1160513 0.5663502 0.1167631 0.5653625 0.1167631 0.1779754 0.510352 0.1779754 0.4874065 0.1786606 0.4874065 0.1779754 0.510352 0.1786606 0.4874065 0.1786606 0.510352 0.0550909 0.238096 0.05582606 0.2523556 0.05558151 0.2523583 0.0550909 0.238096 0.05558151 0.2523583 0.05484753 0.2381204 0.8470646 0.04974091 0.8470646 0.05072879 0.8463531 0.05072879 0.8470646 0.04974091 0.8463531 0.05072879 0.8463531 0.04974091 0.8724422 0.2201159 0.89143 0.2201159 0.8914312 0.2202656 0.8724422 0.2201159 0.8914312 0.2202656 0.8722944 0.2202656 0.01233726 0.00243324 0.01233726 0.2809336 0.001989245 0.2805679 0.01233726 0.00243324 0.001989245 0.2805679 0.001989245 0.002067387 0.4802544 0.5634055 0.4802544 0.5405943 0.4808485 0.5406365 0.4802544 0.5634055 0.4808485 0.5406365 0.4808485 0.5634477 0.05051994 0.0403757 0.04604172 0.04043972 0.04604172 0.03169262 0.05051994 0.0403757 0.04604172 0.03169262 0.05051994 0.03209364 0.06615704 0.6032654 0.06615704 0.5805104 0.06667679 0.5805731 0.06615704 0.6032654 0.06667679 0.5805731 0.06667679 0.6033281 0.174957 0.06034845 0.1756681 0.06034845 0.1756681 0.06133592 0.174957 0.06034845 0.1756681 0.06133592 0.174957 0.06133592 0.2996249 0.4907272 0.2995328 0.4900524 0.3222903 0.4900524 0.2996249 0.4907272 0.3222903 0.4900524 0.3223824 0.4907272 0.163676 0.524733 0.08653956 0.524733 0.08673393 0.5245375 0.163676 0.524733 0.08673393 0.5245375 0.1634829 0.5245375 0.4646961 0.0997473 0.4646961 0.07891094 0.4724818 0.0789622 0.4646961 0.0997473 0.4724818 0.0789622 0.4724818 0.09979844 0.7769992 0.1170352 0.7769992 0.1160475 0.7777098 0.1160475 0.7769992 0.1170352 0.7777098 0.1160475 0.7777098 0.1170352 0.8301102 0.07308083 0.8301102 0.06521826 0.8341224 0.06539094 0.8301102 0.07308083 0.8341224 0.06539094 0.8341224 0.07313966 0.1784878 0.4811688 0.1784878 0.4582233 0.179173 0.4582233 0.1784878 0.4811688 0.179173 0.4582233 0.179173 0.4811688 0.2073847 0.5465634 0.2032609 0.516583 0.351906 0.516583 0.2073847 0.5465634 0.351906 0.516583 0.3560298 0.5465634 0.7411242 0.856106 0.7430325 0.8720085 0.4633757 0.8720085 0.7411242 0.856106 0.4633757 0.8720085 0.4614674 0.856106 0.7191798 0.5554404 0.7191798 0.5326293 0.7197741 0.5326715 0.7191798 0.5554404 0.7197741 0.5326715 0.7197741 0.5554826 0.7205207 0.0991683 0.7205871 0.09650218 0.7333461 0.09689462 0.7205207 0.0991683 0.7333461 0.09689462 0.733318 0.09956133 0.5567718 0.1293081 0.557483 0.1293081 0.557483 0.1302959 0.5567718 0.1293081 0.557483 0.1302959 0.5567718 0.1302959 0.7414634 0.5820522 0.7414634 0.5592973 0.7419835 0.55936 0.7414634 0.5820522 0.7419835 0.55936 0.7419835 0.5821149 0.06218105 0.5239664 0.06218111 0.6747726 0.06015002 0.6728355 0.06218105 0.5239664 0.06015002 0.6728355 0.06015002 0.5233979 0.2739598 0.5086247 0.2740519 0.5092994 0.251297 0.5092994 0.2739598 0.5086247 0.251297 0.5092994 0.2512036 0.5086247 0.6575536 0.1797137 0.6582654 0.1797137 0.6582654 0.1807014 0.6575536 0.1797137 0.6582654 0.1807014 0.6575536 0.1807014 0.4854238 0.5406302 0.4854238 0.5634414 0.4848297 0.5633992 0.4854238 0.5406302 0.4848297 0.5633992 0.4848297 0.540588 0.002086043 0.3966656 0.01185947 0.3972539 0.0117622 0.4019867 0.002086043 0.3966656 0.0117622 0.4019867 0.002010524 0.4013984 0.233518 0.4615622 0.2105726 0.4615622 0.2105726 0.460877 0.233518 0.4615622 0.2105726 0.460877 0.233518 0.460877 0.3758084 0.0789147 0.4529411 0.07891213 0.4527454 0.07910674 0.3758084 0.0789147 0.4527454 0.07910674 0.3760009 0.07910931 0.7243564 0.5326727 0.7243564 0.5554838 0.7237624 0.5554416 0.7243564 0.5326727 0.7237624 0.5554416 0.7237624 0.5326305 0.07514882 0.6058599 0.07514882 0.583105 0.07566857 0.5831677 0.07514882 0.6058599 0.07566857 0.5831677 0.07566857 0.6059226 0.7105252 0.541106 0.546833 0.541106 0.5469212 0.5325016 0.7105252 0.541106 0.5469212 0.5325016 0.7106122 0.5325016 0.1708292 0.05973893 0.1708288 0.03927582 0.1709783 0.03912538 0.1708292 0.05973893 0.1709783 0.03912538 0.1709787 0.05973768 0.519955 0.4504511 0.519955 0.4732648 0.5193607 0.473224 0.519955 0.4504511 0.5193607 0.473224 0.5193607 0.4504101 0.06675392 0.5406305 0.06675392 0.5634416 0.0661599 0.5633994 0.06675392 0.5406305 0.0661599 0.5633994 0.0661599 0.5405882 0.7107359 0.2069411 0.7097482 0.2069411 0.7097482 0.2062294 0.7107359 0.2069411 0.7097482 0.2062294 0.7107359 0.2062294 0.1428077 0.5457617 0.1656189 0.5457617 0.1655767 0.546356 0.1428077 0.5457617 0.1655767 0.546356 0.1427655 0.546356 0.5515197 0.4654446 0.5509999 0.4653819 0.5509999 0.442627 0.5515197 0.4654446 0.5509999 0.442627 0.5515197 0.4426884 0.09372639 0.5353236 0.09372639 0.5581347 0.09313237 0.5580925 0.09372639 0.5353236 0.09313237 0.5580925 0.09313237 0.5352814 0.7896957 0.3418686 0.7896957 0.3496947 0.7851969 0.3508817 0.7896957 0.3418686 0.7851969 0.3508817 0.7851969 0.3426169 0.8572094 0.05337661 0.8564982 0.05337661 0.8564982 0.05238884 0.8572094 0.05337661 0.8564982 0.05238884 0.8572094 0.05238884 0.5920642 0.1717275 0.5960711 0.1744841 0.5996764 0.1777404 0.5996764 0.1777404 0.6028154 0.181438 0.6054348 0.18551 0.6054348 0.18551 0.60749 0.189885 0.6089454 0.1944849 0.6089454 0.1944849 0.6097788 0.1992297 0.6099753 0.2040367 0.6099753 0.2040367 0.6095329 0.2088228 0.6036099 0.2346791 0.6036099 0.2346791 0.6288143 0.2419915 0.6147707 0.2904799 0.6147707 0.2904799 0.7102732 0.318188 0.7065603 0.3310061 0.7065603 0.3310061 0.7699367 0.3493933 0.7580991 0.3902643 0.5992202 0.3441687 0.5867044 0.3873793 0.5584885 0.3791933 0.7065603 0.3310061 0.7580991 0.3902643 0.5992202 0.3441687 0.6147707 0.2904799 0.7065603 0.3310061 0.5992202 0.3441687 0.5584885 0.3791933 0.5504246 0.4053278 0.5484301 0.4096136 0.6147707 0.2904799 0.5992202 0.3441687 0.5584885 0.3791933 0.6089454 0.1944849 0.6099753 0.2040367 0.6036099 0.2346791 0.6036099 0.2346791 0.6147707 0.2904799 0.5584885 0.3791933 0.5584885 0.3791933 0.5484301 0.4096136 0.5458576 0.4136143 0.5458576 0.4136143 0.5427456 0.4172587 0.5391381 0.4204849 0.5391381 0.4204849 0.5350906 0.4232298 0.5306689 0.4254395 0.5306689 0.4254395 0.5259466 0.427069 0.5210087 0.4280762 0.5210087 0.4280762 0.5159452 0.428438 0.5108522 0.4281436 0.4868413 0.4236111 0.4585974 0.5211236 0.1659883 0.4362291 0.5210087 0.4280762 0.5108522 0.4281436 0.4868413 0.4236111 0.5391381 0.4204849 0.5306689 0.4254395 0.5210087 0.4280762 0.5584885 0.3791933 0.5458576 0.4136143 0.5391381 0.4204849 0.6089454 0.1944849 0.6036099 0.2346791 0.5584885 0.3791933 0.5996764 0.1777404 0.6054348 0.18551 0.6089454 0.1944849 0.5877261 0.1695206 0.5920642 0.1717275 0.5996764 0.1777404 0.2857666 0.05616641 0.5694308 0.1384656 0.5629618 0.1607985 0.5629618 0.1607985 0.5877261 0.1695206 0.5996764 0.1777404 0.5996764 0.1777404 0.6089454 0.1944849 0.5584885 0.3791933 0.5584885 0.3791933 0.5391381 0.4204849 0.5210087 0.4280762 0.5584885 0.3791933 0.5210087 0.4280762 0.4868413 0.4236111 0.5629618 0.1607985 0.5996764 0.1777404 0.5584885 0.3791933 0.1992048 0.002465128 0.2934048 0.02979522 0.2857666 0.05616641 0.2857666 0.05616641 0.5629618 0.1607985 0.5584885 0.3791933 0.5584885 0.3791933 0.4868413 0.4236111 0.1659883 0.4362291 0.1659883 0.4362291 0.1443471 0.5109458 0.1229872 0.5047485 0.1229872 0.5047485 0.1187438 0.5079147 0.1072604 0.5143274 0.1072604 0.5143274 0.08240187 0.5215098 0.07380199 0.5215963 0.07380199 0.5215963 0.05308234 0.5155848 0.04635977 0.5111517 0.04635977 0.5111517 0.03000575 0.4921815 0.02427387 0.4809843 0.01641625 0.4584376 0.002464115 0.4543897 0.09120547 0.1480031 0.04635977 0.5111517 0.02427387 0.4809843 0.01641625 0.4584376 0.1072604 0.5143274 0.07380199 0.5215963 0.04635977 0.5111517 0.1659883 0.4362291 0.1229872 0.5047485 0.1072604 0.5143274 0.2857666 0.05616641 0.5584885 0.3791933 0.1659883 0.4362291 0.1803181 0.06767112 0.1992048 0.002465128 0.2857666 0.05616641 0.02962499 0.1301367 0.05799627 0.03218209 0.1803181 0.06767112 0.04635977 0.5111517 0.01641625 0.4584376 0.09120547 0.1480031 0.09120547 0.1480031 0.02962499 0.1301367 0.1803181 0.06767112 0.1803181 0.06767112 0.2857666 0.05616641 0.1659883 0.4362291 0.1659883 0.4362291 0.1072604 0.5143274 0.04635977 0.5111517 0.04635977 0.5111517 0.09120547 0.1480031 0.1803181 0.06767112 0.1659883 0.4362291 0.04635977 0.5111517 0.1803181 0.06767112 0.4527454 0.07910674 0.4529411 0.07891213 0.4529411 0.09937655 0.4527454 0.07910674 0.4529411 0.09937655 0.4527454 0.09937655 0.6224812 0.546356 0.5996701 0.546356 0.5997123 0.545762 0.6224812 0.546356 0.5997123 0.545762 0.6225235 0.545762 0.001994907 0.483817 0.001994907 0.4608715 0.002680182 0.4608715 0.001994907 0.483817 0.002680182 0.4608715 0.002680182 0.483817 0.9325628 0.3524868 0.9325628 0.4292314 0.9323369 0.4290043 0.9325628 0.3524868 0.9323369 0.4290043 0.9323369 0.3527113 0.6790674 0.1850152 0.6797785 0.1850152 0.6797785 0.1860029 0.6790674 0.1850152 0.6797785 0.1860029 0.6790674 0.1860029 0.6376381 0.5724943 0.6381579 0.572557 0.6381579 0.5953119 0.6376381 0.5724943 0.6381579 0.5953119 0.6376381 0.5952492 0.7459581 0.5847056 0.7459594 0.5619506 0.7464792 0.5620133 0.7459581 0.5847056 0.7464792 0.5620133 0.7464792 0.5847682 0.06015002 0.5233979 0.06015002 0.6728355 0.05818682 0.6705241 0.06015002 0.5233979 0.05818682 0.6705241 0.05818676 0.5226976 0.03574526 0.3097879 0.03574526 0.3182836 0.0282166 0.3186494 0.03574526 0.3097879 0.0282166 0.3186494 0.0282166 0.3101536 0.7370418 0.4034062 0.7345004 0.3905817 0.7347207 0.3906374 0.7370418 0.4034062 0.7347207 0.3906374 0.7372505 0.4033984 0.8067323 0.3792557 0.8141012 0.3787851 0.8141012 0.3996213 0.8067323 0.3792557 0.8141012 0.3996213 0.8067323 0.4000921 0.001988708 0.3036454 0.001991868 0.3005564 0.02986693 0.3005564 0.001988708 0.3036454 0.02986693 0.3005564 0.03229999 0.3036454 0.6377053 0.3605974 0.6377974 0.3612722 0.6150399 0.3612722 0.6377053 0.3605974 0.6150399 0.3612722 0.6149477 0.3605974 0.09830015 0.535328 0.09830015 0.5581418 0.0977059 0.5581009 0.09830015 0.535328 0.0977059 0.5581009 0.0977059 0.5352871 0.5436124 0.4639417 0.5454232 0.44247 0.5441702 0.4585981 0.5436124 0.4639417 0.5441702 0.4585981 0.5453985 0.4710319 0.254763 0.01654255 0.2548448 0.01525795 0.2671522 0.01525795 0.254763 0.01654255 0.2671522 0.01525795 0.2670716 0.01654255 0.5752236 0.1293067 0.5759348 0.1293067 0.5759348 0.1302942 0.5752236 0.1293067 0.5759348 0.1302942 0.5752236 0.1302942 0.8254354 0.07990103 0.8254354 0.07891327 0.8261466 0.07891327 0.8254354 0.07990103 0.8261466 0.07891327 0.8261466 0.07990103 0.1984361 0.5448765 0.1978418 0.5448355 0.1978418 0.5220218 0.1984361 0.5448765 0.1978418 0.5220218 0.1984361 0.5220627 0.1919041 0.4732106 0.1919041 0.4502651 0.1925894 0.4502651 0.1919041 0.4732106 0.1925894 0.4502651 0.1925894 0.4732106 0.8437904 0.06636154 0.8428026 0.06636154 0.8428026 0.06565046 0.8437904 0.06636154 0.8428026 0.06565046 0.8437904 0.06565046 0.9971654 0.4412335 0.9971654 0.3762611 0.997401 0.3763742 0.9971654 0.4412335 0.997401 0.3763742 0.997401 0.4411898 0.006662845 0.4608736 0.007348179 0.4608736 0.007348179 0.4838191 0.006662845 0.4608736 0.007348179 0.4838191 0.006662845 0.4838191 0.02081388 0.4824604 0.02081388 0.5015805 0.02066665 0.5015811 0.02081388 0.4824604 0.02066665 0.5015811 0.02066665 0.4826101 0.5246435 0.1160463 0.5253547 0.1160463 0.5253547 0.117034 0.5246435 0.1160463 0.5253547 0.117034 0.5246435 0.117034 0.7880661 0.08446592 0.7749783 0.08446592 0.7750014 0.08422273 0.7880661 0.08446592 0.7750014 0.08422273 0.7880669 0.08422273 0.7500116 0.4247027 0.7500116 0.4178096 0.7545641 0.4164628 0.7500116 0.4247027 0.7545641 0.4164628 0.7545641 0.4230366 0.5122588 0.5484176 0.5121961 0.5489376 0.4894386 0.5489376 0.5122588 0.5484176 0.4894386 0.5489376 0.4895013 0.5484176 0.7873695 0.4208251 0.7873695 0.4104997 0.7921524 0.4104806 0.7873695 0.4208251 0.7921524 0.4104806 0.7921524 0.4206969 0.05964159 0.1966897 0.05963897 0.2196686 0.05737423 0.2198091 0.05964159 0.1966897 0.05737423 0.2198091 0.05737686 0.1970824 0.5584196 0.3919666 0.577556 0.3919205 0.5775548 0.3920689 0.5584196 0.3919666 0.5775548 0.3920689 0.5585675 0.3921146 0.6100012 0.1607253 0.621316 0.07847088 0.7864075 0.1217924 0.6100012 0.1607253 0.7864075 0.1217924 0.7750953 0.2040457 0.7017573 0.2858074 0.7019837 0.2858062 0.7019837 0.3058494 0.7017573 0.2858074 0.7019837 0.3058494 0.7017573 0.3060759 0.7509614 0.1056866 0.7366183 0.1056866 0.7366413 0.1054433 0.7509614 0.1056866 0.7366413 0.1054433 0.7510064 0.1054433 0.02623403 0.1160446 0.02694517 0.1160446 0.02694517 0.117032 0.02623403 0.1160446 0.02694517 0.117032 0.02623403 0.117032 0.7374848 0.4033863 0.7349601 0.3906466 0.735202 0.3906092 0.7374848 0.4033863 0.735202 0.3906092 0.7377305 0.4033703 0.6108102 0.3590849 0.6023145 0.3590849 0.6017184 0.3521294 0.6108102 0.3590849 0.6017184 0.3521294 0.6102141 0.3521294 0.4967069 0.442382 0.4967069 0.465137 0.4961858 0.4650755 0.4967069 0.442382 0.4961858 0.4650755 0.4961858 0.4423193 0.05492138 0.2320462 0.05524909 0.2199767 0.05737423 0.2198091 0.05492138 0.2320462 0.05737423 0.2198091 0.0570389 0.232123 0.9969196 0.4412602 0.9969196 0.3762342 0.9971654 0.3762611 0.9969196 0.4412602 0.9971654 0.3762611 0.9971654 0.4412335 0.1022819 0.5580933 0.1022819 0.5352795 0.1028763 0.5353204 0.1022819 0.5580933 0.1028763 0.5353204 0.1028763 0.5581342 0.4831387 0.4506304 0.4831387 0.4697504 0.4829915 0.4697511 0.4831387 0.4506304 0.4829915 0.4697511 0.4829915 0.45078 0.9400353 0.7244885 0.9400353 0.2221503 0.9537202 0.2221503 0.9400353 0.7244885 0.9537202 0.2221503 0.9537202 0.7244885 0.5710019 0.4209713 0.5710019 0.4105378 0.575667 0.410502 0.5710019 0.4209713 0.575667 0.410502 0.575667 0.421002 0.6947005 0.5033196 0.6947926 0.5039944 0.6720376 0.5039944 0.6947005 0.5033196 0.6720376 0.5039944 0.6719443 0.5033196 0.6033064 0.133197 0.6033064 0.1244671 0.6078794 0.1241435 0.6033064 0.133197 0.6078794 0.1241435 0.6078794 0.1332954 0.6737763 0.5616687 0.6737137 0.5621887 0.6509562 0.5621887 0.6737763 0.5616687 0.6509562 0.5621887 0.6510189 0.5616687 0.2090787 0.003290176 0.2090787 0.001991987 0.2134814 0.001991987 0.2090787 0.003290176 0.2134814 0.001991987 0.2134814 0.003290176 0.9320943 0.3529543 0.9320943 0.4287618 0.931851 0.4285194 0.9320943 0.3529543 0.931851 0.4285194 0.931851 0.3531967 0.931851 0.3531967 0.9122936 0.3531961 0.9122936 0.3529537 0.931851 0.3531967 0.9122936 0.3529537 0.9320943 0.3529543 0.1749631 0.03650784 0.1795976 0.0364784 0.179682 0.04626727 0.1749631 0.03650784 0.179682 0.04626727 0.1750476 0.04601144 0.7938197 0.3472753 0.7934973 0.3301303 0.8019981 0.3300153 0.7938197 0.3472753 0.8019981 0.3300153 0.8023178 0.3471602 0.3293222 0.0447607 0.3293222 0.05327427 0.3210723 0.05300819 0.3293222 0.0447607 0.3210723 0.05300819 0.3210723 0.04449212 0.7008066 0.09547585 0.7008038 0.089787 0.7055186 0.08959776 0.7008066 0.09547585 0.7055186 0.08959776 0.7055231 0.09523147 0.03627055 0.2658486 0.03627055 0.1400734 0.05090481 0.1411171 0.03627055 0.2658486 0.05090481 0.1411171 0.05090481 0.2668898 0.5939499 0.1329469 0.5939499 0.1319591 0.5946611 0.1319591 0.5939499 0.1329469 0.5946611 0.1319591 0.5946611 0.1329469 0.7379699 0.4033517 0.7346426 0.4578506 0.734412 0.4577314 0.7379699 0.4033517 0.734412 0.4577314 0.7377305 0.4033703 0.5367217 0.4732065 0.5367217 0.4502609 0.5374069 0.4502609 0.5367217 0.4732065 0.5374069 0.4502609 0.5374069 0.4732065 0.04148137 0.06733965 0.04148137 0.055251 0.04405021 0.05512952 0.04148137 0.06733965 0.04405021 0.05512952 0.04405021 0.06707739 0.5587448 0.4663017 0.5777325 0.4662556 0.5777344 0.4664053 0.5587448 0.4663017 0.5777344 0.4664053 0.5585976 0.4664514 0.2874982 0.4847467 0.3104438 0.4847467 0.3104438 0.4854319 0.2874982 0.4847467 0.3104438 0.4854319 0.2874982 0.4854319 0.05661749 0.252933 0.0566138 0.2531105 0.05654489 0.2532823 0.05654489 0.2532823 0.05641973 0.2534376 0.05624347 0.2535647 0.05624347 0.2535647 0.05602794 0.2536554 0.05579084 0.253704 0.05579084 0.253704 0.05554491 0.2537066 0.05530965 0.253663 0.05530965 0.253663 0.05510282 0.2535765 0.05493199 0.2534527 0.05493199 0.2534527 0.05481392 0.2533003 0.05475485 0.2531293 0.05475485 0.2531293 0.05475968 0.2529518 0.05482733 0.25278 0.05482733 0.25278 0.05495506 0.2526249 0.05512994 0.2524974 0.05512994 0.2524974 0.05534559 0.2524068 0.05558151 0.2523583 0.05558151 0.2523583 0.05582606 0.2523556 0.05606132 0.2523993 0.05606132 0.2523993 0.05627197 0.2524857 0.05644279 0.2526095 0.05644279 0.2526095 0.05655968 0.2527621 0.05661749 0.252933 0.05661749 0.252933 0.05654489 0.2532823 0.05624347 0.2535647 0.05624347 0.2535647 0.05579084 0.253704 0.05530965 0.253663 0.05530965 0.253663 0.05493199 0.2534527 0.05475485 0.2531293 0.05475485 0.2531293 0.05482733 0.25278 0.05512994 0.2524974 0.05512994 0.2524974 0.05558151 0.2523583 0.05606132 0.2523993 0.05606132 0.2523993 0.05644279 0.2526095 0.05661749 0.252933 0.05661749 0.252933 0.05624347 0.2535647 0.05530965 0.253663 0.05530965 0.253663 0.05475485 0.2531293 0.05512994 0.2524974 0.05512994 0.2524974 0.05606132 0.2523993 0.05661749 0.252933 0.05530965 0.253663 0.05512994 0.2524974 0.05661749 0.252933 0.9314298 0.3536194 0.912293 0.3536188 0.912293 0.3534231 0.9314298 0.3536194 0.912293 0.3534231 0.9316244 0.3534237 0.8868848 0.0424627 0.886647 0.03911995 0.9501038 0.03911989 0.8868848 0.0424627 0.9501038 0.03911989 0.9503416 0.04246264 0.5584196 0.3919666 0.5585675 0.3921146 0.5587448 0.4663017 0.5584196 0.3919666 0.5587448 0.4663017 0.5585976 0.4664514 0.05532735 0.2381614 0.05606132 0.2523993 0.05582606 0.2523556 0.05532735 0.2381614 0.05582606 0.2523556 0.0550909 0.238096 0.7283816 0.5192391 0.7289872 0.5277398 0.4817624 0.5277398 0.7283816 0.5192391 0.4817624 0.5277398 0.4811568 0.5192391 0.5331186 0.4316981 0.5326761 0.4361892 0.5241804 0.4361892 0.5331186 0.4316981 0.5241804 0.4361892 0.5246255 0.4316981 0.1527232 0.4957463 0.1533979 0.4956541 0.1533979 0.5184118 0.1527232 0.4957463 0.1533979 0.5184118 0.1527232 0.5185038 0.9320943 0.3529543 0.9122936 0.3529537 0.9122936 0.3527113 0.9320943 0.3529543 0.9122936 0.3527113 0.9323369 0.3527113 0.9900413 0.2115395 0.9976992 0.2116061 0.9979243 0.2201068 0.9900413 0.2115395 0.9979243 0.2201068 0.9902652 0.2200376 0.7022255 0.2858062 0.7022266 0.3056061 0.7019837 0.3058494 0.7022255 0.2858062 0.7019837 0.3058494 0.7019837 0.2858062 0.1641639 0.4838268 0.1634786 0.4838268 0.1634786 0.4608812 0.1641639 0.4838268 0.1634786 0.4608812 0.1641639 0.4608812 0.733318 0.09956133 0.7333346 0.1008517 0.7205373 0.1004581 0.733318 0.09956133 0.7205373 0.1004581 0.7205207 0.0991683 0.7165628 0.07913672 0.7165634 0.09917962 0.7163376 0.09917861 0.7165628 0.07913672 0.7163376 0.09917861 0.716337 0.07890975 0.4052379 0.5608667 0.4047206 0.5511383 0.4093521 0.551081 0.4052379 0.5608667 0.4093521 0.551081 0.4098682 0.5607877 0.7926166 0.09917962 0.792616 0.07937926 0.7928589 0.07913631 0.7926166 0.09917962 0.7928589 0.07913631 0.7928589 0.0991792 0.6961169 0.09547638 0.6961135 0.08975052 0.7008038 0.089787 0.6961169 0.09547638 0.7008038 0.089787 0.7008066 0.09547585 0.7004844 0.5621876 0.6777295 0.5621876 0.6777921 0.5616691 0.7004844 0.5621876 0.6777921 0.5616691 0.700547 0.5616691 0.7938349 0.2992277 0.8023331 0.2991076 0.8019981 0.3300153 0.7938349 0.2992277 0.8019981 0.3300153 0.7934973 0.3301303 0.5585976 0.4664514 0.5777344 0.4664053 0.5777358 0.4665997 0.5585976 0.4664514 0.5777358 0.4665997 0.5584048 0.4666463 0.06628847 0.1918891 0.06638062 0.1835967 0.07099711 0.1827615 0.06628847 0.1918891 0.07099711 0.1827615 0.07091009 0.1906701 0.1581318 0.0576955 0.1581318 0.05868333 0.1574207 0.05868333 0.1581318 0.0576955 0.1574207 0.05868333 0.1574207 0.0576955 0.7095014 0.07892739 0.7121681 0.07895302 0.7121681 0.09472155 0.7095014 0.07892739 0.7121681 0.09472155 0.7095014 0.09480345 0.6739255 0.5860612 0.6511705 0.5860612 0.6512332 0.5855413 0.6739255 0.5860612 0.6512332 0.5855413 0.6739882 0.5855413 0.4141031 0.08421313 0.4141824 0.08743929 0.4030914 0.08743929 0.4141031 0.08421313 0.4030914 0.08743929 0.4030121 0.08421313 0.6537493 0.3653889 0.6541478 0.3687072 0.5983527 0.3687072 0.6537493 0.3653889 0.5983527 0.3687072 0.5979543 0.3653889 0.8658978 0.2028131 0.8658978 0.1904494 0.8678316 0.1903855 0.8658978 0.2028131 0.8678316 0.1903855 0.8678316 0.2019407 0.05703759 0.1857471 0.05737686 0.1970824 0.05525159 0.1975352 0.05703759 0.1857471 0.05525159 0.1975352 0.05492138 0.1864583 0.9748977 0.04124188 0.9717985 0.04124188 0.9731314 0.03913015 0.9748977 0.04124188 0.9731314 0.03913015 0.9758187 0.03913015 0.03664267 0.1372626 0.03735375 0.1372626 0.03735375 0.1382501 0.03664267 0.1372626 0.03735375 0.1382501 0.03664267 0.1382501 0.3483133 0.4953656 0.3484054 0.4960402 0.3256505 0.4960402 0.3483133 0.4953656 0.3256505 0.4960402 0.325557 0.4953656 0.168852 0.5075658 0.168852 0.4425396 0.1690978 0.4425666 0.168852 0.5075658 0.1690978 0.4425666 0.1690978 0.507539 0.7833948 0.4305223 0.802531 0.4305217 0.8025322 0.4307162 0.7833948 0.4305223 0.8025322 0.4307162 0.7832015 0.4307168 0.7832015 0.355843 0.7829761 0.3556178 0.8025329 0.3556172 0.7832015 0.355843 0.8025329 0.3556172 0.8025322 0.355843 0.5258817 0.4423822 0.5258817 0.4651372 0.525362 0.4650759 0.5258817 0.4423822 0.525362 0.4650759 0.525362 0.4423196 0.8166238 0.07852792 0.8168415 0.06838846 0.8216397 0.06832134 0.8166238 0.07852792 0.8216397 0.06832134 0.8214263 0.07826268 0.5627911 0.4131265 0.5668706 0.4131265 0.5668706 0.4216912 0.5627911 0.4131265 0.5668706 0.4216912 0.5627911 0.4216912 0.50536 0.4679159 0.50536 0.4449679 0.5060449 0.4449679 0.50536 0.4679159 0.5060449 0.4449679 0.5060449 0.4679159 0.5367756 0.4371671 0.5411642 0.4375298 0.5411642 0.4456795 0.5367756 0.4371671 0.5411642 0.4456795 0.5367756 0.4448213 0.5442124 0.5539365 0.4893928 0.5539365 0.4895789 0.5537201 0.5442124 0.5539365 0.4895789 0.5537201 0.5441792 0.5537201 0.6837501 0.1860058 0.6837501 0.1850181 0.6844613 0.1850181 0.6837501 0.1860058 0.6844613 0.1850181 0.6844613 0.1860058 0.9323369 0.3527113 0.9323369 0.4290043 0.9320943 0.4287618 0.9323369 0.3527113 0.9320943 0.4287618 0.9320943 0.3529543 0.7165628 0.07913672 0.7928589 0.07913631 0.792616 0.07937926 0.7165628 0.07913672 0.792616 0.07937926 0.7168052 0.07937961 0.001991868 0.3005564 0.001994431 0.2973127 0.0273084 0.2973127 0.001991868 0.3005564 0.0273084 0.2973127 0.02986693 0.3005564 0.7782798 0.3058494 0.7019837 0.3058494 0.7022266 0.3056061 0.7782798 0.3058494 0.7022266 0.3056061 0.7780368 0.3056061 0.07508265 0.1697523 0.07498538 0.158912 0.07971704 0.1589696 0.07508265 0.1697523 0.07971704 0.1589696 0.07981443 0.1697854 0.4363728 0.5537109 0.4363101 0.5542307 0.4135552 0.5542307 0.4363728 0.5537109 0.4135552 0.5542307 0.4136179 0.5537109 0.01133215 0.463524 0.01201701 0.463524 0.01201701 0.4864695 0.01133215 0.463524 0.01201701 0.4864695 0.01133215 0.4864695 0.8019064 0.2852669 0.8024055 0.2930189 0.798583 0.2934911 0.8019064 0.2852669 0.798583 0.2934911 0.7980518 0.2852377 0.122332 0.790794 0.122332 0.5696303 0.6246702 0.5696303 0.6246702 0.5696303 0.6246702 0.790794 0.130897 0.790794 0.6246702 0.5696303 0.130897 0.790794 0.122332 0.790794 0.00198549 0.3065502 0.001988708 0.3036454 0.03229999 0.3036454 0.00198549 0.3065502 0.03229999 0.3036454 0.03458714 0.3065502 0.716337 0.07890975 0.7930847 0.07890945 0.7928589 0.07913631 0.716337 0.07890975 0.7928589 0.07913631 0.7165628 0.07913672 0.6622343 0.1797136 0.6629455 0.1797136 0.6629455 0.1807014 0.6622343 0.1797136 0.6629455 0.1807014 0.6622343 0.1807014 0.6430115 0.1792637 0.6350939 0.1793738 0.635452 0.1745499 0.6430115 0.1792637 0.635452 0.1745499 0.6435257 0.1744373 0.9976176 0.2249283 0.9976176 0.2899543 0.9973731 0.2899274 0.9976176 0.2249283 0.9973731 0.2899274 0.9973731 0.2249549 0.7062961 0.3813076 0.7062961 0.4571183 0.6864961 0.4571185 0.7062961 0.3813076 0.6864961 0.4571185 0.6864961 0.3813081 0.8735611 0.1372641 0.8742723 0.1372641 0.8742723 0.1382519 0.8735611 0.1372641 0.8742723 0.1382519 0.8735611 0.1382519 0.8783083 0.1005172 0.8816509 0.100279 0.8816509 0.1637358 0.8783083 0.1005172 0.8816509 0.1637358 0.8783083 0.163974 0.6160408 0.0879836 0.611578 0.08792984 0.611578 0.07911944 0.6160408 0.0879836 0.611578 0.07911944 0.6160408 0.07957994 0.9975939 0.1975165 0.9975938 0.1217089 0.9978371 0.1219521 0.9975939 0.1975165 0.9978371 0.1219521 0.9978371 0.1972736 0.8472886 0.05261528 0.8457617 0.06101953 0.8410266 0.06101363 0.8472886 0.05261528 0.8410266 0.06101363 0.8424917 0.05294609 0.01176023 0.3130493 0.01185947 0.3972539 0.002086043 0.3966656 0.01176023 0.3130493 0.002086043 0.3966656 0.001986801 0.3124608 0.7214707 0.5033141 0.7215627 0.5039889 0.6988053 0.5039889 0.7214707 0.5033141 0.6988053 0.5039889 0.6987131 0.5033141 0.1068605 0.5581 0.1068605 0.5352888 0.1074545 0.535331 0.1068605 0.5581 0.1074545 0.535331 0.1074545 0.5581423 0.3059771 0.04866939 0.2951554 0.04866939 0.2951759 0.04390442 0.3059771 0.04866939 0.2951759 0.04390442 0.3059293 0.04390442 0.931851 0.3531967 0.931851 0.4285194 0.9316244 0.4282944 0.931851 0.3531967 0.9316244 0.4282944 0.9316244 0.3534237 0.6997332 0.5674927 0.6769783 0.5674927 0.6770409 0.5669741 0.6997332 0.5674927 0.6770409 0.5669741 0.6997959 0.5669741 0.7445363 0.4426884 0.745211 0.4425963 0.745211 0.4653512 0.7445363 0.4426884 0.745211 0.4653512 0.7445363 0.4654446 0.4579702 0.5353261 0.4579702 0.5581373 0.4573748 0.5580952 0.4579702 0.5353261 0.4573748 0.5580952 0.4573748 0.5352839 0.7968471 0.2098725 0.7961353 0.2098725 0.7961353 0.2088847 0.7968471 0.2098725 0.7961353 0.2088847 0.7968471 0.2088847 0.03627049 0.29343 0.03627049 0.2725451 0.04470974 0.2725425 0.03627049 0.29343 0.04470974 0.2725425 0.04470974 0.2934275 0.666915 0.1833504 0.666915 0.1823626 0.6676268 0.1823626 0.666915 0.1833504 0.6676268 0.1823626 0.6676268 0.1833504 0.1831456 0.4767877 0.1838308 0.4767877 0.1838308 0.4997332 0.1831456 0.4767877 0.1838308 0.4997332 0.1831456 0.4997332 0.02332347 0.6677785 0.001983344 0.6685076 0.001983344 0.5048167 0.02332347 0.6677785 0.001983344 0.5048167 0.02332347 0.5040863 0.9320943 0.4287618 0.9323369 0.4290043 0.9122936 0.4290035 0.9320943 0.4287618 0.9122936 0.4290035 0.9122936 0.4287612 0.7142895 0.3123304 0.7613152 0.3123304 0.7613152 0.3209027 0.7142895 0.3123304 0.7613152 0.3209027 0.7142895 0.3209027 0.183251 0.4471834 0.183251 0.4523241 0.1784809 0.4509465 0.183251 0.4471834 0.1784809 0.4509465 0.1784809 0.4456793 0.7545998 0.21444 0.741512 0.21444 0.7415351 0.2141968 0.7545998 0.21444 0.7415351 0.2141968 0.7546006 0.2141968 0.05487841 0.142579 0.05586612 0.142579 0.05586612 0.1432902 0.05487841 0.142579 0.05586612 0.1432902 0.05487841 0.1432902 0.7097474 0.2195038 0.7740635 0.2195019 0.7740635 0.3007201 0.7097474 0.2195038 0.7740635 0.3007201 0.7097474 0.3007213 0.7190549 0.213653 0.7107344 0.2138451 0.7096945 0.2090904 0.7190549 0.213653 0.7096945 0.2090904 0.7182644 0.2088932 0.7060434 0.4635253 0.7062858 0.4637672 0.6865028 0.4637672 0.7060434 0.4635253 0.6865028 0.4637672 0.6865028 0.4635253 0.7600414 0.5687634 0.7600414 0.5459521 0.7606357 0.5459943 0.7600414 0.5687634 0.7606357 0.5459943 0.7606357 0.5688056 0.08445638 0.5405925 0.08505052 0.5406347 0.08505052 0.5634459 0.08445638 0.5405925 0.08505052 0.5634459 0.08445638 0.5634037 0.02225774 0.002967894 0.0222578 0.2814684 0.01233726 0.2809336 0.02225774 0.002967894 0.01233726 0.2809336 0.01233726 0.00243324 0.9822031 0.2116061 0.9900413 0.2115395 0.9902652 0.2200376 0.9822031 0.2116061 0.9902652 0.2200376 0.9824283 0.2201068 0.3144869 0.05642127 0.3233988 0.056836 0.3226218 0.06155753 0.3144869 0.05642127 0.3226218 0.06155753 0.3134425 0.06112992 0.1391246 0.05287241 0.1381116 0.04443311 0.160016 0.04443311 0.1391246 0.05287241 0.160016 0.04443311 0.161029 0.05287241 0.7340637 0.4864781 0.7340637 0.4635326 0.7347489 0.4635326 0.7340637 0.4864781 0.7347489 0.4635326 0.7347489 0.4864781 0.1143968 0.5869297 0.06821155 0.5775136 0.06933206 0.572008 0.1143968 0.5869297 0.06933206 0.572008 0.1100172 0.580302 0.138157 0.5422236 0.1267374 0.5416845 0.1237187 0.5411244 0.1237187 0.5411244 0.1143968 0.5869297 0.1100172 0.580302 0.8005853 0.2186505 0.6513671 0.1882285 0.6524876 0.1827223 0.217445 0.4821565 0.2163603 0.4857079 0.2115407 0.4963575 0.2115407 0.4963575 0.1984685 0.5147178 0.1898883 0.5228165 0.1898883 0.5228165 0.1709579 0.5346593 0.1600039 0.5387695 0.1600039 0.5387695 0.138157 0.5422236 0.1237187 0.5411244 0.1237187 0.5411244 0.1100172 0.580302 0.1193187 0.5345914 0.1237187 0.5411244 0.1193187 0.5345914 0.1273514 0.5362301 0.217445 0.4821565 0.2115407 0.4963575 0.1898883 0.5228165 0.8005853 0.2186505 0.6524876 0.1827223 0.8072109 0.2142658 0.7269816 0.5803025 0.8005853 0.2186505 0.8072109 0.2142658 0.1600039 0.5387695 0.1237187 0.5411244 0.1273514 0.5362301 0.1600039 0.5387695 0.1273514 0.5362301 0.1378449 0.5365841 0.7269816 0.5803025 0.8072109 0.2142658 0.7313612 0.5869296 0.1600039 0.5387695 0.1378449 0.5365841 0.1585661 0.533308 0.7269816 0.5803025 0.7313612 0.5869296 0.217445 0.4821565 0.1600039 0.5387695 0.1585661 0.533308 0.1684611 0.529596 0.2135667 0.4756318 0.7269816 0.5803025 0.217445 0.4821565 0.2110956 0.4837191 0.2135667 0.4756318 0.217445 0.4821565 0.1898883 0.5228165 0.1600039 0.5387695 0.1684611 0.529596 0.1898883 0.5228165 0.1684611 0.529596 0.1864399 0.5183473 0.2066494 0.493541 0.2110956 0.4837191 0.217445 0.4821565 0.1898883 0.5228165 0.1864399 0.5183473 0.1942168 0.5110077 0.1942168 0.5110077 0.2066494 0.493541 0.217445 0.4821565 0.1942168 0.5110077 0.217445 0.4821565 0.1898883 0.5228165 0.6715978 0.1833512 0.6715978 0.1823633 0.6723091 0.1823633 0.6715978 0.1833512 0.6723091 0.1823633 0.6723091 0.1833512 0.1733044 0.4450655 0.1739792 0.4449722 0.1739792 0.4677284 0.1733044 0.4450655 0.1739792 0.4677284 0.1733044 0.4678204 0.8018054 0.2095925 0.8008176 0.2095925 0.8008176 0.2088813 0.8018054 0.2095925 0.8008176 0.2088813 0.8018054 0.2088813 0.8859716 0.2172341 0.8859716 0.04708123 0.978235 0.04708123 0.8859716 0.2172341 0.978235 0.04708123 0.978235 0.2172341 0.1924286 0.5463559 0.1696174 0.5463559 0.1696596 0.5457617 0.1924286 0.5463559 0.1696596 0.5457617 0.1924707 0.5457617 0.4699226 0.4957463 0.4705973 0.4956529 0.4705973 0.5184091 0.4699226 0.4957463 0.4705973 0.5184091 0.4699226 0.5185012 0.6286479 0.6041976 0.7597659 0.5884546 0.7597659 0.8340723 0.6286479 0.6041976 0.7597659 0.8340723 0.628648 0.8498128 0.733318 0.09956133 0.7333461 0.09689462 0.7578662 0.09707772 0.733318 0.09956133 0.7578662 0.09707772 0.7578776 0.09974515 0.9348151 0.34652 0.9262427 0.34652 0.9262427 0.3335558 0.9348151 0.34652 0.9262427 0.3335558 0.9348151 0.3335558 0.1319559 0.04443114 0.1319929 0.04764062 0.1208457 0.04764062 0.1319559 0.04443114 0.1208457 0.04764062 0.1208086 0.04443079 0.2873682 0.4774721 0.2644227 0.4774721 0.2644227 0.4767871 0.2873682 0.4774721 0.2644227 0.4767871 0.2873682 0.4767871 0.1654276 0.04462504 0.1659413 0.05762398 0.1657073 0.05757647 0.1654276 0.04462504 0.1657073 0.05757647 0.1651949 0.04460066 0.7657579 0.4396553 0.9360626 0.4396553 0.9360626 0.9334285 0.7657579 0.4396553 0.9360626 0.9334285 0.7657579 0.9334285 0.6685895 0.2890892 0.6681597 0.2805756 0.6759915 0.280504 0.6685895 0.2890892 0.6759915 0.280504 0.6764214 0.2890149 0.6286466 0.5926644 0.6286466 0.5699095 0.6291664 0.5699722 0.6286466 0.5926644 0.6291664 0.5699722 0.6291664 0.5927271 0.8664077 0.371887 0.8663144 0.3712123 0.8890705 0.3712123 0.8664077 0.371887 0.8890705 0.3712123 0.8891626 0.371887 0.9704829 0.7244885 0.9537202 0.7244885 0.9537202 0.2221503 0.9704829 0.7244885 0.9537202 0.2221503 0.9704829 0.2221503 0.3233988 0.056836 0.3328053 0.057087 0.3323096 0.06181615 0.3233988 0.056836 0.3323096 0.06181615 0.3226218 0.06155753 0.02622908 0.08622938 0.02622908 0.002023518 0.03751045 0.002178132 0.02622908 0.08622938 0.03751045 0.002178132 0.03751045 0.08638423 0.734266 0.4904424 0.734941 0.4903489 0.734941 0.5131052 0.734266 0.4904424 0.734941 0.5131052 0.734266 0.5131973 0.5823685 0.1613824 0.5738678 0.1619874 0.5738678 0.1406766 0.5823685 0.1613824 0.5738678 0.1406766 0.5823685 0.1400703 0.8029835 0.07644504 0.8029835 0.09728139 0.7972029 0.09779554 0.8029835 0.07644504 0.7972029 0.09779554 0.7972029 0.07695931 0.7608968 0.4864735 0.7608968 0.4635279 0.761582 0.4635279 0.7608968 0.4864735 0.761582 0.4635279 0.761582 0.4864735 0.1924571 0.4794484 0.1931425 0.4794484 0.1931425 0.502394 0.1924571 0.4794484 0.1931425 0.502394 0.1924571 0.502394 0.866377 0.3706925 0.8891319 0.3706925 0.8890705 0.3712123 0.866377 0.3706925 0.8890705 0.3712123 0.8663144 0.3712123 0.3534232 0.06040465 0.3534232 0.07120275 0.3486326 0.07116568 0.3534232 0.06040465 0.3486326 0.07116568 0.3486326 0.06052875 0.1690978 0.507539 0.1690978 0.4425666 0.1693321 0.4426804 0.1690978 0.507539 0.1693321 0.4426804 0.1693321 0.5074955 0.7182644 0.2088932 0.7274802 0.2088932 0.7280021 0.213653 0.7182644 0.2088932 0.7280021 0.213653 0.7190549 0.213653 0.3025406 0.05868381 0.3025406 0.0576961 0.3032523 0.0576961 0.3025406 0.05868381 0.3032523 0.0576961 0.3032523 0.05868381 0.7300835 0.389256 0.7300835 0.4650636 0.7102829 0.465063 0.7300835 0.389256 0.7102829 0.465063 0.7102829 0.389256 0.03223514 0.323031 0.03216075 0.3302386 0.02821516 0.330502 0.03223514 0.323031 0.02821516 0.330502 0.02829194 0.323187 0.6287158 0.2724971 0.626903 0.2717257 0.626903 0.262249 0.6287158 0.2724971 0.626903 0.262249 0.6287158 0.262107 0.5036574 0.1170339 0.5036574 0.1160463 0.5043691 0.1160463 0.5036574 0.1170339 0.5043691 0.1160463 0.5043691 0.1170339 0.6658264 0.08795368 0.6651821 0.07891023 0.7041949 0.07891023 0.6658264 0.08795368 0.7041949 0.07891023 0.7048392 0.08795368 0.7290081 0.4944338 0.7290081 0.4714857 0.7296931 0.4714857 0.7290081 0.4944338 0.7296931 0.4714857 0.7296931 0.4944338 0.1878739 0.02586054 0.1868711 0.03048217 0.178777 0.03048217 0.1878739 0.02586054 0.178777 0.03048217 0.1794921 0.02586054 0.05984079 0.1462091 0.05984079 0.1452214 0.060552 0.1452214 0.05984079 0.1462091 0.060552 0.1452214 0.060552 0.1462091 0.7392163 0.4502629 0.7399012 0.4502629 0.7399012 0.4732084 0.7392163 0.4502629 0.7399012 0.4732084 0.7392163 0.4732084 0.01581001 0.3755887 0.01581001 0.3658601 0.02047765 0.3655313 0.01581001 0.3755887 0.02047765 0.3655313 0.02047765 0.3755018 0.778505 0.3060759 0.7017573 0.3060759 0.7019837 0.3058494 0.778505 0.3060759 0.7019837 0.3058494 0.7782798 0.3058494 0.4753062 0.4794394 0.7156872 0.4794395 0.7156872 0.4969661 0.6676703 0.4969661 0.6676703 0.5144924 0.4753112 0.5144924 0.4753062 0.4794394 0.7156872 0.4969661 0.6676703 0.4969661 0.6676703 0.4969661 0.4753112 0.5144924 0.4753062 0.4794394 0.2365091 0.001993358 0.2652937 0.001993358 0.2652937 0.01111298 0.2365091 0.001993358 0.2652937 0.01111298 0.2365091 0.01111298 0.2335292 0.4668675 0.2105836 0.4668675 0.2105836 0.4661821 0.2335292 0.4668675 0.2105836 0.4661821 0.2335292 0.4661821 0.8301102 0.07308083 0.8256627 0.0720601 0.8256627 0.06375628 0.8301102 0.07308083 0.8256627 0.06375628 0.8301102 0.06521826 0.5100271 0.4476127 0.510712 0.4476127 0.510712 0.4705582 0.5100271 0.4476127 0.510712 0.4705582 0.5100271 0.4705582 0.7469137 0.5353235 0.7469137 0.5581373 0.7463195 0.5580964 0.7469137 0.5353235 0.7463195 0.5580964 0.7463195 0.5352826 0.6123037 0.09316265 0.6123037 0.09217488 0.6130155 0.09217488 0.6123037 0.09316265 0.6130155 0.09217488 0.6130155 0.09316265 0.2374966 0.4695201 0.2374966 0.4688351 0.2604447 0.4688351 0.2374966 0.4695201 0.2604447 0.4688351 0.2604447 0.4695201 0.6544595 0.2890843 0.6537591 0.2844508 0.6639733 0.2832148 0.6544595 0.2890843 0.6639733 0.2832148 0.6644728 0.2878735 0.07090246 0.1794234 0.05490946 0.1803022 0.05510991 0.1701806 0.07090246 0.1794234 0.05510991 0.1701806 0.07110279 0.1693019 0.8064862 0.2088807 0.8064862 0.2098685 0.8057744 0.2098685 0.8064862 0.2088807 0.8057744 0.2098685 0.8057744 0.2088807 0.386589 0.5484095 0.4068404 0.5484095 0.4068411 0.5486015 0.386589 0.5484095 0.4068411 0.5486015 0.3863952 0.5486015 0.04881167 0.02292764 0.05696165 0.02286875 0.05713582 0.02687227 0.04881167 0.02292764 0.05713582 0.02687227 0.04886293 0.02693367 0.5897668 0.1673846 0.5897668 0.1349029 0.6056339 0.1370856 0.5897668 0.1673846 0.6056339 0.1370856 0.6056339 0.1695668 0.06202661 0.1963584 0.06202411 0.2195585 0.05963897 0.2196686 0.06202661 0.1963584 0.05963897 0.2196686 0.05964159 0.1966897 0.4625473 0.5380343 0.4625473 0.5608456 0.4619533 0.5608034 0.4625473 0.5380343 0.4619533 0.5608034 0.4619533 0.5379921 0.2105817 0.4721723 0.2105817 0.4714871 0.2335272 0.4714871 0.2105817 0.4721723 0.2335272 0.4714871 0.2335272 0.4721723 0.5724517 0.4721734 0.5495061 0.4721734 0.5495061 0.4714882 0.5724517 0.4721734 0.5495061 0.4714882 0.5724517 0.4714882 0.291369 0.02609121 0.3044566 0.02609121 0.3044336 0.02633452 0.291369 0.02609121 0.3044336 0.02633452 0.2913677 0.02633452 0.4364444 0.5648409 0.4136894 0.5648409 0.4137521 0.5643211 0.4364444 0.5648409 0.4137521 0.5643211 0.4365071 0.5643211 0.6790705 0.5515885 0.6563156 0.5515885 0.6563783 0.5510688 0.6790705 0.5515885 0.6563783 0.5510688 0.6791332 0.5510688 0.07590568 0.5406368 0.07590568 0.563448 0.07531166 0.5634058 0.07590568 0.5406368 0.07531166 0.5634058 0.07531166 0.5405946 0.06601309 0.2181925 0.06601309 0.2038271 0.0662564 0.2038053 0.06601309 0.2181925 0.0662564 0.2038053 0.0662564 0.2181484 0.7780411 0.2728332 0.7780411 0.2567909 0.7827325 0.2571247 0.7780411 0.2728332 0.7827325 0.2571247 0.7827325 0.2731671 0.3596281 0.5435898 0.3586151 0.5351506 0.4523516 0.5351506 0.3596281 0.5435898 0.4523516 0.5351506 0.4533646 0.5435898 0.5389543 0.5648422 0.5161993 0.5648422 0.516262 0.5643211 0.5389543 0.5648422 0.516262 0.5643211 0.5390169 0.5643211 0.06524753 0.1452255 0.06524753 0.1462133 0.06453573 0.1462133 0.06524753 0.1452255 0.06453573 0.1462133 0.06453573 0.1452255 0.7679011 0.4290512 0.7767115 0.4290512 0.7767115 0.4338161 0.7679011 0.4290512 0.7767115 0.4338161 0.7678627 0.4338161 0.6330469 0.2703093 0.6330469 0.1958717 0.7057728 0.2046027 0.6330469 0.2703093 0.7057728 0.2046027 0.7057728 0.2790405 0.5905853 0.3892925 0.5905853 0.4734985 0.581721 0.4736239 0.5905853 0.3892925 0.581721 0.4736239 0.581721 0.3894178 0.08447211 0.1541677 0.08376032 0.1541677 0.08376032 0.1531799 0.08447211 0.1541677 0.08376032 0.1531799 0.08447211 0.1531799 0.5476204 0.431911 0.5520116 0.4323472 0.5520116 0.4405576 0.5476204 0.431911 0.5520116 0.4405576 0.5476204 0.4396854 0.131018 0.5298472 0.1311631 0.5300598 0.06619065 0.5300598 0.131018 0.5298472 0.06619065 0.5300598 0.0662021 0.5298473 0.9979135 0.9383336 0.998001 0.9554989 0.4998354 0.9554989 0.9979135 0.9383336 0.4998354 0.9554989 0.4997477 0.9383337 0.7377305 0.4033703 0.735202 0.3906092 0.7354285 0.3905273 0.7377305 0.4033703 0.7354285 0.3905273 0.7379699 0.4033517 0.4598243 0.8773264 0.7383247 0.8773264 0.7376621 0.8840296 0.4598243 0.8773264 0.7376621 0.8840296 0.4591616 0.8840296 0.5657142 0.5648409 0.5429567 0.5648409 0.5430194 0.564321 0.5657142 0.5648409 0.5430194 0.564321 0.5657768 0.564321 0.467122 0.5379742 0.467122 0.560788 0.4665278 0.5607471 0.467122 0.5379742 0.4665278 0.5607471 0.4665278 0.5379332 0.7518528 0.5316725 0.751178 0.5317646 0.751178 0.5090097 0.7518528 0.5316725 0.751178 0.5090097 0.7518528 0.5089163 0.3011751 0.5119485 0.2784202 0.5119485 0.2783267 0.5112735 0.3011751 0.5119485 0.2783267 0.5112735 0.3010829 0.5112735 0.6865018 0.4721755 0.6865018 0.4714902 0.7094473 0.4714902 0.6865018 0.4721755 0.7094473 0.4714902 0.7094473 0.4721755 0.02332347 0.5040863 0.03327852 0.5034505 0.03327852 0.6671415 0.02332347 0.5040863 0.03327852 0.6671415 0.02332347 0.6677785 0.1574444 0.5165826 0.1802557 0.5165826 0.1802134 0.5171766 0.1574444 0.5165826 0.1802134 0.5171766 0.1574022 0.5171766 0.3010697 0.5059676 0.3011618 0.5066426 0.2784043 0.5066426 0.3010697 0.5059676 0.2784043 0.5066426 0.2783122 0.5059676 0.5697349 0.1558315 0.5697349 0.1568192 0.5690231 0.1568192 0.5697349 0.1558315 0.5690231 0.1568192 0.5690231 0.1558315 0.9936125 0.03912425 0.9936125 0.2054679 0.982216 0.2054704 0.9936125 0.03912425 0.982216 0.2054704 0.982216 0.03912687 0.01579374 0.3136077 0.02423298 0.3125943 0.02423298 0.3611603 0.01579374 0.3136077 0.02423298 0.3611603 0.01579374 0.3621736 0.8534191 0.001989066 0.8505987 0.04157751 0.7985913 0.07372146 0.7985913 0.07372146 0.3574329 0.07372146 0.3625432 0.001989066 0.7985913 0.07372146 0.3625432 0.001989066 0.8534191 0.001989066 0.6975686 0.2831589 0.6974599 0.2878471 0.687721 0.2878471 0.6975686 0.2831589 0.687721 0.2878471 0.687726 0.2831589 0.1580969 0.5023891 0.1580969 0.4794436 0.1587821 0.4794436 0.1580969 0.5023891 0.1587821 0.4794436 0.1587821 0.5023891 0.178538 0.001989006 0.1787607 0.001989006 0.1787607 0.00679326 0.178538 0.001989006 0.1787607 0.00679326 0.178538 0.00679326 0.1750476 0.04601144 0.179682 0.04626727 0.1795976 0.05583357 0.1750476 0.04601144 0.1795976 0.05583357 0.1749631 0.05530011 0.7859356 0.08866274 0.7864153 0.09120273 0.7711712 0.09162771 0.7859356 0.08866274 0.7711712 0.09162771 0.7710945 0.08907628 0.4955112 0.4424127 0.4961858 0.4423193 0.4961858 0.4650755 0.4955112 0.4424127 0.4961858 0.4650755 0.4955112 0.4651677 0.6426607 0.5980236 0.6421409 0.597961 0.6421409 0.575206 0.6426607 0.5980236 0.6421409 0.575206 0.6426607 0.5752687 0.8115064 0.4137468 0.806738 0.4137468 0.806738 0.4051744 0.8115064 0.4137468 0.806738 0.4051744 0.8115064 0.4051744 0.7710945 0.08907628 0.7711712 0.09162771 0.757902 0.09181141 0.7710945 0.08907628 0.757902 0.09181141 0.7579492 0.08925807 0.9971375 0.2249984 0.9971375 0.2898141 0.996925 0.2896224 0.9971375 0.2249984 0.996925 0.2896224 0.996925 0.225056 0.03725707 0.6736519 0.03725707 0.5233454 0.04708909 0.5226982 0.03725707 0.6736519 0.04708909 0.5226982 0.04708909 0.6730048 0.8388144 0.06663894 0.8381026 0.06663894 0.8381026 0.06565117 0.8388144 0.06663894 0.8381026 0.06565117 0.8388144 0.06565117 0.0555402 0.2383124 0.05627197 0.2524857 0.05606132 0.2523993 0.0555402 0.2383124 0.05606132 0.2523993 0.05532735 0.2381614 0.6720352 0.5145978 0.6719418 0.5139232 0.694698 0.5139232 0.6720352 0.5145978 0.694698 0.5139232 0.6947902 0.5145978 0.7770546 0.1028549 0.7765862 0.1113425 0.7692367 0.1112759 0.7770546 0.1028549 0.7692367 0.1112759 0.7697047 0.1027857 0.8291838 0.06035149 0.8298949 0.06035149 0.8298949 0.06133925 0.8291838 0.06035149 0.8298949 0.06133925 0.8291838 0.06133925 0.1649492 0.04457741 0.1654628 0.05757629 0.1652256 0.05762219 0.1649492 0.04457741 0.1652256 0.05762219 0.1647099 0.04455929 0.6558821 0.2985724 0.6558817 0.2937639 0.6733934 0.2937639 0.6733934 0.2937639 0.690715 0.2937639 0.6907154 0.2985724 0.6733934 0.2937639 0.6907154 0.2985724 0.6558821 0.2985724 0.7614838 0.5194113 0.7614838 0.5422224 0.7608897 0.5421802 0.7614838 0.5194113 0.7608897 0.5421802 0.7608897 0.519369 0.7828499 0.1014692 0.7743567 0.1014692 0.7747712 0.09747493 0.7828499 0.1014692 0.7747712 0.09747493 0.7832643 0.09747493 0.1872381 0.4705544 0.1872381 0.4476088 0.1879235 0.4476088 0.1872381 0.4705544 0.1879235 0.4476088 0.1879235 0.4705544 0.7864075 0.1217924 0.78014 0.1217924 0.8827381 0.03953534 0.8827381 0.03953534 0.860111 0.2040457 0.7750953 0.2040457 0.7864075 0.1217924 0.8827381 0.03953534 0.7750953 0.2040457 0.9076447 0.3600782 0.9238022 0.3600782 0.9237471 0.3685789 0.9076447 0.3600782 0.9237471 0.3685789 0.9075897 0.3685789 0.7440165 0.4653819 0.7440165 0.442627 0.7445363 0.4426884 0.7440165 0.4653819 0.7445363 0.4426884 0.7445363 0.4654446 0.5246872 0.4651679 0.5246872 0.442413 0.525362 0.4423196 0.5246872 0.4651679 0.525362 0.4423196 0.525362 0.4650759 0.7968451 0.1037669 0.7968451 0.1027791 0.7975568 0.1027791 0.7968451 0.1037669 0.7975568 0.1027791 0.7975568 0.1037669 0.6801548 0.5457544 0.7029659 0.5457544 0.7029237 0.5463485 0.6801548 0.5457544 0.7029237 0.5463485 0.6801126 0.5463485 0.5729011 0.5457577 0.5957122 0.5457577 0.59567 0.5463517 0.5729011 0.5457577 0.59567 0.5463517 0.5728589 0.5463517 0.6139354 0.2266861 0.6139354 0.1667352 0.6223567 0.1678935 0.6139354 0.2266861 0.6223567 0.1678935 0.6223567 0.2278443 0.8280231 0.3759998 0.9274566 0.3759998 0.9274554 0.4209895 0.8280231 0.3759998 0.9274554 0.4209895 0.8280218 0.4209895 0.9316244 0.3534237 0.9316244 0.4282944 0.9314298 0.4281013 0.9316244 0.3534237 0.9314298 0.4281013 0.9314298 0.3536194 0.7389216 0.4989796 0.7389216 0.4794389 0.7391642 0.4794389 0.7389216 0.4989796 0.7391642 0.4794389 0.7391642 0.4992219 0.3939556 0.08422219 0.3946668 0.08422219 0.3946668 0.08520984 0.3939556 0.08422219 0.3946668 0.08520984 0.3939556 0.08520984 0.8722944 0.2202656 0.8914312 0.2202656 0.8914325 0.2204599 0.8722944 0.2202656 0.8914325 0.2204599 0.8721017 0.2204599 0.6946867 0.5086242 0.6947789 0.5092989 0.672024 0.5092989 0.6946867 0.5086242 0.672024 0.5092989 0.6719305 0.5086242 0.6331434 0.5953162 0.6331434 0.5725588 0.6336634 0.5726214 0.6331434 0.5953162 0.6336634 0.5726214 0.6336634 0.5953789 0.7496097 0.3340768 0.7497018 0.3347515 0.7269468 0.3347515 0.7496097 0.3340768 0.7269468 0.3347515 0.7268535 0.3340768 0.07110279 0.1693019 0.05510991 0.1701806 0.05488669 0.1488739 0.07110279 0.1693019 0.05488669 0.1488739 0.07087963 0.1479949 0.7196652 0.4714909 0.7203505 0.4714909 0.7203505 0.4944364 0.7196652 0.4714909 0.7203505 0.4944364 0.7196652 0.4944364 0.08047169 0.5406347 0.08047169 0.5634459 0.07987731 0.5634037 0.08047169 0.5406347 0.07987731 0.5634037 0.07987731 0.5405924 0.5606681 0.1170333 0.5606681 0.1160454 0.5613799 0.1160454 0.5606681 0.1170333 0.5613799 0.1160454 0.5613799 0.1170333 0.3079461 0.05868625 0.3072343 0.05868625 0.3072343 0.05769848 0.3079461 0.05868625 0.3072343 0.05769848 0.3079461 0.05769848 0.3795463 0.5224777 0.3567326 0.5224777 0.3567735 0.5218835 0.3795463 0.5224777 0.3567735 0.5218835 0.3795873 0.5218835 0.3575056 0.5271937 0.3803193 0.5271937 0.3802784 0.5277879 0.3575056 0.5271937 0.3802784 0.5277879 0.3574646 0.5277879 0.728337 0.5324947 0.7285316 0.532494 0.7285316 0.5527444 0.728337 0.5324947 0.7285316 0.5527444 0.728337 0.5529401 0.7274802 0.2088932 0.7371808 0.2090904 0.73742 0.2138451 0.7274802 0.2088932 0.73742 0.2138451 0.7280021 0.213653 0.1965773 0.4502686 0.1972626 0.4502686 0.1972626 0.4732142 0.1965773 0.4502686 0.1972626 0.4732142 0.1965773 0.4732142 0.7243396 0.4944354 0.7243396 0.4714873 0.7250245 0.4714873 0.7243396 0.4944354 0.7250245 0.4714873 0.7250245 0.4944354 0.8673577 0.1833555 0.8673577 0.1823679 0.8680688 0.1823679 0.8673577 0.1833555 0.8680688 0.1823679 0.8680688 0.1833555 0.4670955 0.106426 0.4670955 0.1054382 0.4678061 0.1054382 0.4670955 0.106426 0.4678061 0.1054382 0.4678061 0.106426 0.7341166 0.3898324 0.7342175 0.3896612 0.7343735 0.3895097 0.7343735 0.3895097 0.7345743 0.3893893 0.734802 0.389307 0.734802 0.389307 0.735044 0.3892696 0.7352833 0.3892788 0.7352833 0.3892788 0.7355011 0.3893344 0.7356882 0.3894327 0.7356882 0.3894327 0.7358266 0.3895668 0.73591 0.3897272 0.73591 0.3897272 0.7359294 0.3899037 0.7358887 0.3900838 0.7358887 0.3900838 0.735784 0.390255 0.7356293 0.3904065 0.7356293 0.3904065 0.7354285 0.3905273 0.735202 0.3906092 0.735202 0.3906092 0.7349601 0.3906466 0.7347207 0.3906374 0.7347207 0.3906374 0.7345004 0.3905817 0.7343146 0.3904835 0.7343146 0.3904835 0.7341762 0.3903495 0.734094 0.3901889 0.734094 0.3901889 0.734072 0.3900129 0.7341166 0.3898324 0.7341166 0.3898324 0.7343735 0.3895097 0.734802 0.389307 0.734802 0.389307 0.7352833 0.3892788 0.7356882 0.3894327 0.7356882 0.3894327 0.73591 0.3897272 0.7358887 0.3900838 0.7358887 0.3900838 0.7356293 0.3904065 0.735202 0.3906092 0.735202 0.3906092 0.7347207 0.3906374 0.7343146 0.3904835 0.7343146 0.3904835 0.734094 0.3901889 0.7341166 0.3898324 0.7341166 0.3898324 0.734802 0.389307 0.7356882 0.3894327 0.7356882 0.3894327 0.7358887 0.3900838 0.735202 0.3906092 0.735202 0.3906092 0.7343146 0.3904835 0.7341166 0.3898324 0.7356882 0.3894327 0.735202 0.3906092 0.7341166 0.3898324 0.8024631 0.2572198 0.8026884 0.2569934 0.8026884 0.2765336 0.8024631 0.2572198 0.8026884 0.2765336 0.8024631 0.276534 0.9969184 0.5273197 0.9971553 0.5273107 0.9971553 0.5922831 0.9969184 0.5273197 0.9971553 0.5922831 0.9969184 0.5923445 0.1880311 0.002437412 0.1878597 0.01160556 0.1832099 0.01211225 0.1880311 0.002437412 0.1832099 0.01211225 0.1833865 0.002669215 0.6500228 0.2913443 0.6368706 0.2913443 0.6369378 0.2911203 0.6500228 0.2913443 0.6369378 0.2911203 0.6500254 0.2911203 0.5756445 0.4464978 0.5712175 0.4453274 0.5712175 0.4378588 0.5756445 0.4464978 0.5712175 0.4378588 0.5756445 0.4394833 0.9222689 0.2233304 0.9222689 0.349103 0.9076358 0.3480619 0.9222689 0.2233304 0.9076358 0.3480619 0.9076358 0.2222893 0.7780368 0.3056061 0.7780368 0.2858062 0.7782786 0.2858062 0.7780368 0.3056061 0.7782786 0.2858062 0.7782798 0.3058494 0.2835254 0.4827809 0.2605798 0.4827809 0.2605798 0.4820957 0.2835254 0.4827809 0.2605798 0.4820957 0.2835254 0.4820957 0.3333846 0.05240136 0.3427847 0.05248326 0.3425404 0.05717146 0.3333846 0.05240136 0.3425404 0.05717146 0.3328053 0.057087 0.1878597 0.01160556 0.1878653 0.02034342 0.1832157 0.02111238 0.1878597 0.01160556 0.1832157 0.02111238 0.1832099 0.01211225 0.2471609 0.4980145 0.247253 0.4986895 0.224498 0.4986895 0.2471609 0.4980145 0.224498 0.4986895 0.2244047 0.4980145 0.8228698 0.3786709 0.8228698 0.3893041 0.8180844 0.3893974 0.8228698 0.3786709 0.8180844 0.3893974 0.8180844 0.3786492 0.7337681 0.08907818 0.7340163 0.08660864 0.7580145 0.08678793 0.7337681 0.08907818 0.7580145 0.08678793 0.7579492 0.08925807 0.05420529 0.5220649 0.05420529 0.6723729 0.04708909 0.6730048 0.05420529 0.5220649 0.04708909 0.6730048 0.04708909 0.5226982 0.7702052 0.3123376 0.7701758 0.3208613 0.7652986 0.3209305 0.7702052 0.3123376 0.7652986 0.3209305 0.7653267 0.3124093 0.3124803 0.04509806 0.3124803 0.03934472 0.3170866 0.03983908 0.3124803 0.04509806 0.3170866 0.03983908 0.3170866 0.04558473 0.1664358 0.05799281 0.166491 0.05816328 0.166485 0.05834102 0.166485 0.05834102 0.1664147 0.05851197 0.1662871 0.05866599 0.1662871 0.05866599 0.1661097 0.05879151 0.1658927 0.05887973 0.1658927 0.05887973 0.1656543 0.05892431 0.1654098 0.05892413 0.1654098 0.05892413 0.1651758 0.05887794 0.1649689 0.05878973 0.1649689 0.05878973 0.1647995 0.0586633 0.1646839 0.05850911 0.1646839 0.05850911 0.1646261 0.05833739 0.1646335 0.0581609 0.1646335 0.0581609 0.1647024 0.05798864 0.1648326 0.05783593 0.1648326 0.05783593 0.1650087 0.05771034 0.1652256 0.05762219 0.1652256 0.05762219 0.1654628 0.05757629 0.1657073 0.05757647 0.1657073 0.05757647 0.1659413 0.05762398 0.1661507 0.05771219 0.1661507 0.05771219 0.1663203 0.05783855 0.1664358 0.05799281 0.1664358 0.05799281 0.166485 0.05834102 0.1662871 0.05866599 0.1662871 0.05866599 0.1658927 0.05887973 0.1654098 0.05892413 0.1654098 0.05892413 0.1649689 0.05878973 0.1646839 0.05850911 0.1646839 0.05850911 0.1646335 0.0581609 0.1648326 0.05783593 0.1648326 0.05783593 0.1652256 0.05762219 0.1657073 0.05757647 0.1657073 0.05757647 0.1661507 0.05771219 0.1664358 0.05799281 0.1664358 0.05799281 0.1662871 0.05866599 0.1654098 0.05892413 0.1654098 0.05892413 0.1646839 0.05850911 0.1648326 0.05783593 0.1648326 0.05783593 0.1657073 0.05757647 0.1664358 0.05799281 0.1654098 0.05892413 0.1648326 0.05783593 0.1664358 0.05799281 0.001995563 0.4078968 0.006632566 0.4078443 0.006632566 0.4184096 0.001995563 0.4078968 0.006632566 0.4184096 0.001995563 0.4184851 0.7450157 0.4299646 0.7450157 0.4389119 0.7405067 0.4387186 0.7450157 0.4299646 0.7405067 0.4387186 0.7405067 0.4293392 0.6332992 0.1939679 0.6329667 0.1903244 0.6414828 0.1903244 0.6332992 0.1939679 0.6414828 0.1903244 0.6418129 0.1939679 0.6537591 0.2844508 0.653088 0.2798069 0.663457 0.2785509 0.6537591 0.2844508 0.663457 0.2785509 0.6639733 0.2832148 0.1733149 0.497085 0.1733149 0.4741394 0.1739999 0.4741394 0.1733149 0.497085 0.1739999 0.4741394 0.1739999 0.497085 0.7627564 0.1028602 0.7622884 0.1113504 0.7567747 0.1115359 0.7627564 0.1028602 0.7567747 0.1115359 0.7572431 0.1030458 0.06160539 0.1929508 0.0617001 0.1843105 0.06638062 0.1835967 0.06160539 0.1929508 0.06638062 0.1835967 0.06628847 0.1918891 0.5128325 0.1199839 0.5126535 0.1160535 0.5206542 0.1160535 0.5128325 0.1199839 0.5206542 0.1160535 0.5207143 0.1199839 0.7833948 0.3560367 0.7833948 0.4305223 0.7832015 0.4307168 0.7833948 0.3560367 0.7832015 0.4307168 0.7832015 0.355843 0.3328053 0.057087 0.3425404 0.05717146 0.342337 0.06190317 0.3328053 0.057087 0.342337 0.06190317 0.3323096 0.06181615 0.4899001 0.4376077 0.4899001 0.429094 0.4948483 0.4292194 0.4899001 0.4376077 0.4948483 0.4292194 0.4948483 0.4377329 0.07498538 0.158912 0.07508265 0.1479132 0.07981443 0.1479936 0.07498538 0.158912 0.07981443 0.1479936 0.07971704 0.1589696 0.7335712 0.09163033 0.7337681 0.08907818 0.7579492 0.08925807 0.7335712 0.09163033 0.7579492 0.08925807 0.757902 0.09181141 0.498831 0.4316954 0.5035442 0.4316954 0.5035442 0.4402601 0.498831 0.4316954 0.5035442 0.4402601 0.498831 0.4402601 0.7829761 0.3556178 0.7829761 0.4309433 0.7827335 0.4311856 0.7829761 0.3556178 0.7827335 0.4311856 0.7827335 0.3553748 0.6149477 0.3605974 0.6150093 0.3600773 0.6377667 0.3600773 0.6149477 0.3605974 0.6377667 0.3600773 0.6377053 0.3605974 0.4717012 0.5380342 0.4717012 0.5608454 0.4711071 0.5608032 0.4717012 0.5380342 0.4711071 0.5608032 0.4711071 0.537992 0.8118088 0.0884422 0.8118214 0.07866543 0.8166238 0.07852792 0.8118088 0.0884422 0.8166238 0.07852792 0.8166117 0.0881589 0.3824717 0.5489364 0.3597142 0.5489364 0.3597769 0.5484163 0.3824717 0.5489364 0.3597769 0.5484163 0.3825344 0.5484163 0.6436865 0.2858458 0.6339347 0.2873724 0.6329603 0.2827736 0.6436865 0.2858458 0.6329603 0.2827736 0.642862 0.281222 0.9971556 0.4481952 0.9971556 0.5230686 0.9969299 0.523295 0.9971556 0.4481952 0.9969299 0.523295 0.9969299 0.4479696 0.3279361 0.5119467 0.3051812 0.5119467 0.3050877 0.5112721 0.3279361 0.5119467 0.3050877 0.5112721 0.3278439 0.5112721 0.2604449 0.4748272 0.2374994 0.4748272 0.2374994 0.4741418 0.2604449 0.4748272 0.2374994 0.4741418 0.2604449 0.4741418 0.8065047 0.4263916 0.9079861 0.4263916 0.9079861 0.434964 0.8065047 0.4263916 0.9079861 0.434964 0.8065047 0.434964 0.5724252 0.4020018 0.562571 0.4020018 0.5627137 0.3972162 0.5724252 0.4020018 0.5627137 0.3972162 0.5724635 0.3972162 0.6265174 0.5457607 0.6493287 0.5457607 0.6492865 0.5463547 0.6265174 0.5457607 0.6492865 0.5463547 0.6264752 0.5463547 0.2244925 0.49338 0.2244004 0.4927052 0.2471579 0.4927052 0.2244925 0.49338 0.2471579 0.4927052 0.24725 0.49338 0.8762714 0.2088806 0.8819608 0.2088806 0.8819608 0.2179921 0.8762714 0.2088806 0.8819608 0.2179921 0.8762714 0.2179921 0.5216604 0.363317 0.5216604 0.3459317 0.5218659 0.3459317 0.5216604 0.363317 0.5218659 0.3459317 0.5218659 0.3632906 0.1381442 0.430487 0.1383305 0.430485 0.1383305 0.4472844 0.1381442 0.430487 0.1383305 0.4472844 0.1381442 0.4474762 0.6338697 0.008020102 0.6414982 0.002906739 0.6818153 0.06122159 0.6338697 0.008020102 0.6818153 0.06122159 0.6741868 0.06633496 0.5206139 0.2461208 0.5202757 0.2389556 0.5257949 0.2389599 0.5206139 0.2461208 0.5257949 0.2389599 0.5261338 0.2461223 0.3770239 0.09793823 0.3776206 0.09793823 0.3776206 0.09876674 0.3770239 0.09793823 0.3776206 0.09876674 0.3770239 0.09876674 0.109696 0.4332984 0.109696 0.4525012 0.1090992 0.4525012 0.109696 0.4332984 0.1090992 0.4525012 0.1090992 0.4332997 0.6335094 0.09422963 0.6335094 0.08803123 0.6372865 0.08889061 0.6335094 0.09422963 0.6372865 0.08889061 0.6372865 0.09534746 0.06893187 0.4461607 0.06893187 0.382952 0.06912106 0.383141 0.06893187 0.4461607 0.06912106 0.383141 0.06912106 0.4459703 0.283928 0.02623522 0.2779548 0.02633482 0.278153 0.02273124 0.283928 0.02623522 0.278153 0.02273124 0.2839438 0.02263414 0.7127992 0.4165763 0.6968794 0.4165763 0.6968794 0.4163898 0.7127992 0.4165763 0.6968794 0.4163898 0.7127206 0.4163898 0.7294202 0.03514361 0.7255399 0.03518384 0.725544 0.02819257 0.7294202 0.03514361 0.725544 0.02819257 0.7294268 0.02810508 0.007732033 0.3355924 0.007732093 0.3521931 0.007529377 0.3521931 0.007732033 0.3355924 0.007529377 0.3521931 0.007529318 0.3353886 0.581763 0.396669 0.6010175 0.396669 0.6010175 0.3972656 0.581763 0.396669 0.6010175 0.3972656 0.5817615 0.3972656 0.5896258 0.3769319 0.6087906 0.3769319 0.6087892 0.3777609 0.5896258 0.3769319 0.6087892 0.3777609 0.5896244 0.3777609 0.00211203 0.3515678 0.002941012 0.3515692 0.002941012 0.370734 0.00211203 0.3515678 0.002941012 0.370734 0.00211203 0.3707327 0.9571161 0.4310808 0.9379146 0.4310808 0.9379133 0.4304835 0.9571161 0.4310808 0.9379133 0.4304835 0.9571161 0.4304835 0.624257 0.4276681 0.6434612 0.4276681 0.6434612 0.4282647 0.624257 0.4276681 0.6434612 0.4282647 0.6242583 0.4282647 0.5858535 0.2530058 0.592077 0.2531961 0.592077 0.2703933 0.5858535 0.2530058 0.592077 0.2703933 0.5858535 0.2702001 0.6618894 0.02592909 0.6617825 0.02575302 0.6617263 0.02555608 0.6617263 0.02555608 0.6617229 0.02535128 0.6617707 0.02515184 0.6617707 0.02515184 0.6618706 0.0249722 0.6620121 0.02482396 0.6620121 0.02482396 0.6621882 0.02471733 0.6623856 0.02466094 0.6623856 0.02466094 0.662591 0.02465677 0.6627903 0.024706 0.6627903 0.024706 0.6629713 0.024805 0.6631179 0.02494668 0.6631179 0.02494668 0.6632248 0.02512311 0.663281 0.02531993 0.663281 0.02531993 0.6632861 0.02552545 0.6632354 0.02572453 0.6632354 0.02572453 0.6631384 0.02590453 0.6629952 0.02605223 0.6629952 0.02605223 0.6628192 0.02615869 0.6626218 0.02621513 0.6626218 0.02621513 0.662418 0.02621996 0.6622174 0.02617114 0.6622174 0.02617114 0.6620375 0.02607142 0.6618894 0.02592909 0.6618894 0.02592909 0.6617263 0.02555608 0.6617707 0.02515184 0.6617707 0.02515184 0.6620121 0.02482396 0.6623856 0.02466094 0.6623856 0.02466094 0.6627903 0.024706 0.6631179 0.02494668 0.6631179 0.02494668 0.663281 0.02531993 0.6632354 0.02572453 0.6632354 0.02572453 0.6629952 0.02605223 0.6626218 0.02621513 0.6626218 0.02621513 0.6622174 0.02617114 0.6618894 0.02592909 0.6618894 0.02592909 0.6617707 0.02515184 0.6623856 0.02466094 0.6623856 0.02466094 0.6631179 0.02494668 0.6632354 0.02572453 0.6632354 0.02572453 0.6626218 0.02621513 0.6618894 0.02592909 0.6623856 0.02466094 0.6632354 0.02572453 0.6618894 0.02592909 0.6055049 0.2281511 0.6055049 0.1600061 0.6448707 0.1599407 0.6055049 0.2281511 0.6448707 0.1599407 0.6448707 0.2280872 0.6410972 0.2445399 0.6474831 0.2445017 0.6488295 0.2481374 0.6410972 0.2445399 0.6488295 0.2481374 0.6420871 0.2481783 0.06519407 0.07577437 0.04858386 0.07577568 0.04858386 0.07557171 0.06519407 0.07577437 0.04858386 0.07557171 0.06539785 0.07557171 0.7333196 0.03512191 0.7294202 0.03514361 0.7294268 0.02810508 0.7333196 0.03512191 0.7294268 0.02810508 0.7333233 0.02805465 0.1389118 0.3482709 0.1389118 0.3290231 0.1397411 0.3290231 0.1389118 0.3482709 0.1397411 0.3290231 0.1397411 0.3482709 0.03939127 0.09511828 0.03939127 0.0959469 0.03879392 0.0959469 0.03939127 0.09511828 0.03879392 0.0959469 0.03879392 0.09511828 0.6776596 0.3777609 0.677661 0.3769319 0.6968259 0.3769319 0.6776596 0.3777609 0.6968259 0.3769319 0.6968246 0.3777609 0.641507 0.0959441 0.641507 0.09511595 0.642103 0.09511536 0.641507 0.0959441 0.642103 0.09511536 0.642103 0.09594374 0.6339584 0.002940952 0.6333611 0.002940952 0.6333611 0.002112507 0.6339584 0.002940952 0.6333611 0.002112507 0.6339584 0.002112507 0.4597902 0.06693303 0.4595075 0.08452051 0.4528793 0.08459126 0.4597902 0.06693303 0.4528793 0.08459126 0.4531649 0.06700378 0.06090056 0.0701462 0.04429548 0.0701462 0.04409068 0.06994354 0.06090056 0.0701462 0.04409068 0.06994354 0.06089961 0.06994354 0.1280943 0.04720652 0.1280888 0.05106532 0.1067223 0.05106532 0.1280943 0.04720652 0.1067223 0.05106532 0.1067278 0.04720652 0.04449856 0.07035017 0.04429548 0.0701462 0.06090056 0.0701462 0.04449856 0.07035017 0.06090056 0.0701462 0.06089991 0.07035017 0.5702385 0.3180388 0.5736184 0.3178576 0.5736184 0.3238123 0.5702385 0.3180388 0.5736184 0.3238123 0.5702385 0.324184 0.3825082 0.3797582 0.3983228 0.3797582 0.3983228 0.3799624 0.3825082 0.3797582 0.3983228 0.3799624 0.3824816 0.3799624 0.4216395 0.4643822 0.4214755 0.464546 0.4214755 0.4473884 0.4216395 0.4643822 0.4214755 0.4473884 0.4216395 0.4473884 0.5494228 0.08383768 0.5572135 0.08383768 0.5570367 0.08781075 0.5494228 0.08383768 0.5570367 0.08781075 0.5492626 0.08781075 0.5340031 0.3093224 0.5378279 0.3093605 0.5378279 0.3165462 0.5340031 0.3093224 0.5378279 0.3165462 0.5340031 0.316508 0.4197682 0.1244494 0.4198817 0.1205613 0.4277997 0.1213051 0.4197682 0.1244494 0.4277997 0.1213051 0.4277704 0.1252012 0.9953586 0.512665 0.9953586 0.3603783 0.9970648 0.3614839 0.9953586 0.512665 0.9970648 0.3614839 0.9970648 0.5126527 0.9318212 0.4254404 0.9318227 0.4248445 0.9510772 0.4248445 0.9318212 0.4254404 0.9510772 0.4248445 0.9510772 0.4254404 0.3563368 0.1005676 0.3559888 0.09232497 0.3599134 0.09238481 0.3563368 0.1005676 0.3599134 0.09238481 0.360256 0.1005023 0.06512749 0.07058489 0.06512749 0.06975674 0.06572341 0.06975591 0.06512749 0.07058489 0.06572341 0.06975591 0.06572341 0.07058453 0.2329959 0.01680594 0.2321676 0.01680594 0.2321663 0.0162093 0.2329959 0.01680594 0.2321663 0.0162093 0.2329959 0.0162093 0.6955012 0.0838713 0.6955012 0.09085983 0.6915145 0.09098285 0.6955012 0.0838713 0.6915145 0.09098285 0.6915145 0.08390814 0.2654304 0.3805791 0.2654318 0.3797501 0.2845966 0.3797501 0.2654304 0.3805791 0.2845966 0.3797501 0.2845953 0.3805791 0.4822843 0.2706707 0.4822843 0.2698417 0.5015321 0.2698417 0.4822843 0.2706707 0.5015321 0.2698417 0.5015321 0.2706707 0.4271205 0.3482741 0.4262915 0.3482741 0.4262915 0.3290262 0.4271205 0.3482741 0.4262915 0.3290262 0.4271205 0.3290262 0.4391728 0.1092277 0.441411 0.1092604 0.441411 0.1185239 0.4391728 0.1092277 0.441411 0.1185239 0.4391728 0.1185157 0.4116917 0.1120712 0.4116644 0.1082846 0.4195504 0.1090419 0.4116917 0.1120712 0.4195504 0.1090419 0.4197729 0.1128475 0.573159 0.4282594 0.5539574 0.4282594 0.5539561 0.4276635 0.573159 0.4282594 0.5539561 0.4276635 0.573159 0.4276635 0.4492821 0.327786 0.4492825 0.2642155 0.4658873 0.2642318 0.4492821 0.327786 0.4658873 0.2642318 0.4658873 0.3278023 0.4174652 0.1860642 0.4147173 0.1861397 0.4147173 0.1769733 0.4174652 0.1860642 0.4147173 0.1769733 0.4174653 0.176898 0.6844722 0.1793028 0.6844859 0.1718745 0.6884828 0.172224 0.6844722 0.1793028 0.6884828 0.172224 0.6884704 0.1797669 0.7381454 0.05394023 0.7312753 0.05394023 0.7313024 0.05002433 0.7381454 0.05394023 0.7313024 0.05002433 0.7381427 0.05002433 0.6841024 0.3446953 0.681275 0.3446968 0.681275 0.281114 0.6841024 0.3446953 0.681275 0.281114 0.6841024 0.2811127 0.6470897 0.1153156 0.6528756 0.1108636 0.6558439 0.1135155 0.6470897 0.1153156 0.6558439 0.1135155 0.6502259 0.1178365 0.271641 0.02275431 0.278153 0.02273124 0.2779548 0.02633482 0.271641 0.02275431 0.2779548 0.02633482 0.2710726 0.02636039 0.04871535 0.41358 0.04871535 0.4327828 0.04811847 0.4327828 0.04871535 0.41358 0.04811847 0.4327828 0.04811847 0.4135813 0.4312797 0.1092085 0.431877 0.1092085 0.431877 0.1100373 0.4312797 0.1092085 0.431877 0.1100373 0.4312797 0.1100373 0.4981171 0.06975722 0.4981171 0.07058572 0.4975201 0.07058572 0.4981171 0.06975722 0.4975201 0.07058572 0.4975201 0.06975722 0.652194 0.3972656 0.652194 0.3966689 0.6714472 0.3966689 0.652194 0.3972656 0.6714472 0.3966689 0.6714472 0.3972656 0.715648 0.5228049 0.435605 0.5228049 0.4356027 0.4333026 0.715648 0.5228049 0.4356027 0.4333026 0.7156456 0.4333026 0.9084987 0.4220253 0.9084987 0.4412798 0.9079021 0.4412798 0.9084987 0.4220253 0.9079021 0.4412798 0.9079021 0.422024 0.644065 0.1126556 0.6398217 0.116025 0.6368674 0.1132807 0.644065 0.1126556 0.6368674 0.1132807 0.6411642 0.1098677 0.1793526 0.02196913 0.1999862 0.02185893 0.1999536 0.02404141 0.1793526 0.02196913 0.1999536 0.02404141 0.1794193 0.0241509 0.7179171 0.354394 0.7187461 0.3543953 0.7187461 0.3735601 0.7179171 0.354394 0.7187461 0.3735601 0.7179171 0.3735588 0.5871763 0.3270387 0.5871763 0.32621 0.6064254 0.32621 0.5871763 0.3270387 0.6064254 0.32621 0.6064254 0.3270387 0.2863249 0.0818578 0.2863249 0.08102959 0.2869216 0.08102893 0.2863249 0.0818578 0.2869216 0.08102893 0.2869216 0.08185708 0.006514489 0.04803669 0.006514489 0.04720854 0.007111012 0.04720783 0.006514489 0.04803669 0.007111012 0.04720783 0.007111012 0.04803633 0.07398349 0.3572154 0.07481282 0.3572154 0.07481282 0.3764632 0.07398349 0.3572154 0.07481282 0.3764632 0.07398349 0.3764632 0.1285732 0.4023023 0.1291705 0.4023023 0.1291705 0.4215555 0.1285732 0.4023023 0.1291705 0.4215555 0.1285732 0.4215555 0.617971 0.2839841 0.6218787 0.2839549 0.6218787 0.2920393 0.617971 0.2839841 0.6218787 0.2920393 0.617971 0.2920852 0.1999073 0.02616733 0.2108815 0.02627754 0.2106653 0.02832663 0.1999073 0.02616733 0.2106653 0.02832663 0.1998475 0.02821856 0.01544106 0.2320047 0.01544106 0.1683893 0.03205132 0.1683886 0.01544106 0.2320047 0.03205132 0.1683886 0.03205132 0.2320047 0.2839539 0.04129719 0.2774038 0.0414074 0.2775014 0.03756165 0.2839539 0.04129719 0.2775014 0.03756165 0.2839345 0.03745424 0.6626605 0.1901865 0.6491134 0.1900236 0.6491372 0.1817494 0.6626605 0.1901865 0.6491372 0.1817494 0.6626836 0.1819123 0.6992785 0.3707376 0.6984499 0.3707361 0.6984499 0.3515699 0.6992785 0.3707376 0.6984499 0.3515699 0.6992785 0.3515713 0.09272277 0.04803436 0.09272277 0.04720622 0.0933187 0.0472055 0.09272277 0.04803436 0.0933187 0.0472055 0.0933187 0.04803401 0.7476199 0.002943396 0.7476199 0.002115249 0.7482172 0.002114534 0.7476199 0.002943396 0.7482172 0.002114534 0.7482172 0.002943038 0.554098 0.3298537 0.554098 0.329025 0.5733472 0.329025 0.554098 0.3298537 0.5733472 0.329025 0.5733472 0.3298537 0.5553287 0.4220255 0.5745819 0.4220255 0.5745819 0.4226227 0.5553287 0.4220255 0.5745819 0.4226227 0.5553287 0.4226227 0.511775 0.3431633 0.5126039 0.3431647 0.5126039 0.3623296 0.511775 0.3431633 0.5126039 0.3623296 0.511775 0.3623282 0.6756684 0.3966684 0.6949216 0.3966684 0.6949216 0.3972651 0.6756684 0.3966684 0.6949216 0.3972651 0.6756684 0.3972651 0.9296001 0.4192141 0.9488533 0.4192141 0.9488533 0.4198108 0.9296001 0.4192141 0.9488533 0.4198108 0.9296001 0.4198108 0.1245594 0.3961822 0.1237304 0.3961822 0.1237304 0.3769344 0.1245594 0.3961822 0.1237304 0.3769344 0.1245594 0.3769344 0.02061504 0.04272544 0.0132057 0.04277706 0.01394337 0.03882312 0.02061504 0.04272544 0.01394337 0.03882312 0.02117449 0.03876864 0.06089752 0.06975722 0.06089961 0.06994354 0.04409068 0.06994354 0.06089752 0.06975722 0.04409068 0.06994354 0.04389917 0.06975722 0.7229666 0.3543923 0.7237955 0.3543936 0.7237955 0.3735585 0.7229666 0.3543923 0.7237955 0.3735585 0.7229666 0.3735572 0.6708435 0.110583 0.6638226 0.1113255 0.6637573 0.1073901 0.6708435 0.110583 0.6637573 0.1073901 0.6709169 0.106634 0.70003 0.1092069 0.7006265 0.1092069 0.7006265 0.1100357 0.70003 0.1092069 0.7006265 0.1100357 0.70003 0.1100357 0.007529318 0.3353886 0.007529377 0.3521931 0.007340252 0.3521931 0.007529318 0.3353886 0.007340252 0.3521931 0.007340192 0.3351988 0.7294138 0.0193051 0.7333126 0.01919871 0.7333233 0.02805465 0.7294138 0.0193051 0.7333233 0.02805465 0.7294268 0.02810508 0.6258011 0.4226233 0.6258011 0.4220274 0.6450543 0.4220274 0.6258011 0.4226233 0.6450543 0.4220274 0.6450543 0.4226233 0.08126533 0.07340323 0.08126533 0.07257509 0.08186137 0.07257425 0.08126533 0.07340323 0.08186137 0.07257425 0.08186137 0.07340288 0.5497288 0.4282574 0.5305258 0.4282574 0.5305244 0.4276607 0.5497288 0.4282574 0.5305244 0.4276607 0.5497288 0.4276607 0.06193709 0.2501965 0.06470191 0.2501475 0.06470191 0.259258 0.06193709 0.2501965 0.06470191 0.259258 0.06193709 0.259307 0.03904604 0.3938526 0.03904604 0.4131072 0.03845006 0.4131072 0.03904604 0.3938526 0.03845006 0.4131072 0.03845006 0.3938512 0.6804922 0.1786535 0.6805058 0.171371 0.6844859 0.1718745 0.6804922 0.1786535 0.6844859 0.1718745 0.6844722 0.1793028 0.4270125 0.1097431 0.42742 0.1135655 0.4197729 0.1128475 0.4270125 0.1097431 0.4197729 0.1128475 0.4195504 0.1090419 0.04834628 0.320572 0.04917478 0.320572 0.04917478 0.3398211 0.04834628 0.320572 0.04917478 0.3398211 0.04834628 0.3398211 0.6929819 0.2100306 0.684612 0.2104114 0.684612 0.1885961 0.6929819 0.2100306 0.684612 0.1885961 0.6929819 0.1882154 0.6343684 0.2445017 0.6410972 0.2445399 0.6420871 0.2481783 0.6343684 0.2445017 0.6420871 0.2481783 0.6349803 0.2481374 0.693124 0.2360221 0.693124 0.2445737 0.6914912 0.244582 0.693124 0.2360221 0.6914912 0.244582 0.6914912 0.2360306 0.430574 0.447888 0.430574 0.465043 0.430423 0.4650453 0.430574 0.447888 0.430423 0.4650453 0.430423 0.4477656 0.6584203 0.1489332 0.6584203 0.1665138 0.6524848 0.166307 0.6584203 0.1489332 0.6524848 0.166307 0.6524848 0.1487265 0.6641204 0.06135332 0.6641204 0.06828325 0.6624883 0.06832474 0.6641204 0.06135332 0.6624883 0.06832474 0.6624883 0.06139481 0.4135184 0.374118 0.4143474 0.374118 0.4143474 0.3933658 0.4135184 0.374118 0.4143474 0.3933658 0.4135184 0.3933658 0.4402012 0.06692898 0.4404151 0.07609629 0.4045922 0.07609629 0.4402012 0.06692898 0.4045922 0.07609629 0.4043784 0.06692904 0.6805058 0.171371 0.6804119 0.1634761 0.684391 0.1638237 0.6805058 0.171371 0.684391 0.1638237 0.6844859 0.1718745 0.6883307 0.3426441 0.6883307 0.323395 0.6891593 0.323395 0.6883307 0.3426441 0.6891593 0.323395 0.6891593 0.3426441 0.002139806 0.03311473 0.06682181 0.03311479 0.06666362 0.03328084 0.002139806 0.03311473 0.06666362 0.03328084 0.002307176 0.03328078 0.4084399 0.443033 0.4084399 0.4603151 0.4082535 0.4603151 0.4084399 0.443033 0.4082535 0.4603151 0.4082535 0.4429542 0.7274175 0.1098952 0.7055602 0.1098952 0.7056798 0.1007475 0.7274175 0.1098952 0.7056798 0.1007475 0.7275358 0.1007475 0.2644002 0.02628827 0.2710726 0.02636039 0.2705615 0.03003996 0.2644002 0.02628827 0.2705615 0.03003996 0.2635651 0.02996474 0.5965964 0.4282601 0.5773934 0.4282601 0.5773921 0.4276635 0.5965964 0.4282601 0.5773921 0.4276635 0.5965964 0.4276635 0.1368807 0.3184743 0.1452867 0.3187295 0.145238 0.322627 0.1368807 0.3184743 0.145238 0.322627 0.136851 0.322369 0.2888209 0.3805798 0.2888222 0.3797509 0.307987 0.3797509 0.2888209 0.3805798 0.307987 0.3797509 0.3079857 0.3805798 0.4893032 0.07615292 0.489208 0.08440303 0.4852241 0.08399891 0.4893032 0.07615292 0.4852241 0.08399891 0.4853166 0.07587254 0.6255713 0.298022 0.6328793 0.298022 0.6327922 0.3019517 0.6255713 0.298022 0.6327922 0.3019517 0.6254082 0.3019517 0.7844124 0.01719439 0.7844124 0.01519155 0.7860184 0.01462829 0.7844124 0.01719439 0.7860184 0.01462829 0.7860184 0.01721453 0.6726152 0.3736432 0.6726152 0.3543954 0.6734442 0.3543954 0.6726152 0.3736432 0.6734442 0.3543954 0.6734442 0.3736432 0.6524898 0.1269395 0.6524898 0.1261113 0.6530857 0.1261106 0.6524898 0.1269395 0.6530857 0.1261106 0.6530857 0.1269388 0.5385588 0.3777623 0.5193097 0.3777623 0.5193097 0.3769337 0.5385588 0.3777623 0.5193097 0.3769337 0.5385588 0.3769337 0.4147208 0.1182557 0.4147208 0.1176591 0.4155496 0.1176591 0.4147208 0.1182557 0.4155496 0.1176591 0.4155496 0.1182557 0.0332514 0.2360761 0.03321874 0.2463078 0.02603185 0.2464818 0.0332514 0.2360761 0.02603185 0.2464818 0.02606725 0.2362501 0.7127421 0.3290236 0.7135711 0.3290236 0.7135711 0.3482714 0.7127421 0.3290236 0.7135711 0.3482714 0.7127421 0.3482714 0.6372865 0.08889061 0.6371667 0.08196073 0.6409929 0.08245033 0.6372865 0.08889061 0.6409929 0.08245033 0.6411181 0.08962231 0.3641671 0.1005023 0.3638325 0.09254533 0.3677299 0.09280115 0.3641671 0.1005023 0.3677299 0.09280115 0.368059 0.1005676 0.1237326 0.3515679 0.1245616 0.3515692 0.1245616 0.370734 0.1237326 0.3515679 0.1245616 0.370734 0.1237326 0.3707327 0.04415291 0.1339206 0.06096184 0.1339206 0.06095981 0.1341137 0.04415291 0.1339206 0.06095981 0.1341137 0.04396146 0.1341137 0.2881981 0.01948106 0.2881981 0.002120137 0.2884008 0.002120137 0.2881981 0.01948106 0.2884008 0.002120137 0.2884008 0.01950752 0.6376198 0.2980321 0.645276 0.2980321 0.6443703 0.30182 0.6376198 0.2980321 0.6443703 0.30182 0.6370187 0.30182 0.05555039 0.1303005 0.04836475 0.1303005 0.04840284 0.1269778 0.05555039 0.1303005 0.04840284 0.1269778 0.05558848 0.1269778 0.04387998 0.3938514 0.04387998 0.413106 0.04328328 0.413106 0.04387998 0.3938514 0.04328328 0.413106 0.04328328 0.39385 0.5914989 0.2934162 0.5834783 0.2934162 0.5830051 0.2895737 0.5914989 0.2934162 0.5830051 0.2895737 0.5913138 0.2895737 0.1334067 0.4051197 0.1340034 0.405121 0.1340034 0.4243757 0.1334067 0.4051197 0.1340034 0.4243757 0.1334067 0.4243757 0.005561649 0.3193535 0.002113759 0.3194161 0.002113759 0.3122305 0.005561649 0.3193535 0.002113759 0.3122305 0.005561649 0.3121679 0.4151059 0.2083163 0.4151059 0.1909312 0.4153113 0.1909312 0.4151059 0.2083163 0.4153113 0.1909312 0.4153113 0.2082897 0.5140013 0.1078888 0.5296838 0.09032464 0.5314579 0.09185147 0.5168624 0.1081982 0.531856 0.1332556 0.5307689 0.134473 0.5140013 0.1078888 0.5314579 0.09185147 0.5168624 0.1081982 0.5168624 0.1081982 0.5307689 0.134473 0.5140013 0.1078888 0.4277704 0.1252012 0.4277997 0.1213051 0.4351284 0.1219756 0.4277704 0.1252012 0.4351284 0.1219756 0.4351788 0.1258785 0.002279818 0.05583238 0.002279818 0.1182913 0.002119243 0.118449 0.002279818 0.05583238 0.002119243 0.118449 0.002119243 0.05566465 0.03966063 0.1410901 0.03312009 0.1409269 0.03312009 0.1233491 0.03966063 0.1410901 0.03312009 0.1233491 0.03966063 0.1235095 0.5283645 0.3606154 0.5283493 0.3374792 0.6683709 0.3374792 0.6683709 0.3374792 0.6683876 0.3631924 0.5283662 0.3631924 0.6683709 0.3374792 0.5283662 0.3631924 0.5283645 0.3606154 0.6786481 0.07294684 0.6709823 0.07819634 0.6687177 0.07490676 0.6786481 0.07294684 0.6687177 0.07490676 0.6764334 0.06962186 0.6353216 0.2754888 0.6353216 0.2927647 0.6287486 0.2927838 0.6353216 0.2754888 0.6287486 0.2927838 0.6287486 0.2755078 0.5963091 0.2595463 0.5998739 0.2589461 0.5998739 0.2660719 0.5963091 0.2595463 0.5998739 0.2660719 0.5963091 0.2669693 0.6884704 0.1797669 0.6884828 0.172224 0.6924848 0.1724193 0.6884704 0.1797669 0.6924848 0.1724193 0.6924715 0.1800415 0.484928 0.2839412 0.484928 0.3005426 0.482102 0.3005426 0.484928 0.2839412 0.482102 0.3005426 0.482102 0.2839419 0.227335 0.0170359 0.227335 0.01620775 0.2279316 0.01620703 0.227335 0.0170359 0.2279316 0.01620703 0.2279316 0.01703554 0.6564412 0.1032691 0.6632932 0.0982604 0.6658527 0.1012693 0.6564412 0.1032691 0.6658527 0.1012693 0.6591669 0.1061552 0.6795323 0.2529408 0.6797356 0.2531442 0.6629312 0.2531442 0.6795323 0.2529408 0.6629312 0.2531442 0.6629308 0.2529408 0.002106785 0.4553176 0.002106785 0.4361161 0.002703428 0.4361147 0.002106785 0.4553176 0.002703428 0.4361147 0.002703428 0.4553176 0.6023057 0.4226211 0.6023072 0.4220245 0.6215617 0.4220245 0.6023057 0.4226211 0.6215617 0.4220245 0.6215617 0.4226211 0.5025964 0.05848199 0.5172992 0.05848199 0.5172992 0.0987727 0.5025964 0.05848199 0.5172992 0.0987727 0.5025964 0.0987727 0.06539785 0.07557171 0.06539785 0.139595 0.06519407 0.1393911 0.06539785 0.07557171 0.06519407 0.1393911 0.06519407 0.07577437 0.7078346 0.09571808 0.7248236 0.09571808 0.7248209 0.09588557 0.7078346 0.09571808 0.7248209 0.09588557 0.7076687 0.09588557 0.2701924 0.01106619 0.1993111 0.01106619 0.1990718 0.00211054 0.2701924 0.01106619 0.1990718 0.00211054 0.269953 0.00211054 0.007340192 0.3351988 0.007340252 0.3521931 0.007178306 0.3521925 0.007340192 0.3351988 0.007178306 0.3521925 0.007178306 0.3350356 0.5880718 0.09799408 0.5863308 0.09909832 0.5862635 0.09085738 0.5880718 0.09799408 0.5862635 0.09085738 0.5880079 0.0902183 0.08032274 0.444575 0.09616208 0.444575 0.09616124 0.4447696 0.08032274 0.444575 0.09616124 0.4447696 0.08024322 0.4447696 0.6299071 0.3298611 0.6106579 0.3298611 0.6106579 0.3290324 0.6299071 0.3298611 0.6106579 0.3290324 0.6299071 0.3290324 0.0103929 0.0694307 0.01044458 0.07706975 0.00656408 0.07775795 0.0103929 0.0694307 0.00656408 0.07775795 0.006506919 0.06984674 0.6870836 0.08641344 0.6799341 0.09131109 0.6777236 0.08805686 0.6870836 0.08641344 0.6777236 0.08805686 0.68505 0.08303648 0.9133155 0.4220247 0.9133155 0.4412779 0.9127196 0.4412779 0.9133155 0.4220247 0.9127196 0.4412779 0.9127196 0.4220247 0.01044458 0.06154334 0.0103929 0.0694307 0.006506919 0.06984674 0.01044458 0.06154334 0.006506919 0.06984674 0.00656408 0.06167864 0.5378415 0.08384329 0.5450338 0.0838406 0.5450338 0.1672408 0.5378415 0.08384329 0.5450338 0.1672408 0.5378415 0.1672435 0.6405681 0.06570905 0.6406937 0.07216471 0.6371639 0.07193809 0.6405681 0.06570905 0.6371639 0.07193809 0.6370301 0.06506413 0.002111315 0.3262082 0.002939939 0.3262082 0.002939939 0.3454574 0.002111315 0.3262082 0.002939939 0.3454574 0.002111315 0.3454574 0.581139 0.2144696 0.5744896 0.2145348 0.5746995 0.2107578 0.581139 0.2144696 0.5746995 0.2107578 0.5811882 0.2106925 0.6865927 0.1007479 0.6871894 0.1007479 0.6871894 0.1015768 0.6865927 0.1007479 0.6871894 0.1015768 0.6865927 0.1015768 0.5697813 0.08384919 0.570378 0.08384919 0.570378 0.08467805 0.5697813 0.08384919 0.570378 0.08467805 0.5697813 0.08467805 0.1237402 0.3454609 0.1237402 0.3262118 0.1245688 0.3262118 0.1237402 0.3454609 0.1245688 0.3262118 0.1245688 0.3454609 0.5487293 0.3326736 0.5294815 0.3326736 0.5294815 0.3318446 0.5487293 0.3326736 0.5294815 0.3318446 0.5487293 0.3318446 0.4635757 0.1249992 0.4637444 0.1309072 0.4461896 0.1306101 0.4635757 0.1249992 0.4461896 0.1306101 0.4460209 0.1247021 0.69691 0.07148849 0.6970434 0.07818937 0.6930458 0.07885372 0.69691 0.07148849 0.6930458 0.07885372 0.6929097 0.07201957 0.4685385 0.1182568 0.4677103 0.1182568 0.4677096 0.1176602 0.4685385 0.1182568 0.4677096 0.1176602 0.4685382 0.1176602 0.1338541 0.3543881 0.1346827 0.3543896 0.1346827 0.3735558 0.1338541 0.3543881 0.1346827 0.3735558 0.1338541 0.3735544 0.007166385 0.3792796 0.007166385 0.3600304 0.007995009 0.3600304 0.007166385 0.3792796 0.007995009 0.3600304 0.007995009 0.3792796 0.5934615 0.1993939 0.5934615 0.2213377 0.5862693 0.2213468 0.5934615 0.1993939 0.5862693 0.2213468 0.5862693 0.199403 0.6691755 0.03168916 0.6691755 0.03438758 0.6675739 0.03438818 0.6691755 0.03168916 0.6675739 0.03438818 0.6675739 0.03113365 0.4640672 0.3459433 0.4640659 0.346772 0.4448996 0.346772 0.4640672 0.3459433 0.4448996 0.346772 0.4449009 0.3459433 0.2821682 0.8901934 0.002125322 0.8901934 0.00211966 0.6841259 0.2821682 0.8901934 0.00211966 0.6841259 0.2821626 0.6841259 0.5418863 0.2845411 0.5419135 0.2843371 0.6039242 0.2843371 0.5418863 0.2845411 0.6039242 0.2843371 0.6039514 0.2845411 0.5026843 0.2982722 0.5066655 0.298109 0.5066655 0.3035131 0.5026843 0.2982722 0.5066655 0.3035131 0.5026843 0.3036831 0.2462414 0.07257461 0.246838 0.07257461 0.246838 0.07340347 0.2462414 0.07257461 0.246838 0.07340347 0.2462414 0.07340347 0.4260324 0.447736 0.4260324 0.4637813 0.4258732 0.4637813 0.4260324 0.447736 0.4258732 0.4637813 0.4258732 0.4478611 0.4683799 0.1233023 0.4683799 0.1241308 0.4677832 0.1241308 0.4683799 0.1233023 0.4677832 0.1241308 0.4677832 0.1233023 0.1139206 0.4525009 0.1139206 0.4332981 0.1145172 0.4332966 0.1139206 0.4525009 0.1145172 0.4332966 0.1145172 0.4525009 0.5811015 0.2183066 0.574309 0.2183747 0.5744896 0.2145348 0.5811015 0.2183066 0.5744896 0.2145348 0.581139 0.2144696 0.4602178 0.4282632 0.4602164 0.4276667 0.4794193 0.4276667 0.4602178 0.4282632 0.4794193 0.4276667 0.4794193 0.4282632 0.1439719 0.3482748 0.1439719 0.3290271 0.1448009 0.3290271 0.1439719 0.3482748 0.1448009 0.3290271 0.1448009 0.3482748 0.713757 0.4282655 0.6945541 0.4282655 0.6945527 0.4276688 0.713757 0.4282655 0.6945527 0.4276688 0.713757 0.4276688 0.4149059 0.2082904 0.4149059 0.1909317 0.4151059 0.1909312 0.4149059 0.2082904 0.4151059 0.1909312 0.4151059 0.2083163 0.4082734 0.3994837 0.4088694 0.399485 0.4088694 0.4187396 0.4082734 0.3994837 0.4088694 0.4187396 0.4082734 0.4187396 0.6052371 0.3966694 0.6244904 0.3966694 0.6244904 0.3972654 0.6052371 0.3966694 0.6244904 0.3972654 0.6052371 0.3972654 0.2518943 0.07316672 0.2510662 0.07316672 0.2510647 0.07257008 0.2518943 0.07316672 0.2510647 0.07257008 0.2518943 0.07257008 0.4666441 0.06693303 0.4663586 0.08452051 0.4595075 0.08452051 0.4666441 0.06693303 0.4595075 0.08452051 0.4597902 0.06693303 0.4378826 0.4220323 0.4571358 0.4220323 0.4571358 0.4226289 0.4378826 0.4220323 0.4571358 0.4226289 0.4378826 0.4226289 0.3205881 0.05848389 0.3211846 0.05848389 0.3211846 0.05931264 0.3205881 0.05848389 0.3211846 0.05931264 0.3205881 0.05931264 0.6487112 0.09411752 0.6558808 0.08887708 0.6582998 0.09205752 0.6487112 0.09411752 0.6582998 0.09205752 0.6512064 0.09724336 0.6886215 0.2310099 0.6886215 0.2163014 0.6924803 0.2163015 0.6886215 0.2310099 0.6924803 0.2163015 0.6924803 0.2310098 0.6913022 0.3166286 0.6883304 0.3167971 0.6883304 0.3094524 0.6913022 0.3166286 0.6883304 0.3094524 0.6913022 0.3096734 0.1287747 0.3961924 0.1287747 0.3769447 0.1296041 0.3769447 0.1287747 0.3961924 0.1296041 0.3769447 0.1296041 0.3961924 0.5416891 0.2848922 0.5418115 0.2847289 0.6040329 0.2847289 0.5416891 0.2848922 0.6040329 0.2847289 0.6041622 0.2848922 0.2881922 0.04202437 0.2881922 0.02466344 0.288395 0.02466344 0.2881922 0.04202437 0.288395 0.02466344 0.288395 0.04205095 0.1448002 0.3735579 0.1439716 0.3735564 0.1439716 0.3543916 0.1448002 0.3735579 0.1439716 0.3543916 0.1448002 0.354393 0.6727779 0.4220331 0.6920311 0.4220331 0.6920311 0.422629 0.6727779 0.4220331 0.6920311 0.422629 0.6727779 0.422629 0.8906659 0.8345656 0.8176313 0.8344466 0.8176312 0.4220401 0.8906659 0.8345656 0.8176312 0.4220401 0.8906658 0.4221591 0.6726029 0.3482705 0.6726029 0.3290227 0.6734318 0.3290227 0.6726029 0.3482705 0.6734318 0.3290227 0.6734318 0.3482705 0.6333585 0.1452931 0.6333585 0.1234365 0.6404426 0.1238824 0.6333585 0.1452931 0.6404426 0.1238824 0.6404426 0.1457392 0.5775693 0.3326743 0.5775693 0.3318455 0.5968185 0.3318455 0.5775693 0.3326743 0.5968185 0.3318455 0.5968185 0.3326743 0.06346082 0.4361267 0.063654 0.4361284 0.063654 0.4523311 0.06346082 0.4361267 0.063654 0.4523311 0.06346082 0.4525187 0.5365241 0.07243788 0.5365241 0.07875823 0.5328858 0.07781112 0.5365241 0.07243788 0.5328858 0.07781112 0.5328858 0.07113611 0.03421372 0.3938551 0.03421372 0.4131097 0.03361707 0.4131097 0.03421372 0.3938551 0.03361707 0.4131097 0.03361707 0.3938538 0.6706067 0.1145267 0.6637573 0.1152529 0.6638226 0.1113255 0.6706067 0.1145267 0.6638226 0.1113255 0.6708435 0.110583 0.6883723 0.1851118 0.6884704 0.1797669 0.6924715 0.1800415 0.6883723 0.1851118 0.6924715 0.1800415 0.6923732 0.1854239 0.5223498 0.09006834 0.5215216 0.09006834 0.5215209 0.08947241 0.5223498 0.09006834 0.5215209 0.08947241 0.5223495 0.08947241 0.7008939 0.07078695 0.7010245 0.07732594 0.6970434 0.07818937 0.7008939 0.07078695 0.6970434 0.07818937 0.69691 0.07148849 0.3122148 0.3805792 0.3122162 0.3797502 0.331381 0.3797502 0.3122148 0.3805792 0.331381 0.3797502 0.3313796 0.3805792 0.6351308 0.3693079 0.6351308 0.3684793 0.6543799 0.3684793 0.6351308 0.3693079 0.6543799 0.3684793 0.6543799 0.3693079 0.5229334 0.203353 0.5229334 0.1966216 0.5268411 0.1967303 0.5229334 0.203353 0.5268411 0.1967303 0.5268411 0.2033803 0.801105 0.002115786 0.801105 0.00294429 0.800508 0.00294429 0.801105 0.002115786 0.800508 0.00294429 0.800508 0.002115786 0.06661373 0.03892123 0.05069631 0.03892254 0.05069768 0.0387485 0.06661373 0.03892123 0.05069768 0.0387485 0.06674021 0.0387485 0.213631 0.1012489 0.1597146 0.1013006 0.1597146 0.03316646 0.213631 0.1012489 0.1597146 0.03316646 0.213631 0.03311473 0.2877288 0.05118989 0.2785856 0.05118989 0.2785688 0.04720592 0.2877288 0.05118989 0.2785688 0.04720592 0.287693 0.04720592 0.2961998 0.08185297 0.2961998 0.08102494 0.2967963 0.08102422 0.2961998 0.08185297 0.2967963 0.08102422 0.2967963 0.08185273 0.5133265 0.1184925 0.5133265 0.1176643 0.513923 0.117663 0.5133265 0.1184925 0.513923 0.117663 0.513923 0.1184925 0.840464 0.9978865 0.840464 0.8364846 0.9461891 0.836316 0.840464 0.9978865 0.9461891 0.836316 0.9461891 0.9977179 0.65443 0.3749428 0.6351822 0.3749429 0.6351822 0.3741139 0.65443 0.3749428 0.6351822 0.3741139 0.65443 0.3741139 0.6467446 0.2917754 0.6395525 0.2917781 0.6395525 0.2783139 0.6467446 0.2917754 0.6395525 0.2783139 0.6467446 0.2783098 0.4034934 0.1074838 0.4036269 0.1037713 0.4115604 0.104549 0.4034934 0.1074838 0.4115604 0.104549 0.4116644 0.1082846 0.1294869 0.009925782 0.1298595 0.002110421 0.1338385 0.002198398 0.1294869 0.009925782 0.1338385 0.002198398 0.1334658 0.009997248 0.6415919 0.07820343 0.6421886 0.07820343 0.6421886 0.07903218 0.6415919 0.07820343 0.6421886 0.07903218 0.6415919 0.07903218 0.1237283 0.4468688 0.1237283 0.427666 0.124325 0.4276646 0.1237283 0.4468688 0.124325 0.4276646 0.124325 0.4468688 0.2821794 0.0783025 0.2177773 0.0783025 0.2179676 0.078112 0.2821794 0.0783025 0.2179676 0.078112 0.2819904 0.078112 0.1338517 0.3482797 0.1338517 0.3290306 0.1346803 0.3290306 0.1338517 0.3482797 0.1346803 0.3290306 0.1346803 0.3482797 0.9601736 0.05780261 0.9648578 0.05618947 0.9650601 0.06023299 0.9601736 0.05780261 0.9650601 0.06023299 0.9602747 0.06187909 0.6335094 0.08803123 0.6333951 0.08137863 0.6371667 0.08196073 0.6335094 0.08803123 0.6371667 0.08196073 0.6372865 0.08889061 0.5862697 0.1942343 0.5862697 0.1769583 0.5922701 0.1769175 0.5862697 0.1942343 0.5922701 0.1769175 0.5922701 0.1941934 0.4613726 0.4226289 0.4613726 0.4220323 0.4806258 0.4220323 0.4613726 0.4226289 0.4806258 0.4220323 0.4806258 0.4226289 0.7010245 0.05584168 0.7008939 0.06358361 0.69691 0.06410646 0.7010245 0.05584168 0.69691 0.06410646 0.6970434 0.05617296 0.2819904 0.078112 0.2179676 0.078112 0.2181716 0.07790923 0.2819904 0.078112 0.2181716 0.07790923 0.281787 0.07790923 0.5168308 0.3633008 0.5168308 0.3459404 0.5170335 0.3459404 0.5168308 0.3633008 0.5170335 0.3459404 0.5170335 0.3633279 0.4390113 0.4163975 0.4582142 0.4163975 0.4582142 0.4169948 0.4390113 0.4163975 0.4582142 0.4169948 0.4390126 0.4169948 0.5340678 0.06692725 0.5340678 0.06775599 0.5334712 0.06775599 0.5340678 0.06692725 0.5334712 0.06775599 0.5334712 0.06692725 0.5073814 0.1768692 0.5073814 0.1839483 0.5033838 0.1838909 0.5073814 0.1768692 0.5033838 0.1838909 0.5033838 0.1768569 0.6972334 0.2585865 0.7019467 0.2585811 0.7019467 0.2720847 0.6972334 0.2585865 0.7019467 0.2720847 0.6972334 0.2720901 0.01827228 0.3024244 0.01544493 0.3024258 0.01544493 0.2388417 0.01827228 0.3024244 0.01544493 0.2388417 0.01827228 0.2388402 0.4932981 0.07632708 0.4932056 0.08466589 0.489208 0.08440303 0.4932981 0.07632708 0.489208 0.08440303 0.4893032 0.07615292 0.002307176 0.03328078 0.002290725 0.05027908 0.002123117 0.05027639 0.002307176 0.03328078 0.002123117 0.05027639 0.002139806 0.03311473 0.09755641 0.0480383 0.09755641 0.04721015 0.09815239 0.04720884 0.09755641 0.0480383 0.09815239 0.04720884 0.09815239 0.0480383 0.5455338 0.3192332 0.5420534 0.3205348 0.5420534 0.3137927 0.5455338 0.3192332 0.5420534 0.3137927 0.5455338 0.3128033 0.8128512 0.1827731 0.8127478 0.1877884 0.8056045 0.1882371 0.8128512 0.1827731 0.8056045 0.1882371 0.8057079 0.1832245 0.002669513 0.009925723 0.1294869 0.009925782 0.1291931 0.01833546 0.002669513 0.009925723 0.1291931 0.01833546 0.002377212 0.0183354 0.006507992 0.1041681 0.006507992 0.1035715 0.007336854 0.1035715 0.006507992 0.1041681 0.007336854 0.1035715 0.007336854 0.1041681 0.5292502 0.06345474 0.5291659 0.0699619 0.5253778 0.06891751 0.5292502 0.06345474 0.5253778 0.06891751 0.525465 0.06213915 0.01417821 0.3137084 0.0103473 0.3136867 0.0103473 0.306501 0.01417821 0.3137084 0.0103473 0.306501 0.01417821 0.3065201 0.4836525 0.4282634 0.4836511 0.4276664 0.5028541 0.4276664 0.4836525 0.4282634 0.5028541 0.4276664 0.5028541 0.4282634 0.6891583 0.348751 0.6891583 0.3679159 0.6883293 0.3679146 0.6891583 0.348751 0.6883293 0.3679146 0.6883293 0.3487496 0.6865953 0.09511899 0.687192 0.09511899 0.687192 0.09594726 0.6865953 0.09511899 0.687192 0.09594726 0.6865953 0.09594726 0.918141 0.422028 0.918141 0.4412825 0.9175451 0.4412825 0.918141 0.422028 0.9175451 0.4412825 0.9175451 0.4220265 0.6445321 0.1022381 0.6512064 0.09724336 0.6537858 0.1002957 0.6445321 0.1022381 0.6537858 0.1002957 0.6472104 0.1052168 0.05942487 0.4107579 0.05942487 0.4300112 0.05882894 0.4300112 0.05942487 0.4107579 0.05882894 0.4300112 0.05882894 0.4107579 0.9034913 0.4856232 0.9034913 0.4224151 0.9036805 0.4226042 0.9034913 0.4856232 0.9036805 0.4226042 0.9036805 0.4854328 0.9124696 0.4634324 0.9123023 0.4635922 0.9123023 0.4473891 0.9124696 0.4634324 0.9123023 0.4473891 0.9124696 0.4473926 0.01721233 0.3369652 0.01700884 0.3371685 0.01700884 0.3205677 0.01721233 0.3369652 0.01700884 0.3205677 0.01721233 0.3205677 0.360256 0.1005023 0.3599134 0.09238481 0.3638325 0.09254533 0.360256 0.1005023 0.3638325 0.09254533 0.3641671 0.1005023 0.6733968 0.4169879 0.6733981 0.4163911 0.6926527 0.4163911 0.6733968 0.4169879 0.6926527 0.4163911 0.6926527 0.4169879 0.9544371 0.05847376 0.9544371 0.05930227 0.9538404 0.05930227 0.9544371 0.05847376 0.9538404 0.05930227 0.9538404 0.05847376 0.6930458 0.05640006 0.6929097 0.06449127 0.6888959 0.06473612 0.6930458 0.05640006 0.6888959 0.06473612 0.6890347 0.05652177 0.1000509 0.4395383 0.08084928 0.4395383 0.08084791 0.4389417 0.1000509 0.4395383 0.08084791 0.4389417 0.1000509 0.4389417 0.4722646 0.3348861 0.4722646 0.3396648 0.468901 0.3399395 0.4722646 0.3348861 0.468901 0.3399395 0.468901 0.3352234 0.5880079 0.0902183 0.5862635 0.09085738 0.5863288 0.08216238 0.5880079 0.0902183 0.5863288 0.08216238 0.5880718 0.08168363 0.5788185 0.4226258 0.5788185 0.4220285 0.5980718 0.4220285 0.5788185 0.4226258 0.5980718 0.4220285 0.5980718 0.4226258 0.6924913 0.1269387 0.6924913 0.1261104 0.6930879 0.1261091 0.6924913 0.1269387 0.6930879 0.1261091 0.6930879 0.1269387 0.8013648 0.02187502 0.8013648 0.4342816 0.731844 0.4341683 0.731844 0.4341683 0.731844 0.06353163 0.7808403 0.02184164 0.731844 0.4341683 0.7808403 0.02184164 0.8013648 0.02187502 0.6337274 0.0780518 0.6335393 0.07174092 0.6371639 0.07193809 0.6337274 0.0780518 0.6371639 0.07193809 0.6373428 0.07805395 0.01427072 0.06137812 0.01421898 0.06894922 0.0103929 0.0694307 0.01427072 0.06137812 0.0103929 0.0694307 0.01044458 0.06154334 0.6200301 0.4282578 0.6008271 0.4282578 0.6008258 0.4276612 0.6200301 0.4282578 0.6008258 0.4276612 0.6200301 0.4276612 0.07352894 0.07257318 0.07352894 0.1086889 0.07174313 0.1091411 0.07352894 0.07257318 0.07174313 0.1091411 0.07174313 0.07256627 0.5016415 0.2585676 0.5016143 0.2655096 0.4840337 0.2655096 0.5016415 0.2585676 0.4840337 0.2655096 0.4840609 0.2585676 0.7075769 0.3221835 0.7075769 0.2585681 0.724187 0.2585666 0.7075769 0.3221835 0.724187 0.2585666 0.724187 0.3221835 0.02467072 0.4479385 0.02467072 0.464933 0.02450895 0.4649323 0.02467072 0.4479385 0.02450895 0.4649323 0.02450895 0.4477753 0.5561807 0.4163966 0.5753836 0.4163966 0.5753836 0.416994 0.5561807 0.4163966 0.5753836 0.416994 0.556182 0.416994 0.02384495 0.2780214 0.02239638 0.2780668 0.02380621 0.2589337 0.02384495 0.2780214 0.02380621 0.2589337 0.02523404 0.2591766 0.002118766 0.3052999 0.002118766 0.2980426 0.006113529 0.2980779 0.002118766 0.3052999 0.006113529 0.2980779 0.006113529 0.3053059 0.6645142 0.2363582 0.6604813 0.2363011 0.6604813 0.196598 0.6645142 0.2363582 0.6604813 0.196598 0.6645142 0.1966551 0.06653487 0.03911852 0.05069494 0.03911852 0.05069631 0.03892254 0.06653487 0.03911852 0.05069631 0.03892254 0.06661373 0.03892123 0.1794193 0.0241509 0.1999536 0.02404141 0.1999073 0.02616733 0.1794193 0.0241509 0.1999073 0.02616733 0.1795022 0.02627688 0.06857341 0.1458407 0.07716792 0.1458407 0.07707267 0.1497675 0.06857341 0.1458407 0.07707267 0.1497675 0.06857341 0.1497675 0.5253778 0.07620775 0.5253778 0.06891751 0.5291659 0.0699619 0.5253778 0.07620775 0.5291659 0.0699619 0.5291659 0.0769602 0.1550669 0.0968188 0.1532171 0.09691393 0.1532171 0.08646738 0.1550669 0.0968188 0.1532171 0.08646738 0.1550669 0.08616816 0.9521549 0.003014922 0.9520975 0.003210783 0.9519932 0.00338757 0.9519932 0.00338757 0.951844 0.003528773 0.9516654 0.003629207 0.9516654 0.003629207 0.951466 0.003678381 0.9512606 0.003674864 0.9512606 0.003674864 0.9510635 0.003617107 0.950888 0.003513216 0.950888 0.003513216 0.9507452 0.003364801 0.9506453 0.003184914 0.9506453 0.003184914 0.9505962 0.002985417 0.9505994 0.002781212 0.9505994 0.002781212 0.9506563 0.002582252 0.9507629 0.00240755 0.9507629 0.00240755 0.9509099 0.002264261 0.9510894 0.002165436 0.9510894 0.002165436 0.9512891 0.002115011 0.9514942 0.002119898 0.9514942 0.002119898 0.9516917 0.002176284 0.9518679 0.002281904 0.9518679 0.002281904 0.9520096 0.002429842 0.9521094 0.002609968 0.9521094 0.002609968 0.9521589 0.002808094 0.9521549 0.003014922 0.9521549 0.003014922 0.9519932 0.00338757 0.9516654 0.003629207 0.9516654 0.003629207 0.9512606 0.003674864 0.950888 0.003513216 0.950888 0.003513216 0.9506453 0.003184914 0.9505994 0.002781212 0.9505994 0.002781212 0.9507629 0.00240755 0.9510894 0.002165436 0.9510894 0.002165436 0.9514942 0.002119898 0.9518679 0.002281904 0.9518679 0.002281904 0.9521094 0.002609968 0.9521549 0.003014922 0.9521549 0.003014922 0.9516654 0.003629207 0.950888 0.003513216 0.950888 0.003513216 0.9505994 0.002781212 0.9510894 0.002165436 0.9510894 0.002165436 0.9518679 0.002281904 0.9521549 0.003014922 0.950888 0.003513216 0.9510894 0.002165436 0.9521549 0.003014922 0.06519407 0.1393911 0.06539785 0.139595 0.04858386 0.139595 0.06519407 0.1393911 0.04858386 0.139595 0.04858386 0.1393911 0.03870576 0.3684837 0.03953474 0.3684837 0.03953474 0.3877315 0.03870576 0.3684837 0.03953474 0.3877315 0.03870576 0.3877315 0.007384002 0.03876864 0.01394337 0.03882312 0.0132057 0.04277706 0.007384002 0.03876864 0.0132057 0.04277706 0.006483733 0.04272544 0.06650769 0.03932392 0.05069494 0.03932392 0.05069494 0.03911852 0.06650769 0.03932392 0.05069494 0.03911852 0.06653487 0.03911852 0.4634886 0.1123577 0.4634886 0.1187798 0.4459365 0.118482 0.4634886 0.1123577 0.4459365 0.118482 0.4459365 0.11206 0.7177998 0.3482807 0.7177998 0.3290329 0.7186291 0.3290329 0.7177998 0.3482807 0.7186291 0.3290329 0.7186291 0.3482807 0.2839345 0.03745424 0.2775014 0.03756165 0.2776263 0.03375959 0.2839345 0.03745424 0.2776263 0.03375959 0.2839233 0.0336548 0.6411642 0.1098677 0.6368674 0.1132807 0.6340555 0.1104028 0.6411642 0.1098677 0.6340555 0.1104028 0.6383922 0.1069599 0.5922701 0.1941934 0.5922701 0.1769175 0.5978232 0.1768659 0.5922701 0.1941934 0.5978232 0.1768659 0.5978232 0.1941418 0.1285541 0.4444713 0.1285541 0.4276713 0.1287472 0.4276733 0.1285541 0.4444713 0.1287472 0.4276733 0.1287472 0.4446623 0.414725 0.2082135 0.414725 0.1909335 0.4149059 0.1909317 0.414725 0.2082135 0.4149059 0.1909317 0.4149059 0.2082904 0.283923 0.02991235 0.2777783 0.03001457 0.2779548 0.02633482 0.283923 0.02991235 0.2779548 0.02633482 0.283928 0.02623522 0.4973906 0.09347331 0.4885963 0.09347331 0.4886145 0.08947575 0.4973906 0.09347331 0.4886145 0.08947575 0.4973531 0.08947575 0.4418618 0.1264705 0.4417775 0.130375 0.4350515 0.1297793 0.4418618 0.1264705 0.4350515 0.1297793 0.4351788 0.1258785 0.3356066 0.3805791 0.3356079 0.3797501 0.3547728 0.3797501 0.3356066 0.3805791 0.3547728 0.3797501 0.3547714 0.3805791 0.624505 0.2772447 0.4707863 0.2772447 0.4713602 0.2754773 0.624505 0.2772447 0.4713602 0.2754773 0.6244995 0.2754773 0.5292502 0.08432734 0.5291659 0.0769602 0.5328858 0.07781112 0.5292502 0.08432734 0.5328858 0.07781112 0.5329674 0.08483755 0.7138842 0.03336268 0.7174491 0.03321403 0.7174491 0.03953301 0.7138842 0.03336268 0.7174491 0.03953301 0.7138842 0.03983837 0.5261311 0.1036086 0.5297013 0.1019559 0.5297095 0.1078186 0.5261311 0.1036086 0.5297095 0.1078186 0.5261392 0.1092364 0.4448997 0.3355013 0.4448997 0.334672 0.4641475 0.334672 0.4448997 0.3355013 0.4641475 0.334672 0.4641475 0.3355013 0.4347481 0.1336716 0.4350515 0.1297793 0.4417775 0.130375 0.4347481 0.1336716 0.4417775 0.130375 0.4414883 0.1342685 0.03628891 0.1713874 0.04539155 0.1712336 0.04539155 0.1930489 0.03628891 0.1713874 0.04539155 0.1930489 0.03628891 0.1932026 0.1334727 0.01706886 0.1334769 0.0168662 0.1335337 0.01666736 0.1335337 0.01666736 0.1336394 0.01649379 0.1337872 0.01634919 0.1337872 0.01634919 0.1339673 0.01625072 0.1341664 0.01620006 0.1341664 0.01620006 0.1343719 0.01620495 0.134569 0.01626133 0.134569 0.01626133 0.1347452 0.01636826 0.1348865 0.01651608 0.1348865 0.01651608 0.1349861 0.01669454 0.1350352 0.01689541 0.1350352 0.01689541 0.1350316 0.01710098 0.1349746 0.01729691 0.1349746 0.01729691 0.134869 0.01747334 0.1347211 0.01761507 0.1347211 0.01761507 0.134541 0.01771652 0.1343417 0.01776432 0.1343417 0.01776432 0.1341365 0.0177623 0.1339392 0.01770293 0.1339392 0.01770293 0.133764 0.01759624 0.133621 0.0174508 0.133621 0.0174508 0.1335217 0.01726955 0.1334727 0.01706886 0.1334727 0.01706886 0.1335337 0.01666736 0.1337872 0.01634919 0.1337872 0.01634919 0.1341664 0.01620006 0.134569 0.01626133 0.134569 0.01626133 0.1348865 0.01651608 0.1350352 0.01689541 0.1350352 0.01689541 0.1349746 0.01729691 0.1347211 0.01761507 0.1347211 0.01761507 0.1343417 0.01776432 0.1339392 0.01770293 0.1339392 0.01770293 0.133621 0.0174508 0.1334727 0.01706886 0.1334727 0.01706886 0.1337872 0.01634919 0.134569 0.01626133 0.134569 0.01626133 0.1350352 0.01689541 0.1347211 0.01761507 0.1347211 0.01761507 0.1339392 0.01770293 0.1334727 0.01706886 0.134569 0.01626133 0.1347211 0.01761507 0.1334727 0.01706886 0.72286 0.3482719 0.72286 0.329024 0.7236889 0.329024 0.72286 0.3482719 0.7236889 0.329024 0.7236889 0.3482719 0.1287912 0.3515686 0.1296198 0.3515699 0.1296198 0.370736 0.1287912 0.3515686 0.1296198 0.370736 0.1287912 0.3707347 0.7136145 0.4222218 0.6962536 0.4222218 0.6962536 0.42203 0.7136145 0.4222218 0.6962536 0.42203 0.7135356 0.42203 0.07662349 0.380344 0.07662349 0.4435065 0.07642078 0.4437091 0.07662349 0.380344 0.07642078 0.4437091 0.07642078 0.3801387 0.4111023 0.3681262 0.4347481 0.1336716 0.4414883 0.1342685 0.4111023 0.3681262 0.4414883 0.1342685 0.4178425 0.368723 0.5989549 0.2065434 0.6005714 0.2064824 0.5992778 0.2250245 0.5989549 0.2065434 0.5992778 0.2250245 0.5976848 0.2247647 0.7293871 0.01081418 0.7332854 0.01065349 0.7333126 0.01919871 0.7293871 0.01081418 0.7333126 0.01919871 0.7294138 0.0193051 0.4342266 0.3419306 0.4314074 0.3419272 0.4314074 0.2783179 0.4342266 0.3419306 0.4314074 0.2783179 0.4342266 0.2783214 0.0332514 0.2558189 0.02606725 0.2559903 0.02603185 0.2464818 0.0332514 0.2558189 0.02603185 0.2464818 0.03321874 0.2463078 0.7043252 0.3933294 0.7034962 0.393328 0.7034962 0.3741632 0.7043252 0.3933294 0.7034962 0.3741632 0.7043252 0.3741645 0.5262914 0.428257 0.5070899 0.428257 0.5070886 0.4276611 0.5262914 0.428257 0.5070886 0.4276611 0.5262914 0.4276611 0.5492604 0.1184883 0.5492604 0.1176602 0.5498564 0.1176588 0.5492604 0.1184883 0.5498564 0.1176588 0.5498564 0.1184883 0.4816501 0.4169939 0.4624484 0.4169939 0.4624471 0.4163966 0.4816501 0.4169939 0.4624471 0.4163966 0.4816501 0.4163966 0.5214604 0.3632913 0.5214604 0.3459323 0.5216604 0.3459317 0.5214604 0.3632913 0.5216604 0.3459317 0.5216604 0.363317 0.3210842 0.3855763 0.3210067 0.3853927 0.3861356 0.3853927 0.3210842 0.3855763 0.3861356 0.3853927 0.3860554 0.3855763 0.9582883 0.002107858 0.9654833 0.002107858 0.9655146 0.006103157 0.9582883 0.002107858 0.9655146 0.006103157 0.9582896 0.006103157 0.7084322 0.0951181 0.7248249 0.0951181 0.7248256 0.09532088 0.7084322 0.0951181 0.7248256 0.09532088 0.7082296 0.09532088 0.2644723 0.03602081 0.2716377 0.03632169 0.271735 0.04182589 0.2644723 0.03602081 0.271735 0.04182589 0.2645695 0.04152762 0.1187384 0.4333083 0.1189428 0.4333083 0.1189428 0.449701 0.1187384 0.4333083 0.1189428 0.449701 0.1187384 0.4499043 0.5297013 0.1143183 0.5333505 0.1132944 0.5333233 0.1205675 0.5297013 0.1143183 0.5333233 0.1205675 0.5296741 0.1213414 0.4719886 0.2854797 0.4716914 0.3032044 0.4701076 0.3028563 0.4719886 0.2854797 0.4701076 0.3028563 0.470409 0.2848841 0.5382084 0.2481858 0.5379393 0.2444794 0.5457586 0.2445202 0.5382084 0.2481858 0.5457586 0.2445202 0.5456607 0.2482239 0.68505 0.08303648 0.6777236 0.08805686 0.6754913 0.08478087 0.68505 0.08303648 0.6754913 0.08478087 0.6829618 0.07966232 0.69691 0.06410646 0.69691 0.07148849 0.6929097 0.07201957 0.69691 0.06410646 0.6929097 0.07201957 0.6929097 0.06449127 0.4128527 0.4458512 0.4128527 0.4616925 0.4126622 0.4616925 0.4128527 0.4458512 0.4126622 0.4616925 0.4126622 0.4457723 0.7008939 0.06358361 0.7008939 0.07078695 0.69691 0.07148849 0.7008939 0.06358361 0.69691 0.07148849 0.69691 0.06410646 0.4104889 0.1178392 0.4104889 0.2444117 0.4034361 0.2449938 0.4104889 0.1178392 0.4034361 0.2449938 0.4034361 0.1184212 0.4418484 0.4094649 0.4418361 0.4023053 0.7092573 0.4023053 0.4418484 0.4094649 0.7092573 0.4023053 0.7092682 0.4094649 0.4040338 0.3008514 0.4040338 0.3201046 0.4034371 0.3201046 0.4040338 0.3008514 0.4034371 0.3201046 0.4034371 0.3008514 0.4042655 0.112614 0.4034373 0.112614 0.403436 0.1120179 0.4042655 0.112614 0.403436 0.1120179 0.4042655 0.1120179 0.4893032 0.06746709 0.4893032 0.07615292 0.4853166 0.07587254 0.4893032 0.06746709 0.4853166 0.07587254 0.4853166 0.06731653 0.002119004 0.9095788 0.4236232 0.9095787 0.4236694 0.9216747 0.002119004 0.9095788 0.4236694 0.9216747 0.002165257 0.9216748 0.5750904 0.1120258 0.5756878 0.1120258 0.5756878 0.1128547 0.5750904 0.1120258 0.5756878 0.1128547 0.5750904 0.1128547 0.3721991 0.09876239 0.3721991 0.09793424 0.3727951 0.09793353 0.3721991 0.09876239 0.3727951 0.09793353 0.3727951 0.09876203 0.556196 0.3149418 0.557752 0.3187652 0.5518664 0.3187652 0.556196 0.3149418 0.5518664 0.3187652 0.5505821 0.3149418 0.4788929 0.06011432 0.4809613 0.05848282 0.4809626 0.08924192 0.4788929 0.06011432 0.4809626 0.08924192 0.4788929 0.08924609 0.6537858 0.1002957 0.6607739 0.09518891 0.6632932 0.0982604 0.6537858 0.1002957 0.6632932 0.0982604 0.6564412 0.1032691 0.1552093 0.06211805 0.1546121 0.06211805 0.1546121 0.06128954 0.1552093 0.06211805 0.1546121 0.06128954 0.1552093 0.06128954 0.528514 0.4169939 0.5093124 0.4169939 0.509311 0.4163966 0.528514 0.4169939 0.509311 0.4163966 0.528514 0.4163966 0.5050843 0.4169951 0.4858828 0.4169951 0.4858815 0.4163978 0.5050843 0.4169951 0.4858815 0.4163978 0.5050843 0.4163978 0.06470888 0.2643619 0.06470888 0.4043835 0.05911397 0.4047566 0.06470888 0.2643619 0.05911397 0.4047566 0.05911397 0.2647351 0.06426084 0.4107603 0.06426084 0.4299632 0.06366348 0.4299632 0.06426084 0.4107603 0.06366348 0.4299632 0.06366348 0.4107616 0.5261392 0.1092364 0.5297095 0.1078186 0.5297013 0.1143183 0.5261392 0.1092364 0.5297013 0.1143183 0.5261311 0.1154758 0.6512259 0.08240157 0.6587565 0.07701909 0.6610358 0.08028411 0.6512259 0.08240157 0.6610358 0.08028411 0.6535205 0.08565568 0.656255 0.1965737 0.656255 0.2195911 0.6490954 0.2196027 0.656255 0.1965737 0.6490954 0.2196027 0.6490954 0.1965858 0.6410322 0.8391314 0.8356262 0.8391314 0.8362417 0.9501317 0.6410322 0.8391314 0.8362417 0.9501317 0.6416478 0.9501317 0.5816243 0.2695453 0.518009 0.2695453 0.518009 0.2529354 0.5816243 0.2695453 0.518009 0.2529354 0.5816243 0.2529354 0.5156071 0.2460416 0.5152691 0.2388792 0.5202757 0.2389556 0.5156071 0.2460416 0.5202757 0.2389556 0.5206139 0.2461208 0.7959166 0.4389383 0.7960391 0.4390921 0.7310672 0.4390921 0.7959166 0.4389383 0.7310672 0.4390921 0.7311944 0.4389383 0.01195037 0.3539084 0.01195037 0.3346593 0.01277899 0.3346593 0.01195037 0.3539084 0.01277899 0.3346593 0.01277899 0.3539084 0.55477 0.1076918 0.5492522 0.1076925 0.5493363 0.1043972 0.55477 0.1076918 0.5493363 0.1043972 0.5549384 0.1043987 0.2181716 0.07790923 0.2179676 0.078112 0.2179676 0.0612986 0.2181716 0.07790923 0.2179676 0.0612986 0.2181709 0.0612986 0.1532171 0.09691393 0.1514925 0.09702277 0.1514925 0.08680462 0.1532171 0.09691393 0.1514925 0.08680462 0.1532171 0.08646738 0.6973966 0.00214529 0.6973869 0.05352336 0.6462761 0.002114534 0.009200513 0.3305467 0.00854355 0.3291841 0.009179413 0.32888 0.009200513 0.3305467 0.009179413 0.32888 0.01043868 0.3299534 0.3254202 0.05847525 0.3260162 0.05847525 0.3260162 0.05930376 0.3254202 0.05847525 0.3260162 0.05930376 0.3254202 0.05930376 0.5660134 0.3162633 0.5660134 0.3214146 0.5620431 0.3206517 0.5660134 0.3162633 0.5620431 0.3206517 0.5620431 0.3154202 0.4040283 0.4248434 0.4040283 0.4440966 0.4034324 0.4440966 0.4040283 0.4248434 0.4034324 0.4440966 0.4034324 0.4248434 0.6309164 0.3699861 0.4827339 0.3699861 0.4845561 0.3684813 0.6309164 0.3699861 0.4845561 0.3684813 0.6308946 0.3684813 0.2919757 0.08161795 0.2911475 0.08161795 0.2911462 0.0810213 0.2919757 0.08161795 0.2911462 0.0810213 0.2919757 0.0810213 0.2223505 0.05734163 0.2222688 0.05033284 0.225918 0.05141264 0.2223505 0.05734163 0.225918 0.05141264 0.2259942 0.05805152 0.6973673 0.1120979 0.7145344 0.1126201 0.7145344 0.2526419 0.6973673 0.1120979 0.7145344 0.2526419 0.6973673 0.2521198 0.2261521 0.06494885 0.2225165 0.06462532 0.2223505 0.05734163 0.2261521 0.06494885 0.2223505 0.05734163 0.2259942 0.05805152 0.01839679 0.3070358 0.02187454 0.3067032 0.02187454 0.3137466 0.01839679 0.3070358 0.02187454 0.3137466 0.01839679 0.3144209 0.7127918 0.08948302 0.7127918 0.09031164 0.7121952 0.09031164 0.7127918 0.08948302 0.7121952 0.09031164 0.7121952 0.08948302 0.02513623 0.2877476 0.02372539 0.2880759 0.02239638 0.2780668 0.02513623 0.2877476 0.02239638 0.2780668 0.02384495 0.2780214 0.6303042 0.3771148 0.6130241 0.3771148 0.6130262 0.3769393 0.6303042 0.3771148 0.6130262 0.3769393 0.6301812 0.3769393 0.4052407 0.2589189 0.4032161 0.2517753 0.4039478 0.2502424 0.4039478 0.2502424 0.4059374 0.2574677 0.4072756 0.26693 0.406277 0.2859041 0.4034842 0.2960088 0.4057433 0.2869707 0.406277 0.2859041 0.4057433 0.2869707 0.4066299 0.2682612 0.4052407 0.2589189 0.4039478 0.2502424 0.4072756 0.26693 0.4072756 0.26693 0.406277 0.2859041 0.4066299 0.2682612 0.4066299 0.2682612 0.4052407 0.2589189 0.4072756 0.26693 0.7016218 0.05002719 0.7022188 0.05002719 0.7022188 0.05085569 0.7016218 0.05002719 0.7022188 0.05085569 0.7016218 0.05085569 0.7925587 0.007918357 0.8000857 0.00778371 0.8000857 0.01542693 0.7925587 0.007918357 0.8000857 0.01542693 0.7925615 0.01556158 0.5538437 0.2185776 0.5538437 0.2107146 0.5610305 0.2109187 0.5538437 0.2185776 0.5610305 0.2109187 0.5610305 0.2187815 0.6764334 0.06962186 0.6687177 0.07490676 0.6664555 0.07163083 0.6764334 0.06962186 0.6664555 0.07163083 0.6741868 0.06633496 0.1573396 0.003201186 0.1572648 0.002118051 0.1669104 0.002118051 0.1573396 0.003201186 0.1669104 0.002118051 0.1669839 0.003201186 0.225918 0.04515177 0.225918 0.05141264 0.2222688 0.05033284 0.225918 0.04515177 0.2222688 0.05033284 0.2222688 0.04371839 0.4172424 0.4643939 0.4170792 0.4645571 0.4170792 0.4473995 0.4172424 0.4643939 0.4170792 0.4473995 0.4172424 0.4473995 0.665689 0.08677595 0.6582998 0.09205752 0.6558808 0.08887708 0.665689 0.08677595 0.6558808 0.08887708 0.6633485 0.08353823 0.6752365 0.1080605 0.6752365 0.09863662 0.6823744 0.09809535 0.6752365 0.1080605 0.6823744 0.09809535 0.6823744 0.1075167 0.4450728 0.2673937 0.4450728 0.3298655 0.4449068 0.3297365 0.4450728 0.2673937 0.4449068 0.3297365 0.4449068 0.2675146 0.4943735 0.1177155 0.499813 0.1191327 0.5058795 0.1216036 0.5058795 0.1216036 0.5115652 0.1248505 0.5167722 0.1288161 0.5167722 0.1288161 0.5214093 0.1334316 0.5253938 0.1386154 0.5253938 0.1386154 0.5286575 0.1442767 0.531142 0.1503165 0.531142 0.1503165 0.5328038 0.1566284 0.5336129 0.1631022 0.5336129 0.1631022 0.5335572 0.1696242 0.5327304 0.1754218 0.5327304 0.1754218 0.5553303 0.1799713 0.546982 0.2214897 0.546982 0.2214897 0.6287858 0.2379571 0.6265787 0.2489327 0.5303778 0.3040751 0.5229392 0.341075 0.4984559 0.3361462 0.4984559 0.3361462 0.4971993 0.3418789 0.4949528 0.3479921 0.4949528 0.3479921 0.4918931 0.3537566 0.4880732 0.3590703 0.4880732 0.3590703 0.483561 0.3638393 0.4784356 0.3679807 0.4784356 0.3679807 0.4727854 0.3714211 0.4667108 0.3741012 0.4667108 0.3741012 0.4603179 0.3759738 0.4537197 0.3770065 0.4537197 0.3770065 0.4470305 0.3771788 0.4423049 0.376691 0.4423049 0.376691 0.4288625 0.4435539 0.4105666 0.4398708 0.4105666 0.4398708 0.427353 0.3563744 0.4477499 0.3584803 0.4423049 0.376691 0.4105666 0.4398708 0.4477499 0.3584803 0.4667108 0.3741012 0.4537197 0.3770065 0.4423049 0.376691 0.4880732 0.3590703 0.4784356 0.3679807 0.4667108 0.3741012 0.4984559 0.3361462 0.4949528 0.3479921 0.4880732 0.3590703 0.4984559 0.3361462 0.4880732 0.3590703 0.4667108 0.3741012 0.4667108 0.3741012 0.4423049 0.376691 0.4477499 0.3584803 0.4667108 0.3741012 0.4477499 0.3584803 0.4520294 0.3583692 0.4667108 0.3741012 0.4520294 0.3583692 0.4562383 0.3577117 0.4667108 0.3741012 0.4562383 0.3577117 0.4602962 0.3565234 0.4667108 0.3741012 0.4602962 0.3565234 0.4641311 0.3548303 0.4667108 0.3741012 0.4641311 0.3548303 0.4676749 0.3526732 0.4984559 0.3361462 0.4667108 0.3741012 0.4676749 0.3526732 0.4984559 0.3361462 0.4676749 0.3526732 0.4708666 0.3500948 0.5303778 0.3040751 0.4984559 0.3361462 0.4708666 0.3500948 0.5303778 0.3040751 0.4708666 0.3500948 0.473657 0.3471447 0.531142 0.1503165 0.5336129 0.1631022 0.5327304 0.1754218 0.5167722 0.1288161 0.5253938 0.1386154 0.531142 0.1503165 0.4943735 0.1177155 0.5058795 0.1216036 0.5167722 0.1288161 0.2362403 0.02131843 0.2599853 0.02609866 0.255446 0.04867917 0.0354793 0.4574951 0.02803939 0.4455451 0.02328526 0.4348738 0.06462711 0.4814201 0.05393427 0.475592 0.0354793 0.4574951 0.1002846 0.4849225 0.08783346 0.4860917 0.06462711 0.4814201 0.1368886 0.4674568 0.124942 0.4755045 0.1002846 0.4849225 0.1470687 0.4533939 0.1458325 0.4595431 0.1368886 0.4674568 0.1254451 0.4526552 0.1287728 0.4497108 0.1470687 0.4533939 0.1162918 0.4588209 0.1254451 0.4526552 0.1470687 0.4533939 0.1470687 0.4533939 0.1368886 0.4674568 0.1002846 0.4849225 0.1002846 0.4849225 0.06462711 0.4814201 0.0354793 0.4574951 0.1002846 0.4849225 0.0354793 0.4574951 0.02328526 0.4348738 0.1162918 0.4588209 0.1470687 0.4533939 0.1002846 0.4849225 0.09600776 0.466568 0.1162918 0.4588209 0.1002846 0.4849225 0.08882212 0.4672432 0.09600776 0.466568 0.1002846 0.4849225 0.07107424 0.4636704 0.08882212 0.4672432 0.1002846 0.4849225 0.06514245 0.4604356 0.07107424 0.4636704 0.1002846 0.4849225 0.06514245 0.4604356 0.1002846 0.4849225 0.02328526 0.4348738 0.4943735 0.1177155 0.5167722 0.1288161 0.531142 0.1503165 0.4943735 0.1177155 0.531142 0.1503165 0.5327304 0.1754218 0.05013751 0.4457241 0.06514245 0.4604356 0.02328526 0.4348738 0.02446019 0.4160624 0.0364108 0.4184681 0.04456061 0.4367654 0.04456061 0.4367654 0.05013751 0.4457241 0.02328526 0.4348738 0.5303778 0.3040751 0.473657 0.3471447 0.4760042 0.3438799 0.5303778 0.3040751 0.4760042 0.3438799 0.4778754 0.3403553 0.04456061 0.4367654 0.02328526 0.4348738 0.002483129 0.4306861 0.02446019 0.4160624 0.04456061 0.4367654 0.002483129 0.4306861 0.02446019 0.4160624 0.002483129 0.4306861 0.05523025 0.1683369 0.1789076 0.0188679 0.1677293 0.02657437 0.1573235 0.02447968 0.1827656 0.01696676 0.1789076 0.0188679 0.1573235 0.02447968 0.07720601 0.1537149 0.02446019 0.4160624 0.05523025 0.1683369 0.4792434 0.3366327 0.4841553 0.3142198 0.5083246 0.319085 0.6588868 0.2744843 0.6046016 0.2635564 0.6068087 0.2525809 0.5333532 0.1945948 0.5117651 0.1902488 0.5149064 0.1682188 0.5333532 0.1945948 0.5149064 0.1682188 0.5149404 0.1641869 0.4778754 0.3403553 0.4792434 0.3366327 0.5083246 0.319085 0.5303778 0.3040751 0.4778754 0.3403553 0.5083246 0.319085 0.5333532 0.1945948 0.5149404 0.1641869 0.51444 0.1601821 0.5333532 0.1945948 0.51444 0.1601821 0.5134105 0.1562742 0.5303778 0.3040751 0.5083246 0.319085 0.5157631 0.2820853 0.07720601 0.1537149 0.05523025 0.1683369 0.002483129 0.1577185 0.02445882 0.1430967 0.07720601 0.1537149 0.002483129 0.1577185 0.6664668 0.3314706 0.5303778 0.3040751 0.5157631 0.2820853 0.6664668 0.3314706 0.5157631 0.2820853 0.6518508 0.3094806 0.02445882 0.1430967 0.002483129 0.1577185 0.02670806 0.03723168 0.04132276 0.0592215 0.02445882 0.1430967 0.02670806 0.03723168 0.04132276 0.0592215 0.02670806 0.03723168 0.1314843 0.05832386 0.1868602 0.01564663 0.1827656 0.01696676 0.1573235 0.02447968 0.1460977 0.08031314 0.04132276 0.0592215 0.1314843 0.05832386 0.6808639 0.2598606 0.6664668 0.3314706 0.6518508 0.3094806 0.6808639 0.2598606 0.6518508 0.3094806 0.6588868 0.2744843 0.6265787 0.2489327 0.6808639 0.2598606 0.6588868 0.2744843 0.6265787 0.2489327 0.6588868 0.2744843 0.6068087 0.2525809 0.546982 0.2214897 0.6265787 0.2489327 0.6068087 0.2525809 0.5333532 0.1945948 0.5134105 0.1562742 0.5118711 0.1525307 0.546982 0.2214897 0.6068087 0.2525809 0.5250062 0.2361134 0.1460977 0.08031314 0.1314843 0.05832386 0.1427102 0.002490341 0.1573235 0.02447968 0.1460977 0.08031314 0.1427102 0.002490341 0.546982 0.2214897 0.5250062 0.2361134 0.5333532 0.1945948 0.5327304 0.1754218 0.546982 0.2214897 0.5333532 0.1945948 0.4943735 0.1177155 0.5327304 0.1754218 0.5333532 0.1945948 0.4943735 0.1177155 0.5333532 0.1945948 0.5118711 0.1525307 0.1868602 0.01564663 0.1573235 0.02447968 0.1427102 0.002490341 0.191103 0.01493573 0.1868602 0.01564663 0.1427102 0.002490341 0.4943735 0.1177155 0.5118711 0.1525307 0.5098463 0.1490178 0.4943735 0.1177155 0.5098463 0.1490178 0.5073713 0.1457972 0.195403 0.01484912 0.191103 0.01493573 0.1427102 0.002490341 0.1996703 0.0153883 0.195403 0.01484912 0.1427102 0.002490341 0.4943735 0.1177155 0.5073713 0.1457972 0.504487 0.1429262 0.4943735 0.1177155 0.504487 0.1429262 0.5012436 0.1404569 0.1996703 0.0153883 0.1427102 0.002490341 0.2362403 0.02131843 0.2038152 0.01654243 0.1996703 0.0153883 0.2362403 0.02131843 0.2077466 0.0182864 0.2038152 0.01654243 0.2362403 0.02131843 0.2113844 0.02058351 0.2077466 0.0182864 0.2362403 0.02131843 0.2113844 0.02058351 0.2362403 0.02131843 0.255446 0.04867917 0.2146494 0.02338504 0.2113844 0.02058351 0.255446 0.04867917 0.4943735 0.1177155 0.5012436 0.1404569 0.4976997 0.1384334 0.4939179 0.1368927 0.472599 0.1313376 0.4764434 0.1122146 0.4943735 0.1177155 0.4976997 0.1384334 0.4939179 0.1368927 0.2174739 0.02663135 0.2146494 0.02338504 0.255446 0.04867917 0.2380108 0.04072254 0.2248036 0.03806388 0.2174739 0.02663135 0.4943735 0.1177155 0.4939179 0.1368927 0.4764434 0.1122146 0.2380108 0.04072254 0.2174739 0.02663135 0.255446 0.04867917 0.4984205 0.0975911 0.4943735 0.1177155 0.4764434 0.1122146 0.2334702 0.06330305 0.2380108 0.04072254 0.255446 0.04867917 0.255446 0.04867917 0.4984205 0.0975911 0.4764434 0.1122146 0.4764434 0.1122146 0.2334702 0.06330305 0.255446 0.04867917 0.03842085 0.199642 0.0384202 0.2184981 0.03629148 0.2182573 0.03842085 0.199642 0.03629148 0.2182573 0.03629148 0.1995236 0.8060818 0.1437821 0.8131237 0.1432021 0.8131237 0.1666418 0.8060818 0.1437821 0.8131237 0.1666418 0.8060818 0.1672217 0.1287907 0.3454614 0.1287907 0.3262136 0.1296197 0.3262136 0.1287907 0.3454614 0.1296197 0.3262136 0.1296197 0.3454614 0.4634886 0.1187798 0.4635757 0.1249992 0.4460209 0.1247021 0.4634886 0.1187798 0.4460209 0.1247021 0.4459365 0.118482 0.521617 0.0835036 0.5215246 0.07555568 0.5253778 0.07620775 0.521617 0.0835036 0.5253778 0.07620775 0.525465 0.08388233 0.8128512 0.1772601 0.8128512 0.1827731 0.8057079 0.1832245 0.8128512 0.1772601 0.8057079 0.1832245 0.8057079 0.1777089 0.4974998 0.06493818 0.4974998 0.06411004 0.4980971 0.06410932 0.4974998 0.06493818 0.4980971 0.06410932 0.4980971 0.06493794 0.434499 0.1142132 0.4349017 0.1180852 0.427682 0.1174247 0.434499 0.1142132 0.427682 0.1174247 0.42742 0.1135655 0.04835921 0.08114403 0.05747067 0.08104199 0.05747067 0.1170237 0.04835921 0.08114403 0.05747067 0.1170237 0.04835921 0.1171258 0.5997822 0.1714829 0.5921354 0.1714448 0.5921348 0.1627551 0.5997822 0.1714829 0.5921348 0.1627551 0.5997822 0.1627905 0.7272856 0.4198412 0.7270992 0.4198432 0.7270992 0.4030439 0.7272856 0.4198412 0.7270992 0.4030439 0.7272856 0.4028522 0.6333951 0.09986227 0.6335094 0.09422963 0.6372865 0.09534746 0.6333951 0.09986227 0.6372865 0.09534746 0.6371667 0.1012166 0.6709823 0.07819634 0.6633485 0.08353823 0.6610358 0.08028411 0.6709823 0.07819634 0.6610358 0.08028411 0.6687177 0.07490676 0.4417405 0.122561 0.4418618 0.1264705 0.4351788 0.1258785 0.4417405 0.122561 0.4351788 0.1258785 0.4351284 0.1219756 0.5741587 0.2222633 0.5657044 0.2222633 0.5661008 0.2183747 0.5741587 0.2222633 0.5661008 0.2183747 0.574309 0.2183747 0.05344712 0.2952132 0.05460369 0.2952132 0.05460369 0.4156093 0.05344712 0.2952132 0.05460369 0.4156093 0.05344712 0.4156065 0.7877617 0.01723253 0.7860184 0.01721453 0.7860184 0.01462829 0.7877617 0.01723253 0.7860184 0.01462829 0.7877617 0.01411294 0.3284312 0.101519 0.3282768 0.09229606 0.3517165 0.09229606 0.3284312 0.101519 0.3517165 0.09229606 0.3518708 0.101519 0.1195023 0.4279854 0.0817666 0.4279239 0.0817666 0.07821011 0.1195023 0.4279854 0.0817666 0.07821011 0.1195023 0.0782715 0.2653223 0.02268791 0.271641 0.02275431 0.2710726 0.02636039 0.2653223 0.02268791 0.2710726 0.02636039 0.2644002 0.02628827 0.6728161 0.09629034 0.6658527 0.1012693 0.6632932 0.0982604 0.6728161 0.09629034 0.6632932 0.0982604 0.670429 0.09316146 0.5033151 0.230455 0.51094 0.2307188 0.51094 0.2470414 0.5033151 0.230455 0.51094 0.2470414 0.5033151 0.2467772 0.07174313 0.07256627 0.07174313 0.1091411 0.06995934 0.109379 0.07174313 0.07256627 0.06995934 0.109379 0.06995934 0.07256436 0.4983806 0.2932108 0.496192 0.2933849 0.4962661 0.2841676 0.4983806 0.2932108 0.4962661 0.2841676 0.498454 0.2840561 0.7255399 0.03518384 0.7216842 0.03524225 0.7216889 0.02831745 0.7255399 0.03518384 0.7216889 0.02831745 0.725544 0.02819257 0.4972956 0.07639467 0.4972004 0.08478617 0.4932056 0.08466589 0.4972956 0.07639467 0.4932056 0.08466589 0.4932981 0.07632708 0.2222688 0.04371839 0.2222688 0.05033284 0.2185407 0.04936188 0.2222688 0.04371839 0.2185407 0.04936188 0.2185407 0.04242652 0.05981808 0.1297577 0.05981808 0.1289296 0.06041437 0.1289288 0.05981808 0.1297577 0.06041437 0.1289288 0.06041437 0.1297574 0.2781034 0.01944029 0.2839677 0.01934325 0.2839438 0.02263414 0.2781034 0.01944029 0.2839438 0.02263414 0.278153 0.02273124 0.6970434 0.05617296 0.69691 0.06410646 0.6929097 0.06449127 0.6970434 0.05617296 0.6929097 0.06449127 0.6930458 0.05640006 0.5492683 0.1126153 0.5492683 0.1120179 0.5500964 0.1120179 0.5492683 0.1126153 0.5500964 0.1120179 0.5500964 0.1126153 0.07416212 0.208891 0.074368 0.1991071 0.07578563 0.199264 0.07416212 0.208891 0.07578563 0.199264 0.07559746 0.2083044 0.6453589 0.08916997 0.6453589 0.08407658 0.6474938 0.08430671 0.6453589 0.08916997 0.6474938 0.08430671 0.6474938 0.08916962 0.5492626 0.08781075 0.5570367 0.08781075 0.5570003 0.09180831 0.5492626 0.08781075 0.5570003 0.09180831 0.5492756 0.09180831 0.1326092 0.08385539 0.1326093 0.3194988 0.1237297 0.3195232 0.1326092 0.08385539 0.1237297 0.3195232 0.1237297 0.08387982 0.6930495 0.1397476 0.6930495 0.1482468 0.6890655 0.148149 0.6930495 0.1397476 0.6890655 0.148149 0.6890655 0.1396714 0.5492756 0.09180831 0.5570003 0.09180831 0.5571048 0.09581941 0.5492756 0.09180831 0.5571048 0.09581941 0.5494621 0.09581941 0.04435706 0.1337167 0.06096214 0.1337167 0.06096184 0.1339206 0.04435706 0.1337167 0.06096184 0.1339206 0.04415291 0.1339206 0.4449006 0.340304 0.4641497 0.340304 0.4641497 0.3411327 0.4449006 0.340304 0.4641497 0.3411327 0.4449006 0.3411327 0.470852 0.06727159 0.4723836 0.06713294 0.4723836 0.08619844 0.470852 0.06727159 0.4723836 0.08619844 0.470852 0.08603799 0.1368368 0.08391606 0.1452401 0.08417403 0.1452867 0.3187295 0.1368368 0.08391606 0.1452867 0.3187295 0.1368807 0.3184743 0.8055943 0.002119183 0.8127866 0.00211513 0.8127866 0.1408612 0.8055943 0.002119183 0.8127866 0.1408612 0.8055943 0.140864 0.581076 0.2221952 0.5741587 0.2222633 0.574309 0.2183747 0.581076 0.2221952 0.574309 0.2183747 0.5811015 0.2183066 0.9565942 0.04786515 0.9539689 0.0512731 0.9442077 0.06071341 0.9442077 0.06071341 0.9442077 0.002495408 0.9539689 0.01193428 0.9539689 0.01193428 0.9565942 0.01534223 0.9586964 0.01909542 0.9586964 0.01909542 0.9602305 0.02311527 0.9611642 0.02731335 0.9611642 0.02731335 0.9614775 0.03160369 0.9611642 0.03589415 0.9611642 0.03589415 0.9602305 0.04009211 0.9586964 0.04411196 0.9586964 0.04411196 0.9565942 0.04786515 0.9442077 0.06071341 0.9442077 0.06071341 0.9539689 0.01193428 0.9586964 0.01909542 0.9586964 0.01909542 0.9611642 0.02731335 0.9611642 0.03589415 0.9611642 0.03589415 0.9586964 0.04411196 0.9442077 0.06071341 0.9442077 0.06071341 0.9586964 0.01909542 0.9611642 0.03589415 0.598816 0.4169934 0.5796145 0.4169934 0.5796131 0.4163965 0.598816 0.4169934 0.5796131 0.4163965 0.598816 0.4163965 0.5382084 0.2481858 0.5308624 0.2482239 0.5302395 0.2445202 0.5382084 0.2481858 0.5302395 0.2445202 0.5379393 0.2444794 0.6890655 0.1396714 0.6890655 0.148149 0.6850707 0.1481626 0.6890655 0.1396714 0.6850707 0.1481626 0.6850707 0.1397367 0.1000542 0.4338988 0.08085268 0.4338988 0.08085125 0.4333022 0.1000542 0.4338988 0.08085125 0.4333022 0.1000542 0.4333022 0.9605652 0.04962795 0.9650102 0.04809749 0.9648418 0.05214244 0.9605652 0.04962795 0.9648418 0.05214244 0.9602704 0.05371433 0.7178071 0.05316501 0.7270478 0.05290156 0.7270478 0.08847445 0.7178071 0.05316501 0.7270478 0.08847445 0.7178071 0.08873826 0.4313527 0.3524019 0.431354 0.3515733 0.4505201 0.3515733 0.4313527 0.3524019 0.4505201 0.3515733 0.4505188 0.3524019 0.5519453 0.4169939 0.5327437 0.4169939 0.5327424 0.4163966 0.5519453 0.4169939 0.5327424 0.4163966 0.5519453 0.4163966 0.04396146 0.1341137 0.04389917 0.06975722 0.04409068 0.06994354 0.04396146 0.1341137 0.04409068 0.06994354 0.04415291 0.1339206 0.4762322 0.2839745 0.4778765 0.283999 0.4778765 0.3161956 0.4762322 0.2839745 0.4778765 0.3161956 0.4762322 0.317448 0.67655 0.1707137 0.6764576 0.163008 0.6804119 0.1634761 0.67655 0.1707137 0.6804119 0.1634761 0.6805058 0.171371 0.6472495 0.07880067 0.6464214 0.07880067 0.6464207 0.07820481 0.6472495 0.07880067 0.6464207 0.07820481 0.6472492 0.07820481 0.6404426 0.1457392 0.6404426 0.1238824 0.6482581 0.1242551 0.6404426 0.1457392 0.6482581 0.1242551 0.6482581 0.1461117 0.2186237 0.03958487 0.2186237 0.0387566 0.21922 0.03875589 0.2186237 0.03958487 0.21922 0.03875589 0.21922 0.03958451 0.4701076 0.3130364 0.4701076 0.3028563 0.4716914 0.3032044 0.4701076 0.3130364 0.4716914 0.3032044 0.4716914 0.3131248 0.4765992 0.2642126 0.4769279 0.2674509 0.4704924 0.2674509 0.4765992 0.2642126 0.4704924 0.2674509 0.4702605 0.2642126 0.7222124 0.2530268 0.7222124 0.1130063 0.7276154 0.1133653 0.7276154 0.1133653 0.7276154 0.2533872 0.7273269 0.2533681 0.7276154 0.1133653 0.7273269 0.2533681 0.7222124 0.2530268 0.5987799 0.2052595 0.5977319 0.1976037 0.5985739 0.2000401 0.5992829 0.1970627 0.6005714 0.2064824 0.5989549 0.2065434 0.5987799 0.2052595 0.5977319 0.1976037 0.5977103 0.1974405 0.5992829 0.1970627 0.5989549 0.2065434 0.5987799 0.2052595 0.5987799 0.2052595 0.5977103 0.1974405 0.5992829 0.1970627 0.4450533 0.2600153 0.4450533 0.1404013 0.4802856 0.1402204 0.4450533 0.2600153 0.4802856 0.1402204 0.4798311 0.2598345 0.6799341 0.09131109 0.6728161 0.09629034 0.670429 0.09316146 0.6799341 0.09131109 0.670429 0.09316146 0.6777236 0.08805686 0.3534927 0.5955203 0.3534546 0.6789661 0.002120435 0.6789661 0.002120435 0.6789661 0.002191185 0.5234867 0.3883601 0.5234867 0.3883601 0.5234867 0.4164934 0.5595036 0.4164744 0.5955203 0.3534927 0.5955203 0.002120435 0.6789661 0.3883601 0.5234867 0.3534927 0.5955203 0.3883601 0.5234867 0.4164744 0.5955203 0.6470897 0.1153156 0.6429107 0.1186331 0.6398217 0.116025 0.6470897 0.1153156 0.6398217 0.116025 0.644065 0.1126556 0.1442585 0.4469273 0.1442585 0.4277258 0.1448554 0.4277244 0.1442585 0.4469273 0.1448554 0.4277244 0.1448554 0.4469273 0.9656765 0.02747803 0.9656765 0.03710871 0.9656765 0.03710597 0.6340895 0.2398064 0.6553283 0.2251066 0.655409 0.2397944 0.5956514 0.2895789 0.6028206 0.2895789 0.6028968 0.2937393 0.5956514 0.2895789 0.6028968 0.2937393 0.5957276 0.2937393 0.6668968 0.428264 0.6476939 0.428264 0.6476926 0.4276674 0.6668968 0.428264 0.6476926 0.4276674 0.6668968 0.4276674 0.7381369 0.02466392 0.7381369 0.02549242 0.7375399 0.02549242 0.7381369 0.02466392 0.7375399 0.02549242 0.7375399 0.02466392 0.5549384 0.1043987 0.5493363 0.1043972 0.5504419 0.1007525 0.5549384 0.1043987 0.5504419 0.1007525 0.5563571 0.1007538 0.6582666 0.07159441 0.6406937 0.07216471 0.6405681 0.06570905 0.6582666 0.07159441 0.6405681 0.06570905 0.658141 0.06513875 0.4531649 0.06700378 0.4528793 0.08459126 0.4465886 0.08473008 0.4531649 0.06700378 0.4465886 0.08473008 0.4468742 0.06714254 0.2246549 0.07379573 0.2238417 0.07181793 0.2328686 0.07181793 0.2246549 0.07379573 0.2328686 0.07181793 0.2333173 0.07379573 0.5418863 0.284133 0.6039514 0.284133 0.6039242 0.2843371 0.5418863 0.284133 0.6039242 0.2843371 0.5419135 0.2843371 0.4407958 0.1957734 0.4407958 0.1852968 0.4407958 0.1852996 0.6741868 0.06633496 0.6818153 0.06122159 0.684046 0.06451934 0.6741868 0.06633496 0.684046 0.06451934 0.6764334 0.06962186 0.4073348 0.2872304 0.4034842 0.2960088 0.4057433 0.2869707 0.07719224 0.2135999 0.07719224 0.3517084 0.06930595 0.3521123 0.07719224 0.2135999 0.06930595 0.3521123 0.06930595 0.2140038 0.05353528 0.4220298 0.05353528 0.441283 0.05293864 0.441283 0.05353528 0.4220298 0.05293864 0.441283 0.05293864 0.4220298 0.3781685 0.3797501 0.3781671 0.3805791 0.3590023 0.3805791 0.3781685 0.3797501 0.3590023 0.3805791 0.3590037 0.3797501 0.5418115 0.2847289 0.5418863 0.2845411 0.6039514 0.2845411 0.5418115 0.2847289 0.6039514 0.2845411 0.6040329 0.2847289 0.5572135 0.08383768 0.5655863 0.08397924 0.5653918 0.08795225 0.5572135 0.08383768 0.5653918 0.08795225 0.5570367 0.08781075 0.4848611 0.4220324 0.5041144 0.4220324 0.5041144 0.422629 0.4848611 0.4220324 0.5041144 0.422629 0.4848611 0.422629 0.582955 0.3238996 0.577925 0.3238996 0.5778459 0.3216621 0.582955 0.3238996 0.5778459 0.3216621 0.5829547 0.3216621 0.6502259 0.1178365 0.6558439 0.1135155 0.6588953 0.1160448 0.6502259 0.1178365 0.6588953 0.1160448 0.65347 0.1202186 0.5727524 0.1184875 0.5727524 0.1176594 0.5733484 0.1176587 0.5727524 0.1184875 0.5733484 0.1176587 0.5733484 0.1184872 0.7981083 0.4422498 0.7981083 0.4594074 0.7979479 0.4594074 0.7981083 0.4422498 0.7979479 0.4594074 0.7979479 0.4421253 0.5758306 0.1603794 0.5758306 0.1687685 0.5718929 0.168278 0.5758306 0.1603794 0.5718929 0.168278 0.5718929 0.1600911 0.7294268 0.02810508 0.725544 0.02819257 0.7255318 0.01948624 0.7294268 0.02810508 0.7255318 0.01948624 0.7294138 0.0193051 0.04374969 0.3877335 0.04374969 0.3684857 0.04457902 0.3684857 0.04374969 0.3877335 0.04457902 0.3684857 0.04457902 0.3877335 0.0113309 0.5042536 0.0113309 0.4392818 0.01150244 0.4394048 0.0113309 0.5042536 0.01150244 0.4394048 0.01150244 0.5041272 0.4769279 0.2674509 0.4780219 0.2708335 0.4712254 0.2708335 0.4769279 0.2674509 0.4712254 0.2708335 0.4704924 0.2674509 0.9080709 0.4634361 0.907909 0.4635986 0.907909 0.4473908 0.9080709 0.4634361 0.907909 0.4473908 0.9080709 0.4473912 0.1389162 0.3543878 0.1397448 0.3543893 0.1397448 0.3735554 0.1389162 0.3543878 0.1397448 0.3735554 0.1389162 0.3735541 0.6832749 0.04495227 0.6832749 0.05191218 0.6792719 0.05144643 0.6832749 0.04495227 0.6792719 0.05144643 0.6792719 0.04459095 0.1382384 0.4243757 0.1382384 0.4051197 0.1388343 0.405121 0.1382384 0.4243757 0.1388343 0.405121 0.1388343 0.4243757 0.4932056 0.05848228 0.4932981 0.06754839 0.4893032 0.06746709 0.4932056 0.05848228 0.4893032 0.06746709 0.489208 0.05849766 0.6303817 0.3773094 0.6130234 0.3773094 0.6130241 0.3771148 0.6303817 0.3773094 0.6130241 0.3771148 0.6303042 0.3771148 0.5297095 0.1078186 0.5333614 0.1065632 0.5333505 0.1132944 0.5297095 0.1078186 0.5333505 0.1132944 0.5297013 0.1143183 0.002119243 0.05566465 0.01833117 0.05568027 0.01832842 0.05584788 0.002119243 0.05566465 0.01832842 0.05584788 0.002279818 0.05583238 0.5778442 0.3205783 0.5829525 0.3205783 0.5829547 0.3216621 0.5778442 0.3205783 0.5829547 0.3216621 0.5778459 0.3216621 0.7222124 0.1130063 0.7222124 0.2530268 0.7145344 0.2526419 0.7222124 0.1130063 0.7145344 0.2526419 0.7145344 0.1126201 0.5628473 0.1561191 0.5641735 0.1603919 0.5646106 0.1625078 0.5627529 0.1535162 0.5628307 0.1538916 0.5628473 0.1561191 0.5771559 0.1867246 0.582045 0.1919411 0.582045 0.2033995 0.582045 0.2033995 0.5769344 0.203394 0.5680384 0.1939048 0.5680384 0.1939048 0.5616169 0.1848262 0.5534171 0.1659184 0.5534171 0.1659184 0.5510905 0.1546559 0.5510868 0.133934 0.5510868 0.133934 0.5533905 0.1226034 0.5615159 0.1032958 0.5615159 0.1032958 0.5678291 0.09393441 0.5767113 0.08384943 0.5767113 0.08384943 0.582045 0.08385491 0.582045 0.093472 0.5767113 0.08384943 0.582045 0.093472 0.5771403 0.09913456 0.5510868 0.133934 0.5615159 0.1032958 0.5767113 0.08384943 0.5680384 0.1939048 0.5534171 0.1659184 0.5510868 0.133934 0.5771559 0.1867246 0.582045 0.2033995 0.5680384 0.1939048 0.5718759 0.1792616 0.5771559 0.1867246 0.5680384 0.1939048 0.5510868 0.133934 0.5767113 0.08384943 0.5771403 0.09913456 0.5510868 0.133934 0.5771403 0.09913456 0.5718631 0.1070926 0.5718759 0.1792616 0.5680384 0.1939048 0.5510868 0.133934 0.5646106 0.1625078 0.5718759 0.1792616 0.5510868 0.133934 0.5510868 0.133934 0.5718631 0.1070926 0.5646041 0.1246296 0.5510868 0.133934 0.5646041 0.1246296 0.5626552 0.1304417 0.5628473 0.1561191 0.5646106 0.1625078 0.5510868 0.133934 0.5510868 0.133934 0.5626552 0.1304417 0.5627529 0.1535162 0.5628473 0.1561191 0.5510868 0.133934 0.5627529 0.1535162 0.5427889 0.3777605 0.5427902 0.3769319 0.5619565 0.3769319 0.5427889 0.3777605 0.5619565 0.3769319 0.5619551 0.3777605 0.6512064 0.09724336 0.6582998 0.09205752 0.6607739 0.09518891 0.6512064 0.09724336 0.6607739 0.09518891 0.6537858 0.1002957 0.07530319 0.07258462 0.07530319 0.1080266 0.07352894 0.1086889 0.07530319 0.07258462 0.07352894 0.1086889 0.07352894 0.07257318 0.4385159 0.3424267 0.4385159 0.2053967 0.4406668 0.208119 0.4385159 0.3424267 0.4406668 0.208119 0.4406668 0.3424335 0.6708769 0.2121374 0.6708033 0.2208516 0.66874 0.220483 0.6708769 0.2121374 0.66874 0.220483 0.6688155 0.2114657 0.489208 0.05849766 0.4893032 0.06746709 0.4853166 0.06731653 0.489208 0.05849766 0.4853166 0.06731653 0.4852241 0.05848133 0.002377212 0.0183354 0.1291931 0.01833546 0.1289864 0.02719151 0.002377212 0.0183354 0.1289864 0.02719151 0.002170503 0.02719151 0.6492962 0.4226251 0.6492977 0.4220284 0.6685522 0.4220284 0.6492962 0.4226251 0.6685522 0.4220284 0.6685522 0.4226251 0.00854355 0.3291841 0.007855832 0.327753 0.009179413 0.32888 0.6766669 0.315632 0.6766669 0.3248955 0.6744763 0.3247378 0.6766669 0.315632 0.6744763 0.3247378 0.6744763 0.3152878 0.9646477 0.04239904 0.9646477 0.0415709 0.9652439 0.04157018 0.9646477 0.04239904 0.9652439 0.04157018 0.9652439 0.04239869 0.5160785 0.1241316 0.5160785 0.1233035 0.5166751 0.1233021 0.5160785 0.1241316 0.5166751 0.1233021 0.5166751 0.1241316 0.4418115 0.9264968 0.4418115 0.9341443 0.002117514 0.9341443 0.4418115 0.9264968 0.002117514 0.9341443 0.002117514 0.9264968 0.003042161 0.002110362 0.1298595 0.002110421 0.1294869 0.009925782 0.003042161 0.002110362 0.1294869 0.009925782 0.002669513 0.009925723 0.01121938 0.2921842 0.002116739 0.2923379 0.002116739 0.1657652 0.01121938 0.2921842 0.002116739 0.1657652 0.01121938 0.1656117 0.2777577 0.002248466 0.283622 0.002148807 0.2839677 0.01934325 0.2777577 0.002248466 0.2839677 0.01934325 0.2781034 0.01944029 0.9699386 0.002106964 0.995679 0.002107977 0.995679 0.3533314 0.9699386 0.002106964 0.995679 0.3533314 0.9699386 0.3533303 0.0393278 0.1007587 0.0393278 0.1198066 0.03708952 0.119793 0.0393278 0.1007587 0.03708952 0.119793 0.03708952 0.1007778 0.02011752 0.5049291 0.02011752 0.4421446 0.02027738 0.4423119 0.02011752 0.5049291 0.02027738 0.4423119 0.02027738 0.5047714 0.4116644 0.1082846 0.4115604 0.104549 0.4192171 0.1052848 0.4116644 0.1082846 0.4192171 0.1052848 0.4195504 0.1090419 0.6754913 0.08478087 0.6680511 0.08998644 0.665689 0.08677595 0.6754913 0.08478087 0.665689 0.08677595 0.673241 0.08149135 0.1243358 0.4023 0.1243358 0.4215533 0.1237391 0.4215533 0.1243358 0.4023 0.1237391 0.4215533 0.1237391 0.4023 0.7372248 0.03511852 0.7333196 0.03512191 0.7333233 0.02805465 0.7372248 0.03511852 0.7333233 0.02805465 0.7372282 0.02804172 0.4198817 0.1205613 0.419883 0.1166918 0.427682 0.1174247 0.4198817 0.1205613 0.427682 0.1174247 0.4277997 0.1213051 0.05558848 0.1269778 0.04840284 0.1269778 0.04843276 0.1232932 0.05558848 0.1269778 0.04843276 0.1232932 0.05562114 0.1232931 0.2776263 0.03375959 0.2701101 0.03378474 0.2705615 0.03003996 0.2776263 0.03375959 0.2705615 0.03003996 0.2777783 0.03001457 0.2328686 0.07181793 0.232515 0.0697512 0.24158 0.0698933 0.2328686 0.07181793 0.24158 0.0698933 0.2418302 0.07195883 0.01421898 0.06894922 0.01427072 0.07628238 0.01044458 0.07706975 0.01421898 0.06894922 0.01044458 0.07706975 0.0103929 0.0694307 0.5418115 0.2839439 0.6040329 0.2839439 0.6039514 0.284133 0.5418115 0.2839439 0.6039514 0.284133 0.5418863 0.284133 0.6333541 0.118492 0.6333541 0.1176638 0.6339507 0.1176631 0.6333541 0.118492 0.6339507 0.1176631 0.6339507 0.1184916 0.4916102 0.3777608 0.4723625 0.3777608 0.4723625 0.3769318 0.4916102 0.3777608 0.4723625 0.3769318 0.4916102 0.3769318 0.7640219 0.03112661 0.7640219 0.03029847 0.7646192 0.03029775 0.7640219 0.03112661 0.7646192 0.03029775 0.7646192 0.03112626 0.6784828 0.370734 0.6776538 0.3707327 0.6776538 0.3515678 0.6784828 0.370734 0.6776538 0.3515678 0.6784828 0.3515692 0.06499034 0.07597833 0.04858386 0.07597965 0.04858386 0.07577568 0.06499034 0.07597833 0.04858386 0.07577568 0.06519407 0.07577437 0.362591 0.06692647 0.3631883 0.06692647 0.3631883 0.06775498 0.362591 0.06692647 0.3631883 0.06775498 0.362591 0.06775498 0.1795022 0.02627688 0.1999073 0.02616733 0.1998475 0.02821856 0.1795022 0.02627688 0.1998475 0.02821856 0.1796015 0.02832663 0.4998488 0.313222 0.4929488 0.313222 0.4937525 0.3093034 0.4998488 0.313222 0.4937525 0.3093034 0.5008579 0.3093033 0.6535205 0.08565568 0.6610358 0.08028411 0.6633485 0.08353823 0.6535205 0.08565568 0.6633485 0.08353823 0.6558808 0.08887708 0.6829618 0.07966232 0.6754913 0.08478087 0.673241 0.08149135 0.6829618 0.07966232 0.673241 0.08149135 0.680827 0.07629364 0.3682419 0.06753337 0.3674138 0.06753337 0.3674131 0.06693613 0.3682419 0.06753337 0.3674131 0.06693613 0.3682416 0.06693613 0.95828 0.01008218 0.9582896 0.006103157 0.9655146 0.006103157 0.95828 0.01008218 0.9655146 0.006103157 0.9655146 0.01008218 0.7558703 0.03593212 0.7564677 0.03593212 0.7564677 0.03676062 0.7558703 0.03593212 0.7564677 0.03676062 0.7558703 0.03676062 0.5170335 0.3633279 0.5170335 0.3459404 0.5172377 0.3459404 0.5170335 0.3633279 0.5172377 0.3459404 0.5172377 0.3633008 0.9202483 0.4450594 0.9202483 0.462217 0.9200878 0.462217 0.9202483 0.4450594 0.9200878 0.462217 0.9200878 0.444935 0.5879068 0.1749509 0.5802288 0.174566 0.5802288 0.1036849 0.5879068 0.1749509 0.5802288 0.1036849 0.5879068 0.1040697 0.687503 0.05367344 0.687503 0.05284529 0.6881004 0.05284458 0.687503 0.05367344 0.6881004 0.05284458 0.6881004 0.05367308 0.007881104 0.3276864 0.007878959 0.327682 0.007994472 0.3273172 0.01019752 0.08963346 0.01019752 0.09647095 0.006515622 0.09710264 0.01019752 0.08963346 0.006515622 0.09710264 0.006515622 0.08988165 0.6724604 0.03781807 0.6731936 0.03624242 0.6731937 0.0362454 0.5755562 0.1278327 0.5704219 0.1283006 0.5704219 0.1211448 0.5755562 0.1278327 0.5704219 0.1211448 0.5755562 0.1206797 0.561252 0.0922954 0.5618487 0.0922954 0.5618487 0.09312403 0.561252 0.0922954 0.5618487 0.09312403 0.561252 0.09312403 0.6335393 0.07174092 0.6333981 0.06448167 0.6370301 0.06506413 0.6335393 0.07174092 0.6370301 0.06506413 0.6371639 0.07193809 0.6222455 0.4169928 0.603044 0.4169928 0.6030426 0.4163958 0.6222455 0.4169928 0.6030426 0.4163958 0.6222455 0.4163958 0.7484787 0.4447599 0.7322757 0.4447599 0.7322736 0.4445732 0.7484787 0.4447599 0.7322736 0.4445732 0.7486657 0.4445732 0.5033642 0.1884946 0.509186 0.1957099 0.5033642 0.2244197 0.6731937 0.0362454 0.6731956 0.03781521 0.6724604 0.03781807 0.4351788 0.1258785 0.4350515 0.1297793 0.4275969 0.1290973 0.4351788 0.1258785 0.4275969 0.1290973 0.4277704 0.1252012 0.419883 0.1166918 0.4197729 0.1128475 0.42742 0.1135655 0.419883 0.1166918 0.42742 0.1135655 0.427682 0.1174247 0.02019542 0.04670393 0.01263862 0.04676103 0.0132057 0.04277706 0.02019542 0.04670393 0.0132057 0.04277706 0.02061504 0.04272544 0.06480085 0.07617002 0.04858416 0.07617002 0.04858386 0.07597965 0.06480085 0.07617002 0.04858386 0.07597965 0.06499034 0.07597833 0.7230875 0.3797618 0.7236843 0.3797618 0.7236843 0.399015 0.7230875 0.3797618 0.7236843 0.399015 0.7230875 0.399015 0.0772686 0.1894311 0.07578563 0.199264 0.074368 0.1991071 0.0772686 0.1894311 0.074368 0.1991071 0.07588362 0.1890494 0.5775506 0.3968444 0.5125795 0.3968444 0.5127032 0.3966717 0.5775506 0.3968444 0.5127032 0.3966717 0.5774241 0.3966717 0.470409 0.3326418 0.4701076 0.3130364 0.4716914 0.3131248 0.470409 0.3326418 0.4716914 0.3131248 0.4719886 0.3324678 0.6764334 0.06962186 0.684046 0.06451934 0.6862132 0.06787431 0.6764334 0.06962186 0.6862132 0.06787431 0.6786481 0.07294684 0.2238417 0.07181793 0.223178 0.0697512 0.232515 0.0697512 0.2238417 0.07181793 0.232515 0.0697512 0.2328686 0.07181793 0.1338196 0.3797588 0.1346486 0.3797603 0.1346486 0.3989251 0.1338196 0.3797588 0.1346486 0.3989251 0.1338196 0.3989237 0.1609838 0.03043043 0.175519 0.03043043 0.175519 0.03043586 0.1609838 0.03043043 0.175519 0.03043586 0.1609838 0.03043586 0.6557115 0.141512 0.652497 0.1416928 0.652497 0.1347336 0.6557115 0.141512 0.652497 0.1347336 0.6557115 0.1349764 0.4036313 0.3674427 0.4272772 0.1329882 0.4347481 0.1336716 0.4036313 0.3674427 0.4347481 0.1336716 0.4111023 0.3681262 0.1280659 0.04027038 0.07115304 0.04027038 0.07114148 0.03311067 0.1280659 0.04027038 0.07114148 0.03311067 0.1280543 0.03311067 0.5079309 0.3966663 0.5080079 0.39685 0.442879 0.39685 0.5079309 0.3966663 0.442879 0.39685 0.442959 0.3966663 0.002936959 0.1295274 0.002108812 0.1295274 0.002107441 0.1289308 0.002936959 0.1295274 0.002107441 0.1289308 0.002936959 0.1289308 0.07588362 0.1890494 0.074368 0.1991071 0.07305347 0.19896 0.07588362 0.1890494 0.07305347 0.19896 0.07460159 0.1886925 0.1436681 0.4051188 0.1436681 0.424372 0.1430714 0.424372 0.1436681 0.4051188 0.1430714 0.424372 0.1430714 0.4051188 0.07679784 0.1390802 0.06962454 0.1390721 0.06962454 0.1148524 0.07679784 0.1390802 0.06962454 0.1148524 0.07679784 0.1148607 0.6935226 0.3825756 0.693526 0.389768 0.445809 0.389768 0.6935226 0.3825756 0.445809 0.389768 0.4458057 0.3825756 0.1550669 0.08616816 0.1532171 0.08646738 0.152915 0.06805455 0.1550669 0.08616816 0.152915 0.06805455 0.154762 0.06756496 0.5150827 0.3777611 0.4958348 0.3777611 0.4958348 0.3769318 0.5150827 0.3777611 0.4958348 0.3769318 0.5150827 0.3769318 0.498454 0.3028007 0.4962667 0.3031678 0.496192 0.2933849 0.498454 0.3028007 0.496192 0.2933849 0.4983806 0.2932108 0.00692898 0.501457 0.00692898 0.4364858 0.007101774 0.4366082 0.00692898 0.501457 0.007101774 0.4366082 0.007101833 0.5013305 0.9602704 0.05371433 0.9648418 0.05214244 0.9648578 0.05618947 0.9602704 0.05371433 0.9648578 0.05618947 0.9601736 0.05780261 0.6751136 0.1443066 0.6899022 0.160351 0.6881029 0.1618124 0.6722125 0.1445732 0.6892261 0.1189604 0.6903272 0.1201554 0.6751136 0.1443066 0.6881029 0.1618124 0.6722125 0.1445732 0.6751136 0.1443066 0.6722125 0.1445732 0.6903272 0.1201554 0.436738 0.4276674 0.4559911 0.4276674 0.4559911 0.4282633 0.436738 0.4276674 0.4559911 0.4282633 0.436738 0.4282633 0.002108454 0.3961856 0.002108395 0.3769379 0.002937376 0.3769379 0.002108454 0.3961856 0.002937376 0.3769379 0.002937436 0.3961856 0.6708033 0.2208516 0.6708769 0.2296909 0.6688142 0.2294338 0.6708033 0.2208516 0.6688142 0.2294338 0.66874 0.220483 0.46801 0.1289301 0.46801 0.1320102 0.46801 0.1317642 0.748767 0.008333504 0.7486982 0.005113661 0.7488377 0.005108654 0.7332676 0.005818724 0.7332676 0.004990577 0.7338643 0.004989922 0.7332676 0.005818724 0.7338643 0.004989922 0.7338643 0.005818367 0.5922999 0.1560442 0.5922999 0.002116262 0.6291288 0.002151668 0.5922999 0.1560442 0.6291288 0.002151668 0.6291288 0.1560795 0.5215921 0.2267628 0.506879 0.2267566 0.5215938 0.2053858 0.5318403 0.4226224 0.5318403 0.4220257 0.5510934 0.4220257 0.5318403 0.4226224 0.5510934 0.4220257 0.5510934 0.4226224 0.5083523 0.4220307 0.5276069 0.4220307 0.5276069 0.4226273 0.5083523 0.4220307 0.5276069 0.4226273 0.508351 0.4226273 0.06975495 0.3763784 0.06892597 0.3763771 0.06892597 0.3572122 0.06975495 0.3763784 0.06892597 0.3572122 0.06975495 0.3572136 0.644065 0.1126556 0.6499947 0.1080948 0.6528756 0.1108636 0.644065 0.1126556 0.6528756 0.1108636 0.6470897 0.1153156 0.4919674 0.2839374 0.4919674 0.3005365 0.4891537 0.3005409 0.4919674 0.2839374 0.4891537 0.3005409 0.4891537 0.2839422 0.00651127 0.1100365 0.00651127 0.1092083 0.007107198 0.1092076 0.00651127 0.1100365 0.007107198 0.1092076 0.007107198 0.1100358 0.5328858 0.07113611 0.5328858 0.07781112 0.5291659 0.0769602 0.5328858 0.07113611 0.5291659 0.0769602 0.5291659 0.0699619 0.5853598 0.3769319 0.5853583 0.3777605 0.5661935 0.3777605 0.5853598 0.3769319 0.5661935 0.3777605 0.5661949 0.3769319 0.01572906 0.4393057 0.01589107 0.4394267 0.01589107 0.5016482 0.01572906 0.4393057 0.01589107 0.5016482 0.01572906 0.5017774 0.2863831 0.8194072 0.6367695 0.8194072 0.6368704 0.9028874 0.2863831 0.8194072 0.6368704 0.9028874 0.286484 0.9028874 0.07559746 0.2083044 0.0766524 0.2092732 0.07570278 0.2103036 0.07559746 0.2083044 0.07570278 0.2103036 0.07416212 0.208891 0.1396928 0.3989248 0.1388638 0.3989235 0.1388638 0.3797586 0.1396928 0.3989248 0.1388638 0.3797586 0.1396928 0.3797599 0.7922247 0.4447475 0.7750669 0.4447475 0.7749425 0.4445801 0.7922247 0.4447475 0.7749425 0.4445801 0.7922247 0.4445801 0.7274434 0.4198378 0.7272856 0.4198412 0.7272856 0.4028522 0.7274434 0.4198378 0.7272856 0.4028522 0.7274434 0.4026862 0.06539785 0.07557171 0.04858386 0.07557171 0.04858416 0.07538264 0.06539785 0.07557171 0.04858416 0.07538264 0.06558769 0.07538264 0.6734441 0.1357634 0.669667 0.1368325 0.669667 0.1304246 0.6734441 0.1357634 0.669667 0.1304246 0.6734441 0.1295102 0.6499947 0.1080948 0.6564412 0.1032691 0.6591669 0.1061552 0.6499947 0.1080948 0.6591669 0.1061552 0.6528756 0.1108636 0.04060465 0.1997154 0.04060465 0.2186653 0.0384202 0.2184981 0.04060465 0.1997154 0.0384202 0.2184981 0.03842085 0.199642 0.4187572 0.1716755 0.4147215 0.1716755 0.4147215 0.1289397 0.4187572 0.1716755 0.4147215 0.1289397 0.4187572 0.1289397 0.7016113 0.0448606 0.7016113 0.002111256 0.7310294 0.002124905 0.3240314 0.08665895 0.3240232 0.1013542 0.2178679 0.1013543 0.3240314 0.08665895 0.2178679 0.1013543 0.2178733 0.08665901 0.7080256 0.09552496 0.7248256 0.09552496 0.7248236 0.09571808 0.7080256 0.09552496 0.7248236 0.09571808 0.7078346 0.09571808 0.3161205 0.385596 0.2540553 0.385596 0.2540838 0.3853918 0.3161205 0.385596 0.2540838 0.3853918 0.3160946 0.3853918 0.633361 0.01657801 0.6627817 0.05918264 0.6335385 0.05921167 0.633361 0.01657801 0.6335385 0.05921167 0.6333517 0.05921185 0.2705481 0.01620483 0.2705442 0.02023768 0.2413349 0.02023768 0.2705481 0.01620483 0.2413349 0.02023768 0.2413389 0.01620483 0.5759584 0.1320002 0.5759584 0.1554847 0.5672582 0.1552814 0.5759584 0.1320002 0.5672582 0.1552814 0.5672582 0.1317969 0.5067201 0.3431156 0.5075491 0.3431156 0.5075491 0.3623633 0.5067201 0.3431156 0.5075491 0.3623633 0.5067201 0.3623633 0.2839233 0.0336548 0.2776263 0.03375959 0.2777783 0.03001457 0.2839233 0.0336548 0.2777783 0.03001457 0.283923 0.02991235 0.4843677 0.2517205 0.5137702 0.2517205 0.499069 0.2517205 0.1713093 0.005973517 0.1713148 0.002114713 0.1926813 0.002114713 0.1713093 0.005973517 0.1926813 0.002114713 0.1926758 0.005973517 0.3765923 0.07078796 0.3765066 0.06692922 0.3963596 0.06692922 0.3765923 0.07078796 0.3963596 0.06692922 0.3964452 0.07078796 0.04463696 0.3623289 0.04380798 0.3623276 0.04380798 0.3431627 0.04463696 0.3623289 0.04380798 0.3431627 0.04463696 0.3431641 0.4040376 0.3994854 0.4040376 0.4187386 0.4034402 0.4187386 0.4040376 0.3994854 0.4034402 0.4187386 0.4034402 0.3994854 0.002112209 0.1232956 0.002940714 0.1232956 0.002940714 0.1238926 0.002112209 0.1232956 0.002940714 0.1238926 0.002112209 0.1238926 0.007994472 0.3273172 0.01001578 0.32094 0.01158356 0.3212997 0.01158356 0.3212997 0.009179413 0.32888 0.007855832 0.327753 0.007878959 0.327682 0.007994472 0.3273172 0.01158356 0.3212997 0.01158356 0.3212997 0.007855832 0.327753 0.007878959 0.327682 0.5566865 0.208816 0.5566872 0.194103 0.5780634 0.2088096 0.7082296 0.09532088 0.7248256 0.09532088 0.7248256 0.09552496 0.7082296 0.09532088 0.7248256 0.09552496 0.7080256 0.09552496 0.6333553 0.1553449 0.6333552 0.1514807 0.6480636 0.1514807 0.6333553 0.1553449 0.6480636 0.1514807 0.6480635 0.1553449 0.6499681 0.4163965 0.669171 0.4163965 0.669171 0.4169939 0.6499681 0.4163965 0.669171 0.4169939 0.6499695 0.4169939 0.6537347 0.2482455 0.674987 0.2335548 0.6750522 0.2482455 0.817633 0.4154447 0.817633 0.002245128 0.9245595 0.002116024 0.817633 0.4154447 0.9245595 0.002116024 0.9245595 0.4153155 0.525465 0.08388233 0.5253778 0.07620775 0.5291659 0.0769602 0.525465 0.08388233 0.5291659 0.0769602 0.5292502 0.08432734 0.2863851 0.8126587 0.28639 0.6897584 0.7005766 0.6897584 0.2863851 0.8126587 0.7005766 0.6897584 0.7005715 0.8126587 0.7533497 0.0315442 0.7533116 0.002114534 0.7959467 0.002114593 0.8992344 0.8015025 0.8992344 0.4220296 0.8992344 0.5474599 0.104287 0.4525082 0.104287 0.4333067 0.1048835 0.4333054 0.104287 0.4525082 0.1048835 0.4333054 0.1048835 0.4525082 0.6933845 0.3454548 0.6933845 0.3262069 0.6942138 0.3262069 0.6933845 0.3454548 0.6942138 0.3262069 0.6942138 0.3454548 0.4843677 0.2517205 0.4844957 0.1458479 0.4991971 0.1458479 0.4843677 0.2517205 0.4991971 0.1458479 0.499069 0.2517205 0.8127478 0.1713392 0.8128512 0.1772601 0.8057079 0.1777089 0.8127478 0.1713392 0.8057079 0.1777089 0.8056045 0.1717907 0.4331861 0.08102798 0.4331861 0.08185648 0.4325891 0.08185648 0.4331861 0.08102798 0.4325891 0.08185648 0.4325891 0.08102798 0.6456824 0.4169937 0.6264808 0.4169937 0.6264795 0.4163964 0.6456824 0.4169937 0.6264795 0.4163964 0.6456824 0.4163964 0.692946 0.1318576 0.6930495 0.1397476 0.6890655 0.1396714 0.692946 0.1318576 0.6890655 0.1396714 0.6889648 0.131795 0.9651908 0.01620388 0.9651908 0.02039372 0.9633268 0.0199579 0.9651908 0.01620388 0.9633268 0.0199579 0.9633268 0.01620459 0.6626605 0.1685714 0.6626836 0.1819123 0.6491372 0.1817494 0.6626605 0.1685714 0.6491372 0.1817494 0.6491134 0.1684082 0.9954007 0.9310566 0.9954007 0.5178559 0.9954007 0.8682408 0.7456104 0.03757643 0.7386528 0.003435194 0.7432715 0.002495527 0.7127457 0.04907429 0.7132158 0.05160498 0.7136675 0.06118947 0.7136675 0.06118947 0.7107701 0.07952612 0.7073222 0.08871489 0.7073222 0.08871489 0.6973882 0.1045997 0.690594 0.1118002 0.690594 0.1118002 0.6751924 0.1227704 0.6662591 0.1268134 0.690594 0.1118002 0.6662591 0.1268134 0.66328 0.1277231 0.7127457 0.04907429 0.7136675 0.06118947 0.7073222 0.08871489 0.7456104 0.03757643 0.7432715 0.002495527 0.7511699 0.04125356 0.4120967 0.492784 0.416716 0.4918429 0.4422354 0.6170678 0.7456104 0.03757643 0.7511699 0.04125356 0.7127457 0.04907429 0.4385576 0.6226257 0.4120967 0.492784 0.4422354 0.6170678 0.7072658 0.04538083 0.7456104 0.03757643 0.7127457 0.04907429 0.70864 0.0521245 0.7072658 0.04538083 0.7127457 0.04907429 0.7511699 0.5589954 0.4385576 0.6226257 0.4422354 0.6170678 0.7511699 0.5589954 0.4422354 0.6170678 0.7456104 0.5553196 0.66328 0.1277231 0.7511699 0.5589954 0.7456104 0.5553196 0.7089366 0.06092971 0.70864 0.0521245 0.7127457 0.04907429 0.66328 0.1277231 0.7456104 0.5553196 0.6578069 0.1244702 0.66328 0.1277231 0.6578069 0.1244702 0.664591 0.1223964 0.7089366 0.06092971 0.7127457 0.04907429 0.7073222 0.08871489 0.7061889 0.07831722 0.7089366 0.06092971 0.7073222 0.08871489 0.690594 0.1118002 0.66328 0.1277231 0.664591 0.1223964 0.690594 0.1118002 0.664591 0.1223964 0.6728295 0.1186662 0.7030751 0.08661931 0.7061889 0.07831722 0.7073222 0.08871489 0.693639 0.1017072 0.7030751 0.08661931 0.7073222 0.08871489 0.690594 0.1118002 0.6728295 0.1186662 0.6874822 0.1082319 0.6874822 0.1082319 0.693639 0.1017072 0.7073222 0.08871489 0.7073222 0.08871489 0.690594 0.1118002 0.6874822 0.1082319 0.7703859 0.4447517 0.7531059 0.4447517 0.7531045 0.4445708 0.7703859 0.4447517 0.7531045 0.4445708 0.7704626 0.4445708 0.4663262 0.1373851 0.4663235 0.1384708 0.445588 0.1384708 0.4663262 0.1373851 0.445588 0.1384708 0.4455907 0.1373851 0.8949311 0.8071558 0.894931 0.4220286 0.8949311 0.5392451 0.8076743 0.6141225 0.8076743 0.606955 0.8076743 0.3109719 0.8076743 0.3109719 0.8076743 0.1937554 0.8133999 0.1937484 0.8133999 0.6840872 0.5332297 0.6844257 0.5332297 0.6072865 0.5332297 0.6072865 0.7890038 0.6069775 0.7890038 0.6141449 0.8076743 0.6141225 0.8076743 0.3109719 0.8133999 0.1937484 0.8133999 0.6840872 0.5332297 0.6072865 0.7890038 0.6141449 0.8076743 0.6141225 0.8133999 0.1937484 0.8133999 0.6840872 0.7890038 0.6141449 0.8076743 0.6141225 0.8133999 0.6840872 0.04396146 0.1341137 0.06095981 0.1341137 0.06095707 0.134281 0.04396146 0.1341137 0.06095707 0.134281 0.04379576 0.134281 0.4974477 0.05930417 0.4974477 0.05847603 0.4980436 0.0584746 0.4974477 0.05930417 0.4980436 0.0584746 0.4980436 0.05930417 0.4382397 0.08161842 0.4374116 0.08161842 0.4374108 0.08102184 0.4382397 0.08161842 0.4374108 0.08102184 0.4382393 0.08102184 0.503413 0.1544721 0.5084147 0.1548884 0.5084147 0.1720854 0.503413 0.1544721 0.5084147 0.1720854 0.503413 0.1716693 0.5019119 0.1035681 0.5091043 0.1035952 0.5091043 0.1156847 0.5019119 0.1035681 0.5091043 0.1156847 0.5019119 0.1156575 0.5058654 0.2697743 0.5058654 0.2585865 0.5130251 0.2585757 0.5058654 0.2697743 0.5130251 0.2585757 0.5130251 0.2697635 0.9911317 0.3602508 0.9911318 0.781755 0.9699332 0.7815456 0.9911317 0.3602508 0.9699332 0.7815456 0.9699331 0.3600442 0.4788929 0.08924609 0.4766301 0.08924943 0.4766301 0.06190079 0.4788929 0.08924609 0.4766301 0.06190079 0.4788929 0.06011432 0.5234968 0.05316233 0.292579 0.05316227 0.292662 0.0021196 0.588077 0.00211966 0.5879539 0.07764828 0.5435517 0.07764828 0.588077 0.00211966 0.5435517 0.07764828 0.5435715 0.06540524 0.5234968 0.05316233 0.292662 0.0021196 0.588077 0.00211966 0.5234968 0.05316233 0.588077 0.00211966 0.5435715 0.06540524 0.5498603 0.3270354 0.5306112 0.3270354 0.5306112 0.3262068 0.5498603 0.3270354 0.5306112 0.3262068 0.5498603 0.3262068 0.06366467 0.1458486 0.05457109 0.1458486 0.0584712 0.1458486 0.4034397 0.4662599 0.4034397 0.4502173 0.4035906 0.4502149 0.4034397 0.4662599 0.4035906 0.4502149 0.4035906 0.4661327 0.6287125 0.3966689 0.6479658 0.3966689 0.6479658 0.3972663 0.6287125 0.3966689 0.6479658 0.3972663 0.6287125 0.3972663 0.01044458 0.07706975 0.01060241 0.08432757 0.006727337 0.08527398 0.01044458 0.07706975 0.006727337 0.08527398 0.00656408 0.07775795 0.4093032 0.3933656 0.4084742 0.3933656 0.4084742 0.3741177 0.4093032 0.3933656 0.4084742 0.3741177 0.4093032 0.3741177 0.2451024 0.3915237 0.3992088 0.3913376 0.3992088 0.5167689 0.1512529 0.5170686 0.1512529 0.1038689 0.3992087 0.1035693 0.3992087 0.1035693 0.3992088 0.374892 0.2648329 0.3750545 0.3992087 0.1035693 0.2648329 0.3750545 0.2621157 0.3758181 0.2451024 0.3915237 0.3992088 0.5167689 0.1512529 0.5170686 0.2454058 0.3897668 0.2451024 0.3915237 0.1512529 0.5170686 0.3992087 0.1035693 0.2621157 0.3758181 0.2595319 0.3767268 0.3992087 0.1035693 0.2595319 0.3767268 0.2571018 0.3777721 0.2459854 0.3880336 0.2454058 0.3897668 0.1512529 0.5170686 0.2468385 0.3863391 0.2459854 0.3880336 0.1512529 0.5170686 0.3992087 0.1035693 0.2571018 0.3777721 0.2548486 0.3789454 0.3992087 0.1035693 0.2548486 0.3789454 0.25279 0.3802364 0.2468385 0.3863391 0.1512529 0.5170686 0.3992087 0.1035693 0.2479569 0.3846984 0.2468385 0.3863391 0.3992087 0.1035693 0.3992087 0.1035693 0.25279 0.3802364 0.2509449 0.3816336 0.2493284 0.3831252 0.2479569 0.3846984 0.3992087 0.1035693 0.3992087 0.1035693 0.2509449 0.3816336 0.2493284 0.3831252 0.532599 0.12694 0.532599 0.1261118 0.533195 0.1261112 0.532599 0.12694 0.533195 0.1261112 0.533195 0.1269397 0.6903271 0.4282591 0.6711255 0.4282591 0.6711242 0.4276619 0.6903271 0.4282591 0.6711242 0.4276619 0.6903271 0.4276619 0.9287872 0.4145174 0.9287872 0.002110779 0.9399811 0.002128958 0.9399811 0.06482166 0.9657174 0.06486368 0.9657174 0.4145775 0.9287872 0.4145174 0.9399811 0.002128958 0.9399811 0.06482166 0.9399811 0.06482166 0.9657174 0.4145775 0.9287872 0.4145174 0.5140084 0.2036311 0.5033642 0.2244197 0.509186 0.1957099 0.07704818 0.07260036 0.07704818 0.107159 0.07530319 0.1080266 0.07704818 0.07260036 0.07530319 0.1080266 0.07530319 0.07258462 0.6472104 0.1052168 0.6537858 0.1002957 0.6564412 0.1032691 0.6472104 0.1052168 0.6564412 0.1032691 0.6499947 0.1080948 0.9621056 0.4358114 0.9621056 0.7066131 0.9390759 0.7065764 0.9390759 0.7065764 0.9252704 0.6728907 0.9252704 0.4193376 0.9390759 0.7065764 0.9252704 0.4193376 0.9255106 0.4210905 0.9408733 0.4357773 0.9621056 0.4358114 0.9390759 0.7065764 0.938725 0.4350144 0.9408733 0.4357773 0.9390759 0.7065764 0.9390759 0.7065764 0.9255106 0.4210905 0.9259698 0.4228217 0.9390759 0.7065764 0.9259698 0.4228217 0.9266443 0.424512 0.9366815 0.4341074 0.938725 0.4350144 0.9390759 0.7065764 0.9347603 0.4330643 0.9366815 0.4341074 0.9390759 0.7065764 0.9390759 0.7065764 0.9266443 0.424512 0.927528 0.4261506 0.9390759 0.7065764 0.927528 0.4261506 0.9286137 0.42772 0.932978 0.4318921 0.9347603 0.4330643 0.9390759 0.7065764 0.9313506 0.4306043 0.932978 0.4318921 0.9390759 0.7065764 0.9390759 0.7065764 0.9286137 0.42772 0.9298915 0.4292091 0.9390759 0.7065764 0.9298915 0.4292091 0.9313506 0.4306043 0.5215246 0.07555568 0.5215246 0.06800568 0.5253778 0.06891751 0.5215246 0.07555568 0.5253778 0.06891751 0.5253778 0.07620775 0.8032359 0.4364954 0.8033978 0.4366164 0.8033978 0.498838 0.8032359 0.4364954 0.8033978 0.498838 0.8032359 0.4989672 0.6929097 0.07201957 0.6930458 0.07885372 0.6890347 0.07931673 0.6929097 0.07201957 0.6890347 0.07931673 0.6888959 0.07237863 0.6137323 0.2912736 0.6087544 0.2916844 0.6087544 0.2845286 0.6137323 0.2912736 0.6087544 0.2845286 0.6137323 0.2841207 0.05986207 0.1241253 0.05986207 0.1232972 0.06045883 0.1232965 0.05986207 0.1241253 0.06045883 0.1232965 0.06045883 0.124125 0.0488739 0.4083058 0.0488739 0.3462414 0.04907798 0.3462685 0.0488739 0.4083058 0.04907798 0.3462685 0.04907798 0.4082799 0.1339082 0.4472917 0.1337177 0.4474815 0.1337177 0.4304873 0.1339082 0.4472917 0.1337177 0.4304873 0.1339082 0.430487 0.2645695 0.04152762 0.271735 0.04182589 0.271745 0.04791003 0.2645695 0.04152762 0.271745 0.04791003 0.2645795 0.04760926 0.5016683 0.362371 0.5016683 0.3431219 0.5024968 0.3431219 0.5016683 0.362371 0.5024968 0.3431219 0.5024968 0.362371 0.680827 0.07629364 0.673241 0.08149135 0.6709823 0.07819634 0.680827 0.07629364 0.6709823 0.07819634 0.6786481 0.07294684 0.4809613 0.05848282 0.4788929 0.06011432 0.3345983 0.06011432 0.4809613 0.05848282 0.3345983 0.06011432 0.3346092 0.05848282 0.6827185 0.3515741 0.683547 0.3515754 0.683547 0.3707416 0.6827185 0.3515741 0.683547 0.3707416 0.6827185 0.3707402 0.2292652 0.04535847 0.2292652 0.0515241 0.225918 0.05141264 0.2292652 0.04535847 0.225918 0.05141264 0.225918 0.04515177 0.4034294 0.3741145 0.4042584 0.3741145 0.4042584 0.3933623 0.4034294 0.3741145 0.4042584 0.3933623 0.4034294 0.3933623 0.4893311 0.3103105 0.4821428 0.3103105 0.4821156 0.3064871 0.4893311 0.3103105 0.4821156 0.3064871 0.4893012 0.3064871 0.7028278 0.2868276 0.700608 0.2868303 0.700608 0.2756221 0.7028278 0.2868276 0.700608 0.2756221 0.7028278 0.2755542 0.4155533 0.1238883 0.4147251 0.1238883 0.4147244 0.1232918 0.4155533 0.1238883 0.4147244 0.1232918 0.415553 0.1232918 0.1447364 0.3797547 0.1447364 0.3989196 0.1439076 0.3989183 0.1447364 0.3797547 0.1439076 0.3989183 0.1439076 0.3797534 0.69422 0.3515692 0.69422 0.3707354 0.6933913 0.370734 0.69422 0.3515692 0.6933913 0.370734 0.6933913 0.3515679 0.4325523 0.271732 0.4325523 0.2642383 0.4341851 0.2642224 0.4325523 0.271732 0.4341851 0.2642224 0.4341851 0.271716 0.5083332 0.2843671 0.5083332 0.2915363 0.5026934 0.2912209 0.5083332 0.2843671 0.5026934 0.2912209 0.5026934 0.2840543</float_array>
          <technique_common>
            <accessor source="#Oblasna-Philharmonic_op_h_op_l_l_002-mesh-map-0-array" count="14124" stride="2">
              <param name="S" type="float"/>
              <param name="T" type="float"/>
            </accessor>
          </technique_common>
        </source>
        <vertices id="Oblasna-Philharmonic_op_h_op_l_l_002-mesh-vertices">
          <input semantic="POSITION" source="#Oblasna-Philharmonic_op_h_op_l_l_002-mesh-positions"/>
        </vertices>
        <triangles material="f166c327-7a4b-4309-b46e-1586976a1326-material" count="1666">
          <input semantic="VERTEX" source="#Oblasna-Philharmonic_op_h_op_l_l_002-mesh-vertices" offset="0"/>
          <input semantic="NORMAL" source="#Oblasna-Philharmonic_op_h_op_l_l_002-mesh-normals" offset="1"/>
          <input semantic="TEXCOORD" source="#Oblasna-Philharmonic_op_h_op_l_l_002-mesh-map-0" offset="2" set="0"/>
          <p>2649 0 0 2657 0 1 2658 0 2 2658 0 3 2659 0 4 2655 0 5 2658 0 6 2655 0 7 2649 0 8 1463 1 9 1489 1 10 1488 1 11 1463 2 12 1488 2 13 1460 2 14 320 3 15 321 3 16 117 3 17 320 4 18 117 4 19 120 4 20 418 5 21 415 5 22 465 5 23 418 6 24 465 6 25 463 6 26 1417 7 27 1422 7 28 1421 7 29 1417 7 30 1421 7 31 1419 7 32 2557 8 33 2583 8 34 2582 8 35 2557 9 36 2582 9 37 2581 9 38 38 10 39 20 10 40 29 10 41 23 10 42 37 10 43 38 10 44 29 11 45 23 11 46 38 11 47 1606 7 48 1613 7 49 1611 7 50 1606 7 51 1611 7 52 1607 7 53 106 7 54 2665 7 55 2667 7 56 2666 7 57 2669 7 58 2695 7 59 106 7 60 2667 7 61 2666 7 62 2666 7 63 2695 7 64 106 7 65 2596 0 66 2598 0 67 2593 0 68 2596 0 69 2593 0 70 2595 0 71 1653 12 72 1661 12 73 1646 12 74 1653 12 75 1646 12 76 1649 12 77 42 7 78 40 7 79 39 7 80 42 7 81 39 7 82 44 7 83 853 12 84 855 12 85 862 12 86 853 12 87 862 12 88 849 12 89 1585 10 90 1581 10 91 1582 10 92 1585 10 93 1582 10 94 1583 10 95 2239 13 96 2238 13 97 2256 13 98 2239 14 99 2256 14 100 2255 14 101 2288 15 102 2290 15 103 2289 15 104 2288 16 105 2289 16 106 2287 16 107 2321 17 108 2357 17 109 2356 17 110 2321 18 111 2356 18 112 2318 18 113 1269 19 114 1268 19 115 1279 19 116 1269 20 117 1279 20 118 1277 20 119 1810 21 120 1811 21 121 1840 21 122 1810 22 123 1840 22 124 1839 22 125 1933 12 126 1938 12 127 1928 12 128 1933 12 129 1928 12 130 1931 12 131 2187 10 132 2189 10 133 2190 10 134 2187 10 135 2190 10 136 2196 10 137 1220 23 138 1257 23 139 1256 23 140 1220 24 141 1256 24 142 1218 24 143 677 25 144 701 25 145 700 25 146 677 26 147 700 26 148 674 26 149 1703 10 150 1705 10 151 1701 10 152 1703 10 153 1701 10 154 1702 10 155 2222 27 156 2223 27 157 2221 27 158 2222 28 159 2221 28 160 2220 28 161 1402 0 162 1408 0 163 1407 0 164 1402 0 165 1407 0 166 1405 0 167 1051 12 168 1055 12 169 1049 12 170 1051 12 171 1049 12 172 1050 12 173 1372 7 174 1377 7 175 1376 7 176 1372 7 177 1376 7 178 1373 7 179 2158 29 180 2159 29 181 2179 29 182 2158 30 183 2179 30 184 2178 30 185 864 7 186 877 7 187 875 7 188 864 7 189 875 7 190 867 7 191 660 31 192 589 31 193 587 31 194 660 32 195 587 32 196 659 32 197 227 33 198 228 33 199 224 33 200 227 33 201 224 33 202 223 33 203 79 10 204 80 10 205 81 10 206 79 10 207 81 10 208 98 10 209 2266 34 210 2275 34 211 2274 34 212 2266 35 213 2274 35 214 2270 35 215 51 36 216 49 36 217 64 36 218 51 37 219 64 37 220 62 37 221 1623 0 222 1628 0 223 1627 0 224 1623 0 225 1627 0 226 1625 0 227 513 38 228 514 38 229 519 38 230 512 39 231 511 39 232 505 39 233 513 40 234 519 40 235 512 40 236 513 41 237 512 41 238 505 41 239 502 42 240 503 42 241 371 42 242 502 43 243 371 43 244 369 43 245 1768 44 246 1769 44 247 1767 44 248 1768 45 249 1767 45 250 1765 45 251 582 46 252 584 46 253 580 46 254 582 47 255 580 47 256 579 47 257 2458 48 258 2459 48 259 2457 48 260 2458 49 261 2457 49 262 2438 49 263 2175 50 264 2176 50 265 2172 50 266 2175 51 267 2172 51 268 2171 51 269 848 7 270 859 7 271 858 7 272 848 7 273 858 7 274 852 7 275 2050 10 276 2056 10 277 2059 10 278 2050 10 279 2059 10 280 2049 10 281 73 52 282 76 52 283 78 52 284 73 52 285 78 52 286 97 52 287 68 52 288 70 52 289 72 52 290 72 53 291 73 53 292 97 53 293 96 52 294 95 52 295 57 52 296 58 52 297 59 52 298 60 52 299 96 52 300 57 52 301 58 52 302 72 52 303 97 52 304 96 52 305 66 54 306 68 54 307 72 54 308 63 55 309 65 55 310 66 55 311 60 52 312 61 52 313 63 52 314 96 56 315 58 56 316 60 56 317 66 52 318 72 52 319 96 52 320 60 52 321 63 52 322 66 52 323 96 57 324 60 57 325 66 57 326 89 7 327 90 7 328 94 7 329 6 58 330 7 58 331 4 58 332 6 59 333 4 59 334 5 59 335 322 60 336 114 60 337 117 60 338 322 61 339 117 61 340 321 61 341 652 62 342 653 62 343 651 62 344 652 63 345 651 63 346 650 63 347 984 7 348 981 7 349 974 7 350 984 7 351 974 7 352 972 7 353 2299 64 354 2300 64 355 2297 64 356 2299 65 357 2297 65 358 2298 65 359 1778 66 360 1803 66 361 1802 66 362 1778 67 363 1802 67 364 1780 67 365 2571 68 366 2483 68 367 2481 68 368 2571 69 369 2481 69 370 2573 69 371 326 70 372 472 70 373 471 70 374 326 71 375 471 71 376 324 71 377 2508 72 378 2510 72 379 2540 72 380 2508 73 381 2540 73 382 2539 73 383 1535 33 384 1538 33 385 1540 33 386 1535 33 387 1540 33 388 1533 33 389 2625 0 390 2626 0 391 2653 0 392 2630 0 393 2634 0 394 2617 0 395 2625 0 396 2653 0 397 2630 0 398 2621 0 399 2624 0 400 2623 0 401 2625 74 402 2630 74 403 2617 74 404 2622 0 405 2621 0 406 2623 0 407 2623 75 408 2625 75 409 2617 75 410 2617 0 411 2587 0 412 2589 0 413 2601 0 414 2612 0 415 2620 0 416 2617 76 417 2589 76 418 2601 76 419 2622 77 420 2623 77 421 2617 77 422 2601 0 423 2620 0 424 2619 0 425 2619 78 426 2622 78 427 2617 78 428 2617 79 429 2601 79 430 2619 79 431 883 10 432 888 10 433 890 10 434 883 10 435 890 10 436 881 10 437 2277 80 438 2279 80 439 2391 80 440 2277 81 441 2391 81 442 2390 81 443 2693 33 444 2694 33 445 2668 33 446 2693 33 447 2668 33 448 2670 33 449 2102 82 450 2104 82 451 2101 82 452 2102 83 453 2101 83 454 2100 83 455 1240 84 456 1267 84 457 1266 84 458 1240 85 459 1266 85 460 1237 85 461 1700 12 462 1704 12 463 1698 12 464 1700 12 465 1698 12 466 1699 12 467 2121 86 468 2122 86 469 2120 86 470 2121 87 471 2120 87 472 2118 87 473 1863 10 474 1870 10 475 1871 10 476 1863 10 477 1871 10 478 1862 10 479 150 52 480 148 52 481 143 52 482 143 88 483 141 88 484 137 88 485 137 52 486 133 52 487 131 52 488 131 52 489 155 52 490 134 52 491 134 89 492 136 89 493 139 89 494 139 90 495 145 90 496 147 90 497 147 52 498 150 52 499 143 52 500 143 52 501 137 52 502 131 52 503 131 52 504 134 52 505 139 52 506 139 91 507 147 91 508 143 91 509 143 52 510 131 52 511 139 52 512 182 7 513 185 7 514 184 7 515 182 7 516 184 7 517 183 7 518 1671 7 519 1669 7 520 1667 7 521 1671 7 522 1667 7 523 1672 7 524 1008 12 525 1018 12 526 1004 12 527 1008 12 528 1004 12 529 1006 12 530 2385 92 531 2402 92 532 2401 92 533 2385 93 534 2401 93 535 2384 93 536 1708 0 537 1712 0 538 1710 0 539 1708 0 540 1710 0 541 1709 0 542 2433 94 543 2435 94 544 2431 94 545 2433 95 546 2431 95 547 2430 95 548 1193 96 549 1229 96 550 1227 96 551 1193 97 552 1227 97 553 1192 97 554 157 7 555 132 7 556 158 7 557 1692 12 558 1697 12 559 1687 12 560 1692 12 561 1687 12 562 1690 12 563 1727 33 564 1728 33 565 1729 33 566 1727 33 567 1729 33 568 1726 33 569 2260 98 570 2385 98 571 2384 98 572 2260 99 573 2384 99 574 2259 99 575 2246 100 576 2249 100 577 2248 100 578 2246 101 579 2248 101 580 2247 101 581 2450 102 582 2451 102 583 2518 102 584 2450 103 585 2518 103 586 2517 103 587 16 10 588 19 10 589 17 10 590 16 10 591 17 10 592 18 10 593 632 104 594 633 104 595 631 104 596 632 105 597 631 105 598 630 105 599 75 33 600 77 33 601 74 33 602 75 33 603 74 33 604 45 33 605 0 106 606 3 106 607 1 106 608 0 107 609 1 107 610 2 107 611 2042 12 612 2043 12 613 2046 12 614 2042 12 615 2046 12 616 2040 12 617 2052 33 618 2054 33 619 2057 33 620 2052 33 621 2057 33 622 2051 33 623 586 108 624 588 108 625 590 108 626 586 109 627 590 109 628 668 109 629 705 110 630 722 110 631 721 110 632 705 111 633 721 111 634 704 111 635 1485 112 636 1486 112 637 1510 112 638 1485 113 639 1510 113 640 1509 113 641 625 114 642 685 114 643 684 114 644 625 115 645 684 115 646 622 115 647 772 116 648 770 116 649 776 116 650 2528 117 651 2548 117 652 2546 117 653 2528 118 654 2546 118 655 2526 118 656 401 119 657 402 119 658 399 119 659 401 120 660 399 120 661 325 120 662 189 121 663 191 121 664 190 121 665 189 121 666 190 121 667 188 121 668 1029 52 669 1046 52 670 1043 52 671 1029 52 672 1043 52 673 1040 52 674 2250 122 675 2246 122 676 2243 122 677 2250 123 678 2243 123 679 2241 123 680 658 124 681 585 124 682 581 124 683 658 125 684 581 125 685 657 125 686 903 7 687 896 7 688 893 7 689 903 7 690 893 7 691 906 7 692 46 126 693 71 126 694 69 126 695 46 127 696 69 127 697 47 127 698 628 128 699 629 128 700 686 128 701 628 129 702 686 129 703 685 129 704 2555 130 705 2560 130 706 2559 130 707 2555 131 708 2559 131 709 2556 131 710 2208 132 711 2209 132 712 2207 132 713 2208 133 714 2207 133 715 2206 133 716 1751 52 717 1761 52 718 1760 52 719 1751 52 720 1760 52 721 1759 52 722 1304 10 723 1306 10 724 1310 10 725 1304 10 726 1310 10 727 1311 10 728 668 134 729 670 134 730 698 134 731 668 135 732 698 135 733 667 135 734 2314 136 735 2354 136 736 2353 136 737 2314 137 738 2353 137 739 2312 137 740 1522 7 741 1523 7 742 1525 7 743 1522 7 744 1525 7 745 1524 7 746 206 7 747 207 7 748 204 7 749 206 7 750 204 7 751 205 7 752 1918 12 753 1920 12 754 1923 12 755 1918 12 756 1923 12 757 1916 12 758 1223 138 759 1224 138 760 1260 138 761 1223 139 762 1260 139 763 1259 139 764 1689 0 765 1695 0 766 1693 0 767 1689 0 768 1693 0 769 1691 0 770 1770 140 771 1806 140 772 1805 140 773 1770 141 774 1805 141 775 1773 141 776 650 142 777 651 142 778 649 142 779 650 143 780 649 143 781 648 143 782 484 144 783 485 144 784 489 144 785 484 145 786 489 145 787 491 145 788 2513 146 789 2514 146 790 2519 146 791 2513 147 792 2519 147 793 2520 147 794 1241 148 795 1242 148 796 1245 148 797 1241 149 798 1245 149 799 1278 149 800 2639 150 801 2641 150 802 2635 150 803 2639 151 804 2635 151 805 2632 151 806 1730 52 807 1743 52 808 1740 52 809 1730 52 810 1740 52 811 1738 52 812 2644 10 813 2647 10 814 2640 10 815 2644 10 816 2640 10 817 2637 10 818 1187 7 819 1185 7 820 1178 7 821 1187 7 822 1178 7 823 1176 7 824 1531 7 825 1537 7 826 1534 7 827 1531 7 828 1534 7 829 1532 7 830 2464 152 831 2462 152 832 2579 152 833 2464 153 834 2579 153 835 2578 153 836 201 154 837 203 154 838 202 154 839 201 155 840 202 155 841 200 155 842 2412 156 843 2413 156 844 2409 156 845 2412 157 846 2409 157 847 2411 157 848 417 158 849 419 158 850 416 158 851 417 159 852 416 159 853 414 159 854 1999 33 855 2000 33 856 2001 33 857 1999 33 858 2001 33 859 1997 33 860 434 160 861 451 160 862 450 160 863 434 161 864 450 161 865 433 161 866 1460 162 867 1465 162 868 1461 162 869 1460 163 870 1461 163 871 1463 163 872 2504 164 873 2506 164 874 2503 164 875 2504 165 876 2503 165 877 2501 165 878 2497 166 879 2498 166 880 2495 166 881 2497 167 882 2495 167 883 2494 167 884 969 52 885 967 52 886 960 52 887 969 52 888 960 52 889 971 52 890 294 168 891 298 168 892 296 168 893 294 169 894 296 169 895 295 169 896 209 10 897 208 10 898 242 10 899 209 10 900 242 10 901 241 10 902 2216 170 903 2215 170 904 2276 170 905 2216 171 906 2276 171 907 2264 171 908 319 172 909 320 172 910 120 172 911 319 173 912 120 173 913 123 173 914 218 33 915 231 33 916 229 33 917 218 33 918 229 33 919 220 33 920 2355 174 921 2360 174 922 2362 174 923 2355 175 924 2362 175 925 2354 175 926 2112 176 927 2131 176 928 2130 176 929 2112 177 930 2130 177 931 2113 177 932 479 178 933 481 178 934 482 178 935 479 179 936 482 179 937 492 179 938 2069 7 939 2080 7 940 2078 7 941 2069 7 942 2078 7 943 2071 7 944 1548 10 945 1550 10 946 1555 10 947 1548 10 948 1555 10 949 1557 10 950 246 180 951 251 180 952 250 180 953 246 181 954 250 181 955 248 181 956 2588 182 957 2604 182 958 2606 182 959 2606 183 960 2615 183 961 2600 183 962 2606 184 963 2600 184 964 2588 184 965 2705 185 966 2709 185 967 2710 185 968 2705 186 969 2710 186 970 2704 186 971 255 33 972 259 33 973 256 33 974 255 33 975 256 33 976 252 33 977 2146 187 978 2148 187 979 2151 187 980 2146 188 981 2151 188 982 2184 188 983 1447 10 984 1449 10 985 1453 10 986 1447 10 987 1453 10 988 1455 10 989 1396 10 990 1399 10 991 1389 10 992 1396 10 993 1389 10 994 1390 10 995 655 189 996 574 189 997 576 189 998 655 190 999 576 190 1000 654 190 1001 817 7 1002 830 7 1003 827 7 1004 817 7 1005 827 7 1006 820 7 1007 26 10 1008 2719 10 1009 2718 10 1010 2718 10 1011 2717 10 1012 28 10 1013 26 10 1014 2718 10 1015 28 10 1016 2478 191 1017 2479 191 1018 2477 191 1019 2478 192 1020 2477 192 1021 2476 192 1022 357 193 1023 364 193 1024 361 193 1025 357 194 1026 361 194 1027 359 194 1028 533 195 1029 526 195 1030 525 195 1031 534 196 1032 535 196 1033 532 196 1034 533 197 1035 525 197 1036 534 197 1037 533 198 1038 534 198 1039 532 198 1040 1770 199 1041 1771 199 1042 1769 199 1043 1770 200 1044 1769 200 1045 1768 200 1046 1425 52 1047 1431 52 1048 1429 52 1049 1425 52 1050 1429 52 1051 1428 52 1052 284 52 1053 165 52 1054 286 52 1055 1440 33 1056 1442 33 1057 1443 33 1058 1440 33 1059 1443 33 1060 1438 33 1061 1182 10 1062 1189 10 1063 1191 10 1064 1182 10 1065 1191 10 1066 1180 10 1067 1640 12 1068 1642 12 1069 1645 12 1070 1640 12 1071 1645 12 1072 1638 12 1073 1333 7 1074 1329 7 1075 1328 7 1076 1333 7 1077 1328 7 1078 1335 7 1079 2689 7 1080 2687 7 1081 2686 7 1082 2686 7 1083 2682 7 1084 35 7 1085 35 7 1086 32 7 1087 2689 7 1088 2689 7 1089 2686 7 1090 35 7 1091 653 201 1092 693 201 1093 692 201 1094 653 202 1095 692 202 1096 651 202 1097 191 203 1098 193 203 1099 192 203 1100 191 204 1101 192 204 1102 190 204 1103 1830 205 1104 1831 205 1105 1851 205 1106 1830 206 1107 1851 206 1108 1850 206 1109 1753 0 1110 1757 0 1111 1755 0 1112 1753 0 1113 1755 0 1114 1754 0 1115 1742 33 1116 1736 33 1117 1737 33 1118 1742 33 1119 1737 33 1120 1739 33 1121 1386 12 1122 1387 12 1123 1384 12 1124 1386 12 1125 1384 12 1126 1385 12 1127 1209 207 1128 1210 207 1129 1208 207 1130 1209 208 1131 1208 208 1132 1207 208 1133 225 33 1134 244 33 1135 291 33 1136 225 33 1137 291 33 1138 289 33 1139 2721 33 1140 2730 33 1141 2729 33 1142 2721 33 1143 2729 33 1144 2723 33 1145 219 209 1146 217 209 1147 233 209 1148 219 210 1149 233 210 1150 232 210 1151 1562 0 1152 1565 0 1153 1564 0 1154 1562 0 1155 1564 0 1156 1563 0 1157 1147 52 1158 1146 52 1159 1144 52 1160 1147 52 1161 1144 52 1162 1133 52 1163 2683 7 1164 2685 7 1165 2684 7 1166 2683 211 1167 2684 211 1168 2681 211 1169 1057 7 1170 1063 7 1171 1062 7 1172 1057 7 1173 1062 7 1174 1060 7 1175 160 212 1176 279 212 1177 278 212 1178 160 213 1179 278 213 1180 159 213 1181 603 214 1182 679 214 1183 678 214 1184 603 215 1185 678 215 1186 601 215 1187 2081 10 1188 2083 10 1189 2074 10 1190 2081 10 1191 2074 10 1192 2076 10 1193 1896 7 1194 1890 7 1195 1888 7 1196 1896 7 1197 1888 7 1198 1898 7 1199 2465 216 1200 2464 216 1201 2578 216 1202 2465 217 1203 2578 217 1204 2577 217 1205 2303 218 1206 2304 218 1207 2302 218 1208 2303 219 1209 2302 219 1210 2301 219 1211 2662 12 1212 268 12 1213 2663 12 1214 2662 12 1215 2663 12 1216 2661 12 1217 720 220 1218 733 220 1219 732 220 1220 720 221 1221 732 221 1222 719 221 1223 819 0 1224 826 0 1225 824 0 1226 819 0 1227 824 0 1228 822 0 1229 560 222 1230 567 222 1231 565 222 1232 560 222 1233 565 222 1234 563 222 1235 354 223 1236 356 223 1237 353 223 1238 354 224 1239 353 224 1240 352 224 1241 222 10 1242 221 10 1243 230 10 1244 222 10 1245 230 10 1246 226 10 1247 2058 52 1248 2055 52 1249 2053 52 1250 2058 52 1251 2053 52 1252 2048 52 1253 2139 225 1254 2167 225 1255 2166 225 1256 2139 226 1257 2166 226 1258 2137 226 1259 2315 227 1260 2355 227 1261 2354 227 1262 2315 228 1263 2354 228 1264 2314 228 1265 1445 0 1266 1450 0 1267 1448 0 1268 1445 0 1269 1448 0 1270 1446 0 1271 1345 0 1272 1348 0 1273 1347 0 1274 1345 0 1275 1347 0 1276 1346 0 1277 393 229 1278 395 229 1279 394 229 1280 393 230 1281 394 230 1282 392 230 1283 1392 33 1284 1394 33 1285 1397 33 1286 1392 33 1287 1397 33 1288 1391 33 1289 316 231 1290 138 231 1291 142 231 1292 316 231 1293 142 231 1294 315 231 1295 2638 232 1296 2631 232 1297 2654 232 1298 2638 33 1299 2654 33 1300 2645 33 1301 1516 233 1302 1517 233 1303 1515 233 1304 1516 234 1305 1515 234 1306 1514 234 1307 195 235 1308 197 235 1309 196 235 1310 195 236 1311 196 236 1312 194 236 1313 499 237 1314 501 237 1315 500 237 1316 499 238 1317 500 238 1318 366 238 1319 1799 239 1320 1835 239 1321 1834 239 1322 1799 240 1323 1834 240 1324 1797 240 1325 2531 241 1326 2532 241 1327 2550 241 1328 2531 242 1329 2550 242 1330 2530 242 1331 601 243 1332 678 243 1333 675 243 1334 601 244 1335 675 244 1336 598 244 1337 1491 245 1338 1494 245 1339 1493 245 1340 1491 246 1341 1493 246 1342 1492 246 1343 353 247 1344 356 247 1345 459 247 1346 353 248 1347 459 248 1348 483 248 1349 821 12 1350 823 12 1351 835 12 1352 821 12 1353 835 12 1354 818 12 1355 614 249 1356 615 249 1357 613 249 1358 614 250 1359 613 250 1360 612 250 1361 2720 12 1362 2728 12 1363 2726 12 1364 2720 12 1365 2726 12 1366 2724 12 1367 2558 251 1368 2563 251 1369 2583 251 1370 2558 252 1371 2583 252 1372 2557 252 1373 408 253 1374 409 253 1375 406 253 1376 408 254 1377 406 254 1378 403 254 1379 2267 255 1380 2268 255 1381 2265 255 1382 2267 256 1383 2265 256 1384 2264 256 1385 2250 257 1386 2251 257 1387 2249 257 1388 2250 258 1389 2249 258 1390 2246 258 1391 100 7 1392 109 7 1393 107 7 1394 100 7 1395 107 7 1396 104 7 1397 420 259 1398 422 259 1399 419 259 1400 420 260 1401 419 260 1402 417 260 1403 1807 261 1404 1809 261 1405 1838 261 1406 1807 262 1407 1838 262 1408 1837 262 1409 1149 0 1410 1154 0 1411 1152 0 1412 1149 0 1413 1152 0 1414 1151 0 1415 2553 263 1416 2562 263 1417 2561 263 1418 2553 264 1419 2561 264 1420 2554 264 1421 276 265 1422 277 265 1423 280 265 1424 276 266 1425 280 266 1426 275 266 1427 1630 7 1428 1637 7 1429 1635 7 1430 1630 7 1431 1635 7 1432 1631 7 1433 317 267 1434 318 267 1435 127 267 1436 317 268 1437 127 268 1438 128 268 1439 345 269 1440 347 269 1441 346 269 1442 345 270 1443 346 270 1444 344 270 1445 2020 0 1446 2023 0 1447 2022 0 1448 2020 0 1449 2022 0 1450 2021 0 1451 586 271 1452 668 271 1453 667 271 1454 586 272 1455 667 272 1456 583 272 1457 2377 273 1458 2399 273 1459 2398 273 1460 2377 274 1461 2398 274 1462 2376 274 1463 334 275 1464 337 275 1465 335 275 1466 334 276 1467 335 276 1468 333 276 1469 766 277 1470 747 277 1471 749 277 1472 766 277 1473 749 277 1474 768 277 1475 2494 278 1476 2495 278 1477 2492 278 1478 2494 279 1479 2492 279 1480 2491 279 1481 1516 280 1482 1518 280 1483 1501 280 1484 1516 281 1485 1501 281 1486 1503 281 1487 687 282 1488 688 282 1489 708 282 1490 687 283 1491 708 283 1492 707 283 1493 577 284 1494 664 284 1495 663 284 1496 577 285 1497 663 285 1498 575 285 1499 1773 286 1500 1776 286 1501 1771 286 1502 1773 287 1503 1771 287 1504 1770 287 1505 435 288 1506 452 288 1507 451 288 1508 435 289 1509 451 289 1510 434 289 1511 267 290 1512 15 290 1513 13 290 1514 267 291 1515 13 291 1516 266 291 1517 2335 292 1518 2363 292 1519 2362 292 1520 2335 293 1521 2362 293 1522 2333 293 1523 2287 294 1524 2289 294 1525 2345 294 1526 2287 295 1527 2345 295 1528 2344 295 1529 2211 296 1530 2213 296 1531 2212 296 1532 2211 297 1533 2212 297 1534 2210 297 1535 1763 298 1536 1813 298 1537 1811 298 1538 1763 299 1539 1811 299 1540 1762 299 1541 2283 300 1542 2286 300 1543 2285 300 1544 2283 301 1545 2285 301 1546 2284 301 1547 1886 10 1548 1887 10 1549 1880 10 1550 1886 10 1551 1880 10 1552 1882 10 1553 1900 52 1554 1907 52 1555 1906 52 1556 1900 52 1557 1906 52 1558 1905 52 1559 2353 302 1560 2363 302 1561 2364 302 1562 2353 303 1563 2364 303 1564 2351 303 1565 140 304 1566 152 304 1567 151 304 1568 140 305 1569 151 305 1570 146 305 1571 2554 306 1572 2444 306 1573 2446 306 1574 2554 307 1575 2446 307 1576 2553 307 1577 707 308 1578 708 308 1579 724 308 1580 707 309 1581 724 309 1582 723 309 1583 1330 0 1584 1334 0 1585 1332 0 1586 1330 0 1587 1332 0 1588 1331 0 1589 327 310 1590 328 310 1591 472 310 1592 327 311 1593 472 311 1594 326 311 1595 85 312 1596 84 312 1597 53 312 1598 85 312 1599 53 312 1600 54 312 1601 1195 313 1602 1223 313 1603 1221 313 1604 1195 314 1605 1221 314 1606 1198 314 1607 1109 7 1608 1106 7 1609 1105 7 1610 1109 7 1611 1105 7 1612 1111 7 1613 213 315 1614 212 315 1615 238 315 1616 213 316 1617 238 316 1618 237 316 1619 1846 317 1620 1848 317 1621 1845 317 1622 1846 318 1623 1845 318 1624 1844 318 1625 2334 319 1626 2335 319 1627 2333 319 1628 2334 320 1629 2333 320 1630 2332 320 1631 283 321 1632 311 321 1633 312 321 1634 283 322 1635 312 322 1636 282 322 1637 776 323 1638 770 323 1639 763 323 1640 385 324 1641 388 324 1642 442 324 1643 385 325 1644 442 325 1645 383 325 1646 341 326 1647 344 326 1648 349 326 1649 341 327 1650 349 327 1651 480 327 1652 1901 0 1653 1904 0 1654 1903 0 1655 1901 0 1656 1903 0 1657 1902 0 1658 1924 7 1659 1927 7 1660 1926 7 1661 1924 7 1662 1926 7 1663 1925 7 1664 2039 52 1665 2037 52 1666 2034 52 1667 2039 52 1668 2034 52 1669 2028 52 1670 257 328 1671 301 328 1672 300 328 1673 257 329 1674 300 329 1675 253 329 1676 617 330 1677 683 330 1678 682 330 1679 617 331 1680 682 331 1681 615 331 1682 1528 7 1683 1527 7 1684 1526 7 1685 1528 7 1686 1526 7 1687 1529 7 1688 125 332 1689 122 332 1690 171 332 1691 125 333 1692 171 333 1693 170 333 1694 2476 334 1695 2477 334 1696 2475 334 1697 2476 335 1698 2475 335 1699 2474 335 1700 2501 336 1701 2503 336 1702 2500 336 1703 2501 337 1704 2500 337 1705 2499 337 1706 1792 338 1707 1793 338 1708 1791 338 1709 1792 339 1710 1791 339 1711 1790 339 1712 1957 0 1713 1961 0 1714 1960 0 1715 1957 0 1716 1960 0 1717 1959 0 1718 1488 340 1719 1489 340 1720 1513 340 1721 1488 341 1722 1513 341 1723 1512 341 1724 2300 342 1725 2347 342 1726 2346 342 1727 2300 343 1728 2346 343 1729 2297 343 1730 1647 7 1731 1658 7 1732 1657 7 1733 1647 7 1734 1657 7 1735 1650 7 1736 2108 344 1737 2133 344 1738 2132 344 1739 2108 345 1740 2132 345 1741 2111 345 1742 336 346 1743 338 346 1744 478 346 1745 336 347 1746 478 347 1747 476 347 1748 1762 348 1749 1811 348 1750 1810 348 1751 1762 349 1752 1810 349 1753 1764 349 1754 1929 52 1755 1939 52 1756 1937 52 1757 1929 52 1758 1937 52 1759 1935 52 1760 575 350 1761 663 350 1762 662 350 1763 575 351 1764 662 351 1765 661 351 1766 2677 12 1767 2678 12 1768 2675 12 1769 2677 12 1770 2675 12 1771 2676 12 1772 2186 7 1773 2188 7 1774 2195 7 1775 2186 7 1776 2195 7 1777 2193 7 1778 696 352 1779 713 352 1780 712 352 1781 696 353 1782 712 353 1783 695 353 1784 431 354 1785 432 354 1786 449 354 1787 431 355 1788 449 355 1789 448 355 1790 1420 12 1791 1423 12 1792 1416 12 1793 1420 12 1794 1416 12 1795 1418 12 1796 1663 10 1797 1664 10 1798 1665 10 1799 1663 10 1800 1665 10 1801 1662 10 1802 2170 356 1803 2144 356 1804 2147 356 1805 2170 357 1806 2147 357 1807 2185 357 1808 1609 10 1809 1615 10 1810 1617 10 1811 1609 10 1812 1617 10 1813 1608 10 1814 1221 358 1815 1223 358 1816 1259 358 1817 1221 359 1818 1259 359 1819 1258 359 1820 299 360 1821 302 360 1822 303 360 1823 299 361 1824 303 361 1825 308 361 1826 1231 362 1827 1244 362 1828 1243 362 1829 1231 363 1830 1243 363 1831 1235 363 1832 1280 33 1833 1283 33 1834 1282 33 1835 1280 33 1836 1282 33 1837 1281 33 1838 443 364 1839 444 364 1840 445 364 1841 443 365 1842 445 365 1843 457 365 1844 634 366 1845 637 366 1846 636 366 1847 634 367 1848 636 367 1849 635 367 1850 467 368 1851 468 368 1852 469 368 1853 467 369 1854 469 369 1855 470 369 1856 1818 370 1857 1822 370 1858 1821 370 1859 1818 371 1860 1821 371 1861 1820 371 1862 375 372 1863 436 372 1864 435 372 1865 375 373 1866 435 373 1867 373 373 1868 293 374 1869 250 374 1870 251 374 1871 293 375 1872 251 375 1873 297 375 1874 392 376 1875 394 376 1876 404 376 1877 392 377 1878 404 377 1879 405 377 1880 447 378 1881 454 378 1882 455 378 1883 447 379 1884 455 379 1885 446 379 1886 1977 52 1887 1964 52 1888 1981 52 1889 1977 52 1890 1981 52 1891 1979 52 1892 897 12 1893 899 12 1894 911 12 1895 897 12 1896 911 12 1897 894 12 1898 1648 0 1899 1656 0 1900 1654 0 1901 1648 0 1902 1654 0 1903 1651 0 1904 1632 0 1905 1636 0 1906 1634 0 1907 1632 0 1908 1634 0 1909 1633 0 1910 945 52 1911 942 52 1912 932 52 1913 945 52 1914 932 52 1915 947 52 1916 1192 380 1917 1227 380 1918 1226 380 1919 1192 381 1920 1226 381 1921 1194 381 1922 2470 382 1923 2471 382 1924 2469 382 1925 2470 383 1926 2469 383 1927 2467 383 1928 1874 0 1929 1878 0 1930 1877 0 1931 1874 0 1932 1877 0 1933 1876 0 1934 2434 384 1935 2440 384 1936 2439 384 1937 2434 385 1938 2439 385 1939 2436 385 1940 2234 386 1941 2237 386 1942 2236 386 1943 2234 387 1944 2236 387 1945 2235 387 1946 895 0 1947 902 0 1948 900 0 1949 895 0 1950 900 0 1951 898 0 1952 1360 10 1953 1366 10 1954 1367 10 1955 1360 10 1956 1367 10 1957 1357 10 1958 360 388 1959 362 388 1960 430 388 1961 360 389 1962 430 389 1963 427 389 1964 1177 0 1965 1184 0 1966 1181 0 1967 1177 0 1968 1181 0 1969 1179 0 1970 2496 390 1971 2534 390 1972 2533 390 1973 2496 391 1974 2533 391 1975 2493 391 1976 1353 33 1977 1354 33 1978 1355 33 1979 1353 33 1980 1355 33 1981 1352 33 1982 377 392 1983 378 392 1984 376 392 1985 377 393 1986 376 393 1987 374 393 1988 2224 394 1989 2225 394 1990 2223 394 1991 2224 395 1992 2223 395 1993 2222 395 1994 1814 396 1995 1827 396 1996 1826 396 1997 1814 397 1998 1826 397 1999 1816 397 2000 1089 52 2001 1087 52 2002 1080 52 2003 1089 52 2004 1080 52 2005 1091 52 2006 1081 0 2007 1085 0 2008 1083 0 2009 1081 0 2010 1083 0 2011 1082 0 2012 1714 0 2013 1717 0 2014 1716 0 2015 1714 0 2016 1716 0 2017 1715 0 2018 1536 52 2019 1530 52 2020 1541 52 2021 1536 52 2022 1541 52 2023 1539 52 2024 365 398 2025 367 398 2026 432 398 2027 365 399 2028 432 399 2029 431 399 2030 1380 0 2031 1383 0 2032 1382 0 2033 1380 0 2034 1382 0 2035 1381 0 2036 1316 10 2037 1317 10 2038 1319 10 2039 1316 10 2040 1319 10 2041 1315 10 2042 427 400 2043 458 400 2044 355 400 2045 427 401 2046 355 401 2047 360 401 2048 2264 402 2049 2265 402 2050 2263 402 2051 2264 403 2052 2263 403 2053 2216 403 2054 1198 404 2055 1201 404 2056 1196 404 2057 1198 405 2058 1196 405 2059 1195 405 2060 1117 7 2061 1121 7 2062 1119 7 2063 1117 7 2064 1119 7 2065 1118 7 2066 130 406 2067 163 406 2068 162 406 2069 130 406 2070 162 406 2071 161 406 2072 2340 407 2073 2341 407 2074 2339 407 2075 2340 408 2076 2339 408 2077 2338 408 2078 2132 409 2079 2133 409 2080 2164 409 2081 2132 410 2082 2164 410 2083 2163 410 2084 2488 411 2085 2489 411 2086 2487 411 2087 2488 412 2088 2487 412 2089 2484 412 2090 436 413 2091 453 413 2092 452 413 2093 436 414 2094 452 414 2095 435 414 2096 1481 415 2097 1506 415 2098 1505 415 2099 1481 416 2100 1505 416 2101 1479 416 2102 637 417 2103 639 417 2104 638 417 2105 637 418 2106 638 418 2107 636 418 2108 2499 419 2109 2500 419 2110 2498 419 2111 2499 420 2112 2498 420 2113 2497 420 2114 330 421 2115 332 421 2116 331 421 2117 330 422 2118 331 422 2119 329 422 2120 2698 52 2121 2699 52 2122 2700 52 2123 2698 52 2124 2700 52 2125 2716 52 2126 1949 12 2127 1950 12 2128 1955 12 2129 1949 12 2130 1955 12 2131 1948 12 2132 1336 0 2133 1341 0 2134 1340 0 2135 1336 0 2136 1340 0 2137 1338 0 2138 1486 423 2139 1487 423 2140 1511 423 2141 1486 424 2142 1511 424 2143 1510 424 2144 2246 425 2145 2247 425 2146 2245 425 2147 2246 426 2148 2245 426 2149 2243 426 2150 1934 7 2151 1932 7 2152 1930 7 2153 1934 7 2154 1930 7 2155 1936 7 2156 798 10 2157 804 10 2158 807 10 2159 798 10 2160 807 10 2161 797 10 2162 529 427 2163 531 427 2164 530 427 2165 528 428 2166 527 428 2167 524 428 2168 529 429 2169 530 429 2170 528 429 2171 529 430 2172 528 430 2173 524 430 2174 616 431 2175 617 431 2176 615 431 2177 616 432 2178 615 432 2179 614 432 2180 498 433 2181 499 433 2182 366 433 2183 498 434 2184 366 434 2185 363 434 2186 714 435 2187 715 435 2188 728 435 2189 714 436 2190 728 436 2191 713 436 2192 540 437 2193 537 437 2194 536 437 2195 539 438 2196 543 438 2197 549 438 2198 540 439 2199 536 439 2200 539 439 2201 540 440 2202 539 440 2203 549 440 2204 87 12 2205 56 12 2206 91 12 2207 87 12 2208 91 12 2209 88 12 2210 464 441 2211 466 441 2212 487 441 2213 464 442 2214 487 442 2215 486 442 2216 2452 443 2217 2522 443 2218 2520 443 2219 2452 444 2220 2520 444 2221 2519 444 2222 1470 445 2223 1471 445 2224 1469 445 2225 1470 446 2226 1469 446 2227 1468 446 2228 640 447 2229 643 447 2230 647 447 2231 640 448 2232 647 448 2233 690 448 2234 620 449 2235 621 449 2236 619 449 2237 620 450 2238 619 450 2239 618 450 2240 497 451 2241 358 451 2242 494 451 2243 497 452 2244 494 452 2245 493 452 2246 557 453 2247 561 453 2248 564 453 2249 559 454 2250 555 454 2251 551 454 2252 557 455 2253 564 455 2254 559 455 2255 559 456 2256 551 456 2257 557 456 2258 2408 457 2259 2411 457 2260 2409 457 2261 2408 458 2262 2409 458 2263 2410 458 2264 638 459 2265 640 459 2266 690 459 2267 638 460 2268 690 460 2269 689 460 2270 2281 461 2271 2282 461 2272 2280 461 2273 2281 462 2274 2280 462 2275 2278 462 2276 1224 463 2277 1225 463 2278 1261 463 2279 1224 464 2280 1261 464 2281 1260 464 2282 2155 465 2283 2156 465 2284 2123 465 2285 2155 466 2286 2123 466 2287 2157 466 2288 1967 12 2289 1970 12 2290 1982 12 2291 1967 12 2292 1982 12 2293 1965 12 2294 618 467 2295 619 467 2296 617 467 2297 618 468 2298 617 468 2299 616 468 2300 1847 469 2301 1853 469 2302 1852 469 2303 1847 470 2304 1852 470 2305 1849 470 2306 1680 33 2307 1681 33 2308 1683 33 2309 1680 33 2310 1683 33 2311 1679 33 2312 1411 7 2313 1409 7 2314 1403 7 2315 1411 7 2316 1403 7 2317 1401 7 2318 1992 7 2319 1986 7 2320 1984 7 2321 1992 7 2322 1984 7 2323 1993 7 2324 1292 0 2325 1297 0 2326 1295 0 2327 1292 0 2328 1295 0 2329 1293 0 2330 1406 10 2331 1413 10 2332 1415 10 2333 1406 10 2334 1415 10 2335 1404 10 2336 933 7 2337 944 7 2338 941 7 2339 933 7 2340 941 7 2341 935 7 2342 121 471 2343 119 471 2344 173 471 2345 121 472 2346 173 472 2347 172 472 2348 764 473 2349 768 473 2350 749 473 2351 764 474 2352 749 474 2353 751 474 2354 1300 7 2355 1309 7 2356 1307 7 2357 1300 7 2358 1307 7 2359 1301 7 2360 186 475 2361 189 475 2362 188 475 2363 186 475 2364 188 475 2365 187 475 2366 2432 476 2367 2437 476 2368 2456 476 2369 2432 477 2370 2456 477 2371 2454 477 2372 1497 478 2373 1498 478 2374 1519 478 2375 1497 479 2376 1519 479 2377 1520 479 2378 2460 480 2379 2461 480 2380 2459 480 2381 2460 481 2382 2459 481 2383 2458 481 2384 2123 482 2385 2124 482 2386 2158 482 2387 2123 483 2388 2158 483 2389 2157 483 2390 739 484 2391 743 484 2392 773 484 2393 739 484 2394 773 484 2395 736 484 2396 626 485 2397 627 485 2398 624 485 2399 626 486 2400 624 486 2401 623 486 2402 1546 0 2403 1553 0 2404 1551 0 2405 1546 0 2406 1551 0 2407 1549 0 2408 347 487 2409 496 487 2410 495 487 2411 347 488 2412 495 488 2413 346 488 2414 593 489 2415 671 489 2416 669 489 2417 593 490 2418 669 490 2419 591 490 2420 1817 491 2421 1843 491 2422 1842 491 2423 1817 492 2424 1842 492 2425 1815 492 2426 866 0 2427 873 0 2428 871 0 2429 866 0 2430 871 0 2431 869 0 2432 2024 52 2433 2027 52 2434 2026 52 2435 2024 52 2436 2026 52 2437 2025 52 2438 25 12 2439 27 12 2440 24 12 2441 33 12 2442 36 12 2443 34 12 2444 33 12 2445 34 12 2446 31 12 2447 25 12 2448 24 12 2449 30 12 2450 33 493 2451 31 493 2452 25 493 2453 25 12 2454 30 12 2455 33 12 2456 716 494 2457 717 494 2458 731 494 2459 716 495 2460 731 495 2461 729 495 2462 387 496 2463 389 496 2464 388 496 2465 387 496 2466 388 496 2467 385 496 2468 2532 497 2469 2533 497 2470 2534 497 2471 2532 498 2472 2534 498 2473 2550 498 2474 538 499 2475 546 499 2476 545 499 2477 538 500 2478 545 500 2479 542 500 2480 2006 0 2481 2010 0 2482 2009 0 2483 2006 0 2484 2009 0 2485 2008 0 2486 2480 501 2487 2482 501 2488 2479 501 2489 2480 502 2490 2479 502 2491 2478 502 2492 2372 503 2493 2394 503 2494 2392 503 2495 2372 504 2496 2392 504 2497 2371 504 2498 1216 505 2499 1254 505 2500 1253 505 2501 1216 506 2502 1253 506 2503 1215 506 2504 2173 507 2505 2170 507 2506 2185 507 2507 2173 508 2508 2185 508 2509 2182 508 2510 1866 33 2511 1868 33 2512 1869 33 2513 1866 33 2514 1869 33 2515 1864 33 2516 369 509 2517 371 509 2518 370 509 2519 369 510 2520 370 510 2521 368 510 2522 2091 33 2523 2086 33 2524 2088 33 2525 2091 33 2526 2088 33 2527 2090 33 2528 1784 511 2529 1785 511 2530 1782 511 2531 1784 512 2532 1782 512 2533 1781 512 2534 2505 513 2535 2538 513 2536 2537 513 2537 2505 514 2538 2537 514 2539 2502 514 2540 1135 0 2541 1140 0 2542 1137 0 2543 1135 0 2544 1137 0 2545 1136 0 2546 340 515 2547 343 515 2548 342 515 2549 340 516 2550 342 516 2551 339 516 2552 1794 517 2553 1832 517 2554 1831 517 2555 1794 518 2556 1831 518 2557 1830 518 2558 1746 52 2559 1749 52 2560 1748 52 2561 1746 52 2562 1748 52 2563 1747 52 2564 2473 519 2565 2486 519 2566 2531 519 2567 2473 520 2568 2531 520 2569 2471 520 2570 2222 521 2571 2259 521 2572 2258 521 2573 2222 522 2574 2258 522 2575 2224 522 2576 1444 52 2577 1454 52 2578 1452 52 2579 1444 52 2580 1452 52 2581 1451 52 2582 2447 523 2583 2448 523 2584 2446 523 2585 2447 524 2586 2446 524 2587 2445 524 2588 2487 525 2589 2489 525 2590 2533 525 2591 2487 526 2592 2533 526 2593 2532 526 2594 2310 527 2595 2352 527 2596 2350 527 2597 2310 528 2598 2350 528 2599 2307 528 2600 1246 529 2601 1247 529 2602 1273 529 2603 1246 530 2604 1273 530 2605 1274 530 2606 1815 531 2607 1842 531 2608 1841 531 2609 1815 532 2610 1841 532 2611 1812 532 2612 2535 533 2613 2549 533 2614 2550 533 2615 2535 534 2616 2550 534 2617 2534 534 2618 1777 535 2619 1779 535 2620 1775 535 2621 1777 536 2622 1775 536 2623 1772 536 2624 1436 7 2625 1441 7 2626 1439 7 2627 1436 7 2628 1439 7 2629 1437 7 2630 328 537 2631 329 537 2632 473 537 2633 328 538 2634 473 538 2635 472 538 2636 2616 12 2637 2610 12 2638 2613 12 2639 2616 12 2640 2613 12 2641 2602 12 2642 2424 539 2643 2425 539 2644 2426 539 2645 2426 52 2646 2421 52 2647 2416 52 2648 2416 52 2649 2449 52 2650 2450 52 2651 2450 52 2652 2517 52 2653 2516 52 2654 2516 540 2655 2552 540 2656 2551 540 2657 2551 52 2658 2448 52 2659 2447 52 2660 2447 541 2661 2424 541 2662 2426 541 2663 2426 52 2664 2416 52 2665 2450 52 2666 2450 542 2667 2516 542 2668 2551 542 2669 2551 543 2670 2447 543 2671 2426 543 2672 2426 544 2673 2450 544 2674 2551 544 2675 1214 545 2676 1252 545 2677 1251 545 2678 1214 546 2679 1251 546 2680 1213 546 2681 829 52 2682 816 52 2683 834 52 2684 829 52 2685 834 52 2686 832 52 2687 1829 547 2688 1854 547 2689 1855 547 2690 1829 548 2691 1855 548 2692 1828 548 2693 2290 549 2694 2292 549 2695 2291 549 2696 2290 550 2697 2291 550 2698 2289 550 2699 2374 551 2700 2396 551 2701 2395 551 2702 2374 552 2703 2395 552 2704 2373 552 2705 2141 553 2706 2168 553 2707 2167 553 2708 2141 554 2709 2167 554 2710 2139 554 2711 554 555 2712 552 555 2713 573 555 2714 573 556 2715 566 556 2716 569 556 2717 572 557 2718 554 557 2719 573 557 2720 573 558 2721 569 558 2722 572 558 2723 2142 559 2724 2147 559 2725 2144 559 2726 2142 560 2727 2144 560 2728 2143 560 2729 2240 561 2730 2239 561 2731 2255 561 2732 2240 562 2733 2255 562 2734 2252 562 2735 429 563 2736 431 563 2737 448 563 2738 429 564 2739 448 564 2740 425 564 2741 1364 33 2742 1365 33 2743 1359 33 2744 1364 33 2745 1359 33 2746 1362 33 2747 1199 565 2748 1222 565 2749 1219 565 2750 1199 566 2751 1219 566 2752 1203 566 2753 2097 10 2754 2098 10 2755 2094 10 2756 2097 10 2757 2094 10 2758 2096 10 2759 1432 7 2760 1435 7 2761 1434 7 2762 1432 7 2763 1434 7 2764 1433 7 2765 610 567 2766 611 567 2767 609 567 2768 610 568 2769 609 568 2770 608 568 2771 1247 569 2772 1248 569 2773 1249 569 2774 1247 570 2775 1249 570 2776 1273 570 2777 599 571 2778 676 571 2779 673 571 2780 599 572 2781 673 572 2782 597 572 2783 602 573 2784 603 573 2785 601 573 2786 602 574 2787 601 574 2788 600 574 2789 666 575 2790 697 575 2791 696 575 2792 666 576 2793 696 576 2794 665 576 2795 870 12 2796 879 12 2797 865 12 2798 870 12 2799 865 12 2800 868 12 2801 1735 10 2802 1741 10 2803 1745 10 2804 1735 10 2805 1745 10 2806 1734 10 2807 1758 7 2808 1756 7 2809 1752 7 2810 1758 7 2811 1752 7 2812 1750 7 2813 2349 577 2814 2367 577 2815 2369 577 2816 2349 578 2817 2369 578 2818 2348 578 2819 1801 579 2820 1836 579 2821 1835 579 2822 1801 580 2823 1835 580 2824 1799 580 2825 2343 581 2826 2370 581 2827 2368 581 2828 2343 582 2829 2368 582 2830 2342 582 2831 703 583 2832 720 583 2833 719 583 2834 703 584 2835 719 584 2836 702 584 2837 1217 585 2838 1255 585 2839 1254 585 2840 1217 586 2841 1254 586 2842 1216 586 2843 685 587 2844 686 587 2845 706 587 2846 685 588 2847 706 588 2848 684 588 2849 1211 589 2850 1212 589 2851 1250 589 2852 1211 590 2853 1250 590 2854 1249 590 2855 2103 591 2856 2136 591 2857 2135 591 2858 2103 592 2859 2135 592 2860 2106 592 2861 86 593 2862 85 593 2863 54 593 2864 86 594 2865 54 594 2866 55 594 2867 1356 0 2868 1363 0 2869 1361 0 2870 1356 0 2871 1361 0 2872 1358 0 2873 697 595 2874 714 595 2875 713 595 2876 697 596 2877 713 596 2878 696 596 2879 118 597 2880 116 597 2881 175 597 2882 118 598 2883 175 598 2884 174 598 2885 2029 7 2886 2036 7 2887 2033 7 2888 2029 7 2889 2033 7 2890 2030 7 2891 2118 599 2892 2120 599 2893 2117 599 2894 2118 600 2895 2117 600 2896 2115 600 2897 1797 601 2898 1834 601 2899 1833 601 2900 1797 602 2901 1833 602 2902 1795 602 2903 645 603 2904 646 603 2905 642 603 2906 645 604 2907 642 604 2908 644 604 2909 380 605 2910 438 605 2911 437 605 2912 380 606 2913 437 606 2914 379 606 2915 288 7 2916 290 7 2917 292 7 2918 288 7 2919 292 7 2920 309 7 2921 692 607 2922 711 607 2923 710 607 2924 692 608 2925 710 608 2926 691 608 2927 681 609 2928 703 609 2929 702 609 2930 681 610 2931 702 610 2932 680 610 2933 547 611 2934 548 611 2935 541 611 2936 547 612 2937 541 612 2938 544 612 2939 727 613 2940 732 613 2941 733 613 2942 727 614 2943 733 614 2944 726 614 2945 594 615 2946 596 615 2947 595 615 2948 594 616 2949 595 616 2950 592 616 2951 2570 617 2952 2572 617 2953 2574 617 2954 2570 618 2955 2574 618 2956 2584 618 2957 315 619 2958 142 619 2959 144 619 2960 315 620 2961 144 620 2962 314 620 2963 2469 621 2964 2530 621 2965 2529 621 2966 2469 622 2967 2529 622 2968 2466 622 2969 381 623 2970 440 623 2971 438 623 2972 381 624 2973 438 624 2974 380 624 2975 1477 625 2976 1475 625 2977 1482 625 2978 1477 626 2979 1482 626 2980 1480 626 2981 639 627 2982 641 627 2983 640 627 2984 639 628 2985 640 628 2986 638 628 2987 1169 7 2988 1162 7 2989 1160 7 2990 1169 7 2991 1160 7 2992 1171 7 2993 2133 629 2994 2134 629 2995 2165 629 2996 2133 630 2997 2165 630 2998 2164 630 2999 2468 631 3000 2465 631 3001 2577 631 3002 2468 632 3003 2577 632 3004 2576 632 3005 738 52 3006 734 52 3007 792 52 3008 792 633 3009 786 633 3010 781 633 3011 781 52 3012 741 52 3013 756 52 3014 756 634 3015 754 634 3016 752 634 3017 752 52 3018 750 52 3019 748 52 3020 748 52 3021 746 52 3022 744 52 3023 744 52 3024 742 52 3025 738 52 3026 738 52 3027 792 52 3028 781 52 3029 781 635 3030 756 635 3031 752 635 3032 752 636 3033 748 636 3034 744 636 3035 744 52 3036 738 52 3037 781 52 3038 781 52 3039 752 52 3040 744 52 3041 2041 52 3042 2047 52 3043 2045 52 3044 2041 52 3045 2045 52 3046 2044 52 3047 667 637 3048 698 637 3049 697 637 3050 667 638 3051 697 638 3052 666 638 3053 2109 639 3054 2110 639 3055 2107 639 3056 2109 640 3057 2107 640 3058 2105 640 3059 753 641 3060 755 641 3061 761 641 3062 761 642 3063 759 642 3064 757 642 3065 761 643 3066 757 643 3067 753 643 3068 762 644 3069 758 644 3070 760 644 3071 762 645 3072 765 645 3073 758 645 3074 2427 646 3075 2428 646 3076 2426 646 3077 2005 12 3078 2007 12 3079 2011 12 3080 2005 12 3081 2011 12 3082 2004 12 3083 704 647 3084 721 647 3085 720 647 3086 704 648 3087 720 648 3088 703 648 3089 2238 649 3090 2233 649 3091 2231 649 3092 2238 650 3093 2231 650 3094 2256 650 3095 773 651 3096 743 651 3097 745 651 3098 773 652 3099 745 652 3100 771 652 3101 407 653 3102 445 653 3103 444 653 3104 407 654 3105 444 654 3106 405 654 3107 2202 655 3108 2203 655 3109 2201 655 3110 2202 656 3111 2201 656 3112 2200 656 3113 770 657 3114 769 657 3115 763 657 3116 763 658 3117 769 658 3118 767 658 3119 1030 7 3120 1041 7 3121 1038 7 3122 1030 7 3123 1038 7 3124 1032 7 3125 2062 33 3126 2064 33 3127 2066 33 3128 2062 33 3129 2066 33 3130 2061 33 3131 1819 659 3132 1825 659 3133 1824 659 3134 1819 660 3135 1824 660 3136 1823 660 3137 1587 0 3138 1592 0 3139 1591 0 3140 1587 0 3141 1591 0 3142 1589 0 3143 740 12 3144 780 12 3145 783 12 3146 783 661 3147 775 661 3148 778 661 3149 783 12 3150 778 12 3151 740 12 3152 1721 33 3153 1723 33 3154 1725 33 3155 1721 33 3156 1725 33 3157 1720 33 3158 776 662 3159 790 662 3160 737 662 3161 791 663 3162 777 663 3163 794 663 3164 795 664 3165 793 664 3166 774 664 3167 788 665 3168 793 665 3169 795 665 3170 793 666 3171 788 666 3172 789 666 3173 795 667 3174 784 667 3175 788 667 3176 784 668 3177 795 668 3178 774 668 3179 776 669 3180 737 669 3181 735 669 3182 776 670 3183 735 670 3184 772 670 3185 2204 671 3186 2205 671 3187 2203 671 3188 2204 672 3189 2203 672 3190 2202 672 3191 2512 673 3192 2515 673 3193 2514 673 3194 2512 674 3195 2514 674 3196 2513 674 3197 2295 675 3198 2296 675 3199 2293 675 3200 2295 676 3201 2293 676 3202 2294 676 3203 1914 33 3204 1915 33 3205 1911 33 3206 1914 33 3207 1911 33 3208 1913 33 3209 803 52 3210 801 52 3211 796 52 3212 803 52 3213 796 52 3214 806 52 3215 2508 677 3216 2539 677 3217 2538 677 3218 2508 678 3219 2538 678 3220 2505 678 3221 1543 7 3222 1554 7 3223 1552 7 3224 1543 7 3225 1552 7 3226 1545 7 3227 254 7 3228 261 7 3229 260 7 3230 254 7 3231 260 7 3232 258 7 3233 1061 12 3234 1066 12 3235 1056 12 3236 1061 12 3237 1056 12 3238 1059 12 3239 2119 679 3240 2116 679 3241 2126 679 3242 2119 680 3243 2126 680 3244 2125 680 3245 1883 33 3246 1884 33 3247 1885 33 3248 1883 33 3249 1885 33 3250 1881 33 3251 1388 52 3252 1398 52 3253 1395 52 3254 1388 52 3255 1395 52 3256 1393 52 3257 1492 681 3258 1493 681 3259 1496 681 3260 1492 682 3261 1496 682 3262 1521 682 3263 424 683 3264 461 683 3265 460 683 3266 424 684 3267 460 684 3268 428 684 3269 442 685 3270 443 685 3271 457 685 3272 442 686 3273 457 686 3274 441 686 3275 2227 687 3276 2229 687 3277 2225 687 3278 2227 688 3279 2225 688 3280 2224 688 3281 12 689 3282 14 689 3283 11 689 3284 12 689 3285 11 689 3286 10 689 3287 708 690 3288 709 690 3289 725 690 3290 708 691 3291 725 691 3292 724 691 3293 129 692 3294 167 692 3295 166 692 3296 129 693 3297 166 693 3298 164 693 3299 828 33 3300 831 33 3301 833 33 3302 828 33 3303 833 33 3304 825 33 3305 808 52 3306 814 52 3307 813 52 3308 808 52 3309 813 52 3310 812 52 3311 314 694 3312 144 694 3313 149 694 3314 314 695 3315 149 695 3316 313 695 3317 1234 696 3318 1236 696 3319 1232 696 3320 1234 697 3321 1232 697 3322 1230 697 3323 837 52 3324 847 52 3325 845 52 3326 837 52 3327 845 52 3328 843 52 3329 522 698 3330 520 698 3331 521 698 3332 522 699 3333 521 699 3334 523 699 3335 2390 700 3336 2391 700 3337 2407 700 3338 2390 701 3339 2407 701 3340 2388 701 3341 135 702 3342 156 702 3343 154 702 3344 135 703 3345 154 703 3346 153 703 3347 1774 704 3348 1804 704 3349 1803 704 3350 1774 705 3351 1803 705 3352 1778 705 3353 2070 12 3354 2073 12 3355 2082 12 3356 2070 12 3357 2082 12 3358 2068 12 3359 1954 33 3360 1951 33 3361 1952 33 3362 1954 33 3363 1952 33 3364 1953 33 3365 210 706 3366 240 706 3367 239 706 3368 210 707 3369 239 707 3370 211 707 3371 841 33 3372 844 33 3373 846 33 3374 841 33 3375 846 33 3376 839 33 3377 2065 52 3378 2063 52 3379 2060 52 3380 2065 52 3381 2060 52 3382 2067 52 3383 111 10 3384 181 10 3385 180 10 3386 111 10 3387 180 10 3388 179 10 3389 1639 7 3390 1644 7 3391 1643 7 3392 1639 7 3393 1643 7 3394 1641 7 3395 850 52 3396 863 52 3397 861 52 3398 850 52 3399 861 52 3400 860 52 3401 271 33 3402 272 33 3403 269 33 3404 271 33 3405 269 33 3406 270 33 3407 1604 10 3408 1605 10 3409 1600 10 3410 1604 10 3411 1600 10 3412 1601 10 3413 651 708 3414 692 708 3415 691 708 3416 651 709 3417 691 709 3418 649 709 3419 558 710 3420 571 710 3421 568 710 3422 558 711 3423 568 711 3424 562 711 3425 2200 712 3426 2201 712 3427 2198 712 3428 2200 713 3429 2198 713 3430 2199 713 3431 110 12 3432 178 12 3433 176 12 3434 110 12 3435 176 12 3436 112 12 3437 1566 0 3438 1570 0 3439 1568 0 3440 1566 0 3441 1568 0 3442 1567 0 3443 2673 33 3444 2674 33 3445 2671 33 3446 2673 33 3447 2671 33 3448 2672 33 3449 851 0 3450 857 0 3451 856 0 3452 851 0 3453 856 0 3454 854 0 3455 1324 52 3456 1327 52 3457 1326 52 3458 1324 52 3459 1326 52 3460 1325 52 3461 876 33 3462 878 33 3463 872 33 3464 876 33 3465 872 33 3466 874 33 3467 517 714 3468 518 714 3469 515 714 3470 516 715 3471 509 715 3472 507 715 3473 517 716 3474 515 716 3475 516 716 3476 517 717 3477 516 717 3478 507 717 3479 199 718 3480 201 718 3481 200 718 3482 199 719 3483 200 719 3484 198 719 3485 215 720 3486 214 720 3487 236 720 3488 215 720 3489 236 720 3490 235 720 3491 1968 0 3492 1975 0 3493 1973 0 3494 1968 0 3495 1973 0 3496 1971 0 3497 2157 721 3498 2180 721 3499 2154 721 3500 2157 722 3501 2154 722 3502 2155 722 3503 2191 0 3504 2192 0 3505 2194 0 3506 2191 0 3507 2194 0 3508 2197 0 3509 2152 723 3510 2153 723 3511 2181 723 3512 2152 724 3513 2181 724 3514 2183 724 3515 1427 12 3516 1430 12 3517 1424 12 3518 1427 12 3519 1424 12 3520 1426 12 3521 880 52 3522 891 52 3523 889 52 3524 880 52 3525 889 52 3526 886 52 3527 884 33 3528 885 33 3529 887 33 3530 884 33 3531 887 33 3532 882 33 3533 2243 725 3534 2244 725 3535 2242 725 3536 2243 725 3537 2242 725 3538 2241 725 3539 1675 10 3540 1676 10 3541 1677 10 3542 1675 10 3543 1677 10 3544 1674 10 3545 1994 10 3546 1995 10 3547 1988 10 3548 1994 10 3549 1988 10 3550 1990 10 3551 1165 12 3552 1175 12 3553 1161 12 3554 1165 12 3555 1161 12 3556 1163 12 3557 908 52 3558 905 52 3559 892 52 3560 908 52 3561 892 52 3562 910 52 3563 1908 0 3564 1912 0 3565 1910 0 3566 1908 0 3567 1910 0 3568 1909 0 3569 1296 10 3570 1298 10 3571 1299 10 3572 1296 10 3573 1299 10 3574 1294 10 3575 1320 0 3576 1323 0 3577 1322 0 3578 1320 0 3579 1322 0 3580 1321 0 3581 949 10 3582 950 10 3583 955 10 3584 949 10 3585 955 10 3586 958 10 3587 2227 726 3588 2257 726 3589 2256 726 3590 2227 727 3591 2256 727 3592 2231 727 3593 904 33 3594 907 33 3595 909 33 3596 904 33 3597 909 33 3598 901 33 3599 840 7 3600 838 7 3601 836 7 3602 840 7 3603 836 7 3604 842 7 3605 305 33 3606 306 33 3607 307 33 3608 305 33 3609 307 33 3610 304 33 3611 693 728 3612 694 728 3613 711 728 3614 693 729 3615 711 729 3616 692 729 3617 1036 10 3618 1044 10 3619 1047 10 3620 1036 10 3621 1047 10 3622 1034 10 3623 2220 730 3624 2221 730 3625 2219 730 3626 2220 731 3627 2219 731 3628 2218 731 3629 2230 732 3630 2232 732 3631 2228 732 3632 2230 733 3633 2228 733 3634 2226 733 3635 913 7 3636 919 7 3637 916 7 3638 913 7 3639 916 7 3640 914 7 3641 912 52 3642 923 52 3643 921 52 3644 912 52 3645 921 52 3646 918 52 3647 917 33 3648 920 33 3649 922 33 3650 917 33 3651 922 33 3652 915 33 3653 1711 7 3654 1707 7 3655 1706 7 3656 1711 7 3657 1706 7 3658 1713 7 3659 41 734 3660 43 734 3661 93 734 3662 41 735 3663 93 735 3664 92 735 3665 2084 7 3666 2089 7 3667 2087 7 3668 2084 7 3669 2087 7 3670 2085 7 3671 1288 52 3672 1291 52 3673 1290 52 3674 1288 52 3675 1290 52 3676 1289 52 3677 348 736 3678 349 736 3679 344 736 3680 348 737 3681 344 737 3682 346 737 3683 1618 0 3684 1621 0 3685 1620 0 3686 1618 0 3687 1620 0 3688 1619 0 3689 1126 12 3690 1127 12 3691 1131 12 3692 1126 12 3693 1131 12 3694 1125 12 3695 928 33 3696 930 33 3697 926 33 3698 928 33 3699 926 33 3700 927 33 3701 1974 10 3702 1980 10 3703 1983 10 3704 1974 10 3705 1983 10 3706 1972 10 3707 1576 12 3708 1577 12 3709 1574 12 3710 1576 12 3711 1574 12 3712 1575 12 3713 116 738 3714 113 738 3715 177 738 3716 116 739 3717 177 739 3718 175 739 3719 2214 740 3720 2262 740 3721 2261 740 3722 2214 741 3723 2261 741 3724 2217 741 3725 1571 33 3726 1572 33 3727 1573 33 3728 1571 33 3729 1573 33 3730 1569 33 3731 441 742 3732 457 742 3733 456 742 3734 441 743 3735 456 743 3736 439 743 3737 2702 744 3738 2714 744 3739 2715 744 3740 2702 745 3741 2715 745 3742 2701 745 3743 1856 10 3744 1857 10 3745 1858 10 3746 1856 10 3747 1858 10 3748 1859 10 3749 332 746 3750 334 746 3751 333 746 3752 332 747 3753 333 747 3754 331 747 3755 2171 748 3756 2172 748 3757 2169 748 3758 2171 749 3759 2169 749 3760 2145 749 3761 940 33 3762 943 33 3763 946 33 3764 940 33 3765 946 33 3766 938 33 3767 1895 33 3768 1897 33 3769 1899 33 3770 1895 33 3771 1899 33 3772 1893 33 3773 1499 750 3774 1500 750 3775 1478 750 3776 1499 751 3777 1478 751 3778 1502 751 3779 948 52 3780 959 52 3781 956 52 3782 948 52 3783 956 52 3784 953 52 3785 2093 12 3786 2095 12 3787 2099 12 3788 2093 12 3789 2099 12 3790 2092 12 3791 656 752 3792 578 752 3793 574 752 3794 656 753 3795 574 753 3796 655 753 3797 390 754 3798 393 754 3799 392 754 3800 390 755 3801 392 755 3802 391 755 3803 975 0 3804 983 0 3805 980 0 3806 975 0 3807 980 0 3808 977 0 3809 550 756 3810 553 756 3811 570 756 3812 550 757 3813 570 757 3814 556 757 3815 1270 758 3816 1276 758 3817 1275 758 3818 1270 759 3819 1275 759 3820 1271 759 3821 352 760 3822 353 760 3823 351 760 3824 352 761 3825 351 761 3826 350 761 3827 952 33 3828 954 33 3829 957 33 3830 952 33 3831 957 33 3832 951 33 3833 2344 762 3834 2345 762 3835 2370 762 3836 2344 763 3837 2370 763 3838 2343 763 3839 2138 764 3840 2150 764 3841 2149 764 3842 2138 765 3843 2149 765 3844 2140 765 3845 2688 12 3846 2690 12 3847 21 12 3848 2688 12 3849 21 12 3850 22 12 3851 2539 766 3852 2544 766 3853 2545 766 3854 2539 767 3855 2545 767 3856 2538 767 3857 2305 768 3858 2306 768 3859 2304 768 3860 2305 769 3861 2304 769 3862 2303 769 3863 2451 770 3864 2452 770 3865 2519 770 3866 2451 771 3867 2519 771 3868 2518 771 3869 1790 772 3870 1791 772 3871 1788 772 3872 1790 773 3873 1788 773 3874 1787 773 3875 965 33 3876 968 33 3877 970 33 3878 965 33 3879 970 33 3880 963 33 3881 1580 12 3882 1584 12 3883 1578 12 3884 1580 12 3885 1578 12 3886 1579 12 3887 1544 12 3888 1547 12 3889 1556 12 3890 1544 12 3891 1556 12 3892 1542 12 3893 574 774 3894 577 774 3895 575 774 3896 574 775 3897 575 775 3898 576 775 3899 99 33 3900 103 33 3901 101 33 3902 99 33 3903 101 33 3904 102 33 3905 383 776 3906 442 776 3907 441 776 3908 383 777 3909 441 777 3910 382 777 3911 973 52 3912 991 52 3913 989 52 3914 973 52 3915 989 52 3916 986 52 3917 275 778 3918 280 778 3919 281 778 3920 275 778 3921 281 778 3922 274 778 3923 982 33 3924 985 33 3925 988 33 3926 982 33 3927 988 33 3928 979 33 3929 1559 33 3930 1560 33 3931 1561 33 3932 1559 33 3933 1561 33 3934 1558 33 3935 1002 52 3936 1000 52 3937 998 52 3938 1002 52 3939 998 52 3940 992 52 3941 1313 12 3942 1314 12 3943 1318 12 3944 1313 12 3945 1318 12 3946 1312 12 3947 1985 0 3948 1991 0 3949 1989 0 3950 1985 0 3951 1989 0 3952 1987 0 3953 2330 779 3954 2378 779 3955 2377 779 3956 2330 780 3957 2377 780 3958 2332 780 3959 1875 12 3960 1879 12 3961 1872 12 3962 1875 12 3963 1872 12 3964 1873 12 3965 2269 781 3966 2273 781 3967 2272 781 3968 2269 781 3969 2272 781 3970 2271 781 3971 2311 782 3972 2313 782 3973 2309 782 3974 2311 783 3975 2309 783 3976 2308 783 3977 1339 10 3978 1342 10 3979 1343 10 3980 1339 10 3981 1343 10 3982 1337 10 3983 1865 7 3984 1861 7 3985 1860 7 3986 1865 7 3987 1860 7 3988 1867 7 3989 2331 784 3990 2361 784 3991 2359 784 3992 2331 785 3993 2359 785 3994 2329 785 3995 310 12 3996 285 12 3997 287 12 3998 310 12 3999 287 12 4000 273 12 4001 2124 786 4002 2160 786 4003 2159 786 4004 2124 787 4005 2159 787 4006 2158 787 4007 1013 33 4008 1015 33 4009 1017 33 4010 1013 33 4011 1017 33 4012 1011 33 4013 2441 788 4014 2442 788 4015 2440 788 4016 2441 789 4017 2440 789 4018 2434 789 4019 1027 52 4020 1025 52 4021 1024 52 4022 1027 52 4023 1024 52 4024 1021 52 4025 2378 790 4026 2379 790 4027 2399 790 4028 2378 791 4029 2399 791 4030 2377 791 4031 1023 12 4032 1026 12 4033 1020 12 4034 1023 12 4035 1020 12 4036 1022 12 4037 997 7 4038 994 7 4039 993 7 4040 997 7 4041 993 7 4042 999 7 4043 996 10 4044 1001 10 4045 1003 10 4046 996 10 4047 1003 10 4048 995 10 4049 1466 792 4050 1467 792 4051 1465 792 4052 1466 793 4053 1465 793 4054 1460 793 4055 1012 7 4056 1007 7 4057 1005 7 4058 1012 7 4059 1005 7 4060 1014 7 4061 1302 0 4062 1308 0 4063 1305 0 4064 1302 0 4065 1305 0 4066 1303 0 4067 386 794 4068 387 794 4069 385 794 4070 386 795 4071 385 795 4072 384 795 4073 504 52 4074 510 52 4075 506 52 4076 504 796 4077 506 796 4078 508 796 4079 264 12 4080 265 12 4081 263 12 4082 264 12 4083 263 12 4084 262 12 4085 1349 52 4086 1344 52 4087 1351 52 4088 1349 52 4089 1351 52 4090 1350 52 4091 2536 797 4092 2547 797 4093 2549 797 4094 2536 798 4095 2549 798 4096 2535 798 4097 2338 799 4098 2339 799 4099 2337 799 4100 2338 800 4101 2337 800 4102 2336 800 4103 1033 12 4104 1045 12 4105 1028 12 4106 1033 12 4107 1028 12 4108 1031 12 4109 2627 10 4110 2628 10 4111 2629 10 4112 2627 10 4113 2629 10 4114 2633 10 4115 2419 0 4116 2417 0 4117 2415 0 4118 2415 801 4119 2414 801 4120 2418 801 4121 2415 802 4122 2418 802 4123 2419 802 4124 2703 803 4125 2713 803 4126 2714 803 4127 2703 804 4128 2714 804 4129 2702 804 4130 2319 805 4131 2320 805 4132 2317 805 4133 2319 806 4134 2317 806 4135 2316 806 4136 2072 0 4137 2079 0 4138 2077 0 4139 2072 0 4140 2077 0 4141 2075 0 4142 1368 52 4143 1371 52 4144 1370 52 4145 1368 52 4146 1370 52 4147 1369 52 4148 1039 33 4149 1042 33 4150 1035 33 4151 1039 33 4152 1035 33 4153 1037 33 4154 1503 807 4155 1504 807 4156 1517 807 4157 1503 808 4158 1517 808 4159 1516 808 4160 247 33 4161 249 33 4162 245 33 4163 247 33 4164 245 33 4165 243 33 4166 1054 52 4167 1053 52 4168 1052 52 4169 1054 52 4170 1052 52 4171 1048 52 4172 1998 10 4173 2002 10 4174 2003 10 4175 1998 10 4176 2003 10 4177 1996 10 4178 1009 10 4179 1010 10 4180 1016 10 4181 1009 10 4182 1016 10 4183 1019 10 4184 2594 52 4185 2599 52 4186 2609 52 4187 2607 809 4188 2605 809 4189 2594 809 4190 2609 33 4191 2607 33 4192 2594 33 4193 1889 0 4194 1894 0 4195 1892 0 4196 1889 0 4197 1892 0 4198 1891 0 4199 2265 810 4200 2389 810 4201 2387 810 4202 2265 811 4203 2387 811 4204 2263 811 4205 217 812 4206 216 812 4207 234 812 4208 217 813 4209 234 813 4210 233 813 4211 925 10 4212 929 10 4213 931 10 4214 925 10 4215 931 10 4216 924 10 4217 1655 10 4218 1659 10 4219 1660 10 4220 1655 10 4221 1660 10 4222 1652 10 4223 2395 814 4224 2405 814 4225 2406 814 4226 2395 815 4227 2406 815 4228 2393 815 4229 811 12 4230 815 12 4231 809 12 4232 811 12 4233 809 12 4234 810 12 4235 2224 816 4236 2258 816 4237 2257 816 4238 2224 817 4239 2257 817 4240 2227 817 4241 1058 52 4242 1067 52 4243 1065 52 4244 1058 52 4245 1065 52 4246 1064 52 4247 2259 818 4248 2384 818 4249 2382 818 4250 2259 819 4251 2382 819 4252 2258 819 4253 1378 10 4254 1379 10 4255 1374 10 4256 1378 10 4257 1374 10 4258 1375 10 4259 1457 33 4260 1458 33 4261 1459 33 4262 1457 33 4263 1459 33 4264 1456 33 4265 412 820 4266 413 820 4267 411 820 4268 412 821 4269 411 821 4270 410 821 4271 391 822 4272 392 822 4273 405 822 4274 391 823 4275 405 823 4276 444 823 4277 2379 824 4278 2380 824 4279 2400 824 4280 2379 825 4281 2400 825 4282 2399 825 4283 2507 826 4284 2509 826 4285 2506 826 4286 2507 827 4287 2506 827 4288 2504 827 4289 1944 0 4290 1947 0 4291 1946 0 4292 1944 0 4293 1946 0 4294 1945 0 4295 2423 828 4296 2455 828 4297 2453 828 4298 2423 829 4299 2453 829 4300 2420 829 4301 2129 830 4302 2162 830 4303 2161 830 4304 2129 831 4305 2161 831 4306 2127 831 4307 1103 52 4308 1102 52 4309 1100 52 4310 1103 52 4311 1100 52 4312 1092 52 4313 1072 33 4314 1073 33 4315 1076 33 4316 1072 33 4317 1076 33 4318 1071 33 4319 1594 52 4320 1593 52 4321 1586 52 4322 1594 52 4323 1586 52 4324 1596 52 4325 10 12 4326 11 12 4327 9 12 4328 10 12 4329 9 12 4330 8 12 4331 1940 0 4332 1943 0 4333 1942 0 4334 1940 0 4335 1942 0 4336 1941 0 4337 1718 7 4338 1724 7 4339 1722 7 4340 1718 7 4341 1722 7 4342 1719 7 4343 934 0 4344 939 0 4345 937 0 4346 934 0 4347 937 0 4348 936 0 4349 2603 0 4350 2614 0 4351 2611 0 4352 2611 52 4353 2608 52 4354 2597 52 4355 2597 52 4356 2592 52 4357 2591 52 4358 2591 52 4359 2590 52 4360 2603 52 4361 2603 52 4362 2611 52 4363 2597 52 4364 2597 52 4365 2591 52 4366 2603 52 4367 475 832 4368 477 832 4369 490 832 4370 475 833 4371 490 833 4372 488 833 4373 1088 33 4374 1090 33 4375 1084 33 4376 1088 33 4377 1084 33 4378 1086 33 4379 2324 834 4380 2327 834 4381 2328 834 4382 2324 835 4383 2328 835 4384 2358 835 4385 2253 836 4386 2254 836 4387 2383 836 4388 2253 837 4389 2383 837 4390 2381 837 4391 2332 838 4392 2377 838 4393 2376 838 4394 2332 839 4395 2376 839 4396 2334 839 4397 1956 7 4398 1963 7 4399 1962 7 4400 1956 7 4401 1962 7 4402 1958 7 4403 2038 33 4404 2031 33 4405 2032 33 4406 2038 33 4407 2032 33 4408 2035 33 4409 1789 840 4410 1786 840 4411 1798 840 4412 1789 841 4413 1798 841 4414 1796 841 4415 1093 7 4416 1101 7 4417 1099 7 4418 1093 7 4419 1099 7 4420 1095 7 4421 2523 842 4422 2543 842 4423 2542 842 4424 2523 843 4425 2542 843 4426 2521 843 4427 2345 844 4428 2346 844 4429 2347 844 4430 2345 845 4431 2347 845 4432 2370 845 4433 606 846 4434 607 846 4435 604 846 4436 606 847 4437 604 847 4438 605 847 4439 2216 848 4440 2263 848 4441 2262 848 4442 2216 849 4443 2262 849 4444 2214 849 4445 1068 52 4446 1079 52 4447 1077 52 4448 1068 52 4449 1077 52 4450 1074 52 4451 2443 850 4452 2429 850 4453 2427 850 4454 2443 851 4455 2427 851 4456 2445 851 4457 1104 52 4458 1114 52 4459 1112 52 4460 1104 52 4461 1112 52 4462 1110 52 4463 426 852 4464 429 852 4465 425 852 4466 426 853 4467 425 853 4468 423 853 4469 1148 7 4470 1157 7 4471 1155 7 4472 1148 7 4473 1155 7 4474 1150 7 4475 1108 10 4476 1113 10 4477 1115 10 4478 1108 10 4479 1115 10 4480 1107 10 4481 1764 854 4482 1810 854 4483 1808 854 4484 1764 855 4485 1808 855 4486 1766 855 4487 1786 856 4488 1783 856 4489 1800 856 4490 1786 857 4491 1800 857 4492 1798 857 4493 1075 10 4494 1078 10 4495 1069 10 4496 1075 10 4497 1069 10 4498 1070 10 4499 1474 858 4500 1476 858 4501 1473 858 4502 1474 859 4503 1473 859 4504 1472 859 4505 1122 52 4506 1120 52 4507 1116 52 4508 1122 52 4509 1116 52 4510 1123 52 4511 1670 12 4512 1673 12 4513 1666 12 4514 1670 12 4515 1666 12 4516 1668 12 4517 373 860 4518 435 860 4519 434 860 4520 373 861 4521 434 861 4522 372 861 4523 2461 862 4524 2525 862 4525 2524 862 4526 2461 863 4527 2524 863 4528 2459 863 4529 161 864 4530 162 864 4531 279 864 4532 161 865 4533 279 865 4534 160 865 4535 1124 52 4536 1130 52 4537 1129 52 4538 1124 52 4539 1129 52 4540 1128 52 4541 785 866 4542 787 866 4543 782 866 4544 785 867 4545 782 867 4546 779 867 4547 1976 7 4548 1969 7 4549 1966 7 4550 1976 7 4551 1966 7 4552 1978 7 4553 2017 33 4554 2018 33 4555 2019 33 4556 2017 33 4557 2019 33 4558 2015 33 4559 1094 0 4560 1098 0 4561 1097 0 4562 1094 0 4563 1097 0 4564 1096 0 4565 2484 868 4566 2487 868 4567 2486 868 4568 2484 868 4569 2486 868 4570 2485 868 4571 329 869 4572 331 869 4573 474 869 4574 329 870 4575 474 870 4576 473 870 4577 961 0 4578 966 0 4579 964 0 4580 961 0 4581 964 0 4582 962 0 4583 2462 871 4584 2463 871 4585 2461 871 4586 2462 872 4587 2461 872 4588 2460 872 4589 1141 33 4590 1143 33 4591 1145 33 4592 1141 33 4593 1145 33 4594 1138 33 4595 1616 33 4596 1610 33 4597 1612 33 4598 1616 33 4599 1612 33 4600 1614 33 4601 1590 10 4602 1595 10 4603 1597 10 4604 1590 10 4605 1597 10 4606 1588 10 4607 719 873 4608 732 873 4609 730 873 4610 719 874 4611 730 874 4612 718 874 4613 2247 875 4614 2328 875 4615 2327 875 4616 2247 876 4617 2327 876 4618 2245 876 4619 978 10 4620 987 10 4621 990 10 4622 978 10 4623 990 10 4624 976 10 4625 1156 33 4626 1158 33 4627 1159 33 4628 1156 33 4629 1159 33 4630 1153 33 4631 47 877 4632 69 877 4633 67 877 4634 47 878 4635 67 878 4636 48 878 4637 1686 7 4638 1696 7 4639 1694 7 4640 1686 7 4641 1694 7 4642 1688 7 4643 2680 7 4644 2692 7 4645 2691 7 4646 2680 7 4647 2691 7 4648 2679 7 4649 1139 7 4650 1134 7 4651 1132 7 4652 1139 7 4653 1132 7 4654 1142 7 4655 1598 7 4656 1603 7 4657 1602 7 4658 1598 7 4659 1602 7 4660 1599 7 4661 2376 879 4662 2398 879 4663 2397 879 4664 2376 880 4665 2397 880 4666 2375 880 4667 1168 33 4668 1170 33 4669 1172 33 4670 1168 33 4671 1172 33 4672 1166 33 4673 2323 881 4674 2326 881 4675 2325 881 4676 2323 882 4677 2325 882 4678 2322 882 4679 1167 10 4680 1173 10 4681 1174 10 4682 1167 10 4683 1174 10 4684 1164 10 4685 2463 883 4686 2527 883 4687 2525 883 4688 2463 884 4689 2525 884 4690 2461 884 4691 421 885 4692 418 885 4693 463 885 4694 421 886 4695 463 886 4696 462 886 4697 2664 887 4698 2708 887 4699 2707 887 4700 2664 888 4701 2707 888 4702 2706 888 4703 2012 0 4704 2016 0 4705 2014 0 4706 2012 0 4707 2014 0 4708 2013 0 4709 805 33 4710 799 33 4711 800 33 4712 805 33 4713 800 33 4714 802 33 4715 2722 10 4716 2725 10 4717 2727 10 4718 2722 10 4719 2727 10 4720 2731 10 4721 2472 889 4722 2473 889 4723 2471 889 4724 2472 890 4725 2471 890 4726 2470 890 4727 84 891 4728 83 891 4729 52 891 4730 84 892 4731 52 892 4732 53 892 4733 1188 33 4734 1190 33 4735 1183 33 4736 1188 33 4737 1183 33 4738 1186 33 4739 2643 52 4740 2652 52 4741 2650 52 4742 2643 52 4743 2650 52 4744 2646 52 4745 2339 893 4746 2366 893 4747 2365 893 4748 2339 894 4749 2365 894 4750 2337 894 4751 2116 895 4752 2114 895 4753 2128 895 4754 2116 896 4755 2128 896 4756 2126 896 4757 2386 897 4758 2403 897 4759 2402 897 4760 2386 898 4761 2402 898 4762 2385 898 4763 126 899 4764 124 899 4765 169 899 4766 126 900 4767 169 900 4768 168 900 4769 2354 901 4770 2362 901 4771 2363 901 4772 2354 902 4773 2363 902 4774 2353 902 4775 2174 903 4776 2183 903 4777 2181 903 4778 2174 904 4779 2181 904 4780 2177 904 4781 1678 52 4782 1685 52 4783 1684 52 4784 1678 52 4785 1684 52 4786 1682 52 4787 1237 491 4788 1266 491 4789 1265 491 4790 1237 492 4791 1265 492 4792 1233 492 4793 105 33 4794 108 33 4795 115 33 4796 105 33 4797 115 33 4798 323 33 4799 1917 0 4800 1922 0 4801 1921 0 4802 1917 0 4803 1921 0 4804 1919 0 4805 672 905 4806 699 905 4807 698 905 4808 672 906 4809 698 906 4810 670 906 4811 1226 907 4812 1227 907 4813 1263 907 4814 1226 908 4815 1263 908 4816 1262 908 4817 649 909 4818 691 909 4819 690 909 4820 649 910 4821 690 910 4822 647 910 4823 1233 911 4824 1265 911 4825 1264 911 4826 1233 912 4827 1264 912 4828 1228 912 4829 2471 913 4830 2531 913 4831 2530 913 4832 2471 914 4833 2530 914 4834 2469 914 4835 2697 915 4836 2712 915 4837 2711 915 4838 2697 916 4839 2711 916 4840 2696 916 4841 318 917 4842 319 917 4843 123 917 4844 318 918 4845 123 918 4846 127 918 4847 2445 919 4848 2446 919 4849 2444 919 4850 2445 920 4851 2444 920 4852 2443 920 4853 1238 921 4854 1239 921 4855 1236 921 4856 1238 922 4857 1236 922 4858 1234 922 4859 1484 923 4860 1508 923 4861 1507 923 4862 1484 924 4863 1507 924 4864 1483 924 4865 397 925 4866 398 925 4867 400 925 4868 397 926 4869 400 926 4870 396 926 4871 1284 7 4872 1287 7 4873 1286 7 4874 1284 7 4875 1286 7 4876 1285 7 4877 83 927 4878 82 927 4879 50 927 4880 83 928 4881 50 928 4882 52 928 4883 2396 929 4884 2404 929 4885 2405 929 4886 2396 930 4887 2405 930 4888 2395 930 4889 2489 931 4890 2490 931 4891 2493 931 4892 2489 932 4893 2493 932 4894 2533 932 4895 2511 933 4896 2513 933 4897 2520 933 4898 2511 934 4899 2520 934 4900 2541 934 4901 2426 935 4902 2428 935 4903 2422 935 4904 2426 936 4905 2422 936 4906 2421 936 4907 1249 937 4908 1250 937 4909 1272 937 4910 1249 938 4911 1272 938 4912 1273 938 4913 2462 939 4914 2460 939 4915 2580 939 4916 2462 940 4917 2580 940 4918 2579 940 4919 1202 941 4920 1204 941 4921 1200 941 4922 1202 942 4923 1200 942 4924 1197 942 4925 2566 943 4926 2567 943 4927 2565 943 4928 2566 944 4929 2565 944 4930 2564 944 4931 1624 12 4932 1626 12 4933 1629 12 4934 1624 12 4935 1629 12 4936 1622 12 4937 2568 945 4938 2569 945 4939 2567 945 4940 2568 946 4941 2567 946 4942 2566 946 4943 683 947 4944 705 947 4945 704 947 4946 683 948 4947 704 948 4948 682 948 4949 1207 949 4950 1208 949 4951 1206 949 4952 1207 950 4953 1206 950 4954 1205 950 4955 1733 12 4956 1744 12 4957 1731 12 4958 1733 12 4959 1731 12 4960 1732 12 4961 1414 52 4962 1412 52 4963 1410 52 4964 1414 52 4965 1410 52 4966 1400 52 4967 1464 951 4968 1462 951 4969 1495 951 4970 1464 952 4971 1495 952 4972 1490 952 4973 2575 953 4974 2585 953 4975 2584 953 4976 2575 954 4977 2584 954 4978 2574 954 4979 2586 12 4980 2618 12 4981 2636 12 4982 2642 12 4983 2648 12 4984 2651 12 4985 2656 12 4986 2660 12 4987 2586 12 4988 2642 12 4989 2651 12 4990 2656 12 4991 2656 955 4992 2586 955 4993 2636 955 4994 2636 12 4995 2642 12 4996 2656 12 4997</p>
        </triangles>
        <triangles material="_081b245-ace2-4331-b33c-25c1643b1f52-material" count="1379">
          <input semantic="VERTEX" source="#Oblasna-Philharmonic_op_h_op_l_l_002-mesh-vertices" offset="0"/>
          <input semantic="NORMAL" source="#Oblasna-Philharmonic_op_h_op_l_l_002-mesh-normals" offset="1"/>
          <input semantic="TEXCOORD" source="#Oblasna-Philharmonic_op_h_op_l_l_002-mesh-map-0" offset="2" set="0"/>
          <p>3947 956 4998 3949 956 4999 3945 956 5000 3947 957 5001 3945 957 5002 3944 957 5003 3495 12 5004 3496 12 5005 3497 12 5006 3497 12 5007 3498 12 5008 3501 12 5009 3501 958 5010 3505 958 5011 3507 958 5012 3507 12 5013 3509 12 5014 3511 12 5015 3511 959 5016 3473 959 5017 3475 959 5018 3475 960 5019 3477 960 5020 3480 960 5021 3480 12 5022 3482 12 5023 3483 12 5024 3483 12 5025 3485 12 5026 3487 12 5027 3487 961 5028 3488 961 5029 3489 961 5030 3489 962 5031 3490 962 5032 3491 962 5033 3491 12 5034 3492 12 5035 3493 12 5036 3493 961 5037 3494 961 5038 3495 961 5039 3495 12 5040 3497 12 5041 3501 12 5042 3501 12 5043 3507 12 5044 3511 12 5045 3511 963 5046 3475 963 5047 3480 963 5048 3480 12 5049 3483 12 5050 3487 12 5051 3487 964 5052 3489 964 5053 3491 964 5054 3491 12 5055 3493 12 5056 3495 12 5057 3495 12 5058 3501 12 5059 3511 12 5060 3511 12 5061 3480 12 5062 3487 12 5063 3487 12 5064 3491 12 5065 3495 12 5066 3511 12 5067 3487 12 5068 3495 12 5069 4877 965 5070 4878 965 5071 4890 965 5072 4877 966 5073 4890 966 5074 4889 966 5075 4519 0 5076 4523 0 5077 4521 0 5078 4519 0 5079 4521 0 5080 4520 0 5081 3251 967 5082 3252 967 5083 3270 967 5084 3251 968 5085 3270 968 5086 3269 968 5087 3299 969 5088 3300 969 5089 3301 969 5090 3299 969 5091 3301 969 5092 3298 969 5093 3425 970 5094 3448 970 5095 3447 970 5096 3425 971 5097 3447 971 5098 3427 971 5099 3440 972 5100 3471 972 5101 3439 972 5102 3440 973 5103 3439 973 5104 3437 973 5105 4569 33 5106 4571 33 5107 4572 33 5108 4569 33 5109 4572 33 5110 4567 33 5111 4533 7 5112 4536 7 5113 4535 7 5114 4533 7 5115 4535 7 5116 4534 7 5117 4871 974 5118 4873 974 5119 4870 974 5120 4871 975 5121 4870 975 5122 4869 975 5123 3201 976 5124 3243 976 5125 3242 976 5126 3201 977 5127 3242 977 5128 3200 977 5129 3316 7 5130 3314 7 5131 3311 7 5132 3316 7 5133 3311 7 5134 3310 7 5135 4561 7 5136 4559 7 5137 4554 7 5138 4561 7 5139 4554 7 5140 4553 7 5141 3668 0 5142 3676 0 5143 3674 0 5144 3668 0 5145 3674 0 5146 3671 0 5147 4876 978 5148 4877 978 5149 4889 978 5150 4876 979 5151 4889 979 5152 4875 979 5153 3908 980 5154 3932 980 5155 3930 980 5156 3908 981 5157 3930 981 5158 3911 981 5159 3435 982 5160 3436 982 5161 3434 982 5162 3435 983 5163 3434 983 5164 3433 983 5165 3517 10 5166 3519 10 5167 3520 10 5168 3517 10 5169 3520 10 5170 3526 10 5171 4880 984 5172 4881 984 5173 4884 984 5174 4880 985 5175 4884 985 5176 4892 985 5177 4476 33 5178 4477 33 5179 4478 33 5180 4476 33 5181 4478 33 5182 4474 33 5183 3690 0 5184 3699 0 5185 3696 0 5186 3690 0 5187 3696 0 5188 3693 0 5189 2765 986 5190 2764 986 5191 2777 986 5192 2765 987 5193 2777 987 5194 2776 987 5195 3210 988 5196 3211 988 5197 3249 988 5198 3210 989 5199 3249 989 5200 3248 989 5201 3059 990 5202 3111 990 5203 3110 990 5204 3059 991 5205 3110 991 5206 3058 991 5207 3026 7 5208 3028 7 5209 2841 7 5210 3026 7 5211 2841 7 5212 2844 7 5213 3714 33 5214 3716 33 5215 3718 33 5216 3714 33 5217 3718 33 5218 3712 33 5219 3033 992 5220 2837 992 5221 2838 992 5222 3033 993 5223 2838 993 5224 3032 993 5225 4736 994 5226 4738 994 5227 4737 994 5228 4736 994 5229 4737 994 5230 4734 994 5231 4838 995 5232 4850 995 5233 4849 995 5234 4838 996 5235 4849 996 5236 4837 996 5237 4608 997 5238 4607 997 5239 4649 997 5240 4608 998 5241 4649 998 5242 4642 998 5243 3516 7 5244 3518 7 5245 3525 7 5246 3516 7 5247 3525 7 5248 3523 7 5249 4668 999 5250 4670 999 5251 4667 999 5252 4668 1000 5253 4667 1000 5254 4666 1000 5255 4735 1001 5256 4736 1001 5257 4734 1001 5258 4735 1002 5259 4734 1002 5260 4733 1002 5261 4915 10 5262 4912 10 5263 4913 10 5264 4915 10 5265 4913 10 5266 4914 10 5267 4425 52 5268 4424 52 5269 4423 52 5270 4425 52 5271 4423 52 5272 4419 52 5273 3539 52 5274 3537 52 5275 3535 52 5276 3539 52 5277 3535 52 5278 3528 52 5279 3809 12 5280 3818 12 5281 3804 12 5282 3809 12 5283 3804 12 5284 3806 12 5285 4267 0 5286 4271 0 5287 4270 0 5288 4267 0 5289 4270 0 5290 4269 0 5291 4860 1003 5292 4810 1003 5293 4812 1003 5294 4860 1004 5295 4812 1004 5296 4859 1004 5297 4805 1005 5298 4883 1005 5299 4882 1005 5300 4805 1006 5301 4882 1006 5302 4803 1006 5303 4986 1007 5304 4987 1007 5305 5002 1007 5306 4986 1008 5307 5002 1008 5308 5001 1008 5309 2848 10 5310 2847 10 5311 2865 10 5312 2848 10 5313 2865 10 5314 2863 10 5315 3306 0 5316 3309 0 5317 3308 0 5318 3306 0 5319 3308 0 5320 3307 0 5321 4459 12 5322 4470 12 5323 4456 12 5324 4459 12 5325 4456 12 5326 4457 12 5327 4921 1009 5328 4916 1009 5329 4925 1009 5330 4921 1010 5331 4925 1010 5332 4922 1010 5333 3072 1011 5334 3073 1011 5335 3070 1011 5336 3072 1012 5337 3070 1012 5338 3071 1012 5339 4733 1013 5340 4734 1013 5341 4732 1013 5342 4733 1014 5343 4732 1014 5344 4731 1014 5345 3502 1015 5346 3504 1015 5347 3500 1015 5348 3502 1016 5349 3500 1016 5350 3499 1016 5351 3508 1017 5352 3513 1017 5353 3512 1017 5354 3508 1018 5355 3512 1018 5356 3510 1018 5357 3167 1019 5358 3166 1019 5359 3223 1019 5360 3167 1020 5361 3223 1020 5362 3215 1020 5363 3551 12 5364 3559 12 5365 3549 12 5366 3551 12 5367 3549 12 5368 3550 12 5369 4573 0 5370 4576 0 5371 4575 0 5372 4573 0 5373 4575 0 5374 4574 0 5375 3536 10 5376 3538 10 5377 3530 10 5378 3536 10 5379 3530 10 5380 3532 10 5381 4928 12 5382 4927 12 5383 4933 12 5384 4928 12 5385 4933 12 5386 4931 12 5387 3558 52 5388 3556 52 5389 3554 52 5390 3558 52 5391 3554 52 5392 3548 52 5393 3216 1021 5394 3167 1021 5395 3215 1021 5396 3216 1022 5397 3215 1022 5398 3214 1022 5399 3541 0 5400 3545 0 5401 3544 0 5402 3541 0 5403 3544 0 5404 3543 0 5405 2850 1023 5406 2856 1023 5407 2855 1023 5408 2850 1024 5409 2855 1024 5410 2853 1024 5411 3190 1025 5412 3191 1025 5413 3189 1025 5414 3190 1026 5415 3189 1026 5416 3188 1026 5417 4954 1027 5418 4953 1027 5419 4992 1027 5420 4992 10 5421 4951 10 5422 4950 10 5423 4992 10 5424 4950 10 5425 4954 10 5426 3570 52 5427 3569 52 5428 3567 52 5429 3570 52 5430 3567 52 5431 3560 52 5432 3672 12 5433 3686 12 5434 3666 12 5435 3672 12 5436 3666 12 5437 3669 12 5438 4708 1028 5439 4780 1028 5440 4779 1028 5441 4708 1029 5442 4779 1029 5443 4707 1029 5444 4938 7 5445 4940 7 5446 4941 7 5447 4938 7 5448 4941 7 5449 4943 7 5450 3572 52 5451 3587 52 5452 3586 52 5453 3572 52 5454 3586 52 5455 3583 52 5456 4348 1030 5457 4351 1030 5458 4384 1030 5459 4348 1031 5460 4384 1031 5461 4350 1031 5462 3730 33 5463 3732 33 5464 3727 33 5465 3730 33 5466 3727 33 5467 3729 33 5468 4974 7 5469 4978 7 5470 4977 7 5471 4974 7 5472 4977 7 5473 4976 7 5474 3150 1032 5475 3151 1032 5476 3149 1032 5477 3150 1033 5478 3149 1033 5479 3148 1033 5480 4885 1034 5481 4886 1034 5482 4892 1034 5483 4885 1035 5484 4892 1035 5485 4884 1035 5486 4775 1036 5487 4776 1036 5488 4778 1036 5489 4775 1037 5490 4778 1037 5491 4784 1037 5492 3262 1038 5493 3263 1038 5494 3283 1038 5495 3262 1039 5496 3283 1039 5497 3282 1039 5498 3039 1040 5499 3041 1040 5500 3040 1040 5501 3039 1041 5502 3040 1041 5503 3038 1041 5504 4639 1042 5505 4640 1042 5506 4664 1042 5507 4639 1043 5508 4664 1043 5509 4663 1043 5510 2895 33 5511 2897 33 5512 2892 33 5513 2895 33 5514 2892 33 5515 2893 33 5516 3588 52 5517 3595 52 5518 3594 52 5519 3588 52 5520 3594 52 5521 3592 52 5522 3107 1044 5523 3120 1044 5524 3119 1044 5525 3107 1045 5526 3119 1045 5527 3106 1045 5528 4929 52 5529 4932 52 5530 4930 52 5531 4929 52 5532 4930 52 5533 4926 52 5534 2843 10 5535 2836 10 5536 2870 10 5537 2843 10 5538 2870 10 5539 2868 10 5540 4007 1046 5541 4005 1046 5542 4021 1046 5543 4007 1047 5544 4021 1047 5545 4020 1047 5546 4325 12 5547 4329 12 5548 4322 12 5549 4325 12 5550 4322 12 5551 4323 12 5552 3951 1048 5553 3956 1048 5554 3955 1048 5555 3951 1049 5556 3955 1049 5557 3953 1049 5558 4620 1050 5559 4621 1050 5560 4618 1050 5561 4620 1051 5562 4618 1051 5563 4617 1051 5564 3115 1052 5565 3125 1052 5566 3126 1052 5567 3115 1053 5568 3126 1053 5569 3114 1053 5570 4290 52 5571 4298 52 5572 4297 52 5573 4290 52 5574 4297 52 5575 4295 52 5576 3604 52 5577 3597 52 5578 3607 52 5579 3604 52 5580 3607 52 5581 3606 52 5582 4611 1054 5583 4612 1054 5584 4610 1054 5585 4611 1055 5586 4610 1055 5587 4605 1055 5588 3267 1056 5589 3268 1056 5590 3274 1056 5591 3267 1057 5592 3274 1057 5593 3287 1057 5594 4517 7 5595 4524 7 5596 4522 7 5597 4517 7 5598 4522 7 5599 4518 7 5600 3601 33 5601 3603 33 5602 3605 33 5603 3601 33 5604 3605 33 5605 3599 33 5606 4794 1058 5607 4811 1058 5608 4809 1058 5609 4794 1059 5610 4809 1059 5611 4796 1059 5612 3380 0 5613 3383 0 5614 3382 0 5615 3380 0 5616 3382 0 5617 3381 0 5618 3199 1060 5619 3241 1060 5620 3240 1060 5621 3199 1061 5622 3240 1061 5623 3198 1061 5624 3830 12 5625 3832 12 5626 3838 12 5627 3830 12 5628 3838 12 5629 3828 12 5630 2833 1062 5631 2832 1062 5632 2878 1062 5633 2833 1063 5634 2878 1063 5635 2876 1063 5636 3581 7 5637 3575 7 5638 3573 7 5639 3581 7 5640 3573 7 5641 3584 7 5642 4525 52 5643 4528 52 5644 4527 52 5645 4525 52 5646 4527 52 5647 4526 52 5648 2931 10 5649 2933 10 5650 2926 10 5651 2931 10 5652 2926 10 5653 2928 10 5654 3579 33 5655 3582 33 5656 3585 33 5657 3579 33 5658 3585 33 5659 3577 33 5660 3540 7 5661 3547 7 5662 3546 7 5663 3540 7 5664 3546 7 5665 3542 7 5666 3618 12 5667 3619 12 5668 3627 12 5669 3618 12 5670 3627 12 5671 3617 12 5672 3709 0 5673 3715 0 5674 3713 0 5675 3709 0 5676 3713 0 5677 3711 0 5678 4908 7 5679 4905 7 5680 4895 7 5681 4908 7 5682 4895 7 5683 4900 7 5684 4844 1064 5685 4856 1064 5686 4855 1064 5687 4844 1065 5688 4855 1065 5689 4843 1065 5690 4445 10 5691 4447 10 5692 4449 10 5693 4445 10 5694 4449 10 5695 4444 10 5696 3625 33 5697 3620 33 5698 3621 33 5699 3625 33 5700 3621 33 5701 3623 33 5702 4396 1066 5703 4399 1066 5704 4398 1066 5705 4396 1067 5706 4398 1067 5707 4397 1067 5708 3629 12 5709 3630 12 5710 3631 12 5711 3629 12 5712 3631 12 5713 3628 12 5714 4799 1068 5715 4801 1068 5716 4798 1068 5717 4799 1069 5718 4798 1069 5719 4797 1069 5720 3789 0 5721 3796 0 5722 3794 0 5723 3789 0 5724 3794 0 5725 3792 0 5726 3423 1070 5727 3449 1070 5728 3448 1070 5729 3423 1071 5730 3448 1071 5731 3425 1071 5732 3302 1072 5733 3305 1072 5734 3303 1072 5735 3302 1073 5736 3303 1073 5737 3304 1073 5738 4968 52 5739 4969 52 5740 4967 52 5741 4968 52 5742 4967 52 5743 4966 52 5744 3430 1074 5745 3431 1074 5746 3432 1074 5747 3432 1075 5748 3434 1075 5749 3436 1075 5750 3436 12 5751 3438 12 5752 3470 12 5753 3470 1076 5754 3469 1076 5755 3468 1076 5756 3468 12 5757 3467 12 5758 3466 12 5759 3466 12 5760 3465 12 5761 3464 12 5762 3464 1077 5763 3459 1077 5764 3461 1077 5765 3461 1078 5766 3462 1078 5767 3463 1078 5768 3463 12 5769 3418 12 5770 3421 12 5771 3421 12 5772 3422 12 5773 3424 12 5774 3424 1079 5775 3426 1079 5776 3428 1079 5777 3428 12 5778 3429 12 5779 3430 12 5780 3430 12 5781 3432 12 5782 3436 12 5783 3436 1080 5784 3470 1080 5785 3468 1080 5786 3468 1081 5787 3466 1081 5788 3464 1081 5789 3464 12 5790 3461 12 5791 3463 12 5792 3463 1082 5793 3421 1082 5794 3424 1082 5795 3424 1083 5796 3428 1083 5797 3430 1083 5798 3430 12 5799 3436 12 5800 3468 12 5801 3468 12 5802 3464 12 5803 3463 12 5804 3463 12 5805 3424 12 5806 3430 12 5807 3468 12 5808 3463 12 5809 3430 12 5810 3633 12 5811 3634 12 5812 3641 12 5813 3633 12 5814 3641 12 5815 3632 12 5816 4597 7 5817 4603 7 5818 4601 7 5819 4597 7 5820 4601 7 5821 4598 7 5822 3372 7 5823 3377 7 5824 3375 7 5825 3372 7 5826 3375 7 5827 3373 7 5828 4651 1084 5829 4678 1084 5830 4679 1084 5831 4651 1085 5832 4679 1085 5833 4650 1085 5834 3626 52 5835 3624 52 5836 3622 52 5837 3626 52 5838 3622 52 5839 3616 52 5840 3442 1086 5841 3478 1086 5842 3476 1086 5843 3442 1087 5844 3476 1087 5845 3441 1087 5846 4403 12 5847 4408 12 5848 4407 12 5849 4403 12 5850 4407 12 5851 4406 12 5852 4994 1088 5853 5004 1088 5854 5005 1088 5855 4994 1089 5856 5005 1089 5857 4993 1089 5858 4471 0 5859 4475 0 5860 4473 0 5861 4471 0 5862 4473 0 5863 4472 0 5864 3644 12 5865 3651 12 5866 3642 12 5867 3644 12 5868 3642 12 5869 3643 12 5870 3053 1090 5871 3055 1090 5872 3054 1090 5873 3053 1091 5874 3054 1091 5875 3052 1091 5876 3197 1092 5877 3239 1092 5878 3238 1092 5879 3197 1093 5880 3238 1093 5881 3196 1093 5882 3637 7 5883 3633 7 5884 3632 7 5885 3637 7 5886 3632 7 5887 3639 7 5888 3118 1094 5889 3122 1094 5890 3123 1094 5891 3118 1095 5892 3123 1095 5893 3117 1095 5894 2780 7 5895 2783 7 5896 2782 7 5897 2780 7 5898 2782 7 5899 2781 7 5900 3646 33 5901 3648 33 5902 3650 33 5903 3646 33 5904 3650 33 5905 3645 33 5906 3181 1096 5907 3184 1096 5908 3183 1096 5909 3181 1097 5910 3183 1097 5911 3180 1097 5912 3292 1098 5913 3293 1098 5914 3294 1098 5915 3292 1099 5916 3294 1099 5917 3291 1099 5918 4625 1100 5919 4626 1100 5920 4624 1100 5921 4625 1101 5922 4624 1101 5923 4623 1101 5924 3653 12 5925 3655 12 5926 3661 12 5927 3653 12 5928 3661 12 5929 3652 12 5930 2762 1102 5931 2779 1102 5932 2778 1102 5933 2762 1103 5934 2778 1103 5935 2763 1103 5936 4957 33 5937 4958 33 5938 4952 33 5939 4957 33 5940 4952 33 5941 4955 33 5942 3647 7 5943 3643 7 5944 3642 7 5945 3647 7 5946 3642 7 5947 3649 7 5948 3289 1104 5949 3295 1104 5950 3297 1104 5951 3289 1105 5952 3297 1105 5953 3288 1105 5954 3031 1106 5955 2839 1106 5956 2840 1106 5957 3031 1107 5958 2840 1107 5959 3030 1107 5960 3906 1108 5961 3907 1108 5962 3904 1108 5963 3906 1109 5964 3904 1109 5965 3902 1109 5966 3663 12 5967 3664 12 5968 3665 12 5969 3663 12 5970 3665 12 5971 3662 12 5972 3757 52 5973 3775 52 5974 3773 52 5975 3757 52 5976 3773 52 5977 3770 52 5978 4245 12 5979 4248 12 5980 4242 12 5981 4245 12 5982 4242 12 5983 4244 12 5984 3657 7 5985 3653 7 5986 3652 7 5987 3657 7 5988 3652 7 5989 3658 7 5990 4431 7 5991 4439 7 5992 4437 7 5993 4431 7 5994 4437 7 5995 4432 7 5996 4755 1110 5997 4756 1110 5998 4754 1110 5999 4755 1111 6000 4754 1111 6001 4753 1111 6002 3262 1112 6003 3282 1112 6004 3281 1112 6005 3262 1113 6006 3281 1113 6007 3261 1113 6008 3259 1114 6009 3260 1114 6010 3280 1114 6011 3259 1115 6012 3280 1115 6013 3258 1115 6014 3574 0 6015 3580 0 6016 3578 0 6017 3574 0 6018 3578 0 6019 3576 0 6020 2918 1116 6021 2955 1116 6022 2953 1116 6023 2918 1117 6024 2953 1117 6025 2919 1117 6026 3666 7 6027 3679 7 6028 3677 7 6029 3666 7 6030 3677 7 6031 3669 7 6032 3344 12 6033 3345 12 6034 3342 12 6035 3344 12 6036 3342 12 6037 3343 12 6038 3687 52 6039 3683 52 6040 3680 52 6041 3687 52 6042 3680 52 6043 3667 52 6044 3098 1118 6045 3099 1118 6046 3097 1118 6047 3098 1119 6048 3097 1119 6049 3096 1119 6050 4948 12 6051 2979 12 6052 2745 12 6053 4948 12 6054 2745 12 6055 4949 12 6056 4443 52 6057 4450 52 6058 4448 52 6059 4443 52 6060 4448 52 6061 4446 52 6062 3692 12 6063 3705 12 6064 3688 12 6065 3692 12 6066 3688 12 6067 3689 12 6068 2914 1120 6069 2962 1120 6070 2960 1120 6071 2914 1121 6072 2960 1121 6073 2915 1121 6074 4351 1122 6075 4352 1122 6076 4386 1122 6077 4351 1123 6078 4386 1123 6079 4385 1123 6080 3697 33 6081 3700 33 6082 3702 33 6083 3697 33 6084 3702 33 6085 3694 33 6086 3756 7 6087 3768 7 6088 3765 7 6089 3756 7 6090 3765 7 6091 3758 7 6092 3707 52 6093 3721 52 6094 3719 52 6095 3707 52 6096 3719 52 6097 3717 52 6098 4452 52 6099 4451 52 6100 4454 52 6101 4452 52 6102 4454 52 6103 4453 52 6104 3710 12 6105 3720 12 6106 3706 12 6107 3710 12 6108 3706 12 6109 3708 12 6110 3222 1124 6111 3176 1124 6112 3174 1124 6113 3222 1125 6114 3174 1125 6115 3221 1125 6116 3135 1126 6117 3136 1126 6118 3145 1126 6119 3135 1127 6120 3145 1127 6121 3134 1127 6122 3116 1128 6123 3124 1128 6124 3125 1128 6125 3116 1129 6126 3125 1129 6127 3115 1129 6128 3521 0 6129 3522 0 6130 3524 0 6131 3521 0 6132 3524 0 6133 3527 0 6134 4310 12 6135 4311 12 6136 4317 12 6137 4310 12 6138 4317 12 6139 4309 12 6140 3212 1130 6141 3250 1130 6142 3249 1130 6143 3212 1131 6144 3249 1131 6145 3211 1131 6146 3223 1132 6147 3224 1132 6148 3254 1132 6149 3223 1133 6150 3254 1133 6151 3253 1133 6152 4742 1134 6153 4698 1134 6154 4699 1134 6155 4742 1135 6156 4699 1135 6157 4774 1135 6158 3726 12 6159 3736 12 6160 3722 12 6161 3726 12 6162 3722 12 6163 3724 12 6164 4804 1136 6165 4802 1136 6166 4800 1136 6167 4804 1137 6168 4800 1137 6169 4808 1137 6170 3173 1138 6171 3228 1138 6172 3227 1138 6173 3173 1139 6174 3227 1139 6175 3171 1139 6176 3737 52 6177 3734 52 6178 3731 52 6179 3737 52 6180 3731 52 6181 3723 52 6182 4920 0 6183 4921 0 6184 4916 0 6185 4920 0 6186 4916 0 6187 4918 0 6188 4133 33 6189 4134 33 6190 4135 33 6191 4133 33 6192 4135 33 6193 4132 33 6194 3741 12 6195 3753 12 6196 3738 12 6197 3741 12 6198 3738 12 6199 3740 12 6200 3390 12 6201 3391 12 6202 3388 12 6203 3390 12 6204 3388 12 6205 3389 12 6206 4260 10 6207 4262 10 6208 4264 10 6209 4260 10 6210 4264 10 6211 4259 10 6212 4754 1140 6213 4768 1140 6214 4767 1140 6215 4754 1141 6216 4767 1141 6217 4752 1141 6218 3798 33 6219 3800 33 6220 3802 33 6221 3798 33 6222 3802 33 6223 3795 33 6224 4909 1142 6225 4945 1142 6226 4944 1142 6227 4909 1143 6228 4944 1143 6229 4911 1143 6230 3728 10 6231 3733 10 6232 3735 10 6233 3728 10 6234 3735 10 6235 3725 10 6236 4583 0 6237 4588 0 6238 4587 0 6239 4583 0 6240 4587 0 6241 4585 0 6242 3208 1144 6243 3209 1144 6244 3247 1144 6245 3208 1145 6246 3247 1145 6247 3246 1145 6248 3857 7 6249 3850 7 6250 3848 7 6251 3857 7 6252 3848 7 6253 3859 7 6254 4627 1146 6255 4630 1146 6256 4629 1146 6257 4627 1147 6258 4629 1147 6259 4628 1147 6260 4542 52 6261 4548 52 6262 4546 52 6263 4542 52 6264 4546 52 6265 4545 52 6266 3220 1148 6267 3172 1148 6268 3170 1148 6269 3220 1149 6270 3170 1149 6271 3219 1149 6272 3084 1150 6273 3088 1150 6274 3089 1150 6275 3084 1151 6276 3089 1151 6277 3082 1151 6278 3759 0 6279 3767 0 6280 3764 0 6281 3759 0 6282 3764 0 6283 3761 0 6284 3444 1152 6285 3481 1152 6286 3479 1152 6287 3444 1153 6288 3479 1153 6289 3443 1153 6290 3766 33 6291 3769 33 6292 3772 33 6293 3766 33 6294 3772 33 6295 3763 33 6296 3778 12 6297 3783 12 6298 3776 12 6299 3778 12 6300 3776 12 6301 3777 12 6302 3869 0 6303 3877 0 6304 3875 0 6305 3869 0 6306 3875 0 6307 3872 0 6308 3161 1154 6309 3158 1154 6310 3159 1154 6311 3159 1155 6312 3156 1155 6313 3154 1155 6314 3160 1156 6315 3161 1156 6316 3159 1156 6317 3159 1157 6318 3154 1157 6319 3160 1157 6320 4151 52 6321 4149 52 6322 4147 52 6323 4151 52 6324 4147 52 6325 4137 52 6326 4101 10 6327 4102 10 6328 4103 10 6329 4101 10 6330 4103 10 6331 4100 10 6332 3393 12 6333 3394 12 6334 3395 12 6335 3393 12 6336 3395 12 6337 3392 12 6338 4539 33 6339 4540 33 6340 4537 33 6341 4539 33 6342 4537 33 6343 4538 33 6344 4783 1158 6345 4785 1158 6346 4786 1158 6347 4783 1159 6348 4786 1159 6349 4782 1159 6350 3255 1160 6351 3276 1160 6352 3275 1160 6353 3255 1161 6354 3275 1161 6355 3273 1161 6356 3441 517 6357 3476 517 6358 3474 517 6359 3441 518 6360 3474 518 6361 3472 518 6362 4506 10 6363 4511 10 6364 4514 10 6365 4506 10 6366 4514 10 6367 4504 10 6368 3688 7 6369 3701 7 6370 3698 7 6371 3688 7 6372 3698 7 6373 3689 7 6374 3760 10 6375 3762 10 6376 3771 10 6377 3760 10 6378 3771 10 6379 3774 10 6380 3746 33 6381 3749 33 6382 3751 33 6383 3746 33 6384 3751 33 6385 3743 33 6386 4792 1162 6387 4816 1162 6388 4815 1162 6389 4792 1163 6390 4815 1163 6391 4814 1163 6392 3454 1164 6393 3498 1164 6394 3497 1164 6395 3454 1165 6396 3497 1165 6397 3452 1165 6398 4458 0 6399 4464 0 6400 4462 0 6401 4458 0 6402 4462 0 6403 4460 0 6404 2984 12 6405 2986 12 6406 2981 12 6407 2984 12 6408 2981 12 6409 2983 12 6410 3384 0 6411 3387 0 6412 3386 0 6413 3384 0 6414 3386 0 6415 3385 0 6416 4852 1166 6417 4857 1166 6418 4858 1166 6419 4852 1167 6420 4858 1167 6421 4851 1167 6422 3913 1168 6423 3910 1168 6424 3929 1168 6425 3913 1169 6426 3929 1169 6427 3928 1169 6428 2925 10 6429 2923 10 6430 2937 10 6431 2925 10 6432 2937 10 6433 2940 10 6434 4634 1170 6435 4660 1170 6436 4659 1170 6437 4634 1171 6438 4659 1171 6439 4633 1171 6440 3754 52 6441 3750 52 6442 3748 52 6443 3754 52 6444 3748 52 6445 3739 52 6446 3793 10 6447 3801 10 6448 3803 10 6449 3793 10 6450 3803 10 6451 3791 10 6452 3952 1172 6453 4002 1172 6454 4001 1172 6455 3952 1173 6456 4001 1173 6457 3948 1173 6458 3819 52 6459 3816 52 6460 3814 52 6461 3819 52 6462 3814 52 6463 3805 52 6464 4631 1174 6465 4657 1174 6466 4656 1174 6467 4631 1175 6468 4656 1175 6469 4630 1175 6470 3078 1176 6471 3079 1176 6472 3076 1176 6473 3078 1177 6474 3076 1177 6475 3075 1177 6476 4199 33 6477 4193 33 6478 4194 33 6479 4199 33 6480 4194 33 6481 4196 33 6482 3234 1178 6483 3262 1178 6484 3261 1178 6485 3234 1179 6486 3261 1179 6487 3232 1179 6488 4070 12 6489 4074 12 6490 4068 12 6491 4070 12 6492 4068 12 6493 4069 12 6494 4581 52 6495 4591 52 6496 4590 52 6497 4581 52 6498 4590 52 6499 4589 52 6500 4577 7 6501 4580 7 6502 4579 7 6503 4577 7 6504 4579 7 6505 4578 7 6506 3503 1180 6507 3515 1180 6508 3514 1180 6509 3503 1181 6510 3514 1181 6511 3506 1181 6512 3188 1182 6513 3189 1182 6514 3185 1182 6515 3188 1183 6516 3185 1183 6517 3187 1183 6518 3326 0 6519 3329 0 6520 3328 0 6521 3326 0 6522 3328 0 6523 3327 0 6524 4702 1184 6525 4700 1184 6526 4695 1184 6527 4702 1185 6528 4695 1185 6529 4694 1185 6530 3785 10 6531 3786 10 6532 3787 10 6533 3785 10 6534 3787 10 6535 3784 10 6536 4956 7 6537 4961 7 6538 4960 7 6539 4956 7 6540 4960 7 6541 4959 7 6542 2756 12 6543 2758 12 6544 2785 12 6545 2756 12 6546 2785 12 6547 2784 12 6548 3612 33 6549 3613 33 6550 3614 33 6551 3612 33 6552 3614 33 6553 3611 33 6554 4822 1186 6555 4821 1186 6556 4876 1186 6557 4822 1187 6558 4876 1187 6559 4826 1187 6560 4121 52 6561 4131 52 6562 4130 52 6563 4121 52 6564 4130 52 6565 4129 52 6566 3610 12 6567 3615 12 6568 3608 12 6569 3610 12 6570 3608 12 6571 3609 12 6572 4997 1188 6573 4998 1188 6574 4999 1188 6575 4997 1189 6576 4999 1189 6577 4996 1189 6578 4214 7 6579 4222 7 6580 4220 7 6581 4214 7 6582 4220 7 6583 4216 7 6584 3836 52 6585 3834 52 6586 3829 52 6587 3836 52 6588 3829 52 6589 3839 52 6590 3590 33 6591 3591 33 6592 3593 33 6593 3590 33 6594 3593 33 6595 3589 33 6596 4722 1190 6597 4724 1190 6598 4771 1190 6599 4722 1191 6600 4771 1191 6601 4781 1191 6602 3823 10 6603 3826 10 6604 3827 10 6605 3823 10 6606 3827 10 6607 3822 10 6608 4609 1192 6609 4641 1192 6610 4640 1192 6611 4609 1193 6612 4640 1193 6613 4606 1193 6614 3780 33 6615 3781 33 6616 3782 33 6617 3780 33 6618 3782 33 6619 3779 33 6620 3842 12 6621 3847 12 6622 3840 12 6623 3842 12 6624 3840 12 6625 3841 12 6626 4688 675 6627 4689 675 6628 4686 675 6629 4688 1194 6630 4686 1194 6631 4687 1194 6632 3965 1195 6633 4020 1195 6634 4021 1195 6635 3965 1196 6636 4021 1196 6637 3963 1196 6638 4484 33 6639 4487 33 6640 4489 33 6641 4484 33 6642 4489 33 6643 4482 33 6644 3844 33 6645 3845 33 6646 3846 33 6647 3844 33 6648 3846 33 6649 3843 33 6650 3807 0 6651 3813 0 6652 3812 0 6653 3807 0 6654 3812 0 6655 3810 0 6656 3565 33 6657 3566 33 6658 3568 33 6659 3565 33 6660 3568 33 6661 3564 33 6662 3850 12 6663 3853 12 6664 3864 12 6665 3850 12 6666 3864 12 6667 3848 12 6668 4078 33 6669 4079 33 6670 4081 33 6671 4078 33 6672 4081 33 6673 4077 33 6674 3235 1197 6675 3236 1197 6676 3237 1197 6677 3235 1198 6678 3237 1198 6679 3264 1198 6680 3862 52 6681 3860 52 6682 3849 52 6683 3862 52 6684 3849 52 6685 3865 52 6686 2874 52 6687 2875 52 6688 2877 52 6689 2877 52 6690 2879 52 6691 2881 52 6692 2881 52 6693 2883 52 6694 2885 52 6695 2885 52 6696 2886 52 6697 2887 52 6698 2887 52 6699 2888 52 6700 2889 52 6701 2889 52 6702 2890 52 6703 2891 52 6704 2891 52 6705 2932 52 6706 2930 52 6707 2930 52 6708 2939 52 6709 2936 52 6710 2935 52 6711 2941 52 6712 2942 52 6713 2930 52 6714 2936 52 6715 2935 52 6716 2891 52 6717 2930 52 6718 2935 52 6719 2942 52 6720 2943 52 6721 2944 52 6722 2891 52 6723 2935 52 6724 2942 52 6725 2885 52 6726 2887 52 6727 2889 52 6728 2889 1199 6729 2891 1199 6730 2942 1199 6731 2942 52 6732 2944 52 6733 2946 52 6734 2946 52 6735 2948 52 6736 2949 52 6737 2949 52 6738 2950 52 6739 2952 52 6740 2952 52 6741 2954 52 6742 2957 52 6743 2957 52 6744 2959 52 6745 2961 52 6746 2963 52 6747 2964 52 6748 2965 52 6749 2957 52 6750 2961 52 6751 2963 52 6752 2949 52 6753 2952 52 6754 2957 52 6755 2942 52 6756 2946 52 6757 2949 52 6758 2885 52 6759 2889 52 6760 2942 52 6761 2877 52 6762 2881 52 6763 2885 52 6764 2872 52 6765 2874 52 6766 2877 52 6767 2866 52 6768 2867 52 6769 2869 52 6770 2869 52 6771 2872 52 6772 2877 52 6773 2877 52 6774 2885 52 6775 2942 52 6776 2942 52 6777 2949 52 6778 2957 52 6779 2942 52 6780 2957 52 6781 2963 52 6782 2869 52 6783 2877 52 6784 2942 52 6785 2999 52 6786 2864 52 6787 2866 52 6788 2866 1200 6789 2869 1200 6790 2942 1200 6791 2942 52 6792 2963 52 6793 2965 52 6794 2965 52 6795 2970 52 6796 2969 52 6797 2969 52 6798 3010 52 6799 3009 52 6800 3009 52 6801 3018 52 6802 3016 52 6803 3016 52 6804 3015 52 6805 3007 52 6806 3007 52 6807 3008 52 6808 2968 52 6809 2967 52 6810 2966 52 6811 2934 52 6812 3007 52 6813 2968 52 6814 2967 52 6815 3009 52 6816 3016 52 6817 3007 52 6818 2965 52 6819 2969 52 6820 3009 52 6821 2866 1201 6822 2942 1201 6823 2965 1201 6824 3000 52 6825 2999 52 6826 2866 52 6827 3004 52 6828 3002 52 6829 3000 52 6830 3007 52 6831 2967 52 6832 2934 52 6833 2934 52 6834 3004 52 6835 3000 52 6836 3000 1202 6837 2866 1202 6838 2965 1202 6839 2965 52 6840 3009 52 6841 3007 52 6842 3007 1203 6843 2934 1203 6844 3000 1203 6845 2965 52 6846 3007 52 6847 3000 52 6848 4640 1204 6849 4641 1204 6850 4665 1204 6851 4640 1205 6852 4665 1205 6853 4664 1205 6854 3399 33 6855 3396 33 6856 3397 33 6857 3399 33 6858 3397 33 6859 3398 33 6860 3855 10 6861 3861 10 6862 3863 10 6863 3855 10 6864 3863 10 6865 3852 10 6866 3886 1206 6867 3942 1206 6868 3941 1206 6869 3886 1207 6870 3941 1207 6871 3890 1207 6872 3867 52 6873 3885 52 6874 3882 52 6875 3867 52 6876 3882 52 6877 3879 52 6878 3868 12 6879 3871 12 6880 3884 12 6881 3868 12 6882 3884 12 6883 3866 12 6884 3410 12 6885 3411 12 6886 3408 12 6887 3410 12 6888 3408 12 6889 3409 12 6890 4996 1208 6891 4999 1208 6892 5000 1208 6893 4996 1209 6894 5000 1209 6895 4995 1209 6896 3005 1210 6897 3006 1210 6898 3014 1210 6899 3005 1210 6900 3014 1210 6901 3013 1210 6902 3917 772 6903 3919 772 6904 3915 772 6905 3917 773 6906 3915 773 6907 3914 773 6908 4740 1211 6909 4696 1211 6910 4697 1211 6911 4740 1212 6912 4697 1212 6913 4739 1212 6914 4989 1213 6915 4990 1213 6916 5005 1213 6917 4989 1214 6918 5005 1214 6919 5004 1214 6920 4491 7 6921 4497 7 6922 4496 7 6923 4491 7 6924 4496 7 6925 4492 7 6926 4463 33 6927 4466 33 6928 4468 33 6929 4463 33 6930 4468 33 6931 4461 33 6932 4787 1215 6933 4793 1215 6934 4795 1215 6935 4787 52 6936 4795 52 6937 4813 52 6938 4835 1216 6939 4836 1216 6940 4823 1216 6941 4835 1217 6942 4823 1217 6943 4824 1217 6944 4502 52 6945 4516 52 6946 4513 52 6947 4502 52 6948 4513 52 6949 4510 52 6950 4087 0 6951 4093 0 6952 4091 0 6953 4087 0 6954 4091 0 6955 4089 0 6956 4602 33 6957 4604 33 6958 4599 33 6959 4602 33 6960 4599 33 6961 4600 33 6962 3874 10 6963 3881 10 6964 3883 10 6965 3874 10 6966 3883 10 6967 3870 10 6968 3851 0 6969 3858 0 6970 3856 0 6971 3851 0 6972 3856 0 6973 3854 0 6974 4645 1218 6975 4646 1218 6976 4644 1218 6977 4645 1219 6978 4644 1219 6979 4643 1219 6980 3835 10 6981 3837 10 6982 3831 10 6983 3835 10 6984 3831 10 6985 3833 10 6986 3936 1220 6987 3990 1220 6988 3988 1220 6989 3936 1221 6990 3988 1221 6991 3934 1221 6992 4175 52 6993 4188 52 6994 4186 52 6995 4175 52 6996 4186 52 6997 4184 52 6998 4355 1222 6999 4390 1222 7000 4389 1222 7001 4355 1223 7002 4389 1223 7003 4354 1223 7004 3057 1224 7005 3109 1224 7006 3108 1224 7007 3057 1225 7008 3108 1225 7009 3056 1225 7010 4503 12 7011 4505 12 7012 4515 12 7013 4503 12 7014 4515 12 7015 4501 12 7016 3245 1226 7017 3266 1226 7018 3265 1226 7019 3245 1227 7020 3265 1227 7021 3244 1227 7022 4845 1228 7023 4857 1228 7024 4856 1228 7025 4845 1229 7026 4856 1229 7027 4844 1229 7028 3920 1230 7029 3921 1230 7030 3918 1230 7031 3920 1231 7032 3918 1231 7033 3916 1231 7034 5010 12 7035 5011 12 7036 5007 12 7037 5010 12 7038 5007 12 7039 5009 12 7040 4652 1232 7041 4653 1232 7042 4676 1232 7043 4652 1233 7044 4676 1233 7045 4677 1233 7046 3946 1234 7047 3961 1234 7048 3959 1234 7049 3946 1235 7050 3959 1235 7051 3950 1235 7052 4455 52 7053 4469 52 7054 4467 52 7055 4455 52 7056 4467 52 7057 4465 52 7058 3911 1236 7059 3912 1236 7060 3909 1236 7061 3911 1237 7062 3909 1237 7063 3908 1237 7064 3024 1238 7065 2851 1238 7066 2852 1238 7067 3024 1239 7068 2852 1239 7069 2854 1239 7070 3352 12 7071 3358 12 7072 3350 12 7073 3352 12 7074 3350 12 7075 3351 12 7076 4854 1240 7077 4855 1240 7078 4856 1240 7079 4854 1241 7080 4856 1241 7081 4853 1241 7082 4647 1242 7083 4648 1242 7084 4646 1242 7085 4647 1243 7086 4646 1243 7087 4645 1243 7088 4440 33 7089 4434 33 7090 4436 33 7091 4440 33 7092 4436 33 7093 4438 33 7094 4357 1220 7095 4392 1220 7096 4391 1220 7097 4357 1221 7098 4391 1221 7099 4356 1221 7100 2743 1244 7101 2744 1244 7102 2741 1244 7103 2743 1245 7104 2741 1245 7105 2742 1245 7106 3092 1246 7107 3095 1246 7108 3094 1246 7109 3092 1247 7110 3094 1247 7111 3093 1247 7112 4109 7 7113 4116 7 7114 4113 7 7115 4109 7 7116 4113 7 7117 4110 7 7118 4730 1248 7119 4762 1248 7120 4761 1248 7121 4730 1249 7122 4761 1249 7123 4729 1249 7124 4421 12 7125 4422 12 7126 4426 12 7127 4421 12 7128 4426 12 7129 4420 12 7130 4833 1250 7131 4834 1250 7132 4832 1250 7133 4833 1251 7134 4832 1251 7135 4830 1251 7136 3893 1252 7137 3940 1252 7138 3939 1252 7139 3893 1253 7140 3939 1253 7141 3896 1253 7142 3896 1254 7143 3898 1254 7144 3895 1254 7145 3896 1255 7146 3895 1255 7147 3893 1255 7148 3129 1256 7149 3130 1256 7150 3144 1256 7151 3129 1257 7152 3144 1257 7153 3143 1257 7154 2972 1258 7155 2973 1258 7156 2735 1258 7157 2972 1259 7158 2735 1259 7159 2971 1259 7160 3012 1260 7161 3017 1260 7162 3019 1260 7163 3012 1260 7164 3019 1260 7165 3011 1260 7166 3062 1261 7167 3063 1261 7168 3061 1261 7169 3062 1262 7170 3061 1262 7171 3060 1262 7172 4907 33 7173 4898 33 7174 4896 33 7175 4907 33 7176 4896 33 7177 4910 33 7178 4105 52 7179 4104 52 7180 4107 52 7181 4105 52 7182 4107 52 7183 4106 52 7184 3906 1263 7185 3935 1263 7186 3932 1263 7187 3906 1264 7188 3932 1264 7189 3908 1264 7190 4046 10 7191 4054 10 7192 4057 10 7193 4046 10 7194 4057 10 7195 4043 10 7196 4820 1265 7197 4848 1265 7198 4847 1265 7199 4820 1266 7200 4847 1266 7201 4819 1266 7202 3927 601 7203 3982 601 7204 3980 601 7205 3927 602 7206 3980 602 7207 3926 602 7208 4201 10 7209 4191 10 7210 4192 10 7211 4201 10 7212 4192 10 7213 4198 10 7214 4013 12 7215 4016 12 7216 3976 12 7217 3976 12 7218 3977 12 7219 3979 12 7220 3979 1267 7221 3981 1267 7222 3983 1267 7223 3983 12 7224 3984 12 7225 3986 12 7226 3986 1268 7227 3989 1268 7228 3991 1268 7229 3991 12 7230 3992 12 7231 3993 12 7232 3993 12 7233 3994 12 7234 3996 12 7235 3996 1269 7236 3998 1269 7237 3999 1269 7238 3999 1270 7239 4000 1270 7240 4001 1270 7241 4001 12 7242 4002 12 7243 4003 12 7244 4003 1271 7245 4006 1271 7246 4008 1271 7247 4008 1272 7248 4010 1272 7249 4013 1272 7250 4013 1273 7251 3976 1273 7252 3979 1273 7253 3979 12 7254 3983 12 7255 3986 12 7256 3986 12 7257 3991 12 7258 3993 12 7259 3993 1274 7260 3996 1274 7261 3999 1274 7262 3999 12 7263 4001 12 7264 4003 12 7265 4003 12 7266 4008 12 7267 4013 12 7268 4013 1275 7269 3979 1275 7270 3986 1275 7271 3986 1276 7272 3993 1276 7273 3999 1276 7274 3999 12 7275 4003 12 7276 4013 12 7277 3986 1277 7278 3999 1277 7279 4013 1277 7280 3903 1278 7281 3905 1278 7282 3901 1278 7283 3903 1279 7284 3901 1279 7285 3899 1279 7286 4404 33 7287 4410 33 7288 4409 33 7289 4404 33 7290 4409 33 7291 4405 33 7292 3920 1280 7293 3916 1280 7294 3927 1280 7295 3920 1281 7296 3927 1281 7297 3926 1281 7298 3954 1282 7299 4003 1282 7300 4002 1282 7301 3954 1283 7302 4002 1283 7303 3952 1283 7304 3027 33 7305 2845 33 7306 2846 33 7307 3027 33 7308 2846 33 7309 3025 33 7310 2911 1284 7311 2913 1284 7312 2912 1284 7313 2911 1285 7314 2912 1285 7315 2910 1285 7316 4551 7 7317 4550 7 7318 4549 7 7319 4551 7 7320 4549 7 7321 4552 7 7322 3893 1286 7323 3895 1286 7324 3892 1286 7325 3893 1287 7326 3892 1287 7327 3890 1287 7328 2907 1288 7329 2909 1288 7330 2908 1288 7331 2907 1289 7332 2908 1289 7333 2906 1289 7334 4654 1290 7335 4675 1290 7336 4676 1290 7337 4654 1291 7338 4676 1291 7339 4653 1291 7340 3691 10 7341 3695 10 7342 3703 10 7343 3691 10 7344 3703 10 7345 3704 10 7346 4826 1292 7347 4827 1292 7348 4825 1292 7349 4826 1293 7350 4825 1293 7351 4822 1293 7352 4012 1294 7353 4014 1294 7354 4011 1294 7355 4012 1295 7356 4011 1295 7357 4009 1295 7358 3070 1296 7359 3073 1296 7360 3113 1296 7361 3070 1297 7362 3113 1297 7363 3112 1297 7364 3971 1298 7365 4017 1298 7366 4018 1298 7367 3971 1299 7368 4018 1299 7369 3969 1299 7370 3064 1300 7371 3065 1300 7372 3063 1300 7373 3064 1301 7374 3063 1301 7375 3062 1301 7376 3337 12 7377 3341 12 7378 3334 12 7379 3337 12 7380 3334 12 7381 3335 12 7382 2974 1302 7383 2737 1302 7384 2735 1302 7385 2974 1303 7386 2735 1303 7387 2973 1303 7388 3926 1304 7389 3980 1304 7390 3978 1304 7391 3926 1305 7392 3978 1305 7393 3924 1305 7394 4742 1306 7395 4743 1306 7396 4741 1306 7397 4742 1307 7398 4741 1307 7399 4698 1307 7400 4055 52 7401 4053 52 7402 4051 52 7403 4055 52 7404 4051 52 7405 4038 52 7406 4829 1308 7407 4874 1308 7408 4872 1308 7409 4829 1309 7410 4872 1309 7411 4831 1309 7412 3563 12 7413 3571 12 7414 3561 12 7415 3563 12 7416 3561 12 7417 3562 12 7418 3162 1310 7419 3165 1310 7420 3163 1310 7421 3162 1311 7422 3163 1311 7423 3164 1311 7424 4022 12 7425 4032 12 7426 4030 12 7427 4022 12 7428 4030 12 7429 4028 12 7430 4862 1312 7431 4806 1312 7432 4807 1312 7433 4862 1313 7434 4807 1313 7435 4861 1313 7436 4818 1314 7437 4844 1314 7438 4843 1314 7439 4818 1315 7440 4843 1315 7441 4817 1315 7442 4865 1316 7443 4866 1316 7444 4863 1316 7445 4865 1317 7446 4863 1317 7447 4864 1317 7448 4479 52 7449 4490 52 7450 4488 52 7451 4479 52 7452 4488 52 7453 4485 52 7454 4174 7 7455 4183 7 7456 4181 7 7457 4174 7 7458 4181 7 7459 4176 7 7460 4366 1318 7461 4367 1318 7462 4365 1318 7463 4366 1319 7464 4365 1319 7465 4364 1319 7466 4353 1086 7467 4388 1086 7468 4387 1086 7469 4353 1087 7470 4387 1087 7471 4352 1087 7472 4351 1320 7473 4385 1320 7474 4382 1320 7475 4351 1321 7476 4382 1321 7477 4384 1321 7478 4061 12 7479 4067 12 7480 4058 12 7481 4061 12 7482 4058 12 7483 4059 12 7484 4752 1322 7485 4767 1322 7486 4766 1322 7487 4752 1323 7488 4766 1323 7489 4750 1323 7490 2835 1324 7491 2834 1324 7492 2873 1324 7493 2835 1325 7494 2873 1325 7495 2871 1325 7496 4495 10 7497 4498 10 7498 4499 10 7499 4495 10 7500 4499 10 7501 4493 10 7502 3186 1326 7503 3233 1326 7504 3231 1326 7505 3186 1327 7506 3231 1327 7507 3182 1327 7508 4619 1328 7509 4636 1328 7510 4635 1328 7511 4619 1329 7512 4635 1329 7513 4622 1329 7514 4041 0 7515 4049 0 7516 4047 0 7517 4041 0 7518 4047 0 7519 4044 0 7520 3890 1330 7521 3941 1330 7522 3940 1330 7523 3890 1331 7524 3940 1331 7525 3893 1331 7526 4012 1332 7527 4018 1332 7528 4017 1332 7529 4012 1333 7530 4017 1333 7531 4015 1333 7532 4990 1334 7533 4991 1334 7534 5006 1334 7535 4990 1335 7536 5006 1335 7537 5005 1335 7538 4671 1336 7539 4676 1336 7540 4675 1336 7541 4671 1337 7542 4675 1337 7543 4673 1337 7544 4725 1338 7545 4726 1338 7546 4758 1338 7547 4725 1339 7548 4758 1339 7549 4757 1339 7550 4040 12 7551 4042 12 7552 4056 12 7553 4040 12 7554 4056 12 7555 4039 12 7556 3332 10 7557 3333 10 7558 3330 10 7559 3332 10 7560 3330 10 7561 3331 10 7562 3176 1340 7563 3177 1340 7564 3175 1340 7565 3176 1341 7566 3175 1341 7567 3174 1341 7568 2980 10 7569 2978 10 7570 4947 10 7571 4947 10 7572 4946 10 7573 2982 10 7574 4947 1342 7575 2982 1342 7576 2980 1342 7577 4988 1343 7578 4989 1343 7579 5004 1343 7580 4988 1344 7581 5004 1344 7582 5003 1344 7583 4009 1345 7584 4019 1345 7585 4018 1345 7586 4009 1346 7587 4018 1346 7588 4012 1346 7589 4076 52 7590 4083 52 7591 4082 52 7592 4076 52 7593 4082 52 7594 4080 52 7595 3215 1347 7596 3223 1347 7597 3253 1347 7598 3215 1348 7599 3253 1348 7600 3213 1348 7601 3951 1349 7602 3953 1349 7603 3949 1349 7604 3951 1350 7605 3949 1350 7606 3947 1350 7607 4031 0 7608 4033 0 7609 4034 0 7610 4031 0 7611 4034 0 7612 4036 0 7613 4085 52 7614 4099 52 7615 4097 52 7616 4085 52 7617 4097 52 7618 4095 52 7619 4025 33 7620 4037 33 7621 4035 33 7622 4025 33 7623 4035 33 7624 4027 33 7625 3127 1351 7626 3128 1351 7627 3142 1351 7628 3127 1352 7629 3142 1352 7630 3141 1352 7631 4333 1353 7632 4361 1353 7633 4360 1353 7634 4333 1354 7635 4360 1354 7636 4335 1354 7637 3198 1355 7638 3240 1355 7639 3239 1355 7640 3198 1356 7641 3239 1356 7642 3197 1356 7643 4723 1357 7644 4724 1357 7645 4722 1357 7646 4723 1358 7647 4722 1358 7648 4721 1358 7649 4411 7 7650 4416 7 7651 4414 7 7652 4411 7 7653 4414 7 7654 4412 7 7655 4052 33 7656 4045 33 7657 4048 33 7658 4052 33 7659 4048 33 7660 4050 33 7661 3249 1359 7662 3250 1359 7663 3268 1359 7664 3249 1360 7665 3268 1360 7666 3267 1360 7667 3896 1361 7668 3939 1361 7669 3938 1361 7670 3896 1362 7671 3938 1362 7672 3899 1362 7673 3362 12 7674 3363 12 7675 3360 12 7676 3362 12 7677 3360 12 7678 3361 12 7679 4291 7 7680 4296 7 7681 4294 7 7682 4291 7 7683 4294 7 7684 4292 7 7685 3376 33 7686 3378 33 7687 3379 33 7688 3376 33 7689 3379 33 7690 3374 33 7691 4224 52 7692 4223 52 7693 4215 52 7694 4224 52 7695 4215 52 7696 4225 52 7697 4692 1363 7698 4693 1363 7699 4691 1363 7700 4692 1363 7701 4691 1363 7702 4690 1363 7703 3412 0 7704 3415 0 7705 3414 0 7706 3412 0 7707 3414 0 7708 3413 0 7709 4096 10 7710 4098 10 7711 4088 10 7712 4096 10 7713 4088 10 7714 4090 10 7715 4682 1364 7716 4685 1364 7717 4684 1364 7718 4682 1365 7719 4684 1365 7720 4680 1365 7721 3940 1366 7722 3941 1366 7723 3997 1366 7724 3940 1367 7725 3997 1367 7726 3995 1367 7727 2990 10 7728 2993 10 7729 2861 10 7730 2990 10 7731 2861 10 7732 2991 10 7733 3218 1368 7734 3169 1368 7735 3168 1368 7736 3218 1369 7737 3168 1369 7738 3217 1369 7739 3933 1370 7740 3987 1370 7741 3985 1370 7742 3933 1371 7743 3985 1371 7744 3931 1371 7745 4119 52 7746 4117 52 7747 4114 52 7748 4119 52 7749 4114 52 7750 4108 52 7751 5012 52 7752 5015 52 7753 5013 52 7754 5012 52 7755 5013 52 7756 5014 52 7757 4746 1372 7758 4773 1372 7759 4772 1372 7760 4746 1373 7761 4772 1373 7762 4748 1373 7763 4637 1374 7764 4638 1374 7765 4662 1374 7766 4637 1375 7767 4662 1375 7768 4661 1375 7769 3678 33 7770 3681 33 7771 3684 33 7772 3678 33 7773 3684 33 7774 3675 33 7775 3878 33 7776 3880 33 7777 3873 33 7778 3878 33 7779 3873 33 7780 3876 33 7781 3080 1376 7782 3081 1376 7783 3079 1376 7784 3080 1377 7785 3079 1377 7786 3078 1377 7787 2905 1378 7788 2907 1378 7789 2906 1378 7790 2905 1379 7791 2906 1379 7792 2904 1379 7793 3226 1380 7794 3257 1380 7795 3256 1380 7796 3226 1381 7797 3256 1381 7798 3225 1381 7799 2902 12 7800 2903 12 7801 2900 12 7802 2902 12 7803 2900 12 7804 2901 12 7805 4072 10 7806 4073 10 7807 4075 10 7808 4072 10 7809 4075 10 7810 4071 10 7811 2810 0 7812 2812 0 7813 2815 0 7814 2810 1382 7815 2815 1382 7816 2809 1382 7817 2803 1383 7818 2805 1383 7819 2807 1383 7820 2807 0 7821 2810 0 7822 2809 0 7823 2787 0 7824 2827 0 7825 2826 0 7826 2759 0 7827 2823 0 7828 2791 0 7829 2791 1384 7830 2795 1384 7831 2797 1384 7832 2797 1385 7833 2799 1385 7834 2801 1385 7835 2801 0 7836 2803 0 7837 2807 0 7838 2807 0 7839 2809 0 7840 2808 0 7841 2807 0 7842 2808 0 7843 2806 0 7844 2759 1386 7845 2791 1386 7846 2797 1386 7847 2787 0 7848 2826 0 7849 2786 0 7850 2788 0 7851 2787 0 7852 2786 0 7853 2801 1387 7854 2807 1387 7855 2806 1387 7856 2801 1388 7857 2806 1388 7858 2804 1388 7859 2788 0 7860 2786 0 7861 2757 0 7862 2801 0 7863 2804 0 7864 2802 0 7865 2788 0 7866 2757 0 7867 2759 0 7868 2801 0 7869 2802 0 7870 2800 0 7871 2789 0 7872 2788 0 7873 2759 0 7874 2792 0 7875 2789 0 7876 2759 0 7877 2797 0 7878 2801 0 7879 2800 0 7880 2797 0 7881 2800 0 7882 2798 0 7883 2793 0 7884 2792 0 7885 2759 0 7886 2797 1389 7887 2798 1389 7888 2796 1389 7889 2796 0 7890 2793 0 7891 2759 0 7892 2796 0 7893 2759 0 7894 2797 0 7895 4139 0 7896 4145 0 7897 4143 0 7898 4139 0 7899 4143 0 7900 4141 0 7901 3745 7 7902 3740 7 7903 3738 7 7904 3745 7 7905 3738 7 7906 3747 7 7907 4123 0 7908 4127 0 7909 4125 0 7910 4123 0 7911 4125 0 7912 4124 0 7913 2750 10 7914 2753 10 7915 2751 10 7916 2750 10 7917 2751 10 7918 2752 10 7919 4170 33 7920 4164 33 7921 4166 33 7922 4170 33 7923 4166 33 7924 4168 33 7925 4126 7 7926 4122 7 7927 4120 7 7928 4126 7 7929 4120 7 7930 4128 7 7931 4981 12 7932 4982 12 7933 4979 12 7934 4981 12 7935 4979 12 7936 4980 12 7937 4826 1390 7938 4876 1390 7939 4875 1390 7940 4826 1391 7941 4875 1391 7942 4828 1391 7943 2977 1392 7944 2738 1392 7945 2976 1392 7946 2977 1392 7947 2976 1392 7948 2975 1392 7949 3152 52 7950 3157 52 7951 3153 52 7952 3152 1393 7953 3153 1393 7954 3155 1393 7955 3338 10 7956 3339 10 7957 3340 10 7958 3338 10 7959 3340 10 7960 3336 10 7961 4345 1394 7962 4346 1394 7963 4344 1394 7964 4345 1395 7965 4344 1395 7966 4343 1395 7967 2746 10 7968 2749 10 7969 2747 10 7970 2746 10 7971 2747 10 7972 2748 10 7973 2849 1396 7974 2857 1396 7975 2856 1396 7976 2849 1397 7977 2856 1397 7978 2850 1397 7979 4155 12 7980 4159 12 7981 4153 12 7982 4155 12 7983 4153 12 7984 4154 12 7985 4167 7 7986 4161 7 7987 4160 7 7988 4167 7 7989 4160 7 7990 4169 7 7991 2739 1398 7992 2742 1398 7993 2741 1398 7994 2739 1398 7995 2741 1398 7996 2740 1398 7997 3257 1399 7998 3278 1399 7999 3277 1399 8000 3257 1400 8001 3277 1400 8002 3256 1400 8003 4719 1401 8004 4720 1401 8005 4712 1401 8006 4719 1402 8007 4712 1402 8008 4713 1402 8009 3797 7 8010 3790 7 8011 3788 7 8012 3797 7 8013 3788 7 8014 3799 7 8015 2858 33 8016 2859 33 8017 2860 33 8018 2858 33 8019 2860 33 8020 2992 33 8021 3194 1403 8022 3195 1403 8023 3193 1403 8024 3194 1403 8025 3193 1403 8026 3192 1403 8027 4165 10 8028 4171 10 8029 4172 10 8030 4165 10 8031 4172 10 8032 4162 10 8033 3682 10 8034 3685 10 8035 3670 10 8036 3682 10 8037 3670 10 8038 3673 10 8039 4163 12 8040 4173 12 8041 4160 12 8042 4163 12 8043 4160 12 8044 4161 12 8045 3285 1404 8046 3286 1404 8047 3296 1404 8048 3285 1405 8049 3296 1405 8050 3284 1405 8051 4364 1406 8052 4365 1406 8053 4363 1406 8054 4364 1407 8055 4363 1407 8056 4362 1407 8057 4748 1408 8058 4749 1408 8059 4747 1408 8060 4748 1409 8061 4747 1409 8062 4746 1409 8063 3529 0 8064 3534 0 8065 3533 0 8066 3529 0 8067 3533 0 8068 3531 0 8069 4023 52 8070 4029 52 8071 4024 52 8072 4023 52 8073 4024 52 8074 4026 52 8075 3051 1410 8076 3053 1410 8077 3052 1410 8078 3051 1411 8079 3052 1411 8080 3050 1411 8081 4839 1412 8082 4840 1412 8083 4841 1412 8084 4839 1413 8085 4841 1413 8086 4842 1413 8087 4217 0 8088 4221 0 8089 4219 0 8090 4217 0 8091 4219 0 8092 4218 0 8093 2767 33 8094 2773 33 8095 2772 33 8096 2767 33 8097 2772 33 8098 2770 33 8099 4428 10 8100 4429 10 8101 4430 10 8102 4428 10 8103 4430 10 8104 4427 10 8105 3042 1414 8106 3043 1414 8107 3138 1414 8108 3042 1415 8109 3138 1415 8110 3137 1415 8111 4195 52 8112 4190 52 8113 4200 52 8114 4195 52 8115 4200 52 8116 4197 52 8117 3357 10 8118 3359 10 8119 3353 10 8120 3357 10 8121 3353 10 8122 3354 10 8123 3103 1416 8124 3104 1416 8125 3102 1416 8126 3103 1417 8127 3102 1417 8128 3100 1417 8129 4669 1418 8130 4677 1418 8131 4676 1418 8132 4669 1419 8133 4676 1419 8134 4671 1419 8135 4942 52 8136 4897 52 8137 4899 52 8138 4893 52 8139 4902 52 8140 4901 52 8141 4942 52 8142 4899 52 8143 4893 52 8144 4893 52 8145 4901 52 8146 4942 52 8147 2771 10 8148 2825 10 8149 2817 10 8150 2771 10 8151 2817 10 8152 2769 10 8153 4303 10 8154 4306 10 8155 4307 10 8156 4303 10 8157 4307 10 8158 4301 10 8159 4702 1420 8160 4703 1420 8161 4701 1420 8162 4702 1421 8163 4701 1421 8164 4700 1421 8165 3320 10 8166 3321 10 8167 3318 10 8168 3320 10 8169 3318 10 8170 3319 10 8171 4415 33 8172 4417 33 8173 4418 33 8174 4415 33 8175 4418 33 8176 4413 33 8177 4251 0 8178 4256 0 8179 4255 0 8180 4251 0 8181 4255 0 8182 4253 0 8183 4562 10 8184 4564 10 8185 4555 10 8186 4562 10 8187 4555 10 8188 4556 10 8189 3101 1422 8190 3098 1422 8191 3132 1422 8192 3101 1423 8193 3132 1423 8194 3131 1423 8195 2822 1424 8196 2824 1424 8197 2760 1424 8198 2822 1425 8199 2760 1425 8200 2790 1425 8201 4213 52 8202 4212 52 8203 4211 52 8204 4213 52 8205 4211 52 8206 4210 52 8207 3416 1426 8208 3420 1426 8209 3417 1426 8210 3416 1427 8211 3417 1427 8212 3419 1427 8213 4734 1428 8214 4737 1428 8215 4763 1428 8216 4734 1429 8217 4763 1429 8218 4732 1429 8219 2813 7 8220 2811 7 8221 2821 7 8222 2813 7 8223 2821 7 8224 2819 7 8225 4846 1430 8226 4858 1430 8227 4857 1430 8228 4846 1431 8229 4857 1431 8230 4845 1431 8231 4205 33 8232 4206 33 8233 4208 33 8234 4205 33 8235 4208 33 8236 4204 33 8237 3815 10 8238 3817 10 8239 3808 10 8240 3815 10 8241 3808 10 8242 3811 10 8243 4179 10 8244 4187 10 8245 4189 10 8246 4179 10 8247 4189 10 8248 4177 10 8249 4633 1432 8250 4659 1432 8251 4658 1432 8252 4633 1433 8253 4658 1433 8254 4632 1433 8255 4140 12 8256 4150 12 8257 4136 12 8258 4140 12 8259 4136 12 8260 4138 12 8261 4278 12 8262 4288 12 8263 4274 12 8264 4278 12 8265 4274 12 8266 4276 12 8267 4112 33 8268 4115 33 8269 4118 33 8270 4112 33 8271 4118 33 8272 4111 33 8273 3450 1434 8274 3460 1434 8275 3458 1434 8276 3450 1435 8277 3458 1435 8278 3456 1435 8279 2814 33 8280 2820 33 8281 2818 33 8282 2814 33 8283 2818 33 8284 2816 33 8285 3003 12 8286 3020 12 8287 3021 12 8288 3003 12 8289 3021 12 8290 3001 12 8291 3348 12 8292 3349 12 8293 3346 12 8294 3348 12 8295 3346 12 8296 3347 12 8297 4240 52 8298 4237 52 8299 4235 52 8300 4240 52 8301 4235 52 8302 4226 52 8303 4709 1436 8304 4718 1436 8305 4717 1436 8306 4709 1437 8307 4717 1437 8308 4710 1437 8309 4970 12 8310 4971 12 8311 4983 12 8312 4970 12 8313 4983 12 8314 4985 12 8315 4715 1438 8316 4716 1438 8317 4714 1438 8318 4715 1439 8319 4714 1439 8320 4711 1439 8321 4247 52 8322 4246 52 8323 4243 52 8324 4247 52 8325 4243 52 8326 4249 52 8327 3045 1440 8328 3140 1440 8329 3139 1440 8330 3045 1441 8331 3139 1441 8332 3044 1441 8333 4395 1442 8334 4368 1442 8335 4369 1442 8336 4395 1443 8337 4369 1443 8338 4402 1443 8339 2733 1444 8340 2736 1444 8341 2734 1444 8342 2733 1445 8343 2734 1445 8344 2732 1445 8345 3908 1446 8346 3909 1446 8347 3907 1446 8348 3908 1447 8349 3907 1447 8350 3906 1447 8351 3086 1448 8352 3087 1448 8353 3085 1448 8354 3086 1449 8355 3085 1449 8356 3083 1449 8357 4595 12 8358 4596 12 8359 4593 12 8360 4595 12 8361 4593 12 8362 4594 12 8363 4530 33 8364 4531 33 8365 4532 33 8366 4530 33 8367 4532 33 8368 4529 33 8369 4084 7 8370 4094 7 8371 4092 7 8372 4084 7 8373 4092 7 8374 4086 7 8375 3825 7 8376 3824 7 8377 3821 7 8378 3825 7 8379 3821 7 8380 3820 7 8381 4238 10 8382 4241 10 8383 4228 10 8384 4238 10 8385 4228 10 8386 4231 10 8387 4680 1450 8388 4683 1450 8389 4681 1450 8390 4680 1451 8391 4681 1451 8392 4682 1451 8393 4180 33 8394 4182 33 8395 4185 33 8396 4180 33 8397 4185 33 8398 4178 33 8399 4480 7 8400 4486 7 8401 4483 7 8402 4480 7 8403 4483 7 8404 4481 7 8405 4265 52 8406 4263 52 8407 4261 52 8408 4265 52 8409 4261 52 8410 4258 52 8411 4790 1452 8412 4791 1452 8413 4789 1452 8414 4790 1453 8415 4789 1453 8416 4788 1453 8417 2929 12 8418 2927 12 8419 2924 12 8420 2929 12 8421 2924 12 8422 2938 12 8423 2828 1454 8424 4964 1454 8425 4962 1454 8426 4962 33 8427 4963 33 8428 4965 33 8429 4962 33 8430 4965 33 8431 2828 33 8432 3034 1455 8433 3037 1455 8434 3035 1455 8435 3034 1456 8436 3035 1456 8437 3036 1456 8438 4203 10 8439 4207 10 8440 4209 10 8441 4203 10 8442 4209 10 8443 4202 10 8444 4919 52 8445 4923 52 8446 4924 52 8447 4919 52 8448 4924 52 8449 4917 52 8450 3143 1457 8451 3144 1457 8452 3146 1457 8453 3143 1458 8454 3146 1458 8455 3147 1458 8456 4867 1459 8457 4868 1459 8458 4888 1459 8459 4867 1460 8460 4888 1460 8461 4887 1460 8462 3355 7 8463 3351 7 8464 3350 7 8465 3355 7 8466 3350 7 8467 3356 7 8468 4252 12 8469 4254 12 8470 4257 12 8471 4252 12 8472 4257 12 8473 4250 12 8474 2832 1461 8475 2831 1461 8476 2880 1461 8477 2832 1462 8478 2880 1462 8479 2878 1462 8480 4887 1463 8481 4888 1463 8482 4890 1463 8483 4887 1464 8484 4890 1464 8485 4891 1464 8486 3944 1465 8487 3945 1465 8488 3943 1465 8489 3944 1466 8490 3943 1466 8491 3888 1466 8492 3206 1467 8493 3207 1467 8494 3203 1467 8495 3206 1468 8496 3203 1468 8497 3204 1468 8498 3324 52 8499 3323 52 8500 3322 52 8501 3324 52 8502 3322 52 8503 3325 52 8504 4004 1469 8505 4006 1469 8506 4003 1469 8507 4004 1470 8508 4003 1470 8509 3954 1470 8510 4272 7 8511 4268 7 8512 4266 7 8513 4272 7 8514 4266 7 8515 4273 7 8516 3032 1471 8517 2838 1471 8518 2839 1471 8519 3032 1472 8520 2839 1472 8521 3031 1472 8522 4275 52 8523 4289 52 8524 4286 52 8525 4275 52 8526 4286 52 8527 4283 52 8528 4341 1446 8529 4342 1446 8530 4340 1446 8531 4341 1447 8532 4340 1447 8533 4339 1447 8534 4937 0 8535 4936 0 8536 4939 0 8537 4939 0 8538 4935 0 8539 4934 0 8540 4939 0 8541 4934 0 8542 4937 0 8543 4281 33 8544 4282 33 8545 4285 33 8546 4281 33 8547 4285 33 8548 4280 33 8549 2862 1473 8550 2996 1473 8551 2995 1473 8552 2862 1474 8553 2995 1474 8554 2994 1474 8555 4279 10 8556 4284 10 8557 4287 10 8558 4279 10 8559 4287 10 8560 4277 10 8561 5007 7 8562 5008 7 8563 2754 7 8564 2754 7 8565 2755 7 8566 5009 7 8567 5007 1475 8568 2754 1475 8569 5009 1475 8570 3022 1476 8571 3023 1476 8572 2997 1476 8573 3022 1477 8574 2997 1477 8575 2998 1477 8576 4293 12 8577 4299 12 8578 4291 12 8579 4293 12 8580 4291 12 8581 4292 12 8582 4064 7 8583 4063 7 8584 4059 7 8585 4064 7 8586 4059 7 8587 4058 7 8588 4227 0 8589 4234 0 8590 4232 0 8591 4227 0 8592 4232 0 8593 4229 0 8594 4233 33 8595 4236 33 8596 4239 33 8597 4233 33 8598 4239 33 8599 4230 33 8600 3553 33 8601 3555 33 8602 3557 33 8603 3553 33 8604 3557 33 8605 3552 33 8606 2894 7 8607 2899 7 8608 2898 7 8609 2894 7 8610 2898 7 8611 2896 7 8612 4973 52 8613 4975 52 8614 4984 52 8615 4973 52 8616 4984 52 8617 4972 52 8618 3899 1478 8619 3938 1478 8620 3937 1478 8621 3899 1479 8622 3937 1479 8623 3903 1479 8624 4615 1480 8625 4616 1480 8626 4614 1480 8627 4615 1481 8628 4614 1481 8629 4613 1481 8630 4152 52 8631 4158 52 8632 4157 52 8633 4152 52 8634 4157 52 8635 4156 52 8636 4630 1482 8637 4656 1482 8638 4655 1482 8639 4630 1483 8640 4655 1483 8641 4629 1483 8642 4318 7 8643 4321 7 8644 4320 7 8645 4318 7 8646 4320 7 8647 4319 7 8648 4586 12 8649 4592 12 8650 4582 12 8651 4586 12 8652 4582 12 8653 4584 12 8654 4309 7 8655 4314 7 8656 4312 7 8657 4309 7 8658 4312 7 8659 4310 7 8660 2790 1484 8661 2760 1484 8662 2761 1484 8663 2790 1485 8664 2761 1485 8665 2794 1485 8666 3752 10 8667 3755 10 8668 3742 10 8669 3752 10 8670 3742 10 8671 3744 10 8672 3636 33 8673 3638 33 8674 3640 33 8675 3636 33 8676 3640 33 8677 3635 33 8678 3364 0 8679 3367 0 8680 3366 0 8681 3364 0 8682 3366 0 8683 3365 0 8684 4315 52 8685 4313 52 8686 4308 52 8687 4315 52 8688 4308 52 8689 4316 52 8690 4563 33 8691 4557 33 8692 4558 33 8693 4563 33 8694 4558 33 8695 4560 33 8696 4508 33 8697 4509 33 8698 4512 33 8699 4508 33 8700 4512 33 8701 4507 33 8702 4376 1486 8703 4378 1486 8704 4400 1486 8705 4376 1487 8706 4400 1487 8707 4401 1487 8708 4749 1488 8709 4765 1488 8710 4764 1488 8711 4749 1489 8712 4764 1489 8713 4747 1489 8714 3659 10 8715 3660 10 8716 3654 10 8717 3659 10 8718 3654 10 8719 3656 10 8720 4435 10 8721 4441 10 8722 4442 10 8723 4435 10 8724 4442 10 8725 4433 10 8726 4300 0 8727 4305 0 8728 4304 0 8729 4300 0 8730 4304 0 8731 4302 0 8732 3368 0 8733 3371 0 8734 3370 0 8735 3368 0 8736 3370 0 8737 3369 0 8738 3968 1490 8739 3967 1490 8740 3966 1490 8741 3966 1491 8742 3964 1491 8743 3957 1491 8744 3957 12 8745 3958 12 8746 3960 12 8747 3960 1492 8748 3962 1492 8749 3887 1492 8750 3887 1493 8751 3889 1493 8752 3891 1493 8753 3891 1494 8754 3894 1494 8755 3897 1494 8756 3897 1493 8757 3900 1493 8758 3904 1493 8759 3904 1495 8760 3907 1495 8761 3909 1495 8762 3909 12 8763 3912 12 8764 3915 12 8765 3915 1496 8766 3919 1496 8767 3922 1496 8768 3922 1490 8769 3973 1490 8770 3972 1490 8771 3972 1497 8772 3970 1497 8773 3968 1497 8774 3968 1498 8775 3966 1498 8776 3957 1498 8777 3957 12 8778 3960 12 8779 3887 12 8780 3887 1499 8781 3891 1499 8782 3897 1499 8783 3897 1500 8784 3904 1500 8785 3909 1500 8786 3909 12 8787 3915 12 8788 3922 12 8789 3922 1501 8790 3972 1501 8791 3968 1501 8792 3968 1502 8793 3957 1502 8794 3887 1502 8795 3887 12 8796 3897 12 8797 3909 12 8798 3909 12 8799 3922 12 8800 3968 12 8801 3887 12 8802 3909 12 8803 3968 12 8804 4358 1503 8805 4359 1503 8806 4394 1503 8807 4358 1504 8808 4394 1504 8809 4393 1504 8810 3451 1505 8811 3457 1505 8812 3455 1505 8813 3451 1506 8814 3455 1506 8815 3453 1506 8816 3106 1507 8817 3119 1507 8818 3118 1507 8819 3106 1508 8820 3118 1508 8821 3105 1508 8822 3446 1509 8823 3486 1509 8824 3484 1509 8825 3446 1510 8826 3484 1510 8827 3445 1510 8828 3179 1511 8829 3230 1511 8830 3229 1511 8831 3179 1512 8832 3229 1512 8833 3178 1512 8834 4894 33 8835 4906 33 8836 4904 33 8837 4894 33 8838 4904 33 8839 4903 33 8840 4673 1513 8841 4674 1513 8842 4672 1513 8843 4673 1514 8844 4672 1514 8845 4671 1514 8846 4326 10 8847 4327 10 8848 4328 10 8849 4326 10 8850 4328 10 8851 4324 10 8852 3279 1515 8853 3292 1515 8854 3291 1515 8855 3279 1516 8856 3291 1516 8857 3278 1516 8858 3119 1517 8859 3121 1517 8860 3122 1517 8861 3119 1518 8862 3122 1518 8863 3118 1518 8864 3596 7 8865 3602 7 8866 3600 7 8867 3596 7 8868 3600 7 8869 3598 7 8870 4760 1519 8871 4769 1519 8872 4770 1519 8873 4760 1520 8874 4770 1520 8875 4759 1520 8876 4879 1521 8877 4880 1521 8878 4892 1521 8879 4879 1522 8880 4892 1522 8881 4891 1522 8882 3202 1523 8883 3205 1523 8884 3204 1523 8885 3202 1524 8886 3204 1524 8887 3203 1524 8888 2919 1525 8889 2953 1525 8890 2951 1525 8891 2919 1526 8892 2951 1526 8893 2920 1526 8894 3068 1527 8895 3069 1527 8896 3067 1527 8897 3068 1528 8898 3067 1528 8899 3066 1528 8900 4383 1529 8901 4381 1529 8902 4380 1529 8903 4380 12 8904 4379 12 8905 4377 12 8906 4377 12 8907 4375 12 8908 4374 12 8909 4374 1530 8910 4370 1530 8911 4371 1530 8912 4371 1531 8913 4372 1531 8914 4373 1531 8915 4373 12 8916 4330 12 8917 4331 12 8918 4331 12 8919 4332 12 8920 4334 12 8921 4334 1532 8922 4336 1532 8923 4337 1532 8924 4337 1533 8925 4338 1533 8926 4340 1533 8927 4340 1534 8928 4342 1534 8929 4344 1534 8930 4344 1535 8931 4346 1535 8932 4347 1535 8933 4347 1536 8934 4349 1536 8935 4383 1536 8936 4383 12 8937 4380 12 8938 4377 12 8939 4377 1537 8940 4374 1537 8941 4371 1537 8942 4371 1538 8943 4373 1538 8944 4331 1538 8945 4331 12 8946 4334 12 8947 4337 12 8948 4337 1539 8949 4340 1539 8950 4344 1539 8951 4344 12 8952 4347 12 8953 4383 12 8954 4383 12 8955 4377 12 8956 4371 12 8957 4371 12 8958 4331 12 8959 4337 12 8960 4337 12 8961 4344 12 8962 4383 12 8963 4371 12 8964 4337 12 8965 4383 12 8966 3077 1540 8967 3090 1540 8968 3091 1540 8969 3077 1541 8970 3091 1541 8971 3074 1541 8972 4704 1542 8973 4705 1542 8974 4706 1542 8975 4704 1543 8976 4706 1543 8977 4777 1543 8978 2922 1544 8979 2921 1544 8980 2947 1544 8981 2922 1545 8982 2947 1545 8983 2945 1545 8984 3098 1546 8985 3096 1546 8986 3133 1546 8987 3098 1547 8988 3133 1547 8989 3132 1547 8990 3405 10 8991 3406 10 8992 3407 10 8993 3405 10 8994 3407 10 8995 3404 10 8996 3030 1548 8997 2840 1548 8998 2842 1548 8999 3030 1549 9000 2842 1549 9001 3029 1549 9002 4744 1550 9003 4745 1550 9004 4743 1550 9005 4744 1551 9006 4743 1551 9007 4742 1551 9008 3048 1552 9009 3049 1552 9010 3047 1552 9011 3048 1553 9012 3047 1553 9013 3046 1553 9014 4348 1554 9015 4353 1554 9016 4352 1554 9017 4348 1555 9018 4352 1555 9019 4351 1555 9020 3278 1556 9021 3291 1556 9022 3290 1556 9023 3278 1557 9024 3290 1557 9025 3277 1557 9026 2916 1558 9027 2958 1558 9028 2956 1558 9029 2916 1559 9030 2956 1559 9031 2917 1559 9032 4726 1560 9033 4727 1560 9034 4728 1560 9035 4726 1561 9036 4728 1561 9037 4758 1561 9038 4878 1562 9039 4879 1562 9040 4891 1562 9041 4878 1563 9042 4891 1563 9043 4890 1563 9044 2830 1564 9045 2829 1564 9046 2884 1564 9047 2830 1565 9048 2884 1565 9049 2882 1565 9050 4385 1566 9051 4386 1566 9052 4397 1566 9053 4385 1567 9054 4397 1567 9055 4398 1567 9056 4492 12 9057 4494 12 9058 4500 12 9059 4492 12 9060 4500 12 9061 4491 12 9062 4144 33 9063 4146 33 9064 4148 33 9065 4144 33 9066 4148 33 9067 4142 33 9068 4753 1568 9069 4754 1568 9070 4752 1568 9071 4753 1569 9072 4752 1569 9073 4751 1569 9074 4544 12 9075 4547 12 9076 4541 12 9077 4544 12 9078 4541 12 9079 4543 12 9080 3099 1570 9081 3116 1570 9082 3115 1570 9083 3099 1571 9084 3115 1571 9085 3097 1571 9086 3923 1572 9087 3925 1572 9088 3975 1572 9089 3923 1573 9090 3975 1573 9091 3974 1573 9092 3403 7 9093 3402 7 9094 3401 7 9095 3403 7 9096 3401 7 9097 3400 7 9098 4062 10 9099 4065 10 9100 4066 10 9101 4062 10 9102 4066 10 9103 4060 10 9104 2985 10 9105 2989 10 9106 2988 10 9107 2985 10 9108 2988 10 9109 2987 10 9110 3269 1574 9111 3270 1574 9112 3271 1574 9113 3269 1575 9114 3271 1575 9115 3272 1575 9116 3313 33 9117 3315 33 9118 3317 33 9119 3313 33 9120 3317 33 9121 3312 33 9122 4565 7 9123 4570 7 9124 4568 7 9125 4565 7 9126 4568 7 9127 4566 7 9128 2768 10 9129 2766 10 9130 2775 10 9131 2768 10 9132 2775 10 9133 2774 10 9134</p>
        </triangles>
        <triangles material="_4e3ad1d-7bf9-425c-80dd-bdb18fb3692a-material" count="1663">
          <input semantic="VERTEX" source="#Oblasna-Philharmonic_op_h_op_l_l_002-mesh-vertices" offset="0"/>
          <input semantic="NORMAL" source="#Oblasna-Philharmonic_op_h_op_l_l_002-mesh-normals" offset="1"/>
          <input semantic="TEXCOORD" source="#Oblasna-Philharmonic_op_h_op_l_l_002-mesh-map-0" offset="2" set="0"/>
          <p>6969 1576 9135 7014 1576 9136 7012 1576 9137 6969 1577 9138 7012 1577 9139 6967 1577 9140 6291 1578 9141 6292 1578 9142 6319 1578 9143 6291 1579 9144 6319 1579 9145 6321 1579 9146 7101 1580 9147 7103 1580 9148 7102 1580 9149 7101 1581 9150 7102 1581 9151 7100 1581 9152 5337 1582 9153 5133 1582 9154 5136 1582 9155 5337 1583 9156 5136 1583 9157 5336 1583 9158 6468 52 9159 6474 52 9160 6473 52 9161 6468 52 9162 6473 52 9163 6472 52 9164 6100 33 9165 6097 33 9166 6098 33 9167 6100 33 9168 6098 33 9169 6099 33 9170 5445 1584 9171 5467 1584 9172 5466 1584 9173 5445 1585 9174 5466 1585 9175 5442 1585 9176 6523 1586 9177 6538 1586 9178 6536 1586 9179 6523 1587 9180 6536 1587 9181 6524 1587 9182 5382 1588 9183 5383 1588 9184 5378 1588 9185 5382 1589 9186 5378 1589 9187 5380 1589 9188 6534 1590 9189 6572 1590 9190 6570 1590 9191 6534 1591 9192 6570 1591 9193 6533 1591 9194 5348 1592 9195 5349 1592 9196 5347 1592 9197 5348 1593 9198 5347 1593 9199 5346 1593 9200 6521 1594 9201 6522 1594 9202 6520 1594 9203 6521 1595 9204 6520 1595 9205 6519 1595 9206 6659 12 9207 6663 12 9208 6657 12 9209 6659 12 9210 6657 12 9211 6658 12 9212 6359 7 9213 6356 7 9214 6352 7 9215 6359 7 9216 6352 7 9217 6350 7 9218 6364 7 9219 6372 7 9220 6371 7 9221 6364 7 9222 6371 7 9223 6366 7 9224 6449 33 9225 6450 33 9226 6451 33 9227 6449 33 9228 6451 33 9229 6448 33 9230 6800 33 9231 6792 33 9232 6794 33 9233 6800 33 9234 6794 33 9235 6797 33 9236 5524 1596 9237 5525 1596 9238 5377 1596 9239 5524 1597 9240 5377 1597 9241 5523 1597 9242 6596 12 9243 6600 12 9244 6603 12 9245 6603 12 9246 6606 12 9247 6609 12 9248 6609 1598 9249 6563 1598 9250 6564 1598 9251 6564 960 9252 6565 960 9253 6566 960 9254 6566 1599 9255 6567 1599 9256 6568 1599 9257 6568 12 9258 6569 12 9259 6571 12 9260 6571 1600 9261 6573 1600 9262 6575 1600 9263 6575 1601 9264 6577 1601 9265 6579 1601 9266 6579 12 9267 6581 12 9268 6583 12 9269 6583 12 9270 6585 12 9271 6586 12 9272 6586 12 9273 6588 12 9274 6590 12 9275 6590 12 9276 6592 12 9277 6596 12 9278 6596 12 9279 6603 12 9280 6609 12 9281 6609 12 9282 6564 12 9283 6566 12 9284 6566 12 9285 6568 12 9286 6571 12 9287 6571 12 9288 6575 12 9289 6579 12 9290 6579 12 9291 6583 12 9292 6586 12 9293 6586 12 9294 6590 12 9295 6596 12 9296 6596 1602 9297 6609 1602 9298 6566 1602 9299 6566 12 9300 6571 12 9301 6579 12 9302 6579 12 9303 6586 12 9304 6596 12 9305 6566 1603 9306 6579 1603 9307 6596 1603 9308 7645 7 9309 7646 7 9310 7651 7 9311 7645 7 9312 7651 7 9313 7649 7 9314 7078 1604 9315 7079 1604 9316 7080 1604 9317 7078 1605 9318 7080 1605 9319 7077 1605 9320 6007 1606 9321 6008 1606 9322 6006 1606 9323 6007 1607 9324 6006 1607 9325 6005 1607 9326 5421 1608 9327 5348 1608 9328 5346 1608 9329 5421 1609 9330 5346 1609 9331 5420 1609 9332 6107 10 9333 6111 10 9334 6113 10 9335 6107 10 9336 6113 10 9337 6105 10 9338 6415 52 9339 6414 52 9340 6413 52 9341 6415 52 9342 6413 52 9343 6408 52 9344 5912 7 9345 5919 7 9346 5918 7 9347 5912 7 9348 5918 7 9349 5914 7 9350 6484 0 9351 6487 0 9352 6486 0 9353 6484 0 9354 6486 0 9355 6485 0 9356 5997 52 9357 5996 52 9358 5992 52 9359 5997 52 9360 5992 52 9361 5998 52 9362 7062 1610 9363 7063 1610 9364 7061 1610 9365 7062 1611 9366 7061 1611 9367 7060 1611 9368 6560 1612 9369 6610 1612 9370 6611 1612 9371 6560 1613 9372 6611 1613 9373 6559 1613 9374 7426 1614 9375 7482 1614 9376 7486 1614 9377 7426 1615 9378 7486 1615 9379 7423 1615 9380 6562 1616 9381 6610 1616 9382 6560 1616 9383 6562 1617 9384 6560 1617 9385 6561 1617 9386 5361 1618 9387 5363 1618 9388 5362 1618 9389 5361 1619 9390 5362 1619 9391 5360 1619 9392 6275 1620 9393 6301 1620 9394 6300 1620 9395 6275 1621 9396 6300 1621 9397 6274 1621 9398 6541 1622 9399 6543 1622 9400 6584 1622 9401 6541 1623 9402 6584 1623 9403 6582 1623 9404 5646 1624 9405 5647 1624 9406 5699 1624 9407 5646 1625 9408 5699 1625 9409 5698 1625 9410 5111 1626 9411 5109 1626 9412 5200 1626 9413 5111 1627 9414 5200 1627 9415 5199 1627 9416 5343 1628 9417 5342 1628 9418 5484 1628 9419 5343 1629 9420 5484 1629 9421 5425 1629 9422 7619 1630 9423 7631 1630 9424 7633 1630 9425 7619 1631 9426 7633 1631 9427 7617 1631 9428 6855 12 9429 6856 12 9430 6859 12 9431 6855 12 9432 6859 12 9433 6853 12 9434 5456 1632 9435 5475 1632 9436 5474 1632 9437 5456 1633 9438 5474 1633 9439 5454 1633 9440 5953 0 9441 5960 0 9442 5958 0 9443 5953 0 9444 5958 0 9445 5955 0 9446 6697 0 9447 6704 0 9448 6702 0 9449 6697 0 9450 6702 0 9451 6699 0 9452 5665 1634 9453 5666 1634 9454 5664 1634 9455 5665 1635 9456 5664 1635 9457 5663 1635 9458 6142 7 9459 6151 7 9460 6149 7 9461 6142 7 9462 6149 7 9463 6143 7 9464 6172 10 9465 6173 10 9466 6170 10 9467 6172 10 9468 6170 10 9469 6171 10 9470 6176 10 9471 6178 10 9472 6182 10 9473 6176 10 9474 6182 10 9475 6184 10 9476 7285 1636 9477 7390 1636 9478 7389 1636 9479 7285 1637 9480 7389 1637 9481 7287 1637 9482 5487 1638 9483 5488 1638 9484 5505 1638 9485 5487 1639 9486 5505 1639 9487 5504 1639 9488 5906 33 9489 5908 33 9490 5910 33 9491 5906 33 9492 5910 33 9493 5904 33 9494 6622 0 9495 6623 0 9496 6625 0 9497 6622 0 9498 6625 0 9499 6627 0 9500 5540 52 9501 5546 52 9502 5542 52 9503 5540 52 9504 5542 52 9505 5544 52 9506 7116 1640 9507 7152 1640 9508 7151 1640 9509 7116 1641 9510 7151 1641 9511 7115 1641 9512 5400 1642 9513 5401 1642 9514 5399 1642 9515 5400 1643 9516 5399 1643 9517 5397 1643 9518 7029 12 9519 7037 12 9520 7036 12 9521 7029 12 9522 7036 12 9523 7035 12 9524 7050 1644 9525 7083 1644 9526 7082 1644 9527 7050 1645 9528 7082 1645 9529 7052 1645 9530 5376 1646 9531 5378 1646 9532 5383 1646 9533 5376 1647 9534 5383 1647 9535 5449 1647 9536 6110 33 9537 6106 33 9538 6108 33 9539 6110 33 9540 6108 33 9541 6109 33 9542 6656 52 9543 6662 52 9544 6661 52 9545 6656 52 9546 6661 52 9547 6660 52 9548 6253 52 9549 6251 52 9550 6249 52 9551 6253 52 9552 6249 52 9553 6239 52 9554 6405 12 9555 6406 12 9556 6407 12 9557 6405 12 9558 6407 12 9559 6404 12 9560 5041 52 9561 5039 52 9562 5036 52 9563 5041 52 9564 5036 52 9565 7571 52 9566 6666 12 9567 6667 12 9568 6664 12 9569 6666 12 9570 6664 12 9571 6665 12 9572 7048 1648 9573 7049 1648 9574 7047 1648 9575 7048 1649 9576 7047 1649 9577 7044 1649 9578 7274 1650 9579 7276 1650 9580 7273 1650 9581 7274 1651 9582 7273 1651 9583 7272 1651 9584 5841 7 9585 5849 7 9586 5846 7 9587 5841 7 9588 5846 7 9589 5842 7 9590 6737 10 9591 6739 10 9592 6731 10 9593 6737 10 9594 6731 10 9595 6733 10 9596 6329 0 9597 6333 0 9598 6331 0 9599 6329 0 9600 6331 0 9601 6330 0 9602 6376 0 9603 6381 0 9604 6379 0 9605 6376 0 9606 6379 0 9607 6377 0 9608 6482 10 9609 6483 10 9610 6477 10 9611 6482 10 9612 6477 10 9613 6479 10 9614 5853 12 9615 5854 12 9616 5858 12 9617 5853 12 9618 5858 12 9619 5852 12 9620 5413 1652 9621 5423 1652 9622 5427 1652 9623 5413 1653 9624 5427 1653 9625 5412 1653 9626 7271 1654 9627 7345 1654 9628 7343 1654 9629 7271 1655 9630 7343 1655 9631 7269 1655 9632 6616 52 9633 6621 52 9634 6618 52 9635 6616 52 9636 6618 52 9637 6619 52 9638 5390 1656 9639 5391 1656 9640 5389 1656 9641 5390 1657 9642 5389 1657 9643 5388 1657 9644 5089 1658 9645 5052 1658 9646 5056 1658 9647 5089 1659 9648 5056 1659 9649 5090 1659 9650 6654 7 9651 6650 7 9652 6648 7 9653 6654 7 9654 6648 7 9655 6655 7 9656 5836 0 9657 5839 0 9658 5838 0 9659 5836 0 9660 5838 0 9661 5837 0 9662 5843 0 9663 5847 0 9664 5845 0 9665 5843 0 9666 5845 0 9667 5844 0 9668 6901 10 9669 6903 10 9670 6894 10 9671 6901 10 9672 6894 10 9673 6896 10 9674 5811 12 9675 5815 12 9676 5808 12 9677 5811 12 9678 5808 12 9679 5809 12 9680 5860 7 9681 5867 7 9682 5866 7 9683 5860 7 9684 5866 7 9685 5862 7 9686 6137 12 9687 6141 12 9688 6134 12 9689 6137 12 9690 6134 12 9691 6135 12 9692 6471 12 9693 6475 12 9694 6469 12 9695 6471 12 9696 6469 12 9697 6470 12 9698 5901 10 9699 5903 10 9700 5909 10 9701 5901 10 9702 5909 10 9703 5911 10 9704 5745 1660 9705 5760 1660 9706 5759 1660 9707 5745 1661 9708 5759 1661 9709 5744 1661 9710 6558 1662 9711 6559 1662 9712 6611 1662 9713 6558 1663 9714 6611 1663 9715 6612 1663 9716 6258 7 9717 6261 7 9718 6260 7 9719 6258 7 9720 6260 7 9721 6259 7 9722 5437 1664 9723 5463 1664 9724 5462 1664 9725 5437 1665 9726 5462 1665 9727 5435 1665 9728 6745 52 9729 6751 52 9730 6749 52 9731 6745 52 9732 6749 52 9733 6748 52 9734 6519 1666 9735 6520 1666 9736 6518 1666 9737 6519 1667 9738 6518 1667 9739 6512 1667 9740 5341 1668 9741 5422 1668 9742 5420 1668 9743 5341 1669 9744 5420 1669 9745 5346 1669 9746 6421 12 9747 6422 12 9748 6427 12 9749 6421 12 9750 6427 12 9751 6420 12 9752 6489 0 9753 6495 0 9754 6493 0 9755 6489 0 9756 6493 0 9757 6491 0 9758 6682 33 9759 6684 33 9760 6686 33 9761 6682 33 9762 6686 33 9763 6680 33 9764 5564 52 9765 5569 52 9766 5566 52 9767 5564 52 9768 5566 52 9769 5567 52 9770 6863 12 9771 6870 12 9772 6860 12 9773 6863 12 9774 6860 12 9775 6861 12 9776 7119 1670 9777 7153 1670 9778 7152 1670 9779 7119 1671 9780 7152 1671 9781 7116 1671 9782 5502 1672 9783 5503 1672 9784 5504 1672 9785 5502 1673 9786 5504 1673 9787 5505 1673 9788 6724 10 9789 6726 10 9790 6721 10 9791 6724 10 9792 6721 10 9793 6722 10 9794 5763 1674 9795 5766 1674 9796 5764 1674 9797 5763 1675 9798 5764 1675 9799 5765 1675 9800 7074 1676 9801 7078 1676 9802 7077 1676 9803 7074 1677 9804 7077 1677 9805 7076 1677 9806 5579 1678 9807 5572 1678 9808 5574 1678 9809 5579 1679 9810 5574 1679 9811 5576 1679 9812 6313 317 9813 6315 317 9814 6311 317 9815 6313 318 9816 6311 318 9817 6309 318 9818 5606 1680 9819 5607 1680 9820 5605 1680 9821 5606 1681 9822 5605 1681 9823 5604 1681 9824 5538 1682 9825 5539 1682 9826 5532 1682 9827 5538 1683 9828 5532 1683 9829 5534 1683 9830 6139 10 9831 6140 10 9832 6136 10 9833 6139 10 9834 6136 10 9835 6138 10 9836 5549 1684 9837 5559 1684 9838 5556 1684 9839 5549 1685 9840 5556 1685 9841 5553 1685 9842 7153 1686 9843 7166 1686 9844 7167 1686 9845 7153 1687 9846 7167 1687 9847 7152 1687 9848 6693 10 9849 6694 10 9850 6695 10 9851 6693 10 9852 6695 10 9853 6692 10 9854 6312 1688 9855 6322 1688 9856 6320 1688 9857 6312 1689 9858 6320 1689 9859 6316 1689 9860 6283 396 9861 6290 396 9862 6289 396 9863 6283 397 9864 6289 397 9865 6285 397 9866 5771 1690 9867 5772 1690 9868 5775 1690 9869 5771 1691 9870 5775 1691 9871 5770 1691 9872 5448 1692 9873 5449 1692 9874 5450 1692 9875 5448 1693 9876 5450 1693 9877 5468 1693 9878 6710 33 9879 6711 33 9880 6713 33 9881 6710 33 9882 6713 33 9883 6709 33 9884 5402 1694 9885 5404 1694 9886 5459 1694 9887 5402 1695 9888 5459 1695 9889 5458 1695 9890 6210 7 9891 6220 7 9892 6219 7 9893 6210 7 9894 6219 7 9895 6213 7 9896 5722 1696 9897 5748 1696 9898 5747 1696 9899 5722 1697 9900 5747 1697 9901 5721 1697 9902 5434 1698 9903 5461 1698 9904 5460 1698 9905 5434 1699 9906 5460 1699 9907 5432 1699 9908 7328 1700 9909 7329 1700 9910 7326 1700 9911 7328 1701 9912 7326 1701 9913 7327 1701 9914 6443 10 9915 6446 10 9916 6447 10 9917 6443 10 9918 6447 10 9919 6442 10 9920 6340 0 9921 6343 0 9922 6342 0 9923 6340 0 9924 6342 0 9925 6341 0 9926 6703 10 9927 6705 10 9928 6706 10 9929 6703 10 9930 6706 10 9931 6700 10 9932 6720 52 9933 6727 52 9934 6725 52 9935 6720 52 9936 6725 52 9937 6723 52 9938 5289 1702 9939 5290 1702 9940 5030 1702 9941 5289 1703 9942 5030 1703 9943 5027 1703 9944 6373 10 9945 6375 10 9946 6369 10 9947 6373 10 9948 6369 10 9949 6370 10 9950 5466 1704 9951 5470 1704 9952 5471 1704 9953 5466 1705 9954 5471 1705 9955 5465 1705 9956 5453 1706 9957 5473 1706 9958 5472 1706 9959 5453 1707 9960 5472 1707 9961 5452 1707 9962 6388 7 9963 6394 7 9964 6393 7 9965 6388 7 9966 6393 7 9967 6390 7 9968 6604 1708 9969 6605 1708 9970 6602 1708 9971 6604 1709 9972 6602 1709 9973 6601 1709 9974 6547 1710 9975 6555 1710 9976 6554 1710 9977 6547 1711 9978 6554 1711 9979 6549 1711 9980 7141 1712 9981 7164 1712 9982 7163 1712 9983 7141 1713 9984 7163 1713 9985 7140 1713 9986 5150 1714 9987 5186 1714 9988 5184 1714 9989 5150 1715 9990 5184 1715 9991 5152 1715 9992 6808 12 9993 6821 12 9994 6804 12 9995 6808 12 9996 6804 12 9997 6806 12 9998 7192 1716 9999 7193 1716 10000 7194 1716 10001 7192 1717 10002 7194 1717 10003 7191 1717 10004 6746 12 10005 6747 12 10006 6750 12 10007 6746 12 10008 6750 12 10009 6744 12 10010 5249 1718 10011 5247 1718 10012 5265 1718 10013 5249 1718 10014 5265 1718 10015 5264 1718 10016 6550 1719 10017 6589 1719 10018 6587 1719 10019 6550 1720 10020 6587 1720 10021 6548 1720 10022 5560 1721 10023 5545 1721 10024 5543 1721 10025 5561 1722 10026 5563 1722 10027 5558 1722 10028 5560 1723 10029 5543 1723 10030 5561 1723 10031 5561 1724 10032 5558 1724 10033 5560 1724 10034 5425 1725 10035 5484 1725 10036 5483 1725 10037 5425 1726 10038 5483 1726 10039 5428 1726 10040 6268 1727 10041 6273 1727 10042 6271 1727 10043 6268 1728 10044 6271 1728 10045 6270 1728 10046 7135 1729 10047 7137 1729 10048 7136 1729 10049 7135 1730 10050 7136 1730 10051 7133 1730 10052 7209 1731 10053 7200 1731 10054 7201 1731 10055 7201 1732 10056 7211 1732 10057 7212 1732 10058 7201 1733 10059 7212 1733 10060 7209 1733 10061 7146 1734 10062 7169 1734 10063 7168 1734 10064 7146 1735 10065 7168 1735 10066 7148 1735 10067 5364 1736 10068 5520 1736 10069 5519 1736 10070 5364 1737 10071 5519 1737 10072 5518 1737 10073 5490 1738 10074 5492 1738 10075 5511 1738 10076 5490 1739 10077 5511 1739 10078 5509 1739 10079 7115 1740 10080 7151 1740 10081 7150 1740 10082 7115 1741 10083 7150 1741 10084 7113 1741 10085 6324 10 10086 6325 10 10087 6326 10 10088 6324 10 10089 6326 10 10090 6327 10 10091 6240 0 10092 6246 0 10093 6244 0 10094 6240 0 10095 6244 0 10096 6242 0 10097 7178 1742 10098 7196 1742 10099 7195 1742 10100 7178 1743 10101 7195 1743 10102 7177 1743 10103 6539 1744 10104 6540 1744 10105 6580 1744 10106 6539 1745 10107 6580 1745 10108 6578 1745 10109 6355 33 10110 6357 33 10111 6360 33 10112 6355 33 10113 6360 33 10114 6354 33 10115 6755 12 10116 6757 12 10117 6763 12 10118 6755 12 10119 6763 12 10120 6753 12 10121 7467 52 10122 7469 52 10123 7465 52 10124 7467 52 10125 7465 52 10126 7463 52 10127 6005 1746 10128 6039 1746 10129 6038 1746 10130 6005 1747 10131 6038 1747 10132 6007 1747 10133 6074 1748 10134 6075 1748 10135 6073 1748 10136 6074 1749 10137 6073 1749 10138 6072 1749 10139 7095 1750 10140 7096 1750 10141 7093 1750 10142 7095 1751 10143 7093 1751 10144 7092 1751 10145 6512 1752 10146 6518 1752 10147 6513 1752 10148 6512 1753 10149 6513 1753 10150 6516 1753 10151 7366 1754 10152 7369 1754 10153 7368 1754 10154 7366 1755 10155 7368 1755 10156 7248 1755 10157 6016 1756 10158 6018 1756 10159 6015 1756 10160 6016 1757 10161 6015 1757 10162 6013 1757 10163 6779 10 10164 6782 10 10165 6783 10 10166 6779 10 10167 6783 10 10168 6778 10 10169 5587 1758 10170 5670 1758 10171 5669 1758 10172 5587 1759 10173 5669 1759 10174 5585 1759 10175 7142 1760 10176 7173 1760 10177 7172 1760 10178 7142 1761 10179 7172 1761 10180 7143 1761 10181 5832 12 10182 5835 12 10183 5829 12 10184 5832 12 10185 5829 12 10186 5831 12 10187 5586 1762 10188 5587 1762 10189 5585 1762 10190 5586 1763 10191 5585 1763 10192 5584 1763 10193 5201 12 10194 5203 12 10195 5259 12 10196 5201 12 10197 5259 12 10198 5262 12 10199 5609 1764 10200 5611 1764 10201 5613 1764 10202 5609 1765 10203 5613 1765 10204 5678 1765 10205 6850 10 10206 6851 10 10207 6845 10 10208 6850 10 10209 6845 10 10210 6847 10 10211 5618 1766 10212 5619 1766 10213 5617 1766 10214 5618 1767 10215 5617 1767 10216 5616 1767 10217 6765 52 10218 6775 52 10219 6773 52 10220 6765 52 10221 6773 52 10222 6771 52 10223 6752 52 10224 6762 52 10225 6761 52 10226 6752 52 10227 6761 52 10228 6760 52 10229 6791 10 10230 6798 10 10231 6801 10 10232 6791 10 10233 6801 10 10234 6789 10 10235 5933 10 10236 5937 10 10237 5938 10 10238 5933 10 10239 5938 10 10240 5930 10 10241 5599 1768 10242 5601 1768 10243 5600 1768 10244 5599 1769 10245 5600 1769 10246 5598 1769 10247 5736 1770 10248 5755 1770 10249 5753 1770 10250 5736 1771 10251 5753 1771 10252 5735 1771 10253 6175 0 10254 6180 0 10255 6179 0 10256 6175 0 10257 6179 0 10258 6177 0 10259 6776 7 10260 6781 7 10261 6780 7 10262 6776 7 10263 6780 7 10264 6777 7 10265 6768 10 10266 6772 10 10267 6774 10 10268 6768 10 10269 6774 10 10270 6767 10 10271 5129 1772 10272 5127 1772 10273 5196 1772 10274 5129 1773 10275 5196 1773 10276 5195 1773 10277 7367 1774 10278 7372 1774 10279 7371 1774 10280 7367 1775 10281 7371 1775 10282 7370 1775 10283 6793 7 10284 6787 7 10285 6785 7 10286 6793 7 10287 6785 7 10288 6796 7 10289 7570 52 10290 5037 52 10291 5034 52 10292 7570 52 10293 5034 52 10294 7568 52 10295 6020 1776 10296 6019 1776 10297 6035 1776 10298 6020 1777 10299 6035 1777 10300 6034 1777 10301 7109 1778 10302 7111 1778 10303 7110 1778 10304 7109 1779 10305 7110 1779 10306 7106 1779 10307 6784 52 10308 6802 52 10309 6799 52 10310 6784 52 10311 6799 52 10312 6795 52 10313 6957 1780 10314 7001 1780 10315 6999 1780 10316 6957 1781 10317 6999 1781 10318 6956 1781 10319 6339 52 10320 6338 52 10321 6336 52 10322 6339 52 10323 6336 52 10324 6328 52 10325 6734 33 10326 6735 33 10327 6736 33 10328 6734 33 10329 6736 33 10330 6732 33 10331 5620 1782 10332 5621 1782 10333 5619 1782 10334 5620 1783 10335 5619 1783 10336 5618 1783 10337 6335 33 10338 6337 33 10339 6332 33 10340 6335 33 10341 6332 33 10342 6334 33 10343 5923 10 10344 5926 10 10345 5927 10 10346 5923 10 10347 5927 10 10348 5922 10 10349 6886 33 10350 6888 33 10351 6890 33 10352 6886 33 10353 6890 33 10354 6885 33 10355 6551 1164 10356 6591 1164 10357 6589 1164 10358 6551 1165 10359 6589 1165 10360 6550 1165 10361 6630 12 10362 6632 12 10363 6638 12 10364 6630 12 10365 6638 12 10366 6628 12 10367 5931 12 10368 5939 12 10369 5928 12 10370 5931 12 10371 5928 12 10372 5929 12 10373 6649 0 10374 6653 0 10375 6652 0 10376 6649 0 10377 6652 0 10378 6651 0 10379 7064 1784 10380 7065 1784 10381 7063 1784 10382 7064 1785 10383 7063 1785 10384 7062 1785 10385 6346 12 10386 6347 12 10387 6344 12 10388 6346 12 10389 6344 12 10390 6345 12 10391 6805 52 10392 6822 52 10393 6818 52 10394 6805 52 10395 6818 52 10396 6816 52 10397 7181 1786 10398 7199 1786 10399 7198 1786 10400 7181 1787 10401 7198 1787 10402 7180 1787 10403 7460 52 10404 7481 52 10405 7478 52 10406 7460 52 10407 7478 52 10408 7456 52 10409 5674 1788 10410 5713 1788 10411 5711 1788 10412 5674 1789 10413 5711 1789 10414 5672 1789 10415 5959 10 10416 5961 10 10417 5962 10 10418 5959 10 10419 5962 10 10420 5956 10 10421 6026 1790 10422 6022 1790 10423 6033 1790 10424 6026 1791 10425 6033 1791 10426 6032 1791 10427 6046 1792 10428 6052 1792 10429 6051 1792 10430 6046 1793 10431 6051 1793 10432 6047 1793 10433 6262 7 10434 6265 7 10435 6264 7 10436 6262 7 10437 6264 7 10438 6263 7 10439 6502 12 10440 6510 12 10441 6500 12 10442 6502 12 10443 6500 12 10444 6501 12 10445 7538 7 10446 7541 7 10447 7540 7 10448 7538 7 10449 7540 7 10450 7539 7 10451 5856 10 10452 5857 10 10453 5859 10 10454 5856 10 10455 5859 10 10456 5855 10 10457 5780 1794 10458 5767 1794 10459 5768 1794 10460 5780 1795 10461 5768 1795 10462 5779 1795 10463 6819 10 10464 6823 10 10465 6810 10 10466 6819 10 10467 6810 10 10468 6812 10 10469 6059 1796 10470 6060 1796 10471 6029 1796 10472 6059 1797 10473 6029 1797 10474 6061 1797 10475 5676 1798 10476 5677 1798 10477 5715 1798 10478 5676 1799 10479 5715 1799 10480 5714 1799 10481 6827 12 10482 6831 12 10483 6824 12 10484 6827 12 10485 6824 12 10486 6825 12 10487 5439 1800 10488 5464 1800 10489 5463 1800 10490 5439 1801 10491 5463 1801 10492 5437 1801 10493 7114 1802 10494 7115 1802 10495 7113 1802 10496 7114 1803 10497 7113 1803 10498 7112 1803 10499 6476 0 10500 6481 0 10501 6480 0 10502 6476 0 10503 6480 0 10504 6478 0 10505 5737 1804 10506 5757 1804 10507 5755 1804 10508 5737 1805 10509 5755 1805 10510 5736 1805 10511 6440 7 10512 6445 7 10513 6444 7 10514 6440 7 10515 6444 7 10516 6441 7 10517 6841 10 10518 6842 10 10519 6836 10 10520 6841 10 10521 6836 10 10522 6839 10 10523 5394 1806 10524 5395 1806 10525 5393 1806 10526 5394 1807 10527 5393 1807 10528 5392 1807 10529 6193 52 10530 6192 52 10531 6191 52 10532 6193 52 10533 6191 52 10534 6186 52 10535 6931 1808 10536 6932 1808 10537 6929 1808 10538 6931 1809 10539 6929 1809 10540 6928 1809 10541 7647 0 10542 7648 0 10543 7650 0 10544 7647 0 10545 7650 0 10546 7652 0 10547 5632 1810 10548 5635 1810 10549 5691 1810 10550 5632 1811 10551 5691 1811 10552 5631 1811 10553 6144 0 10554 6150 0 10555 6147 0 10556 6144 0 10557 6147 0 10558 6145 0 10559 6754 0 10560 6759 0 10561 6758 0 10562 6754 0 10563 6758 0 10564 6756 0 10565 7409 7 10566 7410 7 10567 7411 7 10568 7409 7 10569 7411 7 10570 7429 7 10571 5818 10 10572 5822 10 10573 5823 10 10574 5818 10 10575 5823 10 10576 5816 10 10577 5149 12 10578 5192 12 10579 5188 12 10580 5149 12 10581 5188 12 10582 5191 12 10583 5352 1812 10584 5353 1812 10585 5489 1812 10586 5352 1813 10587 5489 1813 10588 5488 1813 10589 5639 1814 10590 5641 1814 10591 5695 1814 10592 5639 1815 10593 5695 1815 10594 5693 1815 10595 6708 52 10596 6715 52 10597 6714 52 10598 6708 52 10599 6714 52 10600 6712 52 10601 6877 33 10602 6879 33 10603 6882 33 10604 6877 33 10605 6882 33 10606 6876 33 10607 6913 1816 10608 6962 1816 10609 6961 1816 10610 6913 1817 10611 6961 1817 10612 6920 1817 10613 6867 10 10614 6869 10 10615 6871 10 10616 6867 10 10617 6871 10 10618 6865 10 10619 7126 1818 10620 7127 1818 10621 7125 1818 10622 7126 1819 10623 7125 1819 10624 7123 1819 10625 5467 1820 10626 5469 1820 10627 5470 1820 10628 5467 1821 10629 5470 1821 10630 5466 1821 10631 5516 1822 10632 5517 1822 10633 5515 1822 10634 5516 1823 10635 5515 1823 10636 5512 1823 10637 6351 12 10638 6353 12 10639 6362 12 10640 6351 12 10641 6362 12 10642 6348 12 10643 5668 1824 10644 5707 1824 10645 5706 1824 10646 5668 1825 10647 5706 1825 10648 5667 1825 10649 6920 1826 10650 6961 1826 10651 6960 1826 10652 6920 1827 10653 6960 1827 10654 6922 1827 10655 6966 1828 10656 6976 1828 10657 6974 1828 10658 6966 1829 10659 6974 1829 10660 6968 1829 10661 6508 33 10662 6504 33 10663 6506 33 10664 6508 33 10665 6506 33 10666 6507 33 10667 6891 52 10668 6889 52 10669 6887 52 10670 6891 52 10671 6887 52 10672 6884 52 10673 5696 1830 10674 5697 1830 10675 5726 1830 10676 5696 1831 10677 5726 1831 10678 5725 1831 10679 5085 33 10680 5087 33 10681 5096 33 10682 5085 33 10683 5096 33 10684 5097 33 10685 6086 12 10686 6093 12 10687 6092 12 10688 6086 12 10689 6092 12 10690 6090 12 10691 5723 1832 10692 5724 1832 10693 5748 1832 10694 5723 1833 10695 5748 1833 10696 5722 1833 10697 6316 1834 10698 6317 1834 10699 6314 1834 10700 6316 1835 10701 6314 1835 10702 6312 1835 10703 6862 0 10704 6868 0 10705 6866 0 10706 6862 0 10707 6866 0 10708 6864 0 10709 5497 1836 10710 5499 1836 10711 5510 1836 10712 5497 1837 10713 5510 1837 10714 5496 1837 10715 5226 1838 10716 5229 1838 10717 5228 1838 10718 5226 1839 10719 5228 1839 10720 5225 1839 10721 5638 1840 10722 5639 1840 10723 5637 1840 10724 5638 1841 10725 5637 1841 10726 5636 1841 10727 6892 52 10728 6902 52 10729 6900 52 10730 6892 52 10731 6900 52 10732 6899 52 10733 5740 1842 10734 5741 1842 10735 5742 1842 10736 5740 1843 10737 5742 1843 10738 5758 1843 10739 5122 1844 10740 5120 1844 10741 5198 1844 10742 5122 1845 10743 5198 1845 10744 5197 1845 10745 6248 33 10746 6250 33 10747 6245 33 10748 6248 33 10749 6245 33 10750 6247 33 10751 6205 7 10752 6204 7 10753 6203 7 10754 6205 7 10755 6203 7 10756 6202 7 10757 6904 52 10758 6911 52 10759 6910 52 10760 6904 52 10761 6910 52 10762 6909 52 10763 6837 12 10764 6843 12 10765 6832 12 10766 6837 12 10767 6832 12 10768 6834 12 10769 7086 1846 10770 7180 1846 10771 7179 1846 10772 7086 1847 10773 7179 1847 10774 7085 1847 10775 5792 12 10776 5795 12 10777 5788 12 10778 5792 12 10779 5788 12 10780 5790 12 10781 6924 1848 10782 6959 1848 10783 6958 1848 10784 6924 1849 10785 6958 1849 10786 6926 1849 10787 6946 1850 10788 6949 1850 10789 6985 1850 10790 6946 1851 10791 6985 1851 10792 6947 1851 10793 6278 1852 10794 6279 1852 10795 6303 1852 10796 6278 1853 10797 6303 1853 10798 6302 1853 10799 5454 1854 10800 5474 1854 10801 5473 1854 10802 5454 1855 10803 5473 1855 10804 5453 1855 10805 6698 12 10806 6701 12 10807 6707 12 10808 6698 12 10809 6707 12 10810 6696 12 10811 6459 52 10812 6458 52 10813 6456 52 10814 6459 52 10815 6456 52 10816 6452 52 10817 5704 1856 10818 5705 1856 10819 5732 1856 10820 5704 1857 10821 5732 1857 10822 5730 1857 10823 6385 33 10824 6386 33 10825 6387 33 10826 6385 33 10827 6387 33 10828 6384 33 10829 7056 1858 10830 7057 1858 10831 7055 1858 10832 7056 1859 10833 7055 1859 10834 7054 1859 10835 7248 1860 10836 7368 1860 10837 7396 1860 10838 7248 1861 10839 7396 1861 10840 7246 1861 10841 5869 12 10842 5870 12 10843 5875 12 10844 5869 12 10845 5875 12 10846 5868 12 10847 6893 0 10848 6898 0 10849 6897 0 10850 6893 0 10851 6897 0 10852 6895 0 10853 7522 7 10854 7512 7 10855 7524 7 10856 7524 7 10857 7523 7 10858 7581 7 10859 7524 7 10860 7581 7 10861 7522 7 10862 5614 1862 10863 5615 1862 10864 5613 1862 10865 5614 1863 10866 5613 1863 10867 5612 1863 10868 5588 1864 10869 5589 1864 10870 5587 1864 10871 5588 1865 10872 5587 1865 10873 5586 1865 10874 6815 33 10875 6817 33 10876 6820 33 10877 6815 33 10878 6820 33 10879 6813 33 10880 7515 1866 10881 7628 1866 10882 7624 1866 10883 7515 1867 10884 7624 1867 10885 7513 1867 10886 7066 1868 10887 7069 1868 10888 7068 1868 10889 7066 1869 10890 7068 1869 10891 7067 1869 10892 6087 52 10893 6091 52 10894 6088 52 10895 6087 52 10896 6088 52 10897 6089 52 10898 6912 1870 10899 6918 1870 10900 6914 1870 10901 6912 1871 10902 6914 1871 10903 6917 1871 10904 6419 33 10905 6416 33 10906 6417 33 10907 6419 33 10908 6417 33 10909 6418 33 10910 7260 1872 10911 7340 1872 10912 7338 1872 10913 7260 1873 10914 7338 1873 10915 7259 1873 10916 5629 1874 10917 5630 1874 10918 5627 1874 10919 5629 1875 10920 5627 1875 10921 5626 1875 10922 7451 151 10923 7449 151 10924 7446 151 10925 7451 150 10926 7446 150 10927 7442 150 10928 6935 1876 10929 6936 1876 10930 6932 1876 10931 6935 1877 10932 6932 1877 10933 6931 1877 10934 7272 1878 10935 7273 1878 10936 7271 1878 10937 7272 1879 10938 7271 1879 10939 7270 1879 10940 5398 1880 10941 5457 1880 10942 5455 1880 10943 5398 1881 10944 5455 1881 10945 5396 1881 10946 5717 1882 10947 5742 1882 10948 5741 1882 10949 5717 1883 10950 5741 1883 10951 5716 1883 10952 7267 1884 10953 7266 1884 10954 7394 1884 10955 7267 1885 10956 7394 1885 10957 7393 1885 10958 6948 12 10959 6986 12 10960 6984 12 10961 6984 12 10962 6983 12 10963 6982 12 10964 6982 12 10965 6981 12 10966 6980 12 10967 6980 12 10968 6979 12 10969 6973 12 10970 6973 12 10971 6975 12 10972 6977 12 10973 6977 12 10974 6978 12 10975 6915 12 10976 6915 12 10977 6919 12 10978 6921 12 10979 6921 12 10980 6923 12 10981 6925 12 10982 6925 12 10983 6927 12 10984 6930 12 10985 6930 1886 10986 6933 1886 10987 6937 1886 10988 6937 12 10989 6941 12 10990 6942 12 10991 6942 1887 10992 6944 1887 10993 6948 1887 10994 6948 12 10995 6984 12 10996 6982 12 10997 6982 1888 10998 6980 1888 10999 6973 1888 11000 6973 12 11001 6977 12 11002 6915 12 11003 6915 12 11004 6921 12 11005 6925 12 11006 6925 1889 11007 6930 1889 11008 6937 1889 11009 6937 12 11010 6942 12 11011 6948 12 11012 6948 12 11013 6982 12 11014 6973 12 11015 6973 12 11016 6915 12 11017 6925 12 11018 6925 1890 11019 6937 1890 11020 6948 1890 11021 6973 1891 11022 6925 1891 11023 6948 1891 11024 6038 1892 11025 6039 1892 11026 6065 1892 11027 6038 1893 11028 6065 1893 11029 6064 1893 11030 6382 10 11031 6383 10 11032 6378 10 11033 6382 10 11034 6378 10 11035 6380 10 11036 5756 1894 11037 5759 1894 11038 5760 1894 11039 5756 1895 11040 5760 1895 11041 5754 1895 11042 6939 1896 11043 6940 1896 11044 6936 1896 11045 6939 1897 11046 6936 1897 11047 6935 1897 11048 5596 1898 11049 5597 1898 11050 5595 1898 11051 5596 1899 11052 5595 1899 11053 5594 1899 11054 6505 10 11055 6509 10 11056 6511 10 11057 6505 10 11058 6511 10 11059 6503 10 11060 5388 1900 11061 5389 1900 11062 5387 1900 11063 5388 1901 11064 5387 1901 11065 5386 1901 11066 7044 1902 11067 7047 1902 11068 7045 1902 11069 7044 1903 11070 7045 1903 11071 7046 1903 11072 5512 1904 11073 5515 1904 11074 5513 1904 11075 5512 1905 11076 5513 1905 11077 5514 1905 11078 7022 1906 11079 7023 1906 11080 7020 1906 11081 7022 1907 11082 7020 1907 11083 7019 1907 11084 6593 1908 11085 6595 1908 11086 6591 1908 11087 6593 1909 11088 6591 1909 11089 6551 1909 11090 5384 1910 11091 5385 1910 11092 5383 1910 11093 5384 1911 11094 5383 1911 11095 5382 1911 11096 5700 1912 11097 5702 1912 11098 5703 1912 11099 5700 1913 11100 5703 1913 11101 5729 1913 11102 5430 1914 11103 5431 1914 11104 5429 1914 11105 5430 1915 11106 5429 1915 11107 5428 1915 11108 5828 7 11109 5834 7 11110 5833 7 11111 5828 7 11112 5833 7 11113 5830 7 11114 7622 1916 11115 7625 1916 11116 7629 1916 11117 7622 1917 11118 7629 1917 11119 7620 1917 11120 5681 1918 11121 5716 1918 11122 5715 1918 11123 5681 1919 11124 5715 1919 11125 5679 1919 11126 5355 1920 11127 5358 1920 11128 5357 1920 11129 5355 1921 11130 5357 1921 11131 5354 1921 11132 5443 1922 11133 5440 1922 11134 5477 1922 11135 5443 1923 11136 5477 1923 11137 5476 1923 11138 5802 10 11139 5803 10 11140 5798 10 11141 5802 10 11142 5798 10 11143 5800 10 11144 5409 1924 11145 5429 1924 11146 5431 1924 11147 5409 1925 11148 5431 1925 11149 5406 1925 11150 5784 1926 11151 5787 1926 11152 5786 1926 11153 5784 1927 11154 5786 1927 11155 5785 1927 11156 7015 12 11157 7017 12 11158 7018 12 11159 7018 1928 11160 7021 1928 11161 7024 1928 11162 7024 12 11163 7026 12 11164 6989 12 11165 6989 12 11166 6990 12 11167 6991 12 11168 6991 12 11169 6992 12 11170 6994 12 11171 6994 12 11172 6996 12 11173 6997 12 11174 6997 12 11175 6998 12 11176 7000 12 11177 7000 12 11178 7002 12 11179 7003 12 11180 7003 12 11181 7004 12 11182 7006 12 11183 7006 962 11184 7008 962 11185 7009 962 11186 7009 12 11187 7010 12 11188 7011 12 11189 7011 12 11190 7013 12 11191 7015 12 11192 7015 1929 11193 7018 1929 11194 7024 1929 11195 7024 1274 11196 6989 1274 11197 6991 1274 11198 6991 12 11199 6994 12 11200 6997 12 11201 6997 12 11202 7000 12 11203 7003 12 11204 7003 12 11205 7006 12 11206 7009 12 11207 7009 12 11208 7011 12 11209 7015 12 11210 7015 1930 11211 7024 1930 11212 6991 1930 11213 6991 12 11214 6997 12 11215 7003 12 11216 7003 1931 11217 7009 1931 11218 7015 1931 11219 6991 1932 11220 7003 1932 11221 7015 1932 11222 5825 10 11223 5826 10 11224 5827 10 11225 5825 10 11226 5827 10 11227 5824 10 11228 6852 7 11229 6858 7 11230 6857 7 11231 6852 7 11232 6857 7 11233 6854 7 11234 6552 681 11235 6553 681 11236 6557 681 11237 6552 682 11238 6557 682 11239 6614 682 11240 6987 1933 11241 6988 1933 11242 7025 1933 11243 6987 1934 11244 7025 1934 11245 7027 1934 11246 5408 1935 11247 5409 1935 11248 5406 1935 11249 5408 1935 11250 5406 1935 11251 5407 1935 11252 7256 1936 11253 7226 1936 11254 7258 1936 11255 7256 1937 11256 7258 1937 11257 7257 1937 11258 5344 1938 11259 5424 1938 11260 5422 1938 11261 5344 1939 11262 5422 1939 11263 5341 1939 11264 7030 33 11265 7039 33 11266 7038 33 11267 7030 33 11268 7038 33 11269 7032 33 11270 5291 1940 11271 5033 1940 11272 5030 1940 11273 5291 1941 11274 5030 1941 11275 5290 1941 11276 5793 7 11277 5791 7 11278 5789 7 11279 5793 7 11280 5789 7 11281 5794 7 11282 5819 33 11283 5820 33 11284 5821 33 11285 5819 33 11286 5821 33 11287 5817 33 11288 6631 0 11289 6635 0 11290 6634 0 11291 6631 0 11292 6634 0 11293 6633 0 11294 6424 33 11295 6425 33 11296 6426 33 11297 6424 33 11298 6426 33 11299 6423 33 11300 6970 1942 11301 7016 1942 11302 7014 1942 11303 6970 1943 11304 7014 1943 11305 6969 1943 11306 6069 1944 11307 6048 1944 11308 6050 1944 11309 6069 1945 11310 6050 1945 11311 6084 1945 11312 5661 1946 11313 5662 1946 11314 5659 1946 11315 5661 1947 11316 5659 1947 11317 5660 1947 11318 6062 1948 11319 6063 1948 11320 6079 1948 11321 6062 1949 11322 6079 1949 11323 6078 1949 11324 5170 1950 11325 5176 1950 11326 5175 1950 11327 5170 1951 11328 5175 1951 11329 5171 1951 11330 6293 1952 11331 6294 1952 11332 6296 1952 11333 6293 1953 11334 6296 1953 11335 6318 1953 11336 5500 1954 11337 5501 1954 11338 5507 1954 11339 5500 1955 11340 5507 1955 11341 5508 1955 11342 7339 1956 11343 7341 1956 11344 7342 1956 11345 7339 1957 11346 7342 1957 11347 7354 1957 11348 7073 1958 11349 7175 1958 11350 7174 1958 11351 7073 1959 11352 7174 1959 11353 7072 1959 11354 7143 1960 11355 7172 1960 11356 7171 1960 11357 7143 1961 11358 7171 1961 11359 7144 1961 11360 5706 1962 11361 5736 1962 11362 5735 1962 11363 5706 1963 11364 5735 1963 11365 5705 1963 11366 6953 1964 11367 6995 1964 11368 6993 1964 11369 6953 1965 11370 6993 1965 11371 6951 1965 11372 5707 1966 11373 5737 1966 11374 5736 1966 11375 5707 1967 11376 5736 1967 11377 5706 1967 11378 5644 1968 11379 5645 1968 11380 5643 1968 11381 5644 1969 11382 5643 1969 11383 5642 1969 11384 5269 7 11385 5273 7 11386 5271 7 11387 5269 7 11388 5271 7 11389 5263 7 11390 6243 12 11391 6252 12 11392 6238 12 11393 6243 12 11394 6238 12 11395 6241 12 11396 6833 0 11397 6840 0 11398 6838 0 11399 6833 0 11400 6838 0 11401 6835 0 11402 5689 1970 11403 5722 1970 11404 5721 1970 11405 5689 1971 11406 5721 1971 11407 5688 1971 11408 5021 1972 11409 5022 1972 11410 5019 1972 11411 5021 1972 11412 5019 1972 11413 5017 1972 11414 6629 52 11415 6639 52 11416 6637 52 11417 6629 52 11418 6637 52 11419 6636 52 11420 5941 0 11421 5947 0 11422 5945 0 11423 5941 0 11424 5945 0 11425 5943 0 11426 5712 1973 11427 5739 1973 11428 5738 1973 11429 5712 1974 11430 5738 1974 11431 5710 1974 11432 7639 1975 11433 7637 1975 11434 7589 1975 11435 7639 1976 11436 7589 1976 11437 7591 1976 11438 7179 1977 11439 7197 1977 11440 7196 1977 11441 7179 1978 11442 7196 1978 11443 7178 1978 11444 5850 52 11445 5848 52 11446 5840 52 11447 5850 52 11448 5840 52 11449 5851 52 11450 5872 33 11451 5873 33 11452 5874 33 11453 5872 33 11454 5874 33 11455 5871 33 11456 5934 33 11457 5935 33 11458 5936 33 11459 5934 33 11460 5936 33 11461 5932 33 11462 7206 1979 11463 7208 1979 11464 7205 1979 11465 7206 1980 11466 7205 1980 11467 7203 1980 11468 6499 33 11469 6492 33 11470 6494 33 11471 6499 33 11472 6494 33 11473 6497 33 11474 5476 1981 11475 5477 1981 11476 5500 1981 11477 5476 1982 11478 5500 1982 11479 5498 1982 11480 7097 1983 11481 7098 1983 11482 7185 1983 11483 7097 1984 11484 7185 1984 11485 7184 1984 11486 5163 7 11487 5335 7 11488 5145 7 11489 5163 7 11490 5145 7 11491 5161 7 11492 5038 1985 11493 5040 1985 11494 7643 1985 11495 5038 1986 11496 7643 1986 11497 7644 1986 11498 7028 52 11499 7034 52 11500 7031 52 11501 7028 52 11502 7031 52 11503 7033 52 11504 5338 1987 11505 5130 1987 11506 5133 1987 11507 5338 1988 11508 5133 1988 11509 5337 1988 11510 6598 1989 11511 6594 1989 11512 6615 1989 11513 6598 1990 11514 6615 1990 11515 6613 1990 11516 6875 10 11517 6881 10 11518 6883 10 11519 6875 10 11520 6883 10 11521 6874 10 11522 5372 1991 11523 5374 1991 11524 5373 1991 11525 5372 1992 11526 5373 1992 11527 5370 1992 11528 6960 1993 11529 6961 1993 11530 7007 1993 11531 6960 1994 11532 7007 1994 11533 7005 1994 11534 7266 1995 11535 7241 1995 11536 7243 1995 11537 7266 1996 11538 7243 1996 11539 7394 1996 11540 5783 0 11541 5781 0 11542 5782 0 11543 7331 1997 11544 7333 1997 11545 7332 1997 11546 7331 1998 11547 7332 1998 11548 7330 1998 11549 5876 52 11550 5879 52 11551 5878 52 11552 5876 52 11553 5878 52 11554 5877 52 11555 7120 1999 11556 7122 1999 11557 7118 1999 11558 7120 2000 11559 7118 2000 11560 7117 2000 11561 5944 12 11562 5951 12 11563 5940 12 11564 5944 12 11565 5940 12 11566 5942 12 11567 7613 2001 11568 7636 2001 11569 7638 2001 11570 7613 2002 11571 7638 2002 11572 7611 2002 11573 6807 0 11574 6814 0 11575 6811 0 11576 6807 0 11577 6811 0 11578 6809 0 11579 7139 2003 11580 7161 2003 11581 7160 2003 11582 7139 2004 11583 7160 2004 11584 7138 2004 11585 7215 2005 11586 7218 2005 11587 7217 2005 11588 7215 2006 11589 7217 2006 11590 7216 2006 11591 7070 2007 11592 7071 2007 11593 7139 2007 11594 7070 2008 11595 7139 2008 11596 7138 2008 11597 5356 2009 11598 5359 2009 11599 5493 2009 11600 5356 2010 11601 5493 2010 11602 5491 2010 11603 6403 52 11604 6402 52 11605 6401 52 11606 6403 52 11607 6401 52 11608 6400 52 11609 7261 2011 11610 7263 2011 11611 7340 2011 11612 7261 2012 11613 7340 2012 11614 7260 2012 11615 6284 2013 11616 6307 2013 11617 6306 2013 11618 6284 2014 11619 6306 2014 11620 6282 2014 11621 7253 2015 11622 7360 2015 11623 7207 2015 11624 7207 52 11625 7204 52 11626 7202 52 11627 7254 52 11628 7231 52 11629 7230 52 11630 7254 52 11631 7230 52 11632 7252 52 11633 7253 52 11634 7207 52 11635 7202 52 11636 7202 52 11637 7254 52 11638 7252 52 11639 7252 52 11640 7253 52 11641 7202 52 11642 6174 52 11643 6185 52 11644 6183 52 11645 6174 52 11646 6183 52 11647 6181 52 11648 5065 2016 11649 5062 2016 11650 5078 2016 11651 5065 2016 11652 5078 2016 11653 5077 2016 11654 5318 2017 11655 5319 2017 11656 5321 2017 11657 5318 2018 11658 5321 2018 11659 5323 2018 11660 7148 2019 11661 7168 2019 11662 7099 2019 11663 7148 2020 11664 7099 2020 11665 7100 2020 11666 7302 2021 11667 7305 2021 11668 7301 2021 11669 7302 2022 11670 7301 2022 11671 7299 2022 11672 7159 2023 11673 7160 2023 11674 7161 2023 11675 7159 2024 11676 7161 2024 11677 7158 2024 11678 6040 2025 11679 6041 2025 11680 6067 2025 11681 6040 2026 11682 6067 2026 11683 6066 2026 11684 7187 2027 11685 7198 2027 11686 7199 2027 11687 7187 2028 11688 7199 2028 11689 7186 2028 11690 5280 2029 11691 5283 2029 11692 5282 2029 11693 5280 2030 11694 5282 2030 11695 5279 2030 11696 6266 2031 11697 6277 2031 11698 6276 2031 11699 6266 2032 11700 6276 2032 11701 6267 2032 11702 5140 52 11703 5139 52 11704 5138 52 11705 5138 2033 11706 5137 2033 11707 5135 2033 11708 5135 2034 11709 5134 2034 11710 5131 2034 11711 5131 2035 11712 5124 2035 11713 5118 2035 11714 5118 2036 11715 5115 2036 11716 5112 2036 11717 5112 2037 11718 5107 2037 11719 5105 2037 11720 5105 52 11721 5102 52 11722 5098 52 11723 5098 52 11724 5101 52 11725 5205 52 11726 5212 52 11727 5214 52 11728 5215 52 11729 5215 52 11730 5216 52 11731 5217 52 11732 5217 52 11733 5218 52 11734 5221 52 11735 5221 2038 11736 5224 2038 11737 5227 2038 11738 5227 2039 11739 5230 2039 11740 5231 2039 11741 5231 2040 11742 5232 2040 11743 5233 2040 11744 5233 2041 11745 5234 2041 11746 5235 2041 11747 5235 52 11748 5236 52 11749 5237 52 11750 5237 2042 11751 5238 2042 11752 5239 2042 11753 5235 52 11754 5237 52 11755 5239 52 11756 5231 2043 11757 5233 2043 11758 5235 2043 11759 5221 52 11760 5227 52 11761 5231 52 11762 5215 2044 11763 5217 2044 11764 5221 2044 11765 5215 52 11766 5221 52 11767 5231 52 11768 5231 52 11769 5235 52 11770 5239 52 11771 5231 2045 11772 5239 2045 11773 5241 2045 11774 5231 2046 11775 5241 2046 11776 5243 2046 11777 5231 2047 11778 5243 2047 11779 5244 2047 11780 5231 2048 11781 5244 2048 11782 5245 2048 11783 5231 2049 11784 5245 2049 11785 5246 2049 11786 5215 2050 11787 5231 2050 11788 5246 2050 11789 5215 2051 11790 5246 2051 11791 5248 2051 11792 5212 2052 11793 5215 2052 11794 5248 2052 11795 5212 2053 11796 5248 2053 11797 5250 2053 11798 5118 2054 11799 5112 2054 11800 5105 2054 11801 5135 2055 11802 5131 2055 11803 5118 2055 11804 5140 2056 11805 5138 2056 11806 5135 2056 11807 5157 52 11808 5160 52 11809 5144 52 11810 5028 52 11811 5031 52 11812 5032 52 11813 5288 52 11814 5024 52 11815 5028 52 11816 5018 52 11817 5286 52 11818 5288 52 11819 5281 2057 11820 5016 2057 11821 5018 2057 11822 5277 52 11823 5278 52 11824 5281 52 11825 5320 52 11826 5276 52 11827 5277 52 11828 5322 52 11829 5320 52 11830 5277 52 11831 5277 52 11832 5281 52 11833 5018 52 11834 5018 52 11835 5288 52 11836 5028 52 11837 5018 2058 11838 5028 2058 11839 5032 2058 11840 5322 52 11841 5277 52 11842 5018 52 11843 5324 2059 11844 5322 2059 11845 5018 2059 11846 5325 2060 11847 5324 2060 11848 5018 2060 11849 5326 52 11850 5325 52 11851 5018 52 11852 5317 52 11853 5326 52 11854 5018 52 11855 5317 52 11856 5018 52 11857 5032 52 11858 5140 52 11859 5135 52 11860 5118 52 11861 5140 2061 11862 5118 2061 11863 5105 2061 11864 5316 52 11865 5317 52 11866 5032 52 11867 5272 52 11868 5274 52 11869 5275 52 11870 5275 2062 11871 5316 2062 11872 5032 2062 11873 5212 2063 11874 5250 2063 11875 5251 2063 11876 5212 2064 11877 5251 2064 11878 5252 2064 11879 5275 52 11880 5032 52 11881 5292 52 11882 5272 2065 11883 5275 2065 11884 5292 2065 11885 5272 52 11886 5292 52 11887 5293 52 11888 5331 52 11889 5330 52 11890 5298 52 11891 5332 52 11892 5331 52 11893 5298 52 11894 5270 52 11895 5272 52 11896 5293 52 11897 5253 52 11898 5254 52 11899 5255 52 11900 5258 52 11901 5261 52 11902 5260 52 11903 5103 52 11904 5104 52 11905 5106 52 11906 5103 2066 11907 5106 2066 11908 5108 2066 11909 5252 52 11910 5253 52 11911 5255 52 11912 5212 52 11913 5252 52 11914 5255 52 11915 5103 2067 11916 5108 2067 11917 5110 2067 11918 5103 2068 11919 5110 2068 11920 5113 2068 11921 5212 52 11922 5255 52 11923 5256 52 11924 5270 52 11925 5293 52 11926 5294 52 11927 5315 52 11928 5270 52 11929 5294 52 11930 5208 52 11931 5212 52 11932 5256 52 11933 5208 52 11934 5256 52 11935 5257 52 11936 5315 52 11937 5294 52 11938 5295 52 11939 5327 52 11940 5315 52 11941 5295 52 11942 5327 52 11943 5295 52 11944 5296 52 11945 5299 2069 11946 5332 2069 11947 5298 2069 11948 5329 52 11949 5327 52 11950 5296 52 11951 5207 52 11952 5208 52 11953 5257 52 11954 5207 52 11955 5257 52 11956 5258 52 11957 5205 52 11958 5207 52 11959 5258 52 11960 5205 2070 11961 5258 2070 11962 5260 2070 11963 5098 2071 11964 5205 2071 11965 5260 2071 11966 5103 2072 11967 5113 2072 11968 5114 2072 11969 5098 52 11970 5260 52 11971 5202 52 11972 5329 2073 11973 5296 2073 11974 5177 2073 11975 5298 52 11976 5329 52 11977 5177 52 11978 5098 52 11979 5202 52 11980 5103 52 11981 5105 52 11982 5098 52 11983 5103 52 11984 5140 2074 11985 5105 2074 11986 5103 2074 11987 5140 52 11988 5103 52 11989 5114 52 11990 5299 2075 11991 5298 2075 11992 5177 2075 11993 5301 2076 11994 5299 2076 11995 5177 2076 11996 5140 52 11997 5114 52 11998 5116 52 11999 5140 2077 12000 5116 2077 12001 5117 2077 12002 5302 2078 12003 5301 2078 12004 5177 2078 12005 5178 52 12006 5302 52 12007 5177 52 12008 5140 2079 12009 5117 2079 12010 5119 2079 12011 5140 2080 12012 5119 2080 12013 5121 2080 12014 5178 52 12015 5177 52 12016 5157 52 12017 5179 52 12018 5178 52 12019 5157 52 12020 5180 2081 12021 5179 2081 12022 5157 2081 12023 5155 2082 12024 5180 2082 12025 5157 2082 12026 5155 52 12027 5157 52 12028 5144 52 12029 5153 2083 12030 5155 2083 12031 5144 2083 12032 5140 2084 12033 5121 2084 12034 5123 2084 12035 5126 52 12036 5128 52 12037 5141 52 12038 5140 2085 12039 5123 2085 12040 5126 2085 12041 5151 52 12042 5153 52 12043 5144 52 12044 5148 52 12045 5190 52 12046 5151 52 12047 5140 52 12048 5126 52 12049 5141 52 12050 5148 52 12051 5151 52 12052 5144 52 12053 5143 52 12054 5140 52 12055 5141 52 12056 5146 2086 12057 5148 2086 12058 5144 2086 12059 5144 52 12060 5143 52 12061 5141 52 12062 5141 52 12063 5146 52 12064 5144 52 12065 7346 2087 12066 7358 2087 12067 7356 2087 12068 7346 2088 12069 7356 2088 12070 7344 2088 12071 5528 2089 12072 5529 2089 12073 5537 2089 12074 5528 2090 12075 5537 2090 12076 5531 2090 12077 5883 10 12078 5886 10 12079 5887 10 12080 5883 10 12081 5887 10 12082 5881 10 12083 5597 2091 12084 5599 2091 12085 5598 2091 12086 5597 2092 12087 5598 2092 12088 5595 2092 12089 5683 2093 12090 5718 2093 12091 5717 2093 12092 5683 2094 12093 5717 2094 12094 5682 2094 12095 5223 2095 12096 5226 2095 12097 5225 2095 12098 5223 2096 12099 5225 2096 12100 5222 2096 12101 5861 0 12102 5865 0 12103 5864 0 12104 5861 0 12105 5864 0 12106 5863 0 12107 5480 2097 12108 5482 2097 12109 5485 2097 12110 5480 2098 12111 5485 2098 12112 5503 2098 12113 5570 2099 12114 5577 2099 12115 5575 2099 12116 5570 2100 12117 5575 2100 12118 5573 2100 12119 5067 2101 12120 5076 2101 12121 5075 2101 12122 5067 2102 12123 5075 2102 12124 5070 2102 12125 6057 2103 12126 6058 2103 12127 6080 2103 12128 6057 2104 12129 6080 2104 12130 6081 2104 12131 5444 2105 12132 5445 2105 12133 5442 2105 12134 5444 2106 12135 5442 2106 12136 5441 2106 12137 7169 2107 12138 7186 2107 12139 7185 2107 12140 7169 2108 12141 7185 2108 12142 7168 2108 12143 5433 2109 12144 5430 2109 12145 5428 2109 12146 5433 2110 12147 5428 2110 12148 5483 2110 12149 5623 2111 12150 5685 2111 12151 5684 2111 12152 5623 2112 12153 5684 2112 12154 5621 2112 12155 5654 7 12156 5657 7 12157 5656 7 12158 5654 7 12159 5656 7 12160 5655 7 12161 7324 2113 12162 7327 2113 12163 7326 2113 12164 7324 2114 12165 7326 2114 12166 7325 2114 12167 5580 2115 12168 5581 2115 12169 5583 2115 12170 5580 2116 12171 5583 2116 12172 5582 2116 12173 7542 7 12174 7550 7 12175 7547 7 12176 7542 7 12177 7547 7 12178 7545 7 12179 5375 2117 12180 5376 2117 12181 5449 2117 12182 5375 2118 12183 5449 2118 12184 5448 2118 12185 7190 2119 12186 7195 2119 12187 7196 2119 12188 7190 2120 12189 7196 2120 12190 7189 2120 12191 5050 2121 12192 5080 2121 12193 5079 2121 12194 5050 2122 12195 5079 2122 12196 5054 2122 12197 7513 2123 12198 7624 2123 12199 7626 2123 12200 7513 2124 12201 7626 2124 12202 7508 2124 12203 7401 2125 12204 7402 2125 12205 7403 2125 12206 7401 2126 12207 7403 2126 12208 7404 2126 12209 5349 2127 12210 5351 2127 12211 5350 2127 12212 5349 2128 12213 5350 2128 12214 5347 2128 12215 5692 2129 12216 5694 2129 12217 5724 2129 12218 5692 2130 12219 5724 2130 12220 5723 2130 12221 7158 2131 12222 7161 2131 12223 7162 2131 12224 7158 2132 12225 7162 2132 12226 7157 2132 12227 6206 0 12228 6209 0 12229 6208 0 12230 6206 0 12231 6208 0 12232 6207 0 12233 5379 2133 12234 5381 2133 12235 5380 2133 12236 5379 2134 12237 5380 2134 12238 5378 2134 12239 5667 2135 12240 5706 2135 12241 5705 2135 12242 5667 2136 12243 5705 2136 12244 5704 2136 12245 6640 52 12246 6647 52 12247 6645 52 12248 6640 52 12249 6645 52 12250 6643 52 12251 7365 2137 12252 7249 2137 12253 7251 2137 12254 7365 2138 12255 7251 2138 12256 7364 2138 12257 7386 2139 12258 7388 2139 12259 7385 2139 12260 7386 2140 12261 7385 2140 12262 7383 2140 12263 5698 2141 12264 5699 2141 12265 5728 2141 12266 5698 2142 12267 5728 2142 12268 5727 2142 12269 5416 2143 12270 5417 2143 12271 5415 2143 12272 5416 2144 12273 5415 2144 12274 5414 2144 12275 7091 2145 12276 7094 2145 12277 7183 2145 12278 7091 2146 12279 7183 2146 12280 7089 2146 12281 5727 2147 12282 5728 2147 12283 5731 2147 12284 5727 2148 12285 5731 2148 12286 5733 2148 12287 6607 1616 12288 6608 1616 12289 6605 1616 12290 6607 2149 12291 6605 2149 12292 6604 2149 12293 6687 10 12294 6678 10 12295 6679 10 12296 6687 10 12297 6679 10 12298 6685 10 12299 7238 2150 12300 7239 2150 12301 7262 2150 12302 7238 2151 12303 7262 2151 12304 7228 2151 12305 5403 2152 12306 5405 2152 12307 5404 2152 12308 5403 2153 12309 5404 2153 12310 5402 2153 12311 5211 12 12312 5213 12 12313 5209 12 12314 5211 12 12315 5209 12 12316 5210 12 12317 5622 2154 12318 5623 2154 12319 5621 2154 12320 5622 2155 12321 5621 2155 12322 5620 2155 12323 5185 52 12324 5187 52 12325 5189 52 12326 5189 52 12327 5312 52 12328 5311 52 12329 5311 52 12330 5310 52 12331 5308 52 12332 5308 52 12333 5306 52 12334 5303 52 12335 5303 52 12336 5304 52 12337 5305 52 12338 5305 52 12339 5181 52 12340 5183 52 12341 5183 52 12342 5185 52 12343 5189 52 12344 5189 52 12345 5311 52 12346 5308 52 12347 5308 52 12348 5303 52 12349 5305 52 12350 5305 52 12351 5183 52 12352 5189 52 12353 5189 52 12354 5308 52 12355 5305 52 12356 6163 33 12357 6166 33 12358 6168 33 12359 6163 33 12360 6168 33 12361 6161 33 12362 7073 2156 12363 7075 2156 12364 7176 2156 12365 7073 2157 12366 7176 2157 12367 7175 2157 12368 7089 2158 12369 7183 2158 12370 7182 2158 12371 7089 2159 12372 7182 2159 12373 7087 2159 12374 6454 33 12375 6455 33 12376 6457 33 12377 6454 33 12378 6457 33 12379 6453 33 12380 7130 2160 12381 7131 2160 12382 7129 2160 12383 7130 2161 12384 7129 2161 12385 7128 2161 12386 5530 2162 12387 5536 2162 12388 5535 2162 12389 5530 2163 12390 5535 2163 12391 5533 2163 12392 6764 7 12393 6770 7 12394 6769 7 12395 6764 7 12396 6769 7 12397 6766 7 12398 5894 33 12399 5896 33 12400 5898 33 12401 5894 33 12402 5898 33 12403 5892 33 12404 6601 2164 12405 6612 2164 12406 6611 2164 12407 6601 2165 12408 6611 2165 12409 6604 2165 12410 7585 2166 12411 7587 2166 12412 7635 2166 12413 7585 2167 12414 7635 2167 12415 7634 2167 12416 7155 2168 12417 7165 2168 12418 7166 2168 12419 7155 2169 12420 7166 2169 12421 7153 2169 12422 5900 0 12423 5907 0 12424 5905 0 12425 5900 0 12426 5905 0 12427 5902 0 12428 5779 2170 12429 5768 2170 12430 5769 2170 12431 5779 2170 12432 5769 2170 12433 5777 2170 12434 6212 0 12435 6218 0 12436 6217 0 12437 6212 0 12438 6217 0 12439 6215 0 12440 7265 2171 12441 7342 2171 12442 7341 2171 12443 7265 2172 12444 7341 2172 12445 7264 2172 12446 5367 2173 12447 5368 2173 12448 5366 2173 12449 5367 2174 12450 5366 2174 12451 5365 2174 12452 7220 2175 12453 7219 2175 12454 7225 2175 12455 7225 2176 12456 7224 2176 12457 7222 2176 12458 7225 2177 12459 7222 2177 12460 7220 2177 12461 7214 2178 12462 7210 2178 12463 7213 2178 12464 7229 2179 12465 7226 2179 12466 7256 2179 12467 7214 2180 12468 7210 2180 12469 7227 2180 12470 7229 2181 12471 7256 2181 12472 7214 2181 12473 7214 2182 12474 7227 2182 12475 7229 2182 12476 7601 2183 12477 7603 2183 12478 7497 2183 12479 7601 2184 12480 7497 2184 12481 7499 2184 12482 7173 2185 12483 7190 2185 12484 7189 2185 12485 7173 2186 12486 7189 2186 12487 7172 2186 12488 7553 12 12489 7548 12 12490 7549 12 12491 7549 12 12492 7551 12 12493 7556 12 12494 7556 12 12495 7555 12 12496 7554 12 12497 7553 2187 12498 7549 2187 12499 7556 2187 12500 7553 12 12501 7556 12 12502 7554 12 12503 7050 2188 12504 7051 2188 12505 7049 2188 12506 7050 2189 12507 7049 2189 12508 7048 2189 12509 6235 33 12510 6236 33 12511 6237 33 12512 6235 33 12513 6237 33 12514 6234 33 12515 7237 2190 12516 7235 2190 12517 7233 2190 12518 7472 2191 12519 7455 2191 12520 7477 2191 12521 5240 2192 12522 5267 2192 12523 5266 2192 12524 5240 2192 12525 5266 2192 12526 5242 2192 12527 6741 33 12528 6742 33 12529 6743 33 12530 6741 33 12531 6743 33 12532 6740 33 12533 6233 52 12534 6232 52 12535 6230 52 12536 6233 52 12537 6230 52 12538 6222 52 12539 5370 2193 12540 5373 2193 12541 5447 2193 12542 5370 2194 12543 5447 2194 12544 5446 2194 12545 5610 2195 12546 5611 2195 12547 5609 2195 12548 5610 2196 12549 5609 2196 12550 5608 2196 12551 7060 2197 12552 7061 2197 12553 7059 2197 12554 7060 2198 12555 7059 2198 12556 7058 2198 12557 7377 2199 12558 7380 2199 12559 7399 2199 12560 7377 2200 12561 7399 2200 12562 7398 2200 12563 6017 2201 12564 6036 2201 12565 6035 2201 12566 6017 2202 12567 6035 2202 12568 6019 2202 12569 7255 2203 12570 7234 2203 12571 7232 2203 12572 7100 2204 12573 7102 2204 12574 7149 2204 12575 7100 2205 12576 7149 2205 12577 7148 2205 12578 7236 2206 12579 7231 2206 12580 7230 2206 12581 7042 2207 12582 7043 2207 12583 7041 2207 12584 7042 2208 12585 7041 2208 12586 7040 2208 12587 6368 12 12588 6374 12 12589 6365 12 12590 6368 12 12591 6365 12 12592 6367 12 12593 5920 7 12594 5925 7 12595 5924 7 12596 5920 7 12597 5924 7 12598 5921 7 12599 6022 2209 12600 6020 2209 12601 6034 2209 12602 6022 2210 12603 6034 2210 12604 6033 2210 12605 5647 2211 12606 5648 2211 12607 5701 2211 12608 5647 2212 12609 5701 2212 12610 5699 2212 12611 6392 12 12612 6395 12 12613 6389 12 12614 6392 12 12615 6389 12 12616 6391 12 12617 7318 2213 12618 7319 2213 12619 7306 2213 12620 7318 2214 12621 7306 2214 12622 7307 2214 12623 7052 2215 12624 7082 2215 12625 7081 2215 12626 7052 2216 12627 7081 2216 12628 7053 2216 12629 5964 0 12630 5970 0 12631 5968 0 12632 5964 0 12633 5968 0 12634 5966 0 12635 6003 2217 12636 6001 2217 12637 6053 2217 12638 6003 2218 12639 6053 2218 12640 6044 2218 12641 5687 2219 12642 5720 2219 12643 5719 2219 12644 5687 2220 12645 5719 2220 12646 5686 2220 12647 5346 2221 12648 5347 2221 12649 5345 2221 12650 5346 2222 12651 5345 2222 12652 5341 2222 12653 5967 10 12654 5973 10 12655 5975 10 12656 5967 10 12657 5975 10 12658 5965 10 12659 6964 2223 12660 6965 2223 12661 6963 2223 12662 6964 2224 12663 6963 2224 12664 6916 2224 12665 5368 2225 12666 5495 2225 12667 5494 2225 12668 5368 2226 12669 5494 2226 12670 5366 2226 12671 6535 358 12672 6537 358 12673 6576 358 12674 6535 359 12675 6576 359 12676 6574 359 12677 6676 7 12678 6683 7 12679 6681 7 12680 6676 7 12681 6681 7 12682 6677 7 12683 5749 2227 12684 5750 2227 12685 5752 2227 12686 5749 2228 12687 5752 2228 12688 5762 2228 12689 6672 12 12690 6675 12 12691 6668 12 12692 6672 12 12693 6668 12 12694 6670 12 12695 5628 2229 12696 5690 2229 12697 5689 2229 12698 5628 2230 12699 5689 2230 12700 5625 2230 12701 6286 2231 12702 6308 2231 12703 6307 2231 12704 6286 2232 12705 6307 2232 12706 6284 2232 12707 5477 2233 12708 5478 2233 12709 5501 2233 12710 5477 2234 12711 5501 2234 12712 5500 2234 12713 6270 2235 12714 6295 2235 12715 6269 2235 12716 6270 2236 12717 6269 2236 12718 6268 2236 12719 7304 2237 12720 7309 2237 12721 7307 2237 12722 7304 2238 12723 7307 2238 12724 7306 2238 12725 7219 2239 12726 7220 2239 12727 7217 2239 12728 7219 2240 12729 7217 2240 12730 7218 2240 12731 7314 0 12732 7313 0 12733 7312 0 12734 7315 2241 12735 7316 2241 12736 7314 2241 12737 7310 2242 12738 7317 2242 12739 7308 2242 12740 7308 2243 12741 7303 2243 12742 7300 2243 12743 7300 0 12744 7295 0 12745 7296 0 12746 7296 2244 12747 7281 2244 12748 7283 2244 12749 7283 0 12750 7284 0 12751 7286 0 12752 7286 0 12753 7288 0 12754 7289 0 12755 7289 2245 12756 7290 2245 12757 7407 2245 12758 7289 0 12759 7407 0 12760 7291 0 12761 7283 2246 12762 7286 2246 12763 7289 2246 12764 7300 2247 12765 7296 2247 12766 7283 2247 12767 7310 0 12768 7308 0 12769 7300 0 12770 7311 0 12771 7310 0 12772 7300 0 12773 7283 2248 12774 7289 2248 12775 7291 2248 12776 7283 2249 12777 7291 2249 12778 7292 2249 12779 7311 0 12780 7300 0 12781 7283 0 12782 7312 0 12783 7311 0 12784 7283 0 12785 7283 0 12786 7292 0 12787 7293 0 12788 7283 2250 12789 7293 2250 12790 7294 2250 12791 7314 0 12792 7312 0 12793 7283 0 12794 7283 2251 12795 7294 2251 12796 7315 2251 12797 7314 0 12798 7283 0 12799 7315 0 12800 6716 7 12801 6719 7 12802 6718 7 12803 6716 7 12804 6718 7 12805 6717 7 12806 7180 2252 12807 7198 2252 12808 7197 2252 12809 7180 2253 12810 7197 2253 12811 7179 2253 12812 7517 2254 12813 7630 2254 12814 7628 2254 12815 7517 2255 12816 7628 2255 12817 7515 2255 12818 7604 2256 12819 7641 2256 12820 7642 2256 12821 7604 2257 12822 7642 2257 12823 7599 2257 12824 7323 2258 12825 7353 2258 12826 7352 2258 12827 7323 2259 12828 7352 2259 12829 7322 2259 12830 5625 2260 12831 5689 2260 12832 5688 2260 12833 5625 2261 12834 5688 2261 12835 5624 2261 12836 5636 2262 12837 5637 2262 12838 5634 2262 12839 5636 2263 12840 5634 2263 12841 5633 2263 12842 6788 12 12843 6790 12 12844 6803 12 12845 6788 12 12846 6803 12 12847 6786 12 12848 7333 2264 12849 7334 2264 12850 7332 2264 12851 7321 2265 12852 7351 2265 12853 7350 2265 12854 7321 2266 12855 7350 2266 12856 7320 2266 12857 6254 0 12858 6257 0 12859 6256 0 12860 6254 0 12861 6256 0 12862 6255 0 12863 6826 0 12864 6830 0 12865 6829 0 12866 6826 0 12867 6829 0 12868 6828 0 12869 5044 10 12870 5082 10 12871 5081 10 12872 5044 10 12873 5081 10 12874 5046 10 12875 5640 2267 12876 5641 2267 12877 5639 2267 12878 5640 2268 12879 5639 2268 12880 5638 2268 12881 5650 2269 12882 5653 2269 12883 5651 2269 12884 5650 2270 12885 5651 2270 12886 5649 2270 12887 5526 2271 12888 5527 2271 12889 5381 2271 12890 5526 2272 12891 5381 2272 12892 5379 2272 12893 7526 10 12894 7530 10 12895 7529 10 12896 7526 10 12897 7529 10 12898 7528 10 12899 7297 2273 12900 7298 2273 12901 7349 2273 12902 7297 2274 12903 7349 2274 12904 7348 2274 12905 6030 2275 12906 6028 2275 12907 6024 2275 12908 6030 2276 12909 6024 2276 12910 6031 2276 12911 5488 2277 12912 5489 2277 12913 5506 2277 12914 5488 2278 12915 5506 2278 12916 5505 2278 12917 7171 2279 12918 7188 2279 12919 7187 2279 12920 7171 2280 12921 7187 2280 12922 7170 2280 12923 6104 12 12924 6112 12 12925 6102 12 12926 6104 12 12927 6102 12 12928 6103 12 12929 5419 2281 12930 5421 2281 12931 5420 2281 12932 5419 2282 12933 5420 2282 12934 5418 2282 12935 5342 2283 12936 5486 2283 12937 5485 2283 12938 5342 2284 12939 5485 2284 12940 5484 2284 12941 5152 2285 12942 5184 2285 12943 5182 2285 12944 5152 2286 12945 5182 2286 12946 5154 2286 12947 5387 2287 12948 5451 2287 12949 5450 2287 12950 5387 2288 12951 5450 2288 12952 5385 2288 12953 7399 2289 12954 7400 2289 12955 7405 2289 12956 7399 2290 12957 7405 2290 12958 7406 2290 12959 5589 2291 12960 5671 2291 12961 5670 2291 12962 5589 2292 12963 5670 2292 12964 5587 2292 12965 6014 2293 12966 6037 2293 12967 6036 2293 12968 6014 2294 12969 6036 2294 12970 6017 2294 12971 6396 0 12972 6399 0 12973 6398 0 12974 6396 0 12975 6398 0 12976 6397 0 12977 5982 10 12978 5984 10 12979 5986 10 12980 5982 10 12981 5986 10 12982 5981 10 12983 5810 0 12984 5814 0 12985 5813 0 12986 5810 0 12987 5813 0 12988 5812 0 12989 6496 7 12990 6490 7 12991 6488 7 12992 6496 7 12993 6488 7 12994 6498 7 12995 6009 2295 12996 6010 2295 12997 6008 2295 12998 6009 2296 12999 6008 2296 13000 6007 2296 13001 5988 52 13002 5991 52 13003 5990 52 13004 5988 52 13005 5990 52 13006 5989 52 13007 7270 2297 13008 7271 2297 13009 7269 2297 13010 7270 2298 13011 7269 2298 13012 7268 2298 13013 7124 2299 13014 7156 2299 13015 7154 2299 13016 7124 2300 13017 7154 2300 13018 7121 2300 13019 7184 2301 13020 7185 2301 13021 7186 2301 13022 7184 2302 13023 7186 2302 13024 7199 2302 13025 7144 2303 13026 7171 2303 13027 7170 2303 13028 7144 2304 13029 7170 2304 13030 7145 2304 13031 5913 0 13032 5917 0 13033 5916 0 13034 5913 0 13035 5916 0 13036 5915 0 13037 5658 2305 13038 5660 2305 13039 5659 2305 13040 5658 2306 13041 5659 2306 13042 5652 2306 13043 5980 52 13044 5987 52 13045 5985 52 13046 5980 52 13047 5985 52 13048 5983 52 13049 6968 2307 13050 6974 2307 13051 6972 2307 13052 6968 2308 13053 6972 2308 13054 6971 2308 13055 6517 2309 13056 6514 2309 13057 6556 2309 13058 6517 2310 13059 6556 2310 13060 6545 2310 13061 7105 2311 13062 7108 2311 13063 7107 2311 13064 7105 2312 13065 7107 2312 13066 7104 2312 13067 5880 0 13068 5885 0 13069 5884 0 13070 5880 0 13071 5884 0 13072 5882 0 13073 7223 52 13074 7335 52 13075 7221 52 13076 5592 2313 13077 5593 2313 13078 5591 2313 13079 5592 2314 13080 5591 2314 13081 5590 2314 13082 7363 2315 13083 7361 2315 13084 7362 2315 13085 5158 2316 13086 5169 2316 13087 5167 2316 13088 5158 2317 13089 5167 2317 13090 5165 2317 13091 6349 52 13092 6363 52 13093 6361 52 13094 6349 52 13095 6361 52 13096 6358 52 13097 5615 2318 13098 5680 2318 13099 5678 2318 13100 5615 2319 13101 5678 2319 13102 5613 2319 13103 6228 33 13104 6229 33 13105 6231 33 13106 6228 33 13107 6231 33 13108 6226 33 13109 6272 2320 13110 6299 2320 13111 6298 2320 13112 6272 2321 13113 6298 2321 13114 6297 2321 13115 5776 2322 13116 5778 2322 13117 5773 2322 13118 7362 2323 13119 7375 2323 13120 7363 2323 13121 5428 2324 13122 5429 2324 13123 5426 2324 13124 5428 2325 13125 5426 2325 13126 5425 2325 13127 5486 2326 13128 5504 2326 13129 5503 2326 13130 5486 2327 13131 5503 2327 13132 5485 2327 13133 5746 2328 13134 5761 2328 13135 5760 2328 13136 5746 2329 13137 5760 2329 13138 5745 2329 13139 6011 2330 13140 6012 2330 13141 6010 2330 13142 6011 2331 13143 6010 2331 13144 6009 2331 13145 6119 12 13146 6121 12 13147 6125 12 13148 6119 12 13149 6125 12 13150 6118 12 13151 7250 2332 13152 7251 2332 13153 7249 2332 13154 7250 2333 13155 7249 2333 13156 7244 2333 13157 6043 2334 13158 6045 2334 13159 6042 2334 13160 6043 2335 13161 6042 2335 13162 6002 2335 13163 7242 2336 13164 7265 2336 13165 7264 2336 13166 7242 2337 13167 7264 2337 13168 7240 2337 13169 7148 2338 13170 7149 2338 13171 7147 2338 13172 7148 2339 13173 7147 2339 13174 7146 2339 13175 7380 2340 13176 7382 2340 13177 7400 2340 13178 7380 2341 13179 7400 2341 13180 7399 2341 13181 6428 7 13182 6437 7 13183 6434 7 13184 6428 7 13185 6434 7 13186 6429 7 13187 7414 52 13188 7428 52 13189 7412 52 13190 7414 52 13191 7412 52 13192 7413 52 13193 5603 2342 13194 5675 2342 13195 5673 2342 13196 5603 2343 13197 5673 2343 13198 5602 2343 13199 5410 2344 13200 5411 2344 13201 5409 2344 13202 5410 2345 13203 5409 2345 13204 5408 2345 13205 5313 7 13206 5314 7 13207 5328 7 13208 5313 7 13209 5328 7 13210 5297 7 13211 6310 2346 13212 6287 2346 13213 6288 2346 13214 6310 2347 13215 6288 2347 13216 6323 2347 13217 6905 0 13218 6908 0 13219 6907 0 13220 6905 0 13221 6907 0 13222 6906 0 13223 7244 2348 13224 7249 2348 13225 7247 2348 13226 7244 2349 13227 7247 2349 13228 7245 2349 13229 6096 12 13230 6101 12 13231 6094 12 13232 6096 12 13233 6094 12 13234 6095 12 13235 5156 33 13236 5164 33 13237 5162 33 13238 5156 33 13239 5162 33 13240 5159 33 13241 5142 12 13242 5194 12 13243 5193 12 13244 5142 12 13245 5193 12 13246 5147 12 13247 7393 2350 13248 7394 2350 13249 7395 2350 13250 7393 2351 13251 7395 2351 13252 7397 2351 13253 5805 10 13254 5806 10 13255 5807 10 13256 5805 10 13257 5807 10 13258 5804 10 13259 7384 2352 13260 7387 2352 13261 7402 2352 13262 7384 2353 13263 7402 2353 13264 7401 2353 13265 6544 2354 13266 6546 2354 13267 6542 2354 13268 6544 2355 13269 6542 2355 13270 6515 2355 13271 7128 2356 13272 7129 2356 13273 7127 2356 13274 7128 2357 13275 7127 2357 13276 7126 2357 13277 5548 2358 13278 5547 2358 13279 5541 2358 13280 5550 2359 13281 5555 2359 13282 5552 2359 13283 5548 2360 13284 5541 2360 13285 5550 2360 13286 5548 2361 13287 5550 2361 13288 5552 2361 13289 5957 12 13290 5963 12 13291 5952 12 13292 5957 12 13293 5952 12 13294 5954 12 13295 5891 10 13296 5897 10 13297 5899 10 13298 5891 10 13299 5899 10 13300 5890 10 13301 7353 2362 13302 7355 2362 13303 7357 2362 13304 7353 2363 13305 7357 2363 13306 7352 2363 13307 7415 7 13308 7416 7 13309 7418 7 13310 7421 0 13311 7417 0 13312 7422 0 13313 6409 0 13314 6412 0 13315 6411 0 13316 6409 0 13317 6411 0 13318 6410 0 13319 7506 0 13320 7510 0 13321 7627 0 13322 7506 0 13323 7627 0 13324 7502 0 13325 7424 2364 13326 7419 2364 13327 7427 2364 13328 6214 12 13329 6216 12 13330 6221 12 13331 6214 12 13332 6221 12 13333 6211 12 13334 6730 12 13335 6738 12 13336 6728 12 13337 6730 12 13338 6728 12 13339 6729 12 13340 5893 7 13341 5889 7 13342 5888 7 13343 5893 7 13344 5888 7 13345 5895 7 13346 7048 2365 13347 7084 2365 13348 7083 2365 13349 7048 2366 13350 7083 2366 13351 7050 2366 13352 6617 7 13353 6620 7 13354 6626 7 13355 6617 7 13356 6626 7 13357 6624 7 13358 5796 0 13359 5801 0 13360 5799 0 13361 5796 0 13362 5799 0 13363 5797 0 13364 5714 2367 13365 5715 2367 13366 5716 2367 13367 5714 2368 13368 5716 2368 13369 5741 2368 13370 6114 7 13371 6117 7 13372 6116 7 13373 6114 7 13374 6116 7 13375 6115 7 13376 6528 2369 13377 6527 2369 13378 6530 2369 13379 6528 2370 13380 6530 2370 13381 6529 2370 13382 7525 33 13383 7527 33 13384 7534 33 13385 7525 33 13386 7534 33 13387 7531 33 13388 7364 2371 13389 7374 2371 13390 7373 2371 13391 7364 2372 13392 7373 2372 13393 7365 2372 13394 6158 7 13395 6164 7 13396 6162 7 13397 6158 7 13398 6162 7 13399 6160 7 13400 6056 2373 13401 6083 2373 13402 6085 2373 13403 6056 2374 13404 6085 2374 13405 6054 2374 13406 6055 2375 13407 6057 2375 13408 6081 2375 13409 6055 2376 13410 6081 2376 13411 6082 2376 13412 6005 2377 13413 6006 2377 13414 6004 2377 13415 6005 2378 13416 6004 2378 13417 6000 2378 13418 5438 2379 13419 5436 2379 13420 5481 2379 13421 5438 2380 13422 5481 2380 13423 5479 2380 13424 7084 2381 13425 7178 2381 13426 7177 2381 13427 7084 2382 13428 7177 2382 13429 7083 2382 13430 7347 2383 13431 7359 2383 13432 7358 2383 13433 7347 2384 13434 7358 2384 13435 7346 2384 13436 7432 10 13437 7438 10 13438 7436 10 13439 7432 10 13440 7436 10 13441 7434 10 13442 7433 12 13443 7435 12 13444 7431 12 13445 7462 12 13446 7464 12 13447 7457 12 13448 7462 12 13449 7457 12 13450 7461 12 13451 6076 2385 13452 6077 2385 13453 6075 2385 13454 6076 2386 13455 6075 2386 13456 6074 2386 13457 6525 2387 13458 6532 2387 13459 6531 2387 13460 6525 2388 13461 6531 2388 13462 6526 2388 13463 7450 33 13464 7441 33 13465 7444 33 13466 7450 33 13467 7444 33 13468 7448 33 13469 7443 0 13470 7447 0 13471 7445 0 13472 7443 0 13473 7445 0 13474 7440 0 13475 5571 2389 13476 5565 2389 13477 5568 2389 13478 5571 2390 13479 5568 2390 13480 5578 2390 13481 6123 10 13482 6124 10 13483 6120 10 13484 6123 10 13485 6120 10 13486 6122 10 13487 5386 2391 13488 5387 2391 13489 5385 2391 13490 5386 2392 13491 5385 2392 13492 5384 2392 13493 7466 7 13494 7408 7 13495 7468 7 13496 7476 1615 13497 7479 1615 13498 7473 1615 13499 7476 1614 13500 7473 1614 13501 7470 1614 13502 7471 2393 13503 7474 2393 13504 7458 2393 13505 7471 2394 13506 7458 2394 13507 7454 2394 13508 6126 7 13509 6133 7 13510 6131 7 13511 6126 7 13512 6131 7 13513 6127 7 13514 5978 12 13515 5979 12 13516 5976 12 13517 5978 12 13518 5976 12 13519 5977 12 13520 6201 52 13521 6200 52 13522 6198 52 13523 6201 52 13524 6198 52 13525 6194 52 13526 7221 2395 13527 7336 2395 13528 7337 2395 13529 7337 2396 13530 7332 2396 13531 7334 2396 13532 7335 2397 13533 7221 2397 13534 7337 2397 13535 7337 2398 13536 7334 2398 13537 7335 2398 13538 7480 2364 13539 7459 2364 13540 7475 2364 13541 6078 2399 13542 6079 2399 13543 6077 2399 13544 6078 2400 13545 6077 2400 13546 6076 2400 13547 7484 52 13548 7420 52 13549 7425 52 13550 7484 52 13551 7425 52 13552 7487 52 13553 6439 33 13554 6433 33 13555 6436 33 13556 6439 33 13557 6436 33 13558 6438 33 13559 7483 2191 13560 7485 2191 13561 7488 2191 13562 7495 33 13563 7496 33 13564 7490 33 13565 7495 33 13566 7490 33 13567 7493 33 13568 5682 2401 13569 5717 2401 13570 5716 2401 13571 5682 2402 13572 5716 2402 13573 5681 2402 13574 7489 10 13575 7494 10 13576 7491 10 13577 7489 10 13578 7491 10 13579 7492 10 13580 7430 33 13581 7437 33 13582 7439 33 13583 7500 33 13584 7498 33 13585 7503 33 13586 6463 33 13587 6464 33 13588 6465 33 13589 6463 33 13590 6465 33 13591 6461 33 13592 6462 10 13593 6466 10 13594 6467 10 13595 6462 10 13596 6467 10 13597 6460 10 13598 7466 33 13599 7452 33 13600 7453 33 13601 7466 33 13602 7453 33 13603 7468 33 13604 5220 2403 13605 5223 2403 13606 5222 2403 13607 5220 2404 13608 5222 2404 13609 5219 2404 13610 6169 52 13611 6167 52 13612 6165 52 13613 6169 52 13614 6165 52 13615 6159 52 13616 5971 33 13617 5972 33 13618 5974 33 13619 5971 33 13620 5974 33 13621 5969 33 13622 7090 2405 13623 7091 2405 13624 7089 2405 13625 7090 2406 13626 7089 2406 13627 7088 2406 13628 7379 2407 13629 7381 2407 13630 7378 2407 13631 7379 2408 13632 7378 2408 13633 7376 2408 13634 5091 2409 13635 5090 2409 13636 5056 2409 13637 5091 2410 13638 5056 2410 13639 5059 2410 13640 7544 7 13641 7543 7 13642 7546 7 13643 5074 52 13644 5092 52 13645 5093 52 13646 5072 52 13647 5069 52 13648 5066 52 13649 5066 2411 13650 5063 2411 13651 5060 2411 13652 5060 2412 13653 5057 2412 13654 5053 2412 13655 5053 52 13656 5048 52 13657 5095 52 13658 5053 2413 13659 5095 2413 13660 5043 2413 13661 5072 52 13662 5066 52 13663 5060 52 13664 5074 52 13665 5093 52 13666 5094 52 13667 5086 52 13668 5084 52 13669 5083 52 13670 5074 52 13671 5094 52 13672 5072 52 13673 5088 2414 13674 5086 2414 13675 5083 2414 13676 5073 52 13677 5074 52 13678 5072 52 13679 5071 2415 13680 5073 2415 13681 5072 2415 13682 5042 52 13683 5088 52 13684 5083 52 13685 5042 52 13686 5083 52 13687 5045 52 13688 5043 2416 13689 5042 2416 13690 5045 2416 13691 5068 52 13692 5071 52 13693 5072 52 13694 5043 52 13695 5045 52 13696 5047 52 13697 5043 2417 13698 5047 2417 13699 5049 2417 13700 5068 52 13701 5072 52 13702 5060 52 13703 5064 52 13704 5068 52 13705 5060 52 13706 5053 2418 13707 5043 2418 13708 5049 2418 13709 5053 2419 13710 5049 2419 13711 5051 2419 13712 5061 52 13713 5064 52 13714 5060 52 13715 5058 2420 13716 5061 2420 13717 5060 2420 13718 5053 52 13719 5051 52 13720 5055 52 13721 5055 2421 13722 5058 2421 13723 5060 2421 13724 5060 2422 13725 5053 2422 13726 5055 2422 13727 6070 1908 13728 6071 1908 13729 6068 1908 13730 6070 1909 13731 6068 1909 13732 6049 1909 13733 7278 2423 13734 7282 2423 13735 7280 2423 13736 7278 2424 13737 7280 2424 13738 7279 2424 13739 7557 12 13740 7552 12 13741 7559 12 13742 7567 33 13743 7566 33 13744 7562 33 13745 7562 33 13746 7563 33 13747 7564 33 13748 7569 33 13749 5035 33 13750 5268 33 13751 5268 33 13752 7573 33 13753 7572 33 13754 7567 33 13755 7562 33 13756 7564 33 13757 7569 2425 13758 5268 2425 13759 7572 2425 13760 7567 33 13761 7564 33 13762 7569 33 13763 7572 2426 13764 7567 2426 13765 7569 2426 13766 6601 2427 13767 6602 2427 13768 6599 2427 13769 6601 2428 13770 6599 2428 13771 6597 2428 13772 6844 0 13773 6849 0 13774 6848 0 13775 6844 0 13776 6848 0 13777 6846 0 13778 6128 0 13779 6132 0 13780 6130 0 13781 6128 0 13782 6130 0 13783 6129 0 13784 5521 2429 13785 5522 2429 13786 5371 2429 13787 5521 2430 13788 5371 2430 13789 5369 2430 13790 5285 2431 13791 5287 2431 13792 5020 2431 13793 5285 2432 13794 5020 2432 13795 5284 2432 13796 5099 7 13797 5206 7 13798 5204 7 13799 5099 7 13800 5204 7 13801 5100 7 13802 5026 2433 13803 5029 2433 13804 5025 2433 13805 5026 2434 13806 5025 2434 13807 5023 2434 13808 7591 2435 13809 7593 2435 13810 7640 2435 13811 7591 2436 13812 7640 2436 13813 7639 2436 13814 7576 7 13815 7575 7 13816 7561 7 13817 7565 7 13818 7579 7 13819 7578 7 13820 7565 7 13821 7578 7 13822 7577 7 13823 7576 7 13824 7561 7 13825 7565 7 13826 7576 7 13827 7565 7 13828 7577 7 13829 6689 10 13830 6690 10 13831 6691 10 13832 6689 10 13833 6691 10 13834 6688 10 13835 7558 10 13836 7560 10 13837 7574 10 13838 6025 2437 13839 6027 2437 13840 6023 2437 13841 6025 2438 13842 6023 2438 13843 6021 2438 13844 5995 12 13845 5999 12 13846 5993 12 13847 5995 12 13848 5993 12 13849 5994 12 13850 5670 2439 13851 5709 2439 13852 5708 2439 13853 5670 2440 13854 5708 2440 13855 5669 2440 13856 6146 10 13857 6148 10 13858 6152 10 13859 6146 10 13860 6152 10 13861 6153 10 13862 7509 33 13863 7505 33 13864 7507 33 13865 7511 33 13866 7521 33 13867 7519 33 13868 7519 33 13869 7597 33 13870 7596 33 13871 7519 2441 13872 7596 2441 13873 7595 2441 13874 7509 33 13875 7507 33 13876 7511 33 13877 7514 2442 13878 7509 2442 13879 7511 2442 13880 7519 2443 13881 7595 2443 13882 7594 2443 13883 7519 2444 13884 7594 2444 13885 7592 2444 13886 7516 33 13887 7514 33 13888 7511 33 13889 7518 33 13890 7516 33 13891 7511 33 13892 7519 2445 13893 7592 2445 13894 7590 2445 13895 7519 2446 13896 7590 2446 13897 7588 2446 13898 7518 33 13899 7511 33 13900 7519 33 13901 7583 2447 13902 7518 2447 13903 7519 2447 13904 7519 2448 13905 7588 2448 13906 7586 2448 13907 7584 2449 13908 7583 2449 13909 7519 2449 13910 7519 2450 13911 7586 2450 13912 7584 2450 13913 6430 0 13914 6435 0 13915 6432 0 13916 6430 0 13917 6432 0 13918 6431 0 13919 5948 33 13920 5949 33 13921 5950 33 13922 5948 33 13923 5950 33 13924 5946 33 13925 7537 7 13926 7536 7 13927 7580 7 13928 7533 7 13929 7532 7 13930 7535 7 13931 7537 2451 13932 7580 2451 13933 7533 2451 13934 7533 7 13935 7535 7 13936 7537 7 13937 5774 2452 13938 5773 2452 13939 5778 2452 13940 7582 2453 13941 7632 2453 13942 7630 2453 13943 7582 2454 13944 7630 2454 13945 7517 2454 13946 7085 2455 13947 7179 2455 13948 7178 2455 13949 7085 2456 13950 7178 2456 13951 7084 2456 13952 7598 7 13953 7520 7 13954 7602 7 13955 7602 2457 13956 7501 2457 13957 7504 2457 13958 7602 2458 13959 7504 2458 13960 7623 2458 13961 7600 7 13962 7598 7 13963 7602 7 13964 7605 2459 13965 7600 2459 13966 7602 2459 13967 7602 2460 13968 7623 2460 13969 7621 2460 13970 7602 2461 13971 7621 2461 13972 7618 2461 13973 7606 7 13974 7605 7 13975 7602 7 13976 7607 7 13977 7606 7 13978 7602 7 13979 7602 2462 13980 7618 2462 13981 7616 2462 13982 7602 2463 13983 7616 2463 13984 7615 2463 13985 7609 2464 13986 7607 2464 13987 7602 2464 13988 7612 7 13989 7609 7 13990 7602 7 13991 7602 2465 13992 7615 2465 13993 7614 2465 13994 7602 2466 13995 7614 2466 13996 7612 2466 13997 5718 2467 13998 5743 2467 13999 5742 2467 14000 5718 2468 14001 5742 2468 14002 5717 2468 14003 6945 2469 14004 6943 2469 14005 6952 2469 14006 6945 2470 14007 6952 2470 14008 6950 2470 14009 5735 2471 14010 5753 2471 14011 5751 2471 14012 5735 2472 14013 5751 2472 14014 5734 2472 14015 5339 2473 14016 5340 2473 14017 5125 2473 14018 5339 2474 14019 5125 2474 14020 5132 2474 14021 6187 0 14022 6190 0 14023 6189 0 14024 6187 0 14025 6189 0 14026 6188 0 14027 6934 2475 14028 6955 2475 14029 6954 2475 14030 6934 2476 14031 6954 2476 14032 6938 2476 14033 6280 2477 14034 6281 2477 14035 6305 2477 14036 6280 2478 14037 6305 2478 14038 6304 2478 14039 5171 2479 14040 5175 2479 14041 5174 2479 14042 5171 2480 14043 5174 2480 14044 5173 2480 14045 6642 10 14046 6644 10 14047 6646 10 14048 6642 10 14049 6646 10 14050 6641 10 14051 7145 2481 14052 7170 2481 14053 7169 2481 14054 7145 2482 14055 7169 2482 14056 7146 2482 14057 7637 2483 14058 7639 2483 14059 7608 2483 14060 7637 2484 14061 7608 2484 14062 7610 2484 14063 6872 7 14064 6880 7 14065 6878 7 14066 6872 7 14067 6878 7 14068 6873 7 14069 7132 2485 14070 7134 2485 14071 7160 2485 14072 7132 2486 14073 7160 2486 14074 7159 2486 14075 6156 10 14076 6157 10 14077 6154 10 14078 6156 10 14079 6154 10 14080 6155 10 14081 5300 2487 14082 5307 2487 14083 5309 2487 14084 5300 2488 14085 5309 2488 14086 5333 2488 14087 7277 2489 14088 7275 2489 14089 7392 2489 14090 7277 2490 14091 7392 2490 14092 7391 2490 14093 6223 0 14094 6227 0 14095 6225 0 14096 6223 0 14097 6225 0 14098 6224 0 14099 6199 7 14100 6197 7 14101 6196 7 14102 6199 7 14103 6196 7 14104 6195 7 14105 6674 7 14106 6673 7 14107 6671 7 14108 6674 7 14109 6671 7 14110 6669 7 14111 5562 2491 14112 5551 2491 14113 5554 2491 14114 5562 2492 14115 5554 2492 14116 5557 2492 14117 5166 2493 14118 5168 2493 14119 5172 2493 14120 5166 2494 14121 5172 2494 14122 5334 2494 14123</p>
        </triangles>
      </mesh>
    </geometry>
  </library_geometries>
  <library_visual_scenes>
    <visual_scene id="Scene" name="Scene">
      <node id="f166c327-7a4b-4309-b46e-1586976a1326" name="f166c327-7a4b-4309-b46e-1586976a1326" type="NODE">
        <matrix sid="transform">1 1.4243e-14 8.74228e-8 0 8.74228e-8 -1.62921e-7 -0.9999999 0 0 0.9999999 -1.62921e-7 0 0 0 0 1</matrix>
        <instance_geometry url="#Oblasna-Philharmonic_op_h_op_l_l_002-mesh" name="f166c327-7a4b-4309-b46e-1586976a1326">
          <bind_material>
            <technique_common>
              <instance_material symbol="f166c327-7a4b-4309-b46e-1586976a1326-material" target="#f166c327-7a4b-4309-b46e-1586976a1326-material">
                <bind_vertex_input semantic="UVMap" input_semantic="TEXCOORD" input_set="0"/>
              </instance_material>
              <instance_material symbol="_081b245-ace2-4331-b33c-25c1643b1f52-material" target="#_081b245-ace2-4331-b33c-25c1643b1f52-material">
                <bind_vertex_input semantic="UVMap" input_semantic="TEXCOORD" input_set="0"/>
              </instance_material>
              <instance_material symbol="_4e3ad1d-7bf9-425c-80dd-bdb18fb3692a-material" target="#_4e3ad1d-7bf9-425c-80dd-bdb18fb3692a-material">
                <bind_vertex_input semantic="UVMap" input_semantic="TEXCOORD" input_set="0"/>
              </instance_material>
            </technique_common>
          </bind_material>
        </instance_geometry>
      </node>
    </visual_scene>
  </library_visual_scenes>
  <scene>
    <instance_visual_scene url="#Scene"/>
  </scene>
</COLLADA>