<?xml version="1.0" encoding="utf-8"?>
<COLLADA xmlns="http://www.collada.org/2005/11/COLLADASchema" version="1.4.1" xmlns:xsi="http://www.w3.org/2001/XMLSchema-instance">
  <asset>
    <contributor>
      <author>Blender User</author>
      <authoring_tool>Blender 3.3.9 commit date:2023-07-17, commit time:12:27, hash:a23b30d4f773</authoring_tool>
    </contributor>
    <created>2025-12-30T03:22:39</created>
    <modified>2025-12-30T03:22:39</modified>
    <unit name="meter" meter="1"/>
    <up_axis>Z_UP</up_axis>
  </asset>
  <library_effects>
    <effect id="cc0c2a72-d5b5-4f27-81f3-d985b44d6b81-effect">
      <profile_COMMON>
        <newparam sid="cc0c2a72-d5b5-4f27-81f3-d985b44d6b81-surface">
          <surface type="2D">
            <init_from>cc0c2a72-d5b5-4f27-81f3-d985b44d6b81</init_from>
          </surface>
        </newparam>
        <newparam sid="cc0c2a72-d5b5-4f27-81f3-d985b44d6b81-sampler">
          <sampler2D>
            <source>cc0c2a72-d5b5-4f27-81f3-d985b44d6b81-surface</source>
          </sampler2D>
        </newparam>
        <technique sid="common">
          <lambert>
            <emission>
              <color sid="emission">0 0 0 1</color>
            </emission>
            <diffuse>
              <texture texture="cc0c2a72-d5b5-4f27-81f3-d985b44d6b81-sampler" texcoord="UVMap"/>
            </diffuse>
            <index_of_refraction>
              <float sid="ior">1.45</float>
            </index_of_refraction>
          </lambert>
        </technique>
      </profile_COMMON>
    </effect>
  </library_effects>
  <library_images>
    <image id="cc0c2a72-d5b5-4f27-81f3-d985b44d6b81" name="cc0c2a72-d5b5-4f27-81f3-d985b44d6b81">
      <init_from>cc0c2a72-d5b5-4f27-81f3-d985b44d6b81_combined.jpg</init_from>
    </image>
  </library_images>
  <library_materials>
    <material id="cc0c2a72-d5b5-4f27-81f3-d985b44d6b81-material" name="cc0c2a72-d5b5-4f27-81f3-d985b44d6b81">
      <instance_effect url="#cc0c2a72-d5b5-4f27-81f3-d985b44d6b81-effect"/>
    </material>
  </library_materials>
  <library_geometries>
    <geometry id="EnglishClub_ec_h_ec_l_l_002-mesh" name="EnglishClub_ec_h+ec_l_l.002">
      <mesh>
        <source id="EnglishClub_ec_h_ec_l_l_002-mesh-positions">
          <float_array id="EnglishClub_ec_h_ec_l_l_002-mesh-positions-array" count="15522">10.29913 2.195312 22.72295 -11.62429 7.849333 16.1299 -11.62435 2.195521 16.1299 -6.432926 7.754783 17.6911 -6.207806 7.754783 17.7588 -6.207806 7.754783 17.7588 -6.207806 7.754783 17.7588 7.257534 7.754653 21.80825 7.257534 7.754653 21.80825 10.29913 7.849133 22.72295 7.257534 7.849153 21.80825 7.032434 7.754653 21.74055 7.032434 7.754653 21.74055 7.032434 7.754653 21.74055 7.032434 7.754653 21.74055 0.2997341 7.754723 19.71582 0.2997341 7.754723 19.71582 0.5248337 7.754713 19.78352 0.5248337 7.754713 19.78352 7.032434 7.849163 21.74055 0.5248337 7.849223 19.7835 -6.207796 7.849283 17.75878 0.2997341 7.849223 19.71582 -6.432916 7.849283 17.6911 7.289434 8.070703 21.70215 7.289434 8.070703 21.70215 7.064335 7.754653 21.63445 7.289434 7.754653 21.70215 7.064335 8.070713 21.63445 0.5568352 8.070774 19.67742 0.3316345 7.754713 19.60972 0.5568352 7.754713 19.67742 0.3316345 8.070774 19.60972 -6.175896 8.070834 17.6527 -6.401015 7.754783 17.585 -6.175896 7.754783 17.6527 -6.401015 8.070843 17.585 -10.84965 8.070883 16.47853 -10.786 8.070883 16.2663 -11.66572 8.070883 16.26765 11.02513 8.070663 10.30743 -12.2368 8.070894 16.09591 -12.78958 8.070903 15.89051 -13.31381 8.070903 15.62046 -13.80197 8.070914 15.28962 -14.24704 8.070914 14.90274 -14.56207 8.070914 14.55444 -14.71192 8.070914 14.36736 -14.98302 8.070923 13.98386 -15.26337 8.070923 13.46506 -15.47963 8.070923 12.91644 -15.62869 8.070923 12.34588 -15.70842 8.070923 11.76159 -15.71764 8.070923 11.17344 11.04163 8.070663 10.31241 10.48193 8.070673 22.66225 10.48273 8.070683 22.65975 10.46933 1.78362 22.66165 11.04223 8.070713 10.31144 10.48193 8.070683 22.66225 10.59803 1.783654 19.82623 11.02603 9.12905e-4 10.31069 10.59443 8.92878e-4 19.82607 11.03853 8.070713 10.31159 -15.71765 6.251623 11.17343 -15.71763 8.070954 11.17374 11.03853 6.251373 10.31127 -15.88093 5.497663 24.62165 -15.88093 5.497663 24.62165 -15.92271 5.431263 24.70865 -15.92271 5.431263 24.70865 -15.92763 5.497663 24.70585 -15.92763 5.497663 24.70585 -15.92763 5.497663 24.70585 -15.87601 5.431263 24.62435 -15.90292 5.368573 24.71955 -15.90292 5.368573 24.71955 -15.85622 5.368573 24.63535 -15.86962 5.313873 24.73805 -15.86962 5.313873 24.73805 -15.86962 5.313873 24.73805 -15.82292 5.313873 24.65385 -15.82292 5.313873 24.65385 -15.82507 5.270893 24.76275 -15.82507 5.270893 24.76275 -15.77837 5.270893 24.67855 -15.77231 5.242563 24.79195 -15.77231 5.242563 24.79195 -15.72561 5.242563 24.70775 -15.71493 5.230813 24.82385 -15.71493 5.230813 24.82385 -15.66824 5.230813 24.73955 -15.65686 5.236443 24.85605 -15.65686 5.236443 24.85605 -15.61016 5.236443 24.77185 -15.60203 5.259073 24.88645 -15.60203 5.259073 24.88645 -15.55533 5.259073 24.80225 -15.5542 5.297153 24.91295 -15.5542 5.297153 24.91295 -15.5542 5.297153 24.91295 -15.5075 5.297153 24.82875 -15.5075 5.297153 24.82875 -15.51661 5.348093 24.93375 -15.51661 5.348093 24.93375 -15.46991 5.348093 24.84955 -15.44514 5.408413 24.86335 -15.49183 5.408413 24.94755 -15.49183 5.408413 24.94755 -15.43486 5.474023 24.86905 -15.48156 5.474023 24.95325 -15.48156 5.474023 24.95325 -15.48156 5.474023 24.95325 -15.43661 5.497663 24.86805 -15.43661 5.497663 24.86805 -15.49291 5.474023 24.97365 -15.49291 5.474023 24.97365 -15.49291 5.474023 24.97365 -15.49466 5.497663 24.97275 -15.49466 5.497663 24.97275 -15.49466 5.497663 24.97275 -15.4567 5.497663 24.99375 -15.4567 5.497663 24.99375 -15.4567 5.497663 24.99375 -15.4567 5.522363 24.99375 -15.4567 5.522363 24.99375 -15.4567 5.522363 24.99375 -15.47482 5.522363 24.98375 -15.47482 5.522363 24.98375 -15.47482 5.522363 24.98375 -15.51852 5.535253 24.95945 -15.51852 5.535253 24.95945 -15.51435 5.474513 24.96185 -15.51435 5.474513 24.96185 -15.51435 5.474513 24.96185 -15.503 5.474513 24.94135 -15.503 5.474513 24.94135 -15.503 5.474513 24.94135 -15.50716 5.535253 24.93905 -15.50716 5.535253 24.93905 -15.52508 5.591993 24.92905 -15.52508 5.591993 24.92905 -15.53643 5.591993 24.94955 -15.53643 5.591993 24.94955 -15.49827 5.614563 24.97075 -15.49827 5.614563 24.97075 -15.47655 5.545753 24.98275 -15.47655 5.545753 24.98275 -15.41254 5.545753 24.86735 -15.4108 5.522363 24.86825 -15.4108 5.522363 24.86825 -15.39269 5.522363 24.87835 -15.39269 5.522363 24.87835 -15.39269 5.497663 24.87835 -15.39269 5.497663 24.87835 -15.43065 5.497663 24.85725 -15.43426 5.614563 24.85525 -15.47081 5.674593 24.83505 -15.47081 5.674593 24.83505 -15.53482 5.674593 24.95045 -15.53482 5.674593 24.95045 -15.53482 5.674593 24.95045 -15.5197 5.721773 24.80785 -15.58372 5.721773 24.92335 -15.58372 5.721773 24.92335 -15.57761 5.752863 24.77575 -15.64163 5.752863 24.89125 -15.64163 5.752863 24.89125 -15.64058 5.765763 24.74085 -15.7046 5.765763 24.85635 -15.7046 5.765763 24.85635 -15.70433 5.759583 24.70555 -15.76834 5.759583 24.82095 -15.76834 5.759583 24.82095 -15.7645 5.734743 24.67215 -15.82852 5.734743 24.78765 -15.82852 5.734743 24.78765 -15.81701 5.692953 24.64305 -15.81701 5.692953 24.64305 -15.88102 5.692953 24.75845 -15.88102 5.692953 24.75845 -15.88102 5.692953 24.75845 -15.85826 5.637043 24.62015 -15.92228 5.637043 24.73565 -15.92228 5.637043 24.73565 -15.94947 5.570823 24.72055 -15.94947 5.570823 24.72055 -15.88545 5.570823 24.60505 -15.95706 5.522373 24.71635 -15.95706 5.522373 24.71635 -15.95706 5.522373 24.71635 -15.89305 5.522373 24.60085 -15.89305 5.522373 24.60085 -15.90318 5.522373 24.59525 -15.90318 5.522373 24.59525 -15.9672 5.522373 24.71075 -15.9672 5.522373 24.71075 -15.9672 5.522373 24.71075 -15.9672 5.497663 24.71075 -15.9672 5.497663 24.71075 -15.9672 5.497663 24.71075 -15.90318 5.497663 24.59525 -15.90318 5.497663 24.59525 -15.91502 5.497663 24.73965 -15.91502 5.497663 24.73965 -15.91502 5.497663 24.73965 -15.90366 5.497663 24.71915 -15.90366 5.497663 24.71915 -15.90366 5.497663 24.71915 -15.55522 5.641503 24.91235 -15.55522 5.641503 24.91235 -15.55522 5.641503 24.91235 -15.56657 5.641503 24.93285 -15.56657 5.641503 24.93285 -15.56657 5.641503 24.93285 -15.6069 5.680413 24.91045 -15.6069 5.680413 24.91045 -15.65465 5.706053 24.88405 -15.65465 5.706053 24.88405 -15.70659 5.716693 24.85525 -15.70659 5.716693 24.85525 -15.75916 5.711593 24.82605 -15.75916 5.711593 24.82605 -15.80878 5.691113 24.79855 -15.80878 5.691113 24.79855 -15.85208 5.656643 24.77455 -15.85208 5.656643 24.77455 -15.85208 5.656643 24.77455 -15.8861 5.610533 24.75565 -15.8861 5.610533 24.75565 -15.90853 5.555933 24.74325 -15.90853 5.555933 24.74325 -15.91381 5.522223 24.74035 -15.91381 5.522223 24.74035 -15.9139 5.521673 24.74025 -15.9139 5.521673 24.74025 -15.90254 5.521673 24.71975 -15.90254 5.521673 24.71975 -15.59554 5.680413 24.89005 -15.59554 5.680413 24.89005 -15.6433 5.706053 24.86355 -15.6433 5.706053 24.86355 -15.69523 5.716693 24.83475 -15.69523 5.716693 24.83475 -15.7478 5.711593 24.80555 -15.7478 5.711593 24.80555 -15.79743 5.691113 24.77805 -15.79743 5.691113 24.77805 -15.84073 5.656643 24.75405 -15.84073 5.656643 24.75405 -15.84073 5.656643 24.75405 -15.87475 5.610533 24.73515 -15.87475 5.610533 24.73515 -15.89718 5.555933 24.72275 -15.89718 5.555933 24.72275 -15.90246 5.522223 24.71985 -15.90246 5.522223 24.71985 -15.87497 5.497663 24.61095 -15.21704 2.674084 25.16685 -15.2044 2.675249 25.08265 -15.2044 2.675249 25.08265 -15.21121 2.674083 25.08135 -15.21011 2.675249 25.16635 -15.21011 2.675249 25.16635 -15.20055 2.674083 25.25085 -15.20668 2.670665 25.25295 -15.2235 2.670665 25.16725 -15.21755 2.670665 25.08005 -15.18345 2.674083 25.00025 -15.18925 2.670664 24.99735 -15.14051 2.670663 24.92485 -15.13565 2.674082 24.92915 -15.17723 2.675249 25.00335 -15.17723 2.675249 25.00335 -15.13044 2.675248 24.93375 -15.13044 2.675248 24.93375 -15.2044 2.60681 25.08265 -15.2044 2.60681 25.08265 -15.21011 2.60681 25.16635 -15.21011 2.60681 25.16635 -15.19396 2.675249 25.24865 -15.19396 2.675249 25.24865 -15.19396 2.60681 25.24865 -15.19396 2.60681 25.24865 -15.15707 2.606809 25.32395 -15.15707 2.606809 25.32395 -15.15707 2.606809 25.32395 -15.15706 2.675248 25.32395 -15.15706 2.675248 25.32395 -15.15706 2.675248 25.32395 -15.16285 2.674083 25.32785 -15.06724 2.675246 24.87855 -15.06724 2.675246 24.87855 -15.06724 2.675246 24.87855 -15.06724 2.606807 24.87855 -15.06724 2.606807 24.87855 -15.06724 2.606807 24.87855 -15.13044 2.606808 24.93375 -15.13044 2.606808 24.93375 -15.17723 2.606809 25.00335 -15.17723 2.606809 25.00335 -15.21121 2.607976 25.08135 -15.18345 2.607975 25.00025 -15.21755 2.611394 25.08005 -15.18925 2.611394 24.99735 -15.223 2.616833 25.07895 -15.223 2.616833 25.07895 -15.19423 2.616832 24.99485 -15.19423 2.616832 24.99485 -15.19805 2.623919 24.99305 -15.22719 2.62392 25.07805 -15.22905 2.616833 25.16755 -15.22905 2.616833 25.16755 -15.23331 2.62392 25.16785 -15.21195 2.616833 25.25475 -15.21195 2.616833 25.25475 -15.21599 2.62392 25.25605 -15.17643 2.623919 25.33685 -15.17643 2.623919 25.33685 -15.17287 2.616832 25.33455 -15.17287 2.616832 25.33455 -15.17287 2.616832 25.33455 -15.20668 2.611394 25.25295 -15.16824 2.611394 25.33145 -15.20055 2.607976 25.25085 -15.16285 2.607975 25.32785 -15.10653 2.607974 25.39245 -15.10193 2.606808 25.38725 -15.10193 2.606808 25.38725 -15.10193 2.675247 25.38725 -15.10193 2.675247 25.38725 -15.10652 2.674081 25.39245 -15.11081 2.670663 25.39725 -15.16824 2.670664 25.33145 -15.17287 2.665226 25.33455 -15.17287 2.665226 25.33455 -15.17287 2.665226 25.33455 -15.21195 2.665227 25.25475 -15.21195 2.665227 25.25475 -15.22905 2.665227 25.16755 -15.22905 2.665227 25.16755 -15.223 2.665227 25.07895 -15.223 2.665227 25.07895 -15.19423 2.665226 24.99485 -15.19423 2.665226 24.99485 -15.14468 2.665225 24.92115 -15.14468 2.665225 24.92115 -15.07774 2.665224 24.86275 -15.07774 2.665224 24.86275 -15.07774 2.665224 24.86275 -15.07466 2.670662 24.86745 -15.07108 2.67408 24.87275 -14.99413 2.674079 24.83515 -14.99191 2.675245 24.84165 -14.99191 2.675245 24.84165 -14.9096 2.675243 24.82555 -14.9096 2.675243 24.82555 -14.82592 2.675241 24.83125 -14.82592 2.675241 24.83125 -15.03231 2.675246 25.43395 -15.03231 2.675246 25.43395 -15.03232 2.606806 25.43395 -15.03232 2.606806 25.43395 -15.0354 2.607972 25.44025 -15.03828 2.611391 25.44605 -15.03828 2.611391 25.44605 -15.11081 2.611393 25.39725 -15.04075 2.616829 25.45095 -15.04075 2.616829 25.45095 -15.11448 2.616831 25.40145 -15.11448 2.616831 25.40145 -15.1173 2.623918 25.40465 -15.04265 2.623917 25.45485 -14.95756 2.623915 25.48395 -14.95672 2.616828 25.47975 -14.95562 2.611389 25.47435 -14.95562 2.611389 25.47435 -14.95434 2.607971 25.46795 -14.95296 2.606805 25.46115 -14.95296 2.606805 25.46115 -14.95296 2.675244 25.46115 -14.95296 2.675244 25.46115 -14.95434 2.674078 25.46795 -15.0354 2.67408 25.44025 -15.03828 2.670662 25.44605 -15.04075 2.665223 25.45095 -15.04075 2.665223 25.45095 -15.11448 2.665225 25.40145 -15.11448 2.665225 25.40145 -15.17643 2.658139 25.33685 -15.17643 2.658139 25.33685 -15.1173 2.658138 25.40465 -15.11908 2.649885 25.40665 -15.17866 2.649886 25.33835 -15.17866 2.649886 25.33835 -15.21853 2.649887 25.25695 -15.21599 2.65814 25.25605 -15.23331 2.65814 25.16785 -15.22718 2.65814 25.07805 -15.19805 2.658139 24.99305 -15.14788 2.658138 24.91835 -15.0801 2.658137 24.85925 -15.0801 2.658137 24.85925 -14.99933 2.658135 24.81965 -14.99796 2.665222 24.82375 -14.99796 2.665222 24.82375 -14.99619 2.67066 24.82895 -14.99191 2.606805 24.84165 -14.99191 2.606805 24.84165 -14.99413 2.607971 24.83515 -15.07108 2.607973 24.87275 -15.13565 2.607974 24.92915 -15.14051 2.611393 24.92485 -15.14468 2.616831 24.92115 -15.14468 2.616831 24.92115 -15.14788 2.623918 24.91835 -15.20045 2.632172 24.99185 -15.14989 2.632171 24.91655 -15.20127 2.641029 24.99145 -15.15058 2.641028 24.91595 -15.14989 2.649885 24.91655 -15.20045 2.649886 24.99185 -15.22981 2.649887 25.07755 -15.23071 2.64103 25.07735 -15.22981 2.632173 25.07755 -15.23598 2.632173 25.16795 -15.21854 2.632173 25.25695 -15.17866 2.632172 25.33835 -15.17866 2.632172 25.33835 -15.11908 2.632171 25.40665 -15.04384 2.63217 25.45725 -14.95809 2.632168 25.48655 -14.86766 2.632166 25.49275 -14.86782 2.623913 25.49005 -14.86809 2.616826 25.48585 -14.86809 2.616826 25.48585 -14.86844 2.611388 25.48025 -14.86844 2.611388 25.48025 -14.86885 2.607969 25.47385 -14.86928 2.606803 25.46685 -14.86928 2.606803 25.46685 -14.86928 2.675243 25.46685 -14.86928 2.675243 25.46685 -14.86885 2.674077 25.47385 -14.95562 2.67066 25.47435 -14.86844 2.670658 25.48025 -14.95671 2.665222 25.47975 -14.95671 2.665222 25.47975 -14.86809 2.66522 25.48585 -14.86809 2.66522 25.48585 -14.95756 2.658135 25.48395 -14.86782 2.658133 25.49005 -14.95809 2.649881 25.48655 -14.86765 2.64988 25.49275 -14.8676 2.641023 25.49365 -14.8676 2.641023 25.49365 -14.95827 2.641025 25.48745 -15.04425 2.641026 25.45805 -15.04384 2.649883 25.45725 -15.04265 2.658136 25.45485 -15.11968 2.641028 25.40735 -14.79949 2.641021 25.48035 -14.79949 2.641021 25.48035 -14.77842 2.641021 25.47615 -14.77842 2.641021 25.47615 -14.77871 2.632164 25.47525 -14.77956 2.623911 25.47275 -14.78092 2.616824 25.46875 -14.78092 2.616824 25.46875 -14.7827 2.611386 25.46345 -14.78698 2.606801 25.45075 -14.78698 2.606801 25.45075 -14.78697 2.675241 25.45075 -14.78697 2.675241 25.45075 -14.62182 2.675237 24.96845 -14.62182 2.675237 24.96845 -14.62182 2.675237 24.96845 -14.67696 2.675238 24.90525 -14.67696 2.675238 24.90525 -14.74657 2.67524 24.85845 -14.74657 2.67524 24.85845 -14.74348 2.674073 24.85225 -14.82455 2.674075 24.82445 -14.7406 2.670655 24.84645 -14.82327 2.670657 24.81805 -14.73813 2.665217 24.84145 -14.73813 2.665217 24.84145 -14.82217 2.665218 24.81265 -14.82217 2.665218 24.81265 -14.73624 2.658129 24.83765 -14.82133 2.658131 24.80845 -14.73504 2.649876 24.83525 -14.8208 2.649878 24.80585 -14.82062 2.641021 24.80495 -14.73464 2.641019 24.83435 -14.65921 2.641018 24.88505 -14.65981 2.649875 24.88575 -14.66158 2.658128 24.88775 -14.6644 2.665215 24.89095 -14.6644 2.665215 24.89095 -14.66808 2.670653 24.89515 -14.67236 2.674072 24.89995 -14.67696 2.606799 24.90525 -14.67696 2.606799 24.90525 -14.74657 2.6068 24.85845 -14.74657 2.6068 24.85845 -14.82593 2.606802 24.83125 -14.82593 2.606802 24.83125 -14.90961 2.606803 24.82555 -14.90961 2.606803 24.82555 -14.91004 2.607969 24.81865 -14.99619 2.61139 24.82895 -15.07466 2.611391 24.86745 -15.07774 2.616829 24.86275 -15.07774 2.616829 24.86275 -15.07774 2.616829 24.86275 -15.0801 2.623917 24.85925 -15.0801 2.623917 24.85925 -15.08158 2.63217 24.85695 -15.08158 2.63217 24.85695 -15.08209 2.641027 24.85625 -15.08209 2.641027 24.85625 -15.08158 2.649883 24.85695 -15.08158 2.649883 24.85695 -15.23598 2.649887 25.16795 -15.2369 2.64103 25.16805 -15.2194 2.64103 25.25725 -15.17942 2.641029 25.33885 -15.17942 2.641029 25.33885 -15.00018 2.649882 24.81715 -14.91106 2.658133 24.80235 -14.91123 2.64988 24.79965 -14.91129 2.641023 24.79875 -14.9108 2.66522 24.80665 -14.9108 2.66522 24.80665 -14.91045 2.670658 24.81215 -14.91004 2.674077 24.81865 -14.8208 2.632164 24.80585 -14.91123 2.632166 24.79965 -14.82133 2.623911 24.80845 -14.91106 2.623913 24.80235 -14.9108 2.616826 24.80665 -14.9108 2.616826 24.80665 -14.82217 2.616824 24.81265 -14.82217 2.616824 24.81265 -14.73813 2.616822 24.84145 -14.73813 2.616822 24.84145 -14.73624 2.62391 24.83765 -14.73504 2.632163 24.83525 -14.65981 2.632161 24.88575 -14.60023 2.63216 24.95405 -14.60023 2.63216 24.95405 -14.59947 2.641017 24.95355 -14.59947 2.641017 24.95355 -14.60023 2.649874 24.95405 -14.60023 2.649874 24.95405 -14.60246 2.658127 24.95555 -14.60246 2.658127 24.95555 -14.60601 2.665214 24.95795 -14.60601 2.665214 24.95795 -14.60601 2.665214 24.95795 -14.61064 2.670652 24.96095 -14.61604 2.674071 24.96455 -14.62182 2.606797 24.96845 -14.62182 2.606797 24.96845 -14.62182 2.606797 24.96845 -14.67236 2.607964 24.89995 -14.61604 2.607963 24.96455 -14.66808 2.611383 24.89515 -14.61064 2.611382 24.96095 -14.66441 2.616821 24.89095 -14.66441 2.616821 24.89095 -14.60601 2.61682 24.95795 -14.60601 2.61682 24.95795 -14.60601 2.61682 24.95795 -14.66158 2.623908 24.88775 -14.60246 2.623907 24.95555 -14.60246 2.623907 24.95555 -14.56289 2.623906 25.03635 -14.56035 2.632159 25.03545 -14.55949 2.641016 25.03515 -14.56035 2.649873 25.03545 -14.56289 2.658126 25.03635 -14.56694 2.665213 25.03765 -14.56694 2.665213 25.03765 -14.5722 2.670652 25.03945 -14.57834 2.67407 25.04155 -14.58492 2.675236 25.04375 -14.58492 2.675236 25.04375 -14.78092 2.665218 25.46875 -14.78092 2.665218 25.46875 -14.77956 2.658131 25.47275 -14.77871 2.649878 25.47525 -14.6968 2.641019 25.43615 -14.6968 2.641019 25.43615 -14.6973 2.649876 25.43545 -14.6973 2.649876 25.43545 -14.62831 2.641018 25.37645 -14.629 2.649875 25.37585 -14.57762 2.641017 25.30105 -14.57844 2.649873 25.30065 -14.54818 2.641016 25.21505 -14.54907 2.649873 25.21485 -14.54291 2.649873 25.12445 -14.54199 2.641016 25.12435 -14.54291 2.632159 25.12445 -14.54907 2.632159 25.21485 -14.57844 2.63216 25.30065 -14.629 2.632161 25.37585 -14.69731 2.632163 25.43545 -14.69731 2.632163 25.43545 -14.69879 2.623909 25.43315 -14.69879 2.623909 25.43315 -14.70115 2.616822 25.42965 -14.70115 2.616822 25.42965 -14.70115 2.616822 25.42965 -14.70423 2.611384 25.42505 -14.70781 2.607966 25.41965 -14.78476 2.607967 25.45735 -14.71165 2.6068 25.41385 -14.71165 2.6068 25.41385 -14.71165 2.6068 25.41385 -14.64844 2.606798 25.35865 -14.64844 2.606798 25.35865 -14.64323 2.607964 25.36325 -14.60166 2.606797 25.28905 -14.60166 2.606797 25.28905 -14.59544 2.607963 25.29215 -14.56768 2.607963 25.21115 -14.57449 2.606797 25.20975 -14.57449 2.606797 25.20975 -14.60166 2.675237 25.28905 -14.60166 2.675237 25.28905 -14.57449 2.675236 25.20975 -14.57449 2.675236 25.20975 -14.64844 2.675238 25.35865 -14.64844 2.675238 25.35865 -14.56878 2.675236 25.12605 -14.56878 2.675236 25.12605 -14.71165 2.675239 25.41385 -14.71165 2.675239 25.41385 -14.71165 2.675239 25.41385 -14.78476 2.674075 25.45735 -14.70781 2.674073 25.41965 -14.78269 2.670656 25.46345 -14.70422 2.670655 25.42505 -14.70115 2.665216 25.42965 -14.70115 2.665216 25.42965 -14.70115 2.665216 25.42965 -14.69879 2.658129 25.43315 -14.69879 2.658129 25.43315 -14.63101 2.658128 25.37405 -14.58084 2.658127 25.29945 -14.5517 2.658126 25.21435 -14.54558 2.658126 25.12455 -14.54558 2.623906 25.12455 -14.5517 2.623906 25.21435 -14.58084 2.623907 25.29945 -14.63101 2.623908 25.37405 -14.63421 2.616821 25.37125 -14.63421 2.616821 25.37125 -14.63838 2.611383 25.36755 -14.58964 2.611382 25.29505 -14.56133 2.611381 25.21235 -14.55539 2.611381 25.12525 -14.56185 2.607962 25.12565 -14.56878 2.606797 25.12605 -14.56878 2.606797 25.12605 -14.56185 2.67407 25.12565 -14.56768 2.67407 25.21115 -14.59544 2.674071 25.29215 -14.64323 2.674072 25.36325 -14.63838 2.670653 25.36755 -14.63421 2.665215 25.37125 -14.63421 2.665215 25.37125 -14.58466 2.665214 25.29755 -14.58466 2.665214 25.29755 -14.55588 2.665213 25.21345 -14.55588 2.665213 25.21345 -14.54984 2.665213 25.12485 -14.54984 2.665213 25.12485 -14.56694 2.616819 25.03765 -14.56694 2.616819 25.03765 -14.54984 2.616819 25.12485 -14.54984 2.616819 25.12485 -14.55588 2.616819 25.21345 -14.55588 2.616819 25.21345 -14.58466 2.61682 25.29755 -14.58466 2.61682 25.29755 -14.57221 2.611381 25.03945 -14.57834 2.607963 25.04155 -14.58493 2.606797 25.04375 -14.58493 2.606797 25.04375 -14.55539 2.670651 25.12525 -14.56133 2.670651 25.21235 -14.58964 2.670652 25.29505 -14.74061 2.611384 24.84645 -14.74348 2.607966 24.85225 -14.82455 2.607967 24.82445 -14.82327 2.611386 24.81805 -14.91045 2.611388 24.81215 -14.99797 2.616828 24.82375 -14.99797 2.616828 24.82375 -14.99933 2.623915 24.81965 -15.00018 2.632168 24.81715 -15.00047 2.641025 24.81625 -15.21704 2.607976 25.16685 -15.2235 2.611395 25.16725 -15.02775 2.598705 24.84585 -15.02775 2.598705 24.84585 -15.02775 2.598705 24.84585 -15.02775 2.598705 24.84585 -15.02775 2.598705 24.84585 -15.10876 2.413545 25.06525 -15.10876 2.413545 25.06525 -15.02775 2.42752 24.84585 -15.02775 2.42752 24.84585 -15.02775 2.42752 24.84585 -15.02775 2.42752 24.84585 -15.02775 2.42752 24.84585 -14.58913 2.427511 25.00795 -14.58913 2.427511 25.00795 -14.58913 2.427511 25.00795 -14.58913 2.427511 25.00795 -14.58913 2.427511 25.00795 -14.58913 2.413535 25.00795 -14.58913 2.413535 25.00795 -14.58913 2.413535 25.00795 -15.02775 2.413543 24.84585 -15.02775 2.413543 24.84585 -15.02775 2.413543 24.84585 -14.5005 2.413533 24.96705 -14.5005 2.413533 24.96705 -14.5005 2.413533 24.96705 -15.06856 2.413544 24.75725 -15.06856 2.413544 24.75725 -15.06856 2.413544 24.75725 -15.17348 2.413547 25.04125 -15.17348 2.413547 25.04125 -15.27839 2.372626 25.32535 -15.27839 2.372626 25.32535 -15.27839 2.372626 25.32535 -15.27839 2.413549 25.32535 -15.27839 2.413549 25.32535 -15.27839 2.413549 25.32535 -14.71033 2.413538 25.53515 -14.71033 2.413538 25.53515 -14.71033 2.413538 25.53515 -14.71033 2.372615 25.53515 -14.71033 2.372615 25.53515 -14.71033 2.372615 25.53515 -14.70588 2.372614 25.54485 -14.70588 2.372614 25.54485 -14.70588 2.372614 25.54485 -15.28806 2.372626 25.32975 -15.28806 2.372626 25.32975 -15.28806 2.372626 25.32975 -15.18054 2.372624 25.03865 -15.18054 2.372624 25.03865 -15.06857 2.372621 24.75725 -15.06857 2.372621 24.75725 -15.06857 2.372621 24.75725 -15.07302 2.372621 24.74755 -15.07302 2.372621 24.74755 -15.07302 2.372621 24.74755 -14.49084 2.372609 24.96265 -14.49084 2.372609 24.96265 -14.49084 2.372609 24.96265 -14.50051 2.37261 24.96705 -14.50051 2.37261 24.96705 -14.50051 2.37261 24.96705 -14.44933 2.336327 24.94355 -14.44933 2.336327 24.94355 -14.44933 2.336327 24.94355 -14.68676 2.336332 25.58635 -14.68676 2.336332 25.58635 -14.68676 2.336332 25.58635 -15.32958 2.336345 25.34885 -15.32958 2.336345 25.34885 -15.32958 2.336345 25.34885 -15.09214 2.33634 24.70605 -15.09214 2.33634 24.70605 -15.09214 2.33634 24.70605 -15.08808 2.336339 24.71485 -15.08808 2.336339 24.71485 -15.08808 2.336339 24.71485 -15.32077 2.336345 25.34485 -15.32077 2.336345 25.34485 -15.32077 2.336345 25.34485 -14.69082 2.336332 25.57755 -14.69082 2.336332 25.57755 -14.69082 2.336332 25.57755 -15.3144 2.312456 25.34195 -15.3144 2.312456 25.34195 -15.3144 2.312456 25.34195 -14.69375 2.312443 25.57115 -14.69375 2.312443 25.57115 -14.69375 2.312443 25.57115 -15.30368 2.312456 25.33695 -15.30368 2.312456 25.33695 -15.30368 2.312456 25.33695 -15.08515 2.31245 24.72125 -15.08515 2.31245 24.72125 -15.08515 2.31245 24.72125 -14.46451 2.312438 24.95055 -14.46451 2.312438 24.95055 -14.46451 2.312438 24.95055 -14.45814 2.336327 24.94755 -14.45814 2.336327 24.94755 -14.45814 2.336327 24.94755 -14.69869 2.312443 25.56045 -14.69869 2.312443 25.56045 -14.69869 2.312443 25.56045 -15.2943 2.290168 25.33265 -15.2943 2.290168 25.33265 -15.2943 2.290168 25.33265 -14.70301 2.290156 25.55105 -14.70301 2.290156 25.55105 -14.70301 2.290156 25.55105 -15.28319 2.290167 25.32755 -15.28319 2.290167 25.32755 -15.28319 2.290167 25.32755 -15.18509 2.290165 25.03705 -15.18509 2.290165 25.03705 -15.08021 2.31245 24.73195 -15.08021 2.31245 24.73195 -15.08021 2.31245 24.73195 -14.47523 2.312438 24.95545 -14.47523 2.312438 24.95545 -14.47523 2.312438 24.95545 -14.4846 2.29015 24.95975 -14.4846 2.29015 24.95975 -14.4846 2.29015 24.95975 -14.49571 2.290151 24.96485 -14.49571 2.290151 24.96485 -14.49571 2.290151 24.96485 -14.70813 2.290156 25.53995 -14.70813 2.290156 25.53995 -14.70813 2.290156 25.53995 -14.71034 2.265228 25.53515 -14.71034 2.265228 25.53515 -15.2784 2.265239 25.32535 -15.2784 2.265239 25.32535 -15.07078 2.290162 24.75245 -15.07078 2.290162 24.75245 -15.07078 2.290162 24.75245 -15.07589 2.290163 24.74135 -15.07589 2.290163 24.74135 -15.07589 2.290163 24.74135 -14.50051 2.265223 24.96705 -14.50051 2.265223 24.96705 -15.06857 2.265234 24.75725 -15.06857 2.265234 24.75725 -15.06857 2.184018 24.75725 -15.06857 2.184018 24.75725 -15.06857 2.184018 24.75725 -14.50051 2.184007 24.96705 -14.50051 2.184007 24.96705 -14.50051 2.184007 24.96705 -14.66788 2.184011 25.42025 -14.66788 2.184011 25.42025 -14.66788 2.184011 25.42025 -14.66788 2.140495 25.42025 -14.66788 2.140495 25.42025 -14.66788 2.140495 25.42025 -14.71034 2.140496 25.53515 -14.71034 2.140496 25.53515 -14.71034 2.140496 25.53515 -15.2784 2.140507 25.32535 -15.2784 2.140507 25.32535 -15.2784 2.140507 25.32535 -15.23594 2.184022 25.21035 -15.23594 2.184022 25.21035 -15.23594 2.184022 25.21035 -15.23594 2.140506 25.21035 -15.23594 2.140506 25.21035 -15.23594 2.140506 25.21035 -14.75115 2.413538 25.44655 -14.75115 2.413538 25.44655 -14.75115 2.413538 25.44655 -15.18976 2.413547 25.28455 -15.18976 2.413547 25.28455 -15.18976 2.413547 25.28455 -15.18976 2.427524 25.28455 -15.18976 2.427524 25.28455 -15.18976 2.427524 25.28455 -15.18976 2.427524 25.28455 -15.18976 2.598709 25.28455 -15.18976 2.598709 25.28455 -15.18976 2.598709 25.28455 -15.18976 2.598709 25.28455 -15.14373 2.427523 25.35755 -15.14373 2.427523 25.35755 -15.14373 2.427523 25.35755 -15.14373 2.598708 25.35755 -15.14373 2.598708 25.35755 -15.14373 2.598708 25.35755 -15.15379 2.590756 25.36585 -15.20164 2.590756 25.28995 -15.21532 2.59871 25.20205 -15.21532 2.59871 25.20205 -15.22821 2.590757 25.20425 -15.21868 2.59871 25.11585 -15.21868 2.59871 25.11585 -15.2317 2.590757 25.11465 -15.19959 2.598709 25.03165 -15.19959 2.598709 25.03165 -15.21186 2.590756 25.02715 -15.17005 2.590755 24.94775 -15.15937 2.598708 24.95525 -15.15937 2.598708 24.95525 -15.15938 2.427523 24.95525 -15.15938 2.427523 24.95525 -15.1996 2.427524 25.03165 -15.1996 2.427524 25.03165 -15.21868 2.427524 25.11585 -15.21868 2.427524 25.11585 -15.21532 2.427524 25.20205 -15.21532 2.427524 25.20205 -15.10076 2.598707 24.89195 -15.10076 2.598707 24.89195 -14.75115 2.427515 25.44655 -14.75115 2.427515 25.44655 -14.75115 2.427515 25.44655 -14.75114 2.5987 25.44655 -14.75114 2.5987 25.44655 -14.75114 2.5987 25.44655 -14.75114 2.5987 25.44655 -14.58913 2.598697 25.00795 -14.58913 2.598697 25.00795 -14.58913 2.598697 25.00795 -14.58913 2.598697 25.00795 -14.58913 2.598697 25.00795 -14.94531 2.598704 24.82035 -14.94531 2.598704 24.82035 -14.85906 2.598702 24.81695 -14.85906 2.598702 24.81695 -14.77488 2.5987 24.83605 -14.77488 2.5987 24.83605 -14.69851 2.598699 24.87625 -14.69851 2.598699 24.87625 -14.63516 2.598697 24.93485 -14.63516 2.598697 24.93485 -14.6251 2.590744 24.92655 -14.57725 2.590743 25.00245 -14.56357 2.598696 25.09035 -14.56357 2.598696 25.09035 -14.55068 2.590743 25.08815 -14.56021 2.598696 25.17655 -14.56021 2.598696 25.17655 -14.54719 2.590743 25.17775 -14.5793 2.598697 25.26075 -14.5793 2.598697 25.26075 -14.56703 2.590743 25.26535 -14.60884 2.590744 25.34465 -14.61952 2.598697 25.33715 -14.61952 2.598697 25.33715 -14.5793 2.427511 25.26075 -14.5793 2.427511 25.26075 -14.61952 2.427512 25.33715 -14.61952 2.427512 25.33715 -14.60884 2.435465 25.34465 -14.56703 2.435464 25.26535 -14.5472 2.435464 25.17775 -14.56022 2.427511 25.17655 -14.56022 2.427511 25.17655 -14.67813 2.598699 25.40045 -14.67813 2.598699 25.40045 -14.67813 2.598699 25.40045 -15.10076 2.427522 24.89195 -15.10076 2.427522 24.89195 -15.10912 2.435475 24.88185 -15.17005 2.435476 24.94775 -15.21186 2.435477 25.02715 -15.2317 2.435478 25.11465 -15.22821 2.435478 25.20425 -15.20164 2.435477 25.28995 -15.15379 2.435476 25.36585 -15.08793 2.435475 25.42685 -15.08038 2.427522 25.41615 -15.08038 2.427522 25.41615 -15.08037 2.598707 25.41615 -15.08037 2.598707 25.41615 -15.08793 2.590754 25.42685 -15.09459 2.579542 25.43625 -15.09459 2.579542 25.43625 -15.16267 2.579543 25.37325 -15.16267 2.579543 25.37325 -15.16267 2.579543 25.37325 -15.21212 2.579544 25.29485 -15.21212 2.579544 25.29485 -15.23959 2.579545 25.20625 -15.23959 2.579545 25.20625 -15.24319 2.579545 25.11355 -15.24319 2.579545 25.11355 -15.22269 2.579544 25.02315 -15.22269 2.579544 25.02315 -15.17947 2.579543 24.94105 -15.17947 2.579543 24.94105 -15.1165 2.579542 24.87295 -15.1165 2.579542 24.87295 -15.1165 2.579542 24.87295 -15.10912 2.590754 24.88185 -15.03322 2.590753 24.83405 -14.94752 2.590751 24.80745 -14.94531 2.427518 24.82035 -14.94531 2.427518 24.82035 -14.94752 2.435471 24.80745 -15.03322 2.435473 24.83405 -15.03805 2.446686 24.82355 -15.03805 2.446686 24.82355 -15.1165 2.446688 24.87295 -15.1165 2.446688 24.87295 -15.1165 2.446688 24.87295 -15.17948 2.446689 24.94105 -15.17948 2.446689 24.94105 -15.22269 2.44669 25.02315 -15.22269 2.44669 25.02315 -15.24319 2.44669 25.11355 -15.24319 2.44669 25.11355 -15.23959 2.44669 25.20625 -15.23959 2.44669 25.20625 -15.21212 2.44669 25.29485 -15.21212 2.44669 25.29485 -15.21212 2.44669 25.29485 -15.16267 2.446689 25.37325 -15.16267 2.446689 25.37325 -15.09459 2.446688 25.43625 -15.09459 2.446688 25.43625 -15.01254 2.446686 25.47945 -15.01254 2.446686 25.47945 -15.00854 2.435473 25.46865 -15.00854 2.435473 25.46865 -15.00401 2.42752 25.45635 -15.00401 2.42752 25.45635 -15.00401 2.598706 25.45635 -15.00401 2.598706 25.45635 -15.00854 2.590753 25.46865 -15.01254 2.57954 25.47945 -15.01254 2.57954 25.47945 -15.01584 2.565539 25.48835 -15.10009 2.56554 25.44405 -15.16999 2.565542 25.37935 -15.16999 2.565542 25.37935 -15.22077 2.565543 25.29875 -15.22077 2.565543 25.29875 -15.24897 2.565543 25.20785 -15.25267 2.565543 25.11265 -15.23162 2.565543 25.01985 -15.18725 2.565542 24.93555 -15.12258 2.56554 24.86565 -15.12258 2.56554 24.86565 -15.03804 2.57954 24.82355 -15.03804 2.57954 24.82355 -15.04203 2.565539 24.81485 -14.95107 2.565537 24.78665 -14.94947 2.579538 24.79605 -14.94947 2.579538 24.79605 -14.8568 2.579536 24.79245 -14.8568 2.579536 24.79245 -14.85786 2.590749 24.80395 -14.85906 2.427517 24.81695 -14.85906 2.427517 24.81695 -14.85786 2.43547 24.80395 -14.8568 2.446682 24.79245 -14.8568 2.446682 24.79245 -14.94947 2.446684 24.79605 -14.94947 2.446684 24.79605 -15.04203 2.460687 24.81485 -14.95108 2.460686 24.78665 -14.95228 2.476888 24.77965 -15.045 2.47689 24.80845 -15.12712 2.476892 24.86025 -15.12712 2.476892 24.86025 -15.12258 2.460689 24.86565 -15.12258 2.460689 24.86565 -15.18725 2.460691 24.93555 -15.23162 2.460692 25.01985 -15.25267 2.460692 25.11265 -15.24897 2.460692 25.20785 -15.22077 2.460692 25.29875 -15.22077 2.460692 25.29875 -15.16999 2.460691 25.37935 -15.10009 2.460689 25.44405 -15.01584 2.460688 25.48835 -14.92297 2.460686 25.50945 -14.9221 2.446684 25.49995 -14.9221 2.446684 25.49995 -14.92104 2.435472 25.48845 -14.92104 2.435472 25.48845 -14.91983 2.427519 25.47545 -14.91983 2.427519 25.47545 -14.91983 2.598704 25.47545 -14.91983 2.598704 25.47545 -14.92103 2.590751 25.48845 -14.92209 2.579538 25.49995 -14.92209 2.579538 25.49995 -14.92297 2.565537 25.50945 -15.0183 2.549336 25.49505 -14.92362 2.549334 25.51655 -14.92402 2.531611 25.52085 -15.01982 2.531613 25.49915 -15.10672 2.531615 25.45335 -15.10419 2.549338 25.44985 -15.17545 2.54934 25.38385 -15.22722 2.54934 25.30175 -15.22722 2.54934 25.30175 -15.25597 2.549341 25.20905 -15.25975 2.549341 25.11205 -15.23828 2.54934 25.01735 -15.19305 2.549339 24.93145 -15.12712 2.549338 24.86025 -15.12712 2.549338 24.86025 -15.045 2.549336 24.80845 -14.95227 2.549334 24.77965 -14.85527 2.549332 24.77595 -14.85592 2.565535 24.78295 -14.76635 2.579534 24.81295 -14.76635 2.579534 24.81295 -14.76305 2.565533 24.80405 -14.6788 2.565531 24.84845 -14.6843 2.579533 24.85615 -14.6843 2.579533 24.85615 -14.77035 2.590747 24.82375 -14.69096 2.590745 24.86565 -14.69852 2.427513 24.87625 -14.69852 2.427513 24.87625 -14.77489 2.427515 24.83605 -14.77489 2.427515 24.83605 -14.77036 2.435468 24.82375 -14.76636 2.44668 24.81295 -14.76636 2.44668 24.81295 -14.76306 2.460682 24.80405 -14.85592 2.460684 24.78295 -14.85527 2.476886 24.77595 -14.95302 2.494611 24.77535 -14.85487 2.494609 24.77155 -14.85473 2.513109 24.77005 -14.95327 2.513111 24.77385 -15.04683 2.494613 24.80445 -15.04745 2.513113 24.80315 -15.13087 2.513115 24.85565 -15.13087 2.513115 24.85565 -15.12992 2.494615 24.85685 -15.12992 2.494615 24.85685 -15.19663 2.494616 24.92895 -15.19305 2.476893 24.93145 -15.23828 2.476894 25.01735 -15.25975 2.476895 25.11205 -15.25597 2.476895 25.20905 -15.22722 2.476894 25.30175 -15.22722 2.476894 25.30175 -15.17545 2.476893 25.38385 -15.10419 2.476892 25.44985 -15.0183 2.47689 25.49505 -14.92362 2.476888 25.51655 -14.82662 2.476886 25.51275 -14.82782 2.460684 25.50575 -14.82943 2.446682 25.49635 -14.82943 2.446682 25.49635 -14.83138 2.43547 25.48495 -14.83359 2.427517 25.47205 -14.83359 2.427517 25.47205 -14.83358 2.598702 25.47205 -14.83358 2.598702 25.47205 -14.83137 2.590749 25.48495 -14.82942 2.579536 25.49635 -14.82942 2.579536 25.49635 -14.82782 2.565535 25.50575 -14.82662 2.549332 25.51275 -14.82588 2.531609 25.51705 -14.82563 2.513109 25.51855 -14.92416 2.513111 25.52235 -15.02033 2.513113 25.50055 -15.10758 2.513115 25.45455 -15.17997 2.513116 25.38765 -15.17883 2.531616 25.38665 -15.2312 2.531617 25.30355 -15.2312 2.531617 25.30355 -15.26029 2.531618 25.20975 -15.26411 2.531618 25.11165 -15.2424 2.531617 25.01585 -15.19663 2.531616 24.92895 -15.12992 2.531615 24.85685 -15.12992 2.531615 24.85685 -15.04683 2.531613 24.80445 -14.95302 2.531611 24.77535 -14.85487 2.531609 24.77155 -14.75908 2.531607 24.79325 -14.76059 2.54933 24.79735 -14.6747 2.549329 24.84265 -14.6089 2.56553 24.91305 -14.6089 2.56553 24.91305 -14.60344 2.549327 24.90855 -14.60344 2.549327 24.90855 -14.55812 2.565529 24.99365 -14.55167 2.549326 24.99065 -14.52292 2.549326 25.08335 -14.52992 2.565528 25.08455 -14.56677 2.57953 24.99765 -14.56677 2.57953 24.99765 -14.5393 2.57953 25.08615 -14.5393 2.57953 25.08615 -14.61622 2.579531 24.91915 -14.61622 2.579531 24.91915 -14.61622 2.579531 24.91915 -14.63516 2.427512 24.93485 -14.63516 2.427512 24.93485 -14.69097 2.435466 24.86565 -14.6251 2.435465 24.92655 -14.6843 2.446679 24.85615 -14.6843 2.446679 24.85615 -14.61623 2.446677 24.91915 -14.61623 2.446677 24.91915 -14.61623 2.446677 24.91915 -14.6089 2.460679 24.91305 -14.6089 2.460679 24.91305 -14.6788 2.46068 24.84845 -14.6747 2.476882 24.84265 -14.7606 2.476884 24.79735 -14.75908 2.494607 24.79325 -14.75856 2.513107 24.79185 -14.67217 2.531605 24.83905 -14.67131 2.513105 24.83785 -14.59893 2.513104 24.90475 -14.59893 2.513104 24.90475 -14.60007 2.531604 24.90575 -14.60007 2.531604 24.90575 -14.54769 2.531603 24.98885 -14.5186 2.531602 25.08265 -14.51478 2.531602 25.18075 -14.51915 2.549326 25.18035 -14.52622 2.565528 25.17975 -14.5357 2.57953 25.17885 -14.5357 2.57953 25.17885 -14.5562 2.579531 25.26925 -14.5562 2.579531 25.26925 -14.59942 2.579531 25.35135 -14.59942 2.579531 25.35135 -14.66239 2.579533 25.41945 -14.66239 2.579533 25.41945 -14.66977 2.590746 25.41055 -14.67813 2.427514 25.40045 -14.67813 2.427514 25.40045 -14.67813 2.427514 25.40045 -14.66977 2.435466 25.41055 -14.6624 2.446679 25.41945 -14.6624 2.446679 25.41945 -14.59942 2.446677 25.35135 -14.59942 2.446677 25.35135 -14.55621 2.446676 25.26925 -14.55621 2.446676 25.26925 -14.5357 2.446676 25.17885 -14.5357 2.446676 25.17885 -14.53931 2.446676 25.08615 -14.53931 2.446676 25.08615 -14.55068 2.435464 25.08815 -14.56357 2.427511 25.09035 -14.56357 2.427511 25.09035 -14.57725 2.435464 25.00245 -14.56677 2.446676 24.99765 -14.56677 2.446676 24.99765 -14.55812 2.460678 24.99365 -14.55167 2.47688 24.99065 -14.60344 2.476881 24.90855 -14.60344 2.476881 24.90855 -14.67217 2.494606 24.83905 -14.60007 2.494604 24.90575 -14.60007 2.494604 24.90575 -14.54634 2.513103 24.98825 -14.54769 2.494603 24.98885 -14.51714 2.513102 25.08235 -14.5186 2.494603 25.08265 -14.51331 2.513103 25.18095 -14.51478 2.494603 25.18075 -14.5365 2.494603 25.27655 -14.53511 2.513103 25.27705 -14.5365 2.531603 25.27655 -14.54061 2.549326 25.27505 -14.54727 2.565529 25.27255 -14.59164 2.56553 25.35685 -14.65631 2.565531 25.42675 -14.74085 2.579535 25.46885 -14.74085 2.579535 25.46885 -14.74085 2.579535 25.46885 -14.73686 2.565533 25.47755 -14.73686 2.565533 25.47755 -14.73389 2.549331 25.48395 -14.73389 2.549331 25.48395 -14.73206 2.531607 25.48795 -14.73206 2.531607 25.48795 -14.73144 2.513107 25.48935 -14.73144 2.513107 25.48935 -14.73206 2.494607 25.48795 -14.73206 2.494607 25.48795 -14.82588 2.494609 25.51705 -14.92403 2.494611 25.52085 -15.01982 2.494613 25.49915 -15.10673 2.494615 25.45335 -15.17883 2.494617 25.38665 -15.23255 2.513117 25.30425 -15.23255 2.513117 25.30425 -15.23121 2.494618 25.30355 -15.23121 2.494618 25.30355 -15.26176 2.513118 25.21005 -15.2603 2.494618 25.20975 -15.26559 2.513118 25.11145 -15.26411 2.494618 25.11165 -15.24379 2.513117 25.01535 -15.2424 2.494617 25.01585 -15.19784 2.513116 24.92805 -14.73389 2.476884 25.48395 -14.73389 2.476884 25.48395 -14.73687 2.460682 25.47755 -14.73687 2.460682 25.47755 -14.74085 2.44668 25.46885 -14.74085 2.44668 25.46885 -14.74085 2.44668 25.46885 -14.74568 2.435468 25.45845 -14.74567 2.590747 25.45845 -14.65631 2.46068 25.42675 -14.65177 2.476882 25.43225 -14.64897 2.494606 25.43555 -14.64802 2.513106 25.43675 -14.64897 2.531605 25.43555 -14.58106 2.513104 25.36435 -14.58227 2.531604 25.36345 -14.58584 2.549327 25.36095 -14.65177 2.549329 25.43225 -14.58227 2.494604 25.36345 -14.58585 2.476881 25.36095 -14.54061 2.47688 25.27505 -14.59164 2.460679 25.35685 -14.54727 2.460678 25.27255 -14.52622 2.460677 25.17975 -14.52992 2.460677 25.08455 -14.52292 2.476879 25.08335 -14.51915 2.476879 25.18035 -15.13788 2.675248 25.01425 -15.17057 2.675249 25.15615 -15.16356 2.675248 25.08305 -15.09526 2.675247 24.95445 -15.15841 2.675248 25.22855 -15.03862 2.675246 24.90775 -15.12793 2.675248 25.29535 -14.97181 2.675244 24.87725 -15.0812 2.675247 25.35205 -14.89939 2.675243 24.86505 -15.02139 2.675246 25.39465 -14.82629 2.675241 24.87205 -14.9526 2.675244 25.42035 -14.75749 2.67524 24.89775 -14.8795 2.675243 25.42735 -14.69769 2.675239 24.94035 -14.80708 2.675241 25.41515 -14.65095 2.675238 24.99705 -14.74027 2.67524 25.38465 -14.62047 2.675237 25.06385 -14.68363 2.675239 25.33795 -14.60832 2.675237 25.13625 -14.64101 2.675238 25.27815 -14.61532 2.675237 25.20935 -15.2682 5.749353 25.24735 -15.2682 5.749353 25.24735 -15.2682 5.782823 25.24735 -15.2682 5.782823 25.24735 -15.26984 5.766083 25.24685 -15.26984 5.766083 25.24685 -15.26339 5.798413 25.24885 -15.26339 5.798413 25.24885 -15.26339 5.733753 25.24885 -15.26339 5.733753 25.24885 -15.11171 5.749343 24.73465 -15.11171 5.749343 24.73465 -15.10691 5.733753 24.73615 -15.10691 5.733753 24.73615 -15.10691 5.798413 24.73615 -15.10691 5.798413 24.73615 -15.11171 5.782813 24.73465 -15.11171 5.782813 24.73465 -15.11335 5.766083 24.73415 -15.11335 5.766083 24.73415 -15.25575 5.811803 25.25115 -15.25575 5.811803 25.25115 -15.25575 5.811803 25.25115 -15.09926 5.811803 24.73845 -15.09926 5.811803 24.73845 -15.09926 5.811803 24.73845 -15.0893 5.822073 24.74155 -15.0893 5.822073 24.74155 -15.24578 5.822083 25.25425 -15.24578 5.822083 25.25425 -15.25575 5.720363 25.25115 -15.25575 5.720363 25.25115 -15.25575 5.720363 25.25115 -15.09926 5.720363 24.73845 -15.09926 5.720363 24.73845 -15.09926 5.720363 24.73845 -15.0893 5.710083 24.74155 -15.0893 5.710083 24.74155 -15.0777 5.828533 24.74505 -15.0777 5.828533 24.74505 -15.23418 5.828543 25.25775 -15.23418 5.828543 25.25775 -15.24578 5.710083 25.25425 -15.24578 5.710083 25.25425 -15.0777 5.703623 24.74505 -15.0777 5.703623 24.74505 -15.23418 5.703623 25.25775 -15.23418 5.703623 25.25775 -15.06525 5.701423 24.74885 -15.06525 5.701423 24.74885 -15.22173 5.701423 25.26155 -15.22173 5.701423 25.26155 -15.0528 5.703623 24.75265 -15.0528 5.703623 24.75265 -15.20928 5.703623 25.26535 -15.20928 5.703623 25.26535 -15.04119 5.710083 24.75615 -15.04119 5.710083 24.75615 -15.04119 5.710083 24.75615 -15.19768 5.710083 25.26885 -15.19768 5.710083 25.26885 -15.19768 5.710083 25.26885 -15.03123 5.720363 24.75925 -15.03123 5.720363 24.75925 -15.18771 5.720363 25.27195 -15.18771 5.720363 25.27195 -15.02359 5.733753 24.76155 -15.02359 5.733753 24.76155 -15.18007 5.733753 25.27425 -15.18007 5.733753 25.27425 -15.01878 5.749343 24.76305 -15.01878 5.749343 24.76305 -15.17526 5.749343 25.27575 -15.17526 5.749343 25.27575 -15.17362 5.766083 25.27625 -15.17362 5.766083 25.27625 -15.01714 5.766083 24.76355 -15.01714 5.766083 24.76355 -15.01878 5.782813 24.76305 -15.01878 5.782813 24.76305 -15.02358 5.798403 24.76155 -15.02358 5.798403 24.76155 -15.03123 5.811803 24.75925 -15.03123 5.811803 24.75925 -15.03123 5.811803 24.75925 -15.04119 5.822073 24.75615 -15.04119 5.822073 24.75615 -15.05279 5.828533 24.75265 -15.05279 5.828533 24.75265 -15.06525 5.830733 24.74885 -15.06525 5.830733 24.74885 -15.22173 5.830743 25.26155 -15.22173 5.830743 25.26155 -15.20928 5.828533 25.26535 -15.20928 5.828533 25.26535 -15.19768 5.822083 25.26885 -15.19768 5.822083 25.26885 -15.18771 5.811803 25.27195 -15.18771 5.811803 25.27195 -15.18771 5.811803 25.27195 -15.18007 5.798413 25.27425 -15.18007 5.798413 25.27425 -15.17526 5.782813 25.27575 -15.17526 5.782813 25.27575 -14.713 5.749333 25.41685 -14.713 5.749333 25.41685 -14.713 5.782803 25.41685 -14.713 5.782803 25.41685 -14.71464 5.766073 25.41635 -14.71464 5.766073 25.41635 -14.70819 5.798403 25.41825 -14.70819 5.798403 25.41825 -14.70819 5.733743 25.41825 -14.70819 5.733743 25.41825 -14.55652 5.749333 24.90415 -14.55652 5.749333 24.90415 -14.55171 5.733743 24.90555 -14.55171 5.733743 24.90555 -14.55171 5.798393 24.90555 -14.55171 5.798393 24.90555 -14.55652 5.782803 24.90415 -14.55652 5.782803 24.90415 -14.55816 5.766073 24.90365 -14.55816 5.766073 24.90365 -14.70055 5.811793 25.42065 -14.70055 5.811793 25.42065 -14.70055 5.811793 25.42065 -14.54406 5.811793 24.90795 -14.54406 5.811793 24.90795 -14.54406 5.811793 24.90795 -14.5341 5.822063 24.91095 -14.5341 5.822063 24.91095 -14.69058 5.822063 25.42365 -14.69058 5.822063 25.42365 -14.70055 5.720353 25.42065 -14.70055 5.720353 25.42065 -14.70055 5.720353 25.42065 -14.54407 5.720353 24.90795 -14.54407 5.720353 24.90795 -14.54407 5.720353 24.90795 -14.5341 5.710073 24.91095 -14.5341 5.710073 24.91095 -14.5225 5.828523 24.91455 -14.5225 5.828523 24.91455 -14.67898 5.828523 25.42715 -14.67898 5.828523 25.42715 -14.69059 5.710073 25.42365 -14.69059 5.710073 25.42365 -14.5225 5.703613 24.91455 -14.5225 5.703613 24.91455 -14.67899 5.703613 25.42715 -14.67899 5.703613 25.42715 -14.51005 5.701413 24.91835 -14.51005 5.701413 24.91835 -14.66653 5.701413 25.43095 -14.66653 5.701413 25.43095 -14.4976 5.703613 24.92215 -14.4976 5.703613 24.92215 -14.65408 5.703613 25.43475 -14.65408 5.703613 25.43475 -14.486 5.710073 24.92565 -14.486 5.710073 24.92565 -14.486 5.710073 24.92565 -14.64248 5.710073 25.43835 -14.64248 5.710073 25.43835 -14.64248 5.710073 25.43835 -14.47604 5.720343 24.92865 -14.47604 5.720343 24.92865 -14.63252 5.720353 25.44135 -14.63252 5.720353 25.44135 -14.46839 5.733733 24.93105 -14.46839 5.733733 24.93105 -14.62487 5.733743 25.44375 -14.62487 5.733743 25.44375 -14.46359 5.749333 24.93245 -14.46359 5.749333 24.93245 -14.62007 5.749333 25.44515 -14.62007 5.749333 25.44515 -14.61843 5.766073 25.44565 -14.61843 5.766073 25.44565 -14.46195 5.766063 24.93295 -14.46195 5.766063 24.93295 -14.46359 5.782803 24.93245 -14.46359 5.782803 24.93245 -14.46839 5.798393 24.93105 -14.46839 5.798393 24.93105 -14.47604 5.811783 24.92865 -14.47604 5.811783 24.92865 -14.47604 5.811783 24.92865 -14.486 5.822063 24.92565 -14.486 5.822063 24.92565 -14.4976 5.828523 24.92215 -14.4976 5.828523 24.92215 -14.51005 5.830723 24.91835 -14.51005 5.830723 24.91835 -14.66653 5.830733 25.43095 -14.66653 5.830733 25.43095 -14.65408 5.828523 25.43475 -14.65408 5.828523 25.43475 -14.64248 5.822063 25.43835 -14.64248 5.822063 25.43835 -14.63252 5.811793 25.44135 -14.63252 5.811793 25.44135 -14.63252 5.811793 25.44135 -14.62487 5.798403 25.44375 -14.62487 5.798403 25.44375 -14.62007 5.782803 25.44515 -14.62007 5.782803 25.44515 -14.52943 5.803733 24.91555 -14.52943 5.803733 24.91555 -14.52943 5.803733 24.91555 -15.03135 5.766083 24.77935 -15.03135 5.766083 24.77935 -15.04213 5.803743 24.75905 -15.04213 5.803743 24.75905 -15.04213 5.803743 24.75905 -15.02986 5.766083 24.77975 -14.54967 5.766073 24.92635 -14.54967 5.766073 24.92635 -14.68591 5.803743 25.42825 -14.68591 5.803743 25.42825 -14.68591 5.803743 25.42825 -14.69669 5.766073 25.40805 -14.69669 5.766073 25.40805 -15.17688 5.766083 25.26145 -15.17837 5.766083 25.26095 -15.17837 5.766083 25.26095 -15.19861 5.803753 25.27175 -15.19861 5.803753 25.27175 -15.19861 5.803753 25.27175 -15.19861 5.728413 25.27175 -15.19861 5.728413 25.27175 -15.19861 5.728413 25.27175 -15.04213 5.728413 24.75905 -15.04213 5.728413 24.75905 -15.04213 5.728413 24.75905 -15.12037 5.728413 25.01545 -15.12037 5.728413 25.01545 -15.09138 5.728413 24.95175 -15.09138 5.728413 24.95175 -15.04691 5.728413 24.89775 -15.04691 5.728413 24.89775 -14.98996 5.728413 24.85705 -14.98996 5.728413 24.85705 -14.98996 5.728413 24.85705 -14.92444 5.728413 24.83255 -14.92444 5.728413 24.83255 -14.85479 5.728403 24.82575 -14.85479 5.728403 24.82575 -14.78578 5.728403 24.83735 -14.78578 5.728403 24.83735 -14.78578 5.728403 24.83735 -14.52943 5.728403 24.91555 -14.52943 5.728403 24.91555 -14.52943 5.728403 24.91555 -14.68591 5.728403 25.42825 -14.68591 5.728403 25.42825 -14.68591 5.728403 25.42825 -14.60767 5.728403 25.17185 -14.60767 5.728403 25.17185 -14.63666 5.728403 25.23555 -14.63666 5.728403 25.23555 -14.68114 5.728403 25.28955 -14.68114 5.728403 25.28955 -14.73808 5.728403 25.33025 -14.73808 5.728403 25.33025 -14.73808 5.728403 25.33025 -14.80361 5.728403 25.35475 -14.80361 5.728403 25.35475 -14.87325 5.728413 25.36155 -14.87325 5.728413 25.36155 -14.94226 5.728413 25.35005 -14.94226 5.728413 25.35005 -14.94226 5.728413 25.35005 -15.00595 5.728413 25.32105 -15.00595 5.728413 25.32105 -15.05996 5.728413 25.27655 -15.05996 5.728413 25.27655 -15.10061 5.728413 25.21955 -15.10061 5.728413 25.21955 -15.10061 5.728413 25.21955 -15.12515 5.728413 25.15405 -15.12515 5.728413 25.15405 -15.13189 5.728413 25.08445 -15.13189 5.728413 25.08445 -15.12037 5.688363 25.01545 -15.12037 5.688363 25.01545 -15.13189 5.688363 25.08445 -15.13189 5.688363 25.08445 -15.13961 5.687053 25.08415 -15.12776 5.687053 25.01315 -15.09139 5.688363 24.95175 -15.09139 5.688363 24.95175 -15.09794 5.687053 24.94765 -15.04691 5.688363 24.89775 -15.04691 5.688363 24.89775 -15.05218 5.687053 24.89205 -14.98996 5.688363 24.85705 -14.98996 5.688363 24.85705 -14.98996 5.688363 24.85705 -14.99359 5.687053 24.85025 -14.92444 5.688363 24.83255 -14.92444 5.688363 24.83255 -14.92618 5.687053 24.82505 -14.85453 5.687053 24.81805 -14.85479 5.688363 24.82575 -14.85479 5.688363 24.82575 -14.78578 5.688353 24.83735 -14.78578 5.688353 24.83735 -14.7221 5.688353 24.86625 -14.7221 5.688353 24.86625 -14.7221 5.728403 24.86625 -14.7221 5.728403 24.86625 -14.66809 5.728403 24.91075 -14.66809 5.728403 24.91075 -14.62743 5.728403 24.96775 -14.62743 5.728403 24.96775 -14.62743 5.728403 24.96775 -14.6029 5.728403 25.03325 -14.6029 5.728403 25.03325 -14.59616 5.728403 25.10285 -14.59616 5.728403 25.10285 -14.59616 5.688353 25.10285 -14.59616 5.688353 25.10285 -14.60767 5.688353 25.17185 -14.60767 5.688353 25.17185 -14.63666 5.688353 25.23555 -14.63666 5.688353 25.23555 -15.04691 5.611643 24.89775 -15.04691 5.611643 24.89775 -15.09139 5.611643 24.95175 -15.09139 5.611643 24.95175 -15.09794 5.612953 24.94765 -15.05218 5.612953 24.89205 -15.10404 5.616783 24.94385 -15.05709 5.616783 24.88685 -15.10929 5.622883 24.94055 -15.10929 5.622883 24.94055 -15.0613 5.622883 24.88225 -15.0613 5.622883 24.88225 -15.06454 5.630823 24.87885 -15.11331 5.630823 24.93805 -15.14509 5.630823 25.00785 -15.14055 5.622883 25.00925 -15.14055 5.622883 25.00925 -15.13464 5.616783 25.01105 -15.13464 5.616783 25.01105 -15.12776 5.612953 25.01315 -15.12037 5.611643 25.01545 -15.12037 5.611643 25.01545 -15.13189 5.611643 25.08445 -15.13189 5.611643 25.08445 -15.13961 5.612953 25.08415 -15.1468 5.616783 25.08395 -15.1468 5.616783 25.08395 -15.15298 5.622883 25.08375 -15.15298 5.622883 25.08375 -15.15771 5.630823 25.08355 -15.16069 5.640073 25.08345 -15.14794 5.640073 25.00705 -15.16171 5.650003 25.08345 -15.14891 5.650003 25.00675 -15.14794 5.659933 25.00705 -15.16069 5.659933 25.08345 -15.15323 5.659933 25.16055 -15.15422 5.650003 25.16075 -15.15323 5.640073 25.16055 -15.15033 5.630823 25.15985 -15.14571 5.622883 25.15885 -15.14571 5.622883 25.15885 -15.13968 5.616783 25.15745 -15.13267 5.612953 25.15585 -15.12515 5.611643 25.15405 -15.12515 5.611643 25.15405 -15.12515 5.688363 25.15405 -15.12515 5.688363 25.15405 -15.10061 5.688363 25.21955 -15.10061 5.688363 25.21955 -15.10061 5.688363 25.21955 -15.10062 5.611643 25.21955 -15.10062 5.611643 25.21955 -15.10062 5.611643 25.21955 -15.10743 5.612953 25.22325 -15.11378 5.616783 25.22665 -15.11924 5.622883 25.22955 -15.11924 5.622883 25.22955 -15.11924 5.622883 25.22955 -15.12343 5.630823 25.23175 -15.12343 5.630823 25.23175 -15.07538 5.622883 25.29095 -15.07538 5.622883 25.29095 -15.07885 5.630823 25.29415 -15.01963 5.630823 25.34295 -15.01712 5.622883 25.33895 -15.01712 5.622883 25.33895 -15.01385 5.616783 25.33365 -15.01385 5.616783 25.33365 -15.07086 5.616783 25.28675 -15.0656 5.612953 25.28185 -15.05996 5.611643 25.27655 -15.05996 5.611643 25.27655 -15.05996 5.688363 25.27655 -15.05996 5.688363 25.27655 -15.10743 5.687053 25.22325 -15.0656 5.687053 25.28185 -15.11378 5.683223 25.22665 -15.07086 5.683223 25.28675 -15.11924 5.677133 25.22955 -15.11924 5.677133 25.22955 -15.11924 5.677133 25.22955 -15.07538 5.677133 25.29095 -15.07538 5.677133 25.29095 -15.12343 5.669183 25.23175 -15.12343 5.669183 25.23175 -15.07885 5.669183 25.29415 -15.12606 5.659933 25.23315 -15.12606 5.659933 25.23315 -15.08103 5.659933 25.29625 -15.08177 5.650003 25.29695 -15.12695 5.650003 25.23365 -15.12695 5.650003 25.23365 -15.15032 5.669183 25.15985 -15.1457 5.677133 25.15885 -15.1457 5.677133 25.15885 -15.13968 5.683223 25.15745 -15.13267 5.687053 25.15585 -14.6029 5.688353 25.03325 -14.6029 5.688353 25.03325 -14.62743 5.688353 24.96775 -14.62743 5.688353 24.96775 -14.62743 5.688353 24.96775 -14.66809 5.688353 24.91075 -14.66809 5.688353 24.91075 -14.92444 5.611643 24.83255 -14.92444 5.611643 24.83255 -14.8548 5.611643 24.82575 -14.8548 5.611643 24.82575 -14.78578 5.611633 24.83735 -14.78578 5.611633 24.83735 -14.78353 5.687053 24.82995 -14.78143 5.683213 24.82305 -14.85428 5.683223 24.81085 -14.77962 5.677123 24.81715 -14.77962 5.677123 24.81715 -14.85407 5.677123 24.80475 -14.85407 5.677123 24.80475 -14.85391 5.669183 24.79995 -14.77824 5.669173 24.81255 -14.70842 5.669173 24.84435 -14.71093 5.677123 24.84835 -14.71093 5.677123 24.84835 -14.7142 5.683213 24.85365 -14.71801 5.687053 24.85975 -14.7221 5.611633 24.86625 -14.7221 5.611633 24.86625 -14.66809 5.611633 24.91075 -14.66809 5.611633 24.91075 -14.6029 5.611633 25.03325 -14.6029 5.611633 25.03325 -14.59616 5.611633 25.10285 -14.59616 5.611633 25.10285 -14.60768 5.611633 25.17185 -14.60768 5.611633 25.17185 -14.63666 5.611633 25.23555 -14.63666 5.611633 25.23555 -14.60029 5.687043 25.17415 -14.63011 5.687043 25.23965 -14.68114 5.688353 25.28955 -14.68114 5.688353 25.28955 -14.67587 5.687053 25.29525 -14.73808 5.688353 25.33025 -14.73808 5.688353 25.33025 -14.73808 5.688353 25.33025 -14.73445 5.687053 25.33705 -14.80361 5.688363 25.35475 -14.80361 5.688363 25.35475 -14.80187 5.687053 25.36235 -14.87352 5.687053 25.36925 -14.87325 5.688363 25.36155 -14.87325 5.688363 25.36155 -14.68114 5.611633 25.28955 -14.68114 5.611633 25.28955 -14.73808 5.611633 25.33025 -14.73808 5.611633 25.33025 -14.73808 5.611633 25.33025 -14.94226 5.688363 25.35005 -14.94226 5.688363 25.35005 -15.00595 5.688363 25.32105 -15.00595 5.688363 25.32105 -14.59537 5.687043 25.03155 -14.58844 5.687043 25.10315 -14.58125 5.683213 25.10335 -14.5934 5.683213 25.17625 -14.624 5.683213 25.24345 -14.67096 5.683213 25.30045 -14.73107 5.683213 25.34345 -14.80024 5.683223 25.36935 -14.87376 5.683223 25.37645 -14.94662 5.683223 25.36425 -14.94452 5.687053 25.35735 -14.94227 5.611643 25.35005 -14.94227 5.611643 25.35005 -15.00595 5.611643 25.32105 -15.00595 5.611643 25.32105 -15.01004 5.687053 25.32755 -15.01385 5.683223 25.33365 -15.01712 5.677123 25.33895 -15.01712 5.677123 25.33895 -15.01963 5.669183 25.34295 -15.02121 5.659933 25.34545 -15.02175 5.650003 25.34635 -15.02121 5.640073 25.34545 -15.08103 5.640073 25.29625 -15.12606 5.640073 25.23315 -15.12606 5.640073 25.23315 -14.95068 5.640073 25.37755 -14.94981 5.630823 25.37475 -14.94842 5.622873 25.37015 -14.94662 5.616783 25.36425 -14.94662 5.616783 25.36425 -14.94452 5.612953 25.35735 -15.01004 5.612953 25.32755 -14.87325 5.611643 25.36155 -14.87325 5.611643 25.36155 -14.87352 5.612943 25.36925 -14.80361 5.611643 25.35475 -14.80361 5.611643 25.35475 -14.80187 5.612943 25.36235 -14.73445 5.612943 25.33705 -14.67587 5.612943 25.29525 -14.63011 5.612943 25.23965 -14.60029 5.612943 25.17415 -14.58844 5.612943 25.10315 -14.59537 5.612943 25.03155 -14.62743 5.611633 24.96775 -14.62743 5.611633 24.96775 -14.62743 5.611633 24.96775 -14.62062 5.612943 24.96405 -14.66244 5.612943 24.90555 -14.71801 5.612943 24.85975 -14.78353 5.612943 24.82995 -14.85453 5.612943 24.81805 -14.92618 5.612943 24.82505 -14.99359 5.612953 24.85025 -14.98996 5.611643 24.85705 -14.98996 5.611643 24.85705 -14.98996 5.611643 24.85705 -14.99698 5.616783 24.84385 -14.99988 5.622873 24.83845 -14.99988 5.622873 24.83845 -14.99988 5.622873 24.83845 -15.00211 5.630823 24.83425 -15.00211 5.630823 24.83425 -15.00351 5.640073 24.83165 -15.00351 5.640073 24.83165 -15.06657 5.640073 24.87665 -15.11584 5.640073 24.93645 -15.1167 5.650003 24.93595 -15.11584 5.659933 24.93645 -15.14509 5.669183 25.00785 -15.11331 5.669183 24.93805 -15.10928 5.677133 24.94055 -15.10928 5.677133 24.94055 -15.14055 5.677133 25.00925 -15.14055 5.677133 25.00925 -15.15771 5.669183 25.08355 -15.15297 5.677133 25.08375 -15.15297 5.677133 25.08375 -15.1468 5.683223 25.08395 -15.13464 5.683223 25.01105 -15.10404 5.683223 24.94385 -15.05709 5.683223 24.88685 -14.99697 5.683223 24.84385 -14.9278 5.683223 24.81795 -14.92919 5.677123 24.81195 -14.92919 5.677123 24.81195 -14.93026 5.669183 24.80735 -14.93093 5.659933 24.80445 -14.8538 5.659923 24.79695 -14.77737 5.659923 24.80975 -14.70684 5.659923 24.84185 -14.6492 5.669173 24.89315 -14.64702 5.659923 24.89115 -14.60199 5.659923 24.95415 -14.60199 5.659923 24.95415 -14.60462 5.669173 24.95555 -14.60462 5.669173 24.95555 -14.65266 5.677123 24.89635 -14.65266 5.677123 24.89635 -14.60881 5.677123 24.95785 -14.60881 5.677123 24.95785 -14.60881 5.677123 24.95785 -14.65718 5.683213 24.90055 -14.61426 5.683213 24.96075 -14.66244 5.687043 24.90555 -14.62061 5.687043 24.96405 -14.58836 5.683213 25.02985 -14.58234 5.677113 25.02845 -14.58234 5.677113 25.02845 -14.57772 5.669173 25.02745 -14.57033 5.669173 25.10375 -14.57507 5.677113 25.10365 -14.57507 5.677113 25.10365 -14.58749 5.677123 25.17805 -14.58749 5.677123 25.17805 -14.61876 5.677123 25.24675 -14.61876 5.677123 25.24675 -14.66674 5.677123 25.30505 -14.66674 5.677123 25.30505 -14.72817 5.677123 25.34885 -14.72817 5.677123 25.34885 -14.72817 5.677123 25.34885 -14.79885 5.677123 25.37535 -14.79885 5.677123 25.37535 -14.87398 5.677123 25.38265 -14.87398 5.677123 25.38265 -14.94842 5.677123 25.37015 -14.94842 5.677123 25.37015 -14.94981 5.669183 25.37475 -14.95068 5.659933 25.37755 -14.95098 5.650003 25.37855 -14.87428 5.650003 25.39135 -14.87424 5.640073 25.39035 -14.87414 5.630823 25.38735 -14.87398 5.622873 25.38265 -14.87398 5.622873 25.38265 -14.87377 5.616783 25.37645 -14.87377 5.616783 25.37645 -14.80025 5.616773 25.36935 -14.73107 5.616773 25.34345 -14.67096 5.616773 25.30045 -14.624 5.616773 25.24345 -14.59341 5.616773 25.17625 -14.59341 5.616773 25.17625 -14.58125 5.616773 25.10335 -14.58125 5.616773 25.10335 -14.58836 5.616773 25.02985 -14.61426 5.616773 24.96075 -14.65718 5.616773 24.90055 -14.7142 5.616773 24.85365 -14.78143 5.616773 24.82305 -14.85428 5.616783 24.81085 -14.9278 5.616783 24.81795 -14.92919 5.622873 24.81195 -14.92919 5.622873 24.81195 -14.93026 5.630823 24.80735 -14.93094 5.640073 24.80445 -14.93116 5.650003 24.80345 -15.00399 5.650003 24.83075 -15.00399 5.650003 24.83075 -15.06727 5.650003 24.87595 -15.06657 5.659933 24.87665 -15.06454 5.669183 24.87885 -15.0613 5.677123 24.88225 -15.0613 5.677123 24.88225 -14.99988 5.677123 24.83845 -14.99988 5.677123 24.83845 -14.99988 5.677123 24.83845 -15.00211 5.669183 24.83425 -15.00211 5.669183 24.83425 -15.00351 5.659933 24.83165 -15.00351 5.659933 24.83165 -14.85377 5.650003 24.79595 -14.77707 5.649993 24.80875 -14.7063 5.649993 24.84095 -14.64628 5.649993 24.89045 -14.60109 5.649993 24.95365 -14.60109 5.649993 24.95365 -14.57383 5.649993 25.02655 -14.57482 5.659923 25.02675 -14.56735 5.659923 25.10385 -14.58011 5.659923 25.18035 -14.58296 5.669173 25.17945 -14.61474 5.669173 25.24925 -14.66351 5.669173 25.30845 -14.72594 5.669173 25.35305 -14.72594 5.669173 25.35305 -14.79778 5.669183 25.37995 -14.87414 5.669183 25.38735 -14.87424 5.659933 25.39035 -14.79688 5.650003 25.38385 -14.79711 5.659923 25.38285 -14.72406 5.649993 25.35655 -14.72406 5.649993 25.35655 -14.72454 5.659923 25.35565 -14.72454 5.659923 25.35565 -14.66147 5.659923 25.31065 -14.66078 5.649993 25.31145 -14.66147 5.640063 25.31065 -14.72454 5.640073 25.35565 -14.72454 5.640073 25.35565 -14.79711 5.640073 25.38285 -14.79778 5.630823 25.37995 -14.79885 5.622873 25.37535 -14.79885 5.622873 25.37535 -14.72817 5.622873 25.34885 -14.72817 5.622873 25.34885 -14.72817 5.622873 25.34885 -14.66674 5.622873 25.30505 -14.66674 5.622873 25.30505 -14.61876 5.622873 25.24675 -14.61876 5.622873 25.24675 -14.58749 5.622873 25.17805 -14.58749 5.622873 25.17805 -14.57507 5.622873 25.10365 -14.57507 5.622873 25.10365 -14.58234 5.622873 25.02845 -14.58234 5.622873 25.02845 -14.60881 5.622873 24.95785 -14.60881 5.622873 24.95785 -14.60881 5.622873 24.95785 -14.65267 5.622873 24.89635 -14.65267 5.622873 24.89635 -14.71093 5.622873 24.84835 -14.71093 5.622873 24.84835 -14.77962 5.622873 24.81715 -14.77962 5.622873 24.81715 -14.85407 5.622873 24.80475 -14.85407 5.622873 24.80475 -14.85391 5.630823 24.79995 -14.8538 5.640073 24.79695 -14.77737 5.640073 24.80975 -14.70684 5.640063 24.84185 -14.64702 5.640063 24.89115 -14.60199 5.640063 24.95415 -14.60199 5.640063 24.95415 -14.57482 5.640063 25.02675 -14.56735 5.640063 25.10385 -14.56634 5.649993 25.10395 -14.57913 5.649993 25.18065 -14.61221 5.659923 25.25085 -14.61135 5.649993 25.25135 -14.61221 5.640063 25.25085 -14.61474 5.630813 25.24925 -14.66351 5.630813 25.30845 -14.72594 5.630813 25.35305 -14.72594 5.630813 25.35305 -14.58296 5.630813 25.17945 -14.57033 5.630813 25.10375 -14.57772 5.630813 25.02745 -14.60462 5.630813 24.95555 -14.60462 5.630813 24.95555 -14.6492 5.630813 24.89315 -14.70842 5.630813 24.84435 -14.77824 5.630813 24.81255 -14.58011 5.640063 25.18035 -15.08344 5.692043 25.15305 -15.08344 5.692043 25.15305 -15.06087 5.692043 25.05515 -15.06087 5.692043 25.05515 -15.0786 5.692043 25.10265 -15.0786 5.692043 25.10265 -15.03146 5.692043 25.01385 -15.03146 5.692043 25.01385 -15.07505 5.692043 25.20305 -15.07505 5.692043 25.20305 -15.17057 2.675249 25.15615 -15.15841 2.675248 25.22855 -15.05401 5.692043 25.24915 -15.05401 5.692043 25.24915 -15.05401 5.692043 25.24915 -15.12793 2.675248 25.29535 -15.12793 2.675248 25.29535 -15.0812 2.675247 25.35205 -15.02175 5.692043 25.28825 -15.02175 5.692043 25.28825 -14.98047 5.692043 25.31765 -14.98047 5.692043 25.31765 -15.02139 2.675246 25.39465 -14.93298 5.692043 25.33545 -14.93298 5.692043 25.33545 -14.9526 2.675244 25.42035 -14.88252 5.692043 25.34025 -14.88252 5.692043 25.34025 -14.8795 2.675243 25.42735 -14.83252 5.692043 25.33185 -14.83252 5.692043 25.33185 -14.80708 2.675241 25.41515 -14.74027 2.67524 25.38465 -14.74027 2.67524 25.38465 -14.78641 5.692033 25.31085 -14.78641 5.692033 25.31085 -14.78641 5.692033 25.31085 -14.68363 2.675239 25.33795 -14.74731 5.692033 25.27855 -14.74731 5.692033 25.27855 -14.64101 2.675238 25.27815 -14.71789 5.692033 25.23725 -14.71789 5.692033 25.23725 -14.61532 2.675237 25.20935 -14.70016 5.692033 25.18985 -14.70016 5.692033 25.18985 -14.69532 5.692033 25.13935 -14.69532 5.692033 25.13935 -14.60832 2.675237 25.13625 -14.70371 5.692033 25.08935 -14.70371 5.692033 25.08935 -14.62047 2.675237 25.06385 -14.72475 5.692033 25.04325 -14.72475 5.692033 25.04325 -14.72475 5.692033 25.04325 -14.65095 2.675238 24.99705 -14.65095 2.675238 24.99705 -14.75701 5.692033 25.00415 -14.75701 5.692033 25.00415 -14.69769 2.675239 24.94035 -14.75749 2.67524 24.89775 -14.79829 5.692033 24.97475 -14.79829 5.692033 24.97475 -14.82629 2.675241 24.87205 -14.84578 5.692033 24.95695 -14.84578 5.692033 24.95695 -14.89939 2.675243 24.86505 -14.89624 5.692043 24.95215 -14.89624 5.692043 24.95215 -14.94624 5.692043 24.96055 -14.94624 5.692043 24.96055 -14.97181 2.675244 24.87725 -14.99235 5.692043 24.98155 -14.99235 5.692043 24.98155 -14.99235 5.692043 24.98155 -15.03862 2.675246 24.90775 -15.03862 2.675246 24.90775 -15.09526 2.675247 24.95445 -15.13788 2.675248 25.01425 -15.16356 2.675248 25.08305 -15.12816 2.195552 11.21167 -15.1218 7.406263 11.61315 -15.12809 7.406263 11.21166 -15.12186 2.195552 11.61315 -15.05108 7.406263 12.13138 -15.05115 2.195552 12.13139 -14.91887 7.406263 12.63743 -14.91894 2.195551 12.63744 -14.72706 7.406263 13.12403 -14.72713 2.195549 13.12404 -14.47848 2.195548 13.58419 -14.47848 2.195548 13.58419 -14.47842 7.406263 13.58418 -14.47842 7.406263 13.58418 -14.23623 2.195545 13.92687 -14.23617 7.406263 13.92686 -14.10715 7.406253 14.08794 -14.10721 2.195544 14.08795 -13.82564 7.406253 14.39917 -13.8257 2.195542 14.39919 -13.43089 7.406253 14.7423 -13.43095 2.195538 14.74232 -12.99792 7.406243 15.03574 -12.99798 2.195534 15.03576 -12.53295 7.406243 15.27527 -12.53301 2.19553 15.27528 -12.02828 7.406243 15.46279 -12.02833 2.195525 15.4628 -11.47423 7.406233 15.62872 -11.47428 2.19552 15.62874 2.452734 12.44883 5.139438 2.452734 12.44883 5.139438 2.452734 12.44883 5.139438 2.452333 9.206494 4.038047 2.452333 9.206494 4.038047 2.452635 9.206503 5.139457 2.452635 9.206503 5.139457 2.452333 11.9338 4.038017 2.452333 11.9338 4.038017 2.452333 11.9338 4.038017 2.450335 12.44873 -2.227352 2.450335 12.44873 -2.227352 2.450335 12.44873 -2.227352 5.705235 12.44873 -2.228453 5.705235 12.44873 -2.228453 5.705235 12.44873 -2.228453 5.705235 12.44873 -2.228453 5.707634 12.44873 5.138388 5.707634 12.44873 5.138388 5.707634 12.44873 5.138388 5.707535 9.206443 5.138397 5.707535 9.206443 5.138397 5.707434 9.206443 4.957848 5.707434 9.206443 4.957848 5.707535 12.12894 4.957828 5.707535 12.12894 4.957828 5.707535 12.12894 4.957828 7.215633 12.12891 4.957337 7.215633 12.12891 4.957337 7.215633 12.12891 4.957337 7.215633 9.206414 4.957357 7.215633 9.206414 4.957357 7.215734 12.44873 5.137897 7.215734 12.44873 5.137897 7.215734 12.44873 5.137897 7.215633 9.206414 5.137917 7.215633 9.206414 5.137917 10.24813 12.44873 5.136918 10.24813 12.44873 5.136918 10.24813 12.44873 5.136918 10.24803 9.206354 5.136938 10.24803 9.206354 5.136938 10.24573 9.206354 -2.229853 10.24573 9.206354 -2.229853 10.24573 12.44873 -2.229953 10.24573 12.44873 -2.229953 10.24573 12.44873 -2.229953 7.213335 9.206383 -2.228952 7.213335 9.206383 -2.228952 7.213335 12.44873 -2.228952 7.213335 12.44873 -2.228952 7.213335 12.44873 -2.228952 7.213434 12.12887 -2.120852 7.213434 12.12887 -2.120852 7.213434 12.12887 -2.120852 5.705235 12.1289 -2.120353 5.705235 12.1289 -2.120353 5.705235 12.1289 -2.120353 5.705235 9.206394 -2.120353 5.705235 9.206394 -2.120353 7.213335 9.206383 -2.120852 7.213335 9.206383 -2.120852 5.705235 9.206394 -2.228453 5.705235 9.206394 -2.228453 5.707634 12.44883 5.138388 5.707634 12.44883 5.138388 5.705235 12.44873 -2.228453 2.450335 9.206423 -2.227352 2.450335 9.206423 -2.227352 2.450735 11.93376 -1.110553 2.450735 11.93376 -1.110553 2.450735 11.93376 -1.110553 2.183935 11.9338 4.038107 2.183935 11.9338 4.038107 2.183935 11.9338 4.038107 2.182234 11.93376 -1.110453 2.182234 11.93376 -1.110453 2.182234 11.93376 -1.110453 2.182234 11.83391 -1.110453 2.182234 11.83391 -1.110453 2.182234 11.83391 -1.110453 2.194334 11.83285 -1.110553 2.194334 11.83285 -1.110553 2.206234 11.82971 -1.110553 2.206234 11.82971 -1.110553 2.217634 11.82454 -1.110553 2.217634 11.82454 -1.110553 2.228535 11.81743 -1.110553 2.228535 11.81743 -1.110553 2.238535 11.80849 -1.110553 2.238535 11.80849 -1.110553 2.238535 11.80849 -1.110553 2.247635 11.79788 -1.110553 2.247635 11.79788 -1.110553 2.255634 11.78578 -1.110553 2.255634 11.78578 -1.110553 2.262335 11.7724 -1.110553 2.262335 11.7724 -1.110553 2.267633 11.75797 -1.110553 2.267633 11.75797 -1.110553 2.271534 11.74274 -1.110553 2.271534 11.74274 -1.110553 2.273933 11.72695 -1.110553 2.273933 11.72695 -1.110553 2.274734 11.7109 -1.110553 2.274734 11.7109 -1.110553 2.274034 10.88292 -1.110553 2.274034 10.88292 -1.110553 2.272034 10.84839 -1.110553 2.272034 10.84839 -1.110553 2.268734 10.81404 -1.110553 2.268734 10.81404 -1.110553 2.264133 10.77995 -1.110553 2.264133 10.77995 -1.110553 2.258234 10.74622 -1.110553 2.258234 10.74622 -1.110553 2.251034 10.71294 -1.110553 2.251034 10.71294 -1.110553 2.242535 10.68018 -1.110553 2.242535 10.68018 -1.110553 2.232935 10.64804 -1.110553 2.232935 10.64804 -1.110553 2.221933 10.6166 -1.110453 2.221933 10.6166 -1.110453 2.209934 10.58594 -1.110453 2.209934 10.58594 -1.110453 2.196634 10.55613 -1.110453 2.196634 10.55613 -1.110453 2.182234 10.52726 -1.110453 2.182234 10.52726 -1.110453 2.450634 9.206443 -1.110553 2.450634 9.206443 -1.110553 2.182234 9.206443 -1.110453 2.182234 9.206443 -1.110453 2.183935 9.206494 4.038137 2.183935 9.206494 4.038137 2.183935 10.52731 4.038127 2.183935 10.52731 4.038127 2.198334 10.55618 4.038117 2.198334 10.55618 4.038117 2.211534 10.58599 4.038117 2.211534 10.58599 4.038117 2.223635 10.61665 4.038107 2.223635 10.61665 4.038107 2.234535 10.64809 4.038107 2.234535 10.64809 4.038107 2.244234 10.68023 4.038107 2.244234 10.68023 4.038107 2.252735 10.71299 4.038097 2.252735 10.71299 4.038097 2.259834 10.74627 4.038097 2.259834 10.74627 4.038097 2.265835 10.78 4.038097 2.265835 10.78 4.038097 2.270433 10.81408 4.038097 2.270433 10.81408 4.038097 2.273735 10.84843 4.038087 2.273735 10.84843 4.038087 2.275734 10.88297 4.038087 2.275734 10.88297 4.038087 2.276335 11.71095 4.038077 2.276335 11.71095 4.038077 2.275534 11.727 4.038077 2.275534 11.727 4.038077 2.273233 11.74278 4.038077 2.273233 11.74278 4.038077 2.269335 11.75802 4.038077 2.269335 11.75802 4.038077 2.263935 11.77245 4.038087 2.263935 11.77245 4.038087 2.257235 11.78583 4.038087 2.257235 11.78583 4.038087 2.249334 11.79792 4.038087 2.249334 11.79792 4.038087 2.240234 11.80853 4.038087 2.240234 11.80853 4.038087 2.240234 11.80853 4.038087 2.230135 11.81747 4.038097 2.230135 11.81747 4.038097 2.219334 11.82459 4.038097 2.219334 11.82459 4.038097 2.207834 11.82976 4.038097 2.207834 11.82976 4.038097 2.196033 11.8329 4.038107 2.196033 11.8329 4.038107 2.183935 11.83395 4.038107 2.183935 11.83395 4.038107 2.183935 11.83395 4.038107 -15.6464 6.771543 7.724298 -15.51132 6.892483 5.399077 -15.64706 6.771543 5.263407 -15.51072 6.892483 7.588548 15.65003 6.771243 7.715787 15.51433 6.892183 7.580117 15.51073 6.892173 -5.767253 15.64633 6.771233 -5.902953 15.69643 6.771243 7.762117 15.69643 6.771243 7.762117 15.69643 6.771243 7.762117 15.69273 6.771233 -5.949252 15.69273 6.771233 -5.949252 15.69273 6.771233 -5.949252 15.69643 6.714863 7.762117 15.69643 6.714863 7.762117 15.69643 6.714863 7.762117 15.69273 6.714853 -5.949252 15.69273 6.714853 -5.949252 15.69273 6.714853 -5.949252 15.64633 6.714853 -5.902953 15.65003 6.714863 7.715787 -15.6464 6.715173 7.724298 -15.69272 6.715173 7.770648 -15.69272 6.715173 7.770648 -15.69272 6.715173 7.770648 -15.64707 6.715163 5.263407 -15.69342 6.715163 5.217077 -15.69342 6.715163 5.217077 -15.69342 6.715163 5.217077 -15.42492 6.715163 5.263338 -15.47127 6.715163 5.217018 -15.47127 6.715163 5.217018 -15.47127 6.715163 5.217018 -15.47361 6.715153 -3.387253 -15.47361 6.715153 -3.387253 -15.47361 6.715153 -3.387253 -15.42728 6.715153 -3.433653 -15.64943 6.715163 -3.433553 -15.69575 6.715163 -3.387153 -15.69575 6.715163 -3.387153 -15.69575 6.715163 -3.387153 -15.6501 6.715153 -5.894452 -15.69645 6.715153 -5.940753 -15.69645 6.715153 -5.940753 -15.69645 6.715153 -5.940753 -15.69645 6.771533 -5.940753 -15.69645 6.771533 -5.940753 -15.69645 6.771533 -5.940753 -15.6501 6.771533 -5.894452 -15.69575 6.771533 -3.387153 -15.69575 6.771533 -3.387153 -15.69575 6.771533 -3.387153 -15.47361 6.771533 -3.387253 -15.47361 6.771533 -3.387253 -15.47361 6.771533 -3.387253 -15.47127 6.771543 5.217018 -15.47127 6.771543 5.217018 -15.47127 6.771543 5.217018 -15.69342 6.771543 5.217077 -15.69342 6.771543 5.217077 -15.69342 6.771543 5.217077 -15.69272 6.771543 7.770648 -15.69272 6.771543 7.770648 -15.69272 6.771543 7.770648 -15.42492 6.771543 5.263338 -15.28917 6.892483 5.399017 -15.21436 6.892483 5.473787 -15.21436 6.892483 5.473787 -15.21436 6.892483 5.473787 -15.29161 6.892473 -3.569352 -15.21684 6.892473 -3.644153 -15.21684 6.892473 -3.644153 -15.21684 6.892473 -3.644153 -15.51376 6.892483 -3.569253 -15.43898 6.892473 -3.644153 -15.43898 6.892473 -3.644153 -15.43898 6.892473 -3.644153 -15.43954 6.892473 -5.683953 -15.43954 6.892473 -5.683953 -15.43954 6.892473 -5.683953 -15.51435 6.892473 -5.758752 15.43593 6.892173 -5.692353 15.43593 6.892173 -5.692353 15.43593 6.892173 -5.692353 15.43953 6.892183 7.505347 15.43953 6.892183 7.505347 15.43953 6.892183 7.505347 15.43593 7.258693 -5.692353 15.43593 7.258693 -5.692353 15.43593 7.258693 -5.692353 15.43953 7.258703 7.505347 15.43953 7.258703 7.505347 15.43953 7.258703 7.505347 15.67053 7.288323 7.736167 15.67053 7.288323 7.736167 15.67053 7.288323 7.736167 15.66673 7.288313 -5.923352 15.66673 7.288313 -5.923352 15.66673 7.288313 -5.923352 -15.67049 7.288623 -5.914853 -15.67049 7.288623 -5.914853 -15.67049 7.288623 -5.914853 -15.43953 7.258993 -5.683953 -15.43953 7.258993 -5.683953 -15.43953 7.258993 -5.683953 -15.43898 7.258993 -3.644153 -15.43898 7.258993 -3.644153 -15.43898 7.258993 -3.644153 -15.21683 7.258993 -3.644153 -15.21683 7.258993 -3.644153 -15.21683 7.258993 -3.644153 -15.21435 7.259003 5.473787 -15.21435 7.259003 5.473787 -15.21435 7.259003 5.473787 -15.43651 6.892483 5.473847 -15.43651 6.892483 5.473847 -15.43651 6.892483 5.473847 -15.4365 7.259003 5.473847 -15.4365 7.259003 5.473847 -15.4365 7.259003 5.473847 -15.43595 7.259003 7.513738 -15.43595 7.259003 7.513738 -15.43595 7.259003 7.513738 -15.43595 6.892483 7.513738 -15.43595 6.892483 7.513738 -15.43595 6.892483 7.513738 -15.66678 7.288633 7.744688 -15.66678 7.288633 7.744688 -15.66678 7.288633 7.744688 15.75593 7.565483 7.821527 15.75593 7.565483 7.821527 15.75593 7.565483 7.821527 -15.75213 7.565793 7.830097 -15.75213 7.565793 7.830097 -15.75213 7.565793 7.830097 15.82373 7.565483 7.889307 15.82373 7.565483 7.889307 15.82373 7.565483 7.889307 15.75213 7.565473 -6.008752 15.75213 7.565473 -6.008752 15.75213 7.565473 -6.008752 15.81993 7.565473 -6.076552 15.81993 7.565473 -6.076552 15.81993 7.565473 -6.076552 -15.82371 7.565783 -6.067952 -15.82371 7.565783 -6.067952 -15.82371 7.565783 -6.067952 -15.75589 7.565783 -6.000152 -15.75589 7.565783 -6.000152 -15.75589 7.565783 -6.000152 -15.82294 7.565783 -3.259953 -15.82294 7.565783 -3.259953 -15.82294 7.565783 -3.259953 -15.75516 7.565783 -3.327752 -15.75516 7.565783 -3.327752 -15.75516 7.565783 -3.327752 -15.66981 7.288623 -3.413153 -15.66981 7.288623 -3.413153 -15.66981 7.288623 -3.413153 -15.44766 7.288623 -3.413253 -15.44766 7.288623 -3.413253 -15.44766 7.288623 -3.413253 -15.44531 7.288633 5.242958 -15.44531 7.288633 5.242958 -15.44531 7.288633 5.242958 -15.66746 7.288633 5.243018 -15.66746 7.288633 5.243018 -15.66746 7.288633 5.243018 -15.75286 7.565793 5.157658 -15.75286 7.565793 5.157658 -15.75286 7.565793 5.157658 -15.81991 7.565793 7.897907 -15.81991 7.565793 7.897907 -15.81991 7.565793 7.897907 -15.82067 7.565793 5.089878 -15.82067 7.565793 5.089878 -15.82067 7.565793 5.089878 -15.59852 7.565793 5.089818 -15.59852 7.565793 5.089818 -15.59852 7.565793 5.089818 -15.68615 7.829613 5.002247 -15.68615 7.829613 5.002247 -15.68615 7.829613 5.002247 -15.90829 7.829623 5.002307 -15.90829 7.829623 5.002307 -15.90829 7.829623 5.002307 -15.90748 7.829623 7.985538 -15.90748 7.829623 7.985538 -15.90748 7.829623 7.985538 15.91133 7.829313 7.976888 15.91133 7.829313 7.976888 15.91133 7.829313 7.976888 15.90753 7.829303 -6.164153 15.90753 7.829303 -6.164153 15.90753 7.829303 -6.164153 -15.91133 7.829613 -6.155553 -15.91133 7.829613 -6.155553 -15.91133 7.829613 -6.155553 -15.91052 7.829613 -3.172353 -15.91052 7.829613 -3.172353 -15.91052 7.829613 -3.172353 -15.68837 7.829613 -3.172353 -15.68837 7.829613 -3.172353 -15.68837 7.829613 -3.172353 -15.60079 7.565783 -3.259953 -15.60079 7.565783 -3.259953 -15.60079 7.565783 -3.259953 -15.53301 7.565783 -3.327852 -15.53301 7.565783 -3.327852 -15.53301 7.565783 -3.327852 -15.53071 7.565793 5.157598 -15.53071 7.565793 5.157598 -15.53071 7.565793 5.157598 -15.71563 7.829613 -3.145053 -15.71563 7.829613 -3.145053 -15.71563 7.829613 -3.145053 -15.93778 7.829613 -3.145053 -15.93778 7.829613 -3.145053 -15.93778 7.829613 -3.145053 -15.9386 7.829613 -6.182853 -15.9386 7.829613 -6.182853 -15.9386 7.829613 -6.182853 15.93473 7.829303 -6.191453 15.93473 7.829303 -6.191453 15.93473 7.829303 -6.191453 15.97763 7.917143 -6.234353 15.97763 7.917143 -6.234353 15.97763 7.917143 -6.234353 -15.98153 7.917453 -6.225753 -15.98153 7.917453 -6.225753 -15.98153 7.917453 -6.225753 -15.98069 7.917453 -3.102153 -15.98069 7.917453 -3.102153 -15.98069 7.917453 -3.102153 -15.75854 7.917453 -3.102153 -15.75854 7.917453 -3.102153 -15.75854 7.917453 -3.102153 -15.71342 7.829613 4.974977 -15.71342 7.829613 4.974977 -15.71342 7.829613 4.974977 -15.75635 7.917463 4.932077 -15.75635 7.917463 4.932077 -15.75635 7.917463 4.932077 -15.93557 7.829623 4.975038 -15.93557 7.829623 4.975038 -15.93557 7.829623 4.975038 -15.9785 7.917463 4.932137 -15.9785 7.917463 4.932137 -15.9785 7.917463 4.932137 -15.97765 7.917463 8.055748 -15.97765 7.917463 8.055748 -15.97765 7.917463 8.055748 -15.93475 7.829623 8.012808 -15.93475 7.829623 8.012808 -15.93475 7.829623 8.012808 15.93863 7.829313 8.004148 15.93863 7.829313 8.004148 15.93863 7.829313 8.004148 15.98153 7.917153 8.047058 15.98153 7.917153 8.047058 15.98153 7.917153 8.047058 15.25253 7.917143 -5.508853 -15.25597 7.917443 -5.500552 -15.25552 7.917443 -3.827653 -15.03337 7.917443 -3.827752 -15.03079 7.917453 5.657238 -15.25294 7.917453 5.657298 -15.25249 7.917453 7.330177 15.25593 7.917163 7.321887 -15.64943 6.771533 -3.433553 -15.42728 6.771533 -3.433653 15.54793 6.651613 -5.804452 -15.55158 6.651923 -5.795953 -15.55096 6.651923 -3.532053 -15.32881 6.651923 -3.532152 -15.3264 6.651933 5.361807 -15.54854 6.651933 5.361867 -15.54793 6.651933 7.625777 15.55153 6.651633 7.617317 -15.43593 9.491204 7.513738 -15.43593 9.491204 7.513738 -15.43593 9.491204 7.513738 15.43593 9.490504 -5.692353 15.43593 9.490504 -5.692353 15.43593 9.490504 -5.692353 -15.43951 9.490963 -5.683953 -15.43951 9.490963 -5.683953 -15.43951 9.490963 -5.683953 15.43953 9.490743 7.505338 15.43953 9.490743 7.505338 15.43953 9.490743 7.505338 -15.43601 0.002263069 7.513718 -15.43601 0.002263069 7.513718 15.43943 0.001802921 7.505327 15.43943 0.001802921 7.505327 15.43583 0.001563072 -5.692452 15.43583 0.001563072 -5.692452 -15.4396 0.002022981 -5.684052 -15.4396 0.002022981 -5.684052 -12.2368 7.849343 16.09591 -12.2368 7.849343 16.09591 -12.78958 8.070903 15.89051 -12.78958 7.849343 15.89051 -12.78958 7.849343 15.89051 -12.2368 8.070894 16.09591 -11.66552 8.070883 16.267 -11.66553 7.849333 16.267 -11.66553 7.849333 16.267 -12.16614 7.849343 15.88509 -12.69967 7.849343 15.68685 -13.20018 7.849353 15.42901 -13.31382 7.849353 15.62046 -13.31382 7.849353 15.62046 -13.66625 7.849353 15.11314 -13.80197 7.849353 15.28962 -13.80197 7.849353 15.28962 -14.10125 7.849363 14.73502 -14.24704 7.849363 14.90274 -14.24704 7.849363 14.90274 -14.24983 7.849363 14.57074 -14.24983 7.849363 14.57074 -14.41346 7.849363 14.71875 -14.41346 7.849363 14.71875 -14.41346 7.849363 14.71875 -14.56207 8.070914 14.55444 -14.56207 8.070914 14.55444 -14.56208 7.764093 14.55444 -14.56208 7.764093 14.55444 -14.56208 7.764093 14.55444 -14.41347 7.542943 14.71875 -14.41347 7.542943 14.71875 -14.41347 7.542943 14.71875 -14.71192 7.764093 14.36736 -14.71192 7.764093 14.36736 -14.71192 7.764093 14.36736 -14.83981 7.542943 14.18645 -14.83981 7.542943 14.18645 -14.83981 7.542943 14.18645 -14.83981 7.849363 14.18645 -14.83981 7.849363 14.18645 -14.83981 7.849363 14.18645 -14.71192 8.070914 14.36736 -14.71192 8.070914 14.36736 -14.53176 7.777313 14.24 -14.53176 7.777313 14.24 -14.53175 8.070914 14.24 -14.39845 7.777313 14.40644 -14.39845 7.777313 14.40644 -14.39845 8.070914 14.40644 -14.98302 8.070923 13.98386 -14.98302 8.070923 13.98386 -14.98302 7.849363 13.98386 -14.98302 7.849363 13.98386 -14.98302 7.849363 13.98386 -15.26337 8.070923 13.46506 -15.26337 7.849373 13.46506 -15.26337 7.849373 13.46506 -15.47963 7.849373 12.91644 -15.47963 7.849373 12.91644 -15.47963 8.070923 12.91644 -15.62869 7.849373 12.34588 -15.62869 7.849373 12.34588 -15.62869 8.070923 12.34588 -15.70842 7.849373 11.76159 -15.70842 7.849373 11.76159 -15.70842 8.070923 11.76159 -15.71764 7.849373 11.17344 -15.71764 7.849373 11.17344 -15.71764 8.070923 11.17344 -15.49862 7.849373 11.17 -15.4896 7.849373 11.745 -15.41343 7.849373 12.30324 -15.27102 7.849373 12.84834 -15.06441 7.849373 13.37249 -14.80286 7.849363 13.8565 -14.65965 7.849363 14.05909 -14.65965 7.849363 14.05909 -14.65965 7.556163 14.05909 -14.65965 7.556163 14.05909 -14.24984 7.556163 14.57075 -14.24984 7.556163 14.57075 -14.24704 8.070914 14.90274 -13.80197 8.070914 15.28962 -13.31381 8.070903 15.62046 -11.60177 7.849333 16.05412 -10.84965 7.849333 16.47853 -10.84965 8.070883 16.47853 -15.71598 2.069341 11.28277 -15.71598 2.069341 11.28277 -15.71598 2.069341 11.28277 -15.71764 7.849373 11.17344 -15.71764 7.849373 11.17344 -15.71764 7.849373 11.17344 -15.7177 2.069341 11.17344 -15.7177 2.069341 11.17344 -15.7177 2.069341 11.17344 -15.71593 7.849373 11.28276 -15.71593 7.849373 11.28276 -15.71593 7.849373 11.28276 -15.4967 7.849373 11.27933 -15.4967 7.849373 11.27933 -15.4967 7.849373 11.27933 -15.4967 7.701673 11.27933 -15.4967 7.701673 11.27933 -15.4967 7.701673 11.27933 -15.4967 7.701673 11.27933 -15.49676 2.069339 11.27933 -15.49676 2.069339 11.27933 -15.49676 2.069339 11.27933 -15.49676 2.069339 11.27933 -15.49847 2.069361 11.17 -15.49847 2.069361 11.17 -15.49847 2.069361 11.17 -15.49847 2.069361 11.17 -15.49847 2.069361 11.17 -15.49842 7.701673 11.17 -15.49842 7.701673 11.17 -15.49842 7.701673 11.17 -15.49842 7.701673 11.17 -15.49842 7.849373 11.17 -15.49842 7.849373 11.17 -15.49842 7.849373 11.17 -15.38767 7.701673 11.16763 -15.38767 7.701673 11.16763 -15.38767 7.701673 11.16763 -15.49843 7.701673 11.16937 -15.49843 7.701673 11.16937 -15.49843 7.701673 11.16937 -15.38767 7.553973 11.16763 -15.38767 7.553973 11.16763 -15.38767 7.553973 11.16763 -15.49848 2.069361 11.16937 -15.49848 2.069361 11.16937 -15.49848 2.069361 11.16937 -15.27691 7.553963 11.1659 -15.27691 7.553963 11.1659 -15.27691 7.553963 11.1659 -15.2793 7.406283 11.16593 -15.2793 7.406283 11.16593 -15.2793 7.406283 11.16593 -15.27691 7.406243 11.1659 -15.27691 7.406243 11.1659 -15.27691 7.406243 11.1659 -15.27491 7.406283 11.44596 -15.27491 7.406283 11.44596 -15.27491 7.406283 11.44596 -15.27709 2.196289 11.44599 -15.27709 2.196289 11.44599 -15.27709 2.196289 11.44599 -15.09087 7.404453 11.44307 -15.09087 7.404453 11.44307 -15.09087 7.404453 11.44307 -15.09305 2.19446 11.44311 -15.09305 2.19446 11.44311 -15.09305 2.19446 11.44311 -15.28148 2.196289 11.16597 -15.28148 2.196289 11.16597 -15.28148 2.196289 11.16597 -15.27696 2.196216 11.1659 -15.27696 2.196216 11.1659 -15.27696 2.196216 11.1659 -15.27696 2.069337 11.1659 -15.27696 2.069337 11.1659 -15.27696 2.069337 11.1659 -15.27336 2.069337 11.39559 -15.27336 2.069337 11.39559 -15.27336 2.069337 11.39559 -15.38506 2.06936 11.33711 -15.38506 2.06936 11.33711 -15.38506 2.06936 11.33711 -15.38412 2.069338 11.39733 -15.38412 2.069338 11.39733 -15.38412 2.069338 11.39733 -15.27331 7.553963 11.39559 -15.27331 7.553963 11.39559 -15.27331 7.553963 11.39559 -15.38407 7.553973 11.39732 -15.38407 7.553973 11.39732 -15.38407 7.553973 11.39732 -15.38501 7.553973 11.33711 -15.38501 7.553973 11.33711 -15.38501 7.553973 11.33711 -15.38501 7.553973 11.33711 -15.38501 7.701673 11.33711 -15.38501 7.701673 11.33711 -15.38501 7.701673 11.33711 -15.49577 7.701673 11.33884 -15.49577 7.701673 11.33884 -15.49577 7.701673 11.33884 -15.49583 2.069361 11.33885 -15.49583 2.069361 11.33885 -15.49583 2.069361 11.33885 -15.49583 2.069361 11.33885 -15.09526 7.404453 11.16305 -15.09526 7.404453 11.16305 -15.09526 7.404453 11.16305 -15.09744 2.19446 11.16309 -15.09744 2.19446 11.16309 -15.09744 2.19446 11.16309 -14.02336 7.634503 14.65514 -14.02336 7.634503 14.65514 -14.02336 7.634503 14.65514 -14.02336 7.553953 14.65514 -14.02336 7.553953 14.65514 -13.96933 7.553953 14.71488 -13.96933 7.553953 14.71488 -13.96933 7.553953 14.71488 -13.96214 7.553953 14.70837 -13.96214 7.553953 14.70837 -13.96214 7.553953 14.70837 -13.96214 7.553953 14.70837 -14.06841 7.553963 14.60534 -14.06841 7.553963 14.60534 -14.06841 7.553963 14.60534 -14.06841 7.553963 14.60534 -14.06841 7.553963 14.60534 -14.06841 7.701663 14.60534 -14.06841 7.701663 14.60534 -14.06841 7.701663 14.60534 -14.06841 7.701663 14.60534 -14.06841 7.701663 14.60534 -14.06841 7.701663 14.60534 -14.06841 7.701663 14.60534 -13.88718 7.553953 14.64057 -13.88718 7.553953 14.64057 -13.88718 7.553953 14.64057 -13.94567 7.641153 14.5759 -13.94567 7.641153 14.5759 -13.98626 7.701653 14.53103 -13.98626 7.701653 14.53103 -13.98626 7.701653 14.53103 -13.98626 7.701653 14.53103 -13.98626 7.553953 14.53103 -13.98626 7.553953 14.53103 -13.98626 7.553953 14.53103 -13.94567 7.553953 14.5759 -13.94567 7.553953 14.5759 -13.87939 7.274563 14.63352 -13.87939 7.274563 14.63352 -13.87939 7.274563 14.63352 -13.87939 7.274563 14.63352 -13.87939 7.274563 14.63352 -13.87939 7.553953 14.63352 -13.87939 7.553953 14.63352 -13.87939 7.553953 14.63352 -13.87939 7.553953 14.63352 -13.87939 7.553953 14.63352 -13.87939 7.553953 14.63352 -13.76791 7.406253 14.73042 -13.76791 7.406253 14.73042 -13.76791 7.406253 14.73042 -13.76792 7.129253 14.73042 -13.76792 7.129253 14.73042 -13.76792 7.129253 14.73042 -14.71166 7.129253 13.55216 -14.71166 7.129253 13.55216 -14.71166 7.129253 13.55216 -14.71166 7.129253 13.55216 -14.64088 7.274573 13.68279 -14.64088 7.274573 13.68279 -14.64088 7.274573 13.68279 -14.64088 7.274573 13.68279 -14.64088 7.274573 13.68279 -14.64907 7.274573 13.68935 -14.64907 7.274573 13.68935 -14.64907 7.274573 13.68935 -13.88718 7.274563 14.64057 -13.88718 7.274563 14.64057 -13.88718 7.274563 14.64057 -13.96934 7.267933 14.71488 -13.96934 7.267933 14.71488 -13.96934 7.267933 14.71488 -13.59841 7.701653 15.02454 -13.59841 7.701653 15.02454 -13.59841 7.701653 15.02454 -13.59841 7.701653 15.02454 -13.59841 7.553953 15.02454 -13.59841 7.553953 15.02454 -13.53076 7.553953 14.93657 -13.53076 7.553953 14.93657 -13.53076 7.553953 14.93657 -13.53076 7.553953 14.93657 -13.08671 7.553953 15.23751 -13.08671 7.553953 15.23751 -13.08671 7.553953 15.23751 -13.08671 7.553953 15.23751 -13.14335 7.553953 15.33294 -13.14335 7.553953 15.33294 -12.60985 7.553943 15.48317 -12.60985 7.553943 15.48317 -12.60985 7.553943 15.48317 -12.60985 7.553943 15.48317 -12.65467 7.553943 15.58469 -12.65467 7.553943 15.58469 -12.09552 7.553943 15.67427 -12.09552 7.553943 15.67427 -12.09552 7.553943 15.67427 -12.09552 7.553943 15.67427 -12.13074 7.553943 15.77936 -12.13074 7.553943 15.77936 -11.53801 7.553933 15.84125 -11.53801 7.553933 15.84125 -11.53801 7.553933 15.84125 -11.53801 7.553933 15.84125 -11.53801 7.553933 15.84125 -11.53801 7.553933 15.84125 -11.5698 7.553933 15.94736 -11.5698 7.553933 15.94736 -11.5698 7.553933 15.94736 -11.56979 7.701632 15.94736 -11.56979 7.701632 15.94736 -11.56979 7.701632 15.94736 -11.56979 7.701632 15.94736 -11.56979 7.701632 15.94736 -11.56979 7.701632 15.94736 -11.53801 7.701632 15.84125 -11.53801 7.701632 15.84125 -11.53801 7.701632 15.84125 -12.09551 7.701643 15.67427 -12.09551 7.701643 15.67427 -12.60985 7.701643 15.48317 -12.60985 7.701643 15.48317 -13.08671 7.701653 15.23751 -13.08671 7.701653 15.23751 -13.53075 7.701653 14.93657 -13.53075 7.701653 14.93657 -13.66072 7.553953 14.82359 -13.66072 7.553953 14.82359 -13.66072 7.553953 14.82359 -13.66072 7.553953 14.82359 -13.66072 7.553953 14.82359 -13.66072 7.406253 14.82359 -13.66072 7.406253 14.82359 -13.66072 7.406253 14.82359 -13.58805 7.406253 14.73999 -13.58805 7.406253 14.73999 -13.58805 7.406253 14.73999 -13.69524 7.406253 14.64682 -13.69524 7.406253 14.64682 -13.69524 7.406253 14.64682 -13.69524 7.149073 14.64682 -13.69524 7.149073 14.64682 -13.69524 7.149073 14.64682 -14.61677 7.149083 13.49629 -14.61677 7.149083 13.49629 -14.61677 7.149083 13.49629 -14.61677 7.149083 13.49629 -14.71977 7.406283 13.55866 -14.71977 7.406283 13.55866 -14.71977 7.406283 13.55866 -14.62425 7.404483 13.50228 -14.62425 7.404483 13.50228 -14.62425 7.404483 13.50228 -14.76424 7.404483 13.23323 -14.76424 7.404483 13.23323 -14.86517 7.406283 13.27923 -14.86517 7.406283 13.27923 -14.86298 7.553963 13.27823 -14.86298 7.553963 13.27823 -14.86298 7.553963 13.27823 -14.64907 7.553963 13.68935 -14.64907 7.553963 13.68935 -14.64907 7.553963 13.68935 -14.64907 7.553963 13.68935 -14.64907 7.553963 13.68935 -14.64907 7.553963 13.68935 -14.73421 7.553963 13.74954 -14.73421 7.553963 13.74954 -14.73421 7.553963 13.74954 -14.73421 7.553963 13.74954 -14.73953 7.267933 13.75329 -14.73953 7.267933 13.75329 -14.73953 7.267933 13.75329 -14.06841 7.415363 14.60534 -14.06841 7.415363 14.60534 -14.06841 7.415363 14.60534 -14.06841 7.415363 14.60534 -14.06841 7.415363 14.60534 -14.06841 7.415363 14.60534 -14.65426 7.415373 13.8739 -14.65426 7.415373 13.8739 -14.65426 7.415373 13.8739 -14.65426 7.415373 13.8739 -14.65426 7.415373 13.8739 -14.65426 7.415373 13.8739 -14.16749 7.562803 14.4958 -14.16749 7.562803 14.4958 -14.16749 7.562803 14.4958 -14.569 7.562803 13.99451 -14.569 7.562803 13.99451 -14.569 7.562803 13.99451 -14.65426 7.701663 13.8739 -14.65426 7.701663 13.8739 -14.65426 7.701663 13.8739 -14.65426 7.701663 13.8739 -14.65426 7.701663 13.8739 -14.65426 7.701663 13.8739 -14.569 7.849363 13.99451 -14.569 7.849363 13.99451 -14.569 7.849363 13.99451 -14.70837 7.849363 13.79735 -14.70837 7.849363 13.79735 -14.70837 7.849363 13.79735 -14.70838 7.701663 13.79735 -14.70838 7.701663 13.79735 -14.70838 7.701663 13.79735 -14.70838 7.701663 13.79735 -14.70838 7.701663 13.79735 -14.70838 7.701663 13.79735 -14.61408 7.701663 13.73884 -14.61408 7.701663 13.73884 -14.56381 7.701663 13.80996 -14.56381 7.701663 13.80996 -14.56381 7.701663 13.80996 -14.61408 7.614573 13.73884 -14.61408 7.614573 13.73884 -14.56381 7.422013 13.80996 -14.56381 7.422013 13.80996 -14.56381 7.422013 13.80996 -13.98626 7.422003 14.53103 -13.98626 7.422003 14.53103 -13.98626 7.422003 14.53103 -14.74472 7.408733 13.93785 -14.74472 7.408733 13.93785 -14.74472 7.408733 13.93785 -14.15057 7.408723 14.67965 -14.15057 7.408723 14.67965 -14.15057 7.408723 14.67965 -14.15057 7.701663 14.67965 -14.15057 7.701663 14.67965 -14.15057 7.701663 14.67965 -14.16749 7.849363 14.4958 -14.16749 7.849363 14.4958 -14.16749 7.849363 14.4958 -14.24964 7.849363 14.57011 -14.24964 7.849363 14.57011 -14.24964 7.849363 14.57011 -14.24965 7.556163 14.57011 -14.24965 7.556163 14.57011 -14.24965 7.556163 14.57011 -14.65946 7.556163 14.05845 -14.65946 7.556163 14.05845 -14.65946 7.556163 14.05845 -14.65946 7.849363 14.05845 -14.65946 7.849363 14.05845 -14.65946 7.849363 14.05845 -14.80267 7.849363 13.85587 -14.80267 7.849363 13.85587 -14.80267 7.849363 13.85587 -14.9636 7.849363 13.32505 -14.9636 7.849363 13.32505 -14.9636 7.701663 13.32505 -14.9636 7.701663 13.32505 -14.9636 7.701663 13.32505 -14.9636 7.701663 13.32505 -14.70838 7.607923 13.79735 -14.70838 7.607923 13.79735 -14.70838 7.607923 13.79735 -14.9636 7.553963 13.32505 -14.9636 7.553963 13.32505 -15.16533 7.701673 12.81327 -15.16533 7.701673 12.81327 -15.16533 7.701673 12.81327 -15.16533 7.701673 12.81327 -15.16533 7.553963 12.81327 -15.16533 7.553963 12.81327 -15.30439 7.701673 12.28103 -15.30439 7.701673 12.28103 -15.30439 7.701673 12.28103 -15.30439 7.701673 12.28103 -15.30439 7.553973 12.28103 -15.30439 7.553973 12.28103 -15.37876 7.701673 11.73598 -15.37876 7.701673 11.73598 -15.37876 7.701673 11.73598 -15.37876 7.701673 11.73598 -15.37876 7.553973 11.73598 -15.37876 7.553973 11.73598 -15.38767 7.701673 11.16763 -15.38767 7.701673 11.16763 -15.38767 7.701673 11.16763 -15.38767 7.701673 11.16763 -15.38767 7.701673 11.16763 -15.38767 7.701673 11.16763 -15.38767 7.553973 11.16763 -15.38767 7.553973 11.16763 -15.38767 7.553973 11.16763 -15.27691 7.553963 11.1659 -15.27691 7.553963 11.1659 -15.27691 7.553963 11.1659 -15.27691 7.553963 11.1659 -15.27691 7.553963 11.1659 -15.2769 7.701663 11.1659 -15.2769 7.701663 11.1659 -15.2769 7.701663 11.1659 -15.2681 7.553963 11.72759 -15.2681 7.553963 11.72759 -15.2681 7.553963 11.72759 -15.2681 7.701673 11.72759 -15.2681 7.701673 11.72759 -15.19553 7.553963 12.25946 -15.19553 7.553963 12.25946 -15.19553 7.553963 12.25946 -15.19553 7.701663 12.25946 -15.19553 7.701663 12.25946 -15.05984 7.553963 12.77883 -15.05984 7.553963 12.77883 -15.05984 7.553963 12.77883 -15.05984 7.701663 12.77883 -15.05984 7.701663 12.77883 -14.86298 7.701663 13.27823 -14.86298 7.701663 13.27823 -14.80267 7.701663 13.85587 -14.80267 7.701663 13.85587 -14.80267 7.701663 13.85587 -14.74472 7.701663 13.93785 -14.74472 7.701663 13.93785 -14.74472 7.701663 13.93785 -15.2705 7.406283 11.72778 -15.2705 7.406283 11.72778 -15.2793 7.406283 11.16593 -15.2793 7.406283 11.16593 -15.2793 7.406283 11.16593 -15.16856 7.404483 11.1642 -15.16856 7.404483 11.1642 -15.16856 7.404483 11.1642 -15.16616 7.552173 11.16416 -15.16616 7.552173 11.16416 -15.16616 7.552173 11.16416 -15.15746 7.552173 11.71921 -15.15746 7.552173 11.71921 -15.08668 7.552173 12.2379 -15.08668 7.552173 12.2379 -14.95436 7.552163 12.7444 -14.95436 7.552163 12.7444 -14.76206 7.552163 13.23224 -14.76206 7.552163 13.23224 -14.55354 7.552163 13.63298 -14.55354 7.552163 13.63298 -14.55354 7.552163 13.63298 -14.54599 7.294393 13.62693 -14.54599 7.294393 13.62693 -14.54599 7.294393 13.62693 -14.54599 7.294393 13.62693 -13.80672 7.294393 14.54992 -13.80672 7.294393 14.54992 -13.80672 7.294393 14.54992 -13.80671 7.553953 14.54992 -13.80671 7.553953 14.54992 -13.80671 7.553953 14.54992 -13.58805 7.553953 14.73999 -13.58805 7.553953 14.73999 -13.58805 7.553953 14.73999 -13.53076 7.406253 14.93657 -13.53076 7.406253 14.93657 -13.4631 7.406253 14.8486 -13.4631 7.406253 14.8486 -13.03007 7.406253 15.14208 -13.03007 7.406253 15.14208 -13.08671 7.406253 15.23751 -13.08671 7.406253 15.23751 -12.56503 7.406243 15.38164 -12.56503 7.406243 15.38164 -12.60985 7.406243 15.48317 -12.60985 7.406243 15.48317 -12.0603 7.406243 15.56918 -12.0603 7.406243 15.56918 -12.09552 7.406243 15.67427 -12.09552 7.406243 15.67427 -11.50623 7.406233 15.73513 -11.50623 7.406233 15.73513 -11.50623 7.406233 15.73513 -11.53801 7.406233 15.84125 -11.53801 7.406233 15.84125 -11.53801 7.406233 15.84125 -11.50623 7.553933 15.73513 -11.50623 7.553933 15.73513 -11.50623 7.553933 15.73513 -12.0603 7.553943 15.56918 -12.0603 7.553943 15.56918 -12.56503 7.553943 15.38164 -12.56503 7.553943 15.38164 -13.03007 7.553953 15.14208 -13.03007 7.553953 15.14208 -13.4631 7.553953 14.8486 -13.4631 7.553953 14.8486 -14.95664 7.404483 12.74515 -14.95664 7.404483 12.74515 -15.06212 7.406283 12.77958 -15.06212 7.406283 12.77958 -15.19788 7.406283 12.25993 -15.19788 7.406283 12.25993 -15.15985 7.404483 11.71939 -15.15985 7.404483 11.71939 -15.08904 7.404483 12.23837 -15.08904 7.404483 12.23837 -13.94567 7.701653 14.5759 -13.94567 7.701653 14.5759 -14.02336 7.701663 14.65514 -14.02336 7.701663 14.65514 -14.02336 7.701663 14.65514 -14.02336 7.701663 14.65514 -13.14335 7.701653 15.33294 -13.14335 7.701653 15.33294 -13.14335 7.701653 15.33294 -13.14335 7.701653 15.33294 -12.65466 7.701643 15.58469 -12.65466 7.701643 15.58469 -12.65466 7.701643 15.58469 -12.65466 7.701643 15.58469 -12.13073 7.701643 15.77936 -12.13073 7.701643 15.77936 -12.13073 7.701643 15.77936 -12.13073 7.701643 15.77936 -11.56979 7.849333 15.94736 -11.56979 7.849333 15.94736 -11.56979 7.849333 15.94736 -12.13073 7.849343 15.77936 -12.13073 7.849343 15.77936 -12.65466 7.849343 15.58469 -12.65466 7.849343 15.58469 -13.14335 7.849353 15.33294 -13.14335 7.849353 15.33294 -13.59841 7.849353 15.02454 -13.59841 7.849353 15.02454 -14.02336 7.849363 14.65514 -14.02336 7.849363 14.65514 -14.10105 7.849363 14.73439 -14.10105 7.849363 14.73439 -13.66606 7.849353 15.1125 -13.66606 7.849353 15.1125 -13.19999 7.849353 15.42838 -13.19999 7.849353 15.42838 -12.69948 7.849343 15.68621 -12.69948 7.849343 15.68621 -12.16595 7.849343 15.88445 -12.16595 7.849343 15.88445 -11.60158 7.849333 16.05348 -11.60158 7.849333 16.05348 -11.60158 7.849333 16.05348 -12.16595 7.701643 15.88445 -12.16595 7.701643 15.88445 -11.60158 7.701632 16.05348 -11.60158 7.701632 16.05348 -11.60158 7.701632 16.05348 -12.69948 7.701643 15.68621 -12.69948 7.701643 15.68621 -13.19999 7.701653 15.42838 -13.19999 7.701653 15.42838 -13.66606 7.701653 15.11251 -13.66606 7.701653 15.11251 -14.10106 7.701663 14.73439 -14.10106 7.701663 14.73439 -15.06421 7.849373 13.37186 -15.06421 7.849373 13.37186 -15.06422 7.701663 13.37186 -15.06422 7.701663 13.37186 -15.27083 7.849373 12.84771 -15.27083 7.849373 12.84771 -15.27083 7.701673 12.84771 -15.27083 7.701673 12.84771 -15.41324 7.849373 12.3026 -15.41324 7.849373 12.3026 -15.41324 7.701673 12.3026 -15.41324 7.701673 12.3026 -15.48941 7.849373 11.74437 -15.48941 7.849373 11.74437 -15.48941 7.701673 11.74437 -15.48941 7.701673 11.74437 -15.49843 7.849373 11.16937 -15.49843 7.849373 11.16937 -15.49843 7.849373 11.16937 -15.49843 7.701673 11.16937 -15.49843 7.701673 11.16937 -15.49843 7.701673 11.16937 -15.38766 7.849373 11.16763 -15.38766 7.849373 11.16763 -15.38766 7.849373 11.16763 -15.37876 7.849373 11.73598 -15.37876 7.849373 11.73598 -15.30438 7.849373 12.28103 -15.30438 7.849373 12.28103 -15.16533 7.849373 12.81327 -15.16533 7.849373 12.81327 -14.73952 7.553963 13.75329 -14.73952 7.553963 13.75329 -14.73952 7.553963 13.75329 -12.63285 1.073363 15.78089 -12.63285 1.073363 15.78089 -12.57443 0.140763 15.66747 -12.57443 0.140763 15.66747 -12.57443 0.140763 15.66747 -12.63287 0.140763 15.78089 -12.63287 0.140763 15.78089 -12.57441 1.073363 15.66748 -12.57441 1.073363 15.66748 -12.57441 1.073363 15.66748 -13.22195 1.073373 15.33387 -13.22195 1.073373 15.33387 -13.22195 1.073373 15.33387 -13.28038 1.073373 15.44728 -13.28038 1.073373 15.44728 -13.22196 0.140783 15.33386 -13.22196 0.140783 15.33386 -13.22196 0.140783 15.33386 -13.28257 1.073373 15.45154 -13.28258 0.140783 15.45154 -13.28258 0.140783 15.45154 -13.28258 0.140783 15.45154 -13.28258 0.140783 15.45154 -12.67041 0.140763 15.76694 -12.63322 0.140763 15.78077 -12.63322 0.140763 15.78077 -13.29281 0.08847308 15.47186 -13.29281 0.08847308 15.47186 -13.29289 0.140773 15.47185 -13.29289 0.140773 15.47185 -13.29289 0.140773 15.47185 -13.28252 0.08848285 15.45156 -12.64352 0.141823 15.80108 -12.64352 0.141823 15.80108 -12.64352 0.141823 15.80108 -12.64344 0.08952307 15.80109 -12.64344 0.08952307 15.80109 -12.63315 0.08953285 15.78079 -12.63315 0.08953285 15.78079 -12.63323 0.141833 15.78077 -12.63323 0.141833 15.78077 -12.63323 0.141833 15.78077 -14.24029 1.073393 14.67552 -14.24029 1.073393 14.67552 -14.14088 0.1407928 14.59556 -14.14088 0.1407928 14.59556 -14.14088 0.1407928 14.59556 -14.24031 0.1408028 14.67552 -14.24031 0.1408028 14.67552 -14.14086 1.073393 14.59556 -14.14086 1.073393 14.59556 -14.14086 1.073393 14.59556 -14.59734 1.073403 14.02792 -14.59734 1.073403 14.02792 -14.59734 1.073403 14.02792 -14.69677 1.073403 14.10788 -14.69677 1.073403 14.10788 -14.59736 0.1408028 14.02792 -14.59736 0.1408028 14.02792 -14.59736 0.1408028 14.02792 -14.7005 1.073403 14.11088 -14.70052 0.1408028 14.11088 -14.70052 0.1408028 14.11088 -14.70052 0.1408028 14.11088 -14.70052 0.1408028 14.11088 -14.26895 0.1408028 14.64753 -14.24058 0.1408028 14.67526 -14.24058 0.1408028 14.67526 -14.7181 0.08850288 14.12531 -14.7181 0.08850288 14.12531 -14.71817 0.1408028 14.12526 -14.71817 0.1408028 14.12526 -14.71817 0.1408028 14.12526 -14.70046 0.08851289 14.11093 -14.25823 0.1418528 14.68964 -14.25823 0.1418528 14.68964 -14.25823 0.1418528 14.68964 -14.25817 0.08955287 14.68969 -14.25817 0.08955287 14.68969 -14.24052 0.08956289 14.67531 -14.24052 0.08956289 14.67531 -14.24058 0.1418628 14.67526 -14.24058 0.1418628 14.67526 -14.24058 0.1418628 14.67526 -15.2155 1.073353 13.15738 -15.2155 1.073353 13.15738 -15.09362 0.140763 13.1197 -15.09362 0.140763 13.1197 -15.09362 0.140763 13.1197 -15.21552 0.140763 13.15737 -15.21552 0.140763 13.15737 -15.0936 1.073353 13.11971 -15.0936 1.073353 13.11971 -15.0936 1.073353 13.11971 -15.31079 1.073343 12.41697 -15.31079 1.073343 12.41697 -15.31079 1.073343 12.41697 -15.43268 1.073353 12.45464 -15.43268 1.073353 12.45464 -15.31081 0.140753 12.41696 -15.31081 0.140753 12.41696 -15.31081 0.140753 12.41696 -15.43726 1.073353 12.45606 -15.43728 0.140753 12.45605 -15.43728 0.140753 12.45605 -15.43728 0.140753 12.45605 -15.43728 0.140753 12.45605 -15.23196 0.140763 13.12042 -15.21568 0.140763 13.15703 -15.21568 0.140763 13.15703 -15.45895 0.08845305 12.46298 -15.45895 0.08845305 12.46298 -15.45899 0.140743 12.46291 -15.45899 0.140743 12.46291 -15.45899 0.140743 12.46291 -15.43724 0.08846306 12.45611 -15.23739 0.141813 13.16389 -15.23739 0.141813 13.16389 -15.23739 0.141813 13.16389 -15.23735 0.08952307 13.16396 -15.23735 0.08952307 13.16396 -15.21564 0.08953285 13.1571 -15.21569 0.141823 13.15703 -15.21569 0.141823 13.15703 -12.70239 1.182023 15.69277 -12.70239 1.182023 15.69277 -12.16329 1.182013 15.87628 -12.16329 1.182013 15.87628 -12.69601 1.182023 15.67831 -12.69601 1.182023 15.67831 -12.1683 1.182013 15.89124 -12.1683 1.182013 15.89124 -12.1683 1.160923 15.89124 -12.1683 1.160923 15.89124 -12.70239 1.160933 15.69277 -12.70239 1.160933 15.69277 -13.2036 1.182033 15.43454 -13.2036 1.182033 15.43454 -13.2036 1.160943 15.43455 -13.2036 1.160943 15.43455 -13.67031 1.182043 15.11821 -13.67031 1.182043 15.11821 -13.67031 1.160953 15.11821 -13.67031 1.160953 15.11821 -14.09582 1.182053 14.7483 -14.09582 1.182053 14.7483 -14.09582 1.160963 14.7483 -14.09582 1.160963 14.7483 -14.39783 1.160973 14.41438 -14.39783 1.160973 14.41438 -14.39783 1.182063 14.41438 -14.39783 1.182063 14.41438 -14.08475 1.182053 14.73702 -14.08475 1.182053 14.73702 -14.38581 1.182063 14.40415 -14.38581 1.182063 14.40415 -14.08472 1.481965 14.737 -14.08472 1.481965 14.737 -14.38578 1.481972 14.40413 -14.38578 1.481972 14.40413 -14.4077 1.48197 14.4228 -14.4077 1.48197 14.4228 -14.10491 1.481962 14.75759 -14.10491 1.481962 14.75759 -13.66065 1.481955 15.10566 -13.66065 1.481955 15.10566 -13.67822 1.481952 15.12851 -13.67822 1.481952 15.12851 -13.1955 1.481944 15.42093 -13.1955 1.481944 15.42093 -13.21022 1.481941 15.44572 -13.21022 1.481941 15.44572 -12.69599 1.481933 15.67828 -12.69599 1.481933 15.67828 -12.70764 1.48193 15.70466 -12.70764 1.48193 15.70466 -12.16326 1.481921 15.87625 -12.16326 1.481921 15.87625 -12.16326 1.481921 15.87625 -12.17242 1.481919 15.90355 -12.17242 1.481919 15.90355 -11.60387 1.481909 16.04929 -11.60387 1.481909 16.04929 -10.79395 1.481893 16.29981 -10.79395 1.481893 16.29981 -10.79395 1.481893 16.29981 -10.80261 1.481889 16.32723 -10.80261 1.481889 16.32723 -10.80261 1.481889 16.32723 -10.81019 1.588323 16.35121 -10.81019 1.588323 16.35121 -10.81019 1.608055 16.35121 -10.81019 1.608055 16.35121 -10.43934 1.791609 15.17793 -10.79394 1.481892 16.29979 -10.79394 1.481892 16.29979 -10.79395 1.181983 16.29981 -10.79395 1.181983 16.29981 -10.79395 1.181983 16.29981 -10.79427 1.160893 16.30083 -10.79427 1.160893 16.30083 -10.79427 1.160893 16.30083 -10.8163 1.094773 16.37051 -10.8163 1.094773 16.37051 -10.8163 1.094773 16.37051 -10.43938 0.008972883 15.17792 -10.81633 0.001132965 16.37052 -10.81633 0.001132965 16.37052 -12.18687 1.094803 15.94662 -12.18687 1.094803 15.94662 -12.18689 0.001163005 15.94662 -12.63287 0.140763 15.78089 -12.63287 0.140763 15.78089 -12.63285 1.073363 15.78089 -12.63285 1.073363 15.78089 -12.72601 1.094823 15.74626 -12.72601 1.094823 15.74626 -12.72601 1.073363 15.74627 -12.72601 1.073363 15.74627 -13.23345 1.094833 15.48483 -13.23345 1.094833 15.48483 -13.23345 1.073373 15.48484 -13.23345 1.073373 15.48484 -13.28257 1.073373 15.45154 -13.28257 1.073373 15.45154 -13.70596 1.094843 15.16456 -13.70596 1.094843 15.16456 -14.13676 1.094853 14.79006 -14.13676 1.094853 14.79006 -14.24029 0.1408028 14.67563 -14.24026 1.073393 14.67562 -14.44229 1.094853 14.45224 -14.44229 1.094853 14.45224 -14.4423 1.073393 14.45224 -14.58623 1.073403 14.27252 -14.58623 1.094863 14.27252 -14.58623 1.094863 14.27252 -14.38662 1.160973 14.40484 -14.38662 1.160973 14.40484 -14.52782 1.160973 14.22854 -14.52782 1.160973 14.22854 -14.53957 1.160973 14.2374 -14.53957 1.160973 14.2374 -14.0855 1.160963 14.73778 -14.0855 1.160963 14.73778 -13.66132 1.160953 15.10653 -13.66132 1.160953 15.10653 -13.19607 1.160943 15.42187 -13.19607 1.160943 15.42187 -12.69644 1.160933 15.67929 -12.69644 1.160933 15.67929 -12.16363 1.160923 15.87729 -12.16363 1.160923 15.87729 -11.60266 1.160913 16.04533 -11.60266 1.160913 16.04533 -10.79871 1.160893 16.31486 -10.79871 1.160893 16.31486 -10.79871 1.160893 16.31486 -10.79871 1.181983 16.31485 -10.79871 1.181983 16.31485 -10.79871 1.181983 16.31485 -12.16009 1.182013 15.87723 -12.16009 1.182013 15.87723 -12.16328 1.182013 15.87625 -14.53957 1.182063 14.23739 -14.53957 1.182063 14.23739 -14.52696 1.182063 14.2279 -14.52696 1.182063 14.2279 -14.52693 1.481976 14.22789 -14.52693 1.481976 14.22789 -14.54994 1.481973 14.2452 -14.54994 1.481973 14.2452 -14.42686 1.588404 14.43911 -14.57004 1.588407 14.26034 -14.42686 1.608136 14.43911 -14.57004 1.608139 14.26034 -14.45465 1.729701 14.46277 -14.45465 1.729701 14.46277 -14.59919 1.729705 14.28229 -14.59919 1.729705 14.28229 -14.6189 1.729703 14.29713 -14.6189 1.729703 14.29713 -14.47343 1.729699 14.47876 -14.47343 1.729699 14.47876 -14.14813 1.729693 14.80167 -14.14813 1.729693 14.80167 -14.16543 1.729691 14.81931 -14.16543 1.729691 14.81931 -13.71586 1.729683 15.17745 -13.71586 1.729683 15.17745 -13.73092 1.729681 15.19703 -13.73092 1.729681 15.19703 -13.24174 1.729672 15.49882 -13.24174 1.729672 15.49882 -13.25434 1.72967 15.52006 -13.25434 1.72967 15.52006 -12.73257 1.729661 15.76114 -12.73257 1.729661 15.76114 -12.74254 1.729659 15.78374 -12.74254 1.729659 15.78374 -12.19202 1.729649 15.96202 -12.19202 1.729649 15.96202 -12.19986 1.729647 15.98541 -12.19986 1.729647 15.98541 -10.82118 1.72962 16.38599 -10.82118 1.72962 16.38599 -10.82118 1.72962 16.38599 -10.82861 1.729618 16.40951 -10.82861 1.729618 16.40951 -10.82861 1.729618 16.40951 -10.82861 1.783767 16.4095 -10.82861 1.783767 16.4095 -10.82861 1.783767 16.4095 -10.66288 1.783762 15.88516 -10.66288 1.783762 15.88516 -12.18042 1.608085 15.92741 -12.71781 1.608096 15.72771 -13.22308 1.608107 15.46739 -13.69358 1.608118 15.14848 -14.12255 1.608128 14.77558 -14.12255 1.588396 14.77558 -13.69358 1.588386 15.14849 -13.22308 1.588375 15.46739 -12.71781 1.588364 15.72771 -12.18042 1.588352 15.92741 -12.02499 1.783791 15.46374 -11.94748 1.783793 15.23248 -12.4214 1.783803 15.05636 -12.84848 1.783813 14.83633 -13.24616 1.783822 14.56677 -13.60874 1.78383 14.25158 -13.86882 1.783837 13.96402 -13.98453 1.78384 13.81955 -14.20833 1.783846 13.50294 -14.43672 1.783852 13.08027 -14.61289 1.783857 12.6333 -14.73433 1.783862 12.16846 -14.79928 1.783865 11.69244 -14.80754 1.783862 11.165 -14.80754 1.783862 11.165 -15.48609 1.482001 11.17564 -15.48609 1.482001 11.17564 -15.48609 1.482001 11.17564 -15.48613 1.182093 11.17564 -15.48613 1.182093 11.17564 -15.48613 1.182093 11.17564 -15.48719 1.161003 11.17566 -15.48719 1.161003 11.17566 -15.48719 1.161003 11.17566 -15.56026 1.094883 11.1768 -15.56026 1.094883 11.1768 -15.56026 1.094883 11.1768 -15.5603 8.29697e-5 11.17681 -15.5603 8.29697e-5 11.17681 -14.80758 7.29561e-5 11.16501 -15.55132 9.29832e-5 11.74943 -15.47416 8.29697e-5 12.31501 -15.32987 8.29697e-5 12.8673 -15.12055 7.29561e-5 13.39837 -14.84918 6.29425e-5 13.90057 -14.84918 6.29425e-5 13.90057 -14.58626 6.29425e-5 14.27252 -14.44233 5.29289e-5 14.45224 -14.13679 4.29153e-5 14.79006 -13.70599 3.29018e-5 15.16457 -13.23346 2.28882e-5 15.48484 -12.72604 1.28746e-5 15.74627 -12.18689 2.86102e-6 15.94662 -12.63315 0.08953285 15.78079 -12.72604 0.140773 15.74627 -12.72604 0.140773 15.74627 -12.67041 0.140763 15.76694 -12.67041 0.140763 15.76694 -12.67041 0.140763 15.76694 -12.63331 0.140763 15.78073 -12.63331 0.140763 15.78073 -12.63322 0.140763 15.78077 -12.63322 0.140763 15.78077 -12.63506 0.140763 15.78516 -13.23346 0.140783 15.48484 -13.23346 0.140783 15.48484 -13.28258 0.140783 15.45154 -13.28258 0.140783 15.45154 -14.44233 0.1408028 14.45224 -14.58626 0.1408028 14.27252 -14.58626 0.1408028 14.27252 -14.84918 0.1408028 13.90057 -14.84918 0.1408028 13.90057 -14.84918 0.1408028 13.90057 -15.12051 1.094873 13.39837 -15.12051 1.094873 13.39837 -15.21506 0.1408128 13.15859 -15.21504 1.073413 13.15859 -15.32985 1.073413 12.86731 -15.32984 1.094883 12.8673 -15.32984 1.094883 12.8673 -15.05413 1.160993 13.36749 -15.05413 1.160993 13.36749 -15.26024 1.160993 12.84459 -15.26024 1.160993 12.84459 -15.27425 1.160993 12.84916 -15.27425 1.160993 12.84916 -15.06749 1.160993 13.3737 -15.06749 1.160993 13.3737 -14.78694 1.160983 13.86197 -14.78694 1.160983 13.86197 -14.79946 1.160983 13.86974 -14.79946 1.160983 13.86974 -14.79946 1.160983 13.86974 -14.79946 1.182073 13.86974 -14.79946 1.182073 13.86974 -14.79946 1.182073 13.86974 -14.78603 1.182073 13.86141 -14.78603 1.182073 13.86141 -14.78603 1.182073 13.86141 -14.786 1.481982 13.86139 -14.786 1.481982 13.86139 -14.786 1.481982 13.86139 -14.8105 1.48198 13.87659 -14.8105 1.48198 13.87659 -14.8105 1.48198 13.87659 -14.83191 1.588414 13.88988 -14.83191 1.588414 13.88988 -14.83191 1.608146 13.88988 -14.83191 1.608146 13.88988 -14.86296 1.729712 13.90915 -14.86296 1.729712 13.90915 -14.86296 1.729712 13.90915 -14.88395 1.729709 13.92217 -14.88395 1.729709 13.92217 -14.88395 1.729709 13.92217 -14.61889 1.783852 14.29712 -14.61889 1.783852 14.29712 -14.88394 1.783859 13.92217 -14.88394 1.783859 13.92217 -14.88394 1.783859 13.92217 -15.60113 1.783878 11.17744 -15.60113 1.783878 11.17744 -15.60113 1.783878 11.17744 -15.59212 1.783882 11.75252 -15.59212 1.783882 11.75252 -15.59213 1.729733 11.75252 -15.59213 1.729733 11.75252 -15.60114 1.729729 11.17744 -15.60114 1.729729 11.17744 -15.60114 1.729729 11.17744 -15.57648 1.729731 11.17705 -15.57648 1.729731 11.17705 -15.57648 1.729731 11.17705 -15.54001 1.608166 11.17648 -15.54001 1.608166 11.17648 -15.51487 1.481999 11.17609 -15.51487 1.481999 11.17609 -15.51487 1.481999 11.17609 -15.47719 1.482005 11.74381 -15.47719 1.482005 11.74381 -15.50594 1.482003 11.74599 -15.50594 1.482003 11.74599 -15.40122 1.482001 12.30058 -15.40122 1.482001 12.30058 -15.4295 1.481999 12.30618 -15.4295 1.481999 12.30618 -15.25919 1.481996 12.84425 -15.25919 1.481996 12.84425 -15.2866 1.481994 12.8532 -15.2866 1.481994 12.8532 -15.05313 1.48199 13.36702 -15.05313 1.48199 13.36702 -15.07927 1.481987 13.37919 -15.07927 1.481987 13.37919 -15.10211 1.588422 13.38981 -15.10211 1.608154 13.38981 -15.13525 1.729719 13.40523 -15.13525 1.729719 13.40523 -15.15764 1.729717 13.41565 -15.15764 1.729717 13.41565 -15.07413 1.783864 13.57019 -15.07413 1.783864 13.57019 -14.91507 1.783862 13.41627 -14.91507 1.783862 13.41627 -14.96407 1.783863 13.3256 -14.96407 1.783863 13.3256 -15.36876 1.783873 12.88002 -15.36876 1.783873 12.88002 -15.51429 1.783878 12.32298 -15.51429 1.783878 12.32298 -15.51429 1.729729 12.32298 -15.51429 1.729729 12.32298 -15.49006 1.729731 12.31818 -15.49006 1.729731 12.31818 -15.5675 1.729735 11.75066 -15.5675 1.729735 11.75066 -15.53106 1.608169 11.7479 -15.53106 1.588437 11.7479 -15.54001 1.588433 11.17648 -15.54001 1.588433 11.17648 -15.45422 1.588433 12.31108 -15.31055 1.588428 12.86101 -15.31055 1.60816 12.86101 -15.34529 1.729726 12.87235 -15.34529 1.729726 12.87235 -15.36877 1.729724 12.88002 -15.36877 1.729724 12.88002 -15.15764 1.783866 13.41565 -15.15764 1.783866 13.41565 -14.92051 1.783862 13.4062 -14.92051 1.783862 13.4062 -14.91521 1.783862 13.416 -14.91521 1.783862 13.416 -15.45422 1.608165 12.31107 -15.05316 1.182083 13.36704 -15.05316 1.182083 13.36704 -15.06749 1.182073 13.3737 -15.06749 1.182073 13.3737 -15.27425 1.182083 12.84916 -15.27425 1.182083 12.84916 -15.25922 1.182083 12.84426 -15.25922 1.182083 12.84426 -15.40126 1.182093 12.30058 -15.40126 1.182093 12.30058 -15.47722 1.182093 11.74382 -15.47722 1.182093 11.74382 -15.5019 1.182093 11.17589 -15.5019 1.182093 11.17589 -15.5019 1.182093 11.17589 -15.49298 1.182093 11.74501 -15.49298 1.182093 11.74501 -15.49298 1.161003 11.74501 -15.49298 1.161003 11.74501 -15.5019 1.161003 11.17589 -15.5019 1.161003 11.17589 -15.5019 1.161003 11.17589 -15.47829 1.161003 11.7439 -15.47829 1.161003 11.7439 -15.40231 1.161003 12.30079 -15.40231 1.161003 12.30079 -15.41676 1.161003 12.30365 -15.41676 1.161003 12.30365 -15.41676 1.182093 12.30365 -15.41676 1.182093 12.30365 -15.47412 1.094883 12.31501 -15.47412 1.094883 12.31501 -15.43732 1.073413 12.45591 -15.43735 0.1408228 12.45591 -15.55129 1.094893 11.74943 -15.55129 1.094893 11.74943 -15.32987 0.1408228 12.86731 -14.47343 1.783848 14.47876 -14.47343 1.783848 14.47876 -14.16542 1.78384 14.81931 -14.16542 1.78384 14.81931 -13.73092 1.78383 15.19703 -13.73092 1.78383 15.19703 -13.25434 1.783819 15.52005 -13.25434 1.783819 15.52005 -12.74254 1.783808 15.78373 -12.74254 1.783808 15.78373 -12.19985 1.783796 15.98541 -12.19985 1.783796 15.98541 -14.84915 1.094873 13.90057 -14.84915 1.094873 13.90057 -14.84915 1.094873 13.90057 -14.7005 1.073403 14.11088 -14.70052 0.1408028 14.11088 -14.70052 0.1408028 14.11088 -13.28038 1.073373 15.44728 -13.19553 1.182033 15.42096 -13.19553 1.182033 15.42096 -13.66067 1.182043 15.10568 -13.66067 1.182043 15.10568 -9.344616 0.001373052 15.42468 -9.344616 0.001373052 15.42468 -9.367747 1.065413 15.50135 -9.367747 1.065413 15.50135 -9.367756 0.001373052 15.50135 -9.367756 0.001373052 15.50135 -9.344607 1.065413 15.42467 -9.344607 1.065413 15.42467 -9.564406 0.001373052 15.35834 -9.564406 0.001373052 15.35834 -9.564387 1.065413 15.35834 -9.564387 1.065413 15.35834 -9.587527 1.065413 15.43502 -9.587527 1.065413 15.43502 -9.587546 0.001373052 15.43502 -9.587546 0.001373052 15.43502 -10.41622 1.065433 15.10124 -10.41624 0.001393079 15.10125 -8.492796 0.001353025 15.68177 -8.492796 0.001353025 15.68177 -8.492766 1.065393 15.68177 -8.492766 1.065393 15.68177 -8.515916 1.065393 15.75845 -8.515916 1.065393 15.75845 -8.515936 0.001353025 15.75845 -8.515936 0.001353025 15.75845 -8.296147 0.001353025 15.82478 -8.296147 0.001353025 15.82478 -8.296136 1.065393 15.82478 -8.296136 1.065393 15.82478 -8.273007 0.001353025 15.74811 -8.273007 0.001353025 15.74811 -8.272996 1.065383 15.7481 -8.272996 1.065383 15.7481 -7.421176 0.001332998 16.0052 -7.421176 0.001332998 16.0052 -7.421156 1.065373 16.0052 -7.421156 1.065373 16.0052 -7.444296 1.065373 16.08188 -7.444296 1.065373 16.08188 -7.444316 0.001332998 16.08188 -7.444316 0.001332998 16.08188 -6.841936 0.001312971 16.26368 -6.841936 0.001312971 16.26368 -6.841926 1.065373 16.26368 -6.841926 1.065373 16.26368 -6.841926 1.065373 16.26368 -6.800486 0.001312971 16.12636 -6.800486 0.001082897 16.12636 -6.841936 0.001082897 16.26368 -6.797696 0.001312971 16.11709 -6.797696 0.1767928 16.11709 -6.797206 1.065373 16.1155 -6.797206 1.065373 16.1155 -6.797215 0.1767928 16.1155 -6.818786 1.065383 16.187 -6.818786 1.065383 16.187 -6.818786 1.065383 16.187 -6.426025 1.065363 16.22753 -6.426025 1.065363 16.22753 -6.447606 1.065373 16.29903 -6.447606 1.065373 16.29903 -6.447606 1.065373 16.29903 -6.470756 1.065373 16.37571 -6.470756 1.065373 16.37571 -6.470756 1.065373 16.37571 -6.426516 0.1767828 16.22912 -6.460196 0.001312971 16.3407 -6.460196 0.001222848 16.3407 -6.470766 0.001222848 16.37571 -6.470766 0.001222848 16.37571 -5.917955 0.001213073 16.54256 -5.917955 0.001213073 16.54256 -5.917946 1.065363 16.54255 -5.917946 1.065363 16.54255 -5.917946 1.065363 16.54255 -5.873695 1.065363 16.39596 -5.873695 1.065363 16.39596 -5.876506 0.00128293 16.40523 -5.873706 0.00128293 16.39596 -5.876506 0.001213073 16.40523 -5.894795 1.065373 16.46588 -5.894795 1.065373 16.46588 -5.894795 1.065373 16.46588 -5.502525 1.065363 16.50798 -5.502525 1.065363 16.50798 -5.523625 1.065373 16.5779 -5.523625 1.065373 16.5779 -5.523625 1.065373 16.5779 -5.546765 1.065363 16.65458 -5.546765 1.065363 16.65458 -5.546765 1.065363 16.65458 -5.546776 0.0678029 16.65458 -5.546776 0.0678029 16.65458 -5.546776 0.0678029 16.65458 -5.536216 0.001302957 16.61957 -5.502536 0.001302957 16.50799 -5.536216 0.001213073 16.61957 -5.546776 0.001213073 16.65458 -5.546776 0.001213073 16.65458 -5.505336 0.001072883 16.51725 -5.546776 0.001072883 16.65458 -5.505336 0.001213073 16.51725 -4.993966 0.0678029 16.82143 -4.993966 0.0678029 16.82143 -4.993966 0.0678029 16.82143 -4.993966 0.001252889 16.82143 -4.993966 0.001252889 16.82143 -4.993966 0.001292943 16.82143 -4.993966 0.001292943 16.82143 -4.949666 1.065353 16.67483 -4.949666 1.065353 16.67483 -4.949666 1.065353 16.67483 -4.949766 0.001292943 16.67483 -4.993966 0.06783294 16.82143 -4.993966 0.06783294 16.82143 -4.993966 1.065353 16.82142 -4.993966 1.065353 16.82142 -4.993966 1.065353 16.82142 -4.993966 1.065353 16.82142 -4.970866 1.065363 16.74475 -4.970866 1.065363 16.74475 -4.970866 1.065363 16.74475 -4.578566 1.065353 16.78686 -4.578566 1.065353 16.78686 -4.599666 1.065363 16.85677 -4.599666 1.065363 16.85677 -4.622766 1.065353 16.93345 -4.622766 1.065353 16.93345 -4.622766 1.065353 16.93345 -4.622766 0.06782293 16.93345 -4.622766 0.06782293 16.93345 -4.622766 0.0678029 16.93345 -4.622766 0.0678029 16.93345 -4.581366 0.001292943 16.79612 -4.578566 0.001292943 16.78686 -4.622766 0.00128293 16.93345 -4.622766 0.00128293 16.93345 -4.581366 0.00106287 16.79612 -4.622766 0.00106287 16.93345 -4.069965 0.06779289 17.1003 -4.069965 0.06779289 17.1003 -4.069965 0.06779289 17.1003 -4.069965 0.00128293 17.1003 -4.069965 0.00128293 17.1003 -4.028565 0.00128293 16.96297 -4.069965 0.001052856 17.1003 -4.028565 0.001052856 16.96297 -4.025765 0.00128293 16.95371 -4.025765 1.065273 16.9537 -4.025765 1.065273 16.9537 -4.056166 1.065273 17.05444 -4.056166 1.065273 17.05444 -4.056166 1.065273 17.05444 -3.675666 1.065273 17.13565 -3.675666 1.065273 17.13565 -3.675666 1.065273 17.13565 -3.684966 1.065273 17.16646 -3.684966 1.065273 17.16646 -3.684966 1.065273 17.16646 -3.684966 1.065273 17.16646 -3.654566 1.065273 17.06573 -3.654566 1.065273 17.06573 -3.654566 1.065273 17.06573 -3.688266 0.00128293 17.17732 -3.654566 0.001262903 17.06573 -3.698766 1.065273 17.21232 -3.698766 1.065273 17.21232 -3.698766 1.065273 17.21232 -3.698766 1.065273 17.21232 -3.688266 0.001193046 17.17732 -3.698766 0.001193046 17.21233 -3.698766 0.001193046 17.21233 -3.698766 0.001072883 17.21233 -3.698766 0.001072883 17.21233 -3.085566 0.001183032 17.39741 -3.085566 0.001183032 17.39741 -3.085566 0.00106287 17.39741 -3.085566 0.00106287 17.39741 -3.698766 1.065343 17.21232 -3.698766 1.065343 17.21232 -3.085566 1.065363 17.3974 -3.085566 1.065363 17.3974 -3.079566 0.05299305 17.37758 -2.616265 1.780843 15.8426 -2.616265 0.001052856 15.8426 -3.319466 1.065363 18.17251 -3.319466 1.065363 18.17251 -3.085566 1.368835 17.3974 -3.085566 1.368835 17.3974 -3.085566 1.368835 17.3974 -3.085566 1.780854 17.3974 -3.085566 1.780854 17.3974 -10.43936 1.368906 15.17792 -10.43936 1.368906 15.17792 -10.43936 1.368906 15.17792 -3.319466 1.36884 18.17251 -3.319466 1.36884 18.17251 -3.319466 1.36884 18.17251 -10.6733 1.368912 15.95302 -10.6733 1.368912 15.95302 -10.6733 1.368912 15.95302 -10.6733 1.065433 15.95303 -10.6733 1.065433 15.95303 -10.43937 1.065433 15.17792 -10.43936 1.783753 15.17792 -3.085566 1.783683 17.3974 -3.684966 1.065343 17.16646 -3.684966 1.065343 17.16646 -4.056166 1.065343 17.05444 -4.056166 1.065343 17.05444 -4.069965 1.065283 17.1003 -4.069965 1.065283 17.1003 -4.069965 1.065283 17.1003 -4.069965 1.065343 17.1003 -4.069965 1.065343 17.1003 -3.675766 0.001322984 17.13562 -3.675666 1.065353 17.13565 -6.426516 0.001302957 16.22912 -6.426036 0.1767828 16.22753 -13.07491 0.001852989 -5.692353 -13.07486 5.744993 -7.986752 -13.07486 5.744993 -7.986752 -13.07491 0.001743078 -7.986752 -13.07486 5.744983 -5.692353 -13.07486 5.744983 -5.692353 -13.07486 5.744983 -5.692353 -10.83955 6.354893 -8.016353 -10.83955 6.354893 -8.016353 -10.83955 6.155593 -6.376952 -8.604236 5.744943 -5.692353 -8.604236 5.744943 -5.692353 -8.604236 5.744943 -5.692353 -8.604236 5.744943 -7.986752 -8.604236 5.744943 -7.986752 -8.604236 0.001852989 -5.692353 -8.604236 0.001852989 -7.986752 3.477335 7.308703 -23.78676 3.477335 7.308703 -17.00065 6.525135 6.914713 -25.58635 6.525135 6.914713 -17.00065 0.4294338 6.914713 -25.58635 0.4294338 6.914713 -17.00065 -8.604236 6.914723 -19.23335 -14.26187 6.914713 -19.23335 -10.83955 8.225013 -15.68555 -10.83955 8.225013 -11.56615 -14.26187 6.914713 -8.018354 -8.604236 6.914723 -8.016353 0.400734 7.902673 -13.61895 -8.604236 6.914713 -19.23535 -10.30019 7.902673 -13.61895 6.525135 6.914713 -19.23535 6.525135 6.914713 -8.002452 -8.604236 6.914713 -8.002452 0.4294338 6.914713 -25.58635 0.4294338 6.914713 -25.58635 6.525135 0.002093076 -25.58635 6.525135 0.002093076 -25.58635 0.4294338 0.002093076 -25.58635 0.4294338 0.002093076 -25.58635 6.525135 6.914713 -25.58635 6.525135 6.914713 -25.58635 6.525135 6.914713 -8.002452 6.525135 6.914713 -8.002452 6.525135 0.002093076 -8.002452 6.525135 0.002093076 -8.002452 -8.604236 6.914713 -8.002452 -8.604236 0.002093076 -8.002452 0.4294338 6.914713 -19.23535 0.4294338 6.914713 -19.23535 0.4294338 0.002093076 -19.23535 0.4294338 0.002093076 -19.23535 -8.604236 0.002093076 -19.23335 -8.604236 6.914723 -19.23335 -13.07486 5.744983 -21.88276 -13.07486 5.744983 -21.88276 -13.07486 5.744983 -21.88276 -10.83955 6.155593 -21.10225 -8.604236 5.745003 -21.88276 -8.604236 5.745003 -21.88276 -8.604236 5.745003 -21.88276 -10.83955 6.354893 -19.23335 -13.07486 5.744993 -19.23335 -13.07486 5.744993 -19.23335 -13.07486 0.001782894 -21.88276 -13.07486 0.001782894 -21.88276 -13.07486 0.001782894 -19.23335 -8.604236 0.001782894 -21.88276 -8.604236 0.001782894 -21.88276 -8.604236 5.745003 -19.23335 -8.604236 5.745003 -19.23335 -8.604236 0.001782894 -19.23335 -8.604236 6.914713 -18.53535 -8.604236 6.914713 -18.53535 -8.604236 7.565793 -19.23335 -8.604236 7.565793 -19.23335 -8.604236 7.565793 -19.23335 -8.604236 7.565793 -18.53535 -8.604236 7.565793 -18.53535 -8.604236 7.565793 -18.53535 -8.604236 6.914713 -19.23335 -8.604236 6.914713 -19.23335 -9.304236 7.565793 -19.23335 -9.304236 7.565793 -19.23335 -9.304236 7.565793 -19.23335 -9.304236 6.914713 -19.23335 -9.304236 6.914713 -19.23335 -9.304236 6.914713 -18.53535 -9.304236 6.914713 -18.53535 -9.304236 7.565793 -18.53535 -9.304236 7.565793 -18.53535 -9.304236 7.565793 -18.53535 -9.183886 7.565793 -18.65575 -9.183886 7.565793 -18.65575 -9.183886 7.565793 -18.65575 -9.183886 7.565793 -19.11295 -9.183886 7.565793 -19.11295 -9.183886 7.565793 -19.11295 -9.183886 8.404554 -19.11295 -9.183886 8.404554 -19.11295 -9.183886 8.404554 -19.11295 -9.183886 8.404554 -18.65575 -9.183886 8.404554 -18.65575 -9.183886 8.404554 -18.65575 -8.724596 7.565793 -18.65575 -8.724596 7.565793 -18.65575 -8.724596 7.565793 -18.65575 -8.724596 8.404554 -18.65575 -8.724596 8.404554 -18.65575 -8.724596 8.404554 -18.65575 -8.724596 8.404554 -19.11295 -8.724596 8.404554 -19.11295 -8.724596 8.404554 -19.11295 -8.724596 7.565793 -19.11295 -8.724596 7.565793 -19.11295 -8.724596 7.565793 -19.11295 -8.604236 6.914713 -8.016353 -8.604236 6.914713 -8.016353 -8.604236 7.565793 -8.714254 -8.604236 7.565793 -8.714254 -8.604236 7.565793 -8.714254 -8.604236 7.565793 -8.016353 -8.604236 7.565793 -8.016353 -8.604236 7.565793 -8.016353 -8.604236 6.914713 -8.714254 -8.604236 6.914713 -8.714254 -9.304236 7.565793 -8.714254 -9.304236 7.565793 -8.714254 -9.304236 7.565793 -8.714254 -9.304236 6.914713 -8.714254 -9.304236 6.914713 -8.714254 -9.304236 6.914713 -8.016353 -9.304236 6.914713 -8.016353 -9.304236 7.565793 -8.016353 -9.304236 7.565793 -8.016353 -9.304236 7.565793 -8.016353 -9.183886 7.565793 -8.136653 -9.183886 7.565793 -8.136653 -9.183886 7.565793 -8.136653 -9.183886 7.565793 -8.593954 -9.183886 7.565793 -8.593954 -9.183886 7.565793 -8.593954 -9.183886 8.404554 -8.593954 -9.183886 8.404554 -8.593954 -9.183886 8.404554 -8.593954 -9.183886 8.404554 -8.136653 -9.183886 8.404554 -8.136653 -9.183886 8.404554 -8.136653 -8.724596 7.565793 -8.136653 -8.724596 7.565793 -8.136653 -8.724596 7.565793 -8.136653 -8.724596 8.404554 -8.136653 -8.724596 8.404554 -8.136653 -8.724596 8.404554 -8.136653 -8.724596 8.404554 -8.593954 -8.724596 8.404554 -8.593954 -8.724596 8.404554 -8.593954 -8.724596 7.565793 -8.593954 -8.724596 7.565793 -8.593954 -8.724596 7.565793 -8.593954 6.525135 6.914713 -8.002452 6.525135 6.914713 -8.002452 6.525135 7.565793 -8.700452 6.525135 7.565793 -8.700452 6.525135 7.565793 -8.700452 6.525135 7.565793 -8.002452 6.525135 7.565793 -8.002452 6.525135 7.565793 -8.002452 6.525135 6.914713 -8.700452 6.525135 6.914713 -8.700452 5.825134 7.565793 -8.700452 5.825134 7.565793 -8.700452 5.825134 7.565793 -8.700452 5.825134 6.914713 -8.700452 5.825134 6.914713 -8.700452 5.825134 6.914713 -8.002452 5.825134 6.914713 -8.002452 5.825134 7.565793 -8.002452 5.825134 7.565793 -8.002452 5.825134 7.565793 -8.002452 5.945534 7.565793 -8.122854 5.945534 7.565793 -8.122854 5.945534 7.565793 -8.122854 5.945534 7.565793 -8.580053 5.945534 7.565793 -8.580053 5.945534 7.565793 -8.580053 5.945534 8.404554 -8.580053 5.945534 8.404554 -8.580053 5.945534 8.404554 -8.580053 5.945534 8.404554 -8.122854 5.945534 8.404554 -8.122854 5.945534 8.404554 -8.122854 6.404835 7.565793 -8.122854 6.404835 7.565793 -8.122854 6.404835 7.565793 -8.122854 6.404835 8.404554 -8.122854 6.404835 8.404554 -8.122854 6.404835 8.404554 -8.122854 6.404835 8.404554 -8.580053 6.404835 8.404554 -8.580053 6.404835 8.404554 -8.580053 6.404835 7.565793 -8.580053 6.404835 7.565793 -8.580053 6.404835 7.565793 -8.580053 6.525135 6.914713 -18.71025 6.525135 6.914713 -18.71025 6.525135 7.429073 -19.26165 6.525135 7.429073 -19.26165 6.525135 7.429073 -19.26165 6.525135 7.429073 -18.71025 6.525135 7.429073 -18.71025 6.525135 7.429073 -18.71025 6.525135 6.914713 -19.26165 6.525135 6.914713 -19.26165 5.972134 7.429073 -19.26165 5.972134 7.429073 -19.26165 5.972134 7.429073 -19.26165 5.972134 6.914713 -19.26165 5.972134 6.914713 -19.26165 5.972134 6.914713 -18.71025 5.972134 6.914713 -18.71025 5.972134 7.429073 -18.71025 5.972134 7.429073 -18.71025 5.972134 7.429073 -18.71025 6.067234 7.429073 -18.80525 6.067234 7.429073 -18.80525 6.067234 7.429073 -18.80525 6.067234 7.429073 -19.16655 6.067234 7.429073 -19.16655 6.067234 7.429073 -19.16655 6.067234 8.091693 -19.16655 6.067234 8.091693 -19.16655 6.067234 8.091693 -19.16655 6.067234 8.091693 -18.80525 6.067234 8.091693 -18.80525 6.067234 8.091693 -18.80525 6.430035 7.429073 -18.80525 6.430035 7.429073 -18.80525 6.430035 7.429073 -18.80525 6.430035 8.091693 -18.80525 6.430035 8.091693 -18.80525 6.430035 8.091693 -18.80525 6.430035 8.091693 -19.16655 6.430035 8.091693 -19.16655 6.430035 8.091693 -19.16655 6.430035 7.429073 -19.16655 6.430035 7.429073 -19.16655 6.430035 7.429073 -19.16655 -14.94872 7.565793 -15.88545 -14.94872 7.565793 -15.88545 -14.94872 7.565793 -15.88545 -14.74726 7.469833 -15.88545 -14.74726 7.469833 -15.88545 -14.74726 7.469833 -15.88545 -14.74726 7.469833 -15.88545 -14.74726 7.469833 -15.88545 -14.94872 7.469833 -15.88545 -14.94872 7.469833 -15.88545 -14.94872 7.469833 -15.88545 -14.94872 7.469833 -15.88545 -14.94872 7.469833 -15.88545 -14.74726 7.565793 -15.88545 -14.74726 7.565793 -15.88545 -14.74726 7.565793 -15.88545 -14.74726 7.565793 -15.88545 -14.94872 7.565793 -15.48545 -14.94872 7.565793 -15.48545 -14.94872 7.565793 -15.48545 -14.74726 7.565793 -15.48545 -14.74726 7.565793 -15.48545 -14.74726 7.565793 -15.48545 -14.74726 7.565793 -15.48545 -14.74726 7.469833 -15.48545 -14.74726 7.469833 -15.48545 -14.74726 7.469833 -15.48545 -14.74726 7.469833 -15.48545 -14.74726 7.469833 -15.48545 -14.94872 7.469833 -15.48545 -14.94872 7.469833 -15.48545 -14.94872 7.469833 -15.48545 -14.94872 7.469833 -15.48545 -14.94872 7.469833 -15.48545 -14.94872 7.325213 -15.88545 -14.94872 7.325213 -15.88545 -14.94872 7.325213 -15.88545 -14.94872 7.325213 -15.88545 -14.94872 7.325213 -15.88545 -14.94872 7.325213 -15.48545 -14.94872 7.325213 -15.48545 -14.94872 7.325213 -15.48545 -14.94872 7.325213 -15.48545 -14.94872 7.325213 -15.48545 -14.74726 7.325213 -15.48545 -14.74726 7.325213 -15.48545 -14.74726 7.325213 -15.48545 -14.74726 7.325213 -15.48545 -14.74726 7.325213 -15.48545 -14.74726 7.325213 -15.48545 -14.74726 7.469833 -15.39495 -14.74726 7.469833 -15.39495 -14.74726 7.469833 -15.39495 -15.03925 7.469833 -15.39495 -15.03925 7.469833 -15.39495 -15.03925 7.469833 -15.39495 -14.99398 7.325213 -15.44025 -14.99398 7.325213 -15.44025 -14.99398 7.325213 -15.44025 -15.03925 7.469833 -15.97605 -15.03925 7.469833 -15.97605 -15.03925 7.469833 -15.97605 -14.74726 7.469833 -15.97605 -14.74726 7.469833 -15.97605 -14.74726 7.469833 -15.97605 -14.74726 7.325213 -15.88545 -14.74726 7.325213 -15.88545 -14.74726 7.325213 -15.88545 -14.74726 7.325213 -15.88545 -14.74726 7.325213 -15.88545 -14.74726 7.325213 -15.88545 -14.74726 6.914713 -15.88555 -14.74726 6.914713 -15.88555 -14.74726 6.914713 -15.88555 -14.94872 6.914713 -15.88555 -14.94872 6.914713 -15.88555 -14.94872 6.914713 -15.88555 -14.94872 6.914713 -15.48545 -14.94872 6.914713 -15.48545 -14.94872 6.914713 -15.48545 -14.74726 6.914713 -15.48545 -14.74726 6.914713 -15.48545 -14.74726 6.914713 -15.48545 -14.74726 7.325213 -15.44025 -14.74726 7.325213 -15.44025 -14.74726 7.325213 -15.44025 -14.99398 7.325213 -15.93075 -14.99398 7.325213 -15.93075 -14.99398 7.325213 -15.93075 -14.74726 7.325213 -15.93075 -14.74726 7.325213 -15.93075 -14.74726 7.325213 -15.93075 -14.94872 7.565793 -14.51235 -14.94872 7.565793 -14.51235 -14.94872 7.565793 -14.51235 -14.74726 7.469833 -14.51235 -14.74726 7.469833 -14.51235 -14.74726 7.469833 -14.51235 -14.74726 7.469833 -14.51235 -14.74726 7.469833 -14.51235 -14.94872 7.469833 -14.51235 -14.94872 7.469833 -14.51235 -14.94872 7.469833 -14.51235 -14.94872 7.469833 -14.51235 -14.94872 7.469833 -14.51235 -14.74726 7.565793 -14.51235 -14.74726 7.565793 -14.51235 -14.74726 7.565793 -14.51235 -14.74726 7.565793 -14.51235 -14.94872 7.565793 -14.11235 -14.94872 7.565793 -14.11235 -14.94872 7.565793 -14.11235 -14.74726 7.565793 -14.11235 -14.74726 7.565793 -14.11235 -14.74726 7.565793 -14.11235 -14.74726 7.565793 -14.11235 -14.74726 7.469833 -14.11235 -14.74726 7.469833 -14.11235 -14.74726 7.469833 -14.11235 -14.74726 7.469833 -14.11235 -14.74726 7.469833 -14.11235 -14.94872 7.469833 -14.11235 -14.94872 7.469833 -14.11235 -14.94872 7.469833 -14.11235 -14.94872 7.469833 -14.11235 -14.94872 7.469833 -14.11235 -14.94872 7.325213 -14.51235 -14.94872 7.325213 -14.51235 -14.94872 7.325213 -14.51235 -14.94872 7.325213 -14.51235 -14.94872 7.325213 -14.51235 -14.94872 7.325213 -14.11235 -14.94872 7.325213 -14.11235 -14.94872 7.325213 -14.11235 -14.94872 7.325213 -14.11235 -14.94872 7.325213 -14.11235 -14.74726 7.325213 -14.11235 -14.74726 7.325213 -14.11235 -14.74726 7.325213 -14.11235 -14.74726 7.325213 -14.11235 -14.74726 7.325213 -14.11235 -14.74726 7.325213 -14.11235 -14.74726 7.469833 -14.02185 -14.74726 7.469833 -14.02185 -14.74726 7.469833 -14.02185 -15.03925 7.469833 -14.02185 -15.03925 7.469833 -14.02185 -15.03925 7.469833 -14.02185 -14.99399 7.325213 -14.06715 -14.99399 7.325213 -14.06715 -14.99399 7.325213 -14.06715 -15.03925 7.469833 -14.60295 -15.03925 7.469833 -14.60295 -15.03925 7.469833 -14.60295 -14.74726 7.469833 -14.60295 -14.74726 7.469833 -14.60295 -14.74726 7.469833 -14.60295 -14.74726 7.325213 -14.51235 -14.74726 7.325213 -14.51235 -14.74726 7.325213 -14.51235 -14.74726 7.325213 -14.51235 -14.74726 7.325213 -14.51235 -14.74726 7.325213 -14.51235 -14.74726 6.914713 -14.51235 -14.74726 6.914713 -14.51235 -14.74726 6.914713 -14.51235 -14.94872 6.914713 -14.51235 -14.94872 6.914713 -14.51235 -14.94872 6.914713 -14.51235 -14.94872 6.914713 -14.11235 -14.94872 6.914713 -14.11235 -14.94872 6.914713 -14.11235 -14.74726 6.914713 -14.11235 -14.74726 6.914713 -14.11235 -14.74726 6.914713 -14.11235 -14.74726 7.325213 -14.06715 -14.74726 7.325213 -14.06715 -14.74726 7.325213 -14.06715 -14.99399 7.325213 -14.55765 -14.99399 7.325213 -14.55765 -14.99399 7.325213 -14.55765 -14.74726 7.325213 -14.55765 -14.74726 7.325213 -14.55765 -14.74726 7.325213 -14.55765 -10.83955 6.354893 -19.23335 -8.604236 6.914713 -19.23335 -8.604247 5.745003 -19.23335 -10.83955 6.914733 -19.23335 -13.07486 5.745043 -19.23335 -13.07485 6.914753 -19.23335 -10.83955 6.354893 -19.23335 -10.83955 6.914733 -19.23335 -14.74726 7.565793 -17.05865 -14.74726 7.565793 -17.05865 -14.74726 7.565793 -17.05865 -14.94849 7.565793 -17.05865 -14.94849 7.565793 -17.05865 -14.94849 7.565793 -17.05865 -14.94844 7.565793 -18.58615 -14.94844 7.565793 -18.58615 -14.94844 7.565793 -18.58615 -14.78335 7.565793 -18.58615 -14.78335 7.565793 -18.58615 -14.78335 7.565793 -18.58615 -14.76888 7.565793 -18.65885 -14.76888 7.565793 -18.65885 -14.74722 7.565793 -18.42965 -14.74722 7.565793 -18.42965 -14.74722 7.565793 -18.42965 -14.74726 6.914713 -17.05865 -14.74726 6.914713 -17.05865 -14.74722 6.914713 -18.42965 -14.74722 6.914713 -18.42965 -14.64226 6.914713 -18.42965 -14.64226 6.914713 -18.42965 -14.64226 7.565793 -18.42965 -14.64226 7.565793 -18.42965 -14.64226 7.565793 -18.42965 -14.63603 6.914713 -18.52485 -14.63603 7.565793 -18.52485 -14.63603 7.565793 -18.52485 -14.61744 6.914713 -18.61825 -14.61744 7.565793 -18.61825 -14.61744 7.565793 -18.61825 -14.5868 6.914713 -18.70855 -14.5868 7.565793 -18.70855 -14.5868 7.565793 -18.70855 -14.54465 6.914713 -18.79405 -14.54465 7.565793 -18.79405 -14.54465 7.565793 -18.79405 -14.49169 6.914713 -18.87325 -14.49169 7.565793 -18.87325 -14.49169 7.565793 -18.87325 -14.42886 6.914713 -18.94495 -14.42886 7.565793 -18.94495 -14.42886 7.565793 -18.94495 -14.3572 6.914713 -19.00775 -14.3572 7.565793 -19.00775 -14.3572 7.565793 -19.00775 -14.27795 6.914713 -19.06075 -14.27795 6.914713 -19.06075 -14.27795 7.565793 -19.06075 -14.27795 7.565793 -19.06075 -14.27795 7.565793 -19.06075 -14.19247 6.914713 -19.10285 -14.19247 7.565793 -19.10285 -14.19247 7.565793 -19.10285 -14.10222 6.914713 -19.13355 -14.10222 7.565793 -19.13355 -14.10222 7.565793 -19.13355 -14.00874 6.914713 -19.15205 -14.00874 7.565793 -19.15205 -14.00874 7.565793 -19.15205 -13.91363 6.914713 -19.15835 -13.91363 6.914713 -19.15835 -13.91363 7.565793 -19.15835 -13.91363 7.565793 -19.15835 -13.91363 7.565793 -19.15835 -13.91363 6.914713 -19.23335 -13.91363 6.914713 -19.23335 -13.91363 7.565793 -19.23335 -13.91363 7.565793 -19.23335 -13.91363 7.565793 -19.23335 -13.07487 7.565793 -19.23335 -13.07487 7.565793 -19.23335 -13.07487 7.565793 -19.23335 -13.07487 6.914713 -19.23335 -13.07487 6.914713 -19.23335 -13.07487 6.914713 -19.38975 -13.07487 6.914713 -19.38975 -13.07487 7.565793 -19.38975 -13.07487 7.565793 -19.38975 -13.07487 7.565793 -19.38975 -14.07009 6.914713 -19.38975 -14.07009 6.914713 -19.38975 -14.07009 7.565793 -19.38975 -14.07009 7.565793 -19.38975 -14.07009 7.565793 -19.38975 -14.07009 7.565793 -19.29945 -14.07009 7.565793 -19.29945 -14.07009 7.565793 -19.29945 -14.07009 6.914713 -19.29945 -14.07009 6.914713 -19.29945 -14.1428 7.565793 -19.28495 -14.1428 7.565793 -19.28495 -14.1428 6.914713 -19.28495 -14.25247 7.565793 -19.24775 -14.25247 7.565793 -19.24775 -14.25247 6.914713 -19.24775 -14.35635 7.565793 -19.19645 -14.35635 7.565793 -19.19645 -14.35635 6.914713 -19.19645 -14.45265 7.565793 -19.13215 -14.45265 7.565793 -19.13215 -14.45265 7.565793 -19.13215 -14.45265 6.914713 -19.13215 -14.45265 6.914713 -19.13215 -14.53972 7.565793 -19.05575 -14.53972 7.565793 -19.05575 -14.53972 6.914713 -19.05575 -14.61608 7.565793 -18.96875 -14.61608 7.565793 -18.96875 -14.61608 6.914713 -18.96875 -14.68043 7.565793 -18.87245 -14.68043 7.565793 -18.87245 -14.68043 6.914713 -18.87245 -14.73165 7.565793 -18.76855 -14.73165 7.565793 -18.76855 -14.73165 6.914713 -18.76855 -14.76888 6.914713 -18.65885 -14.78335 6.914713 -18.58615 -14.78335 6.914713 -18.58615 -14.94844 6.914713 -18.58615 -14.94844 6.914713 -18.58615 -14.94849 6.914713 -17.05865 -14.94849 6.914713 -17.05865 -14.0126 0.001743078 -19.18345 -13.94317 0.001752853 -19.18805 -14.0126 6.655383 -19.18345 -13.94318 6.655393 -19.18805 -14.10988 0.001743078 -19.16415 -14.10988 6.655383 -19.16415 -13.94317 0.001752853 -19.18805 -13.94317 0.001752853 -19.26495 -13.94318 6.655393 -19.26495 -13.94318 6.655393 -19.18805 -13.94317 0.001752853 -19.26495 -13.07486 0.001752853 -19.26495 -13.07487 6.914703 -19.26495 -13.94318 6.914703 -19.26495 -14.51518 6.655373 -18.89335 -14.51518 6.655373 -18.89335 -14.44979 0.001733064 -18.96785 -14.51518 0.001733064 -18.89335 -14.44979 6.655373 -18.96785 -14.44979 6.655373 -18.96785 -14.61608 6.655373 -18.97075 -14.61608 6.655373 -18.97075 -14.68043 6.655373 -18.87445 -14.68043 6.655373 -18.87445 -14.57029 6.655373 -18.81085 -14.57029 6.655373 -18.81085 -14.73165 6.655373 -18.77055 -14.73165 6.655373 -18.77055 -14.61415 6.655373 -18.72185 -14.61415 6.655373 -18.72185 -14.76888 6.655373 -18.66086 -14.76888 6.655373 -18.66086 -14.64603 6.655373 -18.62795 -14.64603 6.655373 -18.62795 -14.7843 6.655373 -18.58335 -14.7843 6.655373 -18.58335 -14.66538 6.655373 -18.53075 -14.66538 6.655373 -18.53075 -14.66538 0.001733064 -18.53075 -14.64603 0.001733064 -18.62795 -14.61415 0.001733064 -18.72196 -14.57028 0.001733064 -18.81085 -14.66993 0.001733064 -18.46125 -14.66993 0.001733064 -18.46125 -14.66994 6.655373 -18.46125 -14.66994 6.655373 -18.46125 -14.66994 6.655373 -18.46125 -14.8218 0.001733064 -18.46125 -14.8218 0.001733064 -18.46125 -14.82181 6.655373 -18.46125 -14.82181 6.655373 -18.46125 -14.82181 6.655373 -18.46125 -14.8218 0.001752853 -13.62585 -14.82181 6.655393 -13.62585 -14.82181 6.655393 -13.62585 -14.94872 6.655373 -18.58815 -14.94872 6.655373 -18.58815 -14.94872 6.655373 -18.58815 -14.94872 6.655393 -13.62585 -14.94872 6.655393 -13.62585 -14.94872 6.914683 -18.58815 -14.94872 6.914683 -18.58815 -14.94872 6.914683 -18.58815 -14.94872 6.914713 -13.62585 -14.94872 6.914713 -13.62585 -13.10174 6.914693 -13.62575 -14.7843 6.914683 -18.58335 -14.7843 6.914683 -18.58335 -13.10156 6.914703 -19.26495 -13.10156 6.914703 -19.26495 -14.76888 6.914683 -18.66086 -14.76888 6.914683 -18.66086 -14.73165 6.914683 -18.77055 -14.73165 6.914683 -18.77055 -14.68043 6.914683 -18.87445 -14.68043 6.914683 -18.87445 -14.61608 6.914693 -18.97075 -14.61608 6.914693 -18.97075 -14.53972 6.914693 -19.05785 -14.53972 6.914693 -19.05785 -14.45265 6.914693 -19.13415 -14.45265 6.914693 -19.13415 -14.45265 6.914693 -19.13415 -14.35635 6.914693 -19.19855 -14.35635 6.914693 -19.19855 -14.25247 6.914693 -19.24975 -14.25247 6.914693 -19.24975 -14.1428 6.914693 -19.28695 -14.1428 6.914693 -19.28695 -13.10156 6.914683 -19.39185 -13.10156 6.914683 -19.39185 -13.10156 6.914683 -19.39185 -13.10156 6.655373 -19.39175 -13.10156 6.655373 -19.39175 -13.10156 6.655373 -19.39175 -14.1428 6.655383 -19.28695 -14.1428 6.655383 -19.28695 -13.10156 6.655393 -19.26486 -13.10156 6.655393 -19.26486 -13.94314 6.655393 -19.26486 -14.25247 6.655383 -19.24975 -14.25247 6.655383 -19.24975 -14.35634 6.655383 -19.19855 -14.35634 6.655383 -19.19855 -13.94314 6.655393 -19.18805 -13.94318 6.655393 -19.18805 -14.01258 6.655383 -19.18345 -14.10988 6.655383 -19.16415 -14.10988 6.655383 -19.16415 -14.45264 6.655383 -19.13415 -14.45264 6.655383 -19.13415 -14.45264 6.655383 -19.13415 -14.2038 6.655383 -19.13225 -14.2038 6.655383 -19.13225 -14.29275 6.655383 -19.08835 -14.29275 6.655383 -19.08835 -14.53972 6.655373 -19.05785 -14.53972 6.655373 -19.05785 -14.37522 6.655373 -19.03325 -14.37522 6.655373 -19.03325 -14.37522 6.655373 -19.03325 -14.37522 0.001733064 -19.03325 -14.37522 0.001733064 -19.03325 -14.29275 0.001743078 -19.08835 -14.2038 0.001743078 -19.13225 -14.10988 0.001743078 -19.16415 -14.06528 6.914693 -19.30245 -14.06528 6.914693 -19.30245 -14.06525 6.655383 -19.30245 -14.06525 6.655383 -19.30245 -14.0292 6.914693 -19.30955 -14.02918 6.655383 -19.30955 -14.07005 6.655373 -19.30695 -14.07005 6.655373 -19.30695 -14.07005 6.655373 -19.39175 -14.07005 6.655373 -19.39175 -14.07005 6.655373 -19.39175 -14.07009 6.914683 -19.39185 -14.07009 6.914683 -19.39185 -14.07009 6.914683 -19.39185 -14.07009 6.914683 -19.30685 -14.07009 6.914683 -19.30685 -14.79148 6.655373 -18.54735 -14.79148 6.914683 -18.54735 -14.7888 6.914683 -18.58815 -14.7888 6.914683 -18.58815 -14.7888 6.655373 -18.58815 -14.7888 6.655373 -18.58815 -13.85818 2.059486 15.36254 -13.85818 2.059486 15.36254 -13.92404 2.195544 14.57315 -14.31157 2.059491 14.96839 -14.31157 2.059491 14.96839 -13.52072 2.19554 14.92376 -13.36088 2.059482 15.6996 -13.36088 2.059482 15.6996 -13.07835 2.195536 15.2236 -12.82683 2.059477 15.97475 -12.82683 2.059477 15.97475 -12.60328 2.195531 15.46836 -12.26609 2.059472 16.18313 -12.26609 2.059472 16.18313 -11.53295 2.195521 15.82597 -11.53295 2.195521 15.82597 -10.72183 2.195513 16.08231 -10.80693 2.122364 16.36692 10.49103 2.195311 22.45495 10.49103 2.195311 22.45495 10.49103 2.195311 22.45495 -10.72136 2.195513 16.08239 10.50003 2.195311 22.24935 -10.66209 2.195512 15.88531 10.46673 2.059253 23.00705 10.46673 2.059253 23.00705 10.46673 2.059253 23.00705 10.47183 2.087963 22.89055 10.47183 2.087963 22.89055 10.47183 2.087963 22.89055 10.47183 2.087963 22.89055 10.47183 2.087963 22.89055 10.48193 2.144236 22.66225 10.48193 2.144236 22.66225 10.48193 2.087963 22.66225 10.48193 2.087963 22.66225 10.47193 8.070673 22.89055 10.47193 8.070673 22.89055 10.47193 8.070673 22.89055 10.48193 8.070673 22.66225 10.48193 8.070673 22.66225 7.225634 8.070713 21.91435 7.225634 8.070713 21.91435 7.225634 8.070713 21.91435 7.289434 8.070703 21.70215 7.289434 8.070703 21.70215 7.225634 7.754653 21.91435 7.225634 7.754653 21.91435 7.225634 7.754653 21.91435 7.000534 7.754653 21.84665 7.000534 7.754653 21.84665 7.000534 7.754653 21.84665 7.289434 7.754653 21.70215 7.289434 7.754653 21.70215 7.064335 7.754653 21.63445 7.064335 7.754653 21.63445 7.064335 8.070713 21.63445 7.064335 8.070713 21.63445 7.000534 8.070713 21.84665 7.000534 8.070713 21.84665 7.000534 8.070713 21.84665 6.532135 7.849163 21.70575 6.532135 7.849163 21.70575 6.532135 7.849163 21.70575 7.694134 7.533092 22.05515 7.694134 7.533092 22.05515 7.694134 7.533092 22.05515 6.532135 7.533113 21.70575 6.532135 7.533113 21.70575 6.532135 7.533113 21.70575 6.595934 7.533103 21.49355 6.595934 7.533103 21.49355 6.595934 7.849163 21.49355 6.595934 7.849163 21.49355 0.9614334 7.849213 20.03046 0.9614334 7.849213 20.03046 0.9614334 7.849213 20.03046 1.025234 7.849213 19.8183 1.025234 7.849213 19.8183 1.025234 7.533163 19.8183 1.025234 7.533163 19.8183 0.9614334 7.533163 20.03046 0.9614334 7.533163 20.03046 0.9614334 7.533163 20.03046 0.4929342 7.754713 19.88959 0.4929342 7.754713 19.88959 0.4929342 7.754713 19.88959 0.2678347 7.754723 19.82189 0.2678347 7.754723 19.82189 0.2678347 7.754723 19.82189 0.5567341 7.754713 19.67743 0.5567341 7.754713 19.67743 0.3316345 7.754713 19.60973 0.3316345 7.754713 19.60973 -0.2005653 7.849233 19.68102 -0.2005653 7.849233 19.68102 -0.2005653 7.849233 19.68102 -0.2005653 7.533173 19.68102 -0.2005653 7.533173 19.68102 -0.2005653 7.533173 19.68102 -0.1367654 7.533173 19.46886 -0.1367654 7.533173 19.46886 -0.1367654 7.849223 19.46886 -0.1367654 7.849223 19.46886 -5.771275 7.849283 18.00575 -5.771275 7.849283 18.00575 -5.771275 7.849283 18.00575 -5.707466 7.849283 17.79359 -5.707466 7.849283 17.79359 -5.707466 7.533223 17.79359 -5.707466 7.533223 17.79359 -5.771275 7.533223 18.00575 -5.771275 7.533223 18.00575 -5.771275 7.533223 18.00575 -6.239706 7.754783 17.86488 -6.239706 7.754783 17.86488 -6.239706 7.754783 17.86488 -6.464826 7.754783 17.79718 -6.464826 7.754783 17.79718 -6.464826 7.754783 17.79718 -6.175906 7.754783 17.65271 -6.175906 7.754783 17.65271 -6.401015 7.754783 17.58501 -6.401015 7.754783 17.58501 -6.933256 7.849293 17.65631 -6.933256 7.849293 17.65631 -6.933256 7.849293 17.65631 -6.933266 7.533233 17.65631 -6.933266 7.533233 17.65631 -6.933266 7.533233 17.65631 -6.869455 7.533233 17.44414 -6.869455 7.533233 17.44414 -6.869455 7.849293 17.44414 -6.869455 7.849293 17.44414 -10.84965 7.849333 16.47853 -10.84965 7.849333 16.47853 -10.84965 7.849333 16.47853 -10.78586 7.849333 16.26637 -10.78586 7.849333 16.26637 -10.84965 8.070883 16.47853 -10.84965 8.070883 16.47853 -10.84965 8.070883 16.47853 -10.78586 8.070883 16.26637 -10.78586 8.070883 16.26637 -6.401015 8.070843 17.58501 -6.401015 8.070843 17.58501 -6.464816 8.070843 17.79718 -6.464816 8.070843 17.79718 -6.464816 8.070843 17.79718 -6.239706 8.070834 17.86488 -6.239706 8.070834 17.86488 -6.239706 8.070834 17.86488 0.2678347 8.070774 19.82189 0.2678347 8.070774 19.82189 0.2678347 8.070774 19.82189 0.3316345 8.070774 19.60973 0.3316345 8.070774 19.60973 -6.175896 8.070834 17.65271 -6.175896 8.070834 17.65271 0.4929342 8.070774 19.88959 0.4929342 8.070774 19.88959 0.4929342 8.070774 19.88959 0.5568352 8.070774 19.67743 0.5568352 8.070774 19.67743 7.757935 7.533092 21.84305 7.757935 7.533092 21.84305 7.694134 7.849153 22.05515 7.694134 7.849153 22.05515 7.694134 7.849153 22.05515 7.757935 7.849153 21.84305 7.757935 7.849153 21.84305 10.33113 7.849133 22.61685 10.33113 7.849133 22.61685 10.26733 7.849133 22.82905 10.26733 7.849133 22.82905 10.26733 7.849133 22.82905 10.33103 2.087964 22.61685 10.33103 2.087964 22.61685 10.26723 2.087965 22.82905 10.26723 2.087965 22.82905 10.26723 2.087965 22.82905 10.46673 1.783621 23.00705 -14.63216 2.059493 14.61392 -14.63216 2.059493 14.61392 -14.78545 2.059495 14.42253 -14.78545 2.059495 14.42253 -15.06133 2.059497 14.03225 -15.06133 2.059497 14.03225 -15.06133 2.059497 14.03225 -15.34693 2.059499 13.5037 -15.34693 2.059499 13.5037 -14.84505 2.195551 13.27023 -14.59099 2.195549 13.7404 -14.21127 2.195546 14.25558 -14.05451 2.195544 14.12212 -13.77972 2.195541 14.42595 -13.39505 2.195538 14.76035 -12.97313 2.195534 15.04633 -12.52003 2.19553 15.27977 -12.02499 2.195525 15.46373 -10.66288 2.195512 15.88516 -14.17937 2.195545 13.96623 -14.41584 2.195547 13.63171 -15.04102 2.195553 12.77304 -15.1761 2.195554 12.25597 -14.97389 2.195551 12.21592 -15.04279 2.195551 11.7109 -15.24835 2.195554 11.72646 -15.05138 2.195551 11.16274 -15.25713 2.195554 11.16596 -15.8003 2.059502 11.76827 -15.8003 2.059502 11.76827 -15.80961 2.059502 11.17459 -15.80961 2.059502 11.17459 -15.80961 1.78387 11.17459 -15.80031 1.78387 11.76827 -15.71909 1.78387 12.36353 -15.56724 1.783869 12.94479 -15.34693 1.783867 13.5037 -15.06134 1.783865 14.03225 -15.06134 1.783865 14.03225 -14.78546 1.783862 14.42253 -14.63217 1.783861 14.61392 -14.31158 1.783858 14.96839 -13.85818 1.783854 15.36254 -13.36089 1.783849 15.69961 -12.82684 1.783844 15.97475 -12.26609 1.783839 16.18313 -15.56723 2.059501 12.94479 -15.56723 2.059501 12.94479 -15.71909 2.059502 12.36353 -15.71909 2.059502 12.36353 -14.84505 2.19555 12.70908 -14.65814 2.195549 13.18328 15.43953 6.251333 7.505347 15.43953 6.251333 7.505347 -15.2794 6.251623 7.513698 -15.2794 6.251623 7.513698 11.03853 6.251373 10.31127 11.03853 6.251373 10.31127 -15.06512 6.251623 11.15487 -15.06512 6.251623 11.15487 -15.27862 6.251623 11.16177 -15.27862 6.251623 11.16177 -15.27862 6.251623 11.16177 -15.27946 0.001792907 7.513687 -15.27868 0.001792907 11.16177 -15.27868 0.001792907 11.16177 -15.06518 0.001792907 11.15487 11.00053 6.251373 11.15037 11.00053 6.251373 11.15037 11.00053 6.251373 11.15037 11.03853 0.001543045 10.31127 11.00043 0.001533031 11.15037 11.00043 0.001533031 11.15037 15.44053 6.251323 11.14916 15.44053 6.251323 11.14916 15.44053 6.251323 11.14916 15.44043 0.001492977 11.14916 15.44043 0.001492977 11.14916 15.43943 0.00150299 7.505338 -11.62429 7.849333 16.1299 -11.62435 2.195521 16.1299 -11.47364 7.849333 15.62894 -11.47369 2.195521 15.62892 10.60623 9.22918e-4 19.83337 -2.616265 0.001052856 15.8426 10.60623 1.783549 19.83336 -2.616265 1.783675 15.8426 -13.07486 5.744993 -19.23335 -13.07487 6.914703 -19.26495 -13.07487 6.914703 -19.26495 -13.07485 6.914753 -19.23335 -13.07485 6.914753 -19.23335 -13.07488 5.744993 -19.26495 -13.10156 6.914713 -19.23335 -13.10156 6.914703 -19.26495</float_array>
          <technique_common>
            <accessor source="#EnglishClub_ec_h_ec_l_l_002-mesh-positions-array" count="5174" stride="3">
              <param name="X" type="float"/>
              <param name="Y" type="float"/>
              <param name="Z" type="float"/>
            </accessor>
          </technique_common>
        </source>
        <source id="EnglishClub_ec_h_ec_l_l_002-mesh-normals">
          <float_array id="EnglishClub_ec_h_ec_l_l_002-mesh-normals-array" count="13515">0.1211997 0.918999 -0.3751688 -0.2941408 -0.249851 0.9225268 0.2227336 -0.7121195 -0.6657894 0.7540583 0 -0.6568076 0.7540789 0 -0.656784 0.7713342 0.0286132 -0.6357868 0.7710081 0.0286042 -0.6361826 -0.9998772 0 0.01567375 -0.9998772 1.41138e-5 0.01567357 -0.9908201 1.70064e-4 0.1351873 -0.99082 0 0.1351881 -0.4386621 -0.2874561 0.8514367 -0.4386748 -0.2874055 0.8514474 -0.4457401 -0.2299399 0.8651263 -0.4457212 -0.2300106 0.8651173 -0.1534149 0.9856911 -0.06983572 -0.1531756 0.9857357 -0.06973093 -0.6284059 -0.2873636 0.7228611 -0.6283742 -0.2874469 0.7228556 -0.6560788 2.51312e-5 0.7546925 -0.6560696 1.83122e-5 0.7547004 -0.5402898 -0.841479 1.46658e-4 -0.5402247 -0.8415208 1.50508e-4 -0.6708285 0 -0.7416125 -0.670822 0 -0.7416184 -0.16622 -0.9856992 -0.02771443 -0.1662773 -0.9856882 -0.0277608 0.9497789 -0.3061535 0.06473201 0.9494128 -0.3072739 0.06479334 -0.5610134 0 0.8278068 0.3717477 0.9051803 0.2060397 0.3717602 0.9051736 0.2060466 -0.7476026 -0.2874056 0.5987391 -0.7475785 -0.2874478 0.5987489 0.9576262 0 0.2880144 0.957625 0 0.2880182 -0.2875589 -0.2300429 0.9297259 -0.2875755 -0.2299486 0.9297441 0.9998772 0 -0.01567357 0.999877 -1.47629e-5 -0.0156821 0.8708009 0.08307689 0.4845659 0.8713643 0.08493149 0.4832297 0.8714219 0.08461546 0.4831812 0.1655949 0.5088099 0.8448023 0.1659148 0.5074609 0.8455505 -0.4521995 -5.04828e-4 0.8919168 -0.4521995 -5.25955e-4 0.8919168 -0.1166542 0.7081674 0.6963409 -0.1165396 0.7099939 0.6944978 -0.06796401 2.59583e-6 0.9976878 -0.06799101 2.59587e-6 0.997686 0.2784205 0.5139895 -0.8113549 0.2786812 0.5108189 -0.8132656 -0.4579876 4.0101e-4 0.8889585 -0.4580002 0 0.8889522 -0.8423067 -0.5130127 0.1653398 -0.8432803 -0.5114092 0.1653459 -0.4852569 0.004665136 0.8743592 -0.4853698 0.001088738 0.8743084 -0.4808194 -0.003067493 0.8768143 -0.4853988 5.53724e-5 0.8742929 -0.4889937 -5.801e-4 0.8722872 -0.4832278 0.001140534 0.875494 -0.485297 7.63869e-4 0.8743491 -0.4852384 8.92464e-4 0.8743815 -0.4891384 -0.002688705 0.872202 -0.4832518 0.002179563 0.8754788 -0.4853575 0.001337349 0.8743149 -0.485318 7.52966e-5 0.8743378 -0.4833772 8.08268e-4 0.8754118 -0.4855354 9.98949e-4 0.8742165 -0.4845818 -8.19242e-5 0.874746 -0.4851277 3.19499e-5 0.8744434 -0.4848904 -3.68969e-5 0.874575 -0.4848541 -3.7712e-4 0.874595 0.3508093 0.02861022 -0.9360098 0.3498051 0.02863013 -0.9363849 0.421974 0.8827652 -0.2065517 0.4213074 0.8831405 -0.2063075 -0.3829704 0.8529775 -0.3546308 -0.3845925 0.8518338 -0.3556233 0.8432134 0.08068621 -0.5314895 0.8435834 0.07851225 -0.5312278 -0.092094 0.3060089 -0.9475639 -0.0919097 0.3038982 -0.9482608 -0.09712892 2.77575e-6 -0.9952718 -0.09717118 2.77569e-6 -0.9952678 -0.7804982 1.03244e-5 0.6251583 -0.780499 1.01984e-5 0.6251571 0.3909787 -0.7128564 -0.5822125 0.3905164 -0.7134547 -0.5817899 0.09459042 0.02863276 -0.9951044 0.09528803 0.02861779 -0.9950383 -0.01567935 2.27686e-7 -0.9998771 -0.01567929 0 -0.9998772 -0.01746457 -0.9998005 -0.009706497 -0.01751631 -0.9997994 -0.009714305 -0.9906884 0.0162298 0.1351782 -0.9906889 0.01620978 0.1351772 -0.5555139 0 -0.8315073 -0.5555296 0 -0.8314968 0.6230798 0.3972083 -0.6737932 0.6224485 0.3986985 -0.6734965 -0.8141847 0.02864158 -0.5798991 -0.8140269 0.0286383 -0.5801208 -0.4687874 0.8827322 -0.03197395 -0.469072 0.8825797 -0.0320115 -0.7337127 -0.5590394 -0.3861874 -0.7336723 -0.5591166 -0.3861523 0.5096437 0.8526107 0.115405 0.5099841 0.8523849 0.1155691 0.1542622 0.9843234 0.08550238 0.1542761 0.9843212 0.08550322 -0.9409875 0.1025703 -0.3225245 -0.9410984 0.1016915 -0.3224789 -0.07385885 0.9964267 -0.04097402 -0.07391393 0.996423 -0.04096418 0.1409358 0.5140256 -0.8461175 0.1408715 0.5143111 -0.8459547 -0.8758347 -0.3988971 0.2716522 -0.8760122 -0.3984318 0.271762 -0.7179844 -0.5712926 -0.397647 -0.7179988 -0.5712619 -0.3976654 -0.3015997 -0.5100632 -0.8055267 -0.3024838 -0.5075344 -0.8067916 0.06468224 0.303798 -0.9505383 0.06498682 0.3089364 -0.9488599 -0.04678821 0.9982016 0.03747749 -0.04678577 0.9982019 0.0374726 0.2950952 0.08197379 0.9519449 0.2952947 0.0811398 0.9519546 0.6607834 -0.7085179 -0.2477251 0.6605697 -0.708764 -0.247591 0.8933486 0.1020543 -0.4376221 0.8933612 0.1016716 -0.4376856 -0.4057492 0.5460886 0.7329084 -0.4840298 -0.08361202 0.8710479 -0.1494184 -0.9860618 0.07318794 -0.1499921 -0.9859571 0.07342392 0.09741628 0.9858345 0.1365297 0.09683501 0.9860433 0.1354313 -0.02802425 0.9853407 0.1682808 -0.02796387 0.9855996 0.1667683 -0.8111863 -0.3993777 -0.4271702 -0.8116101 -0.3985089 -0.4271767 -0.9997453 0.01624816 0.01567167 -0.9997453 0.01624226 0.01567208 -0.9807546 -7.23117e-7 -0.1952449 -0.9807537 -7.23133e-7 -0.1952493 0.468922 -0.8826603 0.03198766 0.4694364 -0.8823845 0.03205078 -0.8941484 -0.447771 2.82137e-4 -0.8941484 -0.447771 2.82379e-4 -0.4457076 -0.09570407 0.8900481 0.6712695 -0.7123352 0.2048804 0.6712375 -0.7123672 0.2048739 -0.9574387 0 -0.2886369 1 0 0 -0.95744 0 -0.2886324 -0.9572309 0 -0.2893252 -0.957423 0 -0.2886888 -0.9574393 0 -0.288635 -0.957437 7.34055e-6 -0.2886426 -0.6089401 0.5583611 -0.5634047 -0.608736 0.5590767 -0.5629153 0.641096 0.7098224 0.2918016 0.6416969 0.7091284 0.2921679 -0.1510528 -0.8841845 0.4420417 -0.1522234 -0.8826493 0.4447003 -1.58051e-5 -1 0 -2.06761e-5 -1 3.65775e-5 -0.8797808 8.02011e-5 0.4753795 -0.8797791 8.02393e-5 0.4753829 0 -1 0 4.47841e-5 -1 -2.43413e-4 -1.18425e-4 -1 1.71188e-4 0 -1 1.2172e-5 0.999244 -1.61439e-5 -0.03887838 0.9992437 -1.6146e-5 -0.03888344 -8.16383e-6 -1 0 -8.16416e-6 -1 -3.97677e-6 -0.9998773 2.3309e-5 0.01566821 -0.9998773 0 0.01566988 -0.8969162 0 -0.4422007 0.6952701 0.7093244 0.1160106 0.6951457 0.7094619 0.1159158 0.9998772 -2.27187e-5 -0.01567387 0.9998772 0 -0.01567363 0.9101958 -4.44063e-5 0.4141786 0.9101982 0 0.414173 -0.6359016 0 0.7717701 -0.635905 4.44068e-5 0.7717675 -1 0 0 -0.7832213 0.5094122 -0.3564603 -0.7834984 0.5088006 -0.3567243 0.8141048 -4.43871e-5 -0.5807182 0.8141202 0 -0.5806964 -0.7595986 -0.2299821 0.6083734 -0.7595974 -0.2299793 0.6083762 0.825569 0.1016735 0.5550663 0.8256258 0.1012229 0.5550639 -0.9576389 3.06225e-4 -0.2879716 -0.9575113 0 -0.288396 -0.9576525 1.64354e-5 -0.2879264 -0.9576522 1.68085e-5 -0.2879278 -0.1501091 0.985935 0.07348161 -0.1491963 0.9861013 0.07310914 -0.2740527 -0.882136 -0.3830552 -0.2762281 -0.879693 -0.3870896 -0.3492417 0.1012103 -0.9315507 -0.3491114 0.1018595 -0.9315289 -0.2683047 -0.3945244 0.8788419 -0.8217275 0.2372476 0.5181481 -0.821617 0.2381965 0.517888 0 0 -1 -0.976126 -0.1027462 0.1913667 -0.9762093 -0.1017748 0.1914611 0.411853 0.1044891 -0.9052398 0.4120079 0.1035099 -0.9052819 -0.4081721 0.7071054 -0.5774058 -0.4076423 0.7071515 -0.5777237 -0.4081534 0.7071256 -0.5773945 -0.4081805 0.7071088 -0.5773957 -0.9093843 0.02863878 0.4149702 -0.9093369 0.02863579 0.4150742 -0.9573987 0 -0.2887694 -0.9836435 0 -0.1801269 -0.9573008 0 -0.2890939 -0.9573391 5.76729e-6 -0.2889668 -0.9573845 9.19148e-6 -0.2888166 -0.9573594 1.39005e-5 -0.2888997 -0.08646345 -0.9962551 3.81321e-5 -0.08722782 -0.9961885 3.62771e-5 0.7007808 -0.7117711 0.04783612 0.7008798 -0.7116745 0.04782319 1.61374e-5 1 0 1.62089e-5 1 3.18451e-6 -0.9961089 0.07917428 0.03871089 -0.9961076 0.0791704 0.03875297 0.9004289 -0.3070449 0.3081415 0.9008452 -0.3054988 0.3084614 0.4499073 0.8824555 0.1373169 0.4493539 0.8827641 0.1371455 -0.8783791 0.3956648 -0.2681409 -0.8785755 0.3952187 -0.2681555 -0.794693 -0.2299929 0.561753 -0.7946997 -0.2299762 0.5617502 -0.4100462 -0.9120649 1.44617e-4 -0.4130103 -0.9107264 1.37455e-4 -0.3084184 -0.8830429 -0.3537136 -0.3118422 -0.8804913 -0.357057 0.8716186 0.08323585 0.4830661 0.8712654 0.08527177 0.483348 0.9576514 0 0.2879305 0.9576516 0 0.2879297 -0.9675271 0 0.2527677 -0.9675282 3.40124e-4 0.2527627 -0.9983295 0.05777746 3.29422e-4 -0.9983254 0.05784833 3.28956e-4 -0.2889552 8.56935e-6 0.9573426 0 0 1 -0.2893722 0 0.9572167 -0.2889523 8.56856e-6 0.9573436 0.2454031 -0.5610002 0.790605 0.2454592 -0.5596703 0.7915295 0.1517881 0.8841922 -0.4417743 0.1524398 0.882708 -0.4445096 -0.3905431 0.7134882 0.5817307 -0.3945887 0.7074107 0.5864043 0.951457 0.1019757 0.2903973 0.9514654 0.1019156 0.2903908 0.7013347 -0.5079261 -0.5001408 0.6985001 -0.5129814 -0.4989467 -0.2480704 0.7076227 -0.6616126 -0.2484338 0.7057001 -0.6635271 -0.99082 3.35732e-5 0.1351883 -0.9908198 3.35731e-5 0.1351897 0.4617627 -0.8529357 0.2434667 0.4633876 -0.8519189 0.2439387 0 1 6.50043e-6 0 1 -4.31183e-5 -5.69138e-5 1 1.48912e-4 1.56981e-5 1 6.93399e-6 1.56417e-5 1 0 2.72124e-5 1 -2.98834e-5 0 1 -5.05469e-6 0 1 0 -0.001125395 0.9999961 0.002569854 5.23659e-5 1 -1.05743e-4 -0.543336 0.7102041 -0.4476562 -0.5422909 0.7117824 -0.4464151 0.4419378 -0.8526857 -0.2786002 0.4432328 -0.8518434 -0.2791191 0 0.9999029 0.01393592 -0.1960893 0 -0.9805861 -0.193125 -1.40643e-5 -0.9811742 -0.1950542 -3.0755e-4 -0.9807925 -0.4109066 -0.7066015 -0.5760817 -0.4081425 -0.7125797 -0.5706574 -0.2889366 2.84886e-6 0.9573483 -0.2889322 5.34163e-6 0.9573495 -0.5541725 0.3019365 -0.7757109 -0.5529571 0.3059754 -0.7749952 -0.9722117 -0.07899308 -0.2203739 -0.9720975 -0.07993775 -0.220537 -0.2954837 0 0.9553478 -0.2954773 0 0.9553498 0.02040636 0.8525936 0.5221761 0.02067136 0.8519763 0.5231723 -0.3426504 -0.1477682 0.9277691 -0.3426535 -0.1482287 0.9276944 -0.2741159 0.8820915 -0.3831126 -0.2761893 0.879698 -0.3871059 0.5771849 0.105464 0.8097746 0.5778051 0.1012719 0.8098675 0.2144679 -0.2399606 -0.946796 0.2141549 -0.2375965 -0.9474628 -0.3791311 -0.508055 -0.7733951 -0.3759976 -0.5169713 -0.7690038 -0.3067347 -0.7157111 -0.6274326 -0.3111664 -0.7077763 -0.6342148 -2.06346e-5 -1 2.2411e-6 -2.06348e-5 -1 8.15054e-7 -0.0932154 0.9859352 0.1387187 -0.09215712 0.9862209 0.1373877 -0.03221815 -0.985828 -0.1646369 -0.03253817 -0.985641 -0.1656895 0.9472375 0.2380162 0.2146847 0.9471864 0.2381987 0.214708 0.9813333 0.1011073 0.163592 0.9812547 0.1016693 0.1637152 0.4416729 -0.5607514 0.7003448 0.4421128 -0.5581768 0.7021217 0.8665821 0.3055796 0.3945336 0.8667312 0.3049769 0.3946722 0.1165527 -0.7048814 -0.699684 0.1165053 -0.7080911 -0.6964435 0.9721699 -0.07901811 0.2205491 0.972128 -0.08003526 0.2203667 0.05425316 0.9859296 -0.1581122 0.05432754 0.9858637 -0.158497 -0.1649175 -0.8823252 -0.4408 -0.1646871 -0.8828061 -0.4399225 -0.2203635 -0.07966434 0.9721593 -0.2202264 -0.08036935 0.9721323 -0.8064975 0.5083315 0.3019288 -0.8072595 0.5070677 0.3020173 -0.443278 -0.8808985 0.165899 -0.4427397 -0.881186 0.1658101 -2.70761e-4 0 -1 -2.70773e-4 0 -1 0.9053241 -0.1011552 0.4124997 0.9055677 -0.09949344 0.4123691 0.1071742 0.9857189 -0.1298923 0.1079627 0.9854794 -0.1310513 0.2880049 -0.239089 0.9273024 0.2878453 -0.2370926 0.9278643 -0.6471356 0.5125163 0.5643959 -0.6484783 0.5090467 0.5659925 0.166045 0.0286175 0.9857029 0.1656549 0.02862524 0.9857683 0.3537796 -0.8828672 -0.3088454 0.3559474 -0.8814588 -0.3103742 -0.843217 0.08068293 0.5314844 -0.8430541 0.08159512 0.5316033 0.6205975 -0.7128561 0.326642 0.6185002 -0.7149219 0.3261047 0.321562 -0.1104196 -0.9404284 0.3226184 -0.1022042 -0.9409951 -0.05846375 0.5073376 0.859762 -0.05886566 0.5141111 0.8557014 -0.4264732 -0.40031 0.8110936 -0.4270672 -0.398732 0.811558 -0.8165856 1.48764e-5 0.5772244 -0.8165833 0 0.5772277 -0.03217852 -0.8842589 0.4658871 -0.03198266 -0.8807759 0.4724522 -0.2048951 0.8843954 -0.4193602 -0.2090971 0.880136 -0.4261915 -0.05919617 -0.5073188 0.8597229 -0.05816185 -0.5140523 0.8557847 0.382964 -0.8825026 -0.2729976 0.3866377 -0.8798032 -0.2765096 0.1154857 -0.8520564 -0.5105517 0.115489 -0.8530142 -0.5089491 0.6764904 -0.08122998 -0.731958 0.6769802 -0.07868212 -0.7317835 -0.9845418 0.1751496 3.04286e-4 -0.9850479 0.1722803 3.23849e-4 0.7675774 0.1045495 0.6323721 0.7685861 0.0985583 0.6321089 -0.02788937 -0.9858307 0.1654092 -0.02802371 -0.9853495 0.1682291 0.4441685 -0.8803339 -0.1665132 0.4416278 -0.8818684 -0.1651459 -0.3563497 -0.5077553 0.7843465 -0.3555651 -0.5137502 0.7807909 -1.24312e-4 0.938106 0.3463485 -0.03756207 -0.2399902 -0.9700484 -0.03704863 -0.2370318 -0.9707952 -0.5550664 0.1001103 0.8257599 -0.555114 0.1032097 0.8253461 0.09593474 -0.0995208 0.9904 0.09631526 -0.1019015 0.990121 0.1378177 -0.9855422 -0.09855419 0.1365012 -0.9858422 -0.09737819 0.1907142 -0.1004953 0.9764881 0.1937638 -0.1297581 0.9724291 -0.1866161 0.9709954 0.149474 -0.1927115 0.9709193 0.1420496 -0.1910895 0.9722335 0.1350817 -0.2091231 -0.8801309 -0.4261891 -0.2049615 -0.8843421 -0.4194401 -0.3118355 0.8804967 -0.3570494 -0.3084159 0.8830276 -0.3537542 0.1657524 -0.5088116 0.8447704 0.1657344 -0.5074753 0.8455773 0.3562079 0.8513609 -0.3850982 0.3558434 0.8516551 -0.3847845 -0.04513329 -0.8828861 -0.4674132 -0.04605698 -0.8807002 -0.4714299 -0.5311912 0.3067087 0.7897884 -0.531314 0.3055979 0.7901364 -0.03570067 0.3951032 -0.9179428 -0.03496396 0.3985444 -0.9164824 0.6707907 0 0.7416468 0.6707832 0 0.7416535 0.6708126 0 0.7416269 0.5541532 -0.3018291 0.7757664 0.5530137 -0.3056461 0.7750847 -0.1919466 0 -0.9814054 -0.1919612 5.19225e-6 -0.9814025 -0.9908189 1.03422e-5 0.1351964 -0.990819 0 0.1351957 0.05902737 -0.9856307 0.1582651 0.05829793 -0.9861258 0.155426 0.1166306 0.7042871 -0.7002693 0.1166027 0.708773 -0.6957333 0.4609753 0.7130043 0.5283244 0.4631351 0.7101302 0.530303 0.6462148 -0.5146111 -0.5635442 0.6473178 -0.512555 -0.5641518 -0.3906686 -0.7133281 0.5818429 -0.3945306 -0.7075297 0.5862997 0.5548989 -0.103215 -0.8254902 0.5540107 -0.1091327 -0.8253256 0.4142709 0.02859008 0.9097045 0.4150673 0.02861052 0.9093408 -0.06782627 0.102272 0.9924415 -0.06806856 0.1004593 0.99261 -0.1601143 0.9858865 -0.04890012 -0.1593745 0.9860186 -0.0486539 -0.1510127 0.8841698 0.4420849 -0.152159 0.8827335 0.4445553 0.3846731 -0.8517768 0.3556725 0.3829778 -0.8529641 0.3546553 0.9319479 -0.1000517 -0.3485152 0.9316726 -0.1019914 -0.3486887 -0.7680413 -0.09849733 -0.6327803 -0.7680711 -0.09851932 -0.6327407 0.3830521 0.8529223 0.3546757 0.3846575 0.8518036 0.3556253 0.136582 0.9858279 -0.09741061 0.1378405 0.9855359 -0.09858572 -0.9448235 0.3275799 3.08943e-4 -0.9438849 0.3302743 2.90266e-4 -0.04799908 0.7150921 0.6973803 -0.04764103 0.7087332 0.7038661 -0.501686 -0.5051057 -0.7022674 -0.4994214 -0.5099783 -0.7003573 -0.4528752 -0.2375066 0.8593571 -0.4527314 -0.2344453 0.8602731 0.2484732 -0.7055542 0.6636674 0.2480833 -0.7075291 0.6617079 -0.6643765 -0.5088877 -0.5473913 -0.665919 -0.5061589 -0.5480467 -0.5503693 -0.8349215 1.77629e-4 -0.5462953 -0.8375928 1.88694e-4 -0.6539997 -0.09691619 -0.7502611 -0.6540563 -0.1013242 -0.7496292 -0.4416319 0.5608441 -0.7002965 -0.4421029 0.5581907 -0.702117 -0.8941966 0.3990734 -0.2028619 -0.8946778 0.3980351 -0.20278 0.8541663 0.3089506 -0.4182695 0.8546901 0.3069725 -0.4186558 -0.9902687 0.1008045 0.09594947 -0.9902433 0.1011443 0.09585392 -0.203086 -0.3999141 0.89377 -0.2029199 -0.4004639 0.8935616 -0.8934044 -0.1014755 0.4376431 -0.8933054 -0.1022559 0.4376634 -0.5741317 0.7086724 0.4100687 -0.5737575 0.7091385 0.4097867 0.4275433 0.3986809 -0.8113325 0.4275464 0.4000927 -0.8106355 -0.6899004 -0.7111549 0.1352633 -0.6889033 -0.7121352 0.1351881 0.159395 0.9860164 0.04863035 0.1600798 0.9858945 0.04885333 -0.9520558 -0.08005195 0.2952651 -0.9520533 -0.08046329 0.2951615 -0.07816773 -0.8815277 0.4656165 -0.07823204 -0.8807263 0.4671198 0.9520982 0.07875132 -0.295478 0.9520647 0.07992696 -0.2952704 0.8084045 -0.5593435 0.1833495 0.8085748 -0.5590611 0.1834604 -0.4186348 -0.3029624 -0.8561301 -0.418112 -0.3126656 -0.8528907 -0.3759579 0.517079 -0.7689505 -0.3791167 0.5080952 -0.7733756 -0.9337942 0.3074284 0.1830752 -0.9343866 0.3054306 0.1833961 0.06449151 -0.3089693 -0.9488829 0.0651586 -0.3038265 -0.9504967 0.4579558 0 -0.888975 0.4579612 0 -0.8889722 0.3787794 -0.508978 0.7729604 0.3791694 -0.5082029 0.773279 0.9573408 -2.48766e-4 0.2889615 0.9573403 0 0.2889629 0.9573602 0 0.2888971 0.9573402 0 0.2889633 0.9571673 2.70301e-6 0.2895356 0.9573431 1.22109e-5 0.2889537 0.9573605 0 0.288896 0.9570988 0 0.2897617 0.1288301 0.9859935 0.1059226 0.1300286 0.9857193 0.1070058 -0.4212936 0.8831483 0.2063034 -0.4216742 0.8829311 0.2064546 -0.06744509 0.7074643 -0.7035236 -0.06823182 0.7042722 -0.7066436 0.2444994 0.8511561 -0.4644925 0.2436711 0.8529237 -0.4616771 0.4376159 -0.1051979 0.892987 0.4371858 -0.09582847 0.8942514 -0.164841 0.5162938 -0.8403977 -0.1646112 0.5173051 -0.8398206 -0.9318681 -0.09985125 0.348786 -0.9317684 -0.1017875 0.3484925 0.2035301 0.3951998 -0.8957638 0.2020642 0.4002212 -0.8938642 0.2141549 0.2375712 -0.9474691 0.2144952 0.2399358 -0.946796 0.308987 0.3039491 -0.9011892 0.3089499 0.3062999 -0.9004057 0.3215847 0.1103358 -0.9404305 0.3225815 0.102272 -0.9410004 -0.9387083 -0.3447126 3.13498e-4 -0.9365757 -0.3504654 2.94355e-4 -0.6236035 0.3971738 0.6733289 -0.6229375 0.3987622 0.6730064 0.854144 -0.3087869 -0.418436 0.8546307 -0.3073952 -0.4184669 0.4462035 -0.8817682 0.1529291 0.4443786 -0.8828307 0.1521112 -0.5425161 -0.7115949 -0.4464403 -0.5438013 -0.7096546 -0.4479625 0.5318695 -0.70867 -0.4635749 0.5281322 -0.7131141 -0.4610257 0.1919886 -5.19225e-6 0.9813972 0.1919854 -5.19217e-6 0.9813978 -0.4666708 -0.8810009 -0.07781994 -0.4668713 -0.8808875 -0.07790142 -0.7680839 0.09852093 -0.6327248 -0.7680413 0.09849733 -0.6327803 -0.2152635 -0.234852 0.9478957 -0.2146272 -0.2374901 0.9473826 -0.7169755 0.3078033 0.6254624 -0.717576 0.3057991 0.6257568 0.03587847 0.3999303 0.9158431 0.03564244 0.3985599 0.9164495 -0.5772172 3.85183e-6 -0.8165908 -0.5769569 4.00664e-6 -0.8167746 -0.5772461 1.5988e-5 -0.8165703 0.71757 0.5715357 0.3980456 0.7179881 0.571082 0.3979427 0.6832169 0.7135857 0.1549518 0.6822314 0.7146243 0.1545075 -0.4486567 -0.7080168 0.5453617 -0.4470914 -0.7110687 0.54267 0.3725643 -0.7148789 0.5917297 0.3746715 -0.7121253 0.5937163 0.6063293 0.3019363 -0.7356626 0.6062009 0.3021499 -0.7356805 0.03840744 0.08043015 0.9960201 0.03854507 0.08122789 0.99595 -0.5818742 -0.7130277 -0.3911701 -0.582273 -0.7125802 -0.3913921 0.09076881 -0.8814982 0.4633812 0.09113937 -0.8807812 0.4646699 0.9411376 0.1024588 0.3221216 0.9411985 0.1016966 0.3221853 0.8045225 -0.511649 -0.3015943 0.8069818 -0.5075972 -0.3018704 -1 -4.74273e-7 0 -1 -9.48545e-7 0 -0.277072 0.5191914 0.8084996 -0.2776024 0.5140549 0.8115939 0.2287585 0.7085811 -0.6675196 0.2278436 0.7130433 -0.6630661 0.4186565 0.302666 0.8562243 0.4181184 0.3129311 0.8527902 -0.1919341 -0.1054807 -0.9757229 -0.191528 -0.100484 -0.9763299 0.001414597 0.9999436 0.0105257 -0.1428148 -0.5058276 0.8507305 -0.1409266 -0.5141181 0.8460628 -0.6540508 0.1013248 -0.7496338 -0.6540193 0.0969246 -0.7502429 -0.9961079 -0.0791704 0.0387448 -0.996109 -0.0791738 0.03871035 0.4613283 0.8826101 -0.09041923 0.46097 0.882799 -0.09040302 -0.2869126 6.90854e-6 0.9579569 -0.286896 4.43027e-6 0.9579617 0.1251336 -0.9861174 -0.1091516 0.1246447 -0.9862267 -0.1087231 0.8946705 0.3979503 0.2029786 0.8943464 0.3988263 0.2026875 0.1533499 0.9857012 0.06983643 0.153148 0.9857459 0.06964755 0.6540623 0.1013235 0.749624 0.6540461 0.09660428 0.7502608 0.4371582 0.09566414 0.8942825 0.4376524 0.1051978 0.8929693 0.6422626 -0.7085036 0.2924405 0.6416469 -0.7092199 0.2920559 0.1915208 0.1055353 0.9757982 0.1920781 0.1004514 0.9762252 0.6186796 0.7147288 0.3261878 0.6205958 0.7128574 0.3266426 0.05798983 0.5141017 -0.8557668 0.05809891 0.5163357 -0.8544133 0.5304545 -0.3064498 -0.7903838 0.5306318 -0.3058219 -0.7905079 -0.9576398 0 -0.2879691 -0.9576373 0 -0.287977 0 0.9848791 0.1732432 0 0.9848791 0.1732434 0.3088848 -0.8828958 0.3536741 0.3087725 -0.8829728 0.3535799 -0.8165908 1.2762e-4 0.5772172 -0.8165788 1.06275e-4 0.577234 1.66947e-5 1 -1.64064e-5 4.38116e-5 1 -2.04462e-6 4.3107e-5 1 0 5.00022e-5 1 -3.2759e-5 2.54687e-5 1 -3.26816e-5 3.49829e-5 1 6.53509e-5 4.40983e-5 1 0 0 1 1.02231e-6 4.31107e-5 1 -8.18491e-6 8.64383e-6 1 1.62707e-5 7.51601e-6 1 4.90216e-5 2.17461e-5 1 -1.63345e-5 1.66903e-5 1 0 2.77422e-5 1 -8.62188e-6 1.83425e-5 1 -4.31068e-6 3.37333e-5 1 7.54518e-6 1.41534e-5 1 0 2.09564e-5 1 -1.29332e-5 2.23251e-5 1 6.66713e-7 1.85417e-5 1 1.33321e-6 2.13435e-5 1 -5.33475e-6 1.93628e-5 1 0 -0.2283968 0.7089588 0.6672423 -0.2293058 0.70683 0.6691863 -0.8115156 -0.5138786 -0.2781568 -0.8141025 -0.5095468 -0.2785667 0.1653333 -0.8823797 0.440535 0.1660424 -0.8807707 0.4434782 0.06968444 -0.9857217 -0.1532871 0.07009613 -0.9855144 -0.1544283 -0.1259684 -0.9859548 0.109659 -0.125167 -0.9861158 0.1091282 -0.1544317 -0.7144901 0.6823891 -0.1549242 -0.7134392 0.6833762 -0.88204 -0.08040839 -0.464263 -0.882033 -0.07874852 -0.4645606 0.9186326 -0.2023767 0.339349 0.9184009 -0.2036882 0.3391917 0.03159332 -0.883783 -0.4668294 0.03157025 -0.8842052 -0.4660305 -0.6231834 -0.3986603 0.6728391 -0.6234016 -0.3971677 0.6735194 -0.9720957 0.07993763 -0.2205446 -0.9722106 0.0789932 -0.2203783 0.6642932 -0.5091609 0.5472384 0.6658915 -0.5062035 0.5480388 -0.228468 -0.7088701 0.6673123 -0.2293177 -0.7069179 0.6690894 -0.7744092 0.3080693 0.5526153 -0.7751294 0.3041763 0.553761 -0.1155219 0.8520151 0.5106123 -0.1154784 0.8529755 0.5090162 -0.9989708 1.56227e-5 -0.04535824 -0.9989761 0 -0.04524034 0 1 -3.18021e-4 -0.001499593 0.9999977 -0.001553535 0.2869047 0 -0.9579592 0.2869078 0 -0.9579582 5.73655e-5 -0.9918596 0.1273363 0 -0.9918742 0.1272228 -0.7791047 -0.05991774 0.624024 -0.7791082 -0.05991065 0.6240202 -0.8165772 1.00435e-4 0.5772364 -0.8165869 4.01734e-4 0.5772225 0.9997453 -0.01624459 -0.01567208 0.9997453 -0.01623654 -0.01567262 -0.9998773 1.22484e-4 0.01567071 -0.9998773 1.83729e-4 0.01566761 -0.7176377 -0.5715025 -0.3979715 -0.7176092 -0.5715204 -0.397997 0.4890651 0.3966582 0.7768383 0.488875 0.4001117 0.775185 -0.6321513 0.10139 0.7681829 -0.6318188 0.1039944 0.7681083 -0.164697 -0.517327 -0.8397903 -0.1647698 -0.5162682 -0.8404273 0.7316811 -0.08138245 0.6767715 0.7316627 -0.08069002 0.6768744 -0.8542435 0.3087069 0.4182921 -0.8545954 0.3072438 0.4186501 -0.267804 0.3969461 0.8779036 -0.2682924 0.3945591 0.8788301 -0.8115656 0.3986028 -0.4271735 -0.8111904 0.3993564 -0.4271822 -1 0 2.71506e-4 -1 0 2.71505e-4 0.8123911 -0.5124663 0.2782069 0.8116161 -0.5139577 0.2777173 0.891825 0.3054383 -0.3337 0.8922024 0.3040789 -0.3339325 -0.939866 -0.3033716 -0.1569003 -0.9396064 -0.3042703 -0.1567143 0.1493899 0.986066 -0.07318931 0.1500906 0.9859383 -0.07347613 -0.9318752 0.09993147 0.3487441 -0.931756 0.1018832 0.3484975 -0.5634565 -0.7643344 -0.3135438 -0.5643289 -0.7640793 -0.3125951 0.05415982 -0.9859665 -0.1579141 0.0542522 -0.9858877 -0.1583734 0.01138484 0.9859254 -0.1667983 0.01137328 0.985848 -0.1672556 -0.9812977 0 0.1924967 -0.9812996 4.15365e-5 0.1924866 0.8594363 -0.2377174 0.4526144 0.8594791 -0.2374898 0.4526526 0.01566481 5.952e-7 0.9998774 0.0156759 7.84702e-7 0.9998772 0.4399006 0 0.8980464 0.4399496 -2.07661e-5 0.8980226 -0.8165826 7.67109e-5 0.5772286 -0.816588 1.53422e-4 0.577221 0.1661294 0.8807778 0.4434316 0.1656701 0.8818715 0.441425 0.03855907 -0.08041697 0.9960153 0.03839421 -0.08123564 0.9959552 0.1282036 0.9917479 0 0.1282038 0.9917479 0 -3.4578e-5 -0.9918658 -0.1272886 -3.40018e-5 -0.9918657 -0.1272888 0.5741776 0.709064 -0.4093267 0.5743737 0.7087355 -0.4096205 -0.5000054 -0.8520533 0.1549187 -0.4995627 -0.8523191 0.1548847 0.554049 0.3021612 0.7757116 0.5530996 0.3056936 0.7750047 0.4466713 0.7116775 -0.5422175 0.4483762 0.7084204 -0.5450683 -0.3483363 0 0.9373697 -0.3483489 4.26505e-4 0.9373649 -0.3483422 2.51753e-4 0.9373674 -0.3482581 0 0.9373987 -0.348397 1.46978e-5 0.9373471 -0.3483319 7.52263e-6 0.9373714 -0.348385 4.14152e-5 0.9373516 -0.3485181 6.20935e-5 0.9373021 -0.3483336 -2.78442e-5 0.9373707 -0.3483228 7.32671e-6 0.9373747 0.4649471 0.07860738 -0.8818419 0.4647263 0.07964956 -0.8818647 0.4490483 -0.8829345 0.1370484 0.4499197 -0.8824432 0.1373553 0.4615024 -0.8825151 -0.09045803 0.4609627 -0.8828021 -0.09040927 0.2431486 -0.8529356 -0.4619303 0.244906 -0.8512472 -0.4641115 0.995346 0 -0.09636622 0.9953469 -4.44431e-5 -0.09635782 -0.03841394 -0.08133196 -0.9959465 -0.03857982 -0.08052933 -0.9960053 -0.09594988 0.09944802 -0.9904059 -0.09626895 0.101886 -0.990127 -0.2801744 0.8512282 -0.4437485 -0.2780526 0.8530643 -0.4415521 -0.2960571 0.08122724 -0.9517103 -0.2953484 0.07687652 -0.9522917 0.1920128 -0.1055111 0.9757041 -0.4186344 0.3029156 -0.8561469 -0.4180849 0.3126677 -0.8529033 0.4181039 -0.3128823 0.8528152 0.4186398 -0.3025216 0.8562836 -1.078e-4 1 4.14105e-4 -0.198189 0.7416357 0.6408569 -0.1982322 0.7415246 0.6409722 -0.140825 0.5145964 0.8457889 -0.1428242 0.506338 0.8504254 -0.4821938 0.001526117 0.8760633 -0.4840269 0 0.8750531 -0.4909449 -0.003216326 0.8711847 -0.4898551 -0.002597451 0.8718 -0.4832371 -0.001574218 0.8754882 -0.4778975 0.002155065 0.8784129 -0.4835371 0.001335918 0.8753228 -0.4846554 1.72245e-4 0.8747051 -0.4858078 0.005245923 0.8740499 -0.4890445 0.005364179 0.8722424 -0.4866849 4.79272e-4 0.8735774 -0.4852923 8.08285e-4 0.8743517 -0.4851646 7.14285e-4 0.8744226 -0.484925 -8.50746e-5 0.8745558 -0.4848375 -1.13314e-4 0.8746044 -0.4851883 -9.7162e-5 0.8744097 -0.4850748 3.41046e-4 0.8744727 -0.4869422 -0.001969635 0.873432 -0.4829466 -0.001731991 0.8756481 -0.4855105 -1.99089e-4 0.8742309 -0.4853204 -1.9582e-4 0.8743365 -0.485911 -3.44646e-4 0.8740083 -0.4844725 -5.68201e-4 0.8748064 -0.4844586 -6.0882e-4 0.874814 -0.4843789 -0.001451015 0.8748572 -0.4853215 -0.003583133 0.8743286 -0.4848338 0.001128137 0.8746055 -0.4847939 7.34982e-4 0.8746282 -0.1914561 0.105439 -0.9758213 -0.1920295 0.1005292 -0.9762268 -0.8141161 0.5095298 -0.2785575 -0.811505 0.5138833 -0.2781795 0 2.41614e-4 -1 0 2.41612e-4 -1 0.3018444 -0.5106238 0.8050798 0.30206 -0.5076167 0.8068984 0.3293895 -0.3106176 -0.8916385 0.3291727 -0.3120613 -0.8912144 0.5543686 0.1032331 -0.8258441 0.5545113 0.109077 -0.8249967 -0.1556365 -0.8510741 -0.5014483 -0.1544817 -0.8525766 -0.4992483 -0.01631891 -0.9858199 -0.167012 -0.01629638 -0.9858365 -0.1669158 0.7546852 -2.33097e-5 0.6560871 0.7547181 0 0.6560493 -0.999877 9.60063e-6 0.01568543 -0.9998773 1.00521e-5 0.0156697 0.1546543 -0.7145252 -0.6823019 0.1546553 -0.7134906 -0.6833834 -0.3482898 0 0.937387 -0.3482879 0 0.9373877 0.8215684 -0.5120038 0.2507539 0.8214409 -0.5122301 0.2507092 0.9721393 0.07990896 0.2203627 0.972171 0.07901769 0.2205442 -0.9102091 4.25292e-5 -0.414149 -0.9101919 0 -0.4141869 0.05875498 0.9859226 0.1565392 0.05887013 0.9858139 0.1571794 -0.7590758 -0.6510024 2.55602e-4 -0.7590758 -0.6510024 2.55706e-4 0.9573573 -5.59515e-6 0.2889067 0.9573487 -1.11913e-5 0.2889355 -4.03543e-6 1 0 1.29339e-4 1 2.61178e-5 1.08904e-5 1 2.46866e-5 -1.85936e-5 1 1.46998e-4 -0.3464552 0 0.9380666 -0.3464627 1.92417e-5 0.9380638 0.6789821 -1.61386e-5 -0.7341548 0.6790243 -1.61377e-5 -0.7341158 9.46894e-5 1 1.61034e-6 9.46886e-5 1 -4.68454e-6 -0.3492285 -0.1011945 -0.9315574 -0.349116 -0.1018078 -0.9315328 0.878583 -0.3951991 0.2681599 0.8786225 -0.3951074 0.2681656 -0.6959621 -0.7086395 -0.1160469 -0.6959544 -0.708642 -0.1160779 -0.8984815 -0.4390115 2.44447e-4 -0.8984829 -0.4390086 2.44186e-4 0.1530834 -0.9857568 0.06963557 0.1532984 -0.9857128 0.06978404 -0.6732147 -0.3986107 -0.6228094 -0.673615 -0.3964912 -0.6237288 -0.9480548 -0.3045689 0.09181499 -0.9480747 -0.304514 0.09179145 2.39861e-4 -0.4390189 0.8984778 2.40081e-4 -0.4390875 0.8984443 0.8492118 -0.5087017 0.1416406 0.8486158 -0.5096769 0.1417071 -0.9184077 -0.2036455 -0.339199 -0.918399 -0.2036651 -0.3392105 0.6729913 0.3998733 0.6222413 0.6732466 0.3983715 0.622928 0.09748631 -0.985848 0.1363827 0.0980705 -0.9856439 0.1374348 0.8820351 0.07887631 0.4645349 0.882045 0.0803011 0.4642719 0.4997286 -0.8206496 0.2771387 0.4997438 -0.8206374 0.2771472 -0.6595515 0 -0.7516595 -0.6595326 0 -0.7516761 -0.250972 0 0.9679944 -0.2509693 1.02144e-5 0.9679951 -0.5579118 0 0.8299003 -0.5578781 0 0.8299229 1 5.80801e-6 0 -0.4995188 0.8523421 0.1548998 -0.5001271 0.8519701 0.1549834 -0.9003108 -0.3068953 -0.3086355 -0.9007401 -0.3056333 -0.3086354 0.6887345 -0.7123258 -0.1350436 0.6885103 -0.7125565 -0.1349698 0.1524183 -0.882711 -0.4445111 0.1517983 -0.8841393 -0.4418767 0.04765766 -0.7085351 -0.7040645 0.04761701 -0.7086846 -0.7039167 -0.8546664 -0.3072215 0.4185215 -0.8541333 -0.3088743 0.4183935 -0.8913316 -0.3116659 -0.3292302 -0.8913959 -0.311517 -0.329197 -0.890949 -0.3128719 -0.3291217 -0.1638313 -0.9859647 0.03214037 -0.1635074 -0.98602 0.03209441 -0.9908189 1.30109e-5 0.1351957 -0.990819 1.25972e-5 0.1351953 -0.859467 0.2374924 -0.4526742 -0.8594399 0.2377386 -0.4525964 -0.9381158 0 -0.3463217 -0.9380598 3.87788e-5 -0.3464736 -0.9381141 1.55926e-5 -0.3463265 -0.9380466 3.40348e-4 -0.3465088 -0.9807798 0 -0.1951181 -0.9277082 -0.1481461 -0.3426518 -0.9277017 -0.1481857 -0.3426522 0.4082683 -0.7124288 0.5707558 0.411228 -0.7058795 0.5767372 -0.9908199 1.60406e-4 0.1351882 -0.99082 1.60405e-4 0.1351877 -0.2431695 -0.8529293 0.4619311 -0.2433665 -0.8527627 0.4621349 -5.38532e-6 -1 0 -5.78617e-6 -1 1.92371e-5 3.27202e-5 1 1.42608e-6 2.34459e-5 1 0 2.48911e-5 1 -1.47861e-5 1.74794e-5 1 7.39393e-6 8.51372e-6 1 -4.15761e-6 2.02915e-5 1 0 2.10398e-5 1 0 -0.4432806 0.851722 0.2794138 -0.4430182 0.8518724 0.2793713 -0.5629208 -0.5596853 0.6081716 -0.5629975 -0.5594601 0.6083077 -0.9380729 2.38253e-5 -0.3464381 -0.938098 1.45871e-4 -0.3463702 -0.9380527 1.45927e-4 -0.3464928 -0.9380745 1.19125e-5 -0.3464336 -0.9380714 -0.001240134 -0.3464401 -0.5902491 0.7415362 0.3189518 -0.590209 0.7415832 0.3189168 0 -0.2989118 -0.9542808 0 -0.2989103 -0.9542812 -0.99248 -0.1019595 -0.06773287 -0.9925335 -0.1014773 -0.06767374 -0.3895269 -0.8830161 -0.2618234 -0.3896666 -0.8829131 -0.2619625 0.8848902 -1.61306e-5 0.4657997 0.8848646 -3.22637e-5 0.4658483 -0.523603 0.7416053 0.4193587 -0.5236263 0.7415513 0.4194248 0.980752 0 0.1952575 0.4306892 0.8809281 0.1961441 0.4304792 0.8810634 0.1959978 -0.04676604 0.9982033 0.03745841 -0.04676645 0.9982034 0.03745555 -0.8284708 -0.5591057 0.03220266 -0.8285666 -0.5589631 0.0322113 0.6224444 -0.3987047 -0.6734966 0.6230818 -0.3972303 -0.6737784 -0.5225348 -0.8523756 0.02032899 -0.5224694 -0.8524155 0.02033758 0 -1 1.59309e-6 -9.46864e-5 -1 2.39449e-6 -2.43064e-4 -1 3.63523e-5 -1.05705e-4 -1 6.47311e-6 0 -1 7.50616e-6 -7.91064e-5 -1 3.24642e-6 0.9338247 -0.3073471 -0.1830556 0.9344546 -0.3052048 -0.183425 0.3466045 -1.80938e-5 -0.9380114 0.3465945 0 -0.9380152 8.48392e-5 1 3.08452e-5 4.26506e-5 1 9.66415e-7 2.74284e-5 1 4.85361e-6 6.07722e-6 1 0 1.33145e-5 1 -6.78365e-6 -0.2889367 2.44008e-6 0.9573482 -0.2889109 5.85598e-6 0.9573561 0.07382172 -0.9964307 0.04094398 0.07390171 -0.996425 0.04093688 0.9380484 -2.2031e-5 0.3465042 0.938049 -2.38295e-5 0.3465027 0.9380569 0 0.3464813 -0.03250402 0.985625 -0.1657915 -0.03216338 0.9858505 -0.1645128 -9.19636e-4 0.999999 -0.00112915 -0.001251816 0.9999989 -8.40488e-4 -0.9534899 -3.25738e-4 0.3014248 -0.9534901 -3.47311e-4 0.301424 0.7415851 0 -0.6708589 0.7415671 0 -0.6708788 -0.8229295 -0.339275 -0.4557189 -0.8217443 -0.3399745 -0.4573333 -0.2881895 -0.2370684 -0.9277638 -0.2876094 -0.2391827 -0.927401 -0.09813511 0.985623 -0.1375387 -0.09753155 0.9858348 -0.1364461 -0.9514694 -0.1018751 -0.2903918 -0.9514689 -0.1017727 -0.2904294 -0.7348803 -0.3056722 -0.6054052 -0.734972 -0.3054584 -0.6054019 -0.751538 0 -0.6596899 -0.7515419 0 -0.6596854 0.7316696 0.08068913 0.6768671 0.7316824 0.08138418 0.6767699 0.3948938 -0.3019368 -0.8676943 0.3954075 -0.2997573 -0.8682157 -0.2780809 -0.8530659 -0.4415311 -0.2802221 -0.8511893 -0.4437932 -0.03699487 0.2400129 -0.9700645 -0.03760457 0.2370578 -0.9707675 -0.1544231 0.8526065 -0.4992153 -0.1555925 0.8511314 -0.5013646 -0.1946083 0 -0.9808811 -0.194586 0 -0.9808855 0.9362226 0.02859193 0.3502424 0.936464 0.02860349 0.349596 -0.8285658 0.5589649 0.03220409 -0.8284823 0.5590885 0.03220397 0.1546725 0.7144929 -0.6823316 0.1546699 0.7134848 -0.6833862 0.8567381 0.5124343 0.05840301 0.856626 0.5126176 0.05844092 -0.5610382 4.95545e-5 0.82779 -0.5610238 0 0.8277997 -0.334617 0.3017083 -0.8927506 -0.3340497 0.3038415 -0.8922395 0.06801968 0.1022695 -0.9924285 0.06786066 0.1004449 -0.9926258 0.9514673 0.1018519 0.2904071 0.9514683 0.1018722 0.2903966 -0.4151766 0.0286107 -0.9092909 -0.4142605 0.02862882 -0.909708 -0.9469541 0 -0.3213689 -0.9469538 0 -0.3213697 0 1 -4.69693e-5 -5.39764e-5 1 -5.67376e-4 0 1 4.71342e-5 0 1 2.35272e-5 0 1 2.35338e-5 2.30434e-4 0.9999998 -5.22044e-4 0 1 4.72679e-5 0 1 -4.71342e-5 0 1 1.23729e-5 9.85125e-5 1 1.11452e-4 0 1 -3.09743e-6 1.05497e-4 1 -1.11357e-4 0 1 3.09743e-6 2.28439e-5 1 -3.83039e-5 4.31149e-5 1 0 0 1 -7.18754e-7 2.11283e-5 1 1.40518e-5 -0.9902425 -0.1011443 0.09586346 -0.9902679 -0.1008045 0.095959 -0.4420702 -0.5582927 -0.7020565 -0.4416743 -0.5607951 -0.7003091 0.47395 0.7160128 -0.5125399 0.4750352 0.7147573 -0.5132871 0.9520558 -0.08006018 -0.2952629 0.9520937 -0.07875096 -0.2954927 -0.8207021 -0.5135214 -0.2504872 -0.8207529 -0.5134329 -0.2505024 0.6949857 -0.7096223 0.115893 0.6960263 -0.7085484 0.1162176 -0.1578598 0.985982 -0.0540359 -0.1584213 0.9858787 -0.05427736 0.0971716 0 0.9952676 0.09717184 -2.7757e-6 0.9952677 -0.2479104 -0.7080737 -0.6611899 -0.2482692 -0.7062045 -0.6630517 -0.1272838 -0.9918664 3.46455e-5 -0.1272836 -0.9918664 3.45145e-5 0.441724 0.5607436 0.7003189 0.442142 0.5580595 0.7021967 0.8564829 -0.5128572 0.05843627 0.8568792 -0.5121977 0.0584076 0.9101895 0.3072298 0.2777856 0.9102052 0.3071664 0.2778045 0.7917938 -0.5592033 -0.2456712 0.7920012 -0.5588634 -0.2457764 0.8217277 0.2371774 -0.51818 0.8216183 0.2382147 -0.5178776 -0.3346049 -0.3017073 -0.8927555 -0.3340704 -0.3039605 -0.8921912 -0.1660451 0.02862501 -0.9857027 -0.165561 0.02863436 -0.9857838 -0.5657467 0.5088221 -0.6488689 -0.5650299 0.5111289 -0.6476793 0.03755486 0.2370546 0.9707702 0.03805041 0.2347539 0.9713098 -0.7496669 -0.1028137 0.6537806 -0.7496402 -0.1014999 0.6540164 -0.366653 0.8799673 -0.302032 -0.365354 0.8809809 -0.3006482 -0.03214401 0.5597822 -0.8280161 -0.0322054 0.5596268 -0.8281188 0.3866459 -0.5578726 -0.7343591 0.3873917 -0.5563945 -0.735087 0.7125479 0.5126104 0.4790679 0.7131646 0.5112367 0.4796179 0.4118848 -0.1044971 -0.9052245 0.412008 -0.1036528 -0.9052655 0.0921849 0.3061691 0.9475033 0.09193158 0.303584 0.9483593 0.5637575 -0.5568403 -0.6100054 0.5629352 -0.5595118 -0.6083179 0.07810264 -0.8806776 -0.4672333 0.07803136 -0.8816095 -0.4654845 0.452952 -0.2392112 -0.8588438 0.4528497 -0.2376812 -0.8593224 0.0164473 0.9856027 0.1682763 0.01601213 0.985941 0.1663255 0.9924501 -0.102252 0.06773084 0.992568 -0.1011365 0.06767749 0.7828015 -0.5102089 0.3562427 0.7831571 -0.5094417 0.3565586 -0.9399359 0.3031514 -0.156907 -0.939606 0.3042716 -0.1567143 0.4443963 0.8828219 0.1521097 0.4461461 0.8818017 0.1529043 -0.9267069 -0.2874103 0.2420942 -0.9267005 -0.2874273 0.242099 -0.03502118 -0.3951721 -0.9179393 -0.03565293 -0.3985826 -0.9164393 -0.3718689 -0.9050855 -0.2062376 -0.371872 -0.9050837 -0.2062394 0.1835839 -0.5597013 -0.8081036 0.1834856 -0.557753 -0.8094719 0.4786353 0.5125171 -0.7129058 0.4790446 0.5108935 -0.7137956 0.8069759 0.507567 -0.3019366 0.8049594 0.5109054 -0.3016888 0.6661204 0.5056939 0.5482312 0.6645185 0.5086885 0.5474041 -0.3004975 0.8810257 0.3653697 -0.3007599 0.8808225 0.3656437 0.463401 0.8519096 0.2439458 0.4616762 0.8530024 0.2433971 0.9344493 0.3052155 -0.1834338 0.9338213 0.3073586 -0.183053 -0.01137614 0.9862324 0.164974 -0.01134365 0.9859304 0.166771 -0.1069467 -0.9857622 0.1297516 -0.1077148 -0.9855034 0.1310752 0.6327215 -0.1015374 -0.7676938 0.6327792 -0.1040563 -0.7673088 -0.916391 0.3986967 0.03561776 -0.9164353 0.3985922 0.03564643 -0.7744194 -0.3079646 0.5526596 -0.7751197 -0.3043226 0.5536941 -0.6604804 0.235114 0.7130828 -0.6595546 0.238051 0.7129653 0.6644333 0.7119103 0.2274035 0.6640308 0.7123456 0.2272152 -0.1358417 -0.7087186 -0.6922898 -0.1359145 -0.7074045 -0.6936182 0.3079149 -0.713578 0.6292812 0.3099308 -0.7099956 0.6323364 0.0933361 -0.9859057 -0.1388473 0.0919702 -0.9862689 -0.1371681 -0.8679025 -0.3016725 -0.394638 -0.866728 -0.3050282 -0.3946397 0.7894348 -0.3083167 0.5307859 0.7897239 -0.307043 0.5310941 -0.207298 0.7149195 -0.6677707 -0.2073115 0.7147657 -0.667931 0.8869795 -0.01622867 -0.4615235 0.8869834 -0.01619434 -0.4615173 0.7750819 0.3043764 -0.5537175 0.7755147 0.302369 -0.554211 0.7497031 0.1010325 -0.6540166 0.7496165 0.1031101 -0.6537917 -0.06806558 -0.1004549 0.9926107 -0.067824 -0.1022532 0.9924436 0.6886826 0.7123842 -0.1350008 0.6889934 0.7120681 -0.1350821 0.7013999 0.5592704 -0.4418767 0.7013421 0.5593588 -0.4418564 -0.0203737 -0.8525894 -0.5221841 -0.02061522 -0.8520202 -0.5231031 -0.1250441 0.9861342 0.1091027 -0.1259963 0.9859411 0.1097508 -0.4118883 0.1044116 0.9052328 -0.4120447 0.1034012 0.9052776 0.9998772 -4.17462e-4 -0.01567101 0.9998771 -4.17657e-4 -0.01567459 -0.4758989 -0.7137653 0.5138671 -0.4750189 -0.7147757 0.5132766 -0.3216878 0.09961992 0.9415907 -0.3218659 0.1023429 0.9412376 -0.6639959 -0.7123807 -0.2272074 -0.6643642 -0.7119886 -0.2273601 -0.4606701 0.8829548 0.09040921 -0.4615586 0.8824651 0.09065812 -0.8225208 -0.3396488 -0.4561778 -0.8229606 -0.3390081 -0.4558612 0.63269 0.1013384 -0.7677461 0.6328063 0.1040545 -0.7672867 -0.263981 -0.8811547 0.3922759 -0.2621908 -0.8826786 0.3900441 0.6686552 -0.7140832 -0.2073293 0.6679236 -0.7147842 -0.2072718 -0.9303366 0 0.3667069 -0.930336 1.70063e-4 0.3667085 -0.8933043 0.1022564 0.4376656 -0.8934092 0.1014719 0.4376342 0.4132711 0 -0.9106081 0.4132385 -2.12812e-5 -0.9106228 0.9277424 -0.2377564 -0.2876909 0.9277856 -0.2375052 -0.2877589 -0.3846292 -0.8518144 -0.3556299 -0.3830366 -0.8529383 -0.354654 -0.3482913 1.73282e-5 0.9373863 -0.348293 2.88805e-5 0.9373858 -0.3954153 -0.2999567 0.8681433 -0.3949376 -0.3020297 0.8676419 -0.6604617 -0.2351622 0.7130842 -0.6595476 -0.2380957 0.7129569 -0.6768596 -0.08134561 0.7316038 -0.6766215 -0.07884454 0.7320976 0.2035056 -0.3951948 -0.8957715 0.2020594 -0.4002539 -0.8938506 0.7497823 -0.101487 -0.6538555 0.7494986 -0.1030983 -0.6539286 -0.1158948 -0.8519713 0.5106009 -0.1152005 -0.8529457 0.5091292 1.49139e-5 1 -1.79902e-5 1.4883e-5 1 -1.82738e-5 0.8423713 0.5129582 -0.1651807 0.8432515 0.5114027 -0.1655123 0.3871067 0.5564014 -0.7352318 0.3868981 0.5578777 -0.7342224 -0.01574295 -8.48668e-7 -0.9998762 -0.01554417 -5.77832e-7 -0.9998793 -0.6678957 -0.7148717 0.2070604 -0.6680157 -0.7147519 0.2070864 -0.5610558 1.52952e-4 0.827778 -0.5610699 0 0.8277685 -0.6250606 0.3087512 -0.7169184 -0.6247308 0.3116652 -0.7159442 0.115529 0.8520373 -0.5105736 0.1155299 0.8529943 -0.5089733 0.517979 -0.238939 0.8213439 0.5178332 -0.2349788 0.8225775 -0.4849438 7.59703e-4 0.8745449 -0.4857581 0.0035429 0.8740862 -0.4836055 -0.001899957 0.8752841 -0.4851939 8.21843e-4 0.8744063 -0.4850289 1.85989e-4 0.8744981 -0.485152 -1.66593e-5 0.8744298 -0.4855801 8.75697e-4 0.8741918 0.2480865 0.7075771 0.6616554 0.2483652 0.7060862 0.6631419 -0.06452906 -0.309224 0.9487975 -0.06515192 -0.3035917 0.9505721 0.2723394 0.3963688 0.8767685 0.2716298 0.3985196 0.8760134 0.8092054 -0.1021738 -0.5785733 0.8094044 -0.1013298 -0.5784435 -0.6187327 0.7148465 -0.3258289 -0.6193015 0.7142909 -0.3259664 0.03164356 0.8842865 -0.4658715 0.03159272 0.8837881 -0.4668197 -0.2720381 0.3985281 -0.8758828 -0.2718878 0.3961262 -0.8770183 0.6595386 -0.2381736 -0.7129392 0.6592491 -0.2390053 -0.7129285 0.9054915 0.09932881 0.412576 0.9054237 0.1010555 0.4123057 0.1409446 -0.5139066 -0.8461884 0.1407232 -0.5144947 -0.8458678 -0.9101608 0.307312 -0.2777889 -0.9101871 0.3072252 -0.277799 -1.83029e-4 0.7465577 -0.6653208 -2.03679e-4 0.7465987 -0.6652747 -0.8948743 0.4463182 2.91387e-4 -0.8948557 0.4463556 2.90977e-4 -0.8710578 -0.07894325 -0.4847951 -0.8721439 -0.07806903 -0.4829807 -0.9679425 0.2511717 3.17076e-4 -0.9679556 0.2511215 3.17411e-4 -0.7128819 -0.2368907 -0.6600623 -0.7127334 -0.2392353 -0.6593766 -0.7316552 -0.0807563 -0.6768745 -0.7317044 -0.08140009 -0.6767443 0.7132931 0.2371425 0.6595274 0.7133846 0.2356057 0.6599791 0.9106566 -0.3057012 0.2779414 0.91081 -0.3051782 0.2780135 -0.2889522 0 0.9573436 -0.2889546 0 0.9573428 -0.09325271 -0.9859305 0.1387263 -0.09217822 -0.9862241 0.137351 -0.02059251 0.8520214 -0.5231018 -0.02034252 0.8525944 -0.5221772 0.08320015 0.5063101 0.8583285 0.08331412 0.5079807 0.8573298 0.8216097 -0.2382199 -0.5178889 0.8217414 -0.2371717 -0.5181611 -0.3216547 -0.1021814 0.9413274 -0.3219007 -0.09979176 0.9414997 -0.394947 0.3019577 0.8676627 -0.3953881 0.3000163 0.8681352 -0.8431847 0.5115187 0.1654938 -0.8422726 0.5131221 0.1651744 0.324225 -1.03824e-5 -0.94598 0.3242586 0 -0.9459686 -0.7924765 -0.5581552 0.2458536 -0.792024 -0.5589503 0.2455049 -0.6638017 0.7125837 -0.2271382 -0.664528 0.7118157 -0.2274228 -0.7805159 9.65e-5 0.625136 -0.7805333 3.86007e-4 0.6251143 0.8432502 -0.5114018 -0.1655221 0.842372 -0.5129586 -0.1651757 0.01589614 -0.9861685 0.1649819 0.01631456 -0.9858285 0.166961 -0.8314743 0 -0.5555632 -0.8314706 0 -0.5555689 0.3791748 0.5080692 0.7733643 0.3788068 0.5091228 0.7728514 0.01567441 5.25428e-7 0.9998772 0.5318293 -2.31859e-6 0.8468517 0.01566421 3.58247e-7 0.9998773 0.4499197 0.8824432 0.1373553 0.4491013 0.8829052 0.1370646 -0.4609996 -0.7129198 -0.5284172 -0.4592725 -0.715218 -0.5268133 -0.4267922 0.3987222 0.8117076 -0.4267457 0.4002532 0.8109782 0.2719122 -0.3963052 0.8769299 0.2720242 -0.3985782 0.8758643 0.71711 0.3077032 -0.6253575 0.7174252 0.3058728 -0.6258937 -0.9813049 -0.1011109 -0.16376 -0.981388 -0.1002321 -0.1638023 -0.4120545 -0.1034036 0.9052729 -0.4118915 -0.1043356 0.9052401 0.7021747 -0.708755 -0.06794935 0.7027511 -0.708184 -0.06794446 0.6729752 -0.3998839 0.6222518 0.6732152 -0.3985531 0.6228456 0.6366243 0.02861195 0.7706432 0.6358798 0.02859085 0.7712585 -0.7012721 -0.5594517 0.4418498 -0.7023211 -0.5572276 0.4429928 -0.2390589 0.9709979 0.003746569 -0.2390593 0.9709978 0.003745257 -0.8208164 0.5133209 -0.2505235 -0.8207559 0.5134178 -0.2505235 -0.3851964 0.8808799 0.2750895 -0.3843979 0.8814532 0.2743694 0.8820493 -0.0787332 0.4645324 0.8820307 -0.08046942 0.4642701 -0.4750267 0.7147817 0.5132609 -0.4758802 0.7137787 0.5138657 -0.8431509 -0.08146774 0.5314694 -0.8431171 -0.08079409 0.5316259 0.2907764 0.7122699 -0.6388433 0.2917355 0.7087491 -0.6423124 -0.713357 0.5114406 -0.4791141 -0.715011 0.5076237 -0.4807053 -0.1366236 -0.9858162 0.0974695 -0.1369842 -0.9857388 0.09774708 -0.7901303 0.3067809 -0.5306409 -0.7897734 0.3083271 -0.5302757 -0.3483306 0 0.9373717 -0.34833 0 0.937372 -0.770998 0.02864825 0.6361931 -0.7713673 0.02863502 0.6357457 0.4703453 -0.8813065 -0.04554444 0.4705811 -0.8811812 -0.04553365 0.1593867 -0.9860168 0.04865044 0.15939 -0.9860164 0.04864722 -0.4445221 -0.8827538 -0.1521382 -0.4443453 -0.8828516 -0.1520864 0.3671714 0.8795914 0.302497 0.3655069 0.8809195 0.3006424 -0.6247179 -0.3115451 -0.7160078 -0.6250764 -0.3087739 -0.7168948 -0.9573581 0.288904 2.94752e-4 -0.9581729 0.28619 3.13446e-4 -0.1831805 -0.5597733 0.8081453 -0.1839056 -0.5577349 0.809389 -0.775745 0.3992152 0.4887197 -0.776144 0.3975839 0.4894155 0.6768329 0.08125394 -0.7316387 0.6766323 0.07866406 -0.7321071 0.2082719 0.7118844 0.6707037 0.2065196 0.7150041 0.6679213 -0.9987573 -0.04983901 3.10936e-4 -0.9987561 -0.04986202 3.1089e-4 0.7702199 0.5139724 -0.3776161 0.7725144 0.5100207 -0.3782864 0.517958 0.2390081 0.8213371 0.5178673 0.2349544 0.822563 -0.3560299 -0.8814162 0.3104003 -0.3537014 -0.8829393 0.3087289 0.632779 0.7096455 -0.3098293 0.6300133 0.7125117 -0.3088857 0.3257021 0.7163215 -0.6170913 0.3263961 0.7135505 -0.6199286 -0.9514619 0.1019193 -0.2904013 -0.9514708 0.1018309 -0.290403 -0.5224996 0.852397 0.02033859 -0.5225132 0.8523888 0.02032899 0.7130482 -0.5115036 0.4795063 0.7126559 -0.5123583 0.4791769 -0.4443895 0.8828214 -0.1521331 -0.4444441 0.8827957 -0.1521221 0.06963843 0.9857074 -0.1534007 0.06922626 0.9859118 -0.1522685 0.4890598 -0.3965933 0.7768747 0.4888544 -0.4001764 0.7751647 0.3269417 -0.7135875 -0.6195983 0.3250818 -0.7162904 -0.6174544 0.7133655 -0.2357367 0.6599531 0.7132728 -0.2371442 0.6595489 -0.7496345 0.1014991 0.6540231 -0.7496708 0.1028131 0.6537762 0.6992562 -0.714353 -0.02721416 0.699327 -0.7142848 -0.02718365 -0.05919128 -0.9856063 -0.1583563 -0.05892127 -0.9858037 -0.1572238 -0.9976821 4.15251e-5 -0.06804734 -0.9976831 4.15234e-5 -0.06803315 0.9394488 0.3047611 0.1567064 0.9396347 0.3042287 0.1566255 0.9482148 0.3040688 -0.09182047 0.9479687 0.3048585 -0.09174275 -2.72072e-4 0 -1 -2.72034e-4 0 -1 -0.8216772 -0.2379471 0.5179074 -0.8217011 -0.237367 0.5181354 0.3464521 0 -0.9380677 0.346449 -1.92418e-5 -0.9380688 -0.7898697 -0.308057 -0.5302895 -0.7900465 -0.3070639 -0.5306018 2.71781e-4 0 1 2.71739e-4 0 1 -0.782903 -0.5099745 -0.356355 -0.7833286 -0.5091341 -0.3566213 -0.90074 0.3056309 -0.3086377 -0.9003246 0.3068942 -0.3085961 -0.8819337 0.08024221 -0.4644934 -0.8821497 0.07891654 -0.4643104 0.9975669 0 -0.0697152 -0.3464671 1.19147e-5 0.9380621 -0.3464684 7.2964e-5 0.9380617 -0.3464743 5.50761e-6 0.9380595 0.1543319 0.8527203 0.4990489 0.1544134 0.8526064 0.4992184 0.5477731 -0.5079964 -0.6647438 0.54791 -0.5074285 -0.6650646 -0.9057081 -0.09939116 -0.4120852 -0.9056548 -0.1010261 -0.4118047 -0.7175809 -0.3057964 0.6257526 -0.7169682 -0.3078216 0.6254618 -0.5814769 0 -0.813563 -0.5814735 0 -0.8135654 -0.9908202 0 0.1351864 -0.99082 1.15185e-5 0.1351882 -0.9675292 1.60403e-4 0.2527595 -0.967528 0 0.252764 0.1348401 -0.7137266 0.6873227 0.1343421 -0.715052 0.6860415 0.9093904 0.02860027 -0.4149592 0.9093549 0.02859735 -0.4150372 -0.06508451 0.3091419 0.9487862 -0.06458061 0.3035795 0.9506151 -0.886985 0.01624518 0.4615124 -0.8869834 0.01625722 0.4615151 0.1661702 0.9857068 0.02774161 0.1662138 0.9857001 0.02771824 0.5016097 -0.5052828 0.7021945 0.4992077 -0.5105348 0.7001042 0.878656 0.3950281 0.2681727 0.8786207 0.3951089 0.2681693 -0.1593855 0.9860163 -0.04866403 -0.1593949 0.9860144 -0.04867136 9.1015e-6 1 0 2.2608e-5 1 -1.54132e-5 2.17579e-5 1 -9.71553e-6 7.96407e-6 1 1.0545e-5 2.47106e-5 1 -9.04388e-6 0.9812977 0 -0.1924965 0.9812962 -4.15381e-5 -0.1925046 0.1247923 0.9861924 -0.1088647 0.1251462 0.9861192 -0.1091208 -0.99082 1.2398e-4 0.1351882 -0.9908199 1.24497e-4 0.135188 0.9961113 0.07914245 -0.03871196 0.9961172 0.07904809 -0.03875511 -0.3482913 5.07669e-6 0.9373863 -0.3482964 5.2691e-6 0.9373845 -0.09713733 0 -0.9952711 -0.09711331 0 -0.9952734 0.9380602 0 0.3464723 0.9380597 0 0.3464739 0 -1 -1.58295e-5 0 -1 1.58298e-5 0 -1 0 0 -1 0 -9.83979e-6 -1 -2.85747e-5 -9.79216e-6 -1 2.84408e-5 -9.83967e-6 -1 -2.85788e-5 -9.79209e-6 -1 1.42247e-5 7.58311e-7 -1 7.62574e-7 -7.51107e-7 -1 7.55559e-7 0.7012877 -0.5594261 -0.4418574 0.7013321 -0.559359 -0.441872 -0.4579916 0 0.8889566 -0.457997 0 0.8889537 -0.3483386 0 0.9373688 -0.3483365 0 0.9373697 0.9514741 -0.1017948 0.2904046 0.9514728 -0.1018139 0.2904024 0.1574184 -0.9857792 -0.05881124 0.1581736 -0.9856314 -0.05926012 0.7675795 -0.1046349 0.6323554 0.7685645 -0.09853273 0.6321392 8.37718e-6 1 1.1751e-6 8.37729e-6 1 0 -0.8426547 -0.2874355 0.4553176 -0.8426593 -0.2874265 0.4553145 -3.29883e-4 0 -1 -2.96902e-4 -3.08834e-5 -1 -0.9576358 9.99579e-6 -0.2879825 -0.9576329 9.83701e-6 -0.2879921 -0.9576349 9.83226e-6 -0.287985 -0.288954 0 0.9573431 -0.2889524 0 0.9573435 -0.292226 0 0.9563494 0 1 -1.30774e-5 0.533852 -1.61295e-5 0.845578 0.5339273 -8.06439e-6 0.8455304 8.46576e-6 1 2.69187e-6 8.46695e-6 1 5.06675e-6 -0.5822393 0.7126039 -0.391399 -0.5819784 0.7128822 -0.3912802 0.157578 0.2996481 -0.9409465 0.1564561 0.306022 -0.9390805 -0.1165561 -0.7087302 0.6957847 -0.116448 -0.7106158 0.6938769 1.11009e-5 1 -4.29363e-6 1.06419e-5 1 -3.31609e-6 -0.9675279 1.24498e-4 0.2527644 -0.9675285 1.13176e-4 0.2527621 0 -1 -5.73e-6 0 -1 7.18094e-7 0 -1 -7.09754e-7 0 -1 1.4232e-6 0 -1 7.25176e-7 1.1038e-4 -1 -8.17261e-5 -3.02044e-5 -1 -4.57712e-6 0 -1 -2.59304e-6 9.9076e-5 -1 -4.25299e-5 -2.30015e-5 -1 0 0.8206084 0.5136852 0.2504585 0.8207132 0.5135123 0.2504696 0.8757926 -0.3989962 -0.2716424 0.8759229 -0.3986263 -0.271765 -0.2746172 0.001892507 0.9615518 -0.2739225 0.01685875 0.961604 -0.2932345 -0.009212195 0.9559963 -0.2898988 -0.01233887 0.9569779 -0.2709811 -0.017394 0.9624276 -0.2755736 -0.001859307 0.9612782 -0.2748932 0.001829087 0.9614731 -0.2707085 0.01737654 0.9625046 -0.2896164 0.01249015 0.9570613 -0.2932697 0.009099662 0.9559865 -0.2725786 -0.0167098 0.9619885 -0.2740471 -0.00184679 0.9617146 -0.2969433 -0.003141522 0.95489 -0.2921913 -0.005644023 0.9563433 -0.2966893 0.003133177 0.9549689 -0.2921981 0.005705893 0.9563408 -0.297144 0.003106594 0.9548277 -0.292176 -8.04076e-4 0.9563643 -0.2905609 5.29293e-6 0.9568566 -0.2922292 8.20096e-4 0.956348 -0.291608 7.05526e-6 0.956538 0.2739093 0.001829504 -0.9617538 0.2742679 0.01707655 -0.9615018 0.2897319 0.01260268 -0.9570249 0.2932348 0.009082436 -0.9559974 0.2725347 -0.01703339 -0.9619953 0.2751352 -0.001798033 -0.9614039 0.2754295 0.001767218 -0.9613197 0.2710158 0.01726543 -0.9624201 0.2934723 -0.008952021 -0.9559257 0.2895654 -0.01273667 -0.9570736 0.2739908 -0.0169937 -0.9615822 0.27566 -0.001876235 -0.9612534 0.2972602 -0.003107786 -0.9547914 0.292235 0.00547254 -0.956331 0.2965541 0.003012299 -0.9550114 0.2967402 -0.003002882 -0.9549536 0.2922542 -0.005438685 -0.9563253 0.2966314 0.003047227 -0.9549873 0.2921518 -8.889e-4 -0.9563717 0.2905157 -5.29365e-6 -0.9568703 0.2922563 8.72833e-4 -0.9563396 0.291608 -7.05526e-6 -0.956538 0.5315799 -0.08162355 0.8430662 0.531624 -0.08204591 0.8429973 0 1 1.13156e-5 0 1 -2.82885e-6 -0.6825329 0.7142735 -0.1547974 -0.68228 0.7145359 -0.1547011 0.7919397 0.5589503 -0.2457765 0.7918578 0.5591135 -0.2456691 -0.4579918 1.24497e-4 0.8889564 -0.4579872 1.1798e-4 0.8889588 -0.7920887 0.5588414 0.245544 -0.7925283 0.5580694 0.2458812 -0.6679373 0.7148292 0.2070724 -0.6677544 0.7150058 0.2070526 -0.4593069 0.7151182 -0.5269187 -0.4609599 0.7129571 -0.5284016 -0.8716471 -0.08427625 -0.4828345 -0.8713588 -0.08499228 -0.4832291 0.6709299 0.7126953 0.2047404 0.67128 0.7123203 0.2048975 0.7835686 0.5086884 0.3567299 0.7831276 0.5095874 0.3564158 0.1829674 0.3091202 0.9332565 0.1840097 0.3021799 0.9353223 0.9514691 -0.1019133 0.2903797 0.9514562 -0.1019788 0.2903989 -0.5908891 0.7154794 0.3727457 -0.5917896 0.7145819 0.3730388 0.7790974 0.05993473 -0.6240313 0.7790991 0.05993056 -0.6240297 -0.6712509 0.7123515 -0.2048845 -0.6709116 0.712704 -0.2047699 -0.9303367 1.22361e-4 0.3667066 -0.9303364 1.22362e-4 0.3667073 0.0113216 -0.9858417 -0.1672961 0.01134026 -0.9859507 -0.166651 -0.3897005 0.8828815 -0.2620189 -0.3896566 0.8829331 -0.26191 -0.5629756 0.5595331 0.6082609 -0.5628956 0.55966 0.6082181 0.898612 -0.4387441 -2.45076e-4 0.8985138 -0.4389453 -2.46581e-4 0.1097096 0.9859948 0.1256111 0.1096953 0.9859933 0.1256359 -0.34831 0 0.9373795 -0.3483086 0 0.93738 -0.9998773 3.38269e-4 0.01566785 -0.9998772 0 0.01566982 0.9762024 -0.1020256 -0.1913626 0.9761096 -0.1028065 -0.1914182 -0.3720197 -0.9050736 -0.2060178 -0.3713724 -0.9051991 -0.206633 0.8933218 -0.1020935 -0.4376682 0.8933809 -0.1016308 -0.4376549 0.2680014 -0.3965757 -0.8780108 0.2596095 0.04088336 -0.964848 0.5925454 -0.7138053 -0.3733255 0.5916271 -0.7147361 -0.3730008 -0.5100944 0.8523076 -0.1156533 -0.5099537 0.8523994 -0.1155963 0.7897601 0.3070197 0.5310539 0.7894481 0.3083071 0.5307717 -0.3176918 -0.06947946 0.9456451 -0.2681102 -0.3958292 0.8783145 -0.4304467 -0.8810797 -0.1959958 -0.4306732 -0.8809462 -0.1960983 0.3909556 0.7128925 -0.5821838 0.3906696 0.7133224 -0.5818493 0.3482984 0 -0.9373837 -0.8786029 -0.3951205 -0.2682107 -0.878361 -0.3957443 -0.268083 0.2681916 0.3964242 -0.8780211 0.2560908 0.197445 -0.9462732 -0.9863609 0 -0.1645973 -0.9863591 8.51043e-5 -0.1646077 -0.5772549 7.37114e-6 -0.8165641 -0.5772463 7.05318e-6 -0.8165702 -0.3091272 0.2426062 0.9195557 -0.2682496 0.3959049 0.8782377 0 1 -7.42876e-6 -0.9543388 -0.2987264 0 -0.9543402 -0.2987223 0 -0.8488022 0.5094094 -0.1415524 -0.8486978 0.5095864 -0.1415407 -0.1678109 -0.9856854 0.01624506 -0.167997 -0.9856538 0.01624011 -0.3575578 0.933891 0 -0.357558 0.9338909 0 -0.2889224 5.3682e-6 0.9573525 -0.2889681 1.12238e-5 0.9573388 0.2681204 -0.3959699 -0.8782479 -0.5311335 -0.3065261 0.789898 -0.5314031 -0.3056603 0.7900522 0.8141185 0 -0.5806989 0.8141125 0 -0.5807072 -0.2869095 0 0.9579577 -0.2869126 0 0.9579567 -0.2212523 8.06784e-6 0.9752167 -0.2212947 4.03387e-6 0.975207 -0.7805152 0 0.6251369 -0.7805407 1.89205e-4 0.6251051 0.7750858 -0.304448 -0.5536727 0.7754177 -0.3024744 -0.5542894 -0.3083254 -0.303821 0.9014589 -0.307761 -0.3066079 0.900708 0.5637615 0.5568706 -0.609974 0.5629671 0.5594743 -0.6083227 -0.3844617 -0.8813953 0.274466 -0.3851483 -0.8809195 0.2750303 0.9812533 -0.1016731 0.1637214 0.9813295 -0.1011149 0.1636102 0.5610303 0 -0.8277953 0.5610261 0 -0.8277981 0.9953474 0 -0.09635192 0.9953453 0 -0.09637326 0 1 -2.54975e-7 0 1 3.41525e-7 0.04676562 -0.9982035 -0.03745484 0.04676699 -0.9982033 -0.03745782 -0.791668 0.4251399 -0.4387688 -0.791648 0.4251724 -0.4387731 0.8112484 -0.3994644 0.426971 0.8115284 -0.3984509 0.4273859 -0.6087049 -0.5591082 -0.5629179 -0.6089606 -0.5583963 -0.5633476 0.5749491 -0.7080231 -0.4100451 0.5746715 -0.7084529 -0.4096918 -0.2202252 0.07971715 0.9721862 -0.2203598 0.08037739 0.9721013 -0.02723252 0.7145124 -0.6990927 -0.02712261 0.7149668 -0.6986321 3.26045e-4 2.9314e-6 1 3.22139e-4 6.01983e-6 1 0.8611359 -0.1759464 0.4769569 0.8611977 -0.175938 0.4768484 -0.9863585 4.44226e-5 -0.1646116 -0.9863592 0 -0.164607 -0.7023481 -0.7085807 0.06797516 -0.7018796 -0.7090486 0.06793451 -2.51644e-4 -0.2944109 -0.9556789 -2.62748e-4 -0.2944108 -0.9556789 0.5478788 0.5077254 -0.6648638 0.5480728 0.5069802 -0.6652724 -0.2889453 3.10424e-6 0.9573457 -0.2889389 9.09918e-6 0.9573476 -0.5917399 -0.7146461 0.3729945 -0.5909909 -0.7153586 0.3728163 0.6063267 -0.3019153 -0.7356733 0.6061894 -0.3022342 -0.7356554 0.8092683 0.1023488 -0.5784545 0.8093441 0.1011536 -0.5785586 0.7723968 -0.510228 -0.3782468 0.7703374 -0.5137441 -0.3776872 0.6602544 0.7091282 -0.2473894 0.660571 0.7087688 -0.247574 0.1500903 -0.9859365 -0.07350093 0.149383 -0.9860671 -0.07318937 -0.2892215 0 0.9572622 -0.2886306 0 0.9574406 0.09712517 0 0.9952722 0.0971561 -5.31721e-6 0.9952692 0.3492066 -0.1018975 0.9314889 0.3491634 -0.1013476 0.9315651 0.2790294 -0.5107738 -0.8131746 0.2780576 -0.5139578 -0.8114995 0.03186601 0.9862415 0.1622111 0.03199511 0.986024 0.1635023 0.7755151 0.3993178 -0.4890009 0.77631 0.3976591 -0.489091 0.6687831 0.7139549 -0.2073588 0.6680495 0.7146502 -0.2073284 0.03557419 -0.3985714 0.9164471 0.03588104 -0.3999557 0.9158319 0.4213092 -0.8831383 -0.2063142 0.421824 -0.882853 -0.2064829 0.9556856 -0.2943893 -2.62348e-4 0.9556401 -0.294537 -2.65568e-4 -0.7791084 -0.05988252 0.6240227 -0.7791025 -0.05993241 0.6240254 -0.9479848 0.3048021 0.09176295 -0.9481481 0.3042786 0.09181404 -0.2954799 5.47057e-6 0.955349 -0.2954701 1.78756e-5 0.9553521 0.7170517 -0.3075353 -0.6255069 0.7175598 -0.3057672 -0.6257909 -0.4425839 0.8812847 0.1657007 -0.4434362 0.8808077 0.1659582 0.5281363 0.7131321 -0.4609934 0.5318843 0.7086896 -0.463528 -0.03854769 0.08053255 -0.9960064 -0.03840774 0.08133196 -0.9959468 0.3554807 -0.5140643 -0.7806224 0.3562983 -0.5078312 -0.7843208 -0.5316479 -0.08189523 -0.842997 -0.5310603 -0.07710921 -0.8438183 0.03195172 -0.9860296 0.1634773 0.03181785 -0.9862271 0.1623074 -0.3291909 -0.3120151 0.8912239 -0.3293945 -0.3106978 0.8916088 1.5182e-7 0 -1 0 -1 1.91932e-6 1.1398e-5 -1 -1.27756e-4 -0.9730766 -0.2299773 0.01524949 -0.973082 -0.2299543 0.0152511 0.9863587 0 0.1646106 0.9863598 0 0.1646037 -2.66504e-4 0 -1 -2.71263e-4 0 -1 -0.09813255 -0.9856237 -0.137535 -0.09755361 -0.9858397 -0.1363952 -0.2570956 -0.9663861 8.95887e-5 -0.255172 -0.9668957 9.36532e-5 0.4695279 0.8823355 0.03206074 0.4690623 0.8825854 0.03199291 0.334354 0.3036488 0.8921911 0.3343501 0.3017599 0.8928331 -0.9752704 1.61313e-5 -0.2210155 -0.9752634 1.61329e-5 -0.2210463 0.6590669 0 0.7520844 0.6590659 0 0.7520853 -0.8797794 1.18765e-4 0.4753823 -0.8797816 1.35815e-4 0.4753784 -0.6653116 0.7465659 1.80774e-4 -0.6653187 0.7465596 1.80945e-4 -0.6490711 0.7415884 0.1695681 -0.6491407 0.7415204 0.1695992 -0.3015409 0.5105121 -0.8052644 -0.3023631 0.5080214 -0.8065301 0.3099583 0.7099068 0.6324226 0.307883 0.7136191 0.6292503 -0.8918462 0.3054168 0.333663 -0.8921003 0.3043878 0.3339239 -0.3018327 -0.001326978 -0.95336 -0.301305 -0.001509726 -0.9535267 0.6822931 -0.7145642 0.1545128 0.6832118 -0.7135874 0.1549672 -0.1272877 -0.9918659 3.41419e-5 -0.1272878 -0.9918659 3.49483e-5 -0.6590058 -2.3824e-5 -0.752138 -0.6590313 0 -0.7521156 0.8299229 0 0.5578782 0.8299391 0 0.5578541 0.9998772 -3.80949e-5 -0.01567006 0.9998772 0 -0.01567536 -0.5784038 -0.09755927 -0.8098959 -0.5778904 -0.1013452 -0.8097975 0.3390933 -0.20566 -0.9179976 0.3392451 -0.20436 -0.9182319 -0.6054433 -0.3024639 0.7361752 -0.6048497 -0.3089837 0.7339523 -0.6768516 0.08133095 0.7316128 -0.6765882 0.07898706 0.732113 0.565773 0.5087308 0.6489176 0.5650651 0.5111239 0.6476526 0.0271697 0.7149688 0.6986283 0.0273109 0.714447 0.6991563 -0.9057887 0.09968733 -0.4118368 -0.9055663 0.1010322 -0.411998 0.8112991 0.3993232 0.4270067 0.811538 0.3984664 0.4273533 -0.8666528 0.3053218 -0.394578 -0.8679719 0.3013797 -0.3947092 0.8433722 -0.07847243 -0.531569 0.8434044 -0.08073294 -0.5311792 -0.6468823 -0.5125286 0.564675 -0.6487771 -0.5089544 0.565733 1.36288e-4 1 -2.01387e-4 5.94547e-4 0.9999993 -0.00111711 0.1638602 -0.9859598 -0.03214102 0.1637637 -0.9859758 -0.0321443 -0.1548997 0.713422 0.6833998 -0.1543779 0.7144539 0.6824391 -0.2146149 0.2374868 0.9473862 -0.2152316 0.2347951 0.9479171 -0.2877711 0.2370941 -0.9278869 -0.2880235 0.2391942 -0.9272695 0.355858 0.8815332 -0.3102651 0.3537776 0.8828738 -0.3088289 0.07817304 0.8812146 -0.4662081 0.07819861 0.8811176 -0.466387 0.3087522 0.8829917 0.35355 0.3089569 0.8828641 0.3536902 0 -0.3151151 0.9490535 0 -0.3151157 0.9490533 0.4132345 -2.22193e-5 -0.9106247 0.4132605 -1.11092e-5 -0.9106129 0.3491333 0.1012494 0.9315871 0.3491633 0.1019178 0.931503 -0.9344754 -0.305141 0.1834251 -0.9337999 -0.3074178 0.183063 -0.4579874 4.28184e-4 0.8889586 -0.4579867 3.87688e-4 0.8889591 -0.5179493 -0.2394561 -0.8212122 -0.5179948 -0.2390153 -0.8213118 -0.9303349 1.15185e-5 0.366711 -0.9303344 2.30372e-5 0.3667123 0.02063184 -0.8519832 0.5231626 0.02038425 -0.852583 0.5221942 -0.01567208 -7.33048e-6 -0.9998773 -0.01575404 3.00192e-6 -0.9998759 -0.01564896 -5.22414e-6 -0.9998776 -0.01566928 -1.45623e-5 -0.9998773 -0.01556158 4.9189e-4 -0.9998789 -0.01567125 -6.12036e-6 -0.9998772 -0.01567643 -2.09952e-5 -0.9998772 -0.01572114 -1.18566e-5 -0.9998764 -0.01560366 -2.09942e-5 -0.9998783 -0.01548349 0 -0.9998802 -0.01567238 -4.42561e-6 -0.9998772 -0.0156731 -1.03022e-5 -0.9998773 -0.01566481 -7.89676e-6 -0.9998774 -0.183565 -0.3088874 -0.9332162 -0.1833721 -0.3026221 -0.9353046 -0.2910348 -0.7116455 0.6394213 -0.291814 -0.7087402 0.6422865 0.09120053 0.8807464 0.464724 0.09081357 0.8815231 0.4633249 0.4420459 0.8526132 -0.2786508 0.4432284 0.8518503 -0.2791054 0.4749969 -0.7148101 -0.513249 0.4739513 -0.7159646 -0.512606 -0.5783964 0.09756767 -0.8099001 -0.5778669 0.101276 -0.8098229 0 1 -9.90082e-6 0 1 8.62273e-6 -0.4992079 0.5104807 -0.7001435 -0.501686 0.5051057 -0.7022674 -2.04238e-5 -1 1.80658e-6 -2.04235e-5 -1 -3.2139e-6 0.1678683 -0.9856756 -0.01625019 0.1677885 -0.985689 -0.01625478 -0.9953452 0 0.09637415 -0.9953461 0 0.09636509 -0.1574971 0.9857547 0.05901181 -0.1575276 0.9857503 0.05900305 -0.1666383 -0.9859526 -0.01136791 -0.1666216 -0.9859554 -0.01136422 -0.9813545 0.1005371 -0.163816 -0.9813054 0.1011121 -0.1637564 0.9318439 0.1001377 -0.3487685 0.931756 0.1018832 -0.3484975 0.2761671 -0.8797299 0.387049 0.2739867 -0.882152 0.3830658 -0.3391249 -0.2043122 0.918287 -0.3393528 -0.2021061 0.9186908 0.6540182 -0.09676396 0.7502646 0.6540702 -0.1013225 0.7496172 0.06751739 -0.7106597 0.7002887 0.06833857 -0.707492 0.7034096 -0.08274567 -0.5138909 -0.8538556 -0.08218038 -0.5074425 -0.8577578 -0.6736012 0.3965138 -0.6237295 -0.6732078 0.3985978 -0.6228251 -0.4786278 0.5124887 0.7129313 -0.4771755 0.5182677 0.7097198 -0.7133509 -0.5114911 -0.4790693 -0.7153043 -0.5070628 -0.4808607 0.278949 0.8526715 0.4417452 0.2784693 0.8530675 0.4412831 -0.2781221 -0.5139716 0.8114686 -0.2766223 -0.5190303 0.808757 -0.04677432 0.9982022 0.03747725 -0.04678094 0.9982015 0.03748911 3.23498e-5 1 1.84673e-6 2.02921e-5 1 -5.70776e-6 2.22048e-5 1 0 -0.07053542 -0.9853699 0.1551483 -0.07034146 -0.9854981 0.1544202 0.2617358 -0.8827304 -0.3902326 0.2635437 -0.8811945 -0.3924806 0.8206937 -0.5135267 0.2505042 0.8205233 -0.5138275 0.2504453 0.6299519 -0.7125784 -0.308857 0.6327743 -0.7096409 -0.3098494 -0.8946907 -0.3980121 -0.2027682 -0.8942433 -0.3989638 -0.2028717 0.02727866 -0.7144967 0.6991068 0.0271306 -0.7150141 0.6985835 -0.1575257 -0.9857515 0.05898904 -0.1574971 -0.9857547 0.05901181 -0.1958759 -0.8809941 0.4306764 -0.1956257 -0.8814722 0.4298107 0.5438477 -0.7095794 0.4480254 0.5424752 -0.7116635 0.4463807 -0.04766851 -0.708666 0.7039321 -0.04800009 -0.7150634 0.6974098 0.4791533 -0.51097 -0.7136679 0.4785795 -0.5122662 -0.7131235 -0.272371 -0.3961467 -0.8768591 -0.2715971 -0.3985284 -0.8760196 0.291971 -0.7081909 -0.6428208 0.2910354 -0.711629 -0.6394393 -0.6416416 0.7091656 -0.292199 -0.6410705 0.7098675 -0.2917481 -0.07804721 0.8815331 0.4656267 -0.07805562 0.8813118 0.4660439 -0.08269703 0.5143707 -0.8535714 -0.08217167 0.5079181 -0.8574773 -0.07319748 -0.986009 -0.1497615 -0.07424038 -0.9856655 -0.1514989 0.6089961 0.5582746 0.56343 0.6086862 0.5591325 0.5629139 -0.604181 0.3090735 0.7344651 -0.606143 0.3024712 0.7355963 -0.437228 0.09582239 -0.8942314 -0.4376532 0.1052992 -0.8929569 -0.6659594 0.5060721 -0.5480778 -0.6645683 0.508526 -0.5474945 0.4528465 0.2376713 -0.8593267 0.4529719 0.2391417 -0.8588525 0.2618215 0.8826493 -0.3903584 0.2635663 0.8812112 -0.392428 0.2745493 0.8816107 0.383908 0.2767026 0.8792264 0.3878101 -0.7761997 -0.3974738 0.4894165 -0.7757208 -0.399248 0.4887313 -0.6712281 -0.7123771 -0.2048701 -0.6713537 -0.7122475 -0.2049093 -0.8165845 1.06534e-4 0.577226 -0.8165844 1.06534e-4 0.5772261 0.624671 -0.3118341 0.715923 0.6250699 -0.3088909 0.7168501 0.3867058 0.8797782 -0.276494 0.3829536 0.8824788 -0.2730892 0.1636785 0.1038005 -0.9810376 0.1643661 0.09944993 -0.9813734 0.4274878 -0.4001119 -0.8106571 0.4275463 -0.3986749 -0.8113338 -0.04595595 0.8812104 -0.4704852 -0.04503923 0.8834607 -0.4663354 -0.7024795 0.5573187 0.4426268 -0.7009898 0.5595166 0.4422155 -1.57482e-5 -1 3.37838e-5 -2.09365e-5 -1 -1.50262e-5 0.5650898 -0.5109835 0.6477419 0.5657823 -0.5087268 0.6489126 0.7005144 0.6650764 0.2587526 0.7004494 0.6651594 0.2587156 0.4630095 -0.7102882 0.5302008 0.4608732 -0.7130863 0.5283029 1 -3.09533e-5 -5.599e-4 1 -3.44022e-5 -4.88035e-4 1 -1.24712e-4 -3.2498e-4 1 -1.10095e-4 -3.25708e-4 -0.3212239 0 -0.9470033 0.2076745 -0.8815832 0.4238898 0.2063634 -0.8829087 0.4217658 0.7761058 -0.3977143 -0.4893701 0.7756637 -0.3994084 -0.4886907 0.1955892 -0.8815443 -0.4296795 0.1958676 -0.881008 -0.4306518 -0.9543425 -0.2987148 0 -0.954334 -0.2987418 0 0.4108788 0.7065408 0.576176 0.407912 0.7131264 0.5701391 -0.3536577 0.8829753 0.308676 -0.3559039 0.8814848 0.31035 -0.3866381 -0.557821 0.7344023 -0.3856289 -0.5598423 0.7333942 0.9761886 0.1021545 -0.1913645 0.9761196 0.1027138 -0.1914173 -0.4469517 0.7112188 0.5425882 -0.4483014 0.7084501 0.5450912 0.4993933 0.5100146 0.7003511 0.501799 0.5046674 0.7025017 0.1839078 0.5577858 -0.8093534 0.1831681 0.5597376 -0.8081728 0.5778585 -0.1013813 0.8098158 0.5770933 -0.1054613 0.8098403 -0.3856161 0.5598745 0.7333763 -0.3865608 0.5579148 0.7343717 0.8562018 0.5099694 -0.08276224 0.8567018 0.5090987 -0.08294975 0.3653674 -0.88096 0.300693 0.366599 -0.8799777 0.302067 -0.4844908 6.84059e-4 0.8747961 -0.4842623 0 0.8749229 0.8227822 0.3392366 0.4560133 0.8224301 0.3398126 0.4562196 -0.8096798 0.1022656 0.577893 -0.80978 0.1013838 0.577908 0.03757637 -0.2370697 0.9707657 0.0380187 -0.2347547 0.9713109 -0.0542218 -0.9859251 0.1581512 -0.05342954 -0.986252 0.1563726 -0.4376723 -0.1053038 -0.8929469 -0.4372332 -0.09580641 -0.8942306 -0.1563867 -0.3061556 0.9390485 -0.1575393 -0.29965 0.9409524 -0.1643105 -0.09955829 0.9813717 -0.1636885 -0.1036105 0.9810561 -0.565747 -0.5088946 -0.6488119 -0.5651053 -0.5109266 -0.6477732 -0.4614092 -0.8825501 0.0905916 -0.4608281 -0.8828711 0.09042268 -0.135626 0.708751 -0.6922988 -0.1360551 0.7074085 -0.6935865 -0.1636885 0.1036105 0.9810561 -0.1643118 0.09960007 0.9813671 0.2202231 0.07967555 -0.9721901 0.2203526 0.08050692 -0.9720923 -0.09210282 -0.30633 -0.9474593 -0.09191268 -0.3039081 -0.9482573 -0.6320288 -0.10147 0.7682731 -0.6320094 -0.1037622 0.7679829 0.2876962 0.2390182 0.9274164 0.288188 0.2371041 0.9277551 -0.06735694 -0.7080263 -0.7029665 -0.06819534 -0.7048186 -0.7061022 0.05792629 -0.5141006 -0.8557717 0.05809885 -0.5163632 -0.8543967 -0.4110888 0.7061647 -0.5764872 -0.4081385 0.7125726 -0.5706692 -0.9301837 0.3670943 2.85543e-4 -0.931222 0.3644525 3.042e-4 -0.3498001 0.02862757 0.9363869 -0.3508145 0.0286504 0.9360066 -0.1076936 0.9855234 0.1309421 -0.1069236 0.9857684 0.1297236 -0.09528774 0.02863276 0.995038 -0.09465849 0.02862101 0.9950984 0.4304841 -0.8810604 0.196 0.4306178 -0.8809814 0.1960617 0.8492301 0.5086464 0.1417286 0.8489284 0.5091857 0.1416001 0.1344758 0.7150855 0.6859804 0.134864 0.7136611 0.687386 -0.5610575 0 0.8277768 -0.5611271 3.4967e-4 0.8277296 -0.5610678 4.67111e-4 0.8277698 -0.5610553 1.19957e-5 0.8277785 -0.5610958 -0.00149697 0.8277496 -0.5610742 2.30446e-5 0.8277657 0.2064974 -0.7150489 0.6678802 0.2082397 -0.7118314 0.6707699 0 -1 1.35377e-5 -0.01625186 -0.9998679 2.54712e-4 -0.01625198 -0.9998679 2.5389e-4 -0.01441842 -0.999868 0.007504105 -0.02147728 -0.9997335 0.008472084 -0.01610505 -0.999868 0.002196311 -0.2234873 -0.9723849 0.06723934 -0.03743606 -0.9992512 0.009776711 -0.03198283 0.8807568 0.4724879 -0.03215134 0.8842793 0.4658503 -0.0959745 -0.09934693 -0.9904136 -0.09627747 -0.1018638 -0.9901285 0.0919103 -0.3039103 0.9482569 0.09214746 -0.3061291 0.9475198 -0.2961643 -0.07685619 -0.9520399 -0.2952724 -0.08124321 -0.9519527 0.3021293 0.5079625 0.8066549 0.3019575 0.5100899 0.8053757 -0.4649392 -0.07875233 0.8818332 -0.4647269 -0.07957565 0.8818712 -0.01138365 -0.9859216 0.1668204 -0.01140671 -0.9862349 0.1649564 0.5814639 -2.22001e-5 0.8135722 0.5815311 0 0.8135242 0.0680319 -0.1004689 -0.9926115 0.06782644 -0.102257 -0.9924431 -0.9886502 -0.1502357 3.08696e-4 -0.9895433 -0.1442366 3.279e-4 -0.7337352 8.07214e-6 -0.6794357 -0.7337566 1.61435e-5 -0.6794124 -0.5529839 -0.3058319 -0.7750327 -0.5541231 -0.3020697 -0.7756943 -0.7127436 0.2392371 -0.659365 -0.7128411 0.237023 -0.6600589 -0.9143552 0.404913 2.97749e-4 -0.9132298 0.4074448 2.80048e-4 -1 0 3.30451e-4 -1 0 3.30451e-4 0.291855 2.6012e-4 -0.9564626 0.2789103 -0.01919466 -0.9601254 0.2769562 -0.007250487 -0.9608553 0.2928996 0 -0.9561433 0.2748523 0.00705415 -0.9614607 0.2797586 0.01914548 -0.9598795 0.2919277 0 -0.9564405 0.2793154 -0.01875996 -0.9600163 0.276799 -0.007638037 -0.9608975 0.2919496 0 -0.9564338 0.2764697 0.007563769 -0.9609929 0.2797695 0.01892095 -0.9598808 0.2918637 -0.001094639 -0.9564593 0.2919414 0 -0.9564362 0.2933166 -5.81435e-4 -0.9560152 0.2918648 -0.001196682 -0.9564589 0.2922107 0 -0.956354 0.2933557 -5.8097e-4 -0.9560033 0.2921746 8.19942e-5 -0.956365 0.2922013 5.29005e-5 -0.9563568 0.2922115 8.46499e-5 -0.9563538 0.2922568 8.99371e-5 -0.95634 0.163651 -0.1038933 -0.9810324 0.1643474 -0.09937912 -0.9813836 0.5421176 0.7120839 0.4461446 0.5433563 0.710228 0.4475937 0.2278215 -0.7130251 -0.6630932 0.2286703 -0.7087082 -0.667415 0.444226 0.8803103 -0.1664847 0.441603 0.8818825 -0.1651366 -0.8064383 -0.5085495 0.3017197 -0.8069541 -0.5075432 0.3020348 0.5916399 0.7147151 -0.3730209 0.5925004 0.7138733 -0.3732668 0.01615715 0.9998695 -2.53952e-4 0.01441138 0.9998682 -0.007497966 0.01441168 0.999868 -0.007499337 0.02286189 0.9997372 -0.001702666 0.01601082 0.9998695 -0.002184092 0.01551967 0.9998667 -0.005065798 0.01563805 0.9998695 -0.004068195 0.03595197 0.9992532 -0.01416707 0.6991461 0.5123839 -0.4986557 0.7012219 0.5073601 -0.5008728 0.1962406 0.880527 -0.4314649 0.1959497 0.8810285 -0.4305726 -0.3554539 0.5143005 0.7804792 -0.3563244 0.5077002 0.7843937 -0.9411077 -0.1016943 -0.3224508 -0.9409863 -0.1025742 -0.3225264 0.356393 0.5073162 -0.784611 0.3556123 0.5136716 -0.780821 -0.164362 0.8832486 -0.4391549 -0.1648346 0.8822994 -0.4408825 0.7718517 -4.44206e-5 0.6358026 0.7718729 0 0.6357769 -0.2885171 0 0.9574748 -0.1136384 0.9178104 0.3804083 -0.26965 0.357084 0.8943042 -0.2889412 -4.01905e-7 0.9573469 -0.2889259 5.69784e-6 0.9573515 -0.2481694 0.4957942 0.832226 -0.2889432 1.38697e-5 0.9573463 -0.2889332 -2.76546e-5 0.9573494 -0.288956 1.94647e-5 0.9573425 -0.8921145 -0.3044843 0.3337983 -0.8918538 -0.3052537 0.333792 1.87985e-4 0.7465608 0.6653172 1.8806e-4 0.7465671 0.6653101 -0.2457059 0.5596001 -0.7915026 -0.2451394 0.5610906 -0.7906227 -0.4498649 0.8824734 -0.1373398 -0.4491501 0.8828783 -0.137077 -0.6888452 0.7121914 0.1351877 -0.690072 0.7109836 0.1352888 -0.8341931 -0.5514725 2.64772e-4 -0.8371111 -0.547033 2.80357e-4 0.4469398 -0.7112826 -0.5425145 0.4487842 -0.7077782 -0.5455666 0.2203473 -0.08053803 -0.9720909 0.2202517 -0.07967406 -0.9721838 -8.6611e-5 -0.9999999 5.13467e-4 0 -1 2.35671e-5 0 -1 1.17658e-5 0 -1 -4.70102e-5 -8.63162e-5 -1 5.16202e-4 0 -1 -2.35671e-5 0 -1 4.68757e-5 -7.28237e-5 -1 1.11615e-4 0 -1 -3.87217e-7 -7.27301e-5 -1 1.23683e-4 0 -1 3.09774e-6 0 -1 1.23857e-5 -4.00279e-5 -1 8.62333e-6 -2.80388e-5 -1 -2.6828e-5 0 -1 -3.83256e-6 -2.2689e-5 -1 -7.66518e-6 0.9535045 -2.18254e-5 0.3013792 0.9533998 1.94502e-4 0.3017099 0.9535096 -1.9097e-5 0.3013628 0.9535048 -2.23102e-5 0.301378 0.953387 0 0.3017506 0.9534955 -5.88519e-5 0.3014074 0.9535349 7.31687e-5 0.3012825 -0.8096261 -0.1022025 0.5779795 -0.8097806 -0.1013766 0.5779085 -0.6578015 2.07561e-5 -0.7531915 -0.6577997 0 -0.753193 -0.2029882 0.3999164 0.8937913 -0.2029849 0.4004533 0.8935516 0.6089667 -0.5583091 0.5634277 0.6086984 -0.559095 0.562938 0.1574567 0.9857664 -0.05892515 0.1582424 0.9856209 -0.05925154 -0.927765 -0.2376292 0.2877229 -0.9277657 -0.2375981 0.2877463 -0.464945 0.07873666 0.8818315 -0.4647079 0.0796765 0.8818721 0.7024066 0.7085226 -0.06797629 0.7026675 0.7082684 -0.06792938 -0.7005001 0.6650896 -0.2587577 -0.7003731 0.6652469 -0.258697 -0.7003836 0.6652361 -0.2586967 0.9393429 -0.3051055 0.1566704 0.939657 -0.3041478 0.1566491 0.139709 -0.9838486 -0.1119082 0.1396411 -0.9838653 -0.1118466 1.06311e-6 1 -1.06638e-6 9.73223e-6 1 9.33283e-6 -1.04601e-6 1 -9.06774e-7 9.68006e-6 1 0 4.28923e-5 1 -8.60129e-5 0 1 -7.81423e-7 1.23148e-4 1 -4.0038e-6 -0.8979878 4.15447e-5 0.4400204 -0.897982 0 0.4400326 0.4648985 -0.07964473 -0.8817744 0.4647644 -0.07858675 -0.8819401 -0.07033383 0.9855013 0.1544035 -0.07054412 0.9853832 0.1550597 0.7337248 -2.42167e-5 0.6794468 0.7337635 -1.61437e-5 0.679405 0.9411907 -0.1016918 0.3222097 0.9411453 -0.1024577 0.3220995 0.2953087 -0.0811733 0.9519474 0.2950941 -0.08197349 0.9519454 0.3464562 -9.69552e-6 -0.9380663 0.3464487 -9.69548e-6 -0.9380689 -0.9302081 0.01625055 0.3666728 -0.9302077 0.01625263 0.3666735 -0.1297239 0.9857848 -0.1067721 -0.1300532 0.9857041 -0.1071155 0.7336413 0.5591529 0.386159 0.7336507 0.5591529 0.3861408 -0.9925342 0.1014698 -0.06767511 -0.9924806 0.1019558 -0.06773042 -0.9857985 0.02863842 0.1654725 -0.9858111 0.02864295 0.1653968 2.54822e-4 -0.3151277 0.9490493 2.54953e-4 -0.3151385 0.9490458 0.8608134 -0.1762865 0.4774133 0.8608328 -0.1763048 0.4773716 -0.8609534 0.1762549 -0.4771723 -0.8609536 0.1762688 -0.4771667 3.2498e-4 6.85278e-6 1 3.25157e-4 6.84152e-6 1 -0.9576875 -0.2874187 0.01501011 -0.9576933 -0.2873992 0.01501041 -1 0 2.73614e-4 -1 0 2.68136e-4 -1 3.69463e-5 3.75744e-4 -1 3.0593e-5 3.49356e-4 -1 -1.04309e-4 3.10449e-4 -1 8.14417e-5 3.2571e-4 -1.57483e-5 1 6.18162e-5 2.21952e-5 1 1.5414e-5 1.62944e-5 1 9.71213e-6 3.99822e-5 1 -3.15564e-5 2.30135e-5 1 -9.03816e-6 0.2212882 -8.06774e-6 -0.9752085 0.2213152 -4.03389e-6 -0.9752023 -0.9999996 3.39605e-5 0.001017868 -1 3.10467e-5 0 -1 -2.05559e-4 3.107e-4 -0.9999999 0 5.59858e-4 -1 1.32766e-4 3.25708e-4 0.3220564 0 0.9467206 0.3220282 0 0.9467301 -0.9364551 4.25584e-5 0.3507876 -0.9364644 0 0.3507628 0.831317 0 0.5557987 0.8313079 0 0.5558122 -3.38061e-4 0 -1 -3.38149e-4 0 -1 1 0 -3.28249e-4 -3.31353e-4 0 -1 -3.31253e-4 0 -1 -3.7295e-4 0 -1 -0.006771802 0.01719349 -0.9998294 0 1 -7.75296e-6 0 1 -7.93655e-6 -0.2639171 0.8811988 0.3922202 -0.2620804 0.8827254 0.3900128 -0.6560694 1.18837e-4 0.7547006 -0.6560824 9.19719e-5 0.7546894 0.946007 -4.15582e-5 0.3241461 0.9460069 0 0.3241468 0.7337049 -0.5590615 0.3861703 0.733662 -0.5591171 0.3861712 -3.91714e-7 0 -1 2.97657e-6 0 -1 -3.73255e-4 0 -1 -6.08095e-6 0 -1 8.06571e-6 0 -1 -0.009902715 2.78648e-4 -0.999951 9.4611e-6 0 -1 2.71557e-4 -7.8733e-5 -1 3.11436e-4 -8.067e-5 -1 3.81348e-4 -8.42532e-5 -1 5.21049e-4 -9.05997e-5 -1 8.34112e-6 0 -1 5.79514e-4 -9.38389e-5 -0.9999998 1.27327e-4 0 -1 1.67698e-5 0 -1 -6.1419e-7 0 -1 -0.7821257 -0.2874366 0.5528649 -0.782138 -0.2873941 0.5528697 -0.1097393 -0.9859853 -0.1256599 -0.1096691 -0.9860066 -0.1255546 -0.01641625 0.9856094 -0.1682407 -0.01644784 0.9855895 -0.1683534 0.1664556 0.9859836 0.01135075 0.1664943 0.985977 0.01136183 0.09346377 0.9858736 -0.138989 0.09200346 0.9862673 -0.1371579 7.02045e-4 7.58128e-6 0.9999998 3.33523e-4 1.10148e-5 1 3.3806e-4 0 1 6.37589e-5 7.31801e-4 0.9999998 0 1.52045e-5 1 9.02754e-4 -2.14751e-6 0.9999997 6.22526e-4 -7.53084e-4 0.9999995 1.65047e-4 3.74433e-4 1 -6.75254e-5 2.31861e-5 1 -7.71843e-5 2.35807e-5 1 1.87672e-4 3.04823e-4 1 5.96234e-4 -4.47865e-4 0.9999998 0.001265168 -3.30176e-5 0.9999992 -1.13462e-4 3.38313e-5 1 2.17582e-4 1.88152e-4 1 2.13308e-4 1.56978e-4 1 -1.42776e-4 3.59815e-5 1 -4.29127e-4 4.1442e-5 1 2.60625e-4 1.30393e-4 1 7.80326e-4 -4.20069e-4 0.9999997 4.38882e-4 1.82362e-6 1 -0.002990067 6.102e-4 0.9999954 2.61653e-4 6.74323e-5 1 2.55521e-4 4.23136e-5 1 4.76985e-4 -3.50373e-5 0.9999999 3.37396e-4 1.60286e-5 1 3.20972e-4 1.18571e-5 1 0.8919104 -0.3050321 -0.3338431 0.8921357 -0.3044406 -0.3337814 -0.2073467 -0.714753 -0.6679339 -0.2073405 -0.7149439 -0.6677315 0.1593667 0.986021 0.04863059 0.1601192 0.9858866 0.04888355 -0.3546687 -0.8527427 0.3834581 -0.3561419 -0.8516579 0.3845019 0.6250779 0.3088884 0.7168443 0.6246526 0.3118532 0.7159307 -0.6628032 -0.7487937 2.24664e-4 -0.6664757 -0.7455267 2.12963e-4 -0.2910539 0.7115529 0.6395156 -0.2919275 0.7082875 0.6427342 -0.7718705 4.25461e-5 -0.6357799 -0.7718774 0 -0.6357714 -0.9675278 -8.81761e-6 0.2527648 -0.9675291 1.59361e-5 0.2527598 -0.9675279 4.66893e-4 0.252764 -0.9675349 2.45774e-5 0.2527375 -0.9675282 6.2679e-4 0.2527627 -0.9675497 3.28992e-5 0.252681 0.4498414 -0.8824936 0.1372875 0.4499577 -0.8824249 0.1373485 -0.9364555 2.22162e-5 0.3507865 -0.936468 2.22143e-5 0.3507534 -0.109635 0.9860106 -0.1255519 -0.1096967 0.9859837 -0.1257094 -0.09000211 -0.883776 -0.4591729 -0.08984977 -0.8845256 -0.4577571 -0.08968323 0.8845226 -0.4577956 -0.09007167 0.883743 -0.4592227 0.6474285 0.5123137 -0.5642439 0.6461632 0.5147303 -0.5634942 -0.9779939 0.2086331 3.21158e-4 -0.9773873 0.211457 3.01762e-4 -0.3080124 0.3065791 0.9006318 -0.3080368 0.3038216 0.9015575 0.3087135 -0.3064481 -0.9004364 0.3091835 -0.3039322 -0.9011276 -2.44263e-4 -0.438945 -0.8985139 -2.63455e-4 -0.438911 -0.8985306 -0.2954857 8.06985e-6 -0.9553472 -0.2955384 8.06981e-6 -0.9553309 0.9164357 -0.3985924 -0.03563559 0.916383 -0.3987154 -0.03561389 -0.7792735 1.40386e-5 0.6266841 -0.7792775 1.68463e-5 0.6266791 0 -1 1.58133e-5 0 -1 -1.58298e-5 1.25826e-6 -1 1.26349e-6 -1.23591e-6 -1 1.29504e-6 0.1077808 -0.9855471 -0.1306921 0.1079144 -0.9854987 -0.1309462 4.26829e-6 -1 4.70399e-6 -1.21871e-6 -1 1.19594e-6 -4.10494e-6 -1 4.2503e-6 -9.56576e-6 -1 1.46396e-5 -3.8748e-6 -1 3.90403e-6 -9.54259e-6 -1 -2.10047e-5 6.98563e-7 -1 7.54404e-7 3.73574e-6 -1 4.02992e-6 -6.94629e-7 -1 6.79372e-7 -9.90633e-6 -1 -2.10438e-5 -9.87148e-6 -1 4.19585e-5 -0.5814671 2.22002e-5 -0.8135699 -0.5814682 2.22002e-5 -0.8135693 -0.9675253 0 0.2527744 -0.9675261 2.29206e-5 0.2527711 -9.89059e-6 -1 -5.91987e-6 -2.07178e-5 -1 3.77392e-5 0.2064213 0.8828685 0.4218215 0.2076535 0.8816232 0.4238167 0.9675262 0 -0.2527711 0.9675245 -2.34748e-5 -0.2527771 0.1941363 0 0.9809746 0.1941663 0 0.9809687 0.1593797 -0.9860176 0.04865825 0.1593613 -0.986021 0.04864746 2.71765e-4 -1.10844e-6 1 2.72057e-4 -2.11299e-6 1 0.3501832 0 0.9366813 0.3502516 0 0.9366557 -0.1575511 0.2996723 0.9409433 -0.1563829 0.3061182 0.9390614 -0.9576273 3.06439e-5 -0.2880102 -0.9576416 0 -0.287963 0.936461 -4.44284e-5 -0.3507719 0.9364569 0 -0.3507826 -0.7336764 0.5590929 -0.3861787 -0.7336453 0.5591362 -0.3861752 -4.72436e-5 -1 -2.31405e-5 1.20779e-6 -1 1.33107e-6 -4.72434e-5 -1 -6.94214e-5 0.5822237 0.7126146 0.3914027 0.5819224 0.7129748 0.3911948 -0.8797721 1.11975e-5 0.4753956 -0.879768 1.1896e-5 0.4754034 -0.957484 0 -0.2884865 -0.9576314 0 -0.2879969 0.6723586 0.7112132 0.2052068 0.6718453 0.7117432 0.2050501 -0.3464567 6.31295e-6 0.9380661 -0.346454 6.31294e-6 0.938067 -1 5.10218e-6 2.72092e-4 -1 1.02044e-5 2.71624e-4 0.8744728 0 0.4850746 0.8744659 0 0.485087 0 1 -9.91823e-7 0 1 -1.01837e-6 1.44623e-5 1 0 0 1 0 1.89087e-5 1 1.65092e-6 2.27286e-5 1 -1.41532e-6 0.9021515 0.4314194 -2.89649e-4 1.4707e-5 1 -1.53694e-6 1.48779e-5 1 -8.54557e-7 -7.34757e-7 1 -7.11378e-7 1.4154e-5 1 -9.0626e-7 9.84935e-6 1 1.01712e-5 9.69906e-6 1 2.63275e-6 0.6316285 0.00145173 0.7752698 0.6316493 0.001496791 0.7752529 -0.6718528 0.711735 -0.2050542 -0.6718459 0.7117382 -0.2050654 -0.9303296 0 0.3667245 -0.93033 0 0.3667235 -0.8985077 -0.4389578 2.44804e-4 -0.8984847 -0.4390047 2.44169e-4 0.7350263 -0.3052743 0.6054287 0.7348887 -0.305674 0.6053943 -9.95609e-6 -1 -2.21631e-5 -2.37495e-5 -1 1.90776e-5 4.43863e-6 -1 2.15666e-5 -1.0624e-5 -1 -4.33426e-5 0.9989709 -0.002009689 0.04531133 0.9989706 -0.002006113 0.04531878 0.9989714 -0.002020895 0.04530197 0.9989696 -0.001958131 0.04534333 -0.4708796 -0.8810211 0.04554712 -0.4704155 -0.8812697 0.04553008 -0.9490544 -0.3151121 2.57932e-4 -0.9490593 -0.3150978 2.5786e-4 2.2127e-5 1 -4.05054e-5 1.2178e-5 1 0 -0.875942 0.3985879 0.2717599 -0.8757488 0.3991098 0.2716164 -0.967525 1.45989e-5 0.2527754 -0.9675255 0 0.252774 -0.4430913 -0.8518362 0.2793658 -0.4432102 -0.8517624 0.2794024 0 -1 1.96564e-5 7.44369e-7 -1 7.74613e-7 -7.3813e-7 -1 7.21172e-7 0 -1 -1.3459e-7 -9.73818e-6 -1 4.85363e-5 0 -1 0 -4.72094e-5 -1 3.93458e-5 -9.72735e-6 -1 -3.51196e-5 -4.72105e-5 -1 3.93457e-5 0.08336788 -0.5074827 0.8576195 0.08320558 -0.5058302 0.858611 -0.4579408 0 0.8889828 -0.4579464 0 0.8889799 0.875916 0.3986415 -0.271765 0.8758069 0.3989787 -0.2716218 0.01490926 -0.02271884 0.9996308 -0.009937047 -0.9999507 1.5609e-4 -0.009935855 -0.9999507 1.55622e-4 0.3013909 0.001514971 0.9534995 0.301487 0.001519203 0.9534691 -0.449934 -0.8824393 -0.1373332 -0.4498108 -0.8825095 -0.137285 -0.8797811 8.50302e-5 0.4753789 -0.8797835 1.70061e-4 0.4753747 -1 0 2.71776e-4 -1 0 2.71884e-4 -0.287897 0 0.9576615 -0.2878861 0 0.9576647 0.5798798 0.02862519 -0.814199 0.5799782 0.0286206 -0.8141292 0 -1 7.57771e-6 0 -1 -7.57759e-6 -0.8595474 -0.2373052 -0.4526196 -0.8593989 -0.2377977 -0.4526433 9.50383e-6 1 4.13708e-6 9.69684e-6 1 -4.31949e-6 -0.9573339 9.40858e-6 -0.2889842 -0.957514 1.13418e-5 -0.2883871 -0.9573379 0 -0.2889711 -0.9573144 0 -0.2890491 -0.9573349 1.08109e-5 -0.288981 -0.9573194 -4.1865e-5 -0.2890319 0.1657681 0 -0.9861648 0.165703 -5.55085e-6 -0.9861758 0.2869231 -2.21895e-5 -0.9579536 0.2869184 0 -0.9579551 -0.5639385 -0.7643022 -0.3127548 -0.5639759 -0.7642747 -0.3127549 -0.3726367 -0.7148239 -0.5917506 -0.372756 -0.7146735 -0.5918571 0.5135394 0.7147219 0.4748158 0.5132716 0.7150413 0.4746243 -0.2869234 0 0.9579535 -0.2869148 0 0.9579561 9.53728e-6 1 -3.13869e-5 9.5711e-6 1 0 0 1 0 0 1 5.22715e-7 0 1 0 -1.10984e-6 1 -9.90391e-7 1.09601e-6 1 -1.0352e-6 1 -1.02349e-5 -2.72856e-4 1 -1.08161e-5 -2.7271e-4 0 1 -4.77431e-4 -4.01962e-6 1 -1.30206e-5 -4.25211e-6 1 -1.37191e-5 4.27845e-5 1 -1.91694e-5 -9.72697e-6 -1 -1.01408e-5 -9.7381e-6 -1 0 0.009851753 0.9999515 -1.54637e-4 0.0167036 0.9998605 -2.55202e-4 0.009940028 0.9999506 -2.12746e-4 0.9576269 0 0.2880116 0.9576403 -2.72382e-5 0.2879672 0.66442 -0.7119045 0.22746 0.6638087 -0.7125778 0.2271363 -0.9998773 0 0.01567304 -0.9998772 2.24559e-5 0.01567327 -0.2954893 4.41592e-4 0.9553459 -0.2954903 0 0.9553457 -1.10267e-4 -1 8.17238e-5 0 -1 4.87838e-6 1.53813e-6 -1 -3.00775e-5 4.54475e-5 -1 -4.99525e-5 4.70912e-5 -1 -1.37556e-4 -1.68519e-5 -1 0 -1.68921e-5 -1 -7.28421e-6 -8.05579e-6 -1 0 -6.34684e-5 -1 9.13325e-5 0 -1 9.42468e-7 -1.78185e-6 -1 -1.52728e-5 -4.56838e-5 -1 4.46723e-5 -0.7416285 0 0.6708109 -0.7416342 6.61837e-6 0.6708045 -0.7416303 2.10718e-5 0.6708089 -0.7416042 0 0.6708378 -0.1594036 -0.9860138 -0.04865556 -0.1593689 -0.9860202 -0.04864078 0.2970308 -0.9405976 0.1644654 0.2970293 -0.9405927 0.1644962 -0.6241368 0.7415732 0.2460132 -0.6241651 0.7415426 0.2460336 -0.8165652 1.40296e-5 0.5772534 -0.8165691 1.83302e-5 0.5772479 -0.8165675 7.02387e-6 0.5772501 -0.8165704 8.67511e-6 0.5772459 -0.12729 -0.9918656 3.58937e-5 -0.1272837 -0.9918664 3.56083e-5 -0.9054092 -0.2299349 0.3568813 -0.9054151 -0.2299117 0.3568812 -0.7725343 -0.5099817 0.3782984 -0.7726001 -0.5098669 0.3783189 0.577224 -7.69652e-6 0.816586 0.5772295 -7.51797e-6 0.8165821 -0.9556835 -0.2943964 2.60081e-4 -0.9556854 -0.2943897 2.60193e-4 -0.8797648 7.29956e-6 0.4754093 -0.8797663 1.45984e-5 0.4754065 -0.05922734 0.9855909 -0.1584386 -0.05919098 0.985601 -0.1583898 -0.9303304 1.4599e-5 0.3667226 -0.9303287 0 0.3667269 -0.8485717 -0.5098004 -0.1415268 -0.8485145 -0.5099038 -0.1414974 -0.2868986 1.08275e-5 0.957961 -0.2868988 0 0.9579609 0.04537039 -0.8807391 0.4714236 0.04543429 -0.8807878 0.4713265 1 0 -2.72856e-4 1 0 -2.72856e-4 -0.555342 -0.09991663 0.825598 -0.5548259 -0.1034057 0.8255153 0.01567482 5.05616e-7 0.9998772 0.01567435 -2.30073e-7 0.9998772 0.01568019 5.24905e-7 0.9998771 -0.7515377 0 -0.6596902 -0.7515468 -3.61476e-7 -0.6596798 -0.01567631 -6.93844e-7 -0.9998772 -0.01567697 -5.05616e-7 -0.9998772 -0.01601898 0 -0.9998717 0.9472345 -0.2380356 0.2146769 0.947216 -0.2380753 0.214714 -0.780514 1.06925e-4 0.6251384 -0.7805217 1.19699e-4 0.6251287 -0.6420572 -0.7087301 -0.2923428 -0.6416103 -0.7092803 -0.2919895 -6.82533e-5 -1 2.79184e-5 8.22819e-5 -1 5.77843e-6 7.78659e-5 -1 5.26733e-6 -1.58578e-5 -1 -2.56977e-5 5.02373e-6 -1 -8.28826e-5 3.18262e-4 -0.9999995 -0.001016795 7.61136e-5 -1 -1.73198e-5 8.00937e-5 -1 -1.89905e-5 9.49299e-6 -1 -9.222e-5 2.00917e-5 -1 -7.72859e-5 7.78312e-5 -1 -3.04418e-5 7.67957e-5 -1 -2.53207e-5 2.12357e-5 -1 -9.23904e-5 2.96287e-5 -1 -7.07085e-5 7.27144e-5 -1 -4.14541e-5 6.6774e-5 -1 -3.79811e-5 2.81089e-5 -1 -7.55693e-5 3.68649e-5 -1 -6.59425e-5 6.21031e-5 -1 -5.30067e-5 1.0423e-4 -1 -6.75356e-5 3.82976e-5 -1 -6.71592e-5 4.48568e-5 -1 -6.90862e-5 9.36585e-5 -1 -8.53251e-5 1.81176e-4 -1 -1.33963e-4 4.98472e-5 -1 -7.3709e-5 5.27909e-5 -1 -5.7507e-5 0.8165692 0 -0.5772477 0.8165726 -1.1266e-5 -0.5772428 0.816573 0 -0.5772421 0.8165722 -5.63822e-6 -0.5772433 -0.0271762 -0.715003 -0.698593 -0.02727448 -0.7145267 -0.6990763 0.9906882 -0.01624375 -0.1351786 0.9906884 -0.01623392 -0.1351783 0.8165703 0 -0.5772461 0.816555 -1.40799e-5 -0.5772677 0.8165914 -1.95952e-5 -0.5772162 0 1 7.17494e-6 -7.86804e-7 1 -8.35607e-7 7.94773e-7 1 -8.26661e-7 0 1 -1.43501e-5 9.69602e-6 1 -1.32157e-5 9.65477e-6 1 1.31521e-5 0 1 3.29874e-7 0.3482802 0 -0.9373905 0.3482872 -2.35357e-5 -0.937388 -0.7805181 2.11019e-4 0.6251332 -0.7805169 0 0.6251348 -0.4897945 -0.3960316 -0.7766984 -0.4898004 -0.3963871 -0.7765132 -0.6560348 1.04632e-5 0.7547307 -0.6560352 1.01478e-5 0.7547304 0.1097021 -0.9859926 0.1256355 0.1096587 -0.9860076 0.1255555 0.9998785 0 -0.01558965 -0.4579462 0 0.88898 -0.4579344 1.82486e-5 0.8889859 -0.9998773 9.43127e-6 0.01566481 -0.999877 1.01727e-5 0.01568228 -0.9673976 0.01622968 0.2527421 -0.9673969 0.01624029 0.2527444 -0.8259254 0.1015663 -0.5545553 -0.8259519 0.1012493 -0.5545738 0 -3.82484e-4 -1 0 -3.82484e-4 -1 -0.01567161 -7.80566e-7 -0.9998773 -0.01567804 -5.79198e-7 -0.9998771 0.02772223 -0.9858236 -0.165479 0.02777624 -0.985743 -0.1659495 -0.656149 0 0.7546315 2.57054e-4 -0.2944216 0.9556757 2.5691e-4 -0.2944109 0.9556789 -0.4743307 -0.7070965 -0.5244284 -0.473964 -0.7072544 -0.524547 -0.4743841 -0.7071237 -0.5243431 -0.4743789 -0.7070746 -0.5244142 -8.61525e-6 -1 -1.12235e-5 -8.61499e-6 -1 -1.09021e-5 -0.9998772 1.26632e-5 0.01567554 -0.9998772 1.23069e-5 0.0156756 7.79953e-4 -0.9999993 -9.1575e-4 -6.38492e-5 -1 6.22554e-5 -8.00866e-5 -1 -1.5114e-5 -0.6560789 0 0.7546923 -0.6560873 0 0.7546851 -0.9472744 0.2378636 -0.2146909 -0.9471536 0.2383342 -0.2147019 -0.4579432 6.21965e-6 0.8889816 -0.4579605 8.74815e-6 0.8889726 0 0.9998919 -0.01470428 0.670776 -2.2574e-5 0.7416601 0.6711414 0 0.7413294 0.6708322 0 0.7416093 0.6709628 0 0.7414911 -0.3483509 4.56307e-5 0.9373642 -0.3483436 1.62774e-4 0.937367 0.4745181 0.7071377 0.5242033 -0.6301698 -0.7125155 0.3085573 -0.6301932 -0.7124633 0.3086302 -0.9998772 9.38345e-6 0.01567697 -0.9998775 9.91847e-6 0.01566141 -0.9101877 -0.3072263 -0.277796 -0.9101945 -0.3072141 -0.277787 -0.8165513 5.50578e-6 0.5772729 -0.8165582 1.30131e-5 0.5772632 -0.8165505 5.51068e-6 0.577274 -0.8165677 3.21572e-5 0.5772498 -0.831476 0 -0.5555609 -0.8314756 0 -0.5555614 0 1 -9.06696e-6 0.6560801 0 -0.7546913 0.6560479 0 -0.7547193 0.6560896 -4.68689e-5 -0.754683 0.6560271 -8.49324e-5 -0.7547374 0.6560396 6.73676e-6 -0.7547265 0.1678403 0.9856802 -0.0162546 0.1679361 0.985664 -0.01625007 0.0393483 -5.04249e-7 0.9992256 0.03943622 -1.0085e-6 0.9992221 -0.5179854 0.2390169 -0.8213173 -0.5179339 0.239512 -0.8212056 -0.01567643 -5.21953e-7 -0.9998772 -0.01567953 2.27689e-7 -0.9998771 -0.01566272 2.27656e-7 -0.9998773 -0.01551753 1.08921e-4 -0.9998797 -0.01579099 7.36805e-6 -0.9998754 -0.01566475 -7.75186e-7 -0.9998774 -0.01146978 1.40012e-4 -0.9999343 -0.01568651 -8.76838e-7 -0.999877 -0.8746385 0 -0.4847757 -0.8746626 0 -0.4847323 -0.6252207 5.08409e-6 -0.7804481 -0.7016093 0.7093172 0.06792324 -0.7015611 0.709365 0.06792283 0.04678386 -0.9982014 -0.03748977 0.04671174 -0.9982075 -0.03741496 -0.4771788 -0.5183329 0.70967 -0.4786657 -0.5124959 0.7129005 -0.326271 0.7136867 0.6198376 -0.3263865 0.7135218 0.6199666 0.5822263 -0.7126211 0.3913871 0.5819308 -0.7129485 0.3912302 0.1833284 -0.3021953 0.9354512 0.1836172 -0.3090437 0.9331542 -0.951452 0.101979 -0.2904129 -0.9514613 0.1019699 -0.2903854 -0.9520556 0.08045524 0.2951564 -0.952058 0.08005428 0.2952575 0.7009401 0.7116125 0.0478605 0.7006962 0.7118566 0.04780256 0.7416175 0 -0.6708231 0.7415922 0 -0.6708511 0.7416704 -6.68068e-5 -0.6707645 0.7416258 0 -0.6708139 -0.7416676 0 0.6707677 -0.7416435 2.58715e-5 0.6707943 -0.741582 6.20675e-5 0.6708623 -0.7417528 0 0.6706735 0.5316675 0.08191847 0.8429822 0.5315634 0.08162099 0.8430767 -1 1.02048e-5 2.71637e-4 -1 1.02048e-5 2.71637e-4 -0.1578844 -0.9859769 -0.0540564 -0.1585027 -0.9858666 -0.05425941 -0.8085284 0.5591544 -0.18338 -0.8085242 0.5591427 -0.1834339 -0.2879903 2.12204e-4 0.9576333 -0.2879916 0 0.957633 0.5772233 -7.51084e-6 0.8165864 0.5771991 -7.34088e-6 0.8166036 0.9752684 -1.61319e-5 0.2210237 0.9752665 -1.61318e-5 0.2210326 -0.8797653 0 0.4754084 -0.8797649 1.3736e-5 0.4754093 -0.879766 1.89506e-5 0.4754071 0.814152 0.02861118 0.5799467 0.8140221 0.02860528 0.5801292 -4.42671e-5 -0.9918723 -0.1272378 -4.43156e-5 -0.9918735 -0.1272284 -0.9954121 0.09568077 3.27799e-4 -0.9954181 0.09561866 3.28221e-4 -0.8165735 2.71305e-5 0.5772415 0.0453341 0.8812953 0.4703866 0.04549795 0.8807755 0.4713433 -0.3483474 1.11905e-4 0.9373655 -0.3483402 1.2058e-4 0.9373682 -0.1568538 0.9709975 0.1804464 -0.1568596 0.9709964 0.1804464 -0.9908188 2.34754e-5 0.1351965 -0.9908192 0 0.1351942 -0.7416129 2.75267e-5 0.6708281 -0.7416334 4.37413e-5 0.6708055 -0.7416694 0 0.6707658 -0.7416389 4.37236e-5 0.6707994 -2.6948e-4 -0.3150998 -0.9490585 -2.58677e-4 -0.3151029 -0.9490576 -0.6653379 0.7465424 1.77455e-4 -0.6653164 0.7465617 1.80944e-4 -0.7519215 0 -0.6592528 -0.7519352 0 -0.659237 -2.72036e-4 1.04548e-5 -1 -2.72051e-4 1.04552e-5 -1 0.8797664 -1.20273e-5 -0.4754064 0.8797654 -1.20273e-5 -0.4754083 -0.6707916 2.20211e-5 -0.741646 -0.6708393 0 -0.7416028 0.5571121 0 -0.8304374 0.5570821 -4.15569e-5 -0.8304575 -8.33802e-5 -1 1.2468e-4 0 -1 6.24953e-6 1.73322e-5 -1 -3.62792e-5 -1.72677e-5 -1 0 -1.72061e-5 -1 0 0 -1 -9.99296e-7 8.04067e-5 -1 -1.95626e-4 -3.78991e-5 -1 5.18047e-5 -0.5610246 2.18985e-5 0.8277992 -0.5610327 0 0.8277937 -0.6955757 0.709024 -0.1160148 -0.695384 0.7092251 -0.1159354 -0.6560595 0 0.7547094 -0.6560195 0 0.754744 -0.6560112 1.74812e-5 0.7547513 -0.6560311 0 0.7547339 0.1577565 -0.9859987 0.05403232 0.1577638 -0.9859948 0.05408334 -0.8299256 0 -0.5578741 -0.8299249 4.15399e-5 -0.5578753 -0.1370088 0.9857296 0.09780454 -0.1365942 0.9858225 0.09744858 -0.5610147 0 0.827806 -0.5610215 0 0.8278012 0 1 6.80731e-6 0.9576129 0 0.2880582 0.9576141 0 0.2880545 0 -1 6.989e-6 0 -1 -1.14181e-4 -0.4579638 0 0.8889709 -0.4579618 0 0.8889719 -0.6266951 1.40252e-5 -0.7792646 -0.6266766 1.40256e-5 -0.7792796 -0.4305218 0.8810355 -0.1960294 -0.4305242 0.881034 -0.1960311 0.4998633 -0.8206679 0.276841 0.499885 -0.8206614 0.2768214 -0.4664707 0.8811087 -0.07779902 -0.4668926 0.8808747 -0.07791775 0.6560236 0 -0.7547404 0.6560483 -2.53636e-5 -0.754719 0.6560195 0 -0.754744 0.6560274 -8.04152e-5 -0.7547371 -0.8259791 -0.1012481 -0.5545337 -0.8259153 -0.101569 -0.5545699 0.779094 0.05994886 -0.6240342 0.7790982 0.05992001 -0.6240318 0.6721761 -0.7114031 0.2051463 0.6720086 -0.7115672 0.2051263 0.466775 -0.8809418 0.07786405 0.4666345 -0.8810195 0.07782638 -2.56442e-5 -1 1.59545e-5 -1.156e-5 -1 2.46389e-5 -1.15799e-5 -1 0 5.55259e-6 -1 0 0.1662603 -0.9860168 0.01133215 0.1665163 -0.9859731 0.01137703 2.02326e-5 1 -5.53211e-6 2.02339e-5 1 -5.71778e-6 0 -1 8.13326e-6 0.7416619 0 -0.670774 0.9277879 0.2375069 -0.2877501 0.9277373 0.2377563 -0.2877075 0.7415736 0 -0.6708716 2.99718e-4 0.7463948 0.6655035 3.29491e-4 0.7463511 0.6655523 9.64253e-5 1 -2.25147e-4 1.72678e-5 1 1.47942e-5 -5.01212e-5 1 1.43062e-4 -8.52817e-6 1 3.97852e-5 -8.73338e-5 1 1.2872e-4 7.02323e-5 1 -6.41015e-5 7.02303e-5 1 -6.22532e-5 3.11927e-5 1 -6.26076e-5 1.53156e-5 1 0 6.48879e-5 1 -6.23364e-5 -0.7679139 -0.1788873 0.6150671 -0.7679064 -0.1789296 0.6150643 0.6655125 0.7463868 -1.81401e-4 0.6654449 0.746447 -1.80022e-4 -0.5099081 -0.8524318 -0.1155586 -0.5101701 -0.8522621 -0.1156545 0.5610147 0 -0.8278059 0.5772535 -3.68053e-6 0.816565 0.5772406 -7.04399e-6 0.8165742 0.07392454 -0.9964225 0.0409556 0.07391846 -0.9964245 0.04092061 -0.3390006 -0.2299915 0.9122404 -0.3390047 -0.2299458 0.9122503 -0.546025 -0.2300081 0.8055762 -0.5460183 -0.2300157 0.8055787 8.46683e-6 1 4.35481e-6 8.46697e-6 1 0 0.9163833 0.3987134 -0.03562498 0.9164357 0.3985924 -0.03563451 0.8284708 -0.5591058 -0.03220146 0.8285394 -0.5590037 -0.03221172 0.4579493 0 -0.8889784 0.4579468 0 -0.8889797 -0.3336538 -0.2874115 0.8978139 -0.3336418 -0.2874414 0.8978089 -3.96168e-5 -1 1.30517e-4 -3.96086e-5 -1 1.3048e-4 -0.8569883 0.5086092 0.08299374 -0.8570138 0.5085698 0.08297199 -0.350256 2.12741e-5 -0.9366541 -0.3502537 2.12739e-5 -0.9366549 -1.035e-5 -1 -1.2593e-6 -8.48457e-6 -1 3.41404e-6 -0.2889383 1.46058e-5 0.9573478 -0.2889456 5.03649e-6 0.9573456 2.47947e-5 -0.9918668 0.1272808 2.4962e-5 -0.9918702 0.127254 -0.6790167 1.61379e-5 0.7341228 -0.679016 8.06886e-6 0.7341235 0 -1 9.89629e-6 4.0019e-5 -1 -1.18696e-4 -5.53864e-5 -1 8.77747e-5 0.9579654 0 0.2868836 0 0.9999996 -9.04605e-4 6.97734e-5 1 -3.84789e-5 0 1 0 0 -1 1.18328e-6 0 -1 5.16273e-6 0 -1 -2.69052e-6 -1.36874e-4 -1 3.76638e-5 0 -1 1.12417e-6 3.7463e-5 -1 -2.31665e-5 -5.03532e-4 -0.9999999 1.84881e-4 7.6092e-5 -1 -2.98009e-5 -0.8919525 -0.001301884 -0.4521273 -0.891864 -0.00143671 -0.4523016 -1 0 2.7189e-4 -1 0 2.71883e-4 -0.8165731 1.12765e-5 0.5772421 -0.8479983 0 0.529999 -0.8165678 5.64341e-6 0.5772497 -0.6560397 5.60143e-5 0.7547264 -0.6560365 4.48103e-5 0.7547292 0.2681455 0.3958889 -0.8782768 0.268238 0.3934143 -0.8793597 -0.407774 0.7071768 -0.5775998 -0.6560456 0 0.7547214 -0.656047 0 0.7547201 -0.5772754 7.51759e-6 -0.8165495 -0.577268 0 -0.8165548 0.816577 0 -0.5772365 -6.3466e-5 -1 1.21446e-4 -6.3467e-5 -1 1.21575e-4 -0.7751857 -2.84739e-4 0.6317334 -0.7751843 -3.50638e-4 0.6317352 -0.6301392 0.7125351 0.3085748 -0.6302966 0.7123566 0.3086656 0.8667343 -0.3049641 0.3946754 0.866663 -0.305274 0.3945923 0.9903358 0.1002325 -0.09585696 0.9902983 0.1006398 -0.0958175 0.957942 0 0.2869622 -0.7416003 0 0.6708421 -2.21491e-4 0 -1 -2.21382e-4 0 -1 1 0 -2.6987e-4 1 0 -2.69866e-4 -0.9998772 0 0.01567286 -0.9998772 1.46359e-5 0.01567298 -0.233678 0.7415688 0.6288644 -0.2336847 0.741552 0.6288816 0.8894079 -1.83382e-5 0.4571145 0.8889594 -1.44228e-5 0.4579861 0.8889498 -1.60316e-5 0.4580049 -0.5610709 0 0.8277679 -0.5610554 3.1504e-4 0.8277783 0.9490282 -0.315191 -2.57945e-4 0.9490776 -0.3150422 -2.54913e-4 -0.2433081 0.8527954 0.4621053 -0.2431718 0.8529147 0.4619567 -0.9556877 -0.2943824 2.59494e-4 -0.9556858 -0.2943889 2.59775e-4 0 5.62291e-4 1 -0.7805375 4.56963e-4 0.6251088 -0.7805118 0 0.6251411 0.6264957 -1.50138e-5 0.7794249 0.6266762 -9.65591e-6 0.7792798 0.6267109 -1.60296e-5 0.779252 0.9908187 -2.34752e-5 -0.1351974 0.990819 0 -0.1351949 0.9999998 -8.06243e-6 -6.33744e-4 0.9999998 -8.06204e-6 -6.03548e-4 0 0.9999999 6.39017e-4 2.44412e-5 1 1.26662e-5 2.58525e-5 1 1.32397e-5 -3.26318e-5 1 8.70183e-5 -1.22206e-5 -1 -5.93302e-6 -1.22198e-5 -1 -6.41368e-6 3.613e-5 -1 -1.19027e-4 3.61276e-5 -1 -1.20572e-4 -0.5800227 0.02864629 0.8140966 -0.5798216 0.02864712 0.8142397 0.8942173 -0.3990175 0.2028808 0.8946835 -0.3980276 0.2027696 0.2961555 -1.81019e-5 0.9551398 0.2952713 -1.57126e-5 0.9554135 0.2952705 -1.40266e-5 0.9554138 -7.49881e-5 -1 2.28661e-5 4.01962e-6 -1 1.30206e-5 0.9705109 0.2380853 -0.03773707 0.970481 0.2382038 -0.03775787 -0.949479 0.3070682 -0.06479924 -0.9496856 0.3064414 -0.06473779 -0.4708692 0.8810273 0.04553335 -0.4705595 0.8811922 0.04554402 -0.9998772 4.17309e-4 0.01567453 -0.9998772 4.17655e-4 0.01567113 0 0.001820802 0.9999983 -0.1094935 0.9709972 0.2125455 -0.1094966 0.9709968 0.2125456 -0.4658144 8.06896e-6 0.8848825 -0.4658031 1.61379e-5 0.8848885 0.949587 0.3067356 0.0647912 0.9496891 0.3064302 0.06474024 -0.00148493 0.9999989 -2.60091e-4 -0.001485407 0.9999989 -2.60716e-4 -0.03220576 1.7342e-4 -0.9994813 -0.03220599 1.7441e-4 -0.9994813 -0.9469549 0 -0.3213667 -0.9469543 0 -0.3213683 -0.288941 0 0.957347 -0.2889401 3.30602e-5 0.9573473 -0.75467 3.31679e-5 -0.6561046 -0.7547224 0 -0.6560444 -0.469073 -0.88258 -0.03198766 -0.4687907 -0.8827308 -0.03196507 0.8920461 0.001551628 0.4519419 0.8919643 0.001427352 0.4521036 -0.8569555 -0.5120704 -0.05840551 -0.8563854 -0.5130198 -0.05843722 -0.6708068 0 -0.7416322 -0.6707993 7.04394e-6 -0.741639 0.8930329 0.2232582 0.3907019 0 1 -8.62279e-6 -0.2952443 1.70543e-5 -0.9554219 -0.2952568 1.603e-5 -0.9554179 0.4995011 0.852356 -0.1548805 0.4991238 0.8525867 -0.1548272 -0.957639 0 -0.2879713 -0.9576382 0 -0.2879746 -1 -1.6226e-4 0 -1 -1.48594e-4 0 -0.9303308 1.14604e-5 0.3667216 -0.930328 0 0.3667285 4.5659e-5 -1 -2.67003e-5 4.70199e-5 -1 2.13566e-5 -8.94252e-6 -1 0 -2.09323e-6 -1 6.41437e-5 -3.03145e-5 -1 2.13329e-5 -2.3519e-6 -1 -2.12893e-5 -4.94868e-5 -1 1.06801e-5 -4.99554e-5 -1 0 -9.73937e-7 -1 -2.13329e-5 -3.33866e-5 -1 -4.27615e-5 -6.79615e-6 -1 -6.39932e-5 -9.60512e-6 -1 -2.12893e-5 -2.52888e-5 -1 1.40569e-6 -2.34788e-5 -1 -1.12571e-5 -2.01699e-5 -1 0 -2.52895e-5 -1 1.40569e-6 -2.01208e-5 -1 5.62867e-6 -2.31362e-5 -1 1.68592e-5 -2.05392e-5 -1 1.7397e-6 -2.05396e-5 -1 8.69868e-7 -2.05403e-5 -1 0 -2.05391e-5 -1 1.15967e-6 -0.9910175 0.1337321 3.26211e-4 -0.9910172 0.133734 3.26068e-4 -0.9908191 0 0.1351945 -0.9908189 2.40552e-5 0.1351963 -0.2879808 0 0.9576362 -0.2880005 0 0.9576303 -0.8215146 0.5120985 -0.2507375 -0.8215185 0.5120858 -0.2507503 -2.47307e-5 -1 -9.62961e-6 -6.04061e-5 -1 2.01319e-4 0.3482949 0 -0.9373852 0.3482911 0 -0.9373865 2.05241e-5 1 -1.09032e-6 1.85593e-5 1 0 -2.89767e-4 -1 2.339e-4 0 -1 -2.22756e-7 -1.99781e-5 -1 -1.1301e-5 1.07799e-4 -1 -4.14118e-4 -1.98747e-5 -1 0 0 -1 8.98356e-7 -1.66763e-5 -1 0 -1.61447e-5 -1 0 -3.45659e-6 -1 -1.75181e-5 -5.53457e-6 -1 -1.80261e-5 -1.60826e-5 -1 0 -1.51638e-5 -1 -1.44076e-5 0 -1 -4.49187e-7 -1.52991e-5 -1 -1.43629e-5 -1.41413e-5 -1 0 -7.5004e-6 -1 -1.81947e-5 -9.40979e-6 -1 -1.44192e-5 -1.4101e-5 -1 0 -1.27385e-5 -1 -1.44175e-5 -1.17483e-5 -1 -1.43405e-5 -1.34346e-5 -1 -2.70719e-5 -1.0597e-5 -1 -1.19904e-5 0.003310978 -0.9999895 -0.003177881 0.6685425 -0.6449791 0.3702065 0.6684336 -0.6450368 0.3703027 -0.001038372 0.9999957 0.00275433 4.83379e-7 1 -4.90651e-6 9.7305e-6 1 -6.79879e-7 0 1 -5.73e-6 0 1 -1.14592e-5 -2.64464e-4 1 2.12044e-4 -6.8082e-5 1 9.16769e-5 2.31125e-5 1 -1.27924e-4 0 1 1.27759e-6 -0.00129354 0.9999902 0.004258036 9.67373e-6 1 -1.11164e-6 0 1 2.89613e-6 -5.64358e-5 1 6.14119e-5 2.7522e-5 1 -1.29972e-5 1.00419e-5 1 -2.37165e-6 0 1 2.76181e-5 1.26344e-5 1 -3.41121e-6 1.12039e-5 1 -3.04188e-6 0.9380707 -4.86116e-5 0.3464438 0.9380173 0 0.3465885 0.9380605 1.55116e-4 0.3464719 0.9380158 -4.47271e-5 0.3465927 -0.4218041 -0.8828592 0.206497 -0.421428 -0.8830679 0.2063722 -0.2830109 -0.2875086 0.9150103 -0.2830107 -0.2873725 0.915053 -0.1642999 0 0.9864104 -0.1643878 5.55214e-6 0.9863958 -0.2955073 0 0.9553405 -0.295521 8.14586e-6 0.9553363 -0.2955029 -3.18822e-5 0.9553418 -0.2943276 -0.001504302 0.9557034 -0.1838792 0.5577889 0.8093578 -0.1831557 0.5598139 0.8081229 -0.01218712 -0.9989954 0.04312604 0.919188 0 0.3938192 0.9925678 0.1011365 0.06768035 0.9924507 0.102252 0.06772166 -0.741653 0 0.6707838 -0.741658 0 0.6707783 -0.5282973 0.7129112 0.4611504 -0.5281392 0.7130935 0.4610496 -0.8568931 -0.5087763 0.08295273 -0.8567116 -0.5090795 0.08296769 -0.5402199 -0.841524 1.4791e-4 -0.5402206 -0.8415235 1.47726e-4 -6.83766e-5 -1 4.35878e-5 7.05158e-5 -1 6.35847e-6 6.67919e-5 -1 5.8088e-6 -1.43719e-5 -1 -7.80835e-6 -2.90767e-5 -1 1.82686e-5 2.23271e-5 -1 -1.32872e-4 9.04839e-6 -1 -9.91726e-5 6.51167e-5 -1 -1.60248e-5 6.8405e-5 -1 -1.75065e-5 1.16079e-4 -1 -3.96479e-4 1.53993e-5 -1 -1.02017e-4 6.64132e-5 -1 -2.70186e-5 6.53492e-5 -1 -2.5796e-5 2.77431e-5 -1 -1.02546e-4 3.04384e-5 -1 -9.58476e-5 6.17007e-5 -1 -3.75432e-5 9.18388e-5 -1 -4.79068e-5 4.14004e-5 -1 -9.52632e-5 4.47701e-5 -1 -1.106e-4 8.58295e-5 -1 -6.22638e-5 5.44414e-5 -1 -4.79125e-5 5.66088e-5 -1 -9.52688e-5 5.53296e-5 -1 -8.84382e-5 5.0489e-5 -1 -5.53751e-5 6.55775e-5 -1 -7.9872e-5 0.00188446 -0.9999973 -0.001383721 0.001258611 -0.9999988 -9.76085e-4 -0.9950311 0.02863764 -0.09535789 -0.9950191 0.02864301 -0.09548085 -0.4400975 0.7416208 0.5062733 -0.440116 0.7415922 0.5062993 -0.7103551 -0.2874338 0.6424777 -0.7103796 -0.2873662 0.6424808 -0.2879954 0 0.9576319 -0.2879878 2.21738e-4 0.957634 0.6993376 0.7142736 -0.02720636 0.6994565 0.714158 -0.0271846 0.9535051 6.04207e-5 0.301377 0.9535502 -0.001563251 0.3012303 0.9535038 -2.16263e-5 0.301381 0.953573 5.84218e-5 0.3011621 0.9535053 -2.26369e-5 0.3013762 0.9535331 0 0.3012888 0.9535059 -4.35706e-5 0.3013746 -0.7718691 0 -0.6357815 -0.7718806 2.22098e-5 -0.6357676 -0.9908202 1.22361e-4 0.1351861 -0.9908198 1.22362e-4 0.1351898 2.41915e-4 -0.8414236 0.540376 2.03224e-4 -0.8414064 0.5404029 0.9998773 -9.69883e-6 -0.01567184 0.9998772 -1.45956e-5 -0.01567572 -0.7385445 -1.87822e-6 -0.6742048 0.9998772 -9.46513e-6 -0.01567286 0.1578311 0.9859842 0.05407971 0.1577546 0.9859995 0.05402535 -0.9998773 3.04207e-5 0.01566976 -0.9998773 3.35925e-5 0.01566994 -0.7791004 -0.05993604 0.6240275 -0.7791013 -0.05990505 0.6240294 -0.6384776 -0.2300092 0.7344673 -0.63849 -0.2299692 0.7344691 0.389858 0.8828021 0.262052 0.3897535 0.8828636 0.2620005 1.27369e-5 1 -1.05674e-6 7.25054e-6 1 0 1.48475e-5 1 -3.48879e-6 1.23117e-5 1 0 7.89729e-6 1 -4.35434e-6 1.07176e-5 1 -6.9773e-6 6.39479e-6 1 1.51888e-5 1.08668e-5 1 -6.50123e-6 1.20386e-5 1 -1.07568e-5 9.68548e-6 1 -2.06704e-6 1.01316e-5 1 -1.85576e-6 9.32569e-6 1 -4.27777e-7 1.51931e-5 1 8.43068e-7 1.22938e-4 1 -5.40424e-5 1.33788e-5 1 -2.92685e-6 1.23749e-5 1 -3.29794e-6 1.44646e-5 1 -1.54662e-6 1.19651e-5 1 -1.7222e-6 1.15153e-5 1 -3.40971e-6 1.12819e-5 1 -3.40984e-6 1.19725e-5 1 0 1.42149e-5 1 -2.05177e-6 1.44221e-5 1 -3.09628e-6 1.03045e-5 1 -1.41339e-5 4.70479e-5 1 -7.81739e-5 -0.970541 -0.2379605 0.03775006 -0.9704725 -0.2382417 0.03773605 -0.8848876 0 -0.4658047 -0.8848822 3.2262e-5 -0.465815 -0.9303319 1.17367e-5 0.3667186 -0.9303311 2.34748e-5 0.3667207 -0.7217856 -0.2299664 0.6527948 -0.7217908 -0.2299617 0.6527908 -0.8797789 2.74684e-5 0.4753832 -0.8797791 3.15201e-5 0.4753829 -0.8797959 0 0.4753519 -0.2879892 0 0.9576337 -0.2879874 0 0.9576342 -0.2988699 0.6329904 0.714143 -0.2879898 3.72319e-5 0.9576335 -0.2879887 -1.56995e-6 0.9576339 -0.2879893 2.98709e-6 0.9576337 -0.2879903 3.95981e-6 0.9576334 -0.5374071 -0.287431 0.7928287 -0.5373919 -0.287468 0.7928255 -2.46071e-4 -0.4389444 -0.8985142 -2.46747e-4 -0.4387515 -0.8986084 0.9863606 -8.50971e-5 0.1645991 0.9863595 0 0.1646059 -0.941601 -0.2299543 0.2459847 -0.9416021 -0.2299439 0.2459906 -0.9675249 2.3475e-5 0.2527759 -0.967525 0 0.2527757 0.9950304 0.0285992 0.09537702 0.9950386 0.02859634 0.09529155 0.7914264 -0.4254432 0.4389104 0.7914095 -0.4254634 0.4389216 0.09634256 0.1019843 0.9901098 0.09592646 0.09949058 0.9904038 0.001691102 -0.9998598 -0.01666432 -0.7723986 0.5102419 0.3782246 -0.772534 0.5099633 0.3783236 -0.1773176 0.970997 0.1603851 -0.1773218 0.9709964 0.1603834 7.64088e-7 1 -7.61365e-7 9.56778e-6 1 1.30383e-5 -7.68408e-7 1 -7.54394e-7 9.60142e-6 1 0 -1 -2.48458e-5 0 -0.3111234 0.7078014 -0.6342077 -0.3067111 0.7157168 -0.6274376 -0.9999998 7.25674e-4 3.3007e-4 -0.9999996 8.45182e-4 3.10805e-4 0.3343662 -0.3039179 0.8920949 0.3342908 -0.3013692 0.8929874 0.5224233 -0.8524439 -0.02032643 0.522406 -0.8524547 -0.02032893 0.5305647 0.3057324 -0.7905876 0.530561 0.3063659 -0.790345 0.3005011 -0.8810379 -0.3653376 0.2985619 -0.8829793 -0.3622269 -1 9.13179e-6 2.71943e-4 -1 9.13179e-6 2.71837e-4 -0.1296698 -0.9857981 -0.1067143 -0.1300746 -0.9857023 -0.1071058 -0.4499366 -0.8824317 -0.1373739 -0.4491184 -0.8828959 -0.1370674 -0.7805314 0 0.6251168 -0.7805284 1.47147e-5 0.6251205 -0.7416625 3.90259e-4 0.6707732 -0.7416476 -2.95088e-4 0.6707897 -0.741653 0 0.6707838 -0.7416663 3.33756e-5 0.6707691 -0.7416617 -2.24937e-5 0.6707741 -0.7416235 1.97595e-5 0.6708164 -0.9102051 0 -0.4141579 -0.9101944 4.44062e-5 -0.4141813 0.2454992 0.5596572 0.7915263 0.2454117 0.5610008 0.7906019 -0.5310876 0.07710766 -0.8438013 -0.5316142 0.08189505 -0.8430182 -0.4579944 0 0.8889552 -0.4579936 0 0.8889556 0.3010792 0.8805664 -0.3659975 0.2986368 0.883017 -0.3620735 -0.4037126 -1.8553e-4 0.9148859 -0.3267422 -7.36348e-5 0.9451136 -0.9460077 4.1559e-5 -0.3241445 -0.9460079 0 -0.3241435 0 1 4.12705e-6 0 1 2.35553e-5 0.4991359 -0.8525761 -0.1548464 0.4995011 -0.852356 -0.1548805 0 1 -1.08884e-5 -0.8141145 4.43853e-5 0.5807046 -0.8141149 0 0.5807038 0.3726158 0.7148818 0.5916939 0.3746283 0.7121564 0.5937062 -0.9998773 1.58888e-4 0.01566892 -0.9998773 1.58889e-4 0.01567083 0.6358757 0 -0.7717915 0.635908 0 -0.7717649 -0.7416604 0 0.6707756 -0.74166 0 0.670776 -0.4579874 -5.45106e-6 0.8889588 -0.4579944 1.40386e-6 0.8889552 -0.888921 2.29464e-5 -0.4580607 -0.8889378 1.8033e-5 -0.458028 -0.1839458 0.3026184 -0.9351931 -0.182912 0.3089905 -0.9333103 -0.1542662 -0.9843274 -0.08544933 -0.1543014 -0.984325 -0.08541381 -0.5282392 -0.7129932 0.4610902 -0.5283318 -0.7128932 0.4611387 -0.3560792 0.851688 0.3844935 -0.3546527 0.8527495 0.3834577 -1.12787e-4 -1 3.51206e-5 0 -1 -8.01218e-6 -4.47865e-6 -1 -2.4919e-5 6.80409e-5 -1 -9.79125e-5 4.93132e-5 -1 -1.36816e-4 -1.70575e-5 -1 -1.46124e-5 -1.69955e-5 -1 -1.47023e-5 -4.95072e-5 -1 4.45787e-5 -8.03493e-6 -1 7.64596e-6 -1.49454e-5 -1 -1.56599e-5 -7.65098e-5 -1 2.35812e-4 -0.0156638 2.68937e-6 -0.9998774 -0.01566755 2.50459e-6 -0.9998773 -0.7416532 2.17176e-5 0.6707836 -0.7416639 7.23928e-6 0.6707717 3.23187e-4 6.16653e-6 1 3.23193e-4 6.16688e-6 1 0.6560344 0 -0.7547311 0.656032 0 -0.7547332 -0.6593712 0 -0.7518177 -0.659358 0 -0.7518291 0.9101906 0 0.4141899 0.9101945 0 0.4141811 -8.76583e-5 -1 1.80115e-4 -8.94997e-5 -1 1.31912e-4 0 -1 9.85977e-6 0 -1 -1.32503e-4 -7.99048e-6 -1 0 1.96728e-5 -1 -8.78435e-5 9.25163e-5 -1 -2.17207e-4 -8.80775e-6 -1 -7.88731e-6 -0.2889418 0 0.9573467 -0.2889482 0 0.9573448 0.9107598 0.3053478 0.2779915 0.9107132 0.3055334 0.2779406 0.9579588 0 0.286906 0.957933 -7.28643e-5 0.2869922 -0.9277607 0.2376055 0.2877563 -0.9277616 0.2376386 0.2877261 0.9007592 0.3057883 0.3084258 0.9005996 0.3064709 0.3082143 -0.9514614 -0.1019156 -0.290404 -0.9514665 -0.1019068 -0.2903905 0.1384345 0.9859908 0.0930491 0.1384295 0.9859918 0.09304624 0.3426184 -0.1483185 -0.927693 0.3426628 -0.1478189 -0.9277563 -0.9642672 -0.2299569 0.1315624 -0.9642711 -0.2299403 0.1315636 -0.7008587 -0.7116951 -0.04782396 -0.7004407 -0.7121105 -0.04776453 0 -0.9999036 -0.01388752 0 -1 5.47834e-7 -0.5610783 9.62006e-5 0.8277628 -0.5610578 1.21594e-4 0.8277768 2.72741e-4 -4.62161e-7 1 2.71164e-4 -4.62082e-7 1 -0.8797771 4.40206e-5 0.4753866 -0.879785 1.50395e-4 0.4753719 -0.8797787 6.11804e-5 0.4753835 -0.9490556 -0.3151085 2.57935e-4 -0.9490583 -0.3151007 2.57516e-4 -0.1384252 -0.9859901 -0.09307092 -0.1385104 -0.9859802 -0.09304904 -0.9303354 8.02018e-5 0.3667099 -0.9303367 8.02399e-5 0.3667064 0.03215813 0.5597114 0.8280636 0.03214687 0.5598343 0.8279808 -0.1384566 0.9859846 -0.09308201 -0.1383947 0.9860012 -0.09299737 4.52097e-4 0 1 4.49803e-4 0 1 -0.9675281 6.11808e-5 0.2527636 -0.9675285 1.22362e-4 0.2527623 0.7349501 0.3052592 0.6055288 0.7349156 0.3056868 0.605355 -0.04024291 -0.9991899 0 -1 8.83601e-6 2.71843e-4 -1 9.01646e-6 2.71845e-4 1 0 -3.25707e-4 1 -3.1239e-5 -3.11989e-4 -0.8565263 0.5127841 -0.05843925 -0.8569545 0.5120698 -0.05842548 -0.4975618 0.7415546 0.4500324 -0.4975376 0.7416031 0.4499791 0.6592662 0.2390108 -0.712911 0.6595653 0.2380502 -0.7129557 -2.89809e-4 1 2.29045e-4 1.98964e-5 1 1.40022e-5 -5.6291e-4 0.9999858 0.005296885 1.98026e-5 1 0 1.66749e-5 1 2.38444e-6 1.61464e-5 1 1.32936e-5 0 1 -1.68119e-6 1.62768e-5 1 3.55963e-6 1.53467e-5 1 1.34546e-5 3.45883e-6 1 1.67542e-5 5.53492e-6 1 1.68083e-5 1.52956e-5 1 2.72329e-6 1.41494e-5 1 1.34438e-5 5.51712e-6 1 1.67542e-5 -5.90617e-4 0.9999998 2.32004e-4 1.41018e-5 1 7.53668e-6 1.27408e-5 1 0 -5.58605e-4 0.9999999 2.94938e-4 9.40972e-6 1 2.01721e-5 1.59014e-5 1 1.12756e-5 1.44635e-5 1 1.6835e-5 7.82873e-6 1 1.11847e-5 0.001902818 0.9999973 -0.001336216 1 -1.64158e-5 -2.74287e-4 1 -1.62213e-5 -2.74286e-4 0.8979858 -4.15446e-5 -0.4400244 0.8979879 0 -0.4400201 -0.03218561 -0.5596032 -0.8281355 -0.03221887 -0.559723 -0.8280534 1 -9.10813e-6 0 -0.2889109 2.43999e-6 0.957356 -0.2889367 5.36818e-6 0.9573483 0.9469803 0 0.3212915 0.9469836 0 0.3212822 0.9976832 -4.15234e-5 0.0680325 0.9976821 0 0.06804734 -0.9551041 1.61433e-5 0.2962709 -0.9550982 1.61432e-5 0.2962893 -0.139714 0.9838469 0.1119166 -0.139648 0.9838632 0.1118549 0.3949407 0.3019832 -0.8676567 0.3953672 0.2998802 -0.8681917 -0.6687231 0.6445518 -0.3706247 -0.6682903 0.6449537 -0.3707058 0.04766499 0.7084257 -0.7041742 0.04763776 0.7087048 -0.703895 -1 -1.39788e-6 0 -1 -1.86384e-6 0 -0.9303383 -4.74823e-5 0.3667024 -0.9303386 7.20289e-4 0.3667012 -0.930336 4.2582e-4 0.3667083 -0.930334 4.3288e-5 0.3667132 -0.9303229 2.18218e-5 0.3667417 -0.9303327 3.04181e-5 0.3667168 0.350249 -2.12736e-5 0.9366566 0.3502604 -2.12795e-5 0.9366524 -0.1593909 -0.986016 -0.04865258 -0.1593815 -0.9860175 -0.0486539 -0.8910866 -0.2874047 0.3512312 -0.8910826 -0.2874185 0.3512299 0.5641177 0.7642098 0.3126576 0.563697 0.7645061 0.3126919 2.33204e-5 1 -1.36903e-5 2.33204e-5 1 -1.16161e-5 -2.62111e-4 -0.2943887 -0.9556857 -2.63778e-4 -0.2942194 -0.955738 0.1639242 0.9859488 -0.03215587 0.1638602 0.9859598 -0.03214102 0.9673969 -0.01623225 -0.2527444 0.9673979 -0.01624614 -0.2527398 -0.3264033 -0.7135168 0.6199634 -0.3263189 -0.7137234 0.6197701 -0.8969039 0 -0.4422255 -0.8969134 0 -0.4422063 -0.949051 -0.3151226 2.57987e-4 -0.9490527 -0.3151172 2.58278e-4 -0.6560753 0 0.7546954 -0.6560668 1.52953e-4 0.7547028 0.6708172 0 0.7416228 0.6708004 -2.11596e-5 0.741638 3.61242e-5 -1 -1.19001e-4 3.61262e-5 -1 -1.20574e-4 -0.8165696 2.24502e-4 0.5772469 -0.8165848 2.91088e-5 0.5772256 -0.8165829 3.90175e-4 0.5772281 -0.816603 2.18381e-5 0.5771999 -0.6601505 0.7093151 0.2471303 -0.6600609 0.709425 0.2470545 2.71733e-4 0 1 2.7176e-4 0 1 0 1 5.00871e-6 1.12808e-4 1 -9.36388e-5 7.94131e-5 1 -1.13131e-4 9.58478e-5 1 -2.63725e-4 1.71617e-5 1 1.47017e-5 -5.0288e-5 1 1.17419e-4 -4.46424e-6 1 2.51685e-5 -1.87974e-5 1 5.52667e-5 1.1641e-4 1 -1.70314e-4 8.32548e-6 1 0 -1.23212e-4 1 1.9976e-4 1.58984e-5 1 0 -0.1341418 0.9709964 0.1979192 -0.1341379 0.9709973 0.1979175 -7.52653e-6 -1 0 -7.52652e-6 -1 -5.0996e-6 -0.7416407 1.08913e-5 0.6707974 -0.7416315 1.00308e-5 0.6708077 -0.5477901 0.7415992 0.3872425 -0.5477892 0.7415969 0.3872481 0.957356 -5.59517e-6 0.2889108 0.9573487 -8.39348e-6 0.2889355 -0.9380404 7.69722e-5 -0.3465259 -0.9380584 0 -0.3464774 -0.9380794 -8.46415e-4 -0.3464195 -0.1542393 -0.9843328 -0.08543533 -0.1540773 -0.9843571 -0.08544892 -0.2889437 5.54008e-6 0.9573462 -0.2889367 1.25974e-5 0.9573483 -0.9573562 1.81843e-5 -0.2889108 -0.489795 0.3963885 -0.7765159 -0.4898164 0.3960316 -0.7766845 0.9573515 -1.04012e-5 0.2889258 -0.9999947 0 0.003264188 0.9573377 0 0.2889716 0.9575743 0 0.2881867 0.9574624 0 0.2885581 0.9573357 -9.37058e-6 0.2889782 0.9574243 3.15066e-5 0.2886845 0.9463565 0.1520585 0.2851098 -0.8976197 0.348392 -0.2700038 -0.3725758 0.7148787 -0.5917227 -0.3727349 0.7146692 -0.5918756 2.41189e-5 -1 -1.01585e-4 -1.12517e-5 -1 0 -1.41939e-4 -1 -5.18027e-5 4.24233e-6 -1 0 -0.2889475 3.10398e-6 0.957345 -0.288933 1.10828e-5 0.9573494 -0.6560809 0 0.7546907 -0.656076 2.30366e-5 0.754695 0.9573332 -9.51129e-6 0.2889869 0.9573451 -5.46644e-6 0.2889474 0.9572913 -3.47046e-5 0.2891253 0.9434063 0 0.3316394 -0.2889538 8.29587e-6 0.9573431 -0.2889518 1.21776e-5 0.9573437 0.8269788 -0.5037134 0.2497579 -0.1958808 0.8809908 0.4306809 -0.1956219 0.8814802 0.4297962 0.8735755 -0.05283313 0.4838126 0.8735902 -0.05278778 0.483791 -0.2889469 8.56192e-6 0.9573452 -0.2889375 1.09719e-5 0.957348 -0.950981 -0.1155001 -0.2868708 -0.9573626 0 -0.2888891 -0.9573537 0 -0.2889183 0.9961179 -0.07904034 -0.03875339 0.9961011 -0.07927441 -0.03870952 0.9574301 0 0.2886653 0.957243 -8.99851e-5 0.2892852 0.9553173 0 0.2955824 0.95743 3.14888e-6 0.2886654 0.141602 0.9889996 0.04276555 -0.4310753 -0.8927146 -0.1312815 -0.5610564 4.25161e-4 0.8277775 -0.5610722 0 0.827767 0.1272585 -0.9918696 -3.46663e-5 0.1272192 -0.9918746 -3.39071e-5 0.2784641 -0.8530594 0.4413022 0.2788509 -0.8527384 0.4416778 0.5559139 0 0.8312399 -0.3665573 -0.8800128 -0.3020157 -0.3653756 -0.8809309 -0.3007683 -0.8084579 -0.5592452 -0.1834142 -0.8086105 -0.5590278 -0.1834043 0.9573608 2.6618e-6 0.2888948 0.9575816 0 0.2881625 0.9574387 0 0.2886369 0.957174 -5.21311e-5 0.2895132 0.957602 0 0.2880945 0.9574422 2.26486e-5 0.2886251 0 0.9999036 0.01388752 0.8567363 -0.5090613 -0.08282339 0.8561022 -0.5101151 -0.08289581 -0.9573537 0 -0.2889187 -0.957852 0 -0.2872624 -0.9572988 1.82619e-5 -0.2891008 -0.957591 -2.92393e-6 -0.2881312 -0.9578437 3.90865e-5 -0.2872898 -0.6366051 0.02863681 -0.7706581 -0.6358373 0.02862 -0.7712925 0.8085731 0.5590876 0.1833863 0.8084623 0.5592422 0.183404 -0.7316974 0.08139902 -0.6767518 -0.7316285 0.08088779 -0.6768877 -0.2889412 0 0.9573469 -0.2889411 0 0.957347 -0.2889264 0 0.9573514 -0.9576508 0 -0.2879324 -0.9576516 0 -0.2879297 4.31134e-4 -0.2943446 0.9556993 4.29287e-4 -0.2943439 0.9556995 -0.2890243 0 0.9573218 -0.6653178 0.7465603 1.80102e-4 -0.6653131 0.7465645 1.80045e-4 -3.55985e-5 -1 -4.37675e-5 -2.07502e-5 -1 -4.17605e-5 -2.44822e-5 -1 0 -1.52307e-5 -1 0 -1.04873e-5 -1 1.12451e-5 -2.08217e-5 -1 0 -2.09481e-5 -1 0 -0.5553146 0 -0.8316404 -0.555297 0 -0.8316521 -0.9573598 1.67848e-5 -0.2888984 -0.957356 1.81843e-5 -0.2889108 -0.9908189 2.29208e-5 0.1351967 -0.9908188 0 0.1351965 -0.321626 0 -0.9468669 -0.321626 0 -0.9468668 0.9302062 -0.0162574 -0.3666773 0.9302082 -0.01622909 -0.3666734 -0.9556869 -0.2943848 2.59608e-4 -0.9556838 -0.2943955 2.59631e-4 -0.6822797 -0.7145407 -0.1546803 -0.6825696 -0.7142359 -0.1548092 -0.2632256 0.9647343 4.30539e-6 -0.1438772 0.9823631 0.1194247 7.74927e-6 0.8575644 0.5143768 -8.612e-6 -0.9672433 -0.2538516 0.1438944 0.9823606 0.1194245 0.2632459 0.9647288 0 -0.6606019 -0.7088345 0.2473034 -0.6607211 -0.7087252 0.247298 0 0.9768629 -0.2138667 -0.1281995 0.9917484 0 -0.1281994 0.9917485 0 -1.78279e-6 0.9380677 -0.3464521 -0.2954674 6.13522e-5 0.9553529 -0.2954686 1.96325e-4 0.9553525 -0.2880164 0 0.9576255 -0.2880244 0 0.9576231 -0.7007067 0.7118456 -0.04781138 -0.700513 0.7120384 -0.04778021 -0.7416558 1.21884e-4 0.6707807 -0.7416576 1.13358e-4 0.6707788 -0.8215317 -0.5120683 -0.2507427 -0.821537 -0.5120618 -0.2507385 0.7679031 0.1789448 -0.615064 0.767905 0.1789497 -0.6150602 0.1592565 0.9872373 0 -0.9471843 -0.2382096 -0.2147053 -0.9472748 -0.2378637 -0.2146889 -0.4399188 0 -0.8980376 -0.4399202 2.07666e-5 -0.898037 -0.9490137 -0.2874161 0.1294803 -0.9490121 -0.2874206 0.1294816 -3.87012e-6 0.8850073 -0.4655774 -0.1441115 0.9839823 -0.1049322 -0.2632258 0.9647343 -3.72849e-6 0 1 -1.14797e-5 -1.27459e-4 1 7.4214e-5 8.60819e-5 1 -2.60322e-6 -1.28521e-6 1 -1.72409e-5 4.66814e-6 1 8.97592e-6 1.86611e-4 1 -1.11413e-4 4.28984e-4 1 -4.44523e-5 8.00924e-5 1 -2.8066e-5 8.32951e-5 1 -2.20522e-5 0.2632216 0.9647354 0 0.1441029 0.9839836 -0.1049323 0.828565 0.5589661 -0.03220498 0.8285624 0.5589694 -0.03221142 0 1 -3.07518e-6 -1.18298e-4 1 1.02193e-4 5.2793e-5 1 -1.72807e-5 3.71983e-4 1 -1.52161e-4 0 1 -1.95623e-6 -2.04163e-4 1 9.9948e-5 0.891386 -0.3114923 0.3292469 0.891292 -0.3117897 0.3292199 0.6685153 -0.6446955 0.3707491 0.6685371 -0.6446607 0.3707705 -0.6647542 0.7415342 0.09071338 -0.6647146 0.7415722 0.0906924 -0.2454075 -0.5595951 -0.7915987 -0.2454476 -0.5611214 -0.7905052 0.9704798 -0.2382123 -0.03773587 0.9705148 -0.2380655 -0.03775918 -0.9573497 2.32884e-5 -0.2889318 -0.9573454 -3.15367e-6 -0.2889462 0.771867 0 0.6357841 0.7718566 -4.25453e-5 0.6357967 0.7547032 0 0.6560663 0.754732 0 0.6560333 -0.6317342 -0.00147736 -0.7751837 -0.6317521 -0.001500725 -0.7751691 0.4667993 0.880932 0.07782894 0.466773 0.8809395 0.07790207 -0.07081079 0.9692332 0.2357391 -0.07205194 0.9709869 0.22802 -0.06859833 0.9710056 0.2290033 1.4406e-5 1 -1.67563e-5 -0.07594168 0.9708548 0.2273189 -0.08352768 0.9573174 0.2767065 -0.07526791 0.9697591 0.2321688 -0.9675243 0 0.2527781 -0.9675236 1.20285e-5 0.252781 -0.9364499 0.02864336 -0.3496301 -0.9364722 0.02864301 -0.3495705 -0.8562121 -0.2299346 0.4626346 -0.8561981 -0.2299678 0.4626444 -0.1531756 -0.9857357 -0.06973093 -0.1534472 -0.985685 -0.06985038 -9.37933e-6 -1 -4.21028e-6 -9.37915e-6 -1 -6.57825e-7 -0.4498775 0.8824678 -0.137335 -0.4499201 0.8824465 -0.1373317 6.46658e-6 1 -1.54264e-5 5.3317e-5 1 9.66415e-7 3.40779e-5 1 7.27449e-6 3.16314e-5 1 1.0561e-5 1.6258e-5 1 -6.78365e-6 -0.9687346 -0.2480992 3.21788e-4 -0.9688003 -0.2478429 3.22436e-4 -0.9106994 -0.3055449 -0.2779731 -0.9106644 -0.3056785 -0.2779407 0.8255921 -0.101518 0.5550605 0.8255945 -0.1013677 0.5550842 -0.5402859 -0.8414815 1.47106e-4 -0.5402289 -0.8415182 1.50139e-4 0.3466622 -1.19137e-5 -0.9379901 0.3466488 0 -0.937995 0.3466443 -5.95691e-6 -0.9379967 0.3466577 -7.29575e-5 -0.9379918 0.5057006 0.8627092 0 0.5057008 0.8627089 0 0.3896282 -0.8829447 0.2619134 0.3896575 -0.8829163 0.2619653 8.35535e-5 1 1.27291e-5 1.06378e-5 1 1.30535e-5 1.13866e-4 1 2.54582e-5 2.37603e-5 1 -5.20996e-5 5.57084e-5 1 -5.69732e-5 0.5610217 -3.61115e-5 -0.8278011 0.5610202 0 -0.8278021 -0.9576401 0 -0.287968 -0.9576272 3.0643e-5 -0.2880108 -0.163883 0.9859544 0.03219431 -0.1633164 0.9860536 0.03203248 0.3558095 -0.8516702 -0.3847825 0.3561719 -0.8513665 -0.3851192 -1.55985e-4 -0.8416038 -0.5400957 -1.54827e-4 -0.8414235 -0.5403764 0.4703718 0.8812922 -0.045547 0.4704917 0.881228 -0.04554992 0.5099868 -0.852381 0.1155868 0.5094445 -0.8527354 0.1153638 -0.9303306 1.18986e-5 0.3667221 -0.9303319 1.25971e-5 0.3667188 -0.5338646 8.06457e-6 -0.84557 -0.5338815 1.61294e-5 -0.8455594 0.2588526 0.6649717 -0.7005769 0.2588593 0.6649685 -0.7005775 -0.999885 9.99599e-6 0.01517146 -0.9998869 9.73942e-6 0.01504182 -0.5476664 -0.5080839 0.664765 -0.547989 -0.507444 0.6649878 -0.5477748 0.5079694 0.6647631 -0.5480921 0.5069725 0.6652624 0.01565998 6.37528e-6 0.9998774 0.01567941 -2.27687e-7 0.9998772 -0.9107521 0.3053777 -0.2779839 -0.9106391 0.3057556 -0.277939 4.55251e-5 -1 -2.94273e-4 -1.18429e-4 -1 2.11484e-4 0 -1 -7.74108e-6 0 -1 -2.4357e-5 0 -0.9999036 0.01388752 -0.222438 0.9709963 0.08767867 -0.2224315 0.9709976 0.08767998 -7.52654e-6 -1 0 -7.52643e-6 -1 -4.21254e-6 0.5815479 0 0.8135123 0.5814487 0 0.8135831 0 1 3.80715e-6 1 -3.30811e-6 0 -0.9998772 0 0.01567429 -0.9998772 -1.66223e-5 0.01567441 -1.04432e-5 -1 0 -2.50949e-5 -1 0 4.1268e-6 -1 4.03229e-6 -8.93401e-6 -1 2.53859e-5 -0.9953455 4.4443e-5 0.09637045 -0.9953455 4.4443e-5 0.09637159 0.1662325 -0.9856958 0.02775794 0.1661057 -0.9857184 0.02771532 0 1 1.33064e-5 0 1 -1.97809e-7 0 1 -1.37564e-7 0 1 8.20269e-6 0 1 -3.45963e-6 0 1 1.11086e-5 0 1 7.14133e-5 0 1 4.25793e-6 0 1 -6.2202e-6 0 1 -2.04115e-5 0 1 -3.52236e-6 0 1 -1.28098e-5 0 1 2.79652e-5 0 1 -5.62063e-6 -0.6193308 -0.7142586 -0.3259817 -0.6187899 -0.7147961 -0.3258309 -0.4993815 0.8209071 -0.2770015 -0.4997141 0.8207209 -0.2769532 0.1657665 0 -0.9861651 0.1657073 -1.06359e-5 -0.9861751 -0.1678041 0.9856866 0.01624441 -0.1678554 0.985678 0.01623976 0.8594531 0.2376955 0.4525939 0.8595013 0.2373774 0.4526695 -0.7349675 0.3054565 -0.6054083 -0.7348803 0.3056722 -0.6054052 -0.831574 -7.22354e-7 -0.5554141 -0.8315714 -3.61186e-7 -0.5554181 0.6359292 -2.22027e-5 -0.7717475 0.6358785 -2.2204e-5 -0.7717893 0.8459005 -1.61382e-5 -0.5333406 0.8458959 -1.61385e-5 -0.533348 -0.2935254 -0.00860238 0.9559127 -0.2929064 0.008828699 0.9561004 -0.3110407 0.01343363 0.9503017 -0.3021277 7.59846e-4 0.9532672 -0.3014287 -7.12138e-4 0.9534885 -0.3110407 -0.01343363 0.9503017 -0.2929975 -0.009083151 0.9560701 -0.2927626 0.008175551 0.9561502 -0.3100671 0.0138238 0.9506142 -0.3031328 9.86087e-4 0.9529479 -0.3015031 -0.001036047 0.9534647 -0.3091325 -0.01382821 0.9509184 -0.2904424 1.36904e-4 0.9568926 -0.2916575 -0.001000344 0.9565224 -0.2917004 9.57741e-4 0.9565094 -0.290486 -3.42231e-5 0.9568792 -0.2917195 -0.00101763 0.9565034 -0.2914405 0.001026153 0.9565885 -0.2903848 -0.001725435 0.9569084 -0.2903936 0.001714885 0.9569058 -0.2940383 5.28694e-6 0.9557937 -0.2917155 1.41089e-5 0.9565052 0.9978641 0 0.06532472 0.9978641 0 0.06532484 0.6577813 0 0.753209 0.6578043 -2.07562e-5 0.753189 -1 0 3.30451e-4 -1 0 3.30451e-4 0 -1 2.13789e-5 0.1384199 -0.9859907 0.09307104 0.1384987 -0.985976 0.09310913 -0.5610312 9.65155e-6 0.8277947 -0.5610285 9.44784e-6 0.8277966 -0.4144021 0 0.9100939 -0.4144102 0 0.9100902 0.9277158 -0.148094 0.3426537 0.9276858 -0.1483097 0.342642 0.1543682 -0.8526257 0.4991993 0.1543079 -0.8527303 0.4990393 -0.463247 0.8520092 -0.2438909 -0.463049 0.8521352 -0.2438262 0.5132028 -0.7151001 0.4746101 0.5134912 -0.7147538 0.4748198 -0.8165848 7.23927e-6 0.5772256 -0.8165839 1.44786e-5 0.5772269 -0.967525 1.28715e-5 0.2527753 -0.9675244 1.29472e-5 0.2527779 1 0 3.06066e-5 1 0 3.06065e-5 0.03213655 -0.5598014 0.8280035 0.03215485 -0.5596917 0.8280768 -0.4579566 0 0.8889746 -0.4579676 3.52374e-5 0.888969 -0.5134898 0.7147681 -0.4747999 -0.5132819 0.7149872 -0.4746947 -8.58101e-4 0.9999989 -0.001255333 -8.58025e-4 0.9999989 -0.001254558 -1 8.68488e-6 0 -1 8.6847e-6 0 0.8969122 0 0.4422088 0.8969186 0 0.4421959 -0.7011544 0.5075219 0.5008035 -0.7009344 0.5078876 0.5007408 -0.6708401 0 -0.7416021 -0.670808 0 -0.7416311 -0.6708295 0.7415372 0.010513 -0.6707751 0.7415866 0.01049929 0.457961 0 -0.8889724 0.4579638 0 -0.8889709 1 -3.58021e-6 0 0.1299907 -0.9857165 0.107077 0.1295798 -0.9858197 0.1066238 -0.8462125 3.22465e-5 0.5328457 -0.846217 1.61233e-5 0.5328385 -0.5742095 -0.708601 0.4100829 -0.5746138 -0.7080821 0.4104131 -0.9992439 1.6145e-5 0.03888082 -0.9992439 3.22899e-5 0.03888088 -0.44278 0 -0.8966304 -0.4428009 0 -0.89662 -1 0 -3.05924e-5 -1 0 -3.05926e-5 -0.4630423 -0.8521386 -0.2438272 -0.4633756 -0.8519349 -0.2439063 0 1 -4.87064e-6 0.4657998 -8.06887e-6 -0.8848901 0.465819 -8.06892e-6 -0.88488 -0.9978622 -1.02894e-6 -0.06535404 -0.997864 -5.14473e-7 -0.0653268 -0.6560804 0 0.754691 -0.6560767 0 0.7546942 -0.1955856 0 -0.9806867 -0.1955476 0 -0.9806943 -0.5133689 -0.7148948 -0.4747398 -0.5135242 -0.7147421 -0.4748017 0.9552037 -1.61254e-5 -0.2959493 0.9551969 0 -0.2959712 0.06607812 0 0.9978145 0 1 -1.14436e-6 0.2954731 0 0.9553511 0.2955436 -8.06967e-6 0.9553293 -0.06612354 0 -0.9978114 -0.06613272 0 -0.9978109 0.9364656 0 -0.3507596 0.9364621 0 -0.350769 0 -0.298919 0.9542786 0 -0.2989241 0.9542769 0.07328981 -0.9860202 0.1496424 0.07327353 -0.9860259 0.1496123 -0.2971454 0.9405242 -0.1646781 -0.2968561 0.9406161 -0.1646745 -0.8969615 -7.22256e-7 -0.4421087 -0.8967625 6.14478e-6 -0.4425123 -3.96148e-5 -1 1.32612e-4 -3.96138e-5 -1 1.31563e-4 -0.03937226 1.00851e-6 -0.9992247 -0.03942954 1.0085e-6 -0.9992224 -2.59576e-4 -0.3151959 -0.9490267 -2.61036e-4 -0.3150399 -0.9490785 0.2869202 0 -0.9579545 0.2869116 0 -0.9579571 -0.2313256 0.9709975 0.06043398 -0.231325 0.9709977 0.06043368 -0.6993663 0.7142465 0.02718329 -0.6991927 0.7144152 0.02721428 -0.4144369 0 0.9100781 -0.4144436 1.11028e-5 0.9100751 -0.5558993 -2.38093e-5 -0.8312498 -0.5558996 -1.98411e-5 -0.8312495 -0.3482998 0 0.9373832 -0.3482961 0 0.9373847 0.7919516 -0.4248411 0.4385464 0.7919517 -0.4248623 0.4385253 -0.6560692 0 0.7547008 -0.656066 4.36086e-4 0.7547035 0.8607864 0.03713244 -0.5076101 0.8607759 0.0371235 -0.5076286 0.06797909 -2.59587e-6 -0.9976868 0.06794857 0 -0.9976888 3.07646e-5 1 0 0 1 -1.36818e-5 -0.4579885 1.52954e-4 0.8889582 -0.4579932 1.55606e-4 0.8889557 0 1 -4.48189e-5 0 1 -2.24457e-5 0 1 -2.23974e-5 0 1 -8.89185e-5 -1.33032e-4 0.9999998 -6.29836e-4 0 1 -4.4843e-5 0 1 -5.59134e-6 0 1 4.47948e-5 2.78608e-4 0.9999997 -8.00391e-4 0 1 -8.99766e-5 0 1 5.90458e-6 4.69287e-5 1 -2.12372e-4 0 1 5.90514e-6 6.10467e-5 1 2.35983e-4 5.50829e-5 1 2.55482e-5 5.28978e-5 1 -2.92155e-5 3.5994e-5 1 -2.43394e-6 -0.3243004 1.03823e-5 0.9459542 -0.3242361 0 0.9459763 9.13332e-5 -1 0 -1.18417e-5 -1 -2.01161e-4 5.19664e-4 -0.9999998 4.74576e-4 0 -1 6.77828e-5 0 -1 -1.00586e-4 0.002185761 -0.9999976 0 0 -1 1.55194e-4 0 -1 1.60737e-4 0 -1 -2.1491e-5 4.26351e-5 -1 1.11161e-4 1.37421e-4 -1 0 -2.79653e-5 -1 -1.44926e-4 4.57069e-5 -1 1.08631e-4 1.93302e-4 -1 1.36861e-4 0 -1 -2.76474e-4 -9.69565e-6 -1 -1.05019e-4 0 -1 -1.46863e-5 7.76393e-5 -1 2.42462e-5 0 -1 3.97506e-6 -4.14147e-6 -1 4.2738e-6 6.45634e-5 -1 4.80723e-5 0 -1 2.14929e-5 3.81705e-5 -1 -1.42064e-4 -6.28105e-5 -1 -5.47789e-5 -2.51615e-4 -1 -6.42508e-5 -5.45022e-5 -1 -6.15589e-5 -1.06727e-4 -1 -7.35035e-5 -7.04856e-5 -1 -6.45064e-5 0.02794307 0.985605 -0.1667394 0.02783793 0.9859213 -0.1648767 -0.07422196 0.9856678 -0.1514931 -0.07316577 0.9860039 -0.1498105 0 1 1.00675e-4 0 1 -6.7769e-5 0 1 6.78426e-5 -5.65349e-4 0.9999998 -3.06081e-4 1.08435e-5 1 -6.03507e-6 -0.9714722 0.2371537 -2.96917e-5 0 1 2.1498e-5 -1.73479e-4 0.9999981 -0.001948475 0 1 -2.3634e-6 -1.60908e-4 1 -3.22331e-5 0 1 -6.66178e-6 9.74238e-6 1 -1.71621e-6 -3.43079e-5 1 1.02699e-5 -0.6721811 -0.7113918 -0.2051693 -0.6722423 -0.7113334 -0.2051712 -0.9761809 0.1020587 0.1914549 -0.9761244 0.1027421 0.1913775 0.5224838 0.8524069 -0.02032792 0.5224283 0.8524407 -0.02033227 -0.9807816 0 -0.195109 -0.9806967 1.25242e-5 -0.1955352 -0.9807549 -3.17787e-5 -0.1952435 0.296941 -0.9405887 0.1646782 0.2969492 -0.9405869 0.1646735 -0.3763744 0.7415937 0.5553207 -0.3763599 0.7416241 0.5552899 -0.9303356 1.25538e-4 0.3667094 -0.9303362 1.30156e-4 0.3667076 -0.947017 3.97103e-6 -0.3211834 -0.9469121 -7.22701e-7 -0.3214929 0.06767463 0.7100949 0.7008463 0.06834244 0.7075319 0.7033691 -2.69393e-4 0 -1 -2.75249e-4 0 -1 0.1575813 -0.2993432 -0.941043 0.156356 -0.3063223 -0.9389992 -0.01474744 -0.973331 -0.228931 -0.2685568 0.9399491 0.2106493 0.999023 0 0.04419422 -0.4421409 0 -0.8969457 -0.442081 -1.58782e-5 -0.8969752 -0.4425561 0 -0.8967409 -0.4425746 0 -0.8967317 0 -0.2989103 0.9542812 0 -0.2989118 0.9542808 -0.9576538 0 -0.2879227 -0.9576541 0 -0.2879216 -0.6560569 0 0.7547115 -0.6561376 0 0.7546414 -0.6560428 6.69842e-5 0.7547239 -0.9704722 0.2382417 0.03774553 -0.97051 0.238086 0.03775614 -0.2879891 0 0.9576337 -0.2879889 8.70355e-6 0.9576338 -0.2879889 2.10504e-5 0.9576337 -0.2879825 9.25285e-6 0.9576358 -0.2879804 0 0.9576363 -0.2879789 3.58272e-5 0.9576368 -0.2879812 -1.83101e-5 0.9576362 -0.2879862 0 0.9576346 -0.2878519 4.75659e-6 0.957675 -0.2878668 4.93958e-6 0.9576705 -0.2879853 0 0.9576348 -0.2879881 -5.91991e-6 0.9576341 -0.2879739 1.06668e-4 0.9576383 -0.2879547 0 0.9576441 -0.2880088 -4.51738e-4 0.9576277 -0.2878226 0 0.9576838 -0.2879895 -3.16733e-5 0.9576336 -0.2880004 0 0.9576303 -0.2874097 -0.002154767 0.9578053 -0.2880148 -1.00724e-4 0.957626 -0.288057 0 0.9576134 -0.2880667 -3.28489e-4 0.9576103 -0.2880132 -1.45371e-4 0.9576265 -0.2880606 0 0.9576122 -0.2879508 0 0.9576452 -0.2879902 -1.59554e-4 0.9576334 -0.2879428 0 0.9576476 -0.2879937 -1.06762e-4 0.9576324 0 -0.4388504 0.8985602 0 -0.4388459 0.8985624 0.8531863 -0.2198178 0.4730259 0.8531075 -0.2210664 0.4725857 0.9990422 0 0.04376035 0.9990231 -1.63924e-5 0.0441904 1.23974e-5 1 -4.12042e-5 3.88531e-5 1 1.37347e-5 -0.9164413 -0.3985797 0.03563553 -0.9164483 -0.3985646 0.03562086 -0.7009109 -0.5079138 0.500747 -0.700849 -0.5080813 0.5006638 0.6560574 0 -0.7547112 0.6560514 0 -0.7547163 0 1 1.14442e-6 0 1 -4.57781e-6 -0.3212131 0 -0.947007 -0.3212363 0 -0.9469991 -1.08432e-4 -1 0 -8.60807e-6 -1 0 -8.60804e-6 -1 0 -7.77751e-4 -0.9999997 -3.50665e-4 -1.07464e-4 -1 6.75856e-5 -0.9554113 1.63833e-5 0.2952787 -0.955413 1.94641e-5 0.2952731 -0.9998773 1.34303e-4 0.01566833 -0.9998773 1.12428e-4 0.01566833 -0.7415922 0 0.6708511 -0.7415739 0 0.6708711 -0.2869014 1.92969e-5 0.9579601 -0.2869047 1.65401e-5 0.9579592 0.811619 0.5139541 0.2777154 0.812268 0.5127048 0.2781271 0.508117 -0.005334854 0.8612716 0.5081499 -0.005324304 0.8612523 -0.1643024 0 0.9864101 -0.1643921 0 0.9863952 0.9576379 0 0.2879754 0.9576373 0 0.2879773 -0.9573236 2.65749e-5 -0.2890183 -0.8607555 -0.03712713 0.507663 -0.8607641 -0.0371403 0.5076473 0.9576361 0 0.2879812 -0.8165669 1.0903e-5 0.5772508 -0.8165647 1.06962e-5 0.577254 -0.9494809 -0.3070623 -0.06479936 -0.949737 -0.3062833 -0.06473273 -0.236894 0.9709977 0.03232246 -0.2368941 0.9709976 0.03232204 0.9303305 0 -0.3667224 0.9303299 0 -0.3667239 -0.8984944 -0.4389852 2.44252e-4 -0.8984835 -0.4390073 2.44048e-4 0.0467773 -0.9982023 -0.03747195 0.0467742 -0.9982023 -0.03747725 -0.2875054 0 0.9577791 -0.2875055 0 0.957779 0.9101456 -0.3073548 0.2777912 0.9101526 -0.3073253 0.2778009 0.9482468 -0.3039643 -0.09183585 0.9480042 -0.3047407 -0.09176707 -0.166222 0.9856981 -0.02774137 -0.166278 0.9856886 -0.02774721 -0.3483424 0 0.9373674 -0.3483333 1.44594e-5 0.9373708 -1.44428e-4 -0.8414993 -0.5402584 -1.69629e-4 -0.8415362 -0.5402008 -0.5610542 5.18332e-5 0.8277792 -0.561071 0 0.8277677 -7.13741e-6 -1 0 -7.13739e-6 -1 -7.41124e-6 -0.8141218 0 0.5806941 -0.8141201 0 0.5806965 -0.8797823 1.15183e-5 0.4753769 -0.8797814 1.15183e-5 0.4753787 -0.6359368 0 0.7717412 -0.6358861 0 0.7717829 0.9902976 -0.1006436 -0.0958212 0.9903044 -0.1005416 -0.09585762 -1.73588e-4 0.7464556 -0.6654352 -1.7506e-4 0.7466253 -0.6652449 -0.2103464 0.9709969 0.1136635 -0.2103477 0.9709967 0.1136634 -0.7416598 1.53426e-4 0.6707763 -0.7416493 0 0.6707879 -0.3007057 -0.8808684 0.3655778 -0.3005 -0.881008 0.3654102 -0.753564 2.07673e-5 0.6573747 -0.75356 0 0.6573792 9.72093e-6 1 3.73525e-7 9.72931e-6 1 -1.72664e-6 -0.9675283 1.15185e-5 0.252763 -0.9675286 2.30368e-5 0.2527619 0.07335013 0.9860137 0.149655 0.07331681 0.9860247 0.1495992 -0.3072244 0.741624 0.596328 -0.3072405 0.7415736 0.5963823 -0.7805108 7.05514e-6 0.6251424 -0.7805153 7.05506e-6 0.6251369 -0.1664757 0.9859802 -0.01135087 -0.1666419 0.9859519 -0.01137763 -0.4580004 1.72778e-5 0.888952 -0.4579896 4.86048e-5 0.8889577 -0.2588369 0.6649727 0.7005819 -0.25883 0.6649761 0.7005811 1.3884e-4 -0.8415211 0.5402244 1.38593e-4 -0.8414861 0.5402789 0.01567173 5.37281e-7 0.9998773 0.01566958 5.51835e-7 0.9998773 0.9857976 0.02859884 -0.165485 0.985815 0.02859807 -0.1653811 -0.3502237 0 -0.9366662 -0.3502677 1.11055e-5 -0.9366496 -0.6993007 -0.7143093 0.02721691 -0.6993662 -0.7142463 0.02719205 -0.8797693 0 0.4754008 -0.8797682 2.34727e-5 0.475403 0.540549 -0.8413125 -1.463e-4 0.540307 -0.841468 -1.43748e-4 -0.5082015 0.005315124 -0.8612219 -0.508186 0.0053218 -0.861231 -0.4526707 0.2345162 0.8602857 -0.4528791 0.2375679 0.8593382 0 0.9848785 -0.1732464 0 0.9848785 -0.1732463 9.43773e-6 1 -2.73675e-7 -3.51839e-6 1 -4.73726e-5 1.13847e-5 1 2.75772e-6 9.59708e-6 1 8.77797e-7 9.37178e-6 1 1.0637e-6 -1 1.00387e-5 2.14101e-4 -1 9.46274e-6 2.14102e-4 0.4418337 0 0.8970971 0.9576078 0 0.2880753 0.9574775 0 0.2885081 0.03229916 -9.11258e-7 0.9994783 0.03229916 -9.26398e-7 0.9994783 -0.2889424 0 0.9573465 -0.2889429 4.10583e-6 0.9573464 0.8215929 0.5119604 0.2507625 0.8216004 0.5119495 0.2507601 -0.05341285 0.9862428 0.1564361 -0.05417126 0.9859439 0.158051 0.7520641 0 0.6590902 0.7520507 0 0.6591054 2.00355e-5 1 -5.69463e-6 1.13749e-4 1 -8.27476e-6 3.11674e-5 1 -1.50291e-6 1.62415e-5 1 1.56929e-6 0.02013367 0.9997973 0 1.74045e-5 1 4.89346e-6 3.78383e-5 1 9.31237e-6 1.24341e-5 1 1.13078e-5 1.64098e-5 1 1.20236e-5 1.58659e-5 1 2.05524e-5 2.20635e-5 1 -1.82452e-6 1.58933e-5 1 1.3541e-5 1.64827e-5 1 1.23658e-5 2.24122e-5 1 -3.59383e-6 1.89357e-5 1 5.21527e-6 2.07501e-5 1 4.38377e-6 -1.62389e-5 -1 6.10896e-6 4.39716e-5 1 -3.0404e-6 1.33538e-5 1 4.10768e-6 8.71782e-6 1 8.43756e-6 1.62122e-5 1 2.41651e-6 1.90652e-5 1 4.90913e-6 2.48737e-5 1 2.67246e-6 2.04498e-5 1 3.08118e-6 1.9541e-5 1 9.8221e-7 2.25563e-5 1 2.6199e-6 2.25257e-5 1 2.13521e-6 3.15555e-5 1 -1.09491e-5 2.24978e-5 1 1.70955e-6 2.24046e-5 1 3.49988e-6 2.11252e-5 1 7.14948e-6 2.2606e-5 1 0</float_array>
          <technique_common>
            <accessor source="#EnglishClub_ec_h_ec_l_l_002-mesh-normals-array" count="4505" stride="3">
              <param name="X" type="float"/>
              <param name="Y" type="float"/>
              <param name="Z" type="float"/>
            </accessor>
          </technique_common>
        </source>
        <source id="EnglishClub_ec_h_ec_l_l_002-mesh-map-0">
          <float_array id="EnglishClub_ec_h_ec_l_l_002-mesh-map-0-array" count="29424">0.183538 0.9970511 0.3955123 0.9970511 0.3919686 0.9970511 0.1100353 0.9521396 0.3184395 0.9521396 0.2124663 0.9521396 0.4003246 0.9970507 0.502118 0.9970507 0.5056399 0.9970507 0.4839296 0.6323133 0.4829416 0.6323022 0.4829416 0.6312705 0.4839296 0.6323133 0.4829416 0.6312705 0.4839293 0.6312816 0.4630525 0.8596239 0.462207 0.8596146 0.4614666 0.8141545 0.4630525 0.8596239 0.4614666 0.8141545 0.4620499 0.8141615 0.9898824 0.2494826 0.9921088 0.2494947 0.9920831 0.2578977 0.9898824 0.2494826 0.9920831 0.2578977 0.9898569 0.2578856 0.5814052 0.5191182 0.5813919 0.5272593 0.5810945 0.5272577 0.5814052 0.5191182 0.5810945 0.5272577 0.5811079 0.5191164 0.3340461 0.9175472 0.3255862 0.9175616 0.3257175 0.9157168 0.3340461 0.9175472 0.3257175 0.9157168 0.3341125 0.9157025 0.3258039 0.9138067 0.3341544 0.9137926 0.3341107 0.9154052 0.3258039 0.9138067 0.3341107 0.9154052 0.3257156 0.9154194 0.4851362 0.5761687 0.4852431 0.5762143 0.4847013 0.5771533 0.4851362 0.5761687 0.4847013 0.5771533 0.4846084 0.5770826 0.317394 0.9175522 0.3095871 0.9175195 0.3098405 0.915675 0.317394 0.9175522 0.3098405 0.915675 0.3175877 0.9157077 0.2720973 0.9429793 0.2643169 0.9429486 0.2642097 0.926449 0.2720973 0.9429793 0.2642097 0.926449 0.2719901 0.9264796 0.4734391 0.6945387 0.473441 0.6604184 0.4749287 0.6589543 0.4734391 0.6945387 0.4749287 0.6589543 0.4749265 0.6960436 0.7250709 0.4900885 0.7250585 0.4914142 0.7230694 0.4914142 0.7250709 0.4900885 0.7230694 0.4914142 0.7229818 0.4900885 0.1652185 0.9946165 0.1644515 0.9953831 0.1643806 0.9952903 0.1652185 0.9946165 0.1643806 0.9952903 0.1651266 0.9945443 0.8951698 0.7793473 0.8951714 0.779472 0.8938308 0.7794737 0.8951698 0.7793473 0.8938308 0.7794737 0.8938215 0.7793487 0.04791247 0.2687173 0.04005002 0.2687839 0.04001498 0.2665577 0.04791247 0.2687173 0.04001498 0.2665577 0.04787743 0.2664918 0.713769 0.9874169 0.7137675 0.9894074 0.712773 0.9894106 0.713769 0.9874169 0.712773 0.9894106 0.7127737 0.98742 0.3037558 0.9174748 0.3009214 0.9174478 0.3012437 0.9156039 0.3037558 0.9174748 0.3012437 0.9156039 0.3040511 0.9156309 0.7075854 0.9665225 0.7075854 0.9617578 0.7109186 0.9617594 0.7075854 0.9665225 0.7109186 0.9617594 0.7109186 0.9665242 0.36434 0.9152452 0.3427247 0.9153673 0.3427335 0.9137548 0.36434 0.9152452 0.3427335 0.9137548 0.3643423 0.9136327 0.2305343 0.9248294 0.2305304 0.9232303 0.2327569 0.9232303 0.2305343 0.9248294 0.2327569 0.9232303 0.2327607 0.9248294 0.9047133 0.9098619 0.9043574 0.9098718 0.9043558 0.9095332 0.9043558 0.9095332 0.9043504 0.9081367 0.9047063 0.9081268 0.9043558 0.9095332 0.9047063 0.9081268 0.9047133 0.9098619 0.9178778 0.5116016 0.9178664 0.5103914 0.9179719 0.5104275 0.9178778 0.5116016 0.9179719 0.5104275 0.9179833 0.511623 0.9182621 0.6954907 0.9182621 0.7062583 0.917474 0.7062614 0.9182621 0.6954907 0.917474 0.7062614 0.917474 0.6954937 0.4780195 0.5772212 0.4788069 0.5780085 0.4787504 0.5780836 0.4780195 0.5772212 0.4787504 0.5780836 0.4779446 0.5772801 0.7033815 0.4943369 0.703383 0.4933055 0.7046203 0.4933018 0.7033815 0.4943369 0.7046203 0.4933018 0.7046188 0.4943333 0.9070207 0.6042813 0.9070233 0.6029408 0.9071292 0.6029393 0.9070207 0.6042813 0.9071292 0.6029393 0.9071267 0.6042634 0.9969539 0.1860939 0.9972717 0.1860919 0.9972881 0.1944195 0.9969539 0.1860939 0.9972881 0.1944195 0.9969703 0.1944218 0.8936424 0.7062094 0.8936486 0.7074707 0.8935409 0.7074863 0.8936424 0.7062094 0.8935409 0.7074863 0.8935348 0.7062404 0.91441 0.3737261 0.9139258 0.3745759 0.9132335 0.3752667 0.9132335 0.3752667 0.9123787 0.3757515 0.9114207 0.3759976 0.9114207 0.3759976 0.9104247 0.3759881 0.9094589 0.3757241 0.9094589 0.3757241 0.9085876 0.3752228 0.9088137 0.374943 0.9088137 0.374943 0.9081556 0.3743035 0.9076926 0.3735259 0.9076926 0.3735259 0.9074454 0.3726615 0.9074305 0.371769 0.9074305 0.371769 0.9125864 0.3693621 0.9128768 0.3695794 0.9128768 0.3695794 0.9131358 0.3692719 0.9138507 0.3699763 0.9138507 0.3699763 0.9143632 0.3708347 0.9146359 0.3717898 0.9146359 0.3717898 0.9146524 0.3727762 0.91441 0.3737261 0.91441 0.3737261 0.9132335 0.3752667 0.9114207 0.3759976 0.9114207 0.3759976 0.9094589 0.3757241 0.9088137 0.374943 0.9088137 0.374943 0.9076926 0.3735259 0.9074305 0.371769 0.9074305 0.371769 0.9128768 0.3695794 0.9138507 0.3699763 0.9138507 0.3699763 0.9146359 0.3717898 0.91441 0.3737261 0.91441 0.3737261 0.9114207 0.3759976 0.9088137 0.374943 0.9088137 0.374943 0.9074305 0.371769 0.9138507 0.3699763 0.9088137 0.374943 0.9138507 0.3699763 0.91441 0.3737261 0.4601161 0.8596062 0.460023 0.8141492 0.460775 0.8141507 0.4601161 0.8596062 0.460775 0.8141507 0.4612056 0.8596084 0.9662026 0.5704298 0.9662414 0.5703402 0.9674888 0.5706745 0.9662026 0.5704298 0.9674888 0.5706745 0.9674764 0.5707707 0.2052301 0.936785 0.2041037 0.9374355 0.2039842 0.937278 0.2052301 0.936785 0.2039842 0.937278 0.2051556 0.9366019 0.4519435 0.9884395 0.4519249 0.9887183 0.4508854 0.9887281 0.4519435 0.9884395 0.4508854 0.9887281 0.4508978 0.9884493 0.2244548 0.9143594 0.224461 0.9142205 0.2255852 0.9142143 0.2244548 0.9143594 0.2255852 0.9142143 0.2255681 0.9143532 0.7952452 0.9880154 0.7952474 0.9891712 0.7942327 0.9891774 0.7952452 0.9880154 0.7942327 0.9891774 0.7942305 0.9880208 0.9150941 0.4566306 0.9125649 0.4565907 0.9125648 0.3780537 0.9150941 0.4566306 0.9125648 0.3780537 0.9150941 0.3780935 0.1041258 0.9944139 0.104785 0.9955537 0.1047176 0.9956069 0.1041258 0.9944139 0.1047176 0.9956069 0.1040477 0.9944478 0.4590131 0.8596084 0.4592617 0.8141507 0.460023 0.8141492 0.4590131 0.8596084 0.460023 0.8141492 0.4601161 0.8596062 0.1892492 0.9254943 0.1876109 0.925499 0.1876109 0.9232726 0.1892492 0.9254943 0.1876109 0.9232726 0.1892492 0.9232679 0.4674856 0.5225362 0.4671162 0.5225362 0.4671162 0.5221841 0.4674856 0.5225362 0.4671162 0.5221841 0.4674856 0.5221825 0.9396232 0.7744104 0.9393278 0.7766162 0.9316951 0.775656 0.9396232 0.7744104 0.9316951 0.775656 0.9319949 0.7734501 0.8876411 0.7604947 0.8876411 0.6601955 0.8887162 0.6601808 0.8876411 0.7604947 0.8887162 0.6601808 0.8887162 0.760479 0.5165503 0.9876406 0.5166193 0.9878838 0.515385 0.9878708 0.5165503 0.9876406 0.515385 0.9878708 0.51534 0.9876279 0.4422168 0.8174201 0.4426372 0.8628832 0.4419453 0.8628794 0.4422168 0.8174201 0.4419453 0.8628794 0.4412145 0.8174155 0.9662414 0.5611977 0.9662042 0.5611069 0.9674764 0.560766 0.9662414 0.5611977 0.9674764 0.560766 0.9674904 0.5608633 0.592126 0.987412 0.5934619 0.9874163 0.5934371 0.9876291 0.592126 0.987412 0.5934371 0.9876291 0.5920655 0.9876246 0.2077886 0.9463309 0.2078149 0.9465256 0.2064619 0.9465252 0.2077886 0.9463309 0.2064619 0.9465252 0.2064868 0.9463309 0.7148528 0.9874154 0.7148513 0.9894058 0.7137675 0.9894074 0.7148528 0.9874154 0.7137675 0.9894074 0.713769 0.9874169 0.893907 0.7101736 0.8939092 0.7088191 0.8940424 0.7088191 0.893907 0.7101736 0.8940424 0.7088191 0.8940404 0.710169 0.715952 0.9874169 0.7159513 0.9894058 0.7148513 0.9894058 0.715952 0.9874169 0.7148513 0.9894058 0.7148528 0.9874154 0.2233067 0.9144804 0.2232983 0.9143617 0.2244548 0.9143594 0.2233067 0.9144804 0.2244548 0.9143594 0.2244448 0.914478 0.5975424 0.9876161 0.5976045 0.9878613 0.596309 0.9878702 0.5975424 0.9876161 0.596309 0.9878702 0.5962718 0.9876246 0.03382194 0.2565807 0.03305578 0.2565016 0.03301942 0.256168 0.03382194 0.2565807 0.03301942 0.256168 0.03378546 0.2562472 0.2265161 0.9136441 0.2265603 0.9137644 0.2255666 0.9137753 0.2265161 0.9136441 0.2255666 0.9137753 0.2255386 0.9136543 0.9070207 0.6015933 0.9070233 0.6029408 0.9068996 0.6029416 0.9070207 0.6015933 0.9068996 0.6029416 0.906897 0.601584 0.4511484 0.827315 0.4511485 0.8176323 0.4528163 0.8175319 0.4511484 0.827315 0.4528163 0.8175319 0.4528163 0.8274149 0.5138761 0.5651402 0.5138596 0.5638928 0.5141381 0.5639075 0.5138761 0.5651402 0.5141381 0.5639075 0.5141544 0.5651503 0.1576914 0.9915288 0.1575979 0.9915186 0.1578913 0.990421 0.1576914 0.9915288 0.1578913 0.990421 0.1579783 0.9904553 0.8915159 0.7790946 0.8925741 0.7790868 0.8925663 0.7792202 0.8915159 0.7790946 0.8925663 0.7792202 0.8915066 0.779228 0.04667693 0.2627737 0.04578131 0.2627736 0.04650688 0.2627733 0.04667693 0.2627737 0.04578322 0.262782 0.04578131 0.2627736 0.11359 0.9931164 0.11359 0.9918527 0.1136941 0.9918383 0.11359 0.9931164 0.1136941 0.9918383 0.1136941 0.9931306 0.4773965 0.5751522 0.4772818 0.575167 0.477281 0.5740823 0.4773965 0.5751522 0.477281 0.5740823 0.4773969 0.574097 0.4781966 0.5770846 0.4789424 0.5778303 0.4788734 0.5779213 0.4781966 0.5770846 0.4788734 0.5779213 0.478105 0.5771551 0.5934371 0.9876291 0.5934184 0.9878746 0.5920205 0.9878702 0.5934371 0.9876291 0.5920205 0.9878702 0.5920655 0.9876246 0.9478613 0.7754598 0.947568 0.7776656 0.9393278 0.7766162 0.9478613 0.7754598 0.9393278 0.7766162 0.9396232 0.7744104 0.1948329 0.01845473 0.1948329 0.1187569 0.1933373 0.1187569 0.1948329 0.01845473 0.1933373 0.1187569 0.1933373 0.01845425 0.1048628 0.9894705 0.1042166 0.9905884 0.1041272 0.9905517 0.1048628 0.9894705 0.1041272 0.9905517 0.1047848 0.9894123 0.1935051 0.457922 0.1933034 0.4579407 0.1933034 0.3816019 0.1935051 0.457922 0.1933034 0.3816019 0.1935051 0.3815832 0.9125864 0.3693621 0.9074305 0.371769 0.9125795 0.3693582 0.5956375 0.00379002 0.6037009 0.00379002 0.6036899 0.003945946 0.5956375 0.00379002 0.6036899 0.003945946 0.5956266 0.003945946 0.9951312 0.9681794 0.9951312 0.9681829 0.9929822 0.9681802 0.9929822 0.9681767 0.9929822 0.9671741 0.9929822 0.9671736 0.9951312 0.9681794 0.9929822 0.9681802 0.9929822 0.9681767 0.9952759 0.9521392 0.9952759 0.9681798 0.9951312 0.9681794 0.9929822 0.9671736 0.9929822 0.9521361 0.9952759 0.9521392 0.9951312 0.9681794 0.9929822 0.9681767 0.9929822 0.9671736 0.9929822 0.9671736 0.9952759 0.9521392 0.9951312 0.9681794 0.5909453 0.9894062 0.5908538 0.9891966 0.5920671 0.9892052 0.5909453 0.9894062 0.5920671 0.9892052 0.5921276 0.9894145 0.4774623 0.572993 0.4773767 0.572958 0.4779451 0.5719729 0.4774623 0.572993 0.4779451 0.5719729 0.4780187 0.5720288 0.1127144 0.9894719 0.1117999 0.9885596 0.1118603 0.9884818 0.1127144 0.9894719 0.1118603 0.9884818 0.1127917 0.9894132 0.9905822 0.5959712 0.99392 0.5959712 0.9939216 0.6142639 0.9905822 0.5959712 0.9939216 0.6142639 0.9905822 0.6142639 0.9969549 0.2368387 0.9969283 0.2302137 0.9972462 0.2302155 0.9969549 0.2368387 0.9972462 0.2302155 0.9972726 0.2368404 0.1397492 0.9924991 0.1398857 0.9914538 0.1398872 0.9954941 0.1318067 0.9954941 0.1318067 0.9914538 0.1319448 0.9924994 0.1318067 0.9954941 0.1319448 0.9924994 0.1323482 0.9934738 0.1393457 0.9934738 0.1397492 0.9924991 0.1398872 0.9954941 0.1387034 0.9943107 0.1393457 0.9934738 0.1398872 0.9954941 0.1318067 0.9954941 0.1323482 0.9934738 0.1329906 0.9943107 0.1318067 0.9954941 0.1329906 0.9943107 0.1338284 0.9949526 0.137867 0.9949526 0.1387034 0.9943107 0.1398872 0.9954941 0.1368927 0.995356 0.137867 0.9949526 0.1398872 0.9954941 0.1318067 0.9954941 0.1338284 0.9949526 0.1348028 0.995356 0.1358485 0.9954937 0.1368927 0.995356 0.1398872 0.9954941 0.1318067 0.9954941 0.1348028 0.995356 0.1358485 0.9954937 0.1358485 0.9954937 0.1398872 0.9954941 0.1318067 0.9954941 0.3737816 0.9136788 0.3750353 0.9136757 0.3750353 0.9162561 0.3737816 0.9136788 0.3750353 0.9162561 0.3737816 0.9162594 0.8685259 0.8430324 0.8685259 0.846371 0.78083 0.846371 0.8685259 0.8430324 0.78083 0.846371 0.78083 0.8430316 0.321747 0.9274351 0.3129695 0.9274072 0.3129925 0.9232525 0.321747 0.9274351 0.3129925 0.9232525 0.3217701 0.9232805 0.9913686 0.8528433 0.98969 0.8528378 0.98969 0.8430228 0.9913686 0.8528433 0.98969 0.8430228 0.9913686 0.8430283 0.4780187 0.5720288 0.4779451 0.5719729 0.4787493 0.5711687 0.4780187 0.5720288 0.4787493 0.5711687 0.4788064 0.571241 0.9948673 0.3274428 0.9948881 0.3191294 0.9971145 0.3191403 0.9948673 0.3274428 0.9971145 0.3191403 0.9970935 0.3274537 0.4520077 0.8363377 0.4520061 0.837371 0.4508495 0.8373726 0.4520077 0.8363377 0.4508495 0.8373726 0.450851 0.8363377 0.784577 0.9885787 0.7836115 0.9885702 0.7836112 0.9874136 0.784577 0.9885787 0.7836112 0.9874136 0.7845763 0.9874222 0.9777987 0.9715551 0.9778204 0.9617409 0.9881692 0.9617409 0.9777987 0.9715551 0.9881692 0.9617409 0.9881474 0.9715551 0.5840017 0.8399301 0.5839939 0.839811 0.5850971 0.8398146 0.5840017 0.8399301 0.5850971 0.8398146 0.5851234 0.8399336 0.7990015 0.9891867 0.7982451 0.9891774 0.7982435 0.9880208 0.7990015 0.9891867 0.7982435 0.9880208 0.7989999 0.9880301 0.3040491 0.9153335 0.3012418 0.9153066 0.3014617 0.9136945 0.3040491 0.9153335 0.3014617 0.9136945 0.3042508 0.9137212 0.8965321 0.7792152 0.896529 0.779082 0.8978074 0.7790868 0.8965321 0.7792152 0.8978074 0.7790868 0.8978136 0.77922 0.5296118 0.9921887 0.5296118 0.9874238 0.5329311 0.9874277 0.5296118 0.9921887 0.5329311 0.9874277 0.5329311 0.9921925 0.9657661 0.9651739 0.962446 0.9651696 0.962446 0.8783209 0.9657661 0.9651739 0.962446 0.8783209 0.9657661 0.8783254 0.9687672 0.5609677 0.9687798 0.5608637 0.9700287 0.5611977 0.9687672 0.5609677 0.9700287 0.5611977 0.9699883 0.561295 0.1624777 0.9963142 0.1613638 0.9963151 0.1613781 0.9962065 0.1624777 0.9963142 0.1613781 0.9962065 0.1624629 0.9962073 0.2255914 0.9140646 0.2265983 0.9140546 0.226589 0.9142042 0.2255914 0.9140646 0.226589 0.9142042 0.2255852 0.9142143 0.5706476 0.6356087 0.5628412 0.6350359 0.5704088 0.6350359 0.5144041 0.5707677 0.5143812 0.5718537 0.5141149 0.5719041 0.5144041 0.5707677 0.5141149 0.5719041 0.5141381 0.5708048 0.8006104 0.9007822 0.8035991 0.9007822 0.8035952 0.902229 0.8006104 0.9007822 0.8035952 0.902229 0.8006069 0.902229 0.893907 0.7074568 0.8937734 0.7074615 0.8937672 0.7061893 0.893907 0.7074568 0.8937672 0.7061893 0.8939008 0.706183 0.2221602 0.9142205 0.2221547 0.9140716 0.2232912 0.9140731 0.2221602 0.9142205 0.2232912 0.9140731 0.2232928 0.9142228 0.7949041 0.9596941 0.7957617 0.9600158 0.7952258 0.9614933 0.7952258 0.9614933 0.7944287 0.9612991 0.7931024 0.9608016 0.7931024 0.9608016 0.7936717 0.9592319 0.7949041 0.9596941 0.7952258 0.9614933 0.7931024 0.9608016 0.7949041 0.9596941 0.4454499 0.8174155 0.4463574 0.8174069 0.4454949 0.862874 0.4454499 0.8174155 0.4454949 0.862874 0.4448696 0.8628794 0.4510699 0.9462389 0.4510685 0.9462389 0.4510692 0.9456913 0.4510692 0.9456913 0.4520731 0.9456913 0.4671112 0.9456913 0.4671112 0.9456913 0.4671097 0.9468913 0.4671081 0.947985 0.4671081 0.947985 0.4510676 0.947985 0.4510699 0.9462389 0.4510699 0.9462389 0.4510692 0.9456913 0.4671112 0.9456913 0.4510699 0.9462389 0.4671112 0.9456913 0.4671081 0.947985 0.9905095 0.5163724 0.9905095 0.4387691 0.9906926 0.4387691 0.9905095 0.5163724 0.9906926 0.4387691 0.9906926 0.5163708 0.1047848 0.9894123 0.1041272 0.9905517 0.1040476 0.9905226 0.1047848 0.9894123 0.1040476 0.9905226 0.1047179 0.989363 0.8117906 0.9063304 0.8117859 0.9063316 0.8093731 0.9035872 0.8117906 0.9063304 0.8093731 0.9035872 0.8119546 0.9029981 0.5948877 0.9884217 0.59634 0.9884171 0.5963307 0.9886957 0.5948877 0.9884217 0.5963307 0.9886957 0.5948877 0.9887002 0.8951698 0.7793473 0.896529 0.7793487 0.8965197 0.7794737 0.8951698 0.7793473 0.8965197 0.7794737 0.8951714 0.779472 0.8152667 0.6546388 0.8152667 0.6544569 0.8233487 0.6544569 0.8152667 0.6546388 0.8233487 0.6544569 0.8233487 0.6546388 0.7963305 0.6542837 0.7887884 0.654284 0.7885153 0.653719 0.7963305 0.6542837 0.7885153 0.653719 0.7965446 0.653719 0.3012418 0.9153066 0.2959296 0.9152448 0.296176 0.9136327 0.3012418 0.9153066 0.296176 0.9136327 0.3014617 0.9136945 0.9901589 0.5163693 0.9901589 0.438766 0.9903326 0.4387676 0.9901589 0.5163693 0.9903326 0.4387676 0.9903296 0.5163708 0.1106823 0.9970541 0.1107191 0.9971458 0.1094465 0.9974858 0.1106823 0.9970541 0.1094465 0.9974858 0.1094334 0.9973892 0.268475 0.8558842 0.2684743 0.8577991 0.268122 0.8578066 0.268475 0.8558842 0.268122 0.8578066 0.2681223 0.8558934 0.3581689 0.9280008 0.3581689 0.923236 0.3615031 0.9232376 0.3581689 0.9280008 0.3615031 0.9232376 0.3615031 0.9280024 0.5811079 0.5191164 0.5811077 0.5113536 0.5814052 0.5113553 0.5811079 0.5191164 0.5814052 0.5113553 0.5814052 0.5191182 0.1793732 0.4579376 0.1793732 0.3815987 0.179893 0.3816049 0.1793732 0.4579376 0.179893 0.3816049 0.179893 0.4579438 0.4495938 0.6650728 0.4656324 0.6650728 0.4656285 0.6747265 0.4656285 0.6747265 0.4656266 0.6747265 0.4495883 0.6747265 0.4495883 0.6747265 0.4495927 0.6650728 0.4495938 0.6650728 0.4656285 0.6747265 0.4495883 0.6747265 0.4495938 0.6650728 0.5128681 0.5652853 0.5128527 0.5641115 0.5130662 0.5640184 0.5128681 0.5652853 0.5130662 0.5640184 0.5130822 0.565224 0.9641329 0.5688396 0.9634718 0.5676988 0.9635635 0.567662 0.9641329 0.5688396 0.9635635 0.567662 0.9642089 0.5687806 0.9712063 0.5617659 0.9712591 0.5616984 0.9722039 0.5626455 0.9712063 0.5617659 0.9722039 0.5626455 0.9721387 0.5626971 0.5534012 0.5386568 0.5614646 0.5386568 0.561466 0.5389088 0.5534012 0.5386568 0.561466 0.5389088 0.5534027 0.5389088 0.2203937 0.9136441 0.2212098 0.9136543 0.2211672 0.9137744 0.2203937 0.9136441 0.2211672 0.9137744 0.2203378 0.9137644 0.4853442 0.5729911 0.4854303 0.5729566 0.4857243 0.5740558 0.4853442 0.5729911 0.4857243 0.5740558 0.4856323 0.5740668 0.1381717 0.302012 0.1216694 0.3019204 0.1216827 0.2937445 0.1381717 0.302012 0.1216827 0.2937445 0.1381851 0.2938361 0.2582345 0.8514003 0.2580794 0.8515215 0.2573987 0.8503544 0.2582345 0.8514003 0.2573987 0.8503544 0.2575777 0.8502771 0.9187831 0.4719683 0.9181963 0.4695426 0.9198192 0.4691501 0.9198192 0.4691501 0.9204299 0.4716736 0.9213771 0.4797044 0.9213771 0.4797044 0.9213573 0.487791 0.9203469 0.4960009 0.9203469 0.4960009 0.9187144 0.5046212 0.9170737 0.5043099 0.9203469 0.4960009 0.9170737 0.5043099 0.9186962 0.4957432 0.9198192 0.4691501 0.9213771 0.4797044 0.9203469 0.4960009 0.9197071 0.4798004 0.9187831 0.4719683 0.9198192 0.4691501 0.9203469 0.4960009 0.9186962 0.4957432 0.9196875 0.4876869 0.9196875 0.4876869 0.9197071 0.4798004 0.9198192 0.4691501 0.9198192 0.4691501 0.9203469 0.4960009 0.9196875 0.4876869 0.4854308 0.5762922 0.4853441 0.5762559 0.4856316 0.5751809 0.4854308 0.5762922 0.4856316 0.5751809 0.4857251 0.5751932 0.2628765 0.853479 0.2615243 0.8534865 0.2615455 0.8532892 0.2628765 0.853479 0.2615455 0.8532892 0.2628477 0.8532831 0.548304 0.5421349 0.547788 0.5421326 0.5466791 0.5421287 0.5466791 0.5421287 0.5467155 0.5382199 0.5478238 0.5382247 0.5478238 0.5382247 0.5483401 0.5382261 0.548304 0.5421349 0.5466791 0.5421287 0.5478238 0.5382247 0.548304 0.5421349 0.1624878 0.99641 0.1613504 0.9964091 0.1613638 0.9963151 0.1624878 0.99641 0.1613638 0.9963151 0.1624777 0.9963142 0.6303296 0.470695 0.6142922 0.470695 0.614296 0.4612112 0.6303296 0.470695 0.614296 0.4612112 0.6303335 0.4612112 0.5861335 0.8399406 0.5869651 0.8399502 0.5870007 0.8400891 0.5861335 0.8399406 0.5870007 0.8400891 0.5861615 0.8400794 0.5934029 0.9884217 0.5934076 0.9881424 0.5948862 0.9881424 0.5934029 0.9884217 0.5948862 0.9881424 0.5948877 0.9884217 0.36434 0.9152452 0.3643419 0.9155427 0.3427266 0.9156646 0.36434 0.9152452 0.3427266 0.9156646 0.3427247 0.9153673 0.2122756 0.9420652 0.2119249 0.9433715 0.2117419 0.9432975 0.2122756 0.9420652 0.2117419 0.9432975 0.2120801 0.9420408 0.9523103 0.7916143 0.9519334 0.7915546 0.9519334 0.782454 0.9523103 0.7916143 0.9519334 0.782454 0.9523103 0.7824019 0.4855247 0.57408 0.4856323 0.5740668 0.4856316 0.5751809 0.4855247 0.57408 0.4856316 0.5751809 0.4855243 0.5751658 0.7920947 0.4905806 0.7929744 0.4905883 0.7929821 0.490738 0.7920947 0.4905806 0.7929821 0.490738 0.7921054 0.4907303 0.5125255 0.9889519 0.5125201 0.9886839 0.5139995 0.9886866 0.5125255 0.9889519 0.5139995 0.9886866 0.5139878 0.9889546 0.906378 0.5992831 0.9064856 0.5992389 0.9064975 0.6003304 0.906378 0.5992831 0.9064975 0.6003304 0.90639 0.6003622 0.1094465 0.9974858 0.109457 0.9975709 0.1081179 0.9975702 0.1094465 0.9974858 0.1081179 0.9975702 0.1081284 0.9974863 0.9898582 0.4318462 0.9898566 0.422717 0.9971373 0.422717 0.9898582 0.4318462 0.9971373 0.422717 0.9971373 0.4318462 0.9710838 0.5619269 0.9711474 0.5618438 0.9720612 0.5627572 0.9710838 0.5619269 0.9720612 0.5627572 0.9719774 0.5628213 0.1068947 0.9970535 0.1069343 0.996957 0.1081554 0.9972851 0.1068947 0.9970535 0.1081554 0.9972851 0.1081421 0.9973882 0.4481717 0.9890051 0.4467071 0.9890051 0.4466993 0.9887384 0.4481717 0.9890051 0.4466993 0.9887384 0.448181 0.9887384 0.7963412 0.4907458 0.7951744 0.4907458 0.7951744 0.4905961 0.7963412 0.4907458 0.7951744 0.4905961 0.7963443 0.4905961 0.4440835 0.9876576 0.4430626 0.9876481 0.4431758 0.9874363 0.4440835 0.9876576 0.4431758 0.9874363 0.4441704 0.9874456 0.7951744 0.4907458 0.7951776 0.4908846 0.794045 0.4908823 0.7951744 0.4907458 0.794045 0.4908823 0.7940295 0.4907434 0.1593233 0.9954704 0.1592662 0.9955451 0.1584617 0.9947407 0.1593233 0.9954704 0.1584617 0.9947407 0.1585369 0.994682 0.4481827 0.9884598 0.4466978 0.9884598 0.4466993 0.9881806 0.4481827 0.9884598 0.4466993 0.9881806 0.448181 0.9881806 0.9642089 0.5687806 0.9635635 0.567662 0.9636596 0.5676221 0.9642089 0.5687806 0.9636596 0.5676221 0.9642927 0.568717 0.1603307 0.9959248 0.1613781 0.9962065 0.1613638 0.9963151 0.1603307 0.9959248 0.1613638 0.9963151 0.1602879 0.9960269 0.5138846 0.5665552 0.5138846 0.56804 0.5136054 0.5680377 0.5138846 0.5665552 0.5136054 0.5680377 0.5136054 0.5665591 0.5807403 0.8399406 0.5807853 0.8398211 0.5817613 0.8398146 0.5807403 0.8399406 0.5817613 0.8398146 0.5817332 0.8399336 0.1661485 0.992644 0.165861 0.9937187 0.1657611 0.993676 0.1661485 0.992644 0.1657611 0.993676 0.1660413 0.9926288 0.4720451 0.980983 0.9376772 0.980983 0.9376741 0.9818323 0.4720451 0.980983 0.9376741 0.9818323 0.472042 0.9818323 0.7951744 0.4904463 0.7951744 0.4905961 0.7940247 0.4905937 0.7951744 0.4904463 0.7940247 0.4905937 0.7940295 0.490444 0.4819452 0.5705025 0.4829936 0.5707831 0.4829494 0.5708903 0.4819452 0.5705025 0.4829494 0.5708903 0.4819305 0.5706174 0.5133283 0.5651782 0.5133122 0.5639494 0.5135805 0.5639067 0.5133283 0.5651782 0.5135805 0.5639067 0.5135968 0.5651503 0.917848 0.5167054 0.9178664 0.5155708 0.9179719 0.5155433 0.917848 0.5167054 0.9179719 0.5155433 0.9179539 0.5166635 0.444944 0.8728767 0.4449533 0.8738781 0.3995088 0.8731203 0.444944 0.8728767 0.3995088 0.8731203 0.3995026 0.8724291 0.1041258 0.9944139 0.1037845 0.9931423 0.1038821 0.9931281 0.1041258 0.9944139 0.1038821 0.9931281 0.1042167 0.9943754 0.5138596 0.5708173 0.5141381 0.5708048 0.5141149 0.5719041 0.5138596 0.5708173 0.5141149 0.5719041 0.5138365 0.5719205 0.2580794 0.8515215 0.2579465 0.8516305 0.2572412 0.8504231 0.2580794 0.8515215 0.2572412 0.8504231 0.2573987 0.8503544 0.9067663 0.6029424 0.9067637 0.6042968 0.90663 0.604293 0.9067663 0.6029424 0.90663 0.604293 0.9066326 0.6029416 0.9178817 0.512929 0.9178778 0.5116016 0.9179833 0.511623 0.9178817 0.512929 0.9179833 0.511623 0.917987 0.512934 0.513082 0.5694271 0.5130903 0.5680238 0.5133368 0.5680323 0.513082 0.5694271 0.5133368 0.5680323 0.5133283 0.5694636 0.2860659 0.9431091 0.2807323 0.9430482 0.2807186 0.9409271 0.2860659 0.9431091 0.2807186 0.9409271 0.2860522 0.940988 0.1118603 0.9884818 0.1117999 0.9885596 0.1106825 0.9879118 0.1118603 0.9884818 0.1106825 0.9879118 0.1107192 0.9878236 0.963562 0.5638754 0.9632298 0.5651227 0.9631321 0.5651096 0.963562 0.5638754 0.9631321 0.5651096 0.9634735 0.5638371 0.9172577 0.5129328 0.917254 0.5116218 0.917362 0.5116009 0.9172577 0.5129328 0.917362 0.5116009 0.917366 0.5129282 0.1578 0.9926267 0.157691 0.9926428 0.1576914 0.9915288 0.1578 0.9926267 0.1576914 0.9915288 0.1577985 0.9915435 0.2661411 0.8513574 0.2663004 0.8514778 0.2653492 0.8524394 0.2661411 0.8513574 0.2653492 0.8524394 0.2652252 0.8522819 0.5154215 0.9884158 0.5166751 0.9884289 0.5166604 0.9887079 0.5154215 0.9884158 0.5166604 0.9887079 0.5154122 0.9886947 0.1778358 0.4578941 0.1778358 0.3815584 0.1783431 0.381574 0.1778358 0.4578941 0.1783431 0.381574 0.1783431 0.4579127 0.7940295 0.4907434 0.7929821 0.490738 0.7929744 0.4905883 0.7940295 0.4907434 0.7929744 0.4905883 0.7940247 0.4905937 0.1643794 0.9888808 0.1644498 0.9887889 0.1652173 0.9895562 0.1643794 0.9888808 0.1652173 0.9895562 0.1651263 0.9896253 0.1577985 0.9915435 0.1576914 0.9915288 0.1579783 0.9904553 0.1577985 0.9915435 0.1579783 0.9904553 0.1580805 0.990494 0.4777842 0.5434507 0.4779052 0.5434705 0.4779021 0.544595 0.4777842 0.5434507 0.4779021 0.544595 0.4777802 0.5445938 0.3593271 0.4997491 0.4446091 0.499715 0.4111186 0.5533205 0.5110749 0.9886866 0.5125201 0.9886839 0.5125255 0.9889519 0.5110749 0.9886866 0.5125255 0.9889519 0.5110965 0.9889546 0.9176095 0.5155941 0.917621 0.5142924 0.9177543 0.51429 0.9176095 0.5155941 0.9177543 0.51429 0.9177426 0.5155883 0.4775033 0.5468505 0.4774933 0.5457578 0.4776437 0.545754 0.4775033 0.5468505 0.4776437 0.545754 0.477653 0.5468427 0.1579148 0.992612 0.1578 0.9926267 0.1577985 0.9915435 0.1579148 0.992612 0.1577985 0.9915435 0.1579149 0.9915571 0.917621 0.5115834 0.9174872 0.5115876 0.9176123 0.510649 0.9174872 0.5115876 0.9176095 0.5103604 0.9176123 0.510649 0.9366331 0.3737809 0.9383558 0.3770508 0.9308531 0.3807269 0.9308531 0.3807269 0.9260188 0.3723762 0.9329 0.3676162 0.9308531 0.3807269 0.9329 0.3676162 0.9366331 0.3737809 0.1094334 0.9973892 0.1094465 0.9974858 0.1081284 0.9974863 0.1094334 0.9973892 0.1081284 0.9974863 0.1081421 0.9973882 0.9642089 0.5627564 0.963562 0.5638754 0.9634735 0.5638371 0.9642089 0.5627564 0.9634735 0.5638371 0.9641313 0.5626968 0.917254 0.5116218 0.9172425 0.5104264 0.9173505 0.5103902 0.917254 0.5116218 0.9173505 0.5103902 0.917362 0.5116009 0.2023519 0.9433712 0.2025319 0.9432963 0.203182 0.944423 0.2023519 0.9433712 0.203182 0.944423 0.2030285 0.9445425 0.1603307 0.9959248 0.1602879 0.9960269 0.1593233 0.9954704 0.1603307 0.9959248 0.1593233 0.9954704 0.1593899 0.9953835 0.9177426 0.5155883 0.9177543 0.51429 0.9178778 0.5142827 0.9177426 0.5155883 0.9178778 0.5142827 0.9178664 0.5155708 0.5111353 0.9876199 0.5125364 0.9876172 0.5125271 0.9878599 0.5111353 0.9876199 0.5125271 0.9878599 0.5110981 0.9878628 0.9004659 0.4658086 0.8990937 0.4658002 0.8990937 0.4613837 0.8990937 0.4613837 0.9004659 0.4614931 0.9004659 0.4635823 0.8990937 0.4613837 0.9004659 0.4635823 0.9004659 0.4658086 0.7921054 0.4904308 0.7921397 0.4902911 0.7930085 0.4902982 0.7921054 0.4904308 0.7930085 0.4902982 0.7929837 0.4904386 0.4792769 0.6322951 0.4780989 0.6323022 0.4780985 0.6312705 0.4792769 0.6322951 0.4780985 0.6312705 0.4792765 0.6312636 0.3457834 0.9521211 0.3542299 0.9521351 0.3542113 0.9554745 0.3457834 0.9521211 0.3542113 0.9554745 0.3457649 0.9554606 0.9451085 0.9715579 0.9451302 0.9617437 0.955479 0.9617437 0.9451085 0.9715579 0.955479 0.9617437 0.9554572 0.9715579 0.1634657 0.9883534 0.1624469 0.9880806 0.1624616 0.9879658 0.1634657 0.9883534 0.1624616 0.9879658 0.163511 0.9882451 0.4840561 0.5711676 0.4848604 0.5719719 0.4847877 0.5720265 0.4840561 0.5711676 0.4847877 0.5720265 0.4839994 0.5712402 0.9728742 0.5677307 0.9722055 0.5688903 0.9721372 0.5688403 0.9728742 0.5677307 0.9721372 0.5688403 0.9727982 0.5676993 0.9064975 0.6055242 0.9064856 0.606583 0.906378 0.6065365 0.9064975 0.6055242 0.906378 0.6065365 0.90639 0.6054908 0.1128576 0.9893649 0.1135272 0.9905241 0.1134489 0.9905554 0.1128576 0.9893649 0.1134489 0.9905554 0.1127917 0.9894132 0.9067637 0.6042968 0.9067561 0.6055521 0.9066225 0.6055451 0.9067637 0.6042968 0.9066225 0.6055451 0.90663 0.604293 0.4449689 0.8747228 0.3995189 0.8737035 0.3995088 0.8731203 0.4449689 0.8747228 0.3995088 0.8731203 0.4449533 0.8738781 0.9177582 0.5129259 0.917625 0.5129247 0.917621 0.5115834 0.9177582 0.5129259 0.917621 0.5115834 0.9177543 0.511588 0.8104609 0.6540688 0.8104609 0.6542659 0.8023805 0.6542659 0.8104609 0.6540688 0.8023805 0.6542659 0.802382 0.6540697 0.9727982 0.5638378 0.9727066 0.5638759 0.9720612 0.5627572 0.9727982 0.5638378 0.9720612 0.5627572 0.9721387 0.5626971 0.2575777 0.8502771 0.2573987 0.8503544 0.2570412 0.8490499 0.2575777 0.8502771 0.2570412 0.8490499 0.2572346 0.849022 0.798431 0.4905883 0.7974537 0.4905937 0.7974475 0.490444 0.798431 0.4905883 0.7974475 0.490444 0.7984202 0.4904386 0.5851405 0.8403719 0.5851452 0.8402221 0.5861691 0.8402292 0.5851405 0.8403719 0.5861691 0.8402292 0.5861615 0.8403788 0.2090453 0.9459946 0.2101717 0.9453438 0.2102928 0.9454993 0.2090453 0.9459946 0.2102928 0.9454993 0.2091214 0.9461753 0.4819305 0.5706174 0.4808743 0.5706189 0.4808605 0.5705021 0.4819305 0.5706174 0.4808605 0.5705021 0.4819452 0.5705025 0.1758887 0.4577917 0.1758887 0.3814529 0.1763604 0.381484 0.1758887 0.4577917 0.1763604 0.381484 0.1763604 0.4578228 0.9728742 0.5638052 0.9732217 0.5650984 0.9731379 0.5651103 0.9728742 0.5638052 0.9731379 0.5651103 0.9727982 0.5638378 0.5860915 0.8406391 0.5861335 0.8405185 0.5869651 0.8405281 0.5860915 0.8406391 0.5869651 0.8405281 0.5869093 0.8406489 0.5133368 0.5680323 0.5136054 0.5680377 0.5135968 0.5694861 0.5133368 0.5680323 0.5135968 0.5694861 0.5133283 0.5694636 0.163551 0.9881469 0.1624765 0.9878578 0.1624875 0.9877678 0.163551 0.9881469 0.1624875 0.9877678 0.1635866 0.9880619 0.5850971 0.8406321 0.5851234 0.8405119 0.5861335 0.8405185 0.5850971 0.8406321 0.5861335 0.8405185 0.5860915 0.8406391 0.9899944 0.5163677 0.9899944 0.4387645 0.9901589 0.438766 0.9899944 0.5163677 0.9901589 0.438766 0.9901589 0.5163693 0.8939008 0.7114303 0.8938909 0.7125025 0.8937573 0.7124931 0.8939008 0.7114303 0.8937573 0.7124931 0.8937672 0.7114241 0.5099445 0.9874187 0.5098615 0.9876279 0.5088026 0.9876406 0.5099445 0.9874187 0.5088026 0.9876406 0.5089128 0.9874311 0.5948707 0.9892096 0.5934371 0.9892096 0.5934184 0.9889667 0.5948707 0.9892096 0.5934184 0.9889667 0.5948816 0.9889667 0.8915454 0.7789703 0.8925958 0.7789627 0.8925741 0.7790868 0.8915454 0.7789703 0.8925741 0.7790868 0.8915159 0.7790946 0.582835 0.8402183 0.5817101 0.8402221 0.5817148 0.8400724 0.582835 0.8402183 0.5817148 0.8400724 0.5828379 0.8400689 0.5130903 0.5680238 0.5130903 0.5665894 0.5133368 0.5665707 0.5130903 0.5680238 0.5133368 0.5665707 0.5133368 0.5680323 0.8937672 0.7061893 0.8937573 0.7050908 0.8938909 0.7050814 0.8937672 0.7061893 0.8938909 0.7050814 0.8939008 0.706183 0.4819722 0.5789465 0.4808339 0.5789472 0.4808461 0.578854 0.4819722 0.5789465 0.4808461 0.578854 0.4819598 0.5788531 0.5139708 0.9876199 0.51534 0.9876279 0.515385 0.9878708 0.5139708 0.9876199 0.515385 0.9878708 0.5139894 0.9878627 0.1138736 0.9931564 0.1135264 0.9944504 0.1134496 0.9944153 0.1138736 0.9931564 0.1134496 0.9944153 0.1137908 0.9931439 0.8152667 0.6544569 0.8152667 0.654261 0.8233487 0.654261 0.8152667 0.6544569 0.8233487 0.654261 0.8233487 0.6544569 0.59634 0.9884171 0.5963307 0.988138 0.5976433 0.9881292 0.59634 0.9884171 0.5976433 0.9881292 0.5976573 0.9884084 0.1653035 0.989491 0.1652173 0.9895562 0.1644498 0.9887889 0.1653035 0.989491 0.1644498 0.9887889 0.164516 0.9887036 0.6905209 0.9895831 0.6905271 0.9874034 0.6963981 0.9874034 0.6905209 0.9895831 0.6963981 0.9874034 0.6963919 0.9895831 0.4496178 0.9884563 0.4508978 0.9884493 0.4508854 0.9887281 0.4496178 0.9884563 0.4508854 0.9887281 0.4496069 0.988735 0.4467397 0.9874554 0.4481361 0.9874554 0.4481562 0.9876678 0.4467397 0.9874554 0.4481562 0.9876678 0.4467211 0.9876678 0.9066105 0.5992102 0.9066225 0.6003109 0.9064975 0.6003304 0.9066105 0.5992102 0.9064975 0.6003304 0.9064856 0.5992389 0.9071077 0.5992831 0.9071193 0.6003615 0.9070134 0.6003304 0.9071077 0.5992831 0.9070134 0.6003304 0.9070014 0.5992389 0.8940404 0.7074615 0.8940342 0.7061893 0.8941581 0.7062094 0.8940404 0.7074615 0.8941581 0.7062094 0.8941643 0.7074707 0.9065076 0.6029408 0.906505 0.6015933 0.90663 0.601584 0.9065076 0.6029408 0.90663 0.601584 0.9066326 0.6029416 0.6218624 0.5277307 0.6218472 0.5255045 0.6297729 0.5254853 0.6218624 0.5277307 0.6297729 0.5254853 0.629788 0.5277115 0.9173505 0.5103902 0.9172425 0.5104264 0.9172244 0.5094279 0.9173505 0.5103902 0.9172244 0.5094279 0.9173323 0.5093795 0.9599487 0.6990197 0.9602608 0.6998024 0.9358258 0.6998024 0.9358258 0.6998024 0.9358101 0.6729738 0.9602449 0.6729738 0.9602485 0.6791845 0.9724298 0.6791845 0.9724324 0.6837592 0.9358258 0.6998024 0.9602449 0.6729738 0.9602485 0.6791845 0.9602512 0.6837592 0.9602608 0.6998009 0.9599487 0.6990197 0.9599487 0.6990197 0.9358258 0.6998024 0.9602485 0.6791845 0.9602485 0.6791845 0.9724324 0.6837592 0.9602512 0.6837592 0.9599487 0.6990197 0.9602485 0.6791845 0.9602512 0.6837592 0.4773969 0.574097 0.477281 0.5740823 0.4775624 0.5730341 0.4773969 0.574097 0.4775624 0.5730341 0.4776701 0.5730777 0.9687798 0.5608637 0.9687937 0.5607664 0.9700659 0.5611069 0.9687798 0.5608637 0.9700659 0.5611069 0.9700287 0.5611977 0.4848604 0.5719719 0.4854303 0.5729566 0.4853442 0.5729911 0.4848604 0.5719719 0.4853442 0.5729911 0.4847877 0.5720265 0.2021953 0.9420397 0.2025319 0.9432963 0.2023519 0.9433712 0.2021953 0.9420397 0.2023519 0.9433712 0.2020012 0.9420641 0.917591 0.5093387 0.9176095 0.5103604 0.9174758 0.5103681 0.917591 0.5093387 0.9174758 0.5103681 0.9174574 0.5093488 0.9071193 0.6003615 0.9071267 0.6016089 0.9070207 0.6015933 0.9071193 0.6003615 0.9070207 0.6015933 0.9070134 0.6003304 0.5817101 0.8402221 0.5817148 0.8403719 0.5807124 0.8403788 0.5817101 0.8402221 0.5807124 0.8403788 0.580703 0.8402288 0.5125271 0.9878599 0.5125364 0.9876172 0.5139708 0.9876199 0.5125271 0.9878599 0.5139708 0.9876199 0.5139894 0.9878627 0.5125271 0.9878599 0.5139894 0.9878627 0.5140002 0.9881289 0.5125271 0.9878599 0.5140002 0.9881289 0.5125209 0.9881261 0.906897 0.604293 0.9068996 0.6029416 0.9070233 0.6029408 0.906897 0.604293 0.9070233 0.6029408 0.9070207 0.6042813 0.906897 0.604293 0.9067637 0.6042968 0.9067663 0.6029424 0.906897 0.604293 0.9067663 0.6029424 0.9068996 0.6029416 0.1933034 0.4579407 0.1930846 0.4579531 0.1930846 0.3816174 0.1933034 0.4579407 0.1930846 0.3816174 0.1933034 0.3816019 0.5146463 0.5707072 0.5144041 0.5707677 0.5144202 0.5694643 0.5146463 0.5707072 0.5144202 0.5694643 0.5146623 0.5694286 0.8915159 0.7793614 0.8925741 0.7793539 0.8925958 0.7794786 0.8915159 0.7793614 0.8925958 0.7794786 0.8915454 0.7794861 0.1057755 0.9885578 0.1048628 0.9894705 0.1047848 0.9894123 0.1057755 0.9885578 0.1047848 0.9894123 0.1057161 0.988481 0.1635876 0.9961143 0.1624878 0.99641 0.1624777 0.9963142 0.1635876 0.9961143 0.1624777 0.9963142 0.1635528 0.9960268 0.1040477 0.9944478 0.1037016 0.9931539 0.1037845 0.9931423 0.1040477 0.9944478 0.1037845 0.9931423 0.1041258 0.9944139 0.7022542 0.4933161 0.703383 0.4933055 0.7033815 0.4943369 0.7022542 0.4933161 0.7033815 0.4943369 0.7022519 0.4943477 0.1653043 0.9946825 0.1645167 0.9954702 0.1644515 0.9953831 0.1653043 0.9946825 0.1644515 0.9953831 0.1652185 0.9946165 0.5851405 0.8400724 0.5861615 0.8400794 0.5861691 0.8402292 0.5851405 0.8400724 0.5861691 0.8402292 0.5851452 0.8402221 0.5133368 0.5680323 0.5133368 0.5665707 0.5136054 0.5665591 0.5133368 0.5680323 0.5136054 0.5665591 0.5136054 0.5680377 0.917848 0.5167054 0.9177243 0.5167318 0.9177426 0.5155883 0.917848 0.5167054 0.9177426 0.5155883 0.9178664 0.5155708 0.5146705 0.5665917 0.5144286 0.5665715 0.5144202 0.565179 0.5146705 0.5665917 0.5144202 0.565179 0.5146623 0.5652256 0.9124277 0.7710548 0.9118857 0.7752314 0.9106899 0.7751625 0.9106899 0.7751625 0.9112449 0.7708874 0.9113144 0.7708969 0.9106899 0.7751625 0.9113144 0.7708969 0.9124277 0.7710548 0.2661895 0.8580856 0.26619 0.8561724 0.2670889 0.8559976 0.2661895 0.8580856 0.2670889 0.8559976 0.2670882 0.8579124 0.2078149 0.9465256 0.2078382 0.9466962 0.2064402 0.9466962 0.2078149 0.9465256 0.2064402 0.9466962 0.2064619 0.9465252 0.16624 0.9915199 0.166149 0.9915297 0.1658598 0.9904553 0.16624 0.9915199 0.1658598 0.9904553 0.1659455 0.9904205 0.2570412 0.8490499 0.2568712 0.8490744 0.256865 0.8476774 0.2570412 0.8490499 0.256865 0.8476774 0.2570332 0.8476966 0.2211679 0.9143532 0.2211408 0.9142143 0.2221602 0.9142205 0.2211679 0.9143532 0.2221602 0.9142205 0.2221772 0.9143594 0.5141629 0.5665599 0.5138846 0.5665552 0.5138761 0.5651402 0.5141629 0.5665599 0.5138761 0.5651402 0.5141544 0.5651503 0.11186 0.9964876 0.1119094 0.9965566 0.1107498 0.9972248 0.11186 0.9964876 0.1107498 0.9972248 0.1107191 0.9971458 0.1094341 0.9875783 0.1094461 0.9874829 0.1107192 0.9878236 0.1094341 0.9875783 0.1107192 0.9878236 0.1106825 0.9879118 0.8951698 0.7792136 0.8951698 0.7790802 0.896529 0.779082 0.8951698 0.7792136 0.896529 0.779082 0.8965321 0.7792152 0.7973977 0.4901834 0.7983426 0.490178 0.7983908 0.4902982 0.7973977 0.4901834 0.7983908 0.4902982 0.7974273 0.4903036 0.383157 0.8119403 0.383157 0.711638 0.4548478 0.7114821 0.383157 0.8119403 0.4548478 0.7114821 0.4548478 0.8117843 0.917987 0.512934 0.9179831 0.514271 0.9178778 0.5142827 0.917987 0.512934 0.9178778 0.5142827 0.9178817 0.512929 0.9640661 0.5688896 0.9633958 0.5677299 0.9634718 0.5676988 0.9640661 0.5688896 0.9634718 0.5676988 0.9641329 0.5688396 0.9178664 0.5103914 0.9177426 0.5103685 0.9177245 0.5093492 0.9178664 0.5103914 0.9177245 0.5093492 0.9178481 0.5093806 0.90663 0.601584 0.9066225 0.6003109 0.9067561 0.6003047 0.90663 0.601584 0.9067561 0.6003047 0.9067637 0.6015802 0.4979427 0.6005451 0.4979427 0.599175 0.4979442 0.6002211 0.4779021 0.544595 0.4779052 0.5457264 0.4777842 0.5457431 0.4779021 0.544595 0.4777842 0.5457431 0.4777802 0.5445938 0.8939008 0.7114303 0.8940342 0.7114241 0.8940243 0.7124931 0.8939008 0.7114303 0.8940243 0.7124931 0.8938909 0.7125025 0.5948877 0.9884217 0.5948862 0.9881424 0.5963307 0.988138 0.5948877 0.9884217 0.5963307 0.988138 0.59634 0.9884171 0.9687813 0.5706745 0.9687937 0.5707707 0.9674764 0.5707707 0.9687813 0.5706745 0.9674764 0.5707707 0.9674888 0.5706745 0.8767878 0.4563378 0.8680705 0.4563345 0.8680705 0.3777975 0.8767878 0.4563378 0.8680705 0.3777975 0.8767879 0.3778007 0.1042167 0.9943754 0.1038821 0.9931281 0.1039863 0.9931138 0.1042167 0.9943754 0.1039863 0.9931138 0.1043138 0.9943343 0.4481717 0.9890051 0.4481562 0.9892483 0.4467211 0.9892483 0.4481717 0.9890051 0.4467211 0.9892483 0.4467071 0.9890051 0.4776701 0.5730777 0.4775624 0.5730341 0.4781053 0.5720935 0.4776701 0.5730777 0.4781053 0.5720935 0.4781979 0.5721642 0.8978136 0.77922 0.8978074 0.7790868 0.8989168 0.7790946 0.8978136 0.77922 0.8989168 0.7790946 0.8989245 0.779228 0.917591 0.5093387 0.9177245 0.5093492 0.9177426 0.5103685 0.917591 0.5093387 0.9177426 0.5103685 0.9176095 0.5103604 0.1602865 0.9881473 0.1593222 0.9887034 0.1592648 0.9886308 0.1602865 0.9881473 0.1592648 0.9886308 0.16025 0.9880625 0.917621 0.5115834 0.9176095 0.5103604 0.9177426 0.5103685 0.917621 0.5115834 0.9177426 0.5103685 0.9177543 0.511588 0.2078149 0.9465256 0.2091214 0.9461753 0.2091897 0.9463347 0.2078149 0.9465256 0.2091897 0.9463347 0.2078382 0.9466962 0.9071267 0.6016089 0.9071292 0.6029393 0.9070233 0.6029408 0.9071267 0.6016089 0.9070233 0.6029408 0.9070207 0.6015933 0.9064975 0.6055242 0.906505 0.6042822 0.90663 0.604293 0.9064975 0.6055242 0.90663 0.604293 0.9066225 0.6055451 0.769835 0.9907701 0.7665157 0.9907655 0.7665157 0.9874258 0.769835 0.9907701 0.7665157 0.9874258 0.769835 0.9874305 0.1028885 0.1106244 0.1028885 0.2719418 0.01815646 0.2465252 0.1028885 0.1106244 0.01815646 0.2465252 0.01815646 0.01844835 0.1081302 0.9874812 0.1081428 0.9875771 0.1068944 0.9879128 0.1081302 0.9874812 0.1068944 0.9879128 0.1068571 0.9878228 0.5364893 0.6313275 0.5417448 0.631375 0.541785 0.6358948 0.5364893 0.6313275 0.541785 0.6358948 0.5365294 0.6358473 0.9726104 0.5676228 0.9719774 0.5687178 0.9710838 0.5696118 0.9710838 0.5696118 0.9699883 0.5702435 0.9687672 0.570571 0.9687672 0.570571 0.9675028 0.570571 0.9662817 0.5702435 0.9662817 0.5702435 0.9651863 0.569611 0.9642927 0.568717 0.9642927 0.568717 0.9636596 0.5676221 0.9633322 0.5664011 0.9633322 0.5664011 0.9633322 0.5651367 0.9636596 0.5639157 0.9636596 0.5639157 0.9642927 0.5628205 0.9651863 0.5619264 0.9651863 0.5619264 0.9662802 0.5612946 0.9675028 0.5609673 0.9675028 0.5609673 0.9687672 0.5609677 0.9699883 0.561295 0.9699883 0.561295 0.9710838 0.5619269 0.9719774 0.5628213 0.9719774 0.5628213 0.9726104 0.5639161 0.9729363 0.5651375 0.9729363 0.5651375 0.9729379 0.5664015 0.9726104 0.5676228 0.9726104 0.5676228 0.9710838 0.5696118 0.9687672 0.570571 0.9687672 0.570571 0.9662817 0.5702435 0.9642927 0.568717 0.9642927 0.568717 0.9633322 0.5664011 0.9636596 0.5639157 0.9636596 0.5639157 0.9651863 0.5619264 0.9675028 0.5609673 0.9675028 0.5609673 0.9699883 0.561295 0.9719774 0.5628213 0.9719774 0.5628213 0.9729363 0.5651375 0.9726104 0.5676228 0.9726104 0.5676228 0.9687672 0.570571 0.9642927 0.568717 0.9642927 0.568717 0.9636596 0.5639157 0.9675028 0.5609673 0.9675028 0.5609673 0.9719774 0.5628213 0.9726104 0.5676228 0.9642927 0.568717 0.9675028 0.5609673 0.9726104 0.5676228 0.9728742 0.5638052 0.9727982 0.5638378 0.9721387 0.5626971 0.9728742 0.5638052 0.9721387 0.5626971 0.9722039 0.5626455 0.893543 0.7088159 0.8936506 0.7088191 0.8936486 0.7101581 0.893543 0.7088159 0.8936486 0.7101581 0.8935409 0.7101426 0.163511 0.9882451 0.1624616 0.9879658 0.1624765 0.9878578 0.163511 0.9882451 0.1624765 0.9878578 0.163551 0.9881469 0.1587162 0.9945432 0.1586232 0.9946147 0.1580806 0.9936751 0.1587162 0.9945432 0.1580806 0.9936751 0.1581879 0.993631 0.11359 0.9918527 0.1132629 0.9906305 0.1133594 0.9905909 0.11359 0.9918527 0.1133594 0.9905909 0.1136941 0.9918383 0.5127033 0.5679973 0.5127033 0.5666468 0.512876 0.5666158 0.5127033 0.5679973 0.512876 0.5666158 0.512876 0.5680121 0.5934029 0.9884217 0.5919833 0.9884171 0.5919941 0.988138 0.5934029 0.9884217 0.5919941 0.988138 0.5934076 0.9881424 0.6346989 0.9300094 0.6248032 0.9300094 0.6247365 0.9296485 0.6346989 0.9300094 0.6247365 0.9296485 0.6347827 0.9296485 0.1068947 0.9970535 0.1068569 0.9971451 0.1057159 0.9964868 0.1068947 0.9970535 0.1057159 0.9964868 0.1057763 0.9964067 0.513082 0.5694271 0.5133283 0.5694636 0.5133122 0.5707668 0.513082 0.5694271 0.5133122 0.5707668 0.5130662 0.5707055 0.5934029 0.9884217 0.5948877 0.9884217 0.5948877 0.9887002 0.5934029 0.9884217 0.5948877 0.9887002 0.5934076 0.9887002 0.7940681 0.4901834 0.794045 0.4903036 0.7930085 0.4902982 0.7940681 0.4901834 0.7930085 0.4902982 0.7930473 0.490178 0.9171702 0.514254 0.9171739 0.5129386 0.9172577 0.5129328 0.9171702 0.514254 0.9172577 0.5129328 0.9172537 0.5142699 0.4773699 0.5414581 0.4773544 0.5423693 0.4772155 0.5423921 0.4773699 0.5414581 0.4772155 0.5423921 0.477231 0.5414907 0.2122756 0.9407128 0.2122756 0.9420652 0.2120801 0.9420408 0.2122756 0.9407128 0.2120801 0.9420408 0.2120801 0.9407396 0.3394454 0.59279 0.3519901 0.5927692 0.3519901 0.6869847 0.3394454 0.59279 0.3519901 0.6869847 0.3394454 0.6870048 0.9971161 0.04790639 0.9967139 0.04790639 0.9967139 0.04743158 0.9971161 0.04790639 0.9967139 0.04743158 0.9971165 0.04742848 0.6380831 0.5276759 0.6380679 0.5254496 0.6468403 0.5254037 0.6380831 0.5276759 0.6468403 0.5254037 0.6468557 0.52763 0.468013 0.873493 0.4714953 0.8700233 0.4748444 0.8700225 0.468013 0.873493 0.4748444 0.8700225 0.4713621 0.8734938 0.7170625 0.4805942 0.7144156 0.4772564 0.7227752 0.4772564 0.7170625 0.4805942 0.7227752 0.4772564 0.7200003 0.4805942 0.9970594 0.16182 0.9971193 0.156548 0.9974371 0.1565457 0.9970594 0.16182 0.9974371 0.1565457 0.997377 0.1618179 0.9477785 0.4532927 0.9477978 0.4451718 0.9500249 0.4451737 0.9477785 0.4532927 0.9500249 0.4451737 0.9500047 0.4532925 0.1852328 0.4644694 0.1852283 0.4652856 0.1767256 0.4652585 0.1852328 0.4644694 0.1767256 0.4652585 0.1767302 0.4644423 0.4528838 0.9137118 0.4537178 0.9138813 0.453737 0.9152563 0.4528838 0.9137118 0.453737 0.9152563 0.4529029 0.9150868 0.4430626 0.9892287 0.4429787 0.9889852 0.4440183 0.9889946 0.4430626 0.9892287 0.4440183 0.9889946 0.4440835 0.9892383 0.4773544 0.5423693 0.4775033 0.5423611 0.4774933 0.543434 0.4773544 0.5423693 0.4774933 0.543434 0.4773443 0.5434379 0.9063974 0.6016089 0.90639 0.6003622 0.9064975 0.6003304 0.9063974 0.6016089 0.9064975 0.6003304 0.906505 0.6015933 0.445258 0.9884563 0.4439656 0.9884493 0.4439795 0.9881703 0.445258 0.9884563 0.4439795 0.9881703 0.4452673 0.9881773 0.8941483 0.7051187 0.8941581 0.7062094 0.8940342 0.7061893 0.8941483 0.7051187 0.8940342 0.7061893 0.8940243 0.7050908 0.5628412 0.6350359 0.5666075 0.6344735 0.5706469 0.6344735 0.5628412 0.6350359 0.5706469 0.6344735 0.5704088 0.6350359 0.5934371 0.9892096 0.5920671 0.9892052 0.5920221 0.9889621 0.5934371 0.9892096 0.5920221 0.9889621 0.5934184 0.9889667 0.437346 0.6761888 0.4373429 0.6770381 0.3994823 0.6770381 0.437346 0.6761888 0.3994823 0.6770381 0.3994854 0.6761888 0.8951714 0.779472 0.8965197 0.7794737 0.8965057 0.7795812 0.8951714 0.779472 0.8965057 0.7795812 0.8951714 0.7795793 0.7983908 0.4908768 0.7974273 0.4908823 0.7974475 0.4907434 0.7983908 0.4908768 0.7974475 0.4907434 0.7984202 0.490738 0.5828379 0.8403684 0.5840063 0.8403684 0.5840017 0.8405084 0.5828379 0.8403684 0.5840017 0.8405084 0.5828441 0.8405084 0.9662414 0.5703402 0.9662817 0.5702435 0.9675028 0.570571 0.9662414 0.5703402 0.9675028 0.570571 0.9674888 0.5706745 0.5807124 0.8400794 0.5817148 0.8400724 0.5817101 0.8402221 0.5807124 0.8400794 0.5817101 0.8402221 0.580703 0.8402288 0.9575584 0.894365 0.957549 0.8950679 0.9571968 0.895067 0.9575584 0.894365 0.9571968 0.895067 0.9572063 0.894365 0.1058405 0.9963238 0.1057763 0.9964067 0.104863 0.9954934 0.1058405 0.9963238 0.104863 0.9954934 0.1049458 0.9954292 0.9633322 0.5664011 0.9636596 0.5676221 0.9635635 0.567662 0.9633322 0.5664011 0.9635635 0.567662 0.9632298 0.5664142 0.9345013 0.7670567 0.9333252 0.7670626 0.9333236 0.7660309 0.9345013 0.7670567 0.9333236 0.7660309 0.9345013 0.7660252 0.9868453 0.9455237 0.9868453 0.9328796 0.9936251 0.9328648 0.9868453 0.9455237 0.9936251 0.9328648 0.9936251 0.9455091 0.4452921 0.9879094 0.4467071 0.987913 0.4466993 0.9881806 0.4452921 0.9879094 0.4466993 0.9881806 0.4452673 0.9881773 0.3647965 0.948356 0.3647526 0.9456968 0.4432785 0.9456969 0.3647965 0.948356 0.4432785 0.9456969 0.4433225 0.948356 0.7013094 0.4943646 0.7013109 0.4933332 0.7022542 0.4933161 0.7013094 0.4943646 0.7022542 0.4933161 0.7022519 0.4943477 0.9964106 0.5023839 0.9963494 0.5077605 0.9955333 0.507766 0.9964106 0.5023839 0.9955333 0.507766 0.9955945 0.5023893 0.4775623 0.5762154 0.4774619 0.5762576 0.4771741 0.575182 0.4775623 0.5762154 0.4771741 0.575182 0.4772818 0.575167 0.5138846 0.5665552 0.5136054 0.5665591 0.5135968 0.5651503 0.5138846 0.5665552 0.5135968 0.5651503 0.5138761 0.5651402 0.8130752 0.4067162 0.8130751 0.3201357 0.851966 0.3200512 0.8130752 0.4067162 0.851966 0.3200512 0.851966 0.4066317 0.2254078 0.5895569 0.1983056 0.6354385 0.09600341 0.6354385 0.2254078 0.5895569 0.09600341 0.6354385 0.09597241 0.5895569 0.47137 0.7360727 0.4748519 0.7395619 0.4715029 0.7395619 0.47137 0.7360727 0.4715029 0.7395619 0.4680209 0.7360727 0.4819605 0.5703951 0.480845 0.5703964 0.4808329 0.5703054 0.4819605 0.5703951 0.4808329 0.5703054 0.4819726 0.5703039 0.2640542 0.8437295 0.2627953 0.843399 0.2628237 0.8432052 0.2640542 0.8437295 0.2628237 0.8432052 0.2641308 0.8435475 0.7930085 0.4908768 0.7921397 0.4908691 0.7921054 0.4907303 0.7930085 0.4908768 0.7921054 0.4907303 0.7929821 0.490738 0.4819726 0.5703039 0.4830717 0.570598 0.4830347 0.5706838 0.4819726 0.5703039 0.4830347 0.5706838 0.4819605 0.5703951 0.2477213 0.9429583 0.2390792 0.9429987 0.2390789 0.9429812 0.2389721 0.9264992 0.2476142 0.9264587 0.2476162 0.9267822 0.2389721 0.9264992 0.2476162 0.9267822 0.246123 0.9267891 0.2468159 0.9408413 0.2477077 0.9408369 0.2477213 0.9429583 0.2462236 0.941616 0.2462213 0.940844 0.2468159 0.9408413 0.2389721 0.9264992 0.246123 0.9267891 0.2462141 0.940844 0.2462236 0.941616 0.2468159 0.9408413 0.2477213 0.9429583 0.2389721 0.9264992 0.2462141 0.940844 0.2462236 0.941616 0.2462236 0.941616 0.2477213 0.9429583 0.2390789 0.9429812 0.2390789 0.9429812 0.2389721 0.9264992 0.2462236 0.941616 0.5154129 0.9881371 0.5154215 0.9884158 0.5140042 0.9884076 0.5154129 0.9881371 0.5140042 0.9884076 0.5140002 0.9881289 0.7842121 0.8375305 0.7761332 0.8375305 0.7761317 0.8373481 0.7842121 0.8375305 0.7761317 0.8373481 0.7842106 0.8373489 0.1037855 0.9918248 0.1041272 0.9905517 0.1042166 0.9905884 0.1037855 0.9918248 0.1042166 0.9905884 0.1038826 0.9918363 0.2641022 0.8529389 0.2652252 0.8522819 0.2653492 0.8524394 0.2641022 0.8529389 0.2653492 0.8524394 0.264181 0.8531214 0.4520061 0.8352842 0.4508495 0.8352858 0.4508455 0.8342866 0.4520061 0.8352842 0.4508455 0.8342866 0.4520022 0.8342866 0.5110749 0.9886866 0.5110671 0.9884076 0.5125185 0.9884047 0.5110749 0.9886866 0.5125185 0.9884047 0.5125201 0.9886839 0.224461 0.9142205 0.2244634 0.9140716 0.2255914 0.9140646 0.224461 0.9142205 0.2255914 0.9140646 0.2255852 0.9142143 0.2041037 0.9374355 0.2031837 0.938355 0.2030285 0.9382344 0.2041037 0.9374355 0.2030285 0.9382344 0.2039842 0.937278 0.5110756 0.9881289 0.5110671 0.9884076 0.5097482 0.9884158 0.5110756 0.9881289 0.5097482 0.9884158 0.5097615 0.9881371 0.9174872 0.5115876 0.9174758 0.5103681 0.9176095 0.5103604 0.9070134 0.6003304 0.9068894 0.6003109 0.9068775 0.5992102 0.9070134 0.6003304 0.9068775 0.5992102 0.9070014 0.5992389 0.9173505 0.5103902 0.9173323 0.5093795 0.9174574 0.5093488 0.9173505 0.5103902 0.9174574 0.5093488 0.9174758 0.5103681 0.110112 0.9145208 0.1211756 0.9209184 0.1287508 0.9254525 0.1287508 0.9254525 0.1282191 0.9264266 0.109564 0.9154852 0.1287508 0.9254525 0.109564 0.9154852 0.110112 0.9145208 0.4770845 0.5445953 0.4772024 0.5445938 0.4772054 0.5457435 0.4770845 0.5445953 0.4772054 0.5457435 0.4770875 0.5457268 0.03915011 0.2625599 0.0390821 0.2634751 0.03872287 0.2634813 0.03875094 0.2631253 0.03811454 0.2631234 0.03811359 0.2627515 0.03915011 0.2625599 0.03872287 0.2634813 0.03875094 0.2631253 0.03944814 0.2617053 0.03915011 0.2625599 0.03875094 0.2631253 0.03875094 0.2631253 0.03811359 0.2627515 0.03841722 0.2627523 0.03841722 0.2627523 0.03844547 0.2624002 0.03880703 0.2613635 0.03880703 0.2613635 0.03941792 0.2604604 0.04023641 0.2597519 0.04023641 0.2597519 0.04120665 0.259286 0.04226255 0.2590942 0.04226255 0.2590942 0.04333239 0.25919 0.04434216 0.2595672 0.04434216 0.2595672 0.0452252 0.260199 0.04591917 0.261044 0.04591917 0.261044 0.04637777 0.2620428 0.04650688 0.2627733 0.04650688 0.2627733 0.04578131 0.2627736 0.04569172 0.2622658 0.04650688 0.2627733 0.04569172 0.2622658 0.04531365 0.2614414 0.04434216 0.2595672 0.04591917 0.261044 0.04650688 0.2627733 0.04023641 0.2597519 0.04226255 0.2590942 0.04434216 0.2595672 0.03841722 0.2627523 0.03880703 0.2613635 0.04023641 0.2597519 0.03944814 0.2617053 0.03875094 0.2631253 0.03841722 0.2627523 0.03995215 0.2609606 0.03944814 0.2617053 0.03841722 0.2627523 0.04434216 0.2595672 0.04650688 0.2627733 0.04531365 0.2614414 0.04434216 0.2595672 0.04531365 0.2614414 0.04474067 0.2607456 0.03995215 0.2609606 0.03841722 0.2627523 0.04023641 0.2597519 0.04062724 0.2603763 0.03995215 0.2609606 0.04023641 0.2597519 0.04434216 0.2595672 0.04474067 0.2607456 0.04401308 0.2602235 0.04434216 0.2595672 0.04401308 0.2602235 0.04317998 0.2599133 0.04142701 0.2599915 0.04062724 0.2603763 0.04023641 0.2597519 0.04434216 0.2595672 0.04317998 0.2599133 0.0422976 0.2598335 0.0422976 0.2598335 0.04142701 0.2599915 0.04023641 0.2597519 0.0422976 0.2598335 0.04023641 0.2597519 0.04434216 0.2595672 0.9067637 0.6015802 0.9067561 0.6003047 0.9068894 0.6003109 0.9067637 0.6015802 0.9068894 0.6003109 0.906897 0.601584 0.8942724 0.7088159 0.8942705 0.710141 0.8941643 0.7101581 0.8942724 0.7088159 0.8941643 0.7101581 0.8941663 0.7088191 0.8935495 0.9521161 0.8935572 0.9551041 0.8873696 0.9551041 0.8935495 0.9521161 0.8873696 0.9551041 0.8873611 0.9521161 0.4779145 0.5467869 0.47793 0.5477046 0.477809 0.5477542 0.4779145 0.5467869 0.477809 0.5477542 0.4777935 0.5468214 0.368521 0.9553197 0.3780955 0.9553197 0.377969 0.9556571 0.368521 0.9553197 0.377969 0.9556571 0.368611 0.9556571 0.906897 0.604293 0.9068894 0.6055443 0.9067561 0.6055521 0.906897 0.604293 0.9067561 0.6055521 0.9067637 0.6042968 0.2671164 0.8489688 0.2673119 0.8489935 0.2669691 0.8503023 0.2671164 0.8489688 0.2669691 0.8503023 0.2667852 0.850227 0.1603748 0.9958176 0.1603307 0.9959248 0.1593899 0.9953835 0.1603748 0.9958176 0.1593899 0.9953835 0.1594612 0.9952903 0.8334729 0.4691483 0.8334729 0.4649723 0.8349491 0.4652779 0.8334729 0.4691483 0.8349491 0.4652779 0.8349491 0.4691553 0.9975982 0.5543248 0.9975982 0.562351 0.9898466 0.5623028 0.9975982 0.5543248 0.9898466 0.5623028 0.9898466 0.5542767 0.9907236 0.3328758 0.9907236 0.4177824 0.9898437 0.417784 0.9907236 0.3328758 0.9898437 0.417784 0.9898437 0.3328779 0.2663004 0.8514778 0.2664423 0.8515847 0.2654589 0.8525781 0.2663004 0.8514778 0.2654589 0.8525781 0.2653492 0.8524394 0.9178944 0.7203079 0.91801 0.7285513 0.9157845 0.7285864 0.9178944 0.7203079 0.9157845 0.7285864 0.9156689 0.7203429 0.5956452 0.003586769 0.6037085 0.003586769 0.6037009 0.00379002 0.5956452 0.003586769 0.6037009 0.00379002 0.5956375 0.00379002 0.4481827 0.9884598 0.448181 0.9887384 0.4466993 0.9887384 0.4481827 0.9884598 0.4466993 0.9887384 0.4466978 0.9884598 0.8065124 0.9885706 0.8065124 0.9891741 0.8054899 0.9891726 0.8065124 0.9885706 0.8054899 0.9891726 0.8054884 0.9885691 0.9936509 0.9070083 0.9868381 0.9070261 0.9868381 0.8943826 0.9936509 0.9070083 0.9868381 0.8943826 0.9936509 0.8943647 0.4776707 0.5761702 0.4775623 0.5762154 0.4772818 0.575167 0.4776707 0.5761702 0.4772818 0.575167 0.4773965 0.5751522 0.193851 0.4578755 0.1936897 0.4579003 0.1936897 0.3815646 0.193851 0.4578755 0.1936897 0.3815646 0.193851 0.3815398 0.6652621 0.4676298 0.6813026 0.4676298 0.681302 0.4688346 0.6652621 0.4676298 0.681302 0.4688346 0.6652613 0.4688346 0.9960892 0.859187 0.9915246 0.8590729 0.9962025 0.8590729 0.9962041 0.8684288 0.98696 0.8683148 0.9960908 0.8683148 0.9960908 0.8683148 0.9960892 0.859187 0.9962025 0.8590729 0.9962025 0.8590729 0.9962041 0.8684288 0.9960908 0.8683148 0.8434589 0.8366071 0.8525595 0.8366071 0.8525602 0.8372238 0.8434589 0.8366071 0.8525602 0.8372238 0.8434597 0.8372238 0.3986612 0.9874522 0.3997584 0.9874637 0.3997554 0.9900439 0.3986612 0.9874522 0.3997554 0.9900439 0.398658 0.9900325 0.4523422 0.846235 0.4523422 0.8487904 0.4523422 0.8496983 0.4523422 0.8496983 0.4506724 0.8496984 0.4506724 0.8462352 0.4523422 0.8496983 0.4506724 0.8462352 0.4523422 0.846235 0.2265882 0.9139049 0.2265983 0.9140546 0.2255914 0.9140646 0.2265882 0.9139049 0.2255914 0.9140646 0.2255852 0.9139149 0.6726116 0.6446685 0.6728397 0.6452386 0.6647763 0.6452386 0.6726116 0.6446685 0.6647763 0.6452386 0.6650354 0.6446685 0.5828551 0.8406286 0.5839939 0.8406286 0.5839831 0.8407217 0.5828551 0.8406286 0.5839831 0.8407217 0.5828691 0.8407217 0.7281129 0.4772642 0.773154 0.4772642 0.7739034 0.478596 0.7281129 0.4772642 0.7739034 0.478596 0.72759 0.478596 0.1197556 0.9264805 0.1197556 0.936865 0.1099421 0.9368395 0.1197556 0.9264805 0.1099421 0.9368395 0.1099421 0.9264549 0.1603736 0.9883529 0.1594598 0.9888807 0.1593891 0.988788 0.1603736 0.9883529 0.1593891 0.988788 0.1603284 0.9882462 0.5908538 0.9876161 0.5920655 0.9876246 0.5920205 0.9878702 0.5908538 0.9876161 0.5920205 0.9878702 0.5907855 0.9878613 0.5828379 0.8403684 0.5828441 0.8405084 0.5817332 0.8405119 0.5828379 0.8403684 0.5817332 0.8405119 0.5817148 0.8403719 0.003794372 0.9809929 0.4663668 0.9809929 0.467155 0.9823318 0.003794372 0.9809929 0.467155 0.9823318 0.003338217 0.9823318 0.7963179 0.4901865 0.7963334 0.4903066 0.795179 0.4903066 0.7963179 0.4901865 0.795179 0.4903066 0.7951838 0.4901865 0.5949879 0.929659 0.6049627 0.929659 0.6048774 0.93002 0.5949879 0.929659 0.6048774 0.93002 0.5950484 0.93002 0.4440835 0.9892383 0.4440183 0.9889946 0.4452921 0.9890014 0.4440835 0.9892383 0.4452921 0.9890014 0.4453325 0.9892448 0.1624469 0.9880806 0.1613917 0.9880808 0.1613768 0.987965 0.1624469 0.9880806 0.1613768 0.987965 0.1624616 0.9879658 0.4466978 0.9884598 0.4466993 0.9887384 0.4452673 0.988735 0.4466978 0.9884598 0.4452673 0.988735 0.445258 0.9884563 0.1651955 0.2605479 0.1643786 0.2605587 0.1643778 0.2591066 0.1651955 0.2605479 0.1643778 0.2591066 0.1651947 0.2590973 0.9958398 0.8528751 0.9944714 0.8528627 0.9944714 0.8430477 0.9958398 0.8528751 0.9944714 0.8430477 0.9958398 0.84306 0.7817461 0.481186 0.7817988 0.4845247 0.7690964 0.4847311 0.7817461 0.481186 0.7690964 0.4847311 0.7690437 0.4813924 0.7058818 0.4943369 0.7058832 0.4933055 0.7070841 0.4933161 0.7058818 0.4943369 0.7070841 0.4933161 0.7070826 0.4943477 0.9964587 0.6278232 0.9964587 0.6314499 0.9905882 0.6314625 0.9905882 0.6278356 0.9905882 0.6216474 0.9964587 0.6216342 0.9964587 0.6278232 0.9905882 0.6314625 0.9905882 0.6278356 0.9905882 0.6278356 0.9964587 0.6216342 0.9964587 0.6278232 0.2090453 0.9367854 0.2091214 0.9366019 0.2102928 0.9372783 0.2090453 0.9367854 0.2102928 0.9372783 0.2101733 0.9374362 0.8937734 0.710169 0.8936486 0.7101581 0.8936506 0.7088191 0.8937734 0.710169 0.8936506 0.7088191 0.8937755 0.7088191 0.1037855 0.9918248 0.1037015 0.9918155 0.1040476 0.9905226 0.1037855 0.9918248 0.1040476 0.9905226 0.1041272 0.9905517 0.104785 0.9955537 0.104863 0.9954934 0.1057763 0.9964067 0.104785 0.9955537 0.1057763 0.9964067 0.1057159 0.9964868 0.1056644 0.9965538 0.1057159 0.9964868 0.1068569 0.9971451 0.1056644 0.9965538 0.1068569 0.9971451 0.1068251 0.997223 0.8936424 0.7062094 0.8936324 0.7051187 0.8937573 0.7050908 0.8936424 0.7062094 0.8937573 0.7050908 0.8937672 0.7061893 0.7163282 0.9524444 0.7162383 0.9521071 0.7258175 0.9521071 0.7258175 0.9521071 0.7256902 0.9524444 0.7210092 0.9524444 0.7258175 0.9521071 0.7210092 0.9524444 0.7163282 0.9524444 0.1132626 0.9943379 0.11359 0.9931164 0.1136941 0.9931306 0.1132626 0.9943379 0.1136941 0.9931306 0.1133602 0.9943763 0.776318 0.8255851 0.7762886 0.8180944 0.854839 0.8180944 0.776318 0.8255851 0.854839 0.8180944 0.8548685 0.8255851 0.5920221 0.9889621 0.5919941 0.9886957 0.5934076 0.9887002 0.5920221 0.9889621 0.5934076 0.9887002 0.5934184 0.9889667 0.8243462 0.4820774 0.8243477 0.4827333 0.8225262 0.4827333 0.8225231 0.4808531 0.8315189 0.4808531 0.8315206 0.4820774 0.8243462 0.4820774 0.8225262 0.4827333 0.8225231 0.4808531 0.8243462 0.4820774 0.8225231 0.4808531 0.8315206 0.4820774 0.9879617 0.8528348 0.9868447 0.8528348 0.9868447 0.8430197 0.9879617 0.8528348 0.9868447 0.8430197 0.9879617 0.8430197 0.8224766 0.4804767 0.8315826 0.4804767 0.8315189 0.4808531 0.8224766 0.4804767 0.8315189 0.4808531 0.8225231 0.4808531 0.1624765 0.9878578 0.1613613 0.9878595 0.16135 0.9877671 0.1624765 0.9878578 0.16135 0.9877671 0.1624875 0.9877678 0.996955 0.2598292 0.9969683 0.2517536 0.9972863 0.2517554 0.996955 0.2598292 0.9972863 0.2517554 0.9972729 0.2598309 0.26024 0.8437498 0.259117 0.8444067 0.2589987 0.8442523 0.26024 0.8437498 0.2589987 0.8442523 0.2601655 0.843569 0.735088 0.9619001 0.735088 0.9617419 0.753449 0.9617418 0.735088 0.9619001 0.753449 0.9617418 0.7534583 0.9618999 0.08976751 0.9874004 0.0943306 0.9874004 0.09433203 0.9884406 0.08976751 0.9874004 0.09433203 0.9884406 0.0908069 0.9884406 0.09785717 0.9954894 0.09785717 0.9884406 0.09889668 0.9965289 0.08976751 0.9874004 0.0908069 0.9884406 0.09080845 0.9954894 0.09080845 0.9954894 0.09785717 0.9954894 0.09889668 0.9965289 0.08976751 0.9965289 0.08976751 0.9874004 0.09080845 0.9954894 0.09889668 0.9965289 0.08976751 0.9965289 0.09080845 0.9954894 0.2101733 0.9374362 0.2102928 0.9372783 0.2112485 0.9382348 0.2101733 0.9374362 0.2112485 0.9382348 0.2110933 0.9383562 0.5128681 0.569379 0.513082 0.5694271 0.5130662 0.5707055 0.5128681 0.569379 0.5130662 0.5707055 0.5128527 0.5706241 0.8625626 0.9007835 0.8695088 0.9007835 0.869515 0.9033639 0.869515 0.9033639 0.869515 0.9035745 0.8660411 0.9035745 0.8660411 0.9035745 0.8625688 0.9035745 0.8625688 0.9033639 0.8625688 0.9033639 0.8625626 0.9007835 0.869515 0.9033639 0.869515 0.9033639 0.8660411 0.9035745 0.8625688 0.9033639 0.1778573 0.9341525 0.186078 0.9320976 0.1864127 0.9331611 0.1778573 0.9341525 0.1864127 0.9331611 0.1780641 0.9352476 0.82609 0.9895957 0.8217585 0.9895957 0.8216425 0.9874058 0.82609 0.9895957 0.8216425 0.9874058 0.8253025 0.9874058 0.8939092 0.7088191 0.8937755 0.7088191 0.8937734 0.7074615 0.8939092 0.7088191 0.8937734 0.7074615 0.893907 0.7074568 0.4167014 0.9874135 0.4167191 0.9903372 0.4105321 0.9903372 0.4167014 0.9874135 0.4105321 0.9903372 0.4105137 0.9874135 0.1118009 0.9964086 0.11186 0.9964876 0.1107191 0.9971458 0.1118009 0.9964086 0.1107191 0.9971458 0.1106823 0.9970541 0.3724799 0.9136788 0.3724799 0.9162593 0.3712201 0.9162561 0.3724799 0.9136788 0.3712201 0.9162561 0.3712201 0.9136757 0.167744 0.9352174 0.1711421 0.934996 0.1712504 0.9361038 0.167744 0.9352174 0.1712504 0.9361038 0.1677863 0.9363295 0.6888357 0.483679 0.6888357 0.4934932 0.6874021 0.4934936 0.6888357 0.483679 0.6874021 0.4934936 0.6874021 0.4836794 0.4775624 0.5730341 0.4774623 0.572993 0.4780187 0.5720288 0.4775624 0.5730341 0.4780187 0.5720288 0.4781053 0.5720935 0.6447988 0.4104463 0.6414769 0.4102477 0.6414769 0.4070326 0.6447988 0.4104463 0.6414769 0.4070326 0.6447988 0.4068328 0.5962221 0.987412 0.5962718 0.9876246 0.5948707 0.9876291 0.5962221 0.987412 0.5948707 0.9876291 0.5948583 0.9874163 0.5165486 0.9892209 0.5153384 0.9892084 0.5153835 0.9889628 0.5165486 0.9892209 0.5153835 0.9889628 0.5166177 0.9889757 0.265183 0.8443734 0.2640542 0.8437295 0.2641308 0.8435475 0.265183 0.8443734 0.2641308 0.8435475 0.2653057 0.8442178 0.9295366 0.41502 0.9286534 0.4232643 0.9267281 0.4316127 0.9267281 0.4316127 0.9251008 0.4312373 0.9270037 0.4229868 0.9267281 0.4316127 0.9270037 0.4229868 0.9278655 0.4149419 0.929427 0.4067293 0.9295366 0.41502 0.9267281 0.4316127 0.9265044 0.3914702 0.9283257 0.398511 0.929427 0.4067293 0.9266841 0.3988323 0.9250406 0.3920429 0.9265044 0.3914702 0.9277585 0.4068517 0.9266841 0.3988323 0.9265044 0.3914702 0.929427 0.4067293 0.9267281 0.4316127 0.9278655 0.4149419 0.9277585 0.4068517 0.9265044 0.3914702 0.929427 0.4067293 0.9278655 0.4149419 0.9277585 0.4068517 0.929427 0.4067293 0.8925958 0.7794786 0.8925741 0.7793539 0.8938215 0.7793487 0.8925958 0.7794786 0.8938215 0.7793487 0.8938308 0.7794737 0.9969145 0.2841191 0.9969145 0.2751287 0.9975703 0.2751272 0.9969145 0.2841191 0.9975703 0.2751272 0.9975703 0.2841176 0.02797514 0.2573926 0.01816207 0.2573926 0.01815271 0.2558691 0.02797514 0.2573926 0.01815271 0.2558691 0.02796578 0.2558691 0.2101717 0.9453438 0.2090453 0.9459946 0.2077886 0.9463309 0.2077886 0.9463309 0.2064868 0.9463309 0.2052301 0.9459942 0.2052301 0.9459942 0.2041037 0.9453434 0.2110918 0.9444242 0.2110918 0.9444242 0.2101717 0.9453438 0.2077886 0.9463309 0.2077886 0.9463309 0.2052301 0.9459942 0.2110918 0.9444242 0.477091 0.6248503 0.477091 0.6088128 0.4805514 0.6088142 0.477091 0.6248503 0.4805514 0.6088142 0.4805514 0.6248517 0.1671373 0.2605401 0.1661365 0.2605418 0.1661357 0.2590896 0.1671373 0.2605401 0.1661357 0.2590896 0.1671357 0.259088 0.3386893 0.9874061 0.3386924 0.9901971 0.3316981 0.9901971 0.3316981 0.9899865 0.331695 0.9874061 0.3386893 0.9874061 0.3316981 0.9901971 0.3316981 0.9899865 0.3386893 0.9874061 0.9632298 0.5664142 0.9632298 0.5651227 0.9633322 0.5651367 0.9632298 0.5664142 0.9633322 0.5651367 0.9633322 0.5664011 0.5897102 0.9299963 0.5787339 0.9299963 0.5787339 0.9296532 0.5897102 0.9299963 0.5787339 0.9296532 0.5897102 0.9296532 0.8693007 0.7988976 0.8595106 0.7988976 0.8595151 0.7981095 0.8693007 0.7988976 0.8595151 0.7981095 0.8693053 0.7981095 0.9921278 0.199477 0.9899015 0.1994898 0.9908168 0.1987619 0.9921278 0.199477 0.9908168 0.1987619 0.9921317 0.1987545 0.03468656 0.2565807 0.03382194 0.2565807 0.03378546 0.2562472 0.03468656 0.2565807 0.03378546 0.2562472 0.03464996 0.2562487 0.5110749 0.9886866 0.5110965 0.9889546 0.5097987 0.9889628 0.5110749 0.9886866 0.5097987 0.9889628 0.5097607 0.9886949 0.4854087 0.5740956 0.4855247 0.57408 0.4855243 0.5751658 0.4854087 0.5740956 0.4855243 0.5751658 0.4854083 0.5751507 0.5061537 0.5519983 0.5061566 0.5517461 0.5141843 0.5517461 0.5061537 0.5519983 0.5141843 0.5517461 0.5141812 0.551999 0.5851234 0.8405119 0.5851405 0.8403719 0.5861615 0.8403788 0.5851234 0.8405119 0.5861615 0.8403788 0.5861335 0.8405185 0.9944714 0.8528627 0.9929727 0.8528518 0.9929727 0.8430368 0.9944714 0.8528627 0.9929727 0.8430368 0.9944714 0.8430477 0.445258 0.9884563 0.4452673 0.988735 0.4439795 0.9887281 0.445258 0.9884563 0.4439795 0.9887281 0.4439656 0.9884493 0.2232928 0.9139235 0.2221602 0.9139211 0.2221764 0.9137815 0.2232928 0.9139235 0.2221764 0.9137815 0.2232974 0.9137837 0.2671078 0.8476666 0.2673052 0.8476414 0.2673119 0.8489935 0.2671078 0.8476666 0.2673119 0.8489935 0.2671164 0.8489688 0.5110981 0.9878628 0.5125271 0.9878599 0.5125209 0.9881261 0.5110981 0.9878628 0.5125209 0.9881261 0.5110756 0.9881289 0.2031837 0.938355 0.2025335 0.9394822 0.2023519 0.9394054 0.2031837 0.938355 0.2023519 0.9394054 0.2030285 0.9382344 0.9729807 0.8783189 0.9729807 0.978618 0.9715891 0.9786258 0.9729807 0.8783189 0.9715891 0.9786258 0.9715899 0.8783266 0.8851497 0.7851086 0.9306159 0.7851148 0.9306151 0.7858719 0.8851497 0.7851086 0.9306151 0.7858719 0.8851482 0.786207 0.5962237 0.9894145 0.5948583 0.9894188 0.5948707 0.9892096 0.5962237 0.9894145 0.5948707 0.9892096 0.5962718 0.9892052 0.2018291 0.9420854 0.2018291 0.9406876 0.2020012 0.9407116 0.2018291 0.9420854 0.2020012 0.9407116 0.2020012 0.9420641 0.8951714 0.7789561 0.8938324 0.7789579 0.893851 0.7788515 0.8951714 0.7789561 0.893851 0.7788515 0.8951729 0.7788501 0.6440286 0.4420821 0.6440967 0.4501348 0.6418705 0.4501698 0.6440286 0.4420821 0.6418705 0.4501698 0.641803 0.4421171 0.2255852 0.9142143 0.226589 0.9142042 0.2265611 0.9143431 0.2255852 0.9142143 0.2265611 0.9143431 0.2255681 0.9143532 0.906897 0.601584 0.9068996 0.6029416 0.9067663 0.6029424 0.906897 0.601584 0.9067663 0.6029424 0.9067637 0.6015802 0.59565 0.002846777 0.6037133 0.002846777 0.6037148 0.003098845 0.59565 0.002846777 0.6037148 0.003098845 0.5956514 0.003098845 0.4579716 0.8596146 0.4570625 0.8596239 0.4579146 0.8141615 0.4579716 0.8596146 0.4579146 0.8141615 0.4585425 0.8141545 0.98969 0.8528378 0.9879617 0.8528348 0.9879617 0.8430197 0.98969 0.8528378 0.9879617 0.8430197 0.98969 0.8430228 0.481931 0.578629 0.4808759 0.5786294 0.479857 0.5783565 0.479857 0.5783565 0.4789424 0.5778303 0.4781966 0.5770846 0.4781966 0.5770846 0.4776707 0.5761702 0.4773965 0.5751522 0.4773965 0.5751522 0.4773969 0.574097 0.4776701 0.5730777 0.4776701 0.5730777 0.4781979 0.5721642 0.4789437 0.5714179 0.4789437 0.5714179 0.4798563 0.5708909 0.4808743 0.5706189 0.4808743 0.5706189 0.4819305 0.5706174 0.4829494 0.5708903 0.4829494 0.5708903 0.4838617 0.5714187 0.4846088 0.5721634 0.4846088 0.5721634 0.4851358 0.5730766 0.4854087 0.5740956 0.4854087 0.5740956 0.4854083 0.5751507 0.4851362 0.5761687 0.4851362 0.5761687 0.4846084 0.5770826 0.4838624 0.5778287 0.4838624 0.5778287 0.48295 0.5783556 0.481931 0.578629 0.481931 0.578629 0.479857 0.5783565 0.4781966 0.5770846 0.4781966 0.5770846 0.4773965 0.5751522 0.4776701 0.5730777 0.4776701 0.5730777 0.4789437 0.5714179 0.4808743 0.5706189 0.4808743 0.5706189 0.4829494 0.5708903 0.4846088 0.5721634 0.4846088 0.5721634 0.4854087 0.5740956 0.4851362 0.5761687 0.4851362 0.5761687 0.4838624 0.5778287 0.481931 0.578629 0.481931 0.578629 0.4781966 0.5770846 0.4776701 0.5730777 0.4776701 0.5730777 0.4808743 0.5706189 0.4846088 0.5721634 0.4846088 0.5721634 0.4851362 0.5761687 0.481931 0.578629 0.4776701 0.5730777 0.4846088 0.5721634 0.481931 0.578629 0.002422273 0.9941225 0.00240761 0.987411 0.01505184 0.987411 0.002422273 0.9941225 0.01505184 0.987411 0.01506674 0.9941225 0.582835 0.8402183 0.5828379 0.8403684 0.5817148 0.8403719 0.582835 0.8402183 0.5817148 0.8403719 0.5817101 0.8402221 0.5099415 0.9894212 0.5089104 0.9894335 0.5088011 0.9892209 0.5099415 0.9894212 0.5088011 0.9892209 0.5098592 0.9892084 0.2021906 0.9434359 0.2023519 0.9433712 0.2030285 0.9445425 0.2021906 0.9434359 0.2030285 0.9445425 0.2028904 0.9446464 0.9967704 0.7536634 0.9898466 0.7536634 0.9898466 0.7467721 0.9967704 0.7536634 0.9898466 0.7467721 0.9967704 0.7467721 0.4496178 0.9884563 0.4496085 0.9881773 0.4508854 0.9881703 0.4496178 0.9884563 0.4508854 0.9881703 0.4508978 0.9884493 0.5946839 0.5393933 0.6027131 0.5393933 0.6026976 0.5395965 0.5946839 0.5393933 0.6026976 0.5395965 0.5946699 0.5395965 0.79519 0.4900934 0.7963009 0.4900934 0.7963179 0.4901865 0.79519 0.4900934 0.7963179 0.4901865 0.7951838 0.4901865 0.9651863 0.5619264 0.9651228 0.5618435 0.9662414 0.5611977 0.9651863 0.5619264 0.9662414 0.5611977 0.9662802 0.5612946 0.7866672 0.987423 0.7876506 0.9874136 0.7876511 0.9885702 0.7866672 0.987423 0.7876511 0.9885702 0.7866681 0.9885787 0.1613504 0.9964091 0.1602509 0.9961148 0.1602879 0.9960269 0.1613504 0.9964091 0.1602879 0.9960269 0.1613638 0.9963151 0.4713604 0.9042366 0.4713621 0.8734938 0.4748444 0.8700225 0.4713604 0.9042366 0.4748444 0.8700225 0.4748422 0.9077269 0.4431758 0.989439 0.4430626 0.9892287 0.4440835 0.9892383 0.4431758 0.989439 0.4440835 0.9892383 0.4441704 0.9894481 0.8951714 0.779472 0.8951714 0.7795793 0.893851 0.7795812 0.8951714 0.779472 0.893851 0.7795812 0.8938308 0.7794737 0.59565 0.002846777 0.5956436 0.002612471 0.6037071 0.002612471 0.59565 0.002846777 0.6037071 0.002612471 0.6037133 0.002846777 0.4506899 0.9874456 0.4507784 0.9876576 0.4495418 0.9876644 0.4506899 0.9874456 0.4495418 0.9876644 0.4494859 0.987452 0.4518722 0.9889852 0.4508451 0.9889946 0.4508854 0.9887281 0.4518722 0.9889852 0.4508854 0.9887281 0.4519249 0.9887183 0.2265603 0.9137644 0.2265882 0.9139049 0.2255852 0.9139149 0.2265603 0.9137644 0.2255852 0.9139149 0.2255666 0.9137753 0.4590131 0.8596084 0.4579716 0.8596146 0.4585425 0.8141545 0.4590131 0.8596084 0.4585425 0.8141545 0.4592617 0.8141507 0.8942545 0.7124186 0.8941483 0.7124636 0.8941581 0.7114024 0.8942545 0.7124186 0.8941581 0.7114024 0.8942643 0.7113698 0.5141629 0.5665599 0.5141544 0.5651503 0.5144202 0.565179 0.5141629 0.5665599 0.5144202 0.565179 0.5144286 0.5665715 0.9174758 0.5155879 0.9176095 0.5155941 0.917591 0.5167403 0.9174758 0.5155879 0.917591 0.5167403 0.9174574 0.516731 0.4855243 0.5751658 0.4856316 0.5751809 0.4853441 0.5762559 0.4855243 0.5751658 0.4853441 0.5762559 0.4852431 0.5762143 0.5111842 0.9874109 0.5125496 0.9874083 0.5125364 0.9876172 0.5111842 0.9874109 0.5125364 0.9876172 0.5111353 0.9876199 0.5152772 0.9894212 0.5139436 0.9894134 0.5139692 0.9892003 0.5152772 0.9894212 0.5139692 0.9892003 0.5153384 0.9892084 0.8965197 0.7789579 0.8965057 0.7788515 0.8977578 0.7788564 0.8965197 0.7789579 0.8977578 0.7788564 0.8977873 0.7789627 0.2232912 0.9140731 0.2221547 0.9140716 0.2221602 0.9139211 0.2232912 0.9140731 0.2221602 0.9139211 0.2232928 0.9139235 0.4772054 0.5457435 0.4773443 0.5457543 0.4773544 0.5468431 0.4772054 0.5457435 0.4773544 0.5468431 0.4772155 0.5468214 0.5152772 0.9894212 0.5153384 0.9892084 0.5165486 0.9892209 0.5152772 0.9894212 0.5165486 0.9892209 0.5164563 0.9894335 0.1593899 0.9953835 0.1593233 0.9954704 0.1585369 0.994682 0.1593899 0.9953835 0.1585369 0.994682 0.1586232 0.9946147 0.5154122 0.9886947 0.5153835 0.9889628 0.5139878 0.9889546 0.5154122 0.9886947 0.5139878 0.9889546 0.5139995 0.9886866 0.4776707 0.5761702 0.4781966 0.5770846 0.478105 0.5771551 0.4776707 0.5761702 0.478105 0.5771551 0.4775623 0.5762154 0.8951698 0.7792136 0.8951698 0.7793473 0.8938215 0.7793487 0.8951698 0.7792136 0.8938215 0.7793487 0.8938169 0.7792152 0.7940681 0.4901834 0.7951838 0.4901865 0.795179 0.4903066 0.7940681 0.4901834 0.795179 0.4903066 0.794045 0.4903036 0.5840017 0.8399301 0.5840063 0.8400689 0.5828379 0.8400689 0.5840017 0.8399301 0.5828379 0.8400689 0.5828441 0.8399301 0.9711474 0.5696948 0.9712063 0.5697716 0.9700659 0.5704301 0.9711474 0.5696948 0.9700659 0.5704301 0.9700287 0.5703402 0.5814052 0.5191182 0.5814052 0.5113553 0.5832448 0.5111027 0.5814052 0.5191182 0.5832448 0.5111027 0.5832449 0.5189253 0.5110965 0.9889546 0.5125255 0.9889519 0.5125348 0.9891977 0.5110965 0.9889546 0.5125348 0.9891977 0.511133 0.9892003 0.1690425 0.2605479 0.1681279 0.2605434 0.1681271 0.2590911 0.1690425 0.2605479 0.1681271 0.2590911 0.1690418 0.2590973 0.5125473 0.9894108 0.5125348 0.9891977 0.5139692 0.9892003 0.5125473 0.9894108 0.5139692 0.9892003 0.5139436 0.9894134 0.9071267 0.6042634 0.9071193 0.60549 0.9070134 0.6055234 0.9071267 0.6042634 0.9070134 0.6055234 0.9070207 0.6042813 0.7973962 0.491001 0.7974273 0.4908823 0.7983908 0.4908768 0.7973962 0.491001 0.7983908 0.4908768 0.7983426 0.4909963 0.7940667 0.4910017 0.7930473 0.4909963 0.7930085 0.4908768 0.7940667 0.4910017 0.7930085 0.4908768 0.794045 0.4908823 0.4808461 0.578854 0.4797715 0.578565 0.4798131 0.578464 0.4808461 0.578854 0.4798131 0.578464 0.4808602 0.5787454 0.2077886 0.9463309 0.2090453 0.9459946 0.2091214 0.9461753 0.2077886 0.9463309 0.2091214 0.9461753 0.2078149 0.9465256 0.8925958 0.7789627 0.8938324 0.7789579 0.8938215 0.7790817 0.8925958 0.7789627 0.8938215 0.7790817 0.8925741 0.7790868 0.9727066 0.5638759 0.9730418 0.5651235 0.9729363 0.5651375 0.9727066 0.5638759 0.9729363 0.5651375 0.9726104 0.5639161 0.1660417 0.9915433 0.1659256 0.9915589 0.1656538 0.990539 0.1660417 0.9915433 0.1656538 0.990539 0.16576 0.9904959 0.2211315 0.9140646 0.22114 0.9139149 0.2221602 0.9139211 0.2211315 0.9140646 0.2221602 0.9139211 0.2221547 0.9140716 0.5962718 0.9892052 0.5948707 0.9892096 0.5948816 0.9889667 0.5962718 0.9892052 0.5948816 0.9889667 0.596309 0.9889621 0.4777935 0.5423921 0.477653 0.5423689 0.4776692 0.5414581 0.4777935 0.5423921 0.4776692 0.5414581 0.477809 0.5414903 0.5141544 0.5694868 0.5144202 0.5694643 0.5144041 0.5707677 0.5141544 0.5694868 0.5144041 0.5707677 0.5141381 0.5708048 0.970097 0.5705065 0.9700659 0.5704301 0.9712063 0.5697716 0.970097 0.5705065 0.9712063 0.5697716 0.9712591 0.5698371 0.1081179 0.9975702 0.1068251 0.997223 0.1068569 0.9971451 0.1081179 0.9975702 0.1068569 0.9971451 0.1081284 0.9974863 0.1094577 0.9873999 0.1094461 0.9874829 0.1081302 0.9874812 0.1094577 0.9873999 0.1081302 0.9874812 0.1081181 0.987401 0.1043138 0.9943343 0.1049458 0.9954292 0.104863 0.9954934 0.1043138 0.9943343 0.104863 0.9954934 0.1042167 0.9943754 0.5840017 0.8405084 0.5840063 0.8403684 0.5851405 0.8403719 0.5840017 0.8405084 0.5851405 0.8403719 0.5851234 0.8405119 0.896529 0.7793487 0.8978074 0.7793539 0.8977873 0.7794786 0.896529 0.7793487 0.8977873 0.7794786 0.8965197 0.7794737 0.2030285 0.9382344 0.2023519 0.9394054 0.2021922 0.9393371 0.2030285 0.9382344 0.2021922 0.9393371 0.2028918 0.9381266 0.9477924 0.4776316 0.9477815 0.4741615 0.9500078 0.4741502 0.9477924 0.4776316 0.9500078 0.4741502 0.9500249 0.4793187 0.2211679 0.9143532 0.2203387 0.9143431 0.2203037 0.9142042 0.2211679 0.9143532 0.2203037 0.9142042 0.2211408 0.9142143 0.9068894 0.6055443 0.9068775 0.6066119 0.906744 0.6066219 0.9068894 0.6055443 0.906744 0.6066219 0.9067561 0.6055521 0.9174913 0.5129255 0.9174872 0.5115876 0.917621 0.5115834 0.9174913 0.5129255 0.917621 0.5115834 0.917625 0.5129247 0.9674764 0.5707707 0.9687937 0.5707707 0.9688044 0.5708529 0.9674764 0.5707707 0.9688044 0.5708529 0.9674655 0.5708529 0.4516736 0.989439 0.4506899 0.9894481 0.4507784 0.9892383 0.4516736 0.989439 0.4507784 0.9892383 0.4517884 0.9892287 0.2667852 0.850227 0.2669691 0.8503023 0.2663004 0.8514778 0.2667852 0.850227 0.2663004 0.8514778 0.2661411 0.8513574 0.9699883 0.561295 0.9700287 0.5611977 0.9711474 0.5618438 0.9699883 0.561295 0.9711474 0.5618438 0.9710838 0.5619269 0.4773443 0.5434379 0.4774933 0.543434 0.4774901 0.5445922 0.4773443 0.5434379 0.4774901 0.5445922 0.4773412 0.5445926 0.009401917 0.6899065 0.009392559 0.6858108 0.08793455 0.6858108 0.009401917 0.6899065 0.08793455 0.6858108 0.08794385 0.6899065 0.2614713 0.8432126 0.2601655 0.843569 0.2601011 0.8434103 0.2614713 0.8432126 0.2601011 0.8434103 0.2614505 0.8430413 0.9177582 0.5129259 0.9177543 0.51429 0.917621 0.5142924 0.9177582 0.5129259 0.917621 0.5142924 0.917625 0.5129247 0.1128572 0.9956088 0.1119094 0.9965566 0.11186 0.9964876 0.1128572 0.9956088 0.11186 0.9964876 0.1127913 0.9955563 0.9674764 0.560766 0.9687937 0.5607664 0.9687798 0.5608637 0.9674764 0.560766 0.9687798 0.5608637 0.9674904 0.5608633 0.451933 0.9136198 0.4528838 0.9137118 0.4529029 0.9150868 0.451933 0.9136198 0.4529029 0.9150868 0.4519522 0.9149963 0.2221602 0.9142205 0.2211408 0.9142143 0.2211315 0.9140646 0.2221602 0.9142205 0.2211315 0.9140646 0.2221547 0.9140716 0.1127917 0.9894132 0.1134489 0.9905554 0.1133594 0.9905909 0.1127917 0.9894132 0.1133594 0.9905909 0.1127144 0.9894719 0.2602158 0.8531429 0.2615243 0.8534865 0.2615044 0.8536601 0.2602158 0.8531429 0.2615044 0.8536601 0.2601537 0.8533063 0.5813917 0.5040822 0.5814052 0.5113553 0.5811077 0.5113536 0.5813917 0.5040822 0.5811077 0.5113536 0.5810944 0.5040806 0.8940342 0.7061893 0.8939008 0.706183 0.8938909 0.7050814 0.8940342 0.7061893 0.8938909 0.7050814 0.8940243 0.7050908 0.7962995 0.9874095 0.7973219 0.9874111 0.7973226 0.9880154 0.7962995 0.9874095 0.7973226 0.9880154 0.7963002 0.988013 0.4508451 0.9879027 0.4508854 0.9881703 0.4496085 0.9881773 0.4508451 0.9879027 0.4496085 0.9881773 0.4495821 0.9879094 0.2667659 0.8464127 0.2669495 0.8463364 0.2673052 0.8476414 0.2667659 0.8464127 0.2673052 0.8476414 0.2671078 0.8476666 0.05599629 0.2664002 0.06439375 0.266283 0.06442892 0.2685086 0.05599629 0.2664002 0.06442892 0.2685086 0.05603158 0.2686257 0.4777842 0.5434507 0.4777802 0.5445938 0.4776398 0.5445926 0.4777842 0.5434507 0.4776398 0.5445926 0.4776437 0.5434379 0.5133122 0.5707668 0.5133283 0.5694636 0.5135968 0.5694861 0.5133122 0.5707668 0.5135968 0.5694861 0.5135805 0.5708041 0.5138596 0.5708173 0.5135805 0.5708041 0.5135968 0.5694861 0.5138596 0.5708173 0.5135968 0.5694861 0.5138761 0.5694938 0.5139692 0.9892003 0.5125348 0.9891977 0.5125255 0.9889519 0.5139692 0.9892003 0.5125255 0.9889519 0.5139878 0.9889546 0.9067561 0.6055521 0.906744 0.6066219 0.9066105 0.6066119 0.9067561 0.6055521 0.9066105 0.6066119 0.9066225 0.6055451 0.259117 0.8444067 0.2582013 0.8453312 0.2580475 0.8452141 0.259117 0.8444067 0.2580475 0.8452141 0.2589987 0.8442523 0.2277151 0.47427 0.227715 0.008819818 0.4266652 0.008828938 0.2277151 0.47427 0.4266652 0.008828938 0.4266653 0.4742791 0.8926299 0.7788564 0.893851 0.7788515 0.8938324 0.7789579 0.8926299 0.7788564 0.8938324 0.7789579 0.8925958 0.7789627 0.5139459 0.9874109 0.5152795 0.9874186 0.51534 0.9876279 0.5139459 0.9874109 0.51534 0.9876279 0.5139708 0.9876199 0.9095838 0.5474073 0.9096152 0.4688701 0.9096507 0.4688705 0.9095838 0.5474073 0.9096507 0.4688705 0.9096507 0.5474081 0.2641308 0.8435475 0.2628237 0.8432052 0.2628477 0.8430335 0.2641308 0.8435475 0.2628477 0.8430335 0.2641999 0.8433877 0.9957017 0.4775951 0.9965179 0.4775899 0.9965109 0.4858245 0.9957017 0.4775951 0.9965109 0.4858245 0.9956949 0.4858298 0.8940342 0.7114241 0.8941581 0.7114024 0.8941483 0.7124636 0.8940342 0.7114241 0.8941483 0.7124636 0.8940243 0.7124931 0.2020012 0.9420641 0.2020012 0.9407116 0.2021953 0.9407384 0.2020012 0.9420641 0.2021953 0.9407384 0.2021953 0.9420397 0.4439795 0.9881703 0.442926 0.9881606 0.4429787 0.987893 0.4439795 0.9881703 0.4429787 0.987893 0.4440183 0.9879027 0.9074305 0.371769 0.9076495 0.3709087 0.908088 0.3701398 0.908088 0.3701398 0.9087153 0.3695147 0.909489 0.3690755 0.909489 0.3690755 0.910356 0.3688527 0.9112575 0.3688611 0.9112575 0.3688611 0.9121319 0.3691005 0.9125795 0.3693582 0.9125795 0.3693582 0.9074305 0.371769 0.908088 0.3701398 0.908088 0.3701398 0.909489 0.3690755 0.9112575 0.3688611 0.908088 0.3701398 0.9112575 0.3688611 0.9125795 0.3693582 0.4774619 0.5762576 0.4773761 0.5762948 0.4770819 0.5751952 0.4774619 0.5762576 0.4770819 0.5751952 0.4771741 0.575182 0.917366 0.5129282 0.917362 0.5116009 0.9174872 0.5115876 0.917366 0.5129282 0.9174872 0.5115876 0.9174913 0.5129255 0.5144202 0.565179 0.5144041 0.563951 0.5146463 0.5640208 0.5144202 0.565179 0.5146463 0.5640208 0.5146623 0.5652256 0.2211315 0.9140646 0.2202913 0.9140546 0.220303 0.9139049 0.2211315 0.9140646 0.220303 0.9139049 0.22114 0.9139149 0.2064636 0.9362521 0.2051556 0.9366019 0.2050904 0.9364394 0.2064636 0.9362521 0.2050904 0.9364394 0.2064418 0.936078 0.9632298 0.5664142 0.9635635 0.567662 0.9634718 0.5676988 0.9632298 0.5664142 0.9634718 0.5676988 0.9631321 0.5664267 0.5111353 0.9876199 0.5110981 0.9878628 0.5098002 0.9878708 0.5111353 0.9876199 0.5098002 0.9878708 0.5098615 0.9876279 0.5154122 0.9886947 0.5166604 0.9887079 0.5166177 0.9889757 0.5154122 0.9886947 0.5166177 0.9889757 0.5153835 0.9889628 0.7940295 0.4907434 0.7940247 0.4905937 0.7951744 0.4905961 0.7940295 0.4907434 0.7951744 0.4905961 0.7951744 0.4907458 0.2233052 0.9136627 0.2244431 0.9136605 0.2244541 0.9137815 0.2233052 0.9136627 0.2244541 0.9137815 0.2232974 0.9137837 0.506152 0.5514941 0.5061427 0.5512598 0.5141719 0.5512598 0.506152 0.5514941 0.5141719 0.5512598 0.5141812 0.5514941 0.6943632 0.4749016 0.6923247 0.4728368 0.6923247 0.4694879 0.6943632 0.4749016 0.6923247 0.4694879 0.6943632 0.4715527 0.1745483 0.45768 0.1745483 0.3813443 0.1749812 0.3813846 0.1745483 0.45768 0.1749812 0.3813846 0.1749812 0.4577203 0.03559958 0.2565016 0.03468656 0.2565807 0.03464996 0.2562487 0.03559958 0.2565016 0.03464996 0.2562487 0.03556311 0.256168 0.1768429 0.4578507 0.1768429 0.3815119 0.1773347 0.3815367 0.1768429 0.4578507 0.1773347 0.3815367 0.1773347 0.4578755 0.5907855 0.9878613 0.5920205 0.9878702 0.5919941 0.988138 0.5907855 0.9878613 0.5919941 0.988138 0.5907436 0.9881291 0.5907436 0.9881291 0.5919941 0.988138 0.5919833 0.9884171 0.5907436 0.9881291 0.5919833 0.9884171 0.5907281 0.9884084 0.4452673 0.988735 0.4452921 0.9890014 0.4440183 0.9889946 0.4452673 0.988735 0.4440183 0.9889946 0.4439795 0.9887281 0.5534012 0.539161 0.5614646 0.539161 0.5614614 0.5393968 0.5534012 0.539161 0.5614614 0.5393968 0.5533965 0.5393968 0.636991 0.6419022 0.6282868 0.6419022 0.6282868 0.6408997 0.636991 0.6419022 0.6282868 0.6408997 0.636991 0.6408997 0.1127144 0.9894719 0.1133594 0.9905909 0.1132629 0.9906305 0.1127144 0.9894719 0.1132629 0.9906305 0.1126316 0.9895361 0.2025335 0.9394822 0.2021953 0.9407384 0.2020012 0.9407116 0.2025335 0.9394822 0.2020012 0.9407116 0.2023519 0.9394054 0.4770875 0.5457268 0.4772054 0.5457435 0.4772155 0.5468214 0.4770875 0.5457268 0.4772155 0.5468214 0.4770968 0.5467873 0.4518722 0.987893 0.4519249 0.9881606 0.4508854 0.9881703 0.4518722 0.987893 0.4508854 0.9881703 0.4508451 0.9879027 0.9174872 0.5142897 0.9174913 0.5129255 0.917625 0.5129247 0.9174872 0.5142897 0.917625 0.5129247 0.917621 0.5142924 0.4772054 0.5434507 0.4773443 0.5434379 0.4773412 0.5445926 0.4772054 0.5434507 0.4773412 0.5445926 0.4772024 0.5445938 0.8941643 0.7074707 0.8941581 0.7062094 0.8942643 0.7062404 0.8941643 0.7074707 0.8942643 0.7062404 0.8942705 0.7074863 0.4817834 0.6312636 0.4817838 0.6322951 0.4805333 0.6322928 0.4817834 0.6312636 0.4805333 0.6322928 0.4805333 0.6312611 0.5974618 0.9874037 0.5975424 0.9876161 0.5962718 0.9876246 0.5974618 0.9874037 0.5962718 0.9876246 0.5962221 0.987412 0.9650638 0.5617655 0.9650111 0.561698 0.9661731 0.5610286 0.9650638 0.5617655 0.9661731 0.5610286 0.9662042 0.5611069 0.2778028 0.9265227 0.2806252 0.9265488 0.2806273 0.9268722 0.2778028 0.9265227 0.2806273 0.9268722 0.2778049 0.9268461 0.8926284 0.7795857 0.8925958 0.7794786 0.8938308 0.7794737 0.8926284 0.7795857 0.8938308 0.7794737 0.893851 0.7795812 0.1634657 0.9883534 0.163511 0.9882451 0.1644498 0.9887889 0.1634657 0.9883534 0.1644498 0.9887889 0.1643794 0.9888808 0.9898782 0.7792404 0.9898765 0.7776361 0.9937853 0.7776128 0.9898782 0.7792404 0.9937853 0.7776128 0.9937869 0.7792142 0.9178664 0.5103914 0.9178481 0.5093806 0.9179539 0.5094291 0.9178664 0.5103914 0.9179539 0.5094291 0.9179719 0.5104275 0.4471285 0.4740474 0.53202 0.4740474 0.5320305 0.4756478 0.5320305 0.4756478 0.4493651 0.4756478 0.447139 0.4756478 0.5320305 0.4756478 0.447139 0.4756478 0.4471285 0.4740474 0.802382 0.6546437 0.802382 0.6544621 0.8104609 0.6544614 0.802382 0.6546437 0.8104609 0.6544614 0.8104624 0.6546437 0.1107191 0.9971458 0.1107498 0.9972248 0.109457 0.9975709 0.1107191 0.9971458 0.109457 0.9975709 0.1094465 0.9974858 0.5146705 0.5680253 0.5146623 0.5694286 0.5144202 0.5694643 0.5146705 0.5680253 0.5144202 0.5694643 0.5144285 0.5680338 0.5130822 0.565224 0.5130662 0.5640184 0.5133122 0.5639494 0.5130822 0.565224 0.5133122 0.5639494 0.5133283 0.5651782 0.9070134 0.6055234 0.9070014 0.606583 0.9068775 0.6066119 0.9070134 0.6055234 0.9068775 0.6066119 0.9068894 0.6055443 0.582835 0.8402183 0.5840079 0.8402183 0.5840063 0.8403684 0.582835 0.8402183 0.5840063 0.8403684 0.5828379 0.8403684 0.4776437 0.5434379 0.4776398 0.5445926 0.4774901 0.5445922 0.4776437 0.5434379 0.4774901 0.5445922 0.4774933 0.543434 0.1585346 0.9894912 0.1579783 0.9904553 0.1578913 0.990421 0.1585346 0.9894912 0.1578913 0.990421 0.1584607 0.989435 0.4452921 0.9879094 0.4440183 0.9879027 0.4440835 0.9876576 0.4452921 0.9879094 0.4440835 0.9876576 0.4453325 0.9876644 0.8851442 0.7872309 0.9306121 0.7865778 0.9306082 0.787186 0.8851442 0.7872309 0.9306082 0.787186 0.885138 0.7881106 0.5128527 0.5706241 0.5130662 0.5707055 0.5130438 0.5717715 0.5128527 0.5706241 0.5130438 0.5717715 0.5128309 0.5716613 0.8944488 0.3476696 0.8979104 0.3400718 0.9060591 0.3437725 0.8944488 0.3476696 0.9060591 0.3437725 0.9021425 0.351168 0.5946684 0.5382181 0.602696 0.5382181 0.6027116 0.5384181 0.5946684 0.5382181 0.6027116 0.5384181 0.5946823 0.5384181 0.4819598 0.5788531 0.4808461 0.578854 0.4808602 0.5787454 0.4819598 0.5788531 0.4808602 0.5787454 0.4819459 0.5787448 0.4452673 0.9881773 0.4466993 0.9881806 0.4466978 0.9884598 0.4452673 0.9881773 0.4466978 0.9884598 0.445258 0.9884563 0.2112485 0.9382348 0.2113881 0.9381273 0.2120879 0.9393382 0.2112485 0.9382348 0.2120879 0.9393382 0.2119266 0.9394065 0.5138365 0.5719205 0.5135574 0.5719034 0.5135805 0.5708041 0.5138365 0.5719205 0.5135805 0.5708041 0.5138596 0.5708173 0.4839994 0.5712402 0.4830347 0.5706838 0.4830717 0.570598 0.4839994 0.5712402 0.4830717 0.570598 0.4840561 0.5711676 0.8942643 0.7113698 0.8941581 0.7114024 0.8941643 0.7101581 0.8942643 0.7113698 0.8941643 0.7101581 0.8942705 0.710141 0.1660413 0.9926288 0.1659255 0.992614 0.1659256 0.9915589 0.1660413 0.9926288 0.1659256 0.9915589 0.1660417 0.9915433 0.8940404 0.710169 0.8941643 0.7101581 0.8941581 0.7114024 0.8940404 0.710169 0.8941581 0.7114024 0.8940342 0.7114241 0.9969703 0.1944218 0.9972881 0.1944195 0.9973281 0.2029806 0.9969703 0.1944218 0.9973281 0.2029806 0.9970103 0.2029826 0.4449533 0.869642 0.3995088 0.8701966 0.3995189 0.8695683 0.4449533 0.869642 0.3995189 0.8695683 0.4449689 0.8687328 0.1586224 0.9895548 0.1580805 0.990494 0.1579783 0.9904553 0.1586224 0.9895548 0.1579783 0.9904553 0.1585346 0.9894912 0.7971109 0.837345 0.7890304 0.837345 0.7890304 0.8371493 0.7971109 0.837345 0.7890304 0.8371493 0.7971093 0.8371492 0.1127913 0.9955563 0.11186 0.9964876 0.1118009 0.9964086 0.1127913 0.9955563 0.1118009 0.9964086 0.1127136 0.9954959 0.477281 0.5740823 0.4771746 0.574068 0.4774623 0.572993 0.477281 0.5740823 0.4774623 0.572993 0.4775624 0.5730341 0.8937672 0.7114241 0.8937573 0.7124931 0.8936324 0.7124636 0.8937672 0.7114241 0.8936324 0.7124636 0.8936424 0.7114024 0.1763604 0.4578228 0.1763604 0.381484 0.1768429 0.3815119 0.1763604 0.4578228 0.1768429 0.3815119 0.1768429 0.4578507 0.512876 0.5680121 0.512876 0.5666158 0.5130903 0.5665894 0.512876 0.5680121 0.5130903 0.5665894 0.5130903 0.5680238 0.5146463 0.5707072 0.514624 0.5717731 0.5143812 0.5718537 0.5146463 0.5707072 0.5143812 0.5718537 0.5144041 0.5707677 0.5154129 0.9881371 0.5166611 0.9881502 0.5166751 0.9884289 0.5154129 0.9881371 0.5166751 0.9884289 0.5154215 0.9884158 0.2120879 0.9434367 0.2113881 0.9446472 0.2112501 0.9445433 0.2120879 0.9434367 0.2112501 0.9445433 0.2119249 0.9433715 0.1926161 0.4579686 0.1923741 0.4579717 0.1923741 0.3816329 0.1926161 0.4579686 0.1923741 0.3816329 0.1926161 0.3816329 0.8915454 0.7789703 0.8915935 0.778864 0.8926299 0.7788564 0.8915454 0.7789703 0.8926299 0.7788564 0.8925958 0.7789627 0.4429787 0.9889852 0.442926 0.9887183 0.4439795 0.9887281 0.4429787 0.9889852 0.4439795 0.9887281 0.4440183 0.9889946 0.1136941 0.9918383 0.1133594 0.9905909 0.1134489 0.9905554 0.1136941 0.9918383 0.1134489 0.9905554 0.1137901 0.9918268 0.9661731 0.5705062 0.9662026 0.5704298 0.9674764 0.5707707 0.9661731 0.5705062 0.9674764 0.5707707 0.9674655 0.5708529 0.2020012 0.9420641 0.2023519 0.9433712 0.2021906 0.9434359 0.2020012 0.9420641 0.2021906 0.9434359 0.2018291 0.9420854 0.5061566 0.5517461 0.506152 0.5514941 0.5141812 0.5514941 0.5061566 0.5517461 0.5141812 0.5514941 0.5141843 0.5517461 0.2077886 0.9364488 0.2078149 0.9362521 0.2091214 0.9366019 0.2077886 0.9364488 0.2091214 0.9366019 0.2090453 0.9367854 0.8965197 0.7794737 0.8977873 0.7794786 0.8977578 0.7795857 0.8965197 0.7794737 0.8977578 0.7795857 0.8965057 0.7795812 0.9651228 0.5618435 0.9650638 0.5617655 0.9662042 0.5611069 0.9651228 0.5618435 0.9662042 0.5611069 0.9662414 0.5611977 0.4838617 0.5714187 0.4829494 0.5708903 0.4829936 0.5707831 0.4838617 0.5714187 0.4829936 0.5707831 0.4839332 0.5713256 0.4440183 0.9879027 0.4429787 0.987893 0.4430626 0.9876481 0.4440183 0.9879027 0.4430626 0.9876481 0.4440835 0.9876576 0.264181 0.8531214 0.2653492 0.8524394 0.2654589 0.8525781 0.264181 0.8531214 0.2654589 0.8525781 0.2642524 0.8532837 0.4452673 0.9881773 0.4439795 0.9881703 0.4440183 0.9879027 0.4452673 0.9881773 0.4440183 0.9879027 0.4452921 0.9879094 0.9177426 0.5155883 0.9177243 0.5167318 0.917591 0.5167403 0.9177426 0.5155883 0.917591 0.5167403 0.9176095 0.5155941 0.2590422 0.8524739 0.2602158 0.8531429 0.2601537 0.8533063 0.2590422 0.8524739 0.2601537 0.8533063 0.2589398 0.8526139 0.1603748 0.9958176 0.1613937 0.9960904 0.1613781 0.9962065 0.1603748 0.9958176 0.1613781 0.9962065 0.1603307 0.9959248 0.935758 0.7670548 0.9345013 0.7670567 0.9345013 0.7660252 0.935758 0.7670548 0.9345013 0.7660252 0.9357566 0.7660232 0.7963334 0.4908846 0.7951776 0.4908846 0.7951744 0.4907458 0.7963334 0.4908846 0.7951744 0.4907458 0.7963412 0.4907458 0.7974273 0.4908823 0.7963334 0.4908846 0.7963412 0.4907458 0.7974273 0.4908823 0.7963412 0.4907458 0.7974475 0.4907434 0.6004721 0.4700672 0.5949475 0.4700515 0.5949475 0.01204061 0.6004721 0.4700672 0.5949475 0.01204061 0.6004721 0.01205623 0.5133122 0.5707668 0.5135805 0.5708041 0.5135574 0.5719034 0.5133122 0.5707668 0.5135574 0.5719034 0.5132895 0.5718529 0.8296647 0.8366115 0.8386551 0.8366115 0.8386566 0.8372284 0.8296647 0.8366115 0.8386566 0.8372284 0.8296662 0.8372284 0.8937734 0.710169 0.8937672 0.7114241 0.8936424 0.7114024 0.8937734 0.710169 0.8936424 0.7114024 0.8936486 0.7101581 0.4588379 0.8815323 0.4588038 0.8870561 0.01071339 0.8870561 0.4588379 0.8815323 0.01071339 0.8870561 0.01074749 0.8815323 0.5850971 0.8406321 0.5839939 0.8406286 0.5840017 0.8405084 0.5850971 0.8406321 0.5840017 0.8405084 0.5851234 0.8405119 0.8940404 0.710169 0.8940424 0.7088191 0.8941663 0.7088191 0.8940404 0.710169 0.8941663 0.7088191 0.8941643 0.7101581 0.5934076 0.9887002 0.5919941 0.9886957 0.5919833 0.9884171 0.5934076 0.9887002 0.5919833 0.9884171 0.5934029 0.9884217 0.9516303 0.7660158 0.9516303 0.7662264 0.951635 0.7688063 0.951635 0.7688063 0.944608 0.7688063 0.9446042 0.7662264 0.9446042 0.7662264 0.9446034 0.7660158 0.9516303 0.7660158 0.951635 0.7688063 0.9446042 0.7662264 0.9516303 0.7660158 0.2119249 0.9433715 0.2112501 0.9445433 0.2110918 0.9444242 0.2119249 0.9433715 0.2110918 0.9444242 0.2117419 0.9432975 0.2222028 0.9136605 0.2221764 0.9137815 0.2211672 0.9137744 0.2222028 0.9136605 0.2211672 0.9137744 0.2212098 0.9136543 0.5840079 0.8402183 0.5851452 0.8402221 0.5851405 0.8403719 0.5840079 0.8402183 0.5851405 0.8403719 0.5840063 0.8403684 0.9173323 0.5167046 0.9173505 0.5155701 0.9174758 0.5155879 0.9173323 0.5167046 0.9174758 0.5155879 0.9174574 0.516731 0.803808 0.9885566 0.8045666 0.9885644 0.8045666 0.9891679 0.803808 0.9885566 0.8045666 0.9891679 0.803808 0.9891601 0.321747 0.9274351 0.3217701 0.9232805 0.330375 0.9232947 0.321747 0.9274351 0.330375 0.9232947 0.330352 0.9274494 0.9972862 0.2440549 0.9972863 0.2517554 0.9969683 0.2517536 0.9972862 0.2440549 0.9969683 0.2517536 0.9969682 0.2440532 0.1094461 0.9874829 0.1094577 0.9873999 0.1107504 0.9877473 0.1094461 0.9874829 0.1107504 0.9877473 0.1107192 0.9878236 0.8851442 0.7829909 0.885138 0.7821144 0.9306082 0.7830468 0.8851442 0.7829909 0.9306082 0.7830468 0.9306121 0.7836518 0.9177582 0.5129259 0.9177543 0.511588 0.9178778 0.5116016 0.9177582 0.5129259 0.9178778 0.5116016 0.9178817 0.512929 0.913874 0.7734704 0.9124277 0.7710548 0.9179017 0.771714 0.913874 0.7734704 0.9179017 0.771714 0.9175944 0.7739182 0.4781979 0.5721642 0.4781053 0.5720935 0.4788722 0.5713266 0.4781979 0.5721642 0.4788722 0.5713266 0.4789437 0.5714179 0.7930473 0.490178 0.7930085 0.4902982 0.7921397 0.4902911 0.7930473 0.490178 0.7921397 0.4902911 0.7921939 0.490171 0.6726116 0.6446685 0.6650354 0.6446685 0.6647763 0.644103 0.6726116 0.6446685 0.6647763 0.644103 0.6728397 0.644103 0.8233487 0.6540644 0.8233487 0.654261 0.8152667 0.654261 0.8233487 0.6540644 0.8152667 0.654261 0.8152667 0.6540644 0.2110933 0.9383562 0.2117434 0.9394829 0.2120801 0.9407396 0.2120801 0.9407396 0.2120801 0.9420408 0.2117419 0.9432975 0.2117419 0.9432975 0.2110918 0.9444242 0.2101733 0.9374362 0.2101733 0.9374362 0.2110933 0.9383562 0.2120801 0.9407396 0.2120801 0.9407396 0.2117419 0.9432975 0.2101733 0.9374362 0.6526271 0.526431 0.6526271 0.5253992 0.6537799 0.5253948 0.6526271 0.526431 0.6537799 0.5253948 0.6537799 0.5264264 0.9651212 0.5696944 0.9651863 0.569611 0.9662817 0.5702435 0.9651212 0.5696944 0.9662817 0.5702435 0.9662414 0.5703402 0.2451165 0.8251383 0.2370681 0.8251251 0.2370933 0.8206043 0.2451165 0.8251383 0.2370933 0.8206043 0.2451418 0.8206177 0.4481827 0.9884598 0.4496178 0.9884563 0.4496069 0.988735 0.4481827 0.9884598 0.4496069 0.988735 0.448181 0.9887384 0.9217218 0.3392918 0.9304602 0.3411038 0.9235364 0.3411038 0.9235364 0.3479983 0.9304602 0.3479983 0.9217218 0.3498135 0.9217218 0.3392918 0.9235364 0.3411038 0.9235364 0.3479983 0.9217218 0.3498135 0.9217218 0.3392918 0.9235364 0.3479983 0.8848767 0.4563524 0.8767878 0.4563378 0.8767879 0.3778007 0.8848767 0.4563524 0.8767879 0.3778007 0.8848769 0.3778153 0.7942298 0.9874173 0.7952443 0.9874119 0.7952452 0.9880154 0.7942298 0.9874173 0.7952452 0.9880154 0.7942305 0.9880208 0.824845 0.8366109 0.824845 0.8372277 0.8157856 0.8372277 0.824845 0.8366109 0.8157856 0.8372277 0.8157856 0.8366109 0.6104492 0.003440439 0.6094253 0.005767703 0.6094284 0.002416372 0.4835839 0.002410173 0.4835839 0.005758404 0.4825631 0.003431081 0.4835839 0.002410173 0.4825631 0.003431081 0.4422853 0.003431141 0.6104492 0.003440439 0.6094284 0.002416372 0.6517478 0.002419471 0.650727 0.003440439 0.6104492 0.003440439 0.6517478 0.002419471 0.4412614 0.002407073 0.4835839 0.002410173 0.4422853 0.003431141 0.4412614 0.002407073 0.4422853 0.003431141 0.4422854 0.4784376 0.650727 0.003440439 0.6517478 0.002419471 0.6517478 0.479474 0.650727 0.47845 0.650727 0.003440439 0.6517478 0.479474 0.4412614 0.4794616 0.4412614 0.002407073 0.4422854 0.4784376 0.4422854 0.4784376 0.650727 0.47845 0.6517478 0.479474 0.6517478 0.479474 0.4412614 0.4794616 0.4422854 0.4784376 0.4516736 0.9874363 0.4517884 0.9876481 0.4507784 0.9876576 0.4516736 0.9874363 0.4507784 0.9876576 0.4506899 0.9874456 0.3257175 0.9157168 0.3257156 0.9154194 0.3341107 0.9154052 0.3257175 0.9157168 0.3341107 0.9154052 0.3341125 0.9157025 0.3341125 0.9157025 0.3341107 0.9154052 0.3427247 0.9153673 0.3341125 0.9157025 0.3427247 0.9153673 0.3427266 0.9156646 0.5956514 0.003098845 0.6037148 0.003098845 0.6037133 0.003350973 0.5956514 0.003098845 0.6037133 0.003350973 0.59565 0.003350973 0.1579149 0.9915571 0.1577985 0.9915435 0.1580805 0.990494 0.1579149 0.9915571 0.1580805 0.990494 0.1581872 0.9905392 0.7929744 0.4905883 0.7929837 0.4904386 0.7940295 0.490444 0.7929744 0.4905883 0.7940295 0.490444 0.7940247 0.4905937 0.3599168 0.9458223 0.2908897 0.9458223 0.2908897 0.9424825 0.3599168 0.9458223 0.2908897 0.9424825 0.3599168 0.9424825 0.5832043 0.4970433 0.5832312 0.5037735 0.5813917 0.5040822 0.5832043 0.4970433 0.5813917 0.5040822 0.581365 0.4974035 0.002409338 0.9136177 0.05128574 0.9136177 0.05140364 0.9585962 0.002409338 0.9136177 0.05140364 0.9585962 0.002527236 0.9585962 0.08052891 0.6780077 0.08052891 0.5927774 0.08836668 0.5927877 0.08836668 0.5927877 0.08836704 0.6780179 0.08528399 0.6780139 0.08836668 0.5927877 0.08528399 0.6780139 0.08052891 0.6780077 0.4495952 0.6592282 0.4495987 0.650524 0.4646325 0.650524 0.4646325 0.650524 0.4646292 0.6592282 0.4495959 0.6592282 0.4646325 0.650524 0.4495959 0.6592282 0.4495952 0.6592282 0.8942722 0.461222 0.8942722 0.4656234 0.8929069 0.4656234 0.8942722 0.461222 0.8929069 0.4656234 0.8929069 0.4625868 0.8868776 0.4656234 0.8855123 0.4656234 0.8855123 0.461222 0.8942722 0.461222 0.8929069 0.4625868 0.8868776 0.4625868 0.8868776 0.4625868 0.8868776 0.4656234 0.8855123 0.461222 0.8942722 0.461222 0.8868776 0.4625868 0.8855123 0.461222 0.3700906 0.9136696 0.3700889 0.91625 0.3691627 0.9162415 0.3700906 0.9136696 0.3691627 0.9162415 0.3691627 0.9136611 0.1985123 0.3679416 0.1985123 0.2654997 0.2018525 0.2654966 0.1985123 0.3679416 0.2018525 0.2654966 0.2018525 0.3679416 0.9650638 0.5617655 0.9641313 0.5626968 0.9640645 0.5626447 0.9650638 0.5617655 0.9640645 0.5626447 0.9650111 0.561698 0.2232983 0.9143617 0.2232928 0.9142228 0.224461 0.9142205 0.2232983 0.9143617 0.224461 0.9142205 0.2244548 0.9143594 0.4779021 0.544595 0.4779959 0.5445969 0.477999 0.5457039 0.4779021 0.544595 0.477999 0.5457039 0.4779052 0.5457264 0.9752528 0.3460149 0.9630482 0.3460142 0.9630481 0.2302135 0.9752528 0.3460149 0.9630481 0.2302135 0.9752528 0.230215 0.2527911 0.8251382 0.2451165 0.8251383 0.2451418 0.8206177 0.2527911 0.8251382 0.2451418 0.8206177 0.2528163 0.8206174 0.5252248 0.5450906 0.516373 0.5458961 0.5074883 0.5456366 0.5074883 0.5456366 0.4986985 0.5443159 0.4901517 0.5419587 0.4901517 0.5419587 0.4910295 0.5387754 0.4993854 0.54108 0.4901517 0.5419587 0.4993854 0.54108 0.5077831 0.5423418 0.5252248 0.5450906 0.5074883 0.5456366 0.4901517 0.5419587 0.5374539 0.5420175 0.5339167 0.5432315 0.5252248 0.5450906 0.5328374 0.5400856 0.5363744 0.5388715 0.5374539 0.5420175 0.5247283 0.5418201 0.5328374 0.5400856 0.5374539 0.5420175 0.5252248 0.5450906 0.4901517 0.5419587 0.5077831 0.5423418 0.5162712 0.5425896 0.5247283 0.5418201 0.5374539 0.5420175 0.5252248 0.5450906 0.5077831 0.5423418 0.5162712 0.5425896 0.5162712 0.5425896 0.5374539 0.5420175 0.5252248 0.5450906 0.5533965 0.5384225 0.5533871 0.5382217 0.5614506 0.5382217 0.5533965 0.5384225 0.5614506 0.5382217 0.5614598 0.5384225 0.4507784 0.9876576 0.4508451 0.9879027 0.4495821 0.9879094 0.4507784 0.9876576 0.4495821 0.9879094 0.4495418 0.9876644 0.0523107 0.263811 0.05206763 0.2637385 0.05185091 0.2636216 0.05185091 0.2636216 0.0516749 0.2634652 0.05155146 0.2632829 0.05155146 0.2632829 0.05148929 0.2630855 0.0514934 0.2628865 0.0514934 0.2628865 0.05156189 0.2626999 0.05169153 0.262538 0.05169153 0.262538 0.05187314 0.2624122 0.05209326 0.2623309 0.05209326 0.2623309 0.05233865 0.2623 0.0525915 0.2623211 0.0525915 0.2623211 0.05283391 0.2623927 0.05305129 0.2625105 0.05305129 0.2625105 0.05322766 0.2626661 0.05335086 0.2628492 0.05335086 0.2628492 0.05341219 0.2630466 0.05340892 0.2632457 0.05340892 0.2632457 0.0533396 0.2634321 0.05321085 0.263594 0.05321085 0.263594 0.05302917 0.2637199 0.05280905 0.2638011 0.05280905 0.2638011 0.05256354 0.2638321 0.0523107 0.263811 0.0523107 0.263811 0.05185091 0.2636216 0.05155146 0.2632829 0.05155146 0.2632829 0.0514934 0.2628865 0.05169153 0.262538 0.05169153 0.262538 0.05209326 0.2623309 0.0525915 0.2623211 0.0525915 0.2623211 0.05305129 0.2625105 0.05335086 0.2628492 0.05335086 0.2628492 0.05340892 0.2632457 0.05321085 0.263594 0.05321085 0.263594 0.05280905 0.2638011 0.0523107 0.263811 0.0523107 0.263811 0.05155146 0.2632829 0.05169153 0.262538 0.05169153 0.262538 0.0525915 0.2623211 0.05335086 0.2628492 0.05335086 0.2628492 0.05321085 0.263594 0.0523107 0.263811 0.05169153 0.262538 0.05335086 0.2628492 0.0523107 0.263811 0.9244849 0.4622569 0.9244341 0.4625052 0.9243356 0.4627314 0.9243356 0.4627314 0.924196 0.4629203 0.9240253 0.463058 0.9240253 0.463058 0.9238345 0.4631363 0.9236375 0.4631491 0.9236375 0.4631491 0.9234467 0.4630959 0.923276 0.4629808 0.923276 0.4629808 0.9231367 0.4628105 0.9230378 0.4625971 0.9230378 0.4625971 0.9229871 0.4623559 0.9229871 0.4621022 0.9229871 0.4621022 0.9230383 0.461854 0.9231367 0.4616274 0.9231367 0.4616274 0.9232764 0.4614389 0.923447 0.4613012 0.923447 0.4613012 0.9236375 0.4612229 0.9238345 0.46121 0.9238345 0.46121 0.9240249 0.4612628 0.924196 0.4613785 0.924196 0.4613785 0.9243352 0.4615487 0.9244341 0.4617621 0.9244341 0.4617621 0.9244849 0.4620032 0.9244849 0.4622569 0.9244849 0.4622569 0.9243356 0.4627314 0.9240253 0.463058 0.9240253 0.463058 0.9236375 0.4631491 0.923276 0.4629808 0.923276 0.4629808 0.9230378 0.4625971 0.9229871 0.4621022 0.9229871 0.4621022 0.9231367 0.4616274 0.923447 0.4613012 0.923447 0.4613012 0.9238345 0.46121 0.924196 0.4613785 0.924196 0.4613785 0.9244341 0.4617621 0.9244849 0.4622569 0.9244849 0.4622569 0.9240253 0.463058 0.923276 0.4629808 0.923276 0.4629808 0.9229871 0.4621022 0.923447 0.4613012 0.923447 0.4613012 0.924196 0.4613785 0.9244849 0.4622569 0.923276 0.4629808 0.923447 0.4613012 0.9244849 0.4622569 0.4439656 0.9884493 0.4429074 0.9884395 0.442926 0.9881606 0.4439656 0.9884493 0.442926 0.9881606 0.4439795 0.9881703 0.9406349 0.8288049 0.9318968 0.8269897 0.9424502 0.8269897 0.9424502 0.8375115 0.9318968 0.8375115 0.9337121 0.8356963 0.9406349 0.8356963 0.9406349 0.8288049 0.9424502 0.8269897 0.9424502 0.8375115 0.9337121 0.8356963 0.9406349 0.8356963 0.9424502 0.8269897 0.9424502 0.8375115 0.9406349 0.8356963 0.2064636 0.9362521 0.2064418 0.936078 0.2078382 0.936078 0.2064636 0.9362521 0.2078382 0.936078 0.2078149 0.9362521 0.4506899 0.9894481 0.4494859 0.9894546 0.4495402 0.9892448 0.4506899 0.9894481 0.4495402 0.9892448 0.4507784 0.9892383 0.5122979 0.6312792 0.5123379 0.635799 0.5040383 0.6358348 0.5122979 0.6312792 0.5040383 0.6358348 0.5039983 0.6313151 0.5974618 0.9894062 0.5962237 0.9894145 0.5962718 0.9892052 0.5974618 0.9894062 0.5962718 0.9892052 0.597544 0.9891966 0.2091214 0.9366019 0.2091897 0.9364398 0.2104013 0.9371391 0.2091214 0.9366019 0.2104013 0.9371391 0.2102928 0.9372783 0.9641313 0.5626968 0.9634735 0.5638371 0.9633958 0.5638044 0.9641313 0.5626968 0.9633958 0.5638044 0.9640645 0.5626447 0.4509308 0.9136115 0.451933 0.9136198 0.4519522 0.9149963 0.4509308 0.9136115 0.4519522 0.9149963 0.4509499 0.9149865 0.8152698 0.6547946 0.8152667 0.6546388 0.8233487 0.6546388 0.8152698 0.6547946 0.8233487 0.6546388 0.8233503 0.6547946 0.7940667 0.4910017 0.794045 0.4908823 0.7951776 0.4908846 0.7940667 0.4910017 0.7951776 0.4908846 0.7951838 0.491004 0.9178664 0.5103914 0.9178778 0.5116016 0.9177543 0.511588 0.9178664 0.5103914 0.9177543 0.511588 0.9177426 0.5103685 0.5534027 0.5389088 0.561466 0.5389088 0.5614646 0.539161 0.5534027 0.5389088 0.5614646 0.539161 0.5534012 0.539161 0.2102928 0.9372783 0.2104013 0.9371391 0.2113881 0.9381273 0.2102928 0.9372783 0.2113881 0.9381273 0.2112485 0.9382348 0.4619752 0.6455506 0.4597552 0.6439895 0.4597552 0.6334847 0.4619752 0.6455506 0.4597552 0.6334847 0.4619752 0.6316927 0.8233503 0.6537223 0.8233503 0.6538808 0.8152683 0.6538808 0.8233503 0.6537223 0.8152683 0.6538808 0.8152683 0.6537223 0.1532537 0.4644423 0.1606207 0.4644289 0.1606162 0.465245 0.1532537 0.4644423 0.1606162 0.465245 0.1532492 0.4652587 0.1069343 0.996957 0.1068947 0.9970535 0.1057763 0.9964067 0.1069343 0.996957 0.1057763 0.9964067 0.1058405 0.9963238 0.01987922 0.9941256 0.01986443 0.987411 0.03250873 0.987411 0.01987922 0.9941256 0.03250873 0.987411 0.03252351 0.9941256 0.9651228 0.5618435 0.9642089 0.5627564 0.9641313 0.5626968 0.9651228 0.5618435 0.9641313 0.5626968 0.9650638 0.5617655 0.5148703 0.5693814 0.5148549 0.5706264 0.5146463 0.5707072 0.5148703 0.5693814 0.5146463 0.5707072 0.5146623 0.5694286 0.7884078 0.9470264 0.5787547 0.9470264 0.5792418 0.9456961 0.7884078 0.9470264 0.5792418 0.9456961 0.7876351 0.9456961 0.9727066 0.5676628 0.9720597 0.5687813 0.9719774 0.5687178 0.9727066 0.5676628 0.9719774 0.5687178 0.9726104 0.5676228 0.7600556 0.4815313 0.7601084 0.48487 0.7512491 0.4849941 0.7600556 0.4815313 0.7512491 0.4849941 0.7511963 0.4816547 0.5813651 0.5357076 0.5810676 0.535706 0.5810945 0.5272577 0.5813651 0.5357076 0.5810945 0.5272577 0.5813919 0.5272593 0.8938215 0.7793487 0.8925741 0.7793539 0.8925663 0.7792202 0.8938215 0.7793487 0.8925663 0.7792202 0.8938169 0.7792152 0.957549 0.8950679 0.9575445 0.8958948 0.9571906 0.8958956 0.957549 0.8950679 0.9571906 0.8958956 0.9571968 0.895067 0.8915066 0.779228 0.8925663 0.7792202 0.8925741 0.7793539 0.8915066 0.779228 0.8925741 0.7793539 0.8915159 0.7793614 0.6878013 0.6441025 0.6799904 0.6446738 0.679775 0.6441025 0.6799904 0.6446738 0.6878013 0.6441025 0.6800137 0.6446738 0.2629032 0.8536528 0.2615044 0.8536601 0.2615243 0.8534865 0.2629032 0.8536528 0.2615243 0.8534865 0.2628765 0.853479 0.2064868 0.9364483 0.2064636 0.9362521 0.2078149 0.9362521 0.2064868 0.9364483 0.2078149 0.9362521 0.2077886 0.9364488 0.896529 0.779082 0.8965197 0.7789579 0.8977873 0.7789627 0.896529 0.779082 0.8977873 0.7789627 0.8978074 0.7790868 0.5706476 0.6356087 0.5628178 0.6350359 0.5628412 0.6350359 0.5628178 0.6350359 0.5706476 0.6356087 0.5625681 0.6356087 0.1635113 0.9959261 0.1644515 0.9953831 0.1645167 0.9954702 0.1635113 0.9959261 0.1645167 0.9954702 0.1635528 0.9960268 0.9640661 0.5688896 0.9641329 0.5688396 0.9650638 0.5697712 0.9640661 0.5688896 0.9650638 0.5697712 0.9650111 0.5698367 0.8984141 0.936654 0.9006404 0.936644 0.9006551 0.9446353 0.8984141 0.936654 0.9006551 0.9446353 0.8984288 0.9446451 0.7887884 0.654284 0.7963305 0.6542837 0.7965462 0.6548545 0.7887884 0.654284 0.7965462 0.6548545 0.7885184 0.6548545 0.9967678 0.7664942 0.989844 0.7664942 0.989844 0.7595996 0.9967678 0.7664942 0.989844 0.7595996 0.9967678 0.7595996 0.6799904 0.6446738 0.6837901 0.6452381 0.679777 0.6452381 0.6837901 0.6452381 0.6799904 0.6446738 0.6800137 0.6446738 0.8065124 0.9885706 0.8075658 0.9885691 0.8075674 0.9891726 0.8065124 0.9885706 0.8075674 0.9891726 0.8065124 0.9891741 0.8010236 0.4884296 0.8010236 0.4840092 0.8034028 0.4838377 0.8010236 0.4884296 0.8034028 0.4838377 0.8034028 0.4884566 0.5628178 0.6350359 0.5666075 0.6344735 0.5628412 0.6350359 0.5666075 0.6344735 0.5628178 0.6350359 0.5625681 0.6344735 0.9187922 0.4649049 0.9198192 0.4691501 0.9181963 0.4695426 0.9187922 0.4649049 0.9181963 0.4695426 0.9171692 0.4652974 0.4676318 0.989589 0.4681872 0.9874008 0.4754577 0.9874008 0.4676318 0.989589 0.4754577 0.9874008 0.476249 0.989589 0.5828441 0.8399301 0.5828551 0.839811 0.5839939 0.839811 0.5828441 0.8399301 0.5839939 0.839811 0.5840017 0.8399301 0.1651266 0.9945443 0.1656532 0.9936318 0.1657611 0.993676 0.1651266 0.9945443 0.1657611 0.993676 0.1652185 0.9946165 0.3593271 0.6688233 0.3593271 0.4997491 0.4111186 0.5533205 0.3593271 0.6688233 0.4111186 0.5533205 0.4111186 0.6154225 0.9571928 0.7829115 0.9571928 0.7794516 0.9732289 0.7794439 0.9571928 0.7829115 0.9732289 0.7794439 0.9732289 0.7829038 0.6878013 0.6441025 0.6875309 0.6446738 0.6800137 0.6446738 0.9173505 0.5155701 0.917362 0.5142819 0.9174872 0.5142897 0.9173505 0.5155701 0.9174872 0.5142897 0.9174758 0.5155879 0.798242 0.9874173 0.7989984 0.9874266 0.7989999 0.9880301 0.798242 0.9874173 0.7989999 0.9880301 0.7982435 0.9880208 0.6415897 0.4252504 0.6414532 0.416371 0.6436787 0.4163359 0.6415897 0.4252504 0.6436787 0.4163359 0.643816 0.4252154 0.9958758 0.08270227 0.9958758 0.09286206 0.9860634 0.09280127 0.9958758 0.08270227 0.9860634 0.09280127 0.9860634 0.08264148 0.4495677 0.9290293 0.4482683 0.929033 0.4482635 0.9264531 0.4495677 0.9290293 0.4482635 0.9264531 0.449563 0.9264492 0.7763173 0.9294566 0.7763173 0.9264684 0.7784969 0.9264737 0.7763173 0.9294566 0.7784969 0.9264737 0.7784969 0.9294624 0.9955945 0.5023893 0.995621 0.4995368 0.996437 0.4995315 0.9955945 0.5023893 0.996437 0.4995315 0.9964106 0.5023839 0.220303 0.9139049 0.2203378 0.9137644 0.2211672 0.9137744 0.220303 0.9139049 0.2211672 0.9137744 0.22114 0.9139149 0.917362 0.5142819 0.917366 0.5129282 0.9174913 0.5129255 0.917362 0.5142819 0.9174913 0.5129255 0.9174872 0.5142897 0.5165503 0.9876406 0.51534 0.9876279 0.5152795 0.9874186 0.5165503 0.9876406 0.5152795 0.9874186 0.5164587 0.9874311 0.1661485 0.992644 0.1660413 0.9926288 0.1660417 0.9915433 0.1661485 0.992644 0.1660417 0.9915433 0.166149 0.9915297 0.7963412 0.4904463 0.7963443 0.4905961 0.7951744 0.4905961 0.7963412 0.4904463 0.7951744 0.4905961 0.7951744 0.4904463 0.8984288 0.9218997 0.9006551 0.9218899 0.9006412 0.9291019 0.8984288 0.9218997 0.9006412 0.9291019 0.8984149 0.9291119 0.4526096 0.8352842 0.4520061 0.8352842 0.4520022 0.8342866 0.4526096 0.8352842 0.4520022 0.8342866 0.4526064 0.834285 0.2208961 0.8205696 0.2208984 0.8662804 0.1098378 0.8662804 0.2208961 0.8205696 0.1098378 0.8662804 0.1098355 0.8205696 0.4640624 0.6896327 0.4640624 0.6797513 0.4673844 0.6795491 0.4640624 0.6896327 0.4673844 0.6795491 0.4673844 0.689829 0.4438948 0.6758272 0.4429029 0.6759812 0.4429021 0.6740942 0.4438948 0.6758272 0.4429021 0.6740942 0.4438949 0.6739401 0.9958651 0.1147772 0.9958651 0.1249366 0.9860529 0.1248746 0.9958651 0.1147772 0.9860529 0.1248746 0.9860529 0.1147151 0.4453325 0.9876644 0.4467211 0.9876678 0.4467071 0.987913 0.4453325 0.9876644 0.4467071 0.987913 0.4452921 0.9879094 0.5909453 0.9874037 0.592126 0.987412 0.5920655 0.9876246 0.5909453 0.9874037 0.5920655 0.9876246 0.5908538 0.9876161 0.157691 0.9926428 0.1575977 0.992657 0.1575979 0.9915186 0.157691 0.9926428 0.1575979 0.9915186 0.1576914 0.9915288 0.5141629 0.5665599 0.5141629 0.5680385 0.5138846 0.56804 0.5141629 0.5665599 0.5138846 0.56804 0.5138846 0.5665552 0.2023519 0.9394054 0.2020012 0.9407116 0.2018291 0.9406876 0.2023519 0.9394054 0.2018291 0.9406876 0.2021922 0.9393371 0.9576331 0.956075 0.9104003 0.9563675 0.9104003 0.9074987 0.9576331 0.956075 0.9104003 0.9074987 0.9576331 0.9072063 0.9428397 0.3738417 0.9425014 0.3738828 0.9424642 0.3733746 0.9428397 0.3738417 0.9424642 0.3733746 0.9428009 0.3733335 0.5465896 0.6344782 0.5564046 0.6344782 0.556407 0.6355797 0.5465896 0.6344782 0.556407 0.6355797 0.5465919 0.6355797 0.8065108 0.987414 0.8075643 0.9874125 0.8075658 0.9885691 0.8065108 0.987414 0.8075658 0.9885691 0.8065124 0.9885706 0.1653043 0.9946825 0.165861 0.9937187 0.1659463 0.9937557 0.1653043 0.9946825 0.1659463 0.9937557 0.1653779 0.9947406 0.6045187 0.9874088 0.6089708 0.9874088 0.6078716 0.9905152 0.6045187 0.9874088 0.6078716 0.9905152 0.6034194 0.9905152 0.2211679 0.9143532 0.2221772 0.9143594 0.2222044 0.914478 0.2211679 0.9143532 0.2222044 0.914478 0.2212105 0.9144718 0.9406099 0.8045316 0.9406099 0.8195672 0.9319065 0.8195633 0.9406099 0.8045316 0.9319065 0.8195633 0.9319065 0.8045282 0.2628237 0.8432052 0.2614713 0.8432126 0.2614505 0.8430413 0.2628237 0.8432052 0.2614505 0.8430413 0.2628477 0.8430335 0.2221602 0.9139211 0.22114 0.9139149 0.2211672 0.9137744 0.2221602 0.9139211 0.2211672 0.9137744 0.2221764 0.9137815 0.2211408 0.9142143 0.2203037 0.9142042 0.2202913 0.9140546 0.2211408 0.9142143 0.2202913 0.9140546 0.2211315 0.9140646 0.8915454 0.7794861 0.8925958 0.7794786 0.8926284 0.7795857 0.8915454 0.7794861 0.8926284 0.7795857 0.8915935 0.7795932 0.4797353 0.570599 0.4808329 0.5703054 0.480845 0.5703964 0.4797353 0.570599 0.480845 0.5703964 0.4797704 0.5706844 0.1038821 0.9931281 0.1038826 0.9918363 0.1039862 0.99185 0.1038821 0.9931281 0.1039862 0.99185 0.1039863 0.9931138 0.8896546 0.9066194 0.8896535 0.9066194 0.8896535 0.9007747 0.8896546 0.9066194 0.8896535 0.9007747 0.8896546 0.9007747 0.7876511 0.9885702 0.7876514 0.9891737 0.7866684 0.9891822 0.7876511 0.9885702 0.7866684 0.9891822 0.7866681 0.9885787 0.4775196 0.5477958 0.4775033 0.5468505 0.477653 0.5468427 0.4775196 0.5477958 0.477653 0.5468427 0.4776692 0.5477853 0.01070982 0.8156768 0.01093327 0.7114762 0.2690843 0.7114762 0.01070982 0.8156768 0.2690843 0.7114762 0.2688548 0.8156768 0.9065076 0.6029408 0.906505 0.6042822 0.9063974 0.6042643 0.9065076 0.6029408 0.9063974 0.6042643 0.9063997 0.60294 0.9729363 0.5651375 0.9730418 0.5651235 0.9730418 0.566415 0.9729363 0.5651375 0.9730418 0.566415 0.9729379 0.5664015 0.4507784 0.9892383 0.4508451 0.9889946 0.4518722 0.9889852 0.4507784 0.9892383 0.4518722 0.9889852 0.4517884 0.9892287 0.2038802 0.9456354 0.2039842 0.945499 0.2051556 0.9461753 0.2038802 0.9456354 0.2051556 0.9461753 0.2050889 0.9463344 0.5130903 0.5665894 0.5130822 0.565224 0.5133283 0.5651782 0.5130903 0.5665894 0.5133283 0.5651782 0.5133368 0.5665707 0.1037845 0.9931423 0.1037855 0.9918248 0.1038826 0.9918363 0.1037845 0.9931423 0.1038826 0.9918363 0.1038821 0.9931281 0.9630575 0.5557755 0.9630575 0.3527476 0.9672479 0.3537158 0.9630575 0.5557755 0.9672479 0.3537158 0.9672479 0.5542396 0.6397257 0.4608873 0.6397257 0.4689231 0.6375002 0.4706879 0.6397257 0.4608873 0.6375002 0.4706879 0.6375002 0.4590374 0.5828379 0.8400689 0.5817148 0.8400724 0.5817332 0.8399336 0.5828379 0.8400689 0.5817332 0.8399336 0.5828441 0.8399301 0.9967759 0.7408289 0.9898529 0.7408289 0.9898529 0.7339376 0.9967759 0.7408289 0.9898529 0.7339376 0.9967759 0.7339376 0.2389721 0.9264992 0.2390789 0.9429812 0.2174587 0.9431091 0.2389721 0.9264992 0.2174587 0.9431091 0.2173516 0.926627 0.9066225 0.6055451 0.9066105 0.6066119 0.9064856 0.606583 0.9066225 0.6055451 0.9064856 0.606583 0.9064975 0.6055242 0.4819598 0.5788531 0.4819459 0.5787448 0.4829933 0.5784648 0.4819598 0.5788531 0.4829933 0.5784648 0.4830361 0.5785644 0.9650111 0.5698367 0.9650638 0.5697712 0.9662026 0.5704298 0.9650111 0.5698367 0.9662026 0.5704298 0.9661731 0.5705062 0.5110756 0.9881289 0.5125209 0.9881261 0.5125185 0.9884047 0.5110756 0.9881289 0.5125185 0.9884047 0.5110671 0.9884076 0.2233052 0.9136627 0.2232974 0.9137837 0.2221764 0.9137815 0.2233052 0.9136627 0.2221764 0.9137815 0.2222028 0.9136605 0.5097607 0.9886949 0.5086692 0.9887079 0.5086521 0.9884289 0.5097607 0.9886949 0.5086521 0.9884289 0.5097482 0.9884158 0.110642 0.9880095 0.1094209 0.9876813 0.1094341 0.9875783 0.110642 0.9880095 0.1094341 0.9875783 0.1106825 0.9879118 0.664413 0.9299923 0.6549409 0.9299923 0.6548393 0.9296539 0.664413 0.9299923 0.6548393 0.9296539 0.6645317 0.9296539 0.9415649 0.5382246 0.9500038 0.5382246 0.9500899 0.5713848 0.9415649 0.5382246 0.9500899 0.5713848 0.9324588 0.5713848 0.6206169 0.9885281 0.6206169 0.9897353 0.6147723 0.9897353 0.6206169 0.9885281 0.6147723 0.9897353 0.6147723 0.9885281 0.5794853 0.5273454 0.5810945 0.5272577 0.5810676 0.535706 0.5794853 0.5273454 0.5810676 0.535706 0.5794585 0.5357714 0.4520077 0.8363377 0.450851 0.8363377 0.4508495 0.8352858 0.4520077 0.8363377 0.4508495 0.8352858 0.4520061 0.8352842 0.3770246 0.8077362 0.377874 0.8077386 0.377874 0.8110339 0.3770246 0.8077362 0.377874 0.8110339 0.3770246 0.8110316 0.1624629 0.9962073 0.1613781 0.9962065 0.1613937 0.9960904 0.1624629 0.9962073 0.1613937 0.9960904 0.1624488 0.9960901 0.9903296 0.5163708 0.9903326 0.4387676 0.9905095 0.4387691 0.9903296 0.5163708 0.9905095 0.4387691 0.9905095 0.5163724 0.9700287 0.5703402 0.9700659 0.5704301 0.9687937 0.5707707 0.9700287 0.5703402 0.9687937 0.5707707 0.9687813 0.5706745 0.4772155 0.5468214 0.4773544 0.5468431 0.4773699 0.5477853 0.4772155 0.5468214 0.4773699 0.5477853 0.477231 0.5477547 0.8936159 0.944743 0.7933168 0.944743 0.7933109 0.9424903 0.8936159 0.944743 0.7933109 0.9424903 0.8936101 0.9424903 0.5835736 0.9874022 0.5835736 0.9899825 0.5822735 0.9899825 0.5835736 0.9874022 0.5822735 0.9899825 0.5822718 0.9874022 0.6954484 0.4837023 0.6954484 0.4935165 0.6942785 0.4935088 0.6954484 0.4837023 0.6942785 0.4935088 0.6942785 0.4836941 0.2600066 0.8206043 0.2666093 0.8205778 0.266584 0.8250984 0.2600066 0.8206043 0.266584 0.8250984 0.2599812 0.8251249 0.6572659 0.4748999 0.6593199 0.4728353 0.6923247 0.4728368 0.6572659 0.4748999 0.6923247 0.4728368 0.6943632 0.4749016 0.2020658 0.9260801 0.1944521 0.9300903 0.1939932 0.9290745 0.2020658 0.9260801 0.1939932 0.9290745 0.2014904 0.9251258 0.9396507 0.3684715 0.9426875 0.3684715 0.9426875 0.3691542 0.9389684 0.3617626 0.9426875 0.3617595 0.9426875 0.3624422 0.9389684 0.3617626 0.9426875 0.3624422 0.9396507 0.3624453 0.9396507 0.3684715 0.9426875 0.3691542 0.9389684 0.3691542 0.9389684 0.3617626 0.9396507 0.3624453 0.9396507 0.3684715 0.9396507 0.3684715 0.9389684 0.3691542 0.9389684 0.3617626 0.2255681 0.9143532 0.2265611 0.9143431 0.2265169 0.9144618 0.2255681 0.9143532 0.2265169 0.9144618 0.2255394 0.9144718 0.9732217 0.5664373 0.9728742 0.5677307 0.9727982 0.5676993 0.9732217 0.5664373 0.9727982 0.5676993 0.9731379 0.5664275 0.5807403 0.8399406 0.5817332 0.8399336 0.5817148 0.8400724 0.5807403 0.8399406 0.5817148 0.8400724 0.5807124 0.8400794 0.9500225 0.4291278 0.9500225 0.4299164 0.949719 0.4299184 0.9500225 0.4291278 0.949719 0.4299184 0.949719 0.4291302 0.2580794 0.8515215 0.2590422 0.8524739 0.2589398 0.8526139 0.2580794 0.8515215 0.2589398 0.8526139 0.2579465 0.8516305 0.47137 0.7360727 0.4713717 0.7053287 0.4748541 0.7018582 0.47137 0.7360727 0.4748541 0.7018582 0.4748519 0.7395619 0.9937818 0.7820845 0.989873 0.7821077 0.9898772 0.7807392 0.9937818 0.7820845 0.9898772 0.7807392 0.993786 0.780716 0.6562857 0.5264264 0.6562857 0.5253948 0.657468 0.5253992 0.6562857 0.5264264 0.657468 0.5253992 0.657468 0.526431 0.8456967 0.9874037 0.847923 0.9874089 0.847923 0.9898878 0.8456967 0.9874037 0.847923 0.9898878 0.8456967 0.9898828 0.5861615 0.8403788 0.5861691 0.8402292 0.5870117 0.8402388 0.5861615 0.8403788 0.5870117 0.8402388 0.5870007 0.8403885 0.6496028 0.9300111 0.6396326 0.9300111 0.6397179 0.9296499 0.6496028 0.9300111 0.6397179 0.9296499 0.6495407 0.9296499 0.4777842 0.5434507 0.4776437 0.5434379 0.477653 0.5423689 0.4777842 0.5434507 0.477653 0.5423689 0.4777935 0.5423921 0.5141544 0.5694868 0.5141381 0.5708048 0.5138596 0.5708173 0.5141544 0.5694868 0.5138596 0.5708173 0.5138761 0.5694938 0.8988438 0.778864 0.8988873 0.7789703 0.8977873 0.7789627 0.8988438 0.778864 0.8977873 0.7789627 0.8977578 0.7788564 0.2124494 0.9420866 0.2120879 0.9434367 0.2119249 0.9433715 0.2124494 0.9420866 0.2119249 0.9433715 0.2122756 0.9420652 0.5840063 0.8400689 0.5851405 0.8400724 0.5851452 0.8402221 0.5840063 0.8400689 0.5851452 0.8402221 0.5840079 0.8402183 0.4467071 0.9890051 0.4467211 0.9892483 0.4453325 0.9892448 0.4467071 0.9890051 0.4453325 0.9892448 0.4452921 0.9890014 0.5840017 0.8399301 0.5851234 0.8399336 0.5851405 0.8400724 0.5840017 0.8399301 0.5851405 0.8400724 0.5840063 0.8400689 0.4508978 0.9884493 0.4508854 0.9881703 0.4519249 0.9881606 0.4508978 0.9884493 0.4519249 0.9881606 0.4519435 0.9884395 0.9172244 0.5166624 0.9172425 0.5155422 0.9173505 0.5155701 0.9172244 0.5166624 0.9173505 0.5155701 0.9173323 0.5167046 0.9899497 0.3105597 0.9899497 0.320941 0.9898428 0.3200536 0.9899497 0.3105597 0.9898428 0.3200536 0.9898428 0.311448 0.1043137 0.9906284 0.1039862 0.99185 0.1038826 0.9918363 0.1043137 0.9906284 0.1038826 0.9918363 0.1042166 0.9905884 0.2122756 0.9407128 0.2124494 0.9406888 0.2124494 0.9420866 0.2122756 0.9407128 0.2124494 0.9420866 0.2122756 0.9420652 0.5144285 0.5680338 0.5141629 0.5680385 0.5141629 0.5665599 0.5144285 0.5680338 0.5141629 0.5665599 0.5144286 0.5665715 0.5110981 0.9878628 0.5110756 0.9881289 0.5097615 0.9881371 0.5110981 0.9878628 0.5097615 0.9881371 0.5098002 0.9878708 0.9650638 0.5697712 0.9651212 0.5696944 0.9662414 0.5703402 0.9650638 0.5697712 0.9662414 0.5703402 0.9662026 0.5704298 0.4839994 0.5712402 0.4847877 0.5720265 0.4847006 0.5720929 0.4839994 0.5712402 0.4847006 0.5720929 0.4839332 0.5713256 0.9727982 0.5676993 0.9721372 0.5688403 0.9720597 0.5687813 0.9727982 0.5676993 0.9720597 0.5687813 0.9727066 0.5676628 0.6846734 0.9874022 0.6854089 0.9905412 0.6812943 0.9905412 0.6846734 0.9874022 0.6812943 0.9905412 0.6805589 0.9874023 0.7973226 0.9880154 0.7973243 0.9891712 0.7963026 0.9891696 0.7973226 0.9880154 0.7963026 0.9891696 0.7963002 0.988013 0.4775196 0.5477958 0.4773699 0.5477853 0.4773544 0.5468431 0.4775196 0.5477958 0.4773544 0.5468431 0.4775033 0.5468505 0.8937734 0.7074615 0.8936486 0.7074707 0.8936424 0.7062094 0.8937734 0.7074615 0.8936424 0.7062094 0.8937672 0.7061893 0.2560455 0.9264421 0.2560476 0.9267655 0.2476162 0.9267822 0.2560455 0.9264421 0.2476162 0.9267822 0.2476142 0.9264587 0.8339027 0.9874102 0.8339027 0.9903988 0.831723 0.9903934 0.8339027 0.9874102 0.831723 0.9903934 0.831723 0.9874047 0.5097987 0.9889628 0.5087196 0.9889757 0.5086692 0.9887079 0.5097987 0.9889628 0.5086692 0.9887079 0.5097607 0.9886949 0.3462441 0.9274353 0.338557 0.9274495 0.33858 0.9232948 0.3462441 0.9274353 0.33858 0.9232948 0.3462672 0.9232806 0.2580475 0.8452141 0.2582013 0.8453312 0.2575584 0.8464629 0.2580475 0.8452141 0.2575584 0.8464629 0.2573773 0.8463889 0.8398491 0.4130858 0.850983 0.4130858 0.8509357 0.4295892 0.8498521 0.4305855 0.8500697 0.4305855 0.8500687 0.4309036 0.8398491 0.4130858 0.8509357 0.4295892 0.8498521 0.4305855 0.8515133 0.4391589 0.8515109 0.439975 0.8397726 0.439975 0.8511486 0.4391589 0.8515133 0.4391589 0.8397726 0.439975 0.8397726 0.439975 0.8398491 0.4130858 0.8498521 0.4305855 0.8498521 0.4305855 0.8500687 0.4309036 0.8498354 0.4309036 0.8498221 0.4354245 0.8502479 0.4354245 0.8506152 0.4370288 0.8397726 0.439975 0.8498521 0.4305855 0.8498354 0.4309036 0.8498221 0.4354245 0.8506152 0.4370288 0.8506144 0.4373262 0.8397726 0.439975 0.8498354 0.4309036 0.8498221 0.4354245 0.8506144 0.4373262 0.8511486 0.4391589 0.8397726 0.439975 0.8498221 0.4354245 0.8506144 0.4373262 0.8397726 0.439975 0.9066225 0.6003109 0.90663 0.601584 0.906505 0.6015933 0.9066225 0.6003109 0.906505 0.6015933 0.9064975 0.6003304 0.4779052 0.5434705 0.477999 0.5434964 0.4779959 0.5445969 0.4779052 0.5434705 0.4779959 0.5445969 0.4779021 0.544595 0.9730418 0.566415 0.9730418 0.5651235 0.9731379 0.5651103 0.9730418 0.566415 0.9731379 0.5651103 0.9731379 0.5664275 0.2041037 0.9453434 0.2039842 0.945499 0.2030285 0.9445425 0.2041037 0.9453434 0.2030285 0.9445425 0.203182 0.944423 0.2642524 0.8532837 0.2629032 0.8536528 0.2628765 0.853479 0.2642524 0.8532837 0.2628765 0.853479 0.264181 0.8531214 0.5870117 0.8402388 0.5861691 0.8402292 0.5861615 0.8400794 0.5870117 0.8402388 0.5861615 0.8400794 0.5870007 0.8400891 0.4590544 0.8672961 0.4503161 0.865481 0.4608689 0.865481 0.4608689 0.8760027 0.4503161 0.8760027 0.4521307 0.8741875 0.4590544 0.8741875 0.4590544 0.8672961 0.4608689 0.865481 0.4608689 0.8760027 0.4521307 0.8741875 0.4590544 0.8741875 0.4608689 0.865481 0.4608689 0.8760027 0.4590544 0.8741875 0.5860932 0.8398216 0.5869093 0.8398308 0.5869651 0.8399502 0.5860932 0.8398216 0.5869651 0.8399502 0.5861335 0.8399406 0.5038193 0.9892508 0.4946908 0.9892508 0.4946908 0.9874032 0.5038193 0.9892508 0.4946908 0.9874032 0.50382 0.9874048 0.1587139 0.9896267 0.1581872 0.9905392 0.1580805 0.990494 0.1587139 0.9896267 0.1580805 0.990494 0.1586224 0.9895548 0.8085805 0.9891679 0.8075674 0.9891726 0.8075658 0.9885691 0.8085805 0.9891679 0.8075658 0.9885691 0.8085805 0.9885644 0.4819459 0.5787448 0.481931 0.578629 0.48295 0.5783556 0.4819459 0.5787448 0.48295 0.5783556 0.4829933 0.5784648 0.1126307 0.9954328 0.1132626 0.9943379 0.1133602 0.9943763 0.1126307 0.9954328 0.1133602 0.9943763 0.1127136 0.9954959 0.582835 0.8402183 0.5828379 0.8400689 0.5840063 0.8400689 0.582835 0.8402183 0.5840063 0.8400689 0.5840079 0.8402183 0.7984202 0.490738 0.7974475 0.4907434 0.7974537 0.4905937 0.7984202 0.490738 0.7974537 0.4905937 0.798431 0.4905883 0.1624616 0.9879658 0.1613768 0.987965 0.1613613 0.9878595 0.1624616 0.9879658 0.1613613 0.9878595 0.1624765 0.9878578 0.609903 0.9296475 0.619846 0.9296473 0.6199151 0.9300091 0.609903 0.9296475 0.6199151 0.9300091 0.6098231 0.9300091 0.8978136 0.77922 0.8989245 0.779228 0.8989168 0.7793614 0.8978136 0.77922 0.8989168 0.7793614 0.8978074 0.7793539 0.1645721 0.9886303 0.164516 0.9887036 0.163551 0.9881469 0.1645721 0.9886303 0.163551 0.9881469 0.1635866 0.9880619 0.2255666 0.9137753 0.2244541 0.9137815 0.2244431 0.9136605 0.2255666 0.9137753 0.2244431 0.9136605 0.2255386 0.9136543 0.5908538 0.9891966 0.5907855 0.9889534 0.5920221 0.9889621 0.5908538 0.9891966 0.5920221 0.9889621 0.5920671 0.9892052 0.9179831 0.514271 0.9179719 0.5155433 0.9178664 0.5155708 0.9179831 0.514271 0.9178664 0.5155708 0.9178778 0.5142827 0.8936486 0.7101581 0.8936424 0.7114024 0.8935348 0.7113698 0.8936486 0.7101581 0.8935348 0.7113698 0.8935409 0.7101426 0.2101717 0.9453438 0.2110918 0.9444242 0.2112501 0.9445433 0.2101717 0.9453438 0.2112501 0.9445433 0.2102928 0.9454993 0.9172537 0.5142699 0.9172577 0.5129328 0.917366 0.5129282 0.9172537 0.5142699 0.917366 0.5129282 0.917362 0.5142819 0.9602649 0.9824296 0.9602649 0.9683015 0.9619328 0.9684014 0.9602649 0.9824296 0.9619328 0.9684014 0.9619328 0.9823295 0.09785717 0.9884406 0.09433203 0.9884406 0.0943306 0.9874004 0.09889668 0.9874004 0.09889668 0.9965289 0.09785717 0.9884406 0.09785717 0.9884406 0.0943306 0.9874004 0.09889668 0.9874004 0.1651263 0.9896253 0.1652173 0.9895562 0.16576 0.9904959 0.1651263 0.9896253 0.16576 0.9904959 0.1656538 0.990539 0.1042167 0.9943754 0.104863 0.9954934 0.104785 0.9955537 0.1042167 0.9943754 0.104785 0.9955537 0.1041258 0.9944139 0.5533965 0.5393968 0.5614614 0.5393968 0.5614521 0.5396 0.5533965 0.5393968 0.5614521 0.5396 0.5533888 0.5396 0.1037016 0.9931539 0.1037015 0.9918155 0.1037855 0.9918248 0.1037016 0.9931539 0.1037855 0.9918248 0.1037845 0.9931423 0.5948707 0.9876291 0.59488 0.9878746 0.5934184 0.9878746 0.5948707 0.9876291 0.5934184 0.9878746 0.5934371 0.9876291 0.2579112 0.8451101 0.2580475 0.8452141 0.2573773 0.8463889 0.2579112 0.8451101 0.2573773 0.8463889 0.2572194 0.8463243 0.1660413 0.9926288 0.1657611 0.993676 0.1656532 0.9936318 0.1660413 0.9926288 0.1656532 0.9936318 0.1659255 0.992614 0.1658598 0.9904553 0.16576 0.9904959 0.1652173 0.9895562 0.1658598 0.9904553 0.1652173 0.9895562 0.1653035 0.989491 0.1613613 0.9878595 0.1602865 0.9881473 0.16025 0.9880625 0.1613613 0.9878595 0.16025 0.9880625 0.16135 0.9877671 0.9172577 0.5129328 0.9171739 0.5129386 0.9171702 0.5116493 0.9172577 0.5129328 0.9171702 0.5116493 0.917254 0.5116218 0.90639 0.6054908 0.9063974 0.6042643 0.906505 0.6042822 0.90639 0.6054908 0.906505 0.6042822 0.9064975 0.6055242 0.5098592 0.9892084 0.5097987 0.9889628 0.5110965 0.9889546 0.5098592 0.9892084 0.5110965 0.9889546 0.511133 0.9892003 0.1585369 0.994682 0.1584617 0.9947407 0.1578919 0.9937562 0.1585369 0.994682 0.1578919 0.9937562 0.1579791 0.9937185 0.484861 0.5772783 0.4847876 0.57722 0.4853441 0.5762559 0.484861 0.5772783 0.4853441 0.5762559 0.4854308 0.5762922 0.478105 0.5771551 0.4788734 0.5779213 0.4788069 0.5780085 0.478105 0.5771551 0.4788069 0.5780085 0.4780195 0.5772212 0.2244448 0.914478 0.2244548 0.9143594 0.2255681 0.9143532 0.2244448 0.914478 0.2255681 0.9143532 0.2255394 0.9144718 0.1094207 0.9972845 0.1094334 0.9973892 0.1081421 0.9973882 0.1094207 0.9972845 0.1081421 0.9973882 0.1081554 0.9972851 0.4441704 0.9894481 0.4440835 0.9892383 0.4453325 0.9892448 0.4441704 0.9894481 0.4453325 0.9892448 0.4453852 0.9894546 0.4772155 0.5423921 0.4773544 0.5423693 0.4773443 0.5434379 0.4772155 0.5423921 0.4773443 0.5434379 0.4772054 0.5434507 0.906744 0.5992009 0.9068775 0.5992102 0.9068894 0.6003109 0.906744 0.5992009 0.9068894 0.6003109 0.9067561 0.6003047 0.5850971 0.8398146 0.5860932 0.8398216 0.5861335 0.8399406 0.5850971 0.8398146 0.5861335 0.8399406 0.5851234 0.8399336 0.5154129 0.9881371 0.5140002 0.9881289 0.5139894 0.9878627 0.5154129 0.9881371 0.5139894 0.9878627 0.515385 0.9878708 0.9641329 0.5688396 0.9642089 0.5687806 0.9651212 0.5696944 0.9641329 0.5688396 0.9651212 0.5696944 0.9650638 0.5697712 0.4772818 0.575167 0.4771741 0.575182 0.4771746 0.574068 0.4772818 0.575167 0.4771746 0.574068 0.477281 0.5740823 0.5130662 0.5707055 0.5133122 0.5707668 0.5132895 0.5718529 0.5130662 0.5707055 0.5132895 0.5718529 0.5130438 0.5717715 0.7890351 0.8366104 0.7971155 0.8366104 0.7971124 0.8367691 0.7890351 0.8366104 0.7971124 0.8367691 0.789032 0.8367691 0.3012437 0.9156039 0.2959315 0.915542 0.2959296 0.9152448 0.3012437 0.9156039 0.2959296 0.9152448 0.3012418 0.9153066 0.8978074 0.7793539 0.8989168 0.7793614 0.8988873 0.7794861 0.8978074 0.7793539 0.8988873 0.7794861 0.8977873 0.7794786 0.4819452 0.5705025 0.4808605 0.5705021 0.480845 0.5703964 0.4819452 0.5705025 0.480845 0.5703964 0.4819605 0.5703951 0.2232928 0.9142228 0.2232912 0.9140731 0.2244634 0.9140716 0.2232928 0.9142228 0.2244634 0.9140716 0.224461 0.9142205 0.5139692 0.9892003 0.5139878 0.9889546 0.5153835 0.9889628 0.5139692 0.9892003 0.5153835 0.9889628 0.5153384 0.9892084 0.485243 0.5730325 0.4847006 0.5720929 0.4847877 0.5720265 0.485243 0.5730325 0.4847877 0.5720265 0.4853442 0.5729911 0.5974618 0.9894062 0.597544 0.9891966 0.5986006 0.9891846 0.5974618 0.9894062 0.5986006 0.9891846 0.5984904 0.9893946 0.9915893 0.8269876 0.9962098 0.8271179 0.9869688 0.8271179 0.9915893 0.8269876 0.9869688 0.8271179 0.9868385 0.8269876 0.8988438 0.7795932 0.8977578 0.7795857 0.8977873 0.7794786 0.8988438 0.7795932 0.8977873 0.7794786 0.8988873 0.7794861 0.5924708 0.8403649 0.5919261 0.8398228 0.6021772 0.8398228 0.5924708 0.8403649 0.6021772 0.8398228 0.6017553 0.8403649 0.1081181 0.987401 0.1081302 0.9874812 0.1068571 0.9878228 0.1081181 0.987401 0.1068571 0.9878228 0.1068248 0.9877467 0.9475588 0.7965871 0.9035049 0.7964909 0.9035049 0.7949037 0.9523791 0.9031546 0.9035049 0.9030474 0.9035049 0.9003975 0.9523791 0.9031546 0.9035049 0.9003975 0.9475588 0.9004936 0.9475588 0.7965871 0.9035049 0.7949037 0.9523806 0.7950108 0.9523791 0.9031546 0.9475588 0.9004936 0.9475588 0.7965871 0.9475588 0.7965871 0.9523806 0.7950108 0.9523791 0.9031546 0.5467155 0.5382199 0.5466791 0.5421287 0.545152 0.5421264 0.5467155 0.5382199 0.545152 0.5421264 0.5451886 0.5382184 0.1094461 0.9874829 0.1094341 0.9875783 0.1081428 0.9875771 0.1094461 0.9874829 0.1081428 0.9875771 0.1081302 0.9874812 0.4517884 0.9876481 0.4518722 0.987893 0.4508451 0.9879027 0.4517884 0.9876481 0.4508451 0.9879027 0.4507784 0.9876576 0.1586232 0.9946147 0.1585369 0.994682 0.1579791 0.9937185 0.1586232 0.9946147 0.1579791 0.9937185 0.1580806 0.9936751 0.4892041 0.9874064 0.4886487 0.9895947 0.4813781 0.9895947 0.4892041 0.9874064 0.4813781 0.9895947 0.480587 0.9874064 0.4771741 0.575182 0.4770819 0.5751952 0.4770814 0.5740582 0.4771741 0.575182 0.4770814 0.5740582 0.4771746 0.574068 0.9700287 0.5611977 0.9700659 0.5611069 0.9712063 0.5617659 0.9700287 0.5611977 0.9712063 0.5617659 0.9711474 0.5618438 0.5128681 0.569379 0.512876 0.5680121 0.5130903 0.5680238 0.5128681 0.569379 0.5130903 0.5680238 0.513082 0.5694271 0.8925663 0.7792202 0.8925741 0.7790868 0.8938215 0.7790817 0.8925663 0.7792202 0.8938215 0.7790817 0.8938169 0.7792152 0.4808339 0.5789472 0.4797359 0.5786522 0.4797715 0.578565 0.4808339 0.5789472 0.4797715 0.578565 0.4808461 0.578854 0.7930473 0.4909963 0.7921939 0.4909885 0.7921397 0.4908691 0.7930473 0.4909963 0.7921397 0.4908691 0.7930085 0.4908768 0.5139459 0.9874109 0.5139708 0.9876199 0.5125364 0.9876172 0.5139459 0.9874109 0.5125364 0.9876172 0.5125496 0.9874083 0.7920947 0.4905806 0.7921054 0.4904308 0.7929837 0.4904386 0.7920947 0.4905806 0.7929837 0.4904386 0.7929744 0.4905883 0.5148703 0.5693814 0.5146623 0.5694286 0.5146705 0.5680253 0.5148703 0.5693814 0.5146705 0.5680253 0.5148783 0.5680137 0.7973962 0.491001 0.7963179 0.491004 0.7963334 0.4908846 0.7973962 0.491001 0.7963334 0.4908846 0.7974273 0.4908823 0.1613768 0.987965 0.1603284 0.9882462 0.1602865 0.9881473 0.1613768 0.987965 0.1602865 0.9881473 0.1613613 0.9878595 0.04667788 0.2631464 0.04580271 0.2631438 0.04578322 0.262782 0.04667788 0.2631464 0.04578322 0.262782 0.04667693 0.2627737 0.2670882 0.8579124 0.2670889 0.8559976 0.2681223 0.8558934 0.2670882 0.8579124 0.2681223 0.8558934 0.268122 0.8578066 0.4773699 0.5414581 0.4775189 0.5414473 0.4775033 0.5423611 0.4773699 0.5414581 0.4775033 0.5423611 0.4773544 0.5423693 0.5133283 0.5651782 0.5135968 0.5651503 0.5136054 0.5665591 0.5133283 0.5651782 0.5136054 0.5665591 0.5133368 0.5665707 0.1126316 0.9895361 0.1117369 0.9886415 0.1117999 0.9885596 0.1126316 0.9895361 0.1117999 0.9885596 0.1127144 0.9894719 0.906744 0.5992009 0.9067561 0.6003047 0.9066225 0.6003109 0.906744 0.5992009 0.9066225 0.6003109 0.9066105 0.5992102 0.4777802 0.5445938 0.4777842 0.5457431 0.4776437 0.545754 0.4777802 0.5445938 0.4776437 0.545754 0.4776398 0.5445926 0.4776398 0.5445926 0.4776437 0.545754 0.4774933 0.5457578 0.4776398 0.5445926 0.4774933 0.5457578 0.4774901 0.5445922 0.8936424 0.7114024 0.8936324 0.7124636 0.8935252 0.7124186 0.8936424 0.7114024 0.8935252 0.7124186 0.8935348 0.7113698 0.1134496 0.9944153 0.1133602 0.9943763 0.1136941 0.9931306 0.1134496 0.9944153 0.1136941 0.9931306 0.1137908 0.9931439 0.9631321 0.5651096 0.9631321 0.5664267 0.9630498 0.5664365 0.9631321 0.5651096 0.9630498 0.5664365 0.9630498 0.5650976 0.4773412 0.5445926 0.4774901 0.5445922 0.4774933 0.5457578 0.4773412 0.5445926 0.4774933 0.5457578 0.4773443 0.5457543 0.5125209 0.9881261 0.5140002 0.9881289 0.5140042 0.9884076 0.5125209 0.9881261 0.5140042 0.9884076 0.5125185 0.9884047 0.2255852 0.9139149 0.224461 0.9139211 0.2244541 0.9137815 0.2255852 0.9139149 0.2244541 0.9137815 0.2255666 0.9137753 0.4775033 0.5423611 0.477653 0.5423689 0.4776437 0.5434379 0.4775033 0.5423611 0.4776437 0.5434379 0.4774933 0.543434 0.5141544 0.5651503 0.5141381 0.5639075 0.5144041 0.563951 0.5141544 0.5651503 0.5144041 0.563951 0.5144202 0.565179 0.1602879 0.9960269 0.1602509 0.9961148 0.1592662 0.9955451 0.1602879 0.9960269 0.1592662 0.9955451 0.1593233 0.9954704 0.9065076 0.6029408 0.9063997 0.60294 0.9063974 0.6016089 0.9065076 0.6029408 0.9063974 0.6016089 0.906505 0.6015933 0.4856323 0.5740668 0.4857243 0.5740558 0.4857251 0.5751932 0.4856323 0.5740668 0.4857251 0.5751932 0.4856316 0.5751809 0.175428 0.4577575 0.175428 0.3814188 0.1758887 0.3814529 0.175428 0.4577575 0.1758887 0.3814529 0.1758887 0.4577917 0.444944 0.8706837 0.4449409 0.8717868 0.3995003 0.8716766 0.444944 0.8706837 0.3995003 0.8716766 0.3995026 0.8709149 0.4808602 0.5787454 0.4798131 0.578464 0.479857 0.5783565 0.4808602 0.5787454 0.479857 0.5783565 0.4808759 0.5786294 0.4449409 0.8717868 0.444944 0.8728767 0.3995026 0.8724291 0.4449409 0.8717868 0.3995026 0.8724291 0.3995003 0.8716766 0.1603284 0.9882462 0.1593891 0.988788 0.1593222 0.9887034 0.1603284 0.9882462 0.1593222 0.9887034 0.1602865 0.9881473 0.7963334 0.4908846 0.7963179 0.491004 0.7951838 0.491004 0.7963334 0.4908846 0.7951838 0.491004 0.7951776 0.4908846 0.9731379 0.5664275 0.9731379 0.5651103 0.9732217 0.5650984 0.9731379 0.5664275 0.9732217 0.5650984 0.9732217 0.5664373 0.2643169 0.9429486 0.2561523 0.9429416 0.2561386 0.9408203 0.2643169 0.9429486 0.2561386 0.9408203 0.2569874 0.940821 0.2560476 0.9267655 0.2560455 0.9264421 0.2642097 0.926449 0.2643169 0.9429486 0.2569874 0.940821 0.2568962 0.9267663 0.2568962 0.9267663 0.2560476 0.9267655 0.2642097 0.926449 0.2568962 0.9267663 0.2642097 0.926449 0.2643169 0.9429486 0.2572194 0.8463243 0.2573773 0.8463889 0.2570332 0.8476966 0.2572194 0.8463243 0.2570332 0.8476966 0.256865 0.8476774 0.90814 0.554935 0.9093158 0.559535 0.9104931 0.5675439 0.9104931 0.5675439 0.9107038 0.5756366 0.9099443 0.5836961 0.9099443 0.5836961 0.9081465 0.5919725 0.9065149 0.5916176 0.9099443 0.5836961 0.9065149 0.5916176 0.9082915 0.5834391 0.90814 0.554935 0.9104931 0.5675439 0.9099443 0.5836961 0.9076765 0.5598634 0.9065443 0.5554343 0.90814 0.554935 0.9088268 0.5676869 0.9076765 0.5598634 0.90814 0.554935 0.9099443 0.5836961 0.9082915 0.5834391 0.9090319 0.5755791 0.9088268 0.5676869 0.90814 0.554935 0.9099443 0.5836961 0.9099443 0.5836961 0.9090319 0.5755791 0.9088268 0.5676869 0.9727982 0.5638378 0.9731379 0.5651103 0.9730418 0.5651235 0.9727982 0.5638378 0.9730418 0.5651235 0.9727066 0.5638759 0.2255914 0.9140646 0.2244634 0.9140716 0.224461 0.9139211 0.2255914 0.9140646 0.224461 0.9139211 0.2255852 0.9139149 0.4777842 0.5457431 0.4777935 0.5468214 0.477653 0.5468427 0.4777842 0.5457431 0.477653 0.5468427 0.4776437 0.545754 0.5097607 0.9886949 0.5097482 0.9884158 0.5110671 0.9884076 0.5097607 0.9886949 0.5110671 0.9884076 0.5110749 0.9886866 0.4770968 0.5467873 0.4772155 0.5468214 0.477231 0.5477547 0.4770968 0.5467873 0.477231 0.5477547 0.4771124 0.547705 0.5138846 0.56804 0.5138761 0.5694938 0.5135968 0.5694861 0.5138846 0.56804 0.5135968 0.5694861 0.5136054 0.5680377 0.1117999 0.9885596 0.1117369 0.9886415 0.110642 0.9880095 0.1117999 0.9885596 0.110642 0.9880095 0.1106825 0.9879118 0.4520022 0.8383175 0.4519968 0.8391103 0.4508402 0.8391103 0.4520022 0.8383175 0.4508402 0.8391103 0.4508455 0.8383175 0.9066326 0.6029416 0.90663 0.601584 0.9067637 0.6015802 0.9066326 0.6029416 0.9067637 0.6015802 0.9067663 0.6029424 0.1928535 0.4579655 0.1926161 0.4579686 0.1926161 0.3816329 0.1928535 0.4579655 0.1926161 0.3816329 0.1928535 0.3816267 0.5848163 0.9899864 0.5848148 0.9874061 0.5859133 0.9874139 0.5848163 0.9899864 0.5859133 0.9874139 0.5859149 0.9899943 0.5861335 0.8405185 0.5861615 0.8403788 0.5870007 0.8403885 0.5861335 0.8405185 0.5870007 0.8403885 0.5869651 0.8405281 0.5907855 0.9889534 0.5907436 0.9886868 0.5919941 0.9886957 0.5907855 0.9889534 0.5919941 0.9886957 0.5920221 0.9889621 0.1749812 0.4577203 0.1749812 0.3813846 0.175428 0.3814188 0.1749812 0.4577203 0.175428 0.3814188 0.175428 0.4577575 0.9498732 0.2975847 0.9498732 0.3739203 0.9483683 0.3739172 0.9498732 0.2975847 0.9483683 0.3739172 0.9483683 0.2975817 0.9074301 0.3657571 0.9074338 0.3655596 0.9075021 0.3653742 0.9075021 0.3653742 0.9076315 0.3652138 0.9078128 0.3650888 0.9078128 0.3650888 0.9080336 0.3650084 0.9082783 0.3649774 0.9082783 0.3649774 0.9085311 0.3649985 0.9087743 0.3650698 0.9087743 0.3650698 0.9089913 0.3651871 0.9091678 0.3653416 0.9091678 0.3653416 0.9092911 0.3655235 0.9093533 0.3657198 0.9093533 0.3657198 0.9093497 0.3659172 0.9092808 0.3661029 0.9092808 0.3661029 0.9091519 0.3662634 0.9089706 0.3663884 0.9089706 0.3663884 0.9087498 0.3664689 0.9085052 0.3664994 0.9085052 0.3664994 0.908252 0.3664783 0.9080087 0.366407 0.9080087 0.366407 0.9077916 0.3662897 0.9076153 0.3661352 0.9076153 0.3661352 0.9074923 0.3659533 0.9074301 0.3657571 0.9074301 0.3657571 0.9075021 0.3653742 0.9078128 0.3650888 0.9078128 0.3650888 0.9082783 0.3649774 0.9087743 0.3650698 0.9087743 0.3650698 0.9091678 0.3653416 0.9093533 0.3657198 0.9093533 0.3657198 0.9092808 0.3661029 0.9089706 0.3663884 0.9089706 0.3663884 0.9085052 0.3664994 0.9080087 0.366407 0.9080087 0.366407 0.9076153 0.3661352 0.9074301 0.3657571 0.9074301 0.3657571 0.9078128 0.3650888 0.9087743 0.3650698 0.9087743 0.3650698 0.9093533 0.3657198 0.9089706 0.3663884 0.9089706 0.3663884 0.9080087 0.366407 0.9074301 0.3657571 0.9087743 0.3650698 0.9089706 0.3663884 0.9074301 0.3657571 0.2244634 0.9140716 0.2232912 0.9140731 0.2232928 0.9139235 0.2244634 0.9140716 0.2232928 0.9139235 0.224461 0.9139211 0.4771746 0.574068 0.4770814 0.5740582 0.4773767 0.572958 0.4771746 0.574068 0.4773767 0.572958 0.4774623 0.572993 0.1047176 0.9956069 0.104785 0.9955537 0.1057159 0.9964868 0.1047176 0.9956069 0.1057159 0.9964868 0.1056644 0.9965538 0.4797704 0.5706844 0.480845 0.5703964 0.4808605 0.5705021 0.4797704 0.5706844 0.4808605 0.5705021 0.479811 0.5707843 0.5807853 0.8406391 0.5807403 0.8405185 0.5817332 0.8405119 0.5807853 0.8406391 0.5817332 0.8405119 0.5817613 0.8406321 0.2028904 0.9446464 0.2030285 0.9445425 0.2039842 0.945499 0.2028904 0.9446464 0.2039842 0.945499 0.2038802 0.9456354 0.8955268 0.669139 0.893639 0.6609861 0.8952652 0.660609 0.8952652 0.660609 0.8971756 0.6688601 0.8980447 0.676906 0.8980447 0.676906 0.8979449 0.684998 0.896878 0.6930199 0.896878 0.6930199 0.8952408 0.6998122 0.893639 0.6993343 0.896878 0.6930199 0.893639 0.6993343 0.8952346 0.6927134 0.8955268 0.669139 0.8952652 0.660609 0.8980447 0.676906 0.8963744 0.6769855 0.8955268 0.669139 0.8980447 0.676906 0.8980447 0.676906 0.896878 0.6930199 0.8952346 0.6927134 0.896277 0.684877 0.8963744 0.6769855 0.8980447 0.676906 0.8952346 0.6927134 0.896277 0.684877 0.8980447 0.676906 0.2212105 0.9144718 0.2203953 0.9144618 0.2203387 0.9143431 0.2212105 0.9144718 0.2203387 0.9143431 0.2211679 0.9143532 0.4839332 0.5713256 0.4829936 0.5707831 0.4830347 0.5706838 0.4839332 0.5713256 0.4830347 0.5706838 0.4839994 0.5712402 0.4772054 0.5434507 0.4772024 0.5445938 0.4770845 0.5445953 0.4772054 0.5434507 0.4770845 0.5445953 0.4770875 0.5434709 0.893907 0.7101736 0.8937734 0.710169 0.8937755 0.7088191 0.893907 0.7101736 0.8937755 0.7088191 0.8939092 0.7088191 0.2233067 0.9144804 0.2222044 0.914478 0.2221772 0.9143594 0.2233067 0.9144804 0.2221772 0.9143594 0.2232983 0.9143617 0.485243 0.5730325 0.4853442 0.5729911 0.4856323 0.5740668 0.485243 0.5730325 0.4856323 0.5740668 0.4855247 0.57408 0.4520022 0.8383175 0.4508455 0.8383175 0.4508495 0.8373726 0.4520022 0.8383175 0.4508495 0.8373726 0.4520061 0.837371 0.9571936 0.8721669 0.9571924 0.8721669 0.9571924 0.8576181 0.9571924 0.8517751 0.9571924 0.843071 0.9571928 0.8372278 0.9571936 0.8721669 0.9571924 0.8576181 0.9571924 0.8517751 0.9732289 0.8131883 0.9732286 0.8721591 0.9571936 0.8721669 0.9571928 0.8226791 0.9571928 0.8131961 0.9732289 0.8131883 0.9571924 0.8517751 0.9571928 0.8372278 0.9571928 0.8285238 0.9571928 0.8285238 0.9571928 0.8226791 0.9732289 0.8131883 0.9732289 0.8131883 0.9571936 0.8721669 0.9571924 0.8517751 0.9571924 0.8517751 0.9571928 0.8285238 0.9732289 0.8131883 0.5817332 0.8405119 0.5807403 0.8405185 0.5807124 0.8403788 0.5817332 0.8405119 0.5807124 0.8403788 0.5817148 0.8403719 0.6572658 0.003103554 0.6593198 0.005129873 0.6593199 0.4728353 0.6572658 0.003103554 0.6593199 0.4728353 0.6572659 0.4748999 0.5099445 0.9874187 0.5111842 0.9874109 0.5111353 0.9876199 0.5099445 0.9874187 0.5111353 0.9876199 0.5098615 0.9876279 0.8104624 0.6538859 0.8104609 0.6540688 0.802382 0.6540697 0.8104624 0.6538859 0.802382 0.6540697 0.8023805 0.6538859 0.9688061 0.5606822 0.9687937 0.5607664 0.9674764 0.560766 0.9688061 0.5606822 0.9674764 0.560766 0.9674655 0.5606822 0.1936897 0.4579003 0.1935051 0.457922 0.1935051 0.3815832 0.1936897 0.4579003 0.1935051 0.3815832 0.1936897 0.3815646 0.1579791 0.9937185 0.1578919 0.9937562 0.1575977 0.992657 0.1579791 0.9937185 0.1575977 0.992657 0.157691 0.9926428 0.5125201 0.9886839 0.5125185 0.9884047 0.5140042 0.9884076 0.5125201 0.9886839 0.5140042 0.9884076 0.5139995 0.9886866 0.1393442 0.9894339 0.1397492 0.9904078 0.1398857 0.9914538 0.1398857 0.9914538 0.1397492 0.9924991 0.1393457 0.9934738 0.1393457 0.9934738 0.1387034 0.9943107 0.137867 0.9949526 0.137867 0.9949526 0.1368927 0.995356 0.1358485 0.9954937 0.1358485 0.9954937 0.1348028 0.995356 0.1338284 0.9949526 0.1338284 0.9949526 0.1329906 0.9943107 0.1323482 0.9934738 0.1323482 0.9934738 0.1319448 0.9924994 0.1318067 0.9914538 0.1318067 0.9914538 0.1319432 0.9904081 0.1323482 0.9894335 0.1323482 0.9894335 0.1329906 0.9885964 0.1338269 0.9879546 0.1338269 0.9879546 0.1347996 0.9875512 0.1358454 0.9874135 0.1358454 0.9874135 0.1368911 0.9875512 0.1378656 0.987955 0.1378656 0.987955 0.1387034 0.9885969 0.1393442 0.9894339 0.1393442 0.9894339 0.1398857 0.9914538 0.1393457 0.9934738 0.1393457 0.9934738 0.137867 0.9949526 0.1358485 0.9954937 0.1358485 0.9954937 0.1338284 0.9949526 0.1323482 0.9934738 0.1323482 0.9934738 0.1318067 0.9914538 0.1323482 0.9894335 0.1323482 0.9894335 0.1338269 0.9879546 0.1358454 0.9874135 0.1358454 0.9874135 0.1378656 0.987955 0.1393442 0.9894339 0.1393442 0.9894339 0.1393457 0.9934738 0.1358485 0.9954937 0.1358485 0.9954937 0.1323482 0.9934738 0.1323482 0.9894335 0.1323482 0.9894335 0.1358454 0.9874135 0.1393442 0.9894339 0.1358485 0.9954937 0.1323482 0.9894335 0.1393442 0.9894339 0.8682718 0.3661943 0.8680888 0.3393213 0.8858044 0.3438823 0.8858354 0.3484036 0.8860728 0.348402 0.8860751 0.3487201 0.8682718 0.3661943 0.8858044 0.3438823 0.8858354 0.3484036 0.8869594 0.3497115 0.8870719 0.3661977 0.8682718 0.3661943 0.8858354 0.3484036 0.8860751 0.3487201 0.885854 0.3487212 0.885854 0.3487212 0.8869594 0.3497115 0.8682718 0.3661943 0.8858354 0.3484036 0.885854 0.3487212 0.8682718 0.3661943 0.4775033 0.5423611 0.4775189 0.5414473 0.4776692 0.5414581 0.4775033 0.5423611 0.4776692 0.5414581 0.477653 0.5423689 0.9898667 0.8168717 0.989855 0.8109391 0.9960434 0.8109391 0.9898667 0.8168717 0.9960434 0.8109391 0.9960551 0.8168717 0.938166 0.7660309 0.9391575 0.7660401 0.9391575 0.7670716 0.938166 0.7660309 0.9391575 0.7670716 0.9381676 0.7670626 0.5144285 0.5680338 0.5144286 0.5665715 0.5146705 0.5665917 0.5144285 0.5680338 0.5146705 0.5665917 0.5146705 0.5680253 0.4453325 0.9876644 0.4440835 0.9876576 0.4441704 0.9874456 0.4453325 0.9876644 0.4441704 0.9874456 0.4453852 0.987452 0.479811 0.5707843 0.4808605 0.5705021 0.4808743 0.5706189 0.479811 0.5707843 0.4808743 0.5706189 0.4798563 0.5708909 0.5976045 0.9878613 0.5976433 0.9881292 0.5963307 0.988138 0.5976045 0.9878613 0.5963307 0.988138 0.596309 0.9878702 0.5141544 0.5694868 0.5138761 0.5694938 0.5138846 0.56804 0.5141544 0.5694868 0.5138846 0.56804 0.5141629 0.5680385 0.4797353 0.570599 0.4797704 0.5706844 0.4788064 0.571241 0.4797353 0.570599 0.4788064 0.571241 0.4787493 0.5711687 0.4101256 0.9296483 0.4106904 0.9301893 0.4005122 0.9301893 0.4005122 0.9301893 0.4009079 0.9296483 0.405516 0.9296483 0.4005122 0.9301893 0.405516 0.9296483 0.4101256 0.9296483 0.7951744 0.4904463 0.795179 0.4903066 0.7963334 0.4903066 0.7951744 0.4904463 0.7963334 0.4903066 0.7963412 0.4904463 0.9483541 0.2402198 0.9500003 0.2404518 0.9500004 0.2626714 0.9483541 0.2402198 0.9500004 0.2626714 0.9483542 0.2629746 0.07571679 0.5927767 0.07571679 0.6793517 0.009401261 0.6795251 0.07571679 0.5927767 0.009401261 0.6795251 0.009401261 0.5929504 0.8275179 0.469494 0.6923247 0.4694879 0.6911953 0.4683603 0.8593964 0.4717169 0.8593963 0.006266474 0.8605227 0.005138576 0.8275179 0.469494 0.6911953 0.4683603 0.8286443 0.4683666 0.8275179 0.469494 0.8286443 0.4683666 0.8286474 0.4717155 0.8593964 0.4717169 0.8605227 0.005138576 0.8605228 0.4728444 0.8275179 0.472843 0.8275179 0.469494 0.8286474 0.4717155 0.8286474 0.4717155 0.8593964 0.4717169 0.8605228 0.4728444 0.8286474 0.4717155 0.8605228 0.4728444 0.8275179 0.472843 0.9333252 0.7670626 0.9323089 0.7670716 0.9323089 0.7660401 0.9333252 0.7670626 0.9323089 0.7660401 0.9333236 0.7660309 0.5139995 0.9886866 0.5140042 0.9884076 0.5154215 0.9884158 0.5139995 0.9886866 0.5154215 0.9884158 0.5154122 0.9886947 0.4789424 0.5778303 0.479857 0.5783565 0.4798131 0.578464 0.4789424 0.5778303 0.4798131 0.578464 0.4788734 0.5779213 0.3712201 0.9136757 0.3712201 0.9162561 0.3700889 0.91625 0.3712201 0.9136757 0.3700889 0.91625 0.3700906 0.9136696 0.8951698 0.7792136 0.8965321 0.7792152 0.896529 0.7793487 0.8951698 0.7792136 0.896529 0.7793487 0.8951698 0.7793473 0.5138761 0.5651402 0.5135968 0.5651503 0.5135805 0.5639067 0.5138761 0.5651402 0.5135805 0.5639067 0.5138596 0.5638928 0.9252009 0.4360762 0.926425 0.4360732 0.926425 0.4450636 0.9252009 0.4360762 0.926425 0.4450636 0.9252009 0.4450666 0.9175944 0.7739182 0.9179017 0.771714 0.9247195 0.772547 0.9175944 0.7739182 0.9247195 0.772547 0.9244157 0.7747519 0.4854083 0.5751507 0.4855243 0.5751658 0.4852431 0.5762143 0.4854083 0.5751507 0.4852431 0.5762143 0.4851362 0.5761687 0.4453852 0.9894546 0.4453325 0.9892448 0.4467211 0.9892483 0.4453852 0.9894546 0.4467211 0.9892483 0.4467397 0.989458 0.8939092 0.7088191 0.893907 0.7074568 0.8940404 0.7074615 0.8939092 0.7088191 0.8940404 0.7074615 0.8940424 0.7088191 0.4444105 0.8174201 0.4454499 0.8174155 0.4448696 0.8628794 0.4444105 0.8174201 0.4448696 0.8628794 0.4441514 0.8628832 0.4805326 0.9713576 0.9397692 0.9713576 0.9413735 0.9753642 0.4805326 0.9713576 0.9413735 0.9753642 0.4795924 0.9753642 0.9043504 0.9081367 0.9043558 0.9095332 0.9033648 0.9094915 0.9043504 0.9081367 0.9033648 0.9094915 0.9033595 0.9080951 0.4429029 0.6759812 0.4421744 0.6760267 0.4421736 0.6741397 0.4429029 0.6759812 0.4421736 0.6741397 0.4429021 0.6740942 0.8130701 0.4132443 0.8349544 0.4131077 0.8349544 0.4571574 0.8130701 0.4132443 0.8349544 0.4571574 0.8130701 0.4572924 0.5832045 0.53561 0.5813651 0.5357076 0.5813919 0.5272593 0.5832045 0.53561 0.5813919 0.5272593 0.5832315 0.5271292 0.930995 0.7434277 0.9721052 0.7435177 0.9721052 0.7598476 0.9232317 0.6505154 0.9721052 0.6506224 0.9721052 0.6671805 0.9232317 0.6505154 0.9721052 0.6671805 0.9309942 0.6670905 0.930995 0.7434277 0.9721052 0.7598476 0.9232317 0.7597405 0.9232317 0.6505154 0.9309942 0.6670905 0.930995 0.7434277 0.9232317 0.7597405 0.9232317 0.6505154 0.930995 0.7434277 0.4333655 0.9296589 0.4333655 0.9303136 0.4313764 0.9303136 0.4313764 0.9303136 0.4313749 0.9296597 0.4331792 0.9296589 0.4313764 0.9303136 0.4331792 0.9296589 0.4333655 0.9296589 0.5197694 0.5652801 0.5197694 0.5609486 0.5219592 0.5608326 0.5197694 0.5652801 0.5219592 0.5608326 0.5219592 0.5644927 0.2625108 0.8361237 0.2624986 0.8301941 0.268686 0.8301941 0.2625108 0.8361237 0.268686 0.8301941 0.2686991 0.8361237 0.203182 0.944423 0.2025319 0.9432963 0.2021953 0.9420397 0.2021953 0.9420397 0.2021953 0.9407384 0.2025335 0.9394822 0.2025335 0.9394822 0.2031837 0.938355 0.2041037 0.9453434 0.2041037 0.9453434 0.203182 0.944423 0.2021953 0.9420397 0.2021953 0.9420397 0.2025335 0.9394822 0.2041037 0.9453434 0.4009963 0.9900512 0.4009993 0.9874708 0.4022996 0.9874734 0.4009963 0.9900512 0.4022996 0.9874734 0.402296 0.9900536 0.5897535 0.4868884 0.5896481 0.5357626 0.5880438 0.5357626 0.5897535 0.4868884 0.5880438 0.5357626 0.58814 0.4917103 0.4830977 0.5357626 0.4804198 0.5357626 0.4805284 0.4868884 0.5897535 0.4868884 0.58814 0.4917103 0.4831939 0.4917103 0.4831939 0.4917103 0.4830977 0.5357626 0.4805284 0.4868884 0.4805284 0.4868884 0.5897535 0.4868884 0.4831939 0.4917103 0.9570089 0.7275775 0.9570089 0.7373907 0.9558244 0.7374089 0.9570089 0.7275775 0.9558244 0.7374089 0.9558244 0.7275954 0.8094851 0.9885566 0.8094851 0.9891601 0.8085805 0.9891679 0.8094851 0.9885566 0.8085805 0.9891679 0.8085805 0.9885644 0.6930125 0.4836879 0.6930125 0.4935026 0.6916689 0.4934975 0.6930125 0.4836879 0.6916689 0.4934975 0.6916689 0.4836832 0.386627 0.8173605 0.4355035 0.8173605 0.4356291 0.865639 0.386627 0.8173605 0.4356291 0.865639 0.3867526 0.865639 0.9523806 0.7950108 0.9523806 0.9031546 0.9523791 0.9031546 0.9132445 0.5544307 0.9132445 0.5544307 0.9132445 0.5544307 0.636658 0.4098823 0.636658 0.4539367 0.6142867 0.4539949 0.636658 0.4098823 0.6142867 0.4539949 0.6142867 0.4099398 0.7485703 0.9521073 0.7500861 0.9560914 0.7485803 0.9560914 0.7485703 0.9521073 0.7501009 0.9559114 0.7500861 0.9560914 0.2736871 0.8117858 0.2736871 0.8077397 0.3513059 0.8077397 0.2736871 0.8117858 0.3513059 0.8077397 0.3513059 0.8117858 0.9711474 0.5618438 0.9712063 0.5617659 0.9721387 0.5626971 0.9711474 0.5618438 0.9721387 0.5626971 0.9720612 0.5627572 0.5279938 0.6312794 0.528034 0.6357992 0.5203749 0.6357871 0.5279938 0.6312794 0.5203749 0.6357871 0.520335 0.6312673 0.6550288 0.526425 0.6550288 0.5253933 0.6562857 0.5253948 0.6550288 0.526425 0.6562857 0.5253948 0.6562857 0.5264264 0.4453852 0.987452 0.4467397 0.9874554 0.4467211 0.9876678 0.4453852 0.987452 0.4467211 0.9876678 0.4453325 0.9876644 0.789693 0.9560914 0.7697829 0.9560914 0.7693469 0.9558773 0.789693 0.9560914 0.7693469 0.9558773 0.7688969 0.9556787 0.7485703 0.9521073 0.7896829 0.9521073 0.789693 0.9560914 0.7501482 0.9557345 0.7501009 0.9559114 0.7485703 0.9521073 0.7502258 0.9555639 0.7501482 0.9557345 0.7485703 0.9521073 0.789693 0.9560914 0.7688969 0.9556787 0.7684346 0.9555018 0.789693 0.9560914 0.7684346 0.9555018 0.7679598 0.9553373 0.7503321 0.9554025 0.7502258 0.9555639 0.7485703 0.9521073 0.7504671 0.9552536 0.7503321 0.9554025 0.7485703 0.9521073 0.789693 0.9560914 0.7679598 0.9553373 0.767475 0.9551947 0.789693 0.9560914 0.767475 0.9551947 0.7669808 0.9550705 0.750626 0.9551202 0.7504671 0.9552536 0.7485703 0.9521073 0.7508084 0.9550023 0.750626 0.9551202 0.7485703 0.9521073 0.789693 0.9560914 0.7669808 0.9550705 0.7664789 0.9549619 0.789693 0.9560914 0.7664789 0.9549619 0.76597 0.954875 0.7510101 0.954903 0.7508084 0.9550023 0.7485703 0.9521073 0.7512273 0.9548223 0.7510101 0.954903 0.7485703 0.9521073 0.7485703 0.9521073 0.789693 0.9560914 0.76597 0.954875 0.7485703 0.9521073 0.76597 0.954875 0.7654564 0.9548068 0.7514569 0.9547665 0.7512273 0.9548223 0.7485703 0.9521073 0.7516943 0.9547292 0.7514569 0.9547665 0.7485703 0.9521073 0.7485703 0.9521073 0.7654564 0.9548068 0.7649382 0.9547571 0.7485703 0.9521073 0.7649382 0.9547571 0.7644177 0.9547292 0.7519363 0.9547168 0.7516943 0.9547292 0.7485703 0.9521073 0.7644177 0.9547292 0.7519363 0.9547168 0.7485703 0.9521073 0.9860594 0.06079423 0.9860594 0.05054795 0.9958736 0.05056655 0.9860594 0.06079423 0.9958736 0.05056655 0.9958736 0.06081604 0.3009214 0.9174478 0.2955707 0.9173854 0.2959315 0.915542 0.3009214 0.9174478 0.2959315 0.915542 0.3012437 0.9156039 0.1106423 0.996957 0.1106823 0.9970541 0.1094334 0.9973892 0.1106423 0.996957 0.1094334 0.9973892 0.1094207 0.9972845 0.4851358 0.5730766 0.4846088 0.5721634 0.4847006 0.5720929 0.4851358 0.5730766 0.4847006 0.5720929 0.485243 0.5730325 0.9699883 0.5702435 0.9700287 0.5703402 0.9687813 0.5706745 0.9699883 0.5702435 0.9687813 0.5706745 0.9687672 0.570571 0.9642089 0.5687806 0.9642927 0.568717 0.9651863 0.569611 0.9642089 0.5687806 0.9651863 0.569611 0.9651212 0.5696944 0.6015665 0.9619436 0.6020001 0.9617341 0.6219079 0.9617341 0.6219079 0.9617341 0.621932 0.9656283 0.5808256 0.9656283 0.5808256 0.9656283 0.5808014 0.9617341 0.5823065 0.9617341 0.5808256 0.9656283 0.5823065 0.9617341 0.5823228 0.9619095 0.6011181 0.9621344 0.6015665 0.9619436 0.6219079 0.9617341 0.6006573 0.9623097 0.6011181 0.9621344 0.6219079 0.9617341 0.5808256 0.9656283 0.5823228 0.9619095 0.5823717 0.9620801 0.5808256 0.9656283 0.5823717 0.9620801 0.5824508 0.9622477 0.6001841 0.962468 0.6006573 0.9623097 0.6219079 0.9617341 0.5997008 0.9626092 0.6001841 0.962468 0.6219079 0.9617341 0.5808256 0.9656283 0.5824508 0.9622477 0.5825586 0.9624044 0.5808256 0.9656283 0.5825586 0.9624044 0.5826944 0.9625517 0.5992081 0.9627317 0.5997008 0.9626092 0.6219079 0.9617341 0.598707 0.9628357 0.5992081 0.9627317 0.6219079 0.9617341 0.5808256 0.9656283 0.5826944 0.9625517 0.5828549 0.9626836 0.5808256 0.9656283 0.5828549 0.9626836 0.583038 0.9627985 0.5981988 0.9629226 0.598707 0.9628357 0.6219079 0.9617341 0.5976861 0.9629892 0.5981988 0.9629226 0.6219079 0.9617341 0.5808256 0.9656283 0.583038 0.9627985 0.5832405 0.9628947 0.5808256 0.9656283 0.5832405 0.9628947 0.5834584 0.9629737 0.5976861 0.9629892 0.6219079 0.9617341 0.5808256 0.9656283 0.5971686 0.9630373 0.5976861 0.9629892 0.5808256 0.9656283 0.5808256 0.9656283 0.5834584 0.9629737 0.5836881 0.9630296 0.5808256 0.9656283 0.5836881 0.9630296 0.5839263 0.9630637 0.596648 0.9630668 0.5971686 0.9630373 0.5808256 0.9656283 0.5808256 0.9656283 0.5839263 0.9630637 0.5841683 0.9630746 0.5841683 0.9630746 0.596648 0.9630668 0.5808256 0.9656283 0.7984202 0.4904386 0.7974475 0.490444 0.7974273 0.4903036 0.7984202 0.4904386 0.7974273 0.4903036 0.7983908 0.4902982 0.2673119 0.8489935 0.2674887 0.8490167 0.2671343 0.8503697 0.2673119 0.8489935 0.2671343 0.8503697 0.2669691 0.8503023 0.802382 0.6544621 0.8023805 0.6542659 0.8104609 0.6542659 0.802382 0.6544621 0.8104609 0.6542659 0.8104609 0.6544614 0.2614944 0.8434063 0.26024 0.8437498 0.2601655 0.843569 0.2614944 0.8434063 0.2601655 0.843569 0.2614713 0.8432126 0.8978074 0.7790868 0.8977873 0.7789627 0.8988873 0.7789703 0.8978074 0.7790868 0.8988873 0.7789703 0.8989168 0.7790946 0.9898424 0.5163646 0.9898424 0.4387614 0.9899944 0.4387645 0.9898424 0.5163646 0.9899944 0.4387645 0.9899944 0.5163677 0.4788069 0.5780085 0.4797715 0.578565 0.4797359 0.5786522 0.4788069 0.5780085 0.4797359 0.5786522 0.4787504 0.5780836 0.8045666 0.9885644 0.8054884 0.9885691 0.8054899 0.9891726 0.8045666 0.9885644 0.8054899 0.9891726 0.8045666 0.9891679 0.1216827 0.2937445 0.1216827 0.2859484 0.1238042 0.2859601 0.1216827 0.2937445 0.1238042 0.2859601 0.123804 0.2917674 0.1378614 0.2860381 0.1381851 0.2860401 0.1381851 0.2938361 0.1216827 0.2937445 0.123804 0.2917674 0.1378614 0.2918455 0.1378614 0.2918455 0.1378614 0.2860381 0.1381851 0.2938361 0.1216827 0.2937445 0.1378614 0.2918455 0.1381851 0.2938361 0.7971124 0.8375269 0.7890335 0.8375269 0.7890304 0.837345 0.7971124 0.8375269 0.7890304 0.837345 0.7971109 0.837345 0.808579 0.9874078 0.8094835 0.9874001 0.8094851 0.9885566 0.808579 0.9874078 0.8094851 0.9885566 0.8085805 0.9885644 0.9642927 0.5628205 0.9636596 0.5639157 0.963562 0.5638754 0.9642927 0.5628205 0.963562 0.5638754 0.9642089 0.5627564 0.1081284 0.9974863 0.1068569 0.9971451 0.1068947 0.9970535 0.1081284 0.9974863 0.1068947 0.9970535 0.1081421 0.9973882 0.9631321 0.5664267 0.9631321 0.5651096 0.9632298 0.5651227 0.9631321 0.5664267 0.9632298 0.5651227 0.9632298 0.5664142 0.9070134 0.6055234 0.9071193 0.60549 0.9071075 0.6065365 0.9070134 0.6055234 0.9071075 0.6065365 0.9070014 0.606583 0.1773347 0.4578755 0.1773347 0.3815367 0.1778358 0.3815584 0.1773347 0.4578755 0.1778358 0.3815584 0.1778358 0.4578941 0.9178817 0.512929 0.9178778 0.5142827 0.9177543 0.51429 0.9178817 0.512929 0.9177543 0.51429 0.9177582 0.5129259 0.9066326 0.6029416 0.90663 0.604293 0.906505 0.6042822 0.9066326 0.6029416 0.906505 0.6042822 0.9065076 0.6029408 0.8766282 0.7994461 0.8758795 0.7981126 0.879175 0.7981126 0.8766282 0.7994461 0.879175 0.7981126 0.8799235 0.7994461 0.4035699 0.9874708 0.4047242 0.9874637 0.4047211 0.9900439 0.4035699 0.9874708 0.4047211 0.9900439 0.4035663 0.9900512 0.4495418 0.9876644 0.4495821 0.9879094 0.4481717 0.987913 0.4495418 0.9876644 0.4481717 0.987913 0.4481562 0.9876678 0.507115 0.5813339 0.4981754 0.5811935 0.4981754 0.5671371 0.507115 0.5813339 0.4981754 0.5671371 0.507115 0.5672774 0.6094253 0.005767703 0.6104492 0.003440439 0.6104492 0.006788611 0.4825631 0.006782412 0.4825631 0.003431081 0.4835839 0.005758404 0.4835839 0.005758404 0.6094253 0.005767703 0.6104492 0.006788611 0.4835839 0.005758404 0.6104492 0.006788611 0.4825631 0.006782412 0.1581879 0.993631 0.1580806 0.9936751 0.1578 0.9926267 0.1581879 0.993631 0.1578 0.9926267 0.1579148 0.992612 0.4749265 0.6960436 0.4749287 0.6589543 0.4756273 0.6582554 0.4722856 0.5285774 0.4722782 0.6582558 0.4715871 0.5278789 0.4722856 0.5285774 0.4715871 0.5278789 0.4749363 0.5278789 0.4749265 0.6960436 0.4756273 0.6582554 0.4756251 0.6967417 0.003106772 0.696044 0.4749265 0.6960436 0.4756251 0.6967417 0.4756347 0.5285774 0.4722856 0.5285774 0.4749363 0.5278789 0.4756347 0.5285774 0.4749363 0.5278789 0.4749382 0.4907897 0.003106772 0.696044 0.4756251 0.6967417 0.002407014 0.6967417 0.003118574 0.4907905 0.003106772 0.696044 0.002407014 0.6967417 0.4756369 0.4900916 0.4756347 0.5285774 0.4749382 0.4907897 0.003118574 0.4907905 0.002407014 0.6967417 0.002419233 0.490092 0.4756369 0.4900916 0.4749382 0.4907897 0.003118574 0.4907905 0.003118574 0.4907905 0.002419233 0.490092 0.4756369 0.4900916 0.803808 0.9885566 0.8038066 0.9874001 0.8045652 0.9874078 0.803808 0.9885566 0.8045652 0.9874078 0.8045666 0.9885644 0.9921094 0.2259395 0.9898832 0.2259273 0.9898832 0.2182325 0.9921094 0.2259395 0.9898832 0.2182325 0.9921094 0.2182449 0.1098567 0.8752433 0.1098567 0.8719043 0.1975528 0.8719043 0.1098567 0.8752433 0.1975528 0.8719043 0.1975528 0.8752433 0.9731379 0.5664275 0.9727982 0.5676993 0.9727066 0.5676628 0.9731379 0.5664275 0.9727066 0.5676628 0.9730418 0.566415 0.4567385 0.9874073 0.4622628 0.9874073 0.462283 0.9906311 0.4567385 0.9874073 0.462283 0.9906311 0.4567587 0.9906311 0.9948983 0.3113825 0.9948983 0.3040453 0.9971245 0.3040562 0.9948983 0.3113825 0.9971245 0.3040562 0.9971245 0.3113934 0.9582896 0.7275632 0.9582896 0.7373763 0.9570089 0.7373907 0.9582896 0.7275632 0.9570089 0.7373907 0.9570089 0.7275775 0.7842106 0.8373489 0.7761317 0.8373481 0.7761317 0.8371527 0.7842106 0.8373489 0.7761317 0.8371527 0.784209 0.8371527 0.8082627 0.01293373 0.8082627 0.4610241 0.6652577 0.4601367 0.8082627 0.01293373 0.6652577 0.4601367 0.6652576 0.01204627 0.788502 0.9885554 0.7876511 0.9885702 0.7876506 0.9874136 0.788502 0.9885554 0.7876506 0.9874136 0.7885016 0.9873996 0.4772024 0.5445938 0.4773412 0.5445926 0.4773443 0.5457543 0.4772024 0.5445938 0.4773443 0.5457543 0.4772054 0.5457435 0.5247924 0.9921791 0.5214732 0.9921752 0.5214732 0.9874104 0.5247924 0.9921791 0.5214732 0.9874104 0.5247924 0.9874151 0.4519968 0.8334084 0.4520022 0.8342866 0.4508455 0.8342866 0.4519968 0.8334084 0.4508455 0.8342866 0.4508402 0.83341 0.5934619 0.9894188 0.5921276 0.9894145 0.5920671 0.9892052 0.5934619 0.9894188 0.5920671 0.9892052 0.5934371 0.9892096 0.4756273 0.6582554 0.4749287 0.6589543 0.4715796 0.658955 0.4715796 0.658955 0.4715871 0.5278789 0.4722782 0.6582558 0.4715796 0.658955 0.4722782 0.6582558 0.4756273 0.6582554 0.9722055 0.5688903 0.9712591 0.5698371 0.9712063 0.5697716 0.9722055 0.5688903 0.9712063 0.5697716 0.9721372 0.5688403 0.9975995 0.5382491 0.9975995 0.5463419 0.9898462 0.5463232 0.9975995 0.5382491 0.9898462 0.5463232 0.9898462 0.5382304 0.7761412 0.798115 0.8546916 0.798115 0.8547506 0.8042597 0.7761412 0.798115 0.8547506 0.8042597 0.7761994 0.8042597 0.8915632 0.9200922 0.8915632 0.9200934 0.8908457 0.9200922 0.8915632 0.9200922 0.8908457 0.9200922 0.8908457 0.9200915 0.802382 0.6547996 0.802382 0.6546437 0.8104624 0.6546437 0.802382 0.6547996 0.8104624 0.6546437 0.8104624 0.6547996 0.9519334 0.7915546 0.9500535 0.7915577 0.9500535 0.782458 0.9519334 0.7915546 0.9500535 0.782458 0.9519334 0.782454 0.4876109 0.6294428 0.4876109 0.599197 0.4931354 0.5992095 0.4876109 0.6294428 0.4931354 0.5992095 0.4931354 0.6294544 0.9251914 0.4515864 0.9251914 0.4534994 0.924819 0.453501 0.9251914 0.4515864 0.924819 0.453501 0.924819 0.451588 0.03855925 0.4732636 0.03855925 0.4699147 0.1815437 0.4699212 0.03855925 0.4732636 0.1815437 0.4699212 0.1815406 0.4732702 0.002408206 0.484197 0.01334255 0.4732625 0.03855925 0.4732636 0.04949361 0.4808501 0.04949361 0.4841991 0.002408206 0.484197 0.2176948 0.4842067 0.1706094 0.4842045 0.1706063 0.4808557 0.04949361 0.4808501 0.002408206 0.484197 0.03855925 0.4732636 0.1706063 0.4808557 0.04949361 0.4808501 0.03855925 0.4732636 0.03855925 0.4732636 0.1815406 0.4732702 0.2067604 0.4732713 0.2067604 0.01335293 0.01334255 0.01334542 0.002408206 0.002409338 0.1706063 0.4808557 0.03855925 0.4732636 0.2067604 0.4732713 0.2067604 0.01335293 0.002408206 0.002409338 0.2176947 0.002419412 0.2176948 0.4842067 0.1706063 0.4808557 0.2067604 0.4732713 0.2067604 0.4732713 0.2067604 0.01335293 0.2176947 0.002419412 0.2067604 0.4732713 0.2176947 0.002419412 0.2176948 0.4842067 0.8900102 0.374743 0.8900102 0.3755313 0.8897388 0.3755293 0.8900102 0.374743 0.8897388 0.3755293 0.8897388 0.3747407 0.810464 0.6537275 0.8104624 0.6538859 0.8023805 0.6538859 0.810464 0.6537275 0.8023805 0.6538859 0.8023836 0.6537275 0.9179017 0.771714 0.9181882 0.7695059 0.9250061 0.7703396 0.9179017 0.771714 0.9250061 0.7703396 0.9247195 0.772547 0.06749284 0.9940764 0.05485087 0.9940764 0.05480974 0.9874109 0.06749284 0.9940764 0.05480974 0.9874109 0.06745171 0.9874109 0.01814681 0.4657644 0.01866811 0.4644325 0.1377921 0.4644325 0.01814681 0.4657644 0.1377921 0.4644325 0.1385415 0.4657644 0.7929837 0.4904386 0.7930085 0.4902982 0.794045 0.4903036 0.7929837 0.4904386 0.794045 0.4903036 0.7940295 0.490444 0.9860674 0.09866422 0.9861931 0.09878987 0.9861923 0.1085095 0.9861923 0.1085095 0.995915 0.1085095 0.9960407 0.1086351 0.9860665 0.1086351 0.9860674 0.09866422 0.9861923 0.1085095 0.9861923 0.1085095 0.9960407 0.1086351 0.9860665 0.1086351 0.139804 0.3173649 0.139804 0.4585394 0.01815772 0.4583726 0.01815772 0.4583726 0.01815772 0.2751297 0.1129304 0.2752601 0.1129301 0.3173277 0.139804 0.3173649 0.01815772 0.4583726 0.01815772 0.4583726 0.1129304 0.2752601 0.1129301 0.3173277 0.1652185 0.9946165 0.1657611 0.993676 0.165861 0.9937187 0.1652185 0.9946165 0.165861 0.9937187 0.1653043 0.9946825 0.1818645 0.927238 0.14023 0.927238 0.138701 0.9232454 0.1818645 0.927238 0.138701 0.9232454 0.182933 0.9232454 0.6955285 0.9554509 0.6452711 0.9554509 0.6452711 0.9521108 0.6955285 0.9554509 0.6452711 0.9521108 0.6963756 0.9521115 0.597544 0.9891966 0.5962718 0.9892052 0.596309 0.9889621 0.597544 0.9891966 0.596309 0.9889621 0.5976061 0.9889534 0.3377295 0.9521211 0.3457834 0.9521211 0.3457649 0.9554606 0.3377295 0.9521211 0.3457649 0.9554606 0.3377109 0.9554606 0.2627953 0.843399 0.2614944 0.8434063 0.2614713 0.8432126 0.2627953 0.843399 0.2614713 0.8432126 0.2628237 0.8432052 0.2682867 0.4795808 0.2682859 0.48293 0.2678748 0.4825188 0.4360387 0.002833187 0.2229132 0.002820491 0.2225021 0.002410233 0.2682867 0.4795808 0.2678748 0.4825188 0.2678756 0.4791696 0.4360387 0.002833187 0.2225021 0.002410233 0.4364498 0.002421617 0.3906672 0.4795878 0.2682867 0.4795808 0.2678756 0.4791696 0.4360399 0.4825281 0.4360387 0.002833187 0.4364498 0.002421617 0.3906672 0.4795878 0.2678756 0.4791696 0.3910784 0.4791767 0.3906672 0.4795878 0.3910784 0.4791767 0.3910784 0.4825256 0.4360399 0.4825281 0.4364498 0.002421617 0.4364506 0.4829393 0.3906672 0.4829367 0.3906672 0.4795878 0.3910784 0.4825256 0.3910784 0.4825256 0.4360399 0.4825281 0.4364506 0.4829393 0.4364506 0.4829393 0.3906672 0.4829367 0.3910784 0.4825256 0.4779052 0.5457264 0.4779145 0.5467869 0.4777935 0.5468214 0.4779052 0.5457264 0.4777935 0.5468214 0.4777842 0.5457431 0.6439346 0.4337667 0.6440286 0.4420821 0.641803 0.4421171 0.6439346 0.4337667 0.641803 0.4421171 0.6417092 0.4338018 0.4507784 0.9892383 0.4495402 0.9892448 0.4495821 0.9890014 0.4507784 0.9892383 0.4495821 0.9890014 0.4508451 0.9889946 0.5011253 0.5552793 0.5010572 0.5552793 0.4983505 0.5552788 0.4983505 0.5552788 0.4983505 0.5510576 0.5011253 0.5510581 0.4983505 0.5552788 0.5011253 0.5510581 0.5011253 0.5552793 0.8368187 0.4812583 0.8368188 0.4804701 0.8371058 0.4804658 0.8368187 0.4812583 0.8371058 0.4804658 0.8371056 0.4812541 0.8545718 0.2109981 0.8545718 0.221381 0.8447584 0.2213562 0.8545718 0.2109981 0.8447584 0.2213562 0.8447584 0.2109702 0.7971109 0.8369525 0.7890304 0.8369526 0.789032 0.8367691 0.7971109 0.8369525 0.789032 0.8367691 0.7971124 0.8367691 0.581365 0.4974035 0.5813917 0.5040822 0.5810944 0.5040806 0.581365 0.4974035 0.5810944 0.5040806 0.5810676 0.4974018 0.9841792 0.8198081 0.9841792 0.6922329 0.9850286 0.6922345 0.9841792 0.8198081 0.9850286 0.6922345 0.9850286 0.8198097 0.7922571 0.9007745 0.7958005 0.9007753 0.7958005 0.9055393 0.7922571 0.9007745 0.7958005 0.9055393 0.7922571 0.9055377 0.4612056 0.8596084 0.460775 0.8141507 0.4614666 0.8141545 0.4612056 0.8596084 0.4614666 0.8141545 0.462207 0.8596146 0.9860864 0.01845109 0.9963327 0.01845109 0.996311 0.02826535 0.9860864 0.01845109 0.996311 0.02826535 0.9860646 0.02826535 0.8523622 0.3135762 0.8130805 0.3136615 0.8130804 0.2270838 0.8523622 0.3135762 0.8130804 0.2270838 0.8523622 0.2269979 0.4668399 0.9544349 0.4664257 0.9560524 0.4643517 0.9555221 0.4668399 0.9544349 0.4643517 0.9555221 0.4647658 0.9539044 0.5919941 0.988138 0.5920205 0.9878702 0.5934184 0.9878746 0.5919941 0.988138 0.5934184 0.9878746 0.5934076 0.9881424 0.002408206 0.002409338 0.01334255 0.01334542 0.01334255 0.4732625 0.002408206 0.002409338 0.01334255 0.4732625 0.002408206 0.484197 0.2023636 0.8718975 0.2184056 0.8718975 0.2184023 0.874216 0.2184023 0.874216 0.2050071 0.874216 0.2050071 0.8741912 0.2050071 0.8741912 0.2023618 0.8741912 0.2023643 0.872445 0.2023643 0.872445 0.202363 0.872445 0.2023636 0.8718975 0.2023636 0.8718975 0.2184023 0.874216 0.2050071 0.8741912 0.2050071 0.8741912 0.2023643 0.872445 0.2023636 0.8718975 0.7952452 0.9880154 0.7963002 0.988013 0.7963026 0.9891696 0.7952452 0.9880154 0.7963026 0.9891696 0.7952474 0.9891712 0.9921209 0.168358 0.9898947 0.1683706 0.9898589 0.1596518 0.9921209 0.168358 0.9898589 0.1596518 0.9920852 0.1596391 0.1698183 0.2605587 0.1690425 0.2605479 0.1690418 0.2590973 0.1698183 0.2605587 0.1690418 0.2590973 0.1698175 0.2591066 0.2673052 0.8476414 0.2674825 0.8476197 0.2674887 0.8490167 0.2673052 0.8476414 0.2674887 0.8490167 0.2673119 0.8489935 0.2091214 0.9461753 0.2102928 0.9454993 0.2103998 0.9456358 0.2091214 0.9461753 0.2103998 0.9456358 0.2091897 0.9463347 0.9156689 0.7203429 0.915534 0.7115714 0.9177595 0.7115364 0.9156689 0.7203429 0.9177595 0.7115364 0.9178944 0.7203079 0.6565678 0.4755985 0.6565677 0.002404093 0.6572658 0.003103554 0.6565678 0.4755985 0.6572658 0.003103554 0.6572659 0.4748999 0.8625613 0.4749093 0.8632594 0.4756078 0.8247658 0.4756061 0.8254639 0.4749075 0.8625613 0.4749093 0.8247658 0.4756061 0.8254639 0.4749075 0.8247658 0.4756061 0.8247658 0.4722571 0.6565678 0.4755985 0.6572659 0.4748999 0.6943632 0.4749016 0.8254639 0.4715586 0.8254639 0.4749075 0.8247658 0.4722571 0.6950614 0.4756002 0.6565678 0.4755985 0.6943632 0.4749016 0.8254639 0.4715586 0.8247658 0.4722571 0.6950614 0.4722513 0.6950614 0.4722513 0.6950614 0.4756002 0.6943632 0.4749016 0.6943632 0.4715527 0.8254639 0.4715586 0.6950614 0.4722513 0.6943632 0.4749016 0.6943632 0.4715527 0.6950614 0.4722513 0.7713188 0.8413742 0.6282828 0.8410578 0.6282827 0.6473141 0.7713188 0.8413742 0.6282827 0.6473141 0.7713188 0.6476306 0.2472085 0.9874073 0.2478086 0.9874787 0.247814 0.9874796 0.247814 0.9874796 0.247814 0.9894027 0.2367252 0.9894027 0.2367252 0.9894027 0.2367252 0.9874073 0.2472085 0.9874073 0.247814 0.9874796 0.2367252 0.9894027 0.2472085 0.9874073 0.2225021 0.4829273 0.2225021 0.002410233 0.2229132 0.002820491 0.2229136 0.4825163 0.2678748 0.4825188 0.2682859 0.48293 0.2225021 0.4829273 0.2229132 0.002820491 0.2229136 0.4825163 0.2225021 0.4829273 0.2229136 0.4825163 0.2682859 0.48293 0.7477913 0.9874094 0.7520133 0.9874094 0.7520136 0.9901474 0.7520136 0.9901474 0.7520136 0.9901835 0.7477915 0.9901835 0.7520136 0.9901474 0.7477915 0.9901835 0.7477913 0.9874094 0.2044774 0.918378 0.2011442 0.9183763 0.2011442 0.9136117 0.2044774 0.918378 0.2011442 0.9136117 0.2044774 0.9136132 0.9304602 0.3411038 0.9217218 0.3392918 0.9322746 0.3392918 0.9322746 0.3498135 0.9217218 0.3498135 0.9304602 0.3479983 0.9304602 0.3479983 0.9304602 0.3411038 0.9322746 0.3392918 0.9304602 0.3479983 0.9322746 0.3392918 0.9322746 0.3498135 0.1057161 0.988481 0.1047848 0.9894123 0.1047179 0.989363 0.1057161 0.988481 0.1047179 0.989363 0.1056646 0.9884163 0.9936548 0.8877575 0.986842 0.8877753 0.986842 0.8751319 0.9936548 0.8877575 0.986842 0.8751319 0.9936548 0.875114 0.9920699 0.2425105 0.9898436 0.2424981 0.98987 0.2339968 0.9920699 0.2425105 0.98987 0.2339968 0.9920962 0.2340092 0.9974558 0.2245858 0.997138 0.224588 0.9970103 0.2029826 0.9974558 0.2245858 0.9970103 0.2029826 0.9973281 0.2029806 0.9647734 0.701919 0.9665521 0.6932093 0.9677332 0.6896613 0.9677332 0.6896613 0.9708886 0.6907126 0.9698337 0.6938804 0.9677332 0.6896613 0.9698337 0.6938804 0.9680956 0.7023928 0.9640496 0.7107788 0.9647734 0.701919 0.9677332 0.6896613 0.9657924 0.7284407 0.9643912 0.719662 0.9640496 0.7107788 0.9710479 0.7364675 0.9677812 0.7372079 0.9657924 0.7284407 0.9690831 0.7278061 0.9710479 0.7364675 0.9657924 0.7284407 0.9657924 0.7284407 0.9640496 0.7107788 0.9677332 0.6896613 0.9677332 0.6896613 0.9680956 0.7023928 0.9674044 0.7108519 0.9677303 0.7193331 0.9690831 0.7278061 0.9657924 0.7284407 0.9657924 0.7284407 0.9677332 0.6896613 0.9674044 0.7108519 0.9674044 0.7108519 0.9677303 0.7193331 0.9657924 0.7284407 0.7228482 0.4818741 0.7260141 0.4818679 0.7260668 0.4852066 0.7260668 0.4852066 0.7200732 0.4852175 0.7200003 0.4805942 0.7200003 0.4805942 0.7227752 0.4772564 0.7228482 0.4818741 0.7228482 0.4818741 0.7260668 0.4852066 0.7200003 0.4805942 0.7971093 0.8371492 0.7890304 0.8371493 0.7890304 0.8369526 0.7971093 0.8371492 0.7890304 0.8369526 0.7971109 0.8369525 0.9575429 0.8976977 0.957549 0.8985494 0.9571968 0.8985494 0.9575429 0.8976977 0.9571968 0.8985494 0.9571906 0.8976985 0.186078 0.9320976 0.1939932 0.9290745 0.1944521 0.9300903 0.186078 0.9320976 0.1944521 0.9300903 0.1864127 0.9331611 0.7144156 0.4772564 0.7170625 0.4805942 0.7171354 0.4852175 0.7171354 0.4852175 0.7116352 0.4852066 0.7115824 0.4818679 0.7144885 0.4818741 0.7144156 0.4772564 0.7171354 0.4852175 0.7171354 0.4852175 0.7115824 0.4818679 0.7144885 0.4818741 0.4680209 0.7360727 0.4715029 0.7395619 0.4714953 0.8700233 0.4680209 0.7360727 0.4714953 0.8700233 0.468013 0.873493 0.5794985 0.5115258 0.5794851 0.5042914 0.5810944 0.5040806 0.5794985 0.5115258 0.5810944 0.5040806 0.5811077 0.5113536 0.8935348 0.7062404 0.8935252 0.7051636 0.8936324 0.7051187 0.8935348 0.7062404 0.8936324 0.7051187 0.8936424 0.7062094 0.780347 0.6517668 0.7761307 0.6517668 0.7761415 0.6505183 0.780347 0.6517668 0.7761415 0.6505183 0.7804571 0.6505183 0.9812513 0.003415226 0.9812513 0.13176 0.9770579 0.1307181 0.9812513 0.003415226 0.9770579 0.1307181 0.9770579 0.004905521 0.3301839 0.9521351 0.3301653 0.9554745 0.3232365 0.9555025 0.3301839 0.9521351 0.3232365 0.9555025 0.323255 0.9521623 0.4851358 0.5730766 0.485243 0.5730325 0.4855247 0.57408 0.4851358 0.5730766 0.4855247 0.57408 0.4854087 0.5740956 0.3301839 0.9521351 0.3377295 0.9521211 0.3377109 0.9554606 0.3301839 0.9521351 0.3377109 0.9554606 0.3301653 0.9554745 0.5828441 0.8405084 0.5840017 0.8405084 0.5839939 0.8406286 0.5828441 0.8405084 0.5839939 0.8406286 0.5828551 0.8406286 0.7600556 0.4815313 0.7690437 0.4813924 0.7690964 0.4847311 0.7600556 0.4815313 0.7690964 0.4847311 0.7601084 0.48487 0.163511 0.9882451 0.163551 0.9881469 0.164516 0.9887036 0.163511 0.9882451 0.164516 0.9887036 0.1644498 0.9887889 0.8447592 0.2057865 0.8447592 0.01204299 0.8502838 0.01205539 0.8447592 0.2057865 0.8502838 0.01205539 0.8502838 0.205799 0.7566782 0.4914537 0.7566782 0.4944904 0.7553129 0.4944904 0.7640728 0.4900889 0.7640728 0.4944904 0.7627075 0.4944904 0.7640728 0.4900889 0.7627075 0.4944904 0.7627075 0.4914537 0.7566782 0.4914537 0.7553129 0.4944904 0.7553129 0.4900889 0.7640728 0.4900889 0.7627075 0.4914537 0.7566782 0.4914537 0.7566782 0.4914537 0.7553129 0.4900889 0.7640728 0.4900889 0.9174758 0.5155879 0.9174872 0.5142897 0.917621 0.5142924 0.9174758 0.5155879 0.917621 0.5142924 0.9176095 0.5155941 0.1099773 0.9424948 0.1970953 0.9424948 0.1971161 0.9456623 0.1122243 0.9456623 0.1099981 0.9456623 0.1099773 0.9424948 0.1971161 0.9456623 0.1122243 0.9456623 0.1099773 0.9424948 0.1991241 0.01846903 0.2004055 0.01847797 0.2004055 0.1187805 0.1991241 0.01846903 0.2004055 0.1187805 0.1991241 0.1187712 0.37941 0.9360743 0.4643132 0.9360743 0.4643229 0.9393169 0.4643229 0.9393169 0.3771928 0.9393169 0.3771836 0.9360743 0.37941 0.9360743 0.4643229 0.9393169 0.3771836 0.9360743 0.8617427 0.9890818 0.8591874 0.9890818 0.8591873 0.987412 0.8591873 0.987412 0.859197 0.987412 0.8608453 0.987412 0.8608453 0.987412 0.8617426 0.987412 0.8617427 0.9890818 0.8591873 0.987412 0.8608453 0.987412 0.8617427 0.9890818 0.4466993 0.9881806 0.4467071 0.987913 0.4481717 0.987913 0.4466993 0.9881806 0.4481717 0.987913 0.448181 0.9881806 0.5337215 0.6313083 0.5364893 0.6313275 0.5365294 0.6358473 0.5337215 0.6313083 0.5365294 0.6358473 0.5337616 0.635828 0.1635528 0.9960268 0.1645167 0.9954702 0.1645727 0.9955459 0.1635528 0.9960268 0.1645727 0.9955459 0.1635876 0.9961143 0.7456303 0.4994456 0.7421298 0.4992213 0.7352615 0.4983658 0.7039051 0.4842192 0.6974089 0.4784792 0.6976549 0.4782006 0.7039051 0.4842192 0.6976549 0.4782006 0.7041345 0.4839262 0.8041572 0.4784552 0.7855046 0.4894223 0.777746 0.4934189 0.7853238 0.4890975 0.8039706 0.4781334 0.8041572 0.4784552 0.7853238 0.4890975 0.8041572 0.4784552 0.777746 0.4934189 0.7110486 0.4891459 0.7039051 0.4842192 0.7041345 0.4839262 0.7110486 0.4891459 0.7041345 0.4839262 0.7112413 0.4888272 0.7775956 0.4930782 0.7853238 0.4890975 0.777746 0.4934189 0.7695021 0.4960857 0.7775956 0.4930782 0.777746 0.4934189 0.7187305 0.4931821 0.7110486 0.4891459 0.7112413 0.4888272 0.7187305 0.4931821 0.7112413 0.4888272 0.7188836 0.4928426 0.7695021 0.4960857 0.777746 0.4934189 0.7696106 0.4964416 0.7611069 0.498103 0.7695021 0.4960857 0.7696106 0.4964416 0.7268403 0.4962702 0.7187305 0.4931821 0.7188836 0.4928426 0.7268403 0.4962702 0.7188836 0.4928426 0.7269518 0.4959147 0.7611069 0.498103 0.7696106 0.4964416 0.7611719 0.4984696 0.7525309 0.4991015 0.7611069 0.498103 0.7611719 0.4984696 0.7352615 0.4983658 0.7268403 0.4962702 0.7269518 0.4959147 0.7352615 0.4983658 0.7269518 0.4959147 0.7353297 0.4979996 0.7525309 0.4991015 0.7611719 0.4984696 0.7525515 0.4994735 0.7456429 0.499074 0.7525309 0.4991015 0.7525515 0.4994735 0.7456303 0.4994456 0.7352615 0.4983658 0.7353297 0.4979996 0.7456303 0.4994456 0.7353297 0.4979996 0.7421646 0.4988513 0.7456429 0.499074 0.7525515 0.4994735 0.7456303 0.4994456 0.7421646 0.4988513 0.7456429 0.499074 0.7456303 0.4994456 0.594521 0.5276492 0.5945057 0.5254229 0.5971028 0.5254422 0.5971028 0.5254422 0.5971325 0.5297613 0.5955588 0.5319718 0.5955294 0.5276566 0.594521 0.5276492 0.5971028 0.5254422 0.5971028 0.5254422 0.5955588 0.5319718 0.5955294 0.5276566 0.2669691 0.8503023 0.2671343 0.8503697 0.2664423 0.8515847 0.2669691 0.8503023 0.2664423 0.8515847 0.2663004 0.8514778 0.9500047 0.4532925 0.9499961 0.4606649 0.9477691 0.4606692 0.9500047 0.4532925 0.9477691 0.4606692 0.9477785 0.4532927 0.4555407 0.6440425 0.4597552 0.6439895 0.4619752 0.6455506 0.4619752 0.6455506 0.4577639 0.6456034 0.4568517 0.6449629 0.4619752 0.6455506 0.4568517 0.6449629 0.4555407 0.6440425 0.6911953 0.4717092 0.6911953 0.4683603 0.6923247 0.4694879 0.6593198 0.005129873 0.8605227 0.005138576 0.8593963 0.006266474 0.6593198 0.005129873 0.8593963 0.006266474 0.6604462 0.006257236 0.6911953 0.4717092 0.6923247 0.4694879 0.6923247 0.4728368 0.6593198 0.005129873 0.6604462 0.006257236 0.6604463 0.4717078 0.6604463 0.4717078 0.6911953 0.4717092 0.6923247 0.4728368 0.6593199 0.4728353 0.6593198 0.005129873 0.6604463 0.4717078 0.6604463 0.4717078 0.6923247 0.4728368 0.6593199 0.4728353 0.9921467 0.1765011 0.9899204 0.1765141 0.9898947 0.1683706 0.9921467 0.1765011 0.9898947 0.1683706 0.9921209 0.168358 0.3040511 0.9156309 0.3012437 0.9156039 0.3012418 0.9153066 0.3040511 0.9156309 0.3012418 0.9153066 0.3040491 0.9153335 0.5098592 0.9892084 0.5088011 0.9892209 0.5087196 0.9889757 0.5098592 0.9892084 0.5087196 0.9889757 0.5097987 0.9889628 0.9905762 0.6858276 0.995882 0.6858159 0.995882 0.6958048 0.9905762 0.6858276 0.995882 0.6958048 0.9905762 0.6958164 0.90721 0.4565165 0.9000818 0.4564422 0.9000818 0.377905 0.90721 0.4565165 0.9000818 0.377905 0.90721 0.3779794 0.106935 0.9880082 0.1068944 0.9879128 0.1081428 0.9875771 0.106935 0.9880082 0.1081428 0.9875771 0.1081566 0.9876809 0.8935266 0.7187647 0.8935263 0.7203639 0.8935263 0.7178941 0.7511963 0.4816547 0.7512491 0.4849941 0.7425395 0.4850918 0.7511963 0.4816547 0.7425395 0.4850918 0.7424868 0.4817531 0.4626508 0.8091796 0.4596626 0.8091796 0.4596664 0.8077329 0.4626508 0.8091796 0.4596664 0.8077329 0.4626547 0.8077329 0.9770575 0.2242923 0.9770575 0.1371593 0.9786738 0.1371554 0.9770575 0.2242923 0.9786738 0.1371554 0.9786738 0.2242884 0.9319949 0.7734501 0.9316951 0.775656 0.9244157 0.7747519 0.9319949 0.7734501 0.9244157 0.7747519 0.9247195 0.772547 0.893907 0.7101736 0.8940404 0.710169 0.8940342 0.7114241 0.893907 0.7101736 0.8940342 0.7114241 0.8939008 0.7114303 0.4636622 0.6231974 0.4597533 0.6231874 0.4597533 0.6088201 0.4636622 0.6231974 0.4597533 0.6088201 0.4636622 0.6088294 0.9123373 0.4688898 0.9123058 0.5474271 0.9096507 0.5474081 0.9123373 0.4688898 0.9096507 0.5474081 0.9096507 0.4688705 0.1594612 0.9952903 0.1593899 0.9953835 0.1586232 0.9946147 0.1594612 0.9952903 0.1586232 0.9946147 0.1587162 0.9945432 0.03235948 0.2678129 0.0323404 0.2665996 0.03344607 0.2665933 0.605278 0.4698831 0.6052779 0.01261377 0.6094844 0.01352918 0.605278 0.4698831 0.6094844 0.01352918 0.6094845 0.4683222 0.9435569 0.9819941 0.9448137 0.9824513 0.944309 0.983889 0.944309 0.983889 0.9430998 0.9836045 0.9421322 0.9832526 0.9421322 0.9832526 0.942685 0.9816769 0.9435569 0.9819941 0.944309 0.983889 0.9421322 0.9832526 0.9435569 0.9819941 0.3110983 0.9893282 0.3001181 0.9893282 0.3001189 0.987405 0.3110983 0.9893282 0.3001189 0.987405 0.3110983 0.9874048 0.08401298 0.273369 0.07808303 0.273369 0.07808613 0.2719222 0.08401298 0.273369 0.07808613 0.2719222 0.08401608 0.2719222 0.776332 0.8315207 0.776318 0.8255851 0.8548685 0.8255851 0.776332 0.8315207 0.8548685 0.8255851 0.8548825 0.8315207 0.9435734 0.9820165 0.9448137 0.9824513 0.944309 0.983889 0.944309 0.983889 0.9431151 0.983625 0.94216 0.9832901 0.94216 0.9832901 0.9427128 0.9817148 0.9435734 0.9820165 0.944309 0.983889 0.94216 0.9832901 0.9435734 0.9820165 0.9159513 0.7465283 0.9159381 0.7441812 0.9181644 0.7441461 0.9159513 0.7465283 0.9181644 0.7441461 0.9181768 0.7464932 0.5948816 0.9889667 0.5934184 0.9889667 0.5934076 0.9887002 0.5948816 0.9889667 0.5934076 0.9887002 0.5948877 0.9887002 0.8851466 0.9136623 0.8864746 0.9136592 0.8858106 0.9158407 0.8851466 0.9136623 0.8858106 0.9158407 0.8851466 0.9158422 0.8926015 0.4563872 0.8848767 0.4563524 0.8848769 0.3778153 0.8926015 0.4563872 0.8848769 0.3778153 0.8926015 0.3778502 0.1328904 0.2880947 0.1328827 0.2893468 0.1328819 0.289467 0.1328819 0.289467 0.1285701 0.289467 0.1286787 0.2880947 0.1286787 0.2880947 0.1286795 0.2879644 0.132892 0.2879644 0.1328904 0.2880947 0.1328819 0.289467 0.1286787 0.2880947 0.1286787 0.2880947 0.132892 0.2879644 0.1328904 0.2880947 0.9956442 0.4603927 0.9964602 0.4603873 0.9965009 0.4690864 0.9956442 0.4603927 0.9965009 0.4690864 0.9956849 0.4690914 0.9911096 0.1063908 0.9909633 0.1063908 0.991096 0.1051809 0.1137908 0.9931439 0.1137901 0.9918268 0.1138729 0.9918175 0.1137908 0.9931439 0.1138729 0.9918175 0.1138736 0.9931564 0.9955404 0.4155549 0.9955404 0.3328748 0.9964307 0.3328729 0.9955404 0.4155549 0.9964307 0.3328729 0.9964307 0.4155524 0.5141812 0.551999 0.5141735 0.5522349 0.5061442 0.5522349 0.5141812 0.551999 0.5061442 0.5522349 0.5061537 0.5519983 0.6375002 0.4706879 0.6397257 0.4689231 0.6441441 0.4688535 0.6441441 0.4688535 0.6441379 0.4717587 0.6419124 0.4717939 0.6419147 0.4706183 0.6375002 0.4706879 0.6441441 0.4688535 0.6441441 0.4688535 0.6419124 0.4717939 0.6419147 0.4706183 0.9929727 0.8528518 0.9913686 0.8528433 0.9913686 0.8430283 0.9929727 0.8528518 0.9913686 0.8430283 0.9929727 0.8430368 0.1269949 0.9874066 0.1255612 0.9942856 0.1255612 0.9888401 0.1200905 0.9888401 0.1186569 0.9957191 0.1186569 0.9874066 0.1269949 0.9874066 0.1255612 0.9888401 0.1200905 0.9888401 0.1186569 0.9874066 0.1269949 0.9874066 0.1200905 0.9888401 0.9921343 0.1976164 0.9921317 0.1987545 0.9908168 0.1987619 0.9908168 0.1987619 0.9899055 0.1987671 0.9899258 0.1916432 0.9899258 0.1916432 0.992152 0.1916307 0.9921451 0.1938619 0.9921451 0.1938619 0.9921343 0.1976164 0.9908168 0.1987619 0.9908168 0.1987619 0.9899258 0.1916432 0.9921451 0.1938619 0.4789437 0.5714179 0.4788722 0.5713266 0.479811 0.5707843 0.4789437 0.5714179 0.479811 0.5707843 0.4798563 0.5708909 0.4470301 0.929044 0.4470254 0.926464 0.4482635 0.9264531 0.4470301 0.929044 0.4482635 0.9264531 0.4482683 0.929033 0.5098002 0.9878708 0.5097615 0.9881371 0.5086699 0.9881502 0.5098002 0.9878708 0.5086699 0.9881502 0.5087204 0.9878839 0.9096507 0.5493207 0.9063739 0.5493299 0.9063739 0.4644265 0.9063739 0.4644265 0.9080122 0.4644219 0.9080122 0.4666483 0.9080122 0.4666483 0.9096507 0.4666438 0.9096507 0.4688705 0.9080122 0.4666483 0.9096507 0.4688705 0.9096152 0.4688701 0.9095838 0.5474073 0.9096507 0.5474081 0.9096507 0.5493207 0.9080122 0.4666483 0.9096152 0.4688701 0.9095838 0.5474073 0.9095838 0.5474073 0.9096507 0.5493207 0.9063739 0.4644265 0.9063739 0.4644265 0.9080122 0.4666483 0.9095838 0.5474073 0.2513783 0.9347485 0.251006 0.9347501 0.251006 0.9328635 0.2513783 0.9347485 0.251006 0.9328635 0.2513783 0.9328619 0.9118857 0.7752314 0.9124277 0.7710548 0.9120042 0.7752478 0.4830711 0.5786524 0.4830361 0.5785644 0.4839999 0.5780077 0.4830711 0.5786524 0.4839999 0.5780077 0.4840558 0.5780835 0.7349895 0.9635678 0.735088 0.9619001 0.7534583 0.9618999 0.7349895 0.9635678 0.7534583 0.9618999 0.7535598 0.9635678 0.9172537 0.5142699 0.917362 0.5142819 0.9173505 0.5155701 0.9172537 0.5142699 0.9173505 0.5155701 0.9172425 0.5155422 0.2119266 0.9394065 0.2120879 0.9393382 0.2124494 0.9406888 0.2119266 0.9394065 0.2124494 0.9406888 0.2122756 0.9407128 0.945617 0.7198665 0.9358035 0.7198408 0.9358035 0.7050772 0.945617 0.7198665 0.9358035 0.7050772 0.945617 0.7051029 0.1068248 0.9877467 0.1068571 0.9878228 0.1057161 0.988481 0.1068248 0.9877467 0.1057161 0.988481 0.1056646 0.9884163 0.917362 0.5116009 0.9173505 0.5103902 0.9174758 0.5103681 0.917362 0.5116009 0.9174758 0.5103681 0.9174872 0.5115876 0.5946933 0.5389046 0.5946901 0.5386525 0.6027193 0.5386525 0.5946933 0.5389046 0.6027193 0.5386525 0.6027224 0.5389046 0.59634 0.9884171 0.5976573 0.9884084 0.5976433 0.9886868 0.59634 0.9884171 0.5976433 0.9886868 0.5963307 0.9886957 0.9688044 0.5708529 0.9687937 0.5707707 0.9700659 0.5704301 0.9688044 0.5708529 0.9700659 0.5704301 0.970097 0.5705065 0.6044355 0.5298036 0.6044058 0.5254837 0.6069718 0.5254952 0.6069718 0.5254952 0.6069872 0.5277215 0.606185 0.5277178 0.606185 0.5277178 0.6062004 0.5299441 0.6062148 0.5320331 0.6044355 0.5298036 0.6069718 0.5254952 0.606185 0.5277178 0.606185 0.5277178 0.6062148 0.5320331 0.6044355 0.5298036 0.03148341 0.2666012 0.03145039 0.2645122 0.03330016 0.2622875 0.03330016 0.2622875 0.03336834 0.2665973 0.03235948 0.2678129 0.0323404 0.2665996 0.03148341 0.2666012 0.03330016 0.2622875 0.03330016 0.2622875 0.03235948 0.2678129 0.0323404 0.2665996 0.4439656 0.9884493 0.4439795 0.9887281 0.442926 0.9887183 0.4439656 0.9884493 0.442926 0.9887183 0.4429074 0.9884395 0.4494247 0.6088 0.4549493 0.6088124 0.4549493 0.639055 0.4494247 0.6088 0.4549493 0.639055 0.4494247 0.6390426 0.1127136 0.9954959 0.1118009 0.9964086 0.1117371 0.9963252 0.1127136 0.9954959 0.1117371 0.9963252 0.1126307 0.9954328 0.8166775 0.9913147 0.8143054 0.9913209 0.8143054 0.9874118 0.8166775 0.9913147 0.8143054 0.9874118 0.8166775 0.9874056 0.5948583 0.9894188 0.5934619 0.9894188 0.5934371 0.9892096 0.5948583 0.9894188 0.5934371 0.9892096 0.5948707 0.9892096 0.4883871 0.002404093 0.5908196 0.002404034 0.5908196 0.003828346 0.4883871 0.002404093 0.5908196 0.003828346 0.4883871 0.003828406 0.6937876 0.6441017 0.6981078 0.6441017 0.6980977 0.6453505 0.6937876 0.6441017 0.6980977 0.6453505 0.6936774 0.6453505 0.3737816 0.9136788 0.3737816 0.9162594 0.3724799 0.9162593 0.3737816 0.9136788 0.3724799 0.9162593 0.3724799 0.9136788 0.9898848 0.2866246 0.9898592 0.2803167 0.9920855 0.2803288 0.9920855 0.2803288 0.9921088 0.2859981 0.9912981 0.2866322 0.9920855 0.2803288 0.9912981 0.2866322 0.9898848 0.2866246 0.8851482 0.786207 0.9306151 0.7858719 0.9306121 0.7865778 0.8851482 0.786207 0.9306121 0.7865778 0.8851442 0.7872309 0.005886793 0.904237 0.4713604 0.9042366 0.4748422 0.9077269 0.005886793 0.904237 0.4748422 0.9077269 0.002407491 0.9077265 0.178855 0.4579252 0.178855 0.3815895 0.1793732 0.3815987 0.178855 0.4579252 0.1793732 0.3815987 0.1793732 0.4579376 0.02003073 0.2688267 0.01893293 0.2688243 0.01891064 0.2674118 0.4775623 0.5762154 0.478105 0.5771551 0.4780195 0.5772212 0.4775623 0.5762154 0.4780195 0.5772212 0.4774619 0.5762576 0.5039983 0.6313151 0.5040383 0.6358348 0.4954994 0.6358948 0.5039983 0.6313151 0.4954994 0.6358948 0.4954593 0.6313751 0.222095 0.9874001 0.2319108 0.9874001 0.2319154 0.9896962 0.222095 0.9874001 0.2319154 0.9896962 0.2221004 0.9896962 0.944043 0.3922544 0.9359309 0.3942944 0.9335132 0.3866079 0.944043 0.3922544 0.9335132 0.3866079 0.9413247 0.3836148 0.9898569 0.2578856 0.9920831 0.2578977 0.9920707 0.2657768 0.9898569 0.2578856 0.9920707 0.2657768 0.9898445 0.2657647 0.6441441 0.4608176 0.6397257 0.4608873 0.6375002 0.4590374 0.6419147 0.4589678 0.6419132 0.4580258 0.6441387 0.4579907 0.6441441 0.4608176 0.6375002 0.4590374 0.6419147 0.4589678 0.6419147 0.4589678 0.6441387 0.4579907 0.6441441 0.4608176 0.6728728 0.9904857 0.6685952 0.9904857 0.6697705 0.9874071 0.6728728 0.9904857 0.6697705 0.9874071 0.6740474 0.9874071 0.8254639 0.4749075 0.8275179 0.472843 0.8605228 0.4728444 0.8254639 0.4749075 0.8605228 0.4728444 0.8625613 0.4749093 0.9937869 0.7792142 0.993786 0.780716 0.9898772 0.7807392 0.9937869 0.7792142 0.9898772 0.7807392 0.9898782 0.7792404 0.5901291 0.4672209 0.447102 0.466847 0.447102 0.008835732 0.5901291 0.4672209 0.447102 0.008835732 0.5901291 0.009209632 0.9970935 0.291175 0.9971138 0.2972341 0.9948874 0.2972233 0.9970935 0.291175 0.9948874 0.2972233 0.9948673 0.2911642 0.7732089 0.4901019 0.7732966 0.4914276 0.768877 0.4914276 0.7732089 0.4901019 0.768877 0.4914276 0.7688887 0.4901019 0.4817834 0.6312636 0.4829416 0.6312705 0.4829416 0.6323022 0.4817834 0.6312636 0.4829416 0.6323022 0.4817838 0.6322951 0.4461476 0.9521226 0.4542338 0.9522083 0.4622511 0.9532609 0.4622511 0.9532609 0.4647658 0.9539044 0.4643517 0.9555221 0.4622511 0.9532609 0.4643517 0.9555221 0.461934 0.9549035 0.4379258 0.9530251 0.4461476 0.9521226 0.4622511 0.9532609 0.4295735 0.9561887 0.4292846 0.9545444 0.4379258 0.9530251 0.4381611 0.9546787 0.4295735 0.9561887 0.4379258 0.9530251 0.4622511 0.9532609 0.461934 0.9549035 0.4541155 0.953877 0.4462298 0.9537933 0.4381611 0.9546787 0.4379258 0.9530251 0.4622511 0.9532609 0.4541155 0.953877 0.4462298 0.9537933 0.4622511 0.9532609 0.4462298 0.9537933 0.4379258 0.9530251 0.7424868 0.4817531 0.7425395 0.4850918 0.7341046 0.4851631 0.7424868 0.4817531 0.7341046 0.4851631 0.7340526 0.4818244 0.4840558 0.5780835 0.4839999 0.5780077 0.4847876 0.57722 0.4840558 0.5780835 0.4847876 0.57722 0.484861 0.5772783 0.9181978 0.7504422 0.913988 0.7505087 0.9117873 0.7485301 0.9159614 0.7484641 0.9159513 0.7465283 0.9181768 0.7464932 0.9181978 0.7504422 0.9117873 0.7485301 0.9159614 0.7484641 0.9159614 0.7484641 0.9181768 0.7464932 0.9181978 0.7504422 0.1058401 0.98864 0.1049456 0.9895336 0.1048628 0.9894705 0.1058401 0.98864 0.1048628 0.9894705 0.1057755 0.9885578 0.9370071 0.7670568 0.9370071 0.7660252 0.938166 0.7660309 0.9370071 0.7670568 0.938166 0.7660309 0.9381676 0.7670626 0.8091467 0.485018 0.8091653 0.4772648 0.8173388 0.4772648 0.8091467 0.485018 0.8173388 0.4772648 0.8173202 0.485018 0.4819459 0.5787448 0.4808602 0.5787454 0.4808759 0.5786294 0.4819459 0.5787448 0.4808759 0.5786294 0.481931 0.578629 0.9180992 0.7364739 0.9181644 0.7441461 0.9159381 0.7441812 0.9180992 0.7364739 0.9159381 0.7441812 0.9158737 0.736509 0.1186569 0.9957191 0.1200905 0.9888401 0.1200905 0.9942856 0.1255612 0.9942856 0.1269949 0.9874066 0.1269949 0.9957191 0.1186569 0.9957191 0.1200905 0.9942856 0.1255612 0.9942856 0.1186569 0.9957191 0.1255612 0.9942856 0.1269949 0.9957191 0.9387452 0.9617426 0.9387452 0.9665074 0.9354128 0.9665058 0.9387452 0.9617426 0.9354128 0.9665058 0.9354128 0.961741 0.5880362 0.4740447 0.5900268 0.4740455 0.5900268 0.474532 0.5880362 0.4740447 0.5900268 0.474532 0.5898406 0.474532 0.5883899 0.4749439 0.5880362 0.4749439 0.5880362 0.4740447 0.5880362 0.4740447 0.5898406 0.474532 0.5883899 0.4745304 0.5883899 0.4745304 0.5883899 0.4749439 0.5880362 0.4740447 0.91801 0.7285513 0.9180992 0.7364739 0.9158737 0.736509 0.91801 0.7285513 0.9158737 0.736509 0.9157845 0.7285864 0.8130348 0.4658825 0.8130496 0.4644262 0.8271085 0.4644262 0.8130348 0.4658825 0.8271085 0.4644262 0.8270933 0.4658825 0.4852431 0.5762143 0.4853441 0.5762559 0.4847876 0.57722 0.4852431 0.5762143 0.4847876 0.57722 0.4847013 0.5771533 0.957549 0.8985494 0.9575584 0.8992888 0.9572063 0.8992896 0.957549 0.8985494 0.9572063 0.8992896 0.9571968 0.8985494 0.4847013 0.5771533 0.4847876 0.57722 0.4839999 0.5780077 0.4847013 0.5771533 0.4839999 0.5780077 0.4839347 0.5779206 0.8984451 0.917914 0.8945689 0.9179311 0.8967673 0.9160075 0.8967673 0.9160075 0.9006799 0.9159903 0.9006636 0.9197444 0.9006636 0.9197444 0.8984373 0.9197543 0.8984451 0.917914 0.8984451 0.917914 0.8967673 0.9160075 0.9006636 0.9197444 0.893907 0.7101736 0.8939008 0.7114303 0.8937672 0.7114241 0.893907 0.7101736 0.8937672 0.7114241 0.8937734 0.710169 0.5955588 0.5319718 0.5971325 0.5297613 0.6044355 0.5298036 0.5955588 0.5319718 0.6044355 0.5298036 0.6062148 0.5320331 0.5533888 0.5396 0.5614521 0.5396 0.5614413 0.539756 0.5533888 0.5396 0.5614413 0.539756 0.5533779 0.539756 0.1593891 0.988788 0.1586224 0.9895548 0.1585346 0.9894912 0.1593891 0.988788 0.1585346 0.9894912 0.1593222 0.9887034 0.9959158 0.09878987 0.9861931 0.09878987 0.9860674 0.09866422 0.9960415 0.09866273 0.9960407 0.1086351 0.995915 0.1085095 0.9959158 0.09878987 0.9860674 0.09866422 0.9960415 0.09866273 0.9959158 0.09878987 0.9960415 0.09866273 0.995915 0.1085095 0.1049456 0.9895336 0.1043137 0.9906284 0.1042166 0.9905884 0.1049456 0.9895336 0.1042166 0.9905884 0.1048628 0.9894705 0.578737 0.9235154 0.5787363 0.900781 0.6854448 0.900781 0.578737 0.9235154 0.6854448 0.900781 0.6854456 0.9235154 0.9435734 0.9820165 0.9448659 0.9823021 0.9448137 0.9824513 0.9908168 0.1987619 0.9921368 0.197713 0.9921317 0.1987545 0.4508451 0.9889946 0.4495821 0.9890014 0.4496069 0.988735 0.4508451 0.9889946 0.4496069 0.988735 0.4508854 0.9887281 0.9899015 0.1994898 0.9899055 0.1987671 0.9908168 0.1987619 0.8254639 0.4749075 0.8254639 0.4715586 0.8275179 0.469494 0.8254639 0.4749075 0.8275179 0.469494 0.8275179 0.472843 0.9137388 0.9587112 0.9220814 0.959895 0.9307225 0.9616981 0.9307225 0.9616981 0.9303817 0.9633327 0.9217933 0.9615406 0.9307225 0.9616981 0.9217933 0.9615406 0.9136034 0.9603783 0.9054536 0.958537 0.9137388 0.9587112 0.9307225 0.9616981 0.8889207 0.9611977 0.8972066 0.9593551 0.9054536 0.958537 0.8885203 0.9631088 0.8879655 0.9615339 0.8889207 0.9611977 0.8893807 0.9628059 0.8885203 0.9631088 0.8889207 0.9611977 0.9054536 0.958537 0.9307225 0.9616981 0.9136034 0.9603783 0.9054536 0.958537 0.9136034 0.9603783 0.9055184 0.9602085 0.8893807 0.9628059 0.8889207 0.9611977 0.9054536 0.958537 0.9054536 0.958537 0.9055184 0.9602085 0.8974708 0.9610068 0.8974708 0.9610068 0.8893807 0.9628059 0.9054536 0.958537 0.913988 0.7505087 0.913988 0.7654405 0.9117873 0.7670354 0.913988 0.7505087 0.9117873 0.7670354 0.9117873 0.7485301 0.6572658 0.003103554 0.8625612 0.003112852 0.8605227 0.005138576 0.6572658 0.003103554 0.8605227 0.005138576 0.6593198 0.005129873 0.2661092 0.8452887 0.265183 0.8443734 0.2653057 0.8442178 0.2661092 0.8452887 0.2653057 0.8442178 0.2662658 0.8451685 0.6142834 0.5277343 0.6142682 0.525508 0.6218472 0.5255045 0.6142834 0.5277343 0.6218472 0.5255045 0.6218624 0.5277307 0.7612573 0.9898889 0.7568315 0.9898889 0.7568517 0.9874017 0.7612573 0.9898889 0.7568517 0.9874017 0.7614776 0.9874017 0.9575429 0.8967924 0.9575429 0.8976977 0.9571906 0.8976985 0.9575429 0.8967924 0.9571906 0.8976985 0.9571891 0.8967924 0.3341544 0.9137926 0.3427335 0.9137548 0.3427247 0.9153673 0.3341544 0.9137926 0.3427247 0.9153673 0.3341107 0.9154052 0.3177173 0.9137976 0.3258039 0.9138067 0.3257156 0.9154194 0.3177173 0.9137976 0.3257156 0.9154194 0.317586 0.9154103 0.4592464 0.6859346 0.3568015 0.6859346 0.3568046 0.6825952 0.4592464 0.6859346 0.3568046 0.6825952 0.4592464 0.6825952 0.4495402 0.9892448 0.4481562 0.9892483 0.4481717 0.9890051 0.4495402 0.9892448 0.4481717 0.9890051 0.4495821 0.9890014 0.4494859 0.987452 0.4495418 0.9876644 0.4481562 0.9876678 0.4494859 0.987452 0.4481562 0.9876678 0.4481361 0.9874554 0.8984149 0.9291119 0.9006412 0.9291019 0.9006404 0.936644 0.8984149 0.9291119 0.9006404 0.936644 0.8984141 0.936654 0.3427107 0.917509 0.3340461 0.9175472 0.3341125 0.9157025 0.3427107 0.917509 0.3341125 0.9157025 0.3427266 0.9156646 0.6312839 0.9874106 0.6312839 0.9885111 0.6254376 0.9885113 0.6312839 0.9874106 0.6254376 0.9885113 0.6254392 0.9874102 0.5828441 0.8399301 0.5817332 0.8399336 0.5817613 0.8398146 0.5828441 0.8399301 0.5817613 0.8398146 0.5828551 0.839811 0.3902984 0.9286043 0.3881185 0.9285981 0.3881185 0.9279341 0.3902984 0.9286043 0.3881185 0.9279341 0.3902984 0.9272732 0.7933244 0.9880301 0.7933228 0.9874266 0.7942298 0.9874173 0.7933244 0.9880301 0.7942298 0.9874173 0.7942305 0.9880208 0.9290577 0.3536435 0.9323965 0.3527994 0.9323974 0.3560202 0.9290577 0.3536435 0.9323974 0.3560202 0.9290577 0.3560202 0.9959403 0.6697745 0.9959403 0.6797633 0.9905849 0.6797749 0.9959403 0.6697745 0.9905849 0.6797749 0.9905849 0.6697862 0.9571924 0.7660385 0.9732286 0.7660323 0.9732289 0.7794439 0.9571924 0.7660385 0.9732289 0.7794439 0.9571928 0.7794516 0.0024181 0.7018586 0.4748541 0.7018582 0.4713717 0.7053287 0.0024181 0.7018586 0.4713717 0.7053287 0.005898177 0.7053287 0.4508352 0.9264531 0.4519943 0.926464 0.451999 0.929044 0.4508352 0.9264531 0.451999 0.929044 0.45084 0.929033 0.9898481 0.2952579 0.9899552 0.2943696 0.9900272 0.2943696 0.9900272 0.2943696 0.9900272 0.3053503 0.9898481 0.3038628 0.9900272 0.2943696 0.9898481 0.3038628 0.9898481 0.2952579 0.8730425 0.9896644 0.8730425 0.987438 0.8747094 0.9874388 0.8730425 0.9896644 0.8747094 0.9874388 0.8747094 0.9896652 0.2690114 0.9893961 0.2684171 0.9893247 0.2684118 0.989324 0.2684118 0.989324 0.2684118 0.9874008 0.2793936 0.9874008 0.2793936 0.9874008 0.2793936 0.9893961 0.2690114 0.9893961 0.2684118 0.989324 0.2793936 0.9874008 0.2690114 0.9893961 0.7008053 0.9542632 0.7012221 0.952646 0.7095184 0.9547842 0.7008053 0.9542632 0.7095184 0.9547842 0.7177374 0.9558778 0.7176165 0.9575464 0.7091988 0.9564263 0.7008053 0.9542632 0.7345507 0.9567387 0.7261079 0.957651 0.7176165 0.9575464 0.7440522 0.9543524 0.7426295 0.9548678 0.7345507 0.9567387 0.7421551 0.9532635 0.7434838 0.9527823 0.7440522 0.9543524 0.734272 0.9550893 0.7421551 0.9532635 0.7440522 0.9543524 0.7440522 0.9543524 0.7345507 0.9567387 0.7176165 0.9575464 0.7176165 0.9575464 0.7008053 0.9542632 0.7177374 0.9558778 0.7260283 0.95598 0.734272 0.9550893 0.7440522 0.9543524 0.7176165 0.9575464 0.7177374 0.9558778 0.7260283 0.95598 0.7260283 0.95598 0.7440522 0.9543524 0.7176165 0.9575464 0.8923224 0.3400802 0.8923224 0.3392918 0.8926513 0.3392928 0.8923224 0.3400802 0.8926513 0.3392928 0.8926513 0.3400812 0.3946675 0.6770381 0.356806 0.6770381 0.3568077 0.6761887 0.3946675 0.6770381 0.3568077 0.6761887 0.3946691 0.6761887 0.01819789 0.2622875 0.01996254 0.2645129 0.02003073 0.2688267 0.02003073 0.2688267 0.01891064 0.2674118 0.01826596 0.2665973 0.02003073 0.2688267 0.01826596 0.2665973 0.01819789 0.2622875 0.6440967 0.4501348 0.6441387 0.4579907 0.6419132 0.4580258 0.6440967 0.4501348 0.6419132 0.4580258 0.6418705 0.4501698 0.6800137 0.6446738 0.6875309 0.6446738 0.6878032 0.6452381 0.6800137 0.6446738 0.6878032 0.6452381 0.6837901 0.6452381 0.7951924 0.9615855 0.7944287 0.9612991 0.7952258 0.9614933 0.7340526 0.4818244 0.7341046 0.4851631 0.7260668 0.4852066 0.7340526 0.4818244 0.7260668 0.4852066 0.7260141 0.4818679 0.9967076 0.5171766 0.995513 0.5171627 0.995513 0.5128471 0.9967076 0.5171766 0.995513 0.5128471 0.9967076 0.512761 0.4555407 0.6440425 0.4568517 0.6449629 0.4555392 0.6449797 0.6206169 0.9874025 0.6206169 0.9885281 0.6147723 0.9885281 0.6206169 0.9874025 0.6147723 0.9885281 0.6147723 0.9874025 0.8019809 0.8366035 0.8109595 0.8366035 0.810972 0.8373917 0.8019809 0.8366035 0.810972 0.8373917 0.8019933 0.8373917 0.9687937 0.5607664 0.9688061 0.5606822 0.9701 0.5610286 0.9687937 0.5607664 0.9701 0.5610286 0.9700659 0.5611069 0.7951744 0.4904463 0.7940295 0.490444 0.794045 0.4903036 0.7951744 0.4904463 0.794045 0.4903036 0.795179 0.4903066 0.7974537 0.4905937 0.7974475 0.4907434 0.7963412 0.4907458 0.7974537 0.4905937 0.7963412 0.4907458 0.7963443 0.4905961 0.8811805 0.9874026 0.8811805 0.989629 0.8795138 0.9896283 0.8811805 0.9874026 0.8795138 0.9896283 0.8795138 0.9874019 0.03151845 0.2688267 0.03235948 0.2678129 0.03237545 0.2688251 0.8803192 0.7912185 0.7761246 0.7909458 0.7761246 0.6569376 0.8803192 0.7912185 0.7761246 0.6569376 0.8803192 0.6572103 0.9729107 0.3521291 0.9729107 0.5534131 0.9720605 0.55341 0.9729107 0.3521291 0.9720605 0.55341 0.9720605 0.3521259 0.3542299 0.9521351 0.3629256 0.9521631 0.3629071 0.9555025 0.3542299 0.9521351 0.3629071 0.9555025 0.3542113 0.9554745 0.1287508 0.9254525 0.1363726 0.9293681 0.1359317 0.9303888 0.1287508 0.9254525 0.1359317 0.9303888 0.1282191 0.9264266 0.4739724 0.9424949 0.4740422 0.9424954 0.4740422 0.9565542 0.4740422 0.9565542 0.4721069 0.9565499 0.4721068 0.9424906 0.4740422 0.9565542 0.4721068 0.9424906 0.4739724 0.9424949 0.9969608 0.1780298 0.9972786 0.1780278 0.9972717 0.1860919 0.9969608 0.1780298 0.9972717 0.1860919 0.9969539 0.1860939 0.5798517 0.9360648 0.784872 0.9360648 0.7864483 0.9400543 0.5798517 0.9360648 0.7864483 0.9400543 0.5788557 0.9400543 0.2117434 0.9394829 0.2119266 0.9394065 0.2122756 0.9407128 0.2117434 0.9394829 0.2122756 0.9407128 0.2120801 0.9407396 0.8430665 0.9563081 0.8415766 0.9521147 0.8812004 0.9521147 0.8430665 0.9563081 0.8812004 0.9521147 0.8801582 0.9563081 0.9063736 0.6128106 0.9063736 0.6120225 0.9063736 0.6127945 0.9970333 0.1645992 0.9970594 0.16182 0.997377 0.1618179 0.9970333 0.1645992 0.997377 0.1618179 0.9973512 0.1645973 0.8821203 0.372898 0.88212 0.3729549 0.8680608 0.3729549 0.8680608 0.3729549 0.8680723 0.3713834 0.8821315 0.3713834 0.8680608 0.3729549 0.8821315 0.3713834 0.8821203 0.372898 0.9948881 0.3191294 0.9948983 0.3113825 0.9971245 0.3113934 0.9948881 0.3191294 0.9971245 0.3113934 0.9971145 0.3191403 0.9969663 0.7884824 0.9974286 0.7884809 0.9974286 0.8061149 0.9969663 0.7884824 0.9974286 0.8061149 0.9969663 0.8061165 0.2629998 0.9874132 0.263594 0.9874846 0.2635994 0.9874854 0.2635994 0.9874854 0.2635994 0.9894087 0.2526184 0.9894087 0.2526184 0.9894087 0.2526184 0.9874132 0.2629998 0.9874132 0.2635994 0.9874854 0.2526184 0.9894087 0.2629998 0.9874132 0.326886 0.9893326 0.3159058 0.9893326 0.3159058 0.9874097 0.326886 0.9893326 0.3159058 0.9874097 0.3268867 0.9874097 0.6221517 0.8406077 0.6221517 0.8398193 0.6221517 0.8405917 0.6254392 0.9897181 0.6254376 0.9885113 0.6312839 0.9885111 0.6254392 0.9897181 0.6312839 0.9885111 0.6312839 0.9897181 0.4449533 0.869642 0.444944 0.8706837 0.3995026 0.8709149 0.4449533 0.869642 0.3995026 0.8709149 0.3995088 0.8701966 0.4467071 0.987913 0.4467211 0.9876678 0.4481562 0.9876678 0.4467071 0.987913 0.4481562 0.9876678 0.4481717 0.987913 0.2172776 0.9890243 0.2172785 0.9890848 0.2032221 0.9890848 0.2032221 0.9890848 0.2031983 0.9874089 0.2172545 0.9874089 0.2032221 0.9890848 0.2172545 0.9874089 0.2172776 0.9890243 0.2953063 0.9893298 0.2842197 0.9893298 0.2842197 0.9874066 0.2953063 0.9893298 0.2842197 0.9874066 0.2953063 0.9874065 0.4495821 0.9890014 0.4481717 0.9890051 0.448181 0.9887384 0.4495821 0.9890014 0.448181 0.9887384 0.4496069 0.988735 0.8940424 0.7088191 0.8940404 0.7074615 0.8941643 0.7074707 0.8940424 0.7088191 0.8941643 0.7074707 0.8941663 0.7088191 0.4830361 0.5785644 0.4829933 0.5784648 0.4839347 0.5779206 0.4830361 0.5785644 0.4839347 0.5779206 0.4839999 0.5780077 0.1487573 0.4627664 0.1446176 0.4627765 0.1446176 0.3842371 0.1487573 0.4627664 0.1446176 0.3842371 0.1487573 0.384227 0.8368188 0.4804701 0.8368187 0.4812583 0.8368187 0.4804865 0.9462963 0.4101964 0.9379355 0.4102532 0.9374122 0.4022124 0.9462963 0.4101964 0.9374122 0.4022124 0.9457082 0.4011594 0.4495677 0.9290293 0.449563 0.9264492 0.4508352 0.9264531 0.4495677 0.9290293 0.4508352 0.9264531 0.45084 0.929033 0.8951698 0.7790802 0.8938215 0.7790817 0.8938324 0.7789579 0.8951698 0.7790802 0.8938324 0.7789579 0.8951714 0.7789561 0.4265498 0.9299967 0.4155742 0.9299967 0.4155742 0.9296535 0.4265498 0.9299967 0.4155742 0.9296535 0.4265498 0.9296535 0.6152504 0.008824467 0.642673 0.008910059 0.6426731 0.4035207 0.6152504 0.008824467 0.6426731 0.4035207 0.6152504 0.4034348 0.9898644 0.7742289 0.9937731 0.7742027 0.9937804 0.775931 0.9898644 0.7742289 0.9937804 0.775931 0.9898717 0.7759574 0.2789102 0.8764823 0.2789078 0.8719085 0.3946922 0.8719085 0.2789102 0.8764823 0.3946922 0.8719085 0.3946936 0.8764823 0.9500119 0.4402859 0.9485743 0.4402759 0.9485743 0.4363629 0.9500119 0.4402859 0.9485743 0.4363629 0.9500119 0.4360743 0.1127136 0.9954959 0.1133602 0.9943763 0.1134496 0.9944153 0.1127136 0.9954959 0.1134496 0.9944153 0.1127913 0.9955563 0.9483574 0.2687094 0.9491458 0.2687094 0.949145 0.2690425 0.9483574 0.2687094 0.949145 0.2690425 0.9483566 0.2690425 0.8935409 0.7074863 0.8936486 0.7074707 0.8936506 0.7088191 0.8935409 0.7074863 0.8936506 0.7088191 0.893543 0.7088159 0.1386789 0.2703 0.1360388 0.2702758 0.1360388 0.2658501 0.1386789 0.2703 0.1360388 0.2658501 0.1386789 0.2656748 0.8858044 0.3438823 0.8680888 0.3393213 0.8858051 0.3438823 0.9337121 0.8356963 0.9318968 0.8375115 0.9318968 0.8269897 0.9318968 0.8269897 0.9406349 0.8288049 0.9337121 0.8288049 0.9318968 0.8269897 0.9337121 0.8288049 0.9337121 0.8356963 0.9272347 0.6421466 0.9255276 0.6421595 0.9255276 0.6281012 0.9272347 0.6421466 0.9255276 0.6281012 0.9272347 0.6280885 0.2052301 0.9459942 0.2051556 0.9461753 0.2039842 0.945499 0.2052301 0.9459942 0.2039842 0.945499 0.2041037 0.9453434 0.5717192 0.9874011 0.5750384 0.9874058 0.5750384 0.9921697 0.5717192 0.9874011 0.5750384 0.9921697 0.5717192 0.9921651 0.897409 0.7961513 0.8934999 0.7961513 0.893498 0.7948916 0.897409 0.7961513 0.893498 0.7948916 0.8974067 0.7948947 0.9921094 0.2182449 0.9898832 0.2182325 0.9898692 0.2110235 0.9921094 0.2182449 0.9898692 0.2110235 0.9920954 0.2110358 0.1758179 0.9874029 0.1768861 0.98769 0.1778441 0.9882438 0.1778441 0.9882438 0.1786263 0.9890276 0.1791783 0.9899864 0.1791783 0.9899864 0.1794643 0.991056 0.1794627 0.9921626 0.1794627 0.9921626 0.1791754 0.9932317 0.1786221 0.9941908 0.1786221 0.9941908 0.1778385 0.9949731 0.1768786 0.9955256 0.1768786 0.9955256 0.1758107 0.9958115 0.1747027 0.9958101 0.1747027 0.9958101 0.1736344 0.995523 0.1726764 0.9949693 0.1726764 0.9949693 0.1718941 0.9941856 0.1713421 0.9932266 0.1713421 0.9932266 0.1710561 0.9921569 0.1710578 0.9910504 0.1710578 0.9910504 0.1713451 0.9899814 0.1718984 0.9890223 0.1718984 0.9890223 0.172682 0.98824 0.1736418 0.9876874 0.1736418 0.9876874 0.1747098 0.9874016 0.1758179 0.9874029 0.1758179 0.9874029 0.1778441 0.9882438 0.1791783 0.9899864 0.1791783 0.9899864 0.1794627 0.9921626 0.1786221 0.9941908 0.1786221 0.9941908 0.1768786 0.9955256 0.1747027 0.9958101 0.1747027 0.9958101 0.1726764 0.9949693 0.1713421 0.9932266 0.1713421 0.9932266 0.1710578 0.9910504 0.1718984 0.9890223 0.1718984 0.9890223 0.1736418 0.9876874 0.1758179 0.9874029 0.1758179 0.9874029 0.1791783 0.9899864 0.1786221 0.9941908 0.1786221 0.9941908 0.1747027 0.9958101 0.1713421 0.9932266 0.1713421 0.9932266 0.1718984 0.9890223 0.1758179 0.9874029 0.1786221 0.9941908 0.1713421 0.9932266 0.1758179 0.9874029 0.1783431 0.4579127 0.1783431 0.381574 0.178855 0.3815895 0.1783431 0.4579127 0.178855 0.3815895 0.178855 0.4579252 0.9319949 0.7734501 0.9322814 0.7712429 0.9399099 0.7722023 0.9319949 0.7734501 0.9399099 0.7722023 0.9396232 0.7744104 0.8851382 0.7948964 0.8886815 0.7948971 0.8886815 0.7996612 0.8851382 0.7948964 0.8886815 0.7996612 0.8851382 0.7996596 0.5061303 0.5510597 0.514158 0.5510597 0.5141719 0.5512598 0.5061303 0.5510597 0.5141719 0.5512598 0.5061427 0.5512598 0.6525854 0.9889962 0.6525854 0.9897179 0.6467408 0.9897179 0.6525854 0.9889962 0.6467408 0.9897179 0.6467393 0.9889962 0.629788 0.5277115 0.6297729 0.5254853 0.6380679 0.5254496 0.629788 0.5277115 0.6380679 0.5254496 0.6380831 0.5276759 0.2031837 0.938355 0.2101733 0.9374362 0.2110918 0.9444242 0.2031837 0.938355 0.2110918 0.9444242 0.2041037 0.9453434 0.4193254 0.9136207 0.4261119 0.9136555 0.4295226 0.9138778 0.4669477 0.928613 0.47337 0.9343011 0.473223 0.9344669 0.4669477 0.928613 0.473223 0.9344669 0.4668107 0.928788 0.3684737 0.9345707 0.3683627 0.9343787 0.3870055 0.9234465 0.3871132 0.9236403 0.3795381 0.9281736 0.3684737 0.9345707 0.3871132 0.9236403 0.3684737 0.9345707 0.3870055 0.9234465 0.4599576 0.9237806 0.4669477 0.928613 0.4668107 0.928788 0.4599576 0.9237806 0.4668107 0.928788 0.4598424 0.9239708 0.3871132 0.9236403 0.3870055 0.9234465 0.3946456 0.9195219 0.3947351 0.919725 0.3871132 0.9236403 0.3946456 0.9195219 0.4524392 0.9198195 0.4599576 0.9237806 0.4598424 0.9239708 0.4524392 0.9198195 0.4598424 0.9239708 0.4523476 0.9200218 0.3947351 0.919725 0.3946456 0.9195219 0.402616 0.9165702 0.4026806 0.916783 0.3947351 0.919725 0.402616 0.9165702 0.4445008 0.9167863 0.4524392 0.9198195 0.4523476 0.9200218 0.4445008 0.9167863 0.4523476 0.9200218 0.4444339 0.9169981 0.4026806 0.916783 0.402616 0.9165702 0.4108822 0.914594 0.4109207 0.9148128 0.4026806 0.916783 0.4108822 0.914594 0.4362562 0.9147249 0.4445008 0.9167863 0.4444339 0.9169981 0.4362562 0.9147249 0.4444339 0.9169981 0.4362152 0.914943 0.4109207 0.9148128 0.4108822 0.914594 0.4193254 0.9136207 0.4193374 0.9138426 0.4109207 0.9148128 0.4193254 0.9136207 0.4295226 0.9138778 0.4362562 0.9147249 0.4362152 0.914943 0.4295226 0.9138778 0.4362152 0.914943 0.4295016 0.9140989 0.4193374 0.9138426 0.4193254 0.9136207 0.4295226 0.9138778 0.4295226 0.9138778 0.4295016 0.9140989 0.4261041 0.9138774 0.4295226 0.9138778 0.4261041 0.9138774 0.4193374 0.9138426 0.9428785 0.3717859 0.9428055 0.3725003 0.9424673 0.3725414 0.9428785 0.3717859 0.9424673 0.3725414 0.9425418 0.3718262 0.8528264 0.480607 0.9015589 0.4683225 0.9015694 0.4683606 0.9015694 0.4683606 0.9015694 0.6546814 0.9013175 0.654745 0.9013175 0.654745 0.4991697 0.6234945 0.4997094 0.6146436 0.4997094 0.6146436 0.5013084 0.6058991 0.5039423 0.5974086 0.5039423 0.5974086 0.507573 0.5892939 0.5121486 0.5816723 0.5121486 0.5816723 0.5164928 0.5760817 0.5188769 0.5733664 0.5188769 0.5733664 0.5238587 0.5683359 0.530825 0.5628129 0.530825 0.5628129 0.5384021 0.5581629 0.546481 0.5544534 0.546481 0.5544534 0.5549457 0.5517365 0.5636631 0.549539 0.5636631 0.549539 0.5760964 0.546919 0.5769103 0.5501584 0.5769103 0.5501584 0.8528264 0.480607 0.9015694 0.4683606 0.9015694 0.4683606 0.9013175 0.654745 0.4997094 0.6146436 0.4997094 0.6146436 0.5039423 0.5974086 0.5121486 0.5816723 0.5121486 0.5816723 0.5188769 0.5733664 0.530825 0.5628129 0.530825 0.5628129 0.546481 0.5544534 0.5636631 0.549539 0.5769103 0.5501584 0.9015694 0.4683606 0.4997094 0.6146436 0.530825 0.5628129 0.5636631 0.549539 0.5769103 0.5501584 0.4997094 0.6146436 0.5121486 0.5816723 0.530825 0.5628129 0.4997094 0.6146436 0.530825 0.5628129 0.5769103 0.5501584 0.9134945 0.3408998 0.9062675 0.3408998 0.9062659 0.3396756 0.9153254 0.3396756 0.9153269 0.3415557 0.9134945 0.3415557 0.9134945 0.3408998 0.9062659 0.3396756 0.9153254 0.3396756 0.9134945 0.3408998 0.9153254 0.3396756 0.9134945 0.3415557 0.1136941 0.9931306 0.1136941 0.9918383 0.1137901 0.9918268 0.1136941 0.9931306 0.1137901 0.9918268 0.1137908 0.9931439 0.3427107 0.917509 0.3427266 0.9156646 0.3643419 0.9155427 0.3427107 0.917509 0.3643419 0.9155427 0.3643357 0.917387 0.7856196 0.9885818 0.7856189 0.9874252 0.7866672 0.987423 0.7856196 0.9885818 0.7866672 0.987423 0.7866681 0.9885787 0.9898453 0.1523045 0.9898453 0.1307529 0.9943653 0.1307505 0.9943653 0.1435271 0.9943653 0.1523519 0.9898453 0.1523545 0.9898453 0.1523045 0.9943653 0.1307505 0.9943653 0.1435271 0.9943653 0.1435271 0.9898453 0.1523545 0.9898453 0.1523045 0.5148783 0.5680137 0.5146705 0.5680253 0.5146705 0.5665917 0.5148783 0.5680137 0.5146705 0.5665917 0.5148783 0.566618 0.2084377 0.9283033 0.1974111 0.9347649 0.1974111 0.9347645 0.8858051 0.3438823 0.8858354 0.3484036 0.8858044 0.3438823 0.8951698 0.7792136 0.8938169 0.7792152 0.8938215 0.7790817 0.8951698 0.7792136 0.8938215 0.7790817 0.8951698 0.7790802 0.996991 0.1703449 0.9970333 0.1645992 0.9973512 0.1645973 0.996991 0.1703449 0.9973512 0.1645973 0.9973088 0.1703429 0.9700659 0.5611069 0.9701 0.5610286 0.9712591 0.5616984 0.9700659 0.5611069 0.9712591 0.5616984 0.9712063 0.5617659 0.5828551 0.8406286 0.5817613 0.8406321 0.5817332 0.8405119 0.5828551 0.8406286 0.5817332 0.8405119 0.5828441 0.8405084 0.4700996 0.5263748 0.4715871 0.5278789 0.4715796 0.658955 0.4700996 0.5263748 0.4715796 0.658955 0.4700919 0.6604193 0.2482503 0.9136208 0.2550544 0.9136579 0.2584769 0.9138819 0.2959997 0.9286693 0.3024291 0.9343671 0.3021413 0.9346915 0.2959997 0.9286693 0.3021413 0.9346915 0.2957314 0.9290111 0.2482503 0.9136208 0.2584769 0.9138819 0.2652277 0.9147328 0.1971942 0.9343895 0.2158432 0.9234612 0.2235007 0.9195303 0.2084377 0.9283033 0.1974111 0.9347645 0.1971942 0.9343895 0.2160537 0.9238408 0.2084377 0.9283033 0.1971942 0.9343895 0.2889917 0.9238215 0.2959997 0.9286693 0.2957314 0.9290111 0.2889917 0.9238215 0.2957314 0.9290111 0.2887662 0.9241927 0.2160537 0.9238408 0.1971942 0.9343895 0.2235007 0.9195303 0.2236756 0.9199286 0.2160537 0.9238408 0.2235007 0.9195303 0.2814537 0.9198465 0.2889917 0.9238215 0.2887662 0.9241927 0.2814537 0.9198465 0.2887662 0.9241927 0.2812744 0.9202426 0.2236756 0.9199286 0.2235007 0.9195303 0.231494 0.9165735 0.2316201 0.9169892 0.2236756 0.9199286 0.231494 0.9165735 0.2734943 0.9168028 0.2814537 0.9198465 0.2812744 0.9202426 0.2734943 0.9168028 0.2812744 0.9202426 0.2733637 0.9172171 0.2316201 0.9169892 0.231494 0.9165735 0.2397836 0.9145943 0.2398589 0.9150221 0.2316201 0.9169892 0.2397836 0.9145943 0.2652277 0.9147328 0.2734943 0.9168028 0.2733637 0.9172171 0.2652277 0.9147328 0.2733637 0.9172171 0.2651474 0.9151602 0.2398589 0.9150221 0.2397836 0.9145943 0.2482503 0.9136208 0.2482738 0.9140546 0.2398589 0.9150221 0.2482503 0.9136208 0.2652277 0.9147328 0.2651474 0.9151602 0.2584354 0.914314 0.255039 0.9140914 0.2482738 0.9140546 0.2482503 0.9136208 0.2652277 0.9147328 0.2584354 0.914314 0.255039 0.9140914 0.2482503 0.9136208 0.2652277 0.9147328 0.255039 0.9140914 0.4433073 0.8174217 0.4444105 0.8174201 0.4441514 0.8628832 0.4433073 0.8174217 0.4441514 0.8628832 0.4433912 0.8628841 0.9898467 0.7118905 0.9898467 0.7019032 0.9951122 0.7018706 0.9898467 0.7118905 0.9951122 0.7018706 0.9951122 0.7118579 0.1525593 0.9342812 0.1609762 0.9352523 0.16092 0.9363645 0.1525593 0.9342812 0.16092 0.9363645 0.1523705 0.9353786 0.3095871 0.9175195 0.3037558 0.9174748 0.3040511 0.9156309 0.3095871 0.9175195 0.3040511 0.9156309 0.3098405 0.915675 0.2124663 0.9521396 0.2124663 0.9535638 0.1100353 0.9535638 0.2124663 0.9521396 0.1100353 0.9535638 0.1100353 0.9521396 0.9958749 0.06665974 0.9958749 0.07681959 0.9860626 0.07675904 0.9958749 0.06665974 0.9860626 0.07675904 0.9860626 0.06659919 0.2050889 0.9463344 0.2051556 0.9461753 0.2064619 0.9465252 0.2050889 0.9463344 0.2064619 0.9465252 0.2064402 0.9466962 0.879238 0.3393717 0.8875032 0.3393213 0.8875086 0.3401374 0.879238 0.3393717 0.8875086 0.3401374 0.8871378 0.3401396 0.8858051 0.3438823 0.8680888 0.3393213 0.879238 0.3393717 0.8866041 0.3422731 0.8862372 0.3438797 0.8858051 0.3438823 0.879238 0.3393717 0.8871378 0.3401396 0.8866026 0.3419755 0.8866026 0.3419755 0.8866041 0.3422731 0.8858051 0.3438823 0.879238 0.3393717 0.8866026 0.3419755 0.8858051 0.3438823 0.8045652 0.9874078 0.8054868 0.9874125 0.8054884 0.9885691 0.8045652 0.9874078 0.8054884 0.9885691 0.8045666 0.9885644 0.1767256 0.4652585 0.1684792 0.465245 0.1684838 0.4644287 0.1767256 0.4652585 0.1684838 0.4644287 0.1767302 0.4644423 0.473441 0.6604184 0.4700919 0.6604193 0.4715796 0.658955 0.473441 0.6604184 0.4715796 0.658955 0.4749287 0.6589543 0.8754813 0.9328678 0.8754891 0.9362274 0.7928068 0.9362274 0.7928068 0.9362274 0.7927991 0.9328678 0.7947121 0.9328678 0.7947121 0.9328678 0.8732541 0.9328678 0.8754813 0.9328678 0.7928068 0.9362274 0.7947121 0.9328678 0.8754813 0.9328678 0.9860872 0.03449165 0.9963335 0.03449165 0.9963118 0.0443058 0.9860872 0.03449165 0.9963118 0.0443058 0.9860655 0.0443058 0.9710838 0.5696118 0.9711474 0.5696948 0.9700287 0.5703402 0.9710838 0.5696118 0.9700287 0.5703402 0.9699883 0.5702435 0.1216694 0.3019204 0.1381717 0.302012 0.1381447 0.3104783 0.1216694 0.3019204 0.1381447 0.3104783 0.1216423 0.3103867 0.03145039 0.2645122 0.01996254 0.2645129 0.01819789 0.2622875 0.03145039 0.2645122 0.01819789 0.2622875 0.03330016 0.2622875 0.3100113 0.9137653 0.3177173 0.9137976 0.317586 0.9154103 0.3100113 0.9137653 0.317586 0.9154103 0.3098387 0.9153777 0.9711474 0.5696948 0.9720597 0.5687813 0.9721372 0.5688403 0.9711474 0.5696948 0.9721372 0.5688403 0.9712063 0.5697716 0.9006897 0.3539153 0.8931657 0.3504947 0.8944488 0.3476696 0.8944488 0.3476696 0.9021425 0.351168 0.9090254 0.3553542 0.9090254 0.3553542 0.9153584 0.360334 0.9210501 0.366036 0.9210501 0.366036 0.9260188 0.3723762 0.9308531 0.3807269 0.9308531 0.3807269 0.9335132 0.3866079 0.9359309 0.3942944 0.9359309 0.3942944 0.9374122 0.4022124 0.9379355 0.4102532 0.9379355 0.4102532 0.9364353 0.4272001 0.9350956 0.439952 0.9350956 0.439952 0.9320161 0.4395815 0.9343909 0.418217 0.9350956 0.439952 0.9343909 0.418217 0.934828 0.4102675 0.9359309 0.3942944 0.9379355 0.4102532 0.9350956 0.439952 0.9210501 0.366036 0.9308531 0.3807269 0.9359309 0.3942944 0.8944488 0.3476696 0.9090254 0.3553542 0.9210501 0.366036 0.9072548 0.3579056 0.9006897 0.3539153 0.8944488 0.3476696 0.9132951 0.3626554 0.9072548 0.3579056 0.8944488 0.3476696 0.9359309 0.3942944 0.9350956 0.439952 0.934828 0.4102675 0.9359309 0.3942944 0.934828 0.4102675 0.9343289 0.4025992 0.9132951 0.3626554 0.8944488 0.3476696 0.9210501 0.366036 0.9187234 0.3680933 0.9132951 0.3626554 0.9210501 0.366036 0.9359309 0.3942944 0.9343289 0.4025992 0.9329162 0.3950474 0.9359309 0.3942944 0.9329162 0.3950474 0.9306101 0.3877179 0.9234623 0.3741446 0.9187234 0.3680933 0.9210501 0.366036 0.9266623 0.3794241 0.9234623 0.3741446 0.9210501 0.366036 0.9210501 0.366036 0.9359309 0.3942944 0.9306101 0.3877179 0.9280654 0.3820886 0.9266623 0.3794241 0.9210501 0.366036 0.9306101 0.3877179 0.9280654 0.3820886 0.9210501 0.366036 0.596309 0.9878702 0.5963307 0.988138 0.5948862 0.9881424 0.596309 0.9878702 0.5948862 0.9881424 0.59488 0.9878746 0.5835736 0.9874022 0.5848148 0.9874061 0.5848163 0.9899864 0.5835736 0.9874022 0.5848163 0.9899864 0.5835736 0.9899825 0.9898452 0.2732778 0.9920716 0.2732898 0.9920855 0.2803288 0.9898452 0.2732778 0.9920855 0.2803288 0.9898592 0.2803167 0.3042508 0.9137212 0.3100113 0.9137653 0.3098387 0.9153777 0.3042508 0.9137212 0.3098387 0.9153777 0.3040491 0.9153335 0.1381715 0.2787358 0.1216691 0.2786441 0.1216423 0.2719369 0.1237637 0.2719487 0.1381448 0.2720285 0.1381715 0.2787358 0.1216423 0.2719369 0.1237637 0.2719487 0.1381715 0.2787358 0.009403109 0.4997177 0.3544838 0.4997176 0.3545179 0.5849265 0.3545179 0.5849265 0.3066437 0.5849264 0.3066406 0.5835022 0.3066406 0.5835022 0.09469425 0.5835023 0.09115052 0.5835022 0.09115052 0.5835022 0.09115052 0.5849265 0.009437263 0.5849265 0.009403109 0.4997177 0.3545179 0.5849265 0.3066406 0.5835022 0.09115052 0.5835022 0.009437263 0.5849265 0.009403109 0.4997177 0.3066406 0.5835022 0.09115052 0.5835022 0.009403109 0.4997177 0.3255862 0.9175616 0.317394 0.9175522 0.3175877 0.9157077 0.3255862 0.9175616 0.3175877 0.9157077 0.3257175 0.9157168 0.9780403 0.3513438 0.9793737 0.350596 0.9793738 0.8246839 0.9780403 0.3513438 0.9793738 0.8246839 0.9780404 0.8241595 0.4526112 0.8363361 0.4520077 0.8363377 0.4520061 0.8352842 0.4526112 0.8363361 0.4520061 0.8352842 0.4526096 0.8352842 0.5794985 0.5192475 0.5794985 0.5115258 0.5811077 0.5113536 0.5794985 0.5192475 0.5811077 0.5113536 0.5811079 0.5191164 0.9898445 0.2657647 0.9920707 0.2657768 0.9920716 0.2732898 0.9898445 0.2657647 0.9920716 0.2732898 0.9898452 0.2732778 0.8851497 0.7851086 0.8851482 0.7840118 0.9306151 0.7843562 0.8851497 0.7851086 0.9306151 0.7843562 0.9306159 0.7851148 0.9033595 0.9080951 0.9033648 0.9094915 0.902451 0.90938 0.9033595 0.9080951 0.902451 0.90938 0.9024454 0.9079836 0.9722423 0.2226506 0.8680642 0.2220054 0.8680641 0.002419054 0.9722423 0.2226506 0.8680641 0.002419054 0.9722423 0.003064215 0.9958695 0.01278197 0.9860552 0.01276028 0.9860552 0.002411603 0.9958695 0.01278197 0.9860552 0.002411603 0.9958695 0.0024333 0.4775033 0.5468505 0.4773544 0.5468431 0.4773443 0.5457543 0.4775033 0.5468505 0.4773443 0.5457543 0.4774933 0.5457578 0.1974111 0.9347649 0.2084377 0.9283033 0.2160537 0.9238408 0.8941483 0.7051187 0.8942545 0.7051636 0.8942643 0.7062404 0.8941483 0.7051187 0.8942643 0.7062404 0.8941581 0.7062094 0.9413247 0.3836148 0.9335132 0.3866079 0.9308531 0.3807269 0.9413247 0.3836148 0.9308531 0.3807269 0.9383558 0.3770508 0.6572658 0.003103554 0.6565677 0.002404093 0.8632594 0.002413094 0.8632594 0.002413094 0.8632594 0.4756078 0.8625613 0.4749093 0.8625612 0.003112852 0.6572658 0.003103554 0.8632594 0.002413094 0.8632594 0.002413094 0.8625613 0.4749093 0.8625612 0.003112852 0.703571 0.4772644 0.7095009 0.4772644 0.7094978 0.4787111 0.703571 0.4772644 0.7094978 0.4787111 0.7035679 0.4787111 0.9634735 0.5638371 0.9631321 0.5651096 0.9630498 0.5650976 0.9634735 0.5638371 0.9630498 0.5650976 0.9633958 0.5638044 0.179893 0.4579438 0.179893 0.3816049 0.1923741 0.3816329 0.179893 0.4579438 0.1923741 0.3816329 0.1923741 0.4579717 0.4776692 0.5477853 0.477653 0.5468427 0.4777935 0.5468214 0.4776692 0.5477853 0.4777935 0.5468214 0.477809 0.5477542 0.2591592 0.8523153 0.2602878 0.8529598 0.2602158 0.8531429 0.2591592 0.8523153 0.2602158 0.8531429 0.2590422 0.8524739 0.9070207 0.6042813 0.9070134 0.6055234 0.9068894 0.6055443 0.9070207 0.6042813 0.9068894 0.6055443 0.906897 0.604293 0.1580806 0.9936751 0.1579791 0.9937185 0.157691 0.9926428 0.1580806 0.9936751 0.157691 0.9926428 0.1578 0.9926267 0.1923065 0.1243231 0.1978311 0.1243355 0.1978311 0.2595258 0.1923065 0.1243231 0.1978311 0.2595258 0.1923065 0.2595134 0.1635113 0.9959261 0.1624629 0.9962073 0.1624488 0.9960901 0.1635113 0.9959261 0.1624488 0.9960901 0.1634668 0.995818 0.7842106 0.8369565 0.7761317 0.8369557 0.7761332 0.8367726 0.7842106 0.8369565 0.7761332 0.8367726 0.7842136 0.8367726 0.2807323 0.9430482 0.2779101 0.943022 0.2778964 0.9409009 0.2807323 0.9430482 0.2778964 0.9409009 0.2807186 0.9409271 0.2719901 0.9264796 0.2778028 0.9265227 0.2778049 0.9268461 0.2719901 0.9264796 0.2778049 0.9268461 0.2739613 0.9268177 0.2778964 0.9409009 0.2779101 0.943022 0.2720973 0.9429793 0.2719901 0.9264796 0.2739613 0.9268177 0.2740527 0.9408725 0.2740527 0.9408725 0.2778964 0.9409009 0.2720973 0.9429793 0.2740527 0.9408725 0.2720973 0.9429793 0.2719901 0.9264796 0.8065108 0.987414 0.8065124 0.9885706 0.8054884 0.9885691 0.8065108 0.987414 0.8054884 0.9885691 0.8054868 0.9874125 0.5148703 0.5652876 0.5146623 0.5652256 0.5146463 0.5640208 0.5148703 0.5652876 0.5146463 0.5640208 0.5148549 0.5641139 0.5097615 0.9881371 0.5097482 0.9884158 0.5086521 0.9884289 0.5097615 0.9881371 0.5086521 0.9884289 0.5086699 0.9881502 0.2561523 0.9429416 0.2477213 0.9429583 0.2477077 0.9408369 0.2561523 0.9429416 0.2477077 0.9408369 0.2561386 0.9408203 0.4819605 0.5703951 0.4830347 0.5706838 0.4829936 0.5707831 0.4819605 0.5703951 0.4829936 0.5707831 0.4819452 0.5705025 0.2462236 0.941616 0.2462198 0.940844 0.2462213 0.940844 0.2462198 0.940844 0.2462236 0.941616 0.2462141 0.940844 0.9370071 0.7670568 0.935758 0.7670548 0.9357566 0.7660232 0.9370071 0.7670568 0.9357566 0.7660232 0.9370071 0.7660252 0.9898828 0.3271982 0.989953 0.3266058 0.9899543 0.3272051 0.9899543 0.3272051 0.9898821 0.3272051 0.9898828 0.3271997 0.9899543 0.3272051 0.9898828 0.3271997 0.9898828 0.3271982 0.2602878 0.8529598 0.2615455 0.8532892 0.2615243 0.8534865 0.2602878 0.8529598 0.2615243 0.8534865 0.2602158 0.8531429 0.1347061 0.9363812 0.1327155 0.9363812 0.1327155 0.9360687 0.1347061 0.9363812 0.1327155 0.9360687 0.1347061 0.9360694 0.7836115 0.9885702 0.7827889 0.9885554 0.7827884 0.9873996 0.7836115 0.9885702 0.7827884 0.9873996 0.7836112 0.9874136 0.2113881 0.9446472 0.2103998 0.9456358 0.2102928 0.9454993 0.2113881 0.9446472 0.2102928 0.9454993 0.2112501 0.9445433 0.9972462 0.2682453 0.9969283 0.2682437 0.996955 0.2598292 0.9972462 0.2682453 0.996955 0.2598292 0.9972729 0.2598309 0.7973226 0.9880154 0.7973219 0.9874111 0.798242 0.9874173 0.7973226 0.9880154 0.798242 0.9874173 0.7982435 0.9880208 0.3040491 0.9153335 0.3098387 0.9153777 0.3098405 0.915675 0.3040491 0.9153335 0.3098405 0.915675 0.3040511 0.9156309 0.9026266 0.3726556 0.8918683 0.3726071 0.8918683 0.3585509 0.9026266 0.3726556 0.8918683 0.3585509 0.9026266 0.3585992 0.1842995 0.9892495 0.1843062 0.9874087 0.198365 0.9874087 0.1842995 0.9892495 0.198365 0.9874087 0.1983584 0.9892495 0.989665 0.9872775 0.989665 0.9746356 0.9963299 0.9745945 0.989665 0.9872775 0.9963299 0.9745945 0.9963299 0.9872364 0.906897 0.601584 0.9068894 0.6003109 0.9070134 0.6003304 0.906897 0.601584 0.9070134 0.6003304 0.9070207 0.6015933 0.9575445 0.8958948 0.9575429 0.8967924 0.9571891 0.8967924 0.9575445 0.8958948 0.9571891 0.8967924 0.9571906 0.8958956 0.1137901 0.9918268 0.1134489 0.9905554 0.1135272 0.9905241 0.1137901 0.9918268 0.1135272 0.9905241 0.1138729 0.9918175 0.2110933 0.9383562 0.2112485 0.9382348 0.2119266 0.9394065 0.2110933 0.9383562 0.2119266 0.9394065 0.2117434 0.9394829 0.8493191 0.9630099 0.8408359 0.9611348 0.8397862 0.9607663 0.8397862 0.9607663 0.8403394 0.9591907 0.8412945 0.959526 0.8397862 0.9607663 0.8412945 0.959526 0.849582 0.9613582 0.857766 0.9638372 0.8493191 0.9630099 0.8397862 0.9607663 0.874745 0.9624318 0.8662512 0.963648 0.857766 0.9638372 0.8830941 0.9589729 0.8834369 0.9606068 0.874745 0.9624318 0.874455 0.9607868 0.8830941 0.9589729 0.874745 0.9624318 0.857766 0.9638372 0.8397862 0.9607663 0.849582 0.9613582 0.857766 0.9638372 0.849582 0.9613582 0.8578295 0.9621655 0.874455 0.9607868 0.874745 0.9624318 0.857766 0.9638372 0.857766 0.9638372 0.8578295 0.9621655 0.8661141 0.9619809 0.8661141 0.9619809 0.874455 0.9607868 0.857766 0.9638372 0.8876174 0.9896373 0.8859792 0.9896411 0.8859792 0.9874147 0.8876174 0.9896373 0.8859792 0.9874147 0.8876174 0.9874107 0.02541339 0.894612 0.02541977 0.8987662 0.01932084 0.8986907 0.02541339 0.894612 0.01932084 0.8986907 0.01931458 0.8945366 0.0563879 0.9576197 0.05611479 0.9136155 0.1049852 0.9136155 0.0563879 0.9576197 0.1049852 0.9136155 0.1052567 0.9576197 0.8984373 0.9197543 0.9006636 0.9197444 0.9006551 0.9218899 0.8984373 0.9197543 0.9006551 0.9218899 0.8984288 0.9218997 0.2015784 0.01848918 0.2015784 0.1187915 0.2004055 0.1187805 0.2015784 0.01848918 0.2004055 0.1187805 0.2004055 0.01847797 0.4526112 0.8363361 0.4526096 0.837371 0.4520061 0.837371 0.4526112 0.8363361 0.4520061 0.837371 0.4520077 0.8363377 0.9849144 0.9830631 0.9762755 0.9848786 0.9679352 0.9860748 0.9679352 0.9860748 0.9596501 0.9862611 0.951403 0.9854555 0.951403 0.9854555 0.944309 0.983889 0.9448137 0.9824513 0.9448137 0.9824513 0.9448659 0.9823021 0.949131 0.9832434 0.9448137 0.9824513 0.949131 0.9832434 0.9516656 0.9838036 0.9845711 0.9814291 0.9849144 0.9830631 0.9679352 0.9860748 0.9759853 0.9832339 0.9845711 0.9814291 0.9679352 0.9860748 0.951403 0.9854555 0.9448137 0.9824513 0.9516656 0.9838036 0.951403 0.9854555 0.9516656 0.9838036 0.9597132 0.9845899 0.9677978 0.9844079 0.9759853 0.9832339 0.9679352 0.9860748 0.951403 0.9854555 0.9597132 0.9845899 0.9677978 0.9844079 0.9679352 0.9860748 0.951403 0.9854555 0.9677978 0.9844079 0.9274953 0.7660213 0.9274953 0.7670243 0.9187911 0.7670243 0.9274953 0.7660213 0.9187911 0.7670243 0.9187911 0.766021 0.5534012 0.5386568 0.5533965 0.5384225 0.5614598 0.5384225 0.5534012 0.5386568 0.5614598 0.5384225 0.5614646 0.5386568 0.9354302 0.7924623 0.9354302 0.7820779 0.9452437 0.7821036 0.9354302 0.7924623 0.9452437 0.7821036 0.9452437 0.7924879 0.8665581 0.9896349 0.8665581 0.9874084 0.8682243 0.9874092 0.8665581 0.9896349 0.8682243 0.9874092 0.8682243 0.9896357 0.5976061 0.9889534 0.596309 0.9889621 0.5963307 0.9886957 0.5976061 0.9889534 0.5963307 0.9886957 0.5976433 0.9886868 0.8951698 0.7790802 0.8951714 0.7789561 0.8965197 0.7789579 0.8951698 0.7790802 0.8965197 0.7789579 0.896529 0.779082 0.5946917 0.5391575 0.5946933 0.5389046 0.6027224 0.5389046 0.5946917 0.5391575 0.6027224 0.5389046 0.6027193 0.5391575 0.9710838 0.5696118 0.9719774 0.5687178 0.9720597 0.5687813 0.9710838 0.5696118 0.9720597 0.5687813 0.9711474 0.5696948 0.9252009 0.4360762 0.9252009 0.4450666 0.9248243 0.4451132 0.9252009 0.4360762 0.9248243 0.4451132 0.9248243 0.4360119 0.9898462 0.530383 0.9898462 0.5221816 0.9975995 0.5222002 0.9898462 0.530383 0.9975995 0.5222002 0.9975995 0.5304048 0.5794853 0.5273454 0.5794985 0.5192475 0.5811079 0.5191164 0.5794853 0.5273454 0.5811079 0.5191164 0.5810945 0.5272577 0.1135264 0.9944504 0.1128572 0.9956088 0.1127913 0.9955563 0.1135264 0.9944504 0.1127913 0.9955563 0.1134496 0.9944153 0.6525854 0.9874102 0.6525854 0.9885111 0.6525854 0.9889962 0.6525854 0.9889962 0.6467393 0.9889962 0.6467408 0.9874102 0.6525854 0.9889962 0.6467408 0.9874102 0.6525854 0.9874102 0.520335 0.6312673 0.5203749 0.6357871 0.5123379 0.635799 0.520335 0.6312673 0.5123379 0.635799 0.5122979 0.6312792 0.9324916 0.3340508 0.8680614 0.3344499 0.8680613 0.240251 0.9324916 0.3340508 0.8680613 0.240251 0.9324915 0.2398518 0.1464843 0.4652856 0.1464887 0.4644694 0.1511896 0.4644507 0.1511896 0.4644507 0.1532537 0.4644423 0.1532492 0.4652587 0.1511896 0.4644507 0.1532492 0.4652587 0.1464843 0.4652856 0.4229532 0.897568 0.4645872 0.897568 0.4661153 0.9015606 0.4229532 0.897568 0.4661153 0.9015606 0.4218841 0.9015606 0.1117371 0.9963252 0.1118009 0.9964086 0.1106823 0.9970541 0.1117371 0.9963252 0.1106823 0.9970541 0.1106423 0.996957 0.9972726 0.2368404 0.9972862 0.2440549 0.9969682 0.2440532 0.9972726 0.2368404 0.9969682 0.2440532 0.9969549 0.2368387 0.5146705 0.5665917 0.5146623 0.5652256 0.5148703 0.5652876 0.5146705 0.5665917 0.5148703 0.5652876 0.5148783 0.566618 0.9651863 0.5619264 0.9642927 0.5628205 0.9642089 0.5627564 0.9651863 0.5619264 0.9642089 0.5627564 0.9651228 0.5618435 0.4779311 0.5671691 0.4770812 0.5671641 0.4770812 0.56394 0.4779311 0.5671691 0.4770812 0.56394 0.4779311 0.5639454 0.1606207 0.4644289 0.1684838 0.4644287 0.1684792 0.465245 0.1606207 0.4644289 0.1684792 0.465245 0.1606162 0.465245 0.794045 0.4908823 0.7930085 0.4908768 0.7929821 0.490738 0.794045 0.4908823 0.7929821 0.490738 0.7940295 0.4907434 0.9370502 0.5365681 0.9370502 0.5363954 0.9370502 0.5365633 0.9370502 0.5365681 0.9370502 0.5350146 0.9370502 0.5363954 0.6234649 0.638001 0.623465 0.8336829 0.4804328 0.8333738 0.6234649 0.638001 0.4804328 0.8333738 0.4804328 0.6376931 0.3818035 0.8173614 0.3816978 0.8662371 0.2735526 0.8662371 0.3818035 0.8173614 0.2735526 0.8662371 0.2736581 0.8173614 0.8942705 0.7074863 0.8942724 0.7088159 0.8941663 0.7088191 0.8942705 0.7074863 0.8941663 0.7088191 0.8941643 0.7074707 0.1609762 0.9352523 0.167744 0.9352174 0.1677863 0.9363295 0.1609762 0.9352523 0.1677863 0.9363295 0.16092 0.9363645 0.5154129 0.9881371 0.515385 0.9878708 0.5166193 0.9878838 0.5154129 0.9881371 0.5166193 0.9878838 0.5166611 0.9881502 0.35065 0.9343349 0.3439154 0.935181 0.3405041 0.9354031 0.3013948 0.9256097 0.2827532 0.914676 0.2828721 0.9144701 0.2828721 0.9144701 0.3014672 0.925376 0.3015106 0.9254021 0.3013948 0.9256097 0.2828721 0.9144701 0.3015106 0.9254021 0.3876171 0.9145824 0.3877752 0.9147607 0.3813504 0.9204481 0.3812032 0.9202607 0.3876171 0.9145824 0.3813504 0.9204481 0.3090351 0.9295349 0.3013948 0.9256097 0.3015106 0.9254021 0.3090351 0.9295349 0.3015106 0.9254021 0.3091307 0.9293169 0.3812032 0.9202607 0.3813504 0.9204481 0.3743578 0.9252799 0.374234 0.9250766 0.3812032 0.9202607 0.3743578 0.9252799 0.317006 0.9324869 0.3090351 0.9295349 0.3091307 0.9293169 0.317006 0.9324869 0.3091307 0.9293169 0.3170745 0.9322589 0.374234 0.9250766 0.3743578 0.9252799 0.3668372 0.9292411 0.3667389 0.9290239 0.374234 0.9250766 0.3668372 0.9292411 0.325272 0.934464 0.317006 0.9324869 0.3170745 0.9322589 0.325272 0.934464 0.3170745 0.9322589 0.3253142 0.9342291 0.3667389 0.9290239 0.3668372 0.9292411 0.3588962 0.9322739 0.3588252 0.9320464 0.3667389 0.9290239 0.3588962 0.9322739 0.333716 0.9354376 0.325272 0.934464 0.3253142 0.9342291 0.333716 0.9354376 0.3253142 0.9342291 0.3337295 0.9351999 0.3588252 0.9320464 0.3588962 0.9322739 0.35065 0.9343349 0.350606 0.9341007 0.3588252 0.9320464 0.35065 0.9343349 0.3405041 0.9354031 0.333716 0.9354376 0.3337295 0.9351999 0.3405041 0.9354031 0.3337295 0.9351999 0.3404958 0.9351654 0.350606 0.9341007 0.35065 0.9343349 0.3405041 0.9354031 0.3405041 0.9354031 0.3404958 0.9351654 0.3438923 0.934944 0.3405041 0.9354031 0.3438923 0.934944 0.350606 0.9341007 0.4796481 0.9007853 0.573866 0.9007853 0.5739822 0.9542718 0.4796481 0.9007853 0.5739822 0.9542718 0.4797644 0.9542718 0.6526271 0.526431 0.6516482 0.5264381 0.6516482 0.5254064 0.6526271 0.526431 0.6516482 0.5254064 0.6526271 0.5253992 0.5111819 0.9894134 0.511133 0.9892003 0.5125348 0.9891977 0.5111819 0.9894134 0.5125348 0.9891977 0.5125473 0.9894108 0.8547701 0.9253986 0.8547672 0.9240706 0.8569486 0.9247347 0.8547701 0.9253986 0.8569486 0.9247347 0.8569501 0.9253986 0.6586319 0.6408869 0.6586303 0.6443473 0.6425929 0.6443473 0.6586319 0.6408869 0.6425929 0.6443473 0.6425944 0.6408869 0.6902694 0.4836801 0.6902694 0.4934948 0.6888357 0.4934932 0.6902694 0.4836801 0.6888357 0.4934932 0.6888357 0.483679 0.6537799 0.5264264 0.6537799 0.5253948 0.6550288 0.5253933 0.6537799 0.5264264 0.6550288 0.5253933 0.6550288 0.526425 0.5810043 0.9899864 0.5798531 0.9899943 0.5798515 0.9874139 0.5810043 0.9899864 0.5798515 0.9874139 0.5810027 0.9874063 0.7584167 0.9617342 0.7767805 0.9617342 0.7764825 0.9633802 0.7584167 0.9617342 0.7764825 0.9633802 0.7586544 0.9633803 0.2221772 0.9143594 0.2221602 0.9142205 0.2232928 0.9142228 0.2221772 0.9143594 0.2232928 0.9142228 0.2232983 0.9143617 0.8569144 0.9007816 0.8569059 0.9022275 0.853982 0.9022275 0.8569144 0.9007816 0.853982 0.9022275 0.8539906 0.9007816 0.4438948 0.6758272 0.4438949 0.6739401 0.4447286 0.6737118 0.4438948 0.6758272 0.4447286 0.6737118 0.4447291 0.6755973 0.9631321 0.5664267 0.9634718 0.5676988 0.9633958 0.5677299 0.9631321 0.5664267 0.9633958 0.5677299 0.9630498 0.5664365 0.09276086 0.6890181 0.1930635 0.6890181 0.1930658 0.6901568 0.09276086 0.6890181 0.1930658 0.6901568 0.0927636 0.6901568 0.1238042 0.2859601 0.1216827 0.2859484 0.1216691 0.2786441 0.1381715 0.2787358 0.1381851 0.2860401 0.1378614 0.2860381 0.1381715 0.2787358 0.1378614 0.2860381 0.137854 0.2820319 0.1237968 0.2819537 0.1238042 0.2859601 0.1216691 0.2786441 0.1381715 0.2787358 0.137854 0.2820319 0.1237968 0.2819537 0.1216691 0.2786441 0.1381715 0.2787358 0.1237968 0.2819537 0.788502 0.9885554 0.7885025 0.9891589 0.7876514 0.9891737 0.788502 0.9885554 0.7876514 0.9891737 0.7876511 0.9885702 0.784209 0.8371527 0.7761317 0.8371527 0.7761317 0.8369557 0.784209 0.8371527 0.7761317 0.8369557 0.7842106 0.8369565 0.5832312 0.5037735 0.5832448 0.5111027 0.5814052 0.5113553 0.5832312 0.5037735 0.5814052 0.5113553 0.5813917 0.5040822 0.7127737 0.98742 0.712773 0.9894106 0.7119352 0.9894168 0.7127737 0.98742 0.7119352 0.9894168 0.7119352 0.9874262 0.1447018 0.9954847 0.1447002 0.9874042 0.1527822 0.9874042 0.1447018 0.9954847 0.1527822 0.9874042 0.1527822 0.9954847 0.1085149 0.9659298 0.1095633 0.9617332 0.5744251 0.9617332 0.1085149 0.9659298 0.5744251 0.9617332 0.5759099 0.9659298 0.9687672 0.570571 0.9687813 0.5706745 0.9674888 0.5706745 0.9687672 0.570571 0.9674888 0.5706745 0.9675028 0.570571 0.9499961 0.4606649 0.949997 0.4676472 0.9477707 0.4676554 0.9499961 0.4606649 0.9477707 0.4676554 0.9477691 0.4606692 0.2601655 0.843569 0.2589987 0.8442523 0.2588948 0.8441159 0.2601655 0.843569 0.2588948 0.8441159 0.2601011 0.8434103 0.9898765 0.7776361 0.9898717 0.7759574 0.9937804 0.775931 0.9898765 0.7776361 0.9937804 0.775931 0.9937853 0.7776128 0.9820322 0.8319761 0.9820322 0.9531806 0.9780395 0.9547088 0.9820322 0.8319761 0.9780395 0.9547088 0.9780395 0.8309085 0.9956949 0.4858298 0.9965109 0.4858245 0.9964801 0.4936717 0.9956949 0.4858298 0.9964801 0.4936717 0.9956641 0.4936771 0.5815156 0.5386487 0.5815156 0.543069 0.578782 0.5430511 0.5815156 0.5386487 0.578782 0.5430511 0.578782 0.5384323 0.3344436 0.5927613 0.3346487 0.6869259 0.2304421 0.6869259 0.3344436 0.5927613 0.2304421 0.6869259 0.2302373 0.5927613 0.6632323 0.9885033 0.6632323 0.9897105 0.6573876 0.9897105 0.6632323 0.9885033 0.6573876 0.9897105 0.6573876 0.9885033 0.2829452 0.9268987 0.2806273 0.9268722 0.2806252 0.9265488 0.2859588 0.9266095 0.2860522 0.940988 0.2830365 0.9409536 0.2829452 0.9268987 0.2806252 0.9265488 0.2859588 0.9266095 0.2829452 0.9268987 0.2859588 0.9266095 0.2830365 0.9409536 0.9054719 0.9461466 0.9054719 0.9392809 0.9054719 0.9422647 0.4819722 0.5789465 0.4819598 0.5788531 0.4830361 0.5785644 0.4819722 0.5789465 0.4830361 0.5785644 0.4830711 0.5786524 0.985032 0.1403782 0.985032 0.5959222 0.9841822 0.595916 0.985032 0.1403782 0.9841822 0.595916 0.9841822 0.140372 0.8078476 0.924096 0.8047758 0.9251224 0.804246 0.9235386 0.804246 0.9235386 0.8074139 0.9224807 0.8159248 0.9207327 0.8159248 0.9207327 0.8243839 0.9200325 0.832866 0.9203491 0.832866 0.9203491 0.8413405 0.9216929 0.8500038 0.9236484 0.8500038 0.9236484 0.8496359 0.9252773 0.8410254 0.9233335 0.8500038 0.9236484 0.8410254 0.9233335 0.8327035 0.9220141 0.804246 0.9235386 0.8159248 0.9207327 0.832866 0.9203491 0.8161627 0.9223886 0.8078476 0.924096 0.804246 0.9235386 0.8161627 0.9223886 0.804246 0.9235386 0.832866 0.9203491 0.832866 0.9203491 0.8500038 0.9236484 0.8327035 0.9220141 0.8244216 0.921705 0.8161627 0.9223886 0.832866 0.9203491 0.832866 0.9203491 0.8327035 0.9220141 0.8244216 0.921705 0.9457082 0.4011594 0.9374122 0.4022124 0.9359309 0.3942944 0.9457082 0.4011594 0.9359309 0.3942944 0.944043 0.3922544 0.9931919 0.5885909 0.989853 0.5885909 0.989853 0.5702983 0.9931919 0.5885909 0.989853 0.5702983 0.9931919 0.5702983 0.9125649 0.4565907 0.90721 0.4565165 0.90721 0.3779794 0.9125649 0.4565907 0.90721 0.3779794 0.9125648 0.3780537 0.1780641 0.9352476 0.1712504 0.9361038 0.1711421 0.934996 0.1780641 0.9352476 0.1711421 0.934996 0.1778573 0.9341525 0.4683296 0.4997126 0.4683296 0.5157533 0.4671249 0.5157526 0.4683296 0.4997126 0.4671249 0.5157526 0.4671249 0.4997119 0.972512 0.7128403 0.972512 0.7083439 0.9731287 0.7083424 0.9731287 0.7083424 0.9731287 0.7173382 0.972512 0.7173382 0.9731287 0.7083424 0.972512 0.7173382 0.972512 0.7128403 0.1681279 0.2605434 0.1671373 0.2605401 0.1671357 0.259088 0.1681279 0.2605434 0.1671357 0.259088 0.1681271 0.2590911 0.9732289 0.8131883 0.9571928 0.8131961 0.9571928 0.799783 0.9732289 0.8131883 0.9571928 0.799783 0.9732289 0.7997768 0.5205191 0.5382236 0.5205177 0.5394237 0.5044774 0.5394237 0.5205191 0.5382236 0.5044774 0.5394237 0.5044789 0.5382236 0.5098615 0.9876279 0.5098002 0.9878708 0.5087204 0.9878839 0.5098615 0.9876279 0.5087204 0.9878839 0.5088026 0.9876406 0.9451435 0.4895297 0.9451435 0.5029253 0.9428153 0.502924 0.9428153 0.502924 0.9428153 0.486883 0.9428153 0.4868796 0.9428153 0.4868796 0.9449729 0.4868808 0.9449729 0.4868843 0.9449729 0.4868843 0.9451188 0.4868844 0.9451188 0.4895297 0.9451188 0.4895297 0.9451435 0.4895297 0.9428153 0.502924 0.9428153 0.502924 0.9428153 0.4868796 0.9449729 0.4868843 0.9428153 0.502924 0.9449729 0.4868843 0.9451188 0.4895297 0.9428153 0.502924 0.9451435 0.5029253 0.9440199 0.5029248 0.2184023 0.874216 0.2184056 0.8718975 0.2184039 0.8730973 0.2028918 0.9381266 0.2038787 0.9371384 0.2039842 0.937278 0.2028918 0.9381266 0.2039842 0.937278 0.2030285 0.9382344 0.8846904 0.9111086 0.8743595 0.9111102 0.8845873 0.9110062 0.8845865 0.9008833 0.8743595 0.9007824 0.8846904 0.9007809 0.8846904 0.9111086 0.8845873 0.9110062 0.8845865 0.9008833 0.8846904 0.9007809 0.8846904 0.9111086 0.8845865 0.9008833 0.9591299 0.7050688 0.9591299 0.7211078 0.9504265 0.7211042 0.9591299 0.7050688 0.9504265 0.7211042 0.9504265 0.7050653 0.03360164 0.894685 0.03360795 0.8988391 0.02541977 0.8987662 0.03360164 0.894685 0.02541977 0.8987662 0.02541339 0.894612 0.3721855 0.8100423 0.3561441 0.8100423 0.3561457 0.8077389 0.3561457 0.8077389 0.3721879 0.8077389 0.3721867 0.8098969 0.3721855 0.8098969 0.3721855 0.8100423 0.3561457 0.8077389 0.3561457 0.8077389 0.3721867 0.8098969 0.3721855 0.8098969 0.9571928 0.7963231 0.9732289 0.7963169 0.9732289 0.7997768 0.9571928 0.7963231 0.9732289 0.7997768 0.9571928 0.799783 0.3561457 0.8077389 0.3561441 0.8100423 0.3561446 0.8089438 0.4788734 0.5779213 0.4798131 0.578464 0.4797715 0.578565 0.4788734 0.5779213 0.4797715 0.578565 0.4788069 0.5780085 0.9428785 0.3742101 0.9425418 0.3742513 0.9425014 0.3738914 0.9428785 0.3742101 0.9425014 0.3738914 0.9428397 0.3738502 0.9732289 0.7963169 0.9571928 0.7963231 0.9571928 0.7829115 0.9732289 0.7963169 0.9571928 0.7829115 0.9732289 0.7829038 0.4510643 0.9478399 0.4510692 0.9456913 0.4510685 0.9462389 0.4510692 0.9456913 0.4510643 0.9478399 0.4510672 0.9456913 0.4510643 0.9478399 0.4510685 0.9462389 0.4510664 0.9478399 0.4481827 0.9884598 0.448181 0.9881806 0.4496085 0.9881773 0.4481827 0.9884598 0.4496085 0.9881773 0.4496178 0.9884563 0.5191546 0.5512104 0.5191546 0.5512104 0.5191546 0.5512104 0.6730724 0.9640356 0.6720698 0.9640356 0.6720712 0.9617317 0.6720712 0.9617317 0.6881121 0.9617317 0.6881107 0.9640356 0.6730729 0.9640356 0.6730724 0.9640356 0.6720712 0.9617317 0.6720712 0.9617317 0.6881107 0.9640356 0.6730729 0.9640356 0.3100277 0.9360795 0.307719 0.9360795 0.3088206 0.936078 0.6312839 0.9874106 0.6312839 0.9897181 0.6312839 0.9885111 0.3175877 0.9157077 0.317586 0.9154103 0.3257156 0.9154194 0.3175877 0.9157077 0.3257156 0.9154194 0.3257175 0.9157168 0.005886793 0.904237 0.002407491 0.9077265 0.0024181 0.7018586 0.005886793 0.904237 0.0024181 0.7018586 0.005898177 0.7053287 0.2572346 0.849022 0.2570412 0.8490499 0.2570332 0.8476966 0.2572346 0.849022 0.2570332 0.8476966 0.2572273 0.8477209 0.6964972 0.4837112 0.6964972 0.4935258 0.6954484 0.4935165 0.6964972 0.4837112 0.6954484 0.4935165 0.6954484 0.4837023 0.1635528 0.9960268 0.1624777 0.9963142 0.1624629 0.9962073 0.1635528 0.9960268 0.1624629 0.9962073 0.1635113 0.9959261 0.5948583 0.9874163 0.5948707 0.9876291 0.5934371 0.9876291 0.5948583 0.9874163 0.5934371 0.9876291 0.5934619 0.9874163 0.9921495 0.7884811 0.9921495 0.8045209 0.9905667 0.80452 0.9905667 0.80452 0.989846 0.8045198 0.989846 0.7894824 0.989846 0.7894824 0.989846 0.7884798 0.989846 0.7884762 0.989846 0.7884762 0.992004 0.7884775 0.992004 0.788481 0.992004 0.788481 0.9921495 0.7884811 0.9905667 0.80452 0.9905667 0.80452 0.989846 0.7894824 0.989846 0.7884762 0.9905667 0.80452 0.989846 0.7884762 0.992004 0.788481 0.9171338 0.5221801 0.9171338 0.5237662 0.9171338 0.5232809 0.7963179 0.4901865 0.7973977 0.4901834 0.7974273 0.4903036 0.7963179 0.4901865 0.7974273 0.4903036 0.7963334 0.4903066 0.8915632 0.9200934 0.8931395 0.9200953 0.8931395 0.9361352 0.8913934 0.9361324 0.8913934 0.936134 0.8908457 0.9361332 0.8915632 0.9200934 0.8931395 0.9361352 0.8913934 0.9361324 0.8908457 0.9361332 0.8908457 0.9200922 0.8915632 0.9200934 0.8913934 0.9361324 0.8908457 0.9361332 0.8915632 0.9200934 0.4412145 0.8174155 0.4419453 0.8628794 0.4413604 0.862874 0.4412145 0.8174155 0.4413604 0.862874 0.4403675 0.8174069 0.9055086 0.9328594 0.9055086 0.9168165 0.9055086 0.9328578 0.4481361 0.989458 0.4467397 0.989458 0.4467211 0.9892483 0.4481361 0.989458 0.4467211 0.9892483 0.4481562 0.9892483 0.5907436 0.9886868 0.5907281 0.9884084 0.5919833 0.9884171 0.5907436 0.9886868 0.5919833 0.9884171 0.5919941 0.9886957 0.9435544 0.2398258 0.9435544 0.3556094 0.9373021 0.3556117 0.9373021 0.3556117 0.9373021 0.2398289 0.9435117 0.2398258 0.9373021 0.3556117 0.9435117 0.2398258 0.9435544 0.2398258 0.5410605 0.9874086 0.5410605 0.9921726 0.5377405 0.992168 0.5410605 0.9874086 0.5377405 0.992168 0.5377405 0.9874039 0.6409875 0.9874075 0.6416741 0.9905572 0.6373686 0.9905572 0.6409875 0.9874075 0.6373686 0.9905572 0.636682 0.9874075 0.4495938 0.6650728 0.4495927 0.6650728 0.4495952 0.6592282 0.4495938 0.6650728 0.4495952 0.6592282 0.4495959 0.6592282 0.6923247 0.4694879 0.8275179 0.469494 0.8254639 0.4715586 0.6923247 0.4694879 0.8254639 0.4715586 0.6943632 0.4715527 0.8387126 0.9874198 0.8408919 0.987433 0.8408919 0.9903569 0.8387126 0.9874198 0.8408919 0.9903569 0.8387126 0.9903436 0.9962098 0.8271179 0.9915893 0.8269876 0.9963401 0.8269876 0.9868401 0.8364892 0.9868385 0.8269876 0.9869688 0.8271179 0.9868401 0.8364892 0.9869688 0.8271179 0.9869704 0.8363589 0.9962098 0.8271179 0.9963401 0.8269876 0.9963417 0.8364892 0.9868401 0.8364892 0.9869704 0.8363589 0.9962114 0.8363589 0.9962114 0.8363589 0.9962098 0.8271179 0.9963417 0.8364892 0.9962114 0.8363589 0.9963417 0.8364892 0.9868401 0.8364892 0.9911032 0.7277392 0.9898473 0.727757 0.9898473 0.7179419 0.9911032 0.7277392 0.9898473 0.7179419 0.9911032 0.7179249 0.7948281 0.4772625 0.7948266 0.4784626 0.7787864 0.4784626 0.7948281 0.4772625 0.7787864 0.4784626 0.778788 0.4772625 0.9920962 0.2340092 0.98987 0.2339968 0.9898832 0.2259273 0.9920962 0.2340092 0.9898832 0.2259273 0.9921094 0.2259395 0.8851317 0.7605179 0.8851317 0.6602188 0.8864396 0.6602087 0.8851317 0.7605179 0.8864396 0.6602087 0.8864396 0.7605079 0.9477815 0.4741615 0.9477707 0.4676554 0.949997 0.4676472 0.9477815 0.4741615 0.949997 0.4676472 0.9500078 0.4741502 0.8340651 0.9563047 0.7969741 0.9563047 0.7954846 0.9521111 0.8340651 0.9563047 0.7954846 0.9521111 0.8351078 0.9521111 0.2662658 0.8451685 0.2653057 0.8442178 0.2654137 0.8440809 0.2662658 0.8451685 0.2654137 0.8440809 0.2664072 0.8450637 0.9270812 0.836396 0.8932902 0.8013216 0.9270827 0.8018088 0.9270812 0.836396 0.8933203 0.8260481 0.8932902 0.8013216 0.9270812 0.836396 0.8596863 0.836396 0.8933203 0.8260481 0.2743834 0.8740282 0.2257063 0.8761786 0.2257063 0.8274169 0.8596863 0.836396 0.8932902 0.8013216 0.8933203 0.8260481 0.8596863 0.836396 0.8596879 0.8018088 0.8932902 0.8013216 0.1662406 0.992657 0.1659463 0.9937557 0.165861 0.9937187 0.1662406 0.992657 0.165861 0.9937187 0.1661485 0.992644 0.2254078 0.5895569 0.225414 0.6814441 0.1983056 0.6354385 0.225414 0.6814441 0.09597861 0.6814441 0.09600341 0.6354385 0.225414 0.6814441 0.09600341 0.6354385 0.1983056 0.6354385 0.4446091 0.6688202 0.3593271 0.6688233 0.4111186 0.6154225 0.996332 0.4387562 0.9964602 0.4603873 0.9956442 0.4603927 0.996332 0.4387562 0.9956442 0.4603927 0.995516 0.4387614 0.1900452 0.4644255 0.1935887 0.4644263 0.1935887 0.4691902 0.1900452 0.4644255 0.1935887 0.4691902 0.1900452 0.4691887 0.9662042 0.5611069 0.9661731 0.5610286 0.9674655 0.5606822 0.9662042 0.5611069 0.9674655 0.5606822 0.9674764 0.560766 0.5279938 0.6312794 0.5337215 0.6313083 0.5337616 0.635828 0.5279938 0.6312794 0.5337616 0.635828 0.528034 0.6357992 0.5061442 0.5522349 0.5141735 0.5522349 0.5141595 0.5524381 0.5061442 0.5522349 0.5141595 0.5524381 0.5061318 0.5524381 0.8947054 0.9011703 0.8968766 0.9025614 0.8967673 0.9160075 0.8947054 0.9011703 0.8967673 0.9160075 0.8945689 0.9179311 0.187487 0.0184561 0.1028885 0.1106244 0.01815646 0.01844835 0.59488 0.9878746 0.5948862 0.9881424 0.5934076 0.9881424 0.59488 0.9878746 0.5934076 0.9881424 0.5934184 0.9878746 0.4780985 0.6312705 0.4780989 0.6323022 0.4770807 0.6323133 0.4780985 0.6312705 0.4770807 0.6323133 0.4770804 0.6312816 0.5832449 0.5189253 0.5832315 0.5271292 0.5813919 0.5272593 0.5832449 0.5189253 0.5813919 0.5272593 0.5814052 0.5191182 0.932063 0.5767289 0.9438009 0.6104905 0.932063 0.6441239 0.932063 0.5767289 0.9719622 0.6105231 0.9438009 0.6104905 0.9720025 0.5767306 0.9719622 0.6105231 0.932063 0.5767289 0.794431 0.9612835 0.7931024 0.9608016 0.7936717 0.9592319 0.794431 0.9612835 0.7936717 0.9592319 0.7949059 0.9596794 0.8105603 0.9640063 0.8023152 0.9631122 0.794431 0.9612835 0.827074 0.9628176 0.8188528 0.9639077 0.8105603 0.9640063 0.8349571 0.9590657 0.8353731 0.9606829 0.827074 0.9628176 0.8267552 0.9611754 0.8349571 0.9590657 0.827074 0.9628176 0.8105603 0.9640063 0.794431 0.9612835 0.7949059 0.9596794 0.8105603 0.9640063 0.7949059 0.9596794 0.8025947 0.961463 0.8267552 0.9611754 0.827074 0.9628176 0.8105603 0.9640063 0.8187325 0.9622392 0.8267552 0.9611754 0.8105603 0.9640063 0.8105603 0.9640063 0.8025947 0.961463 0.8106403 0.9623354 0.8106403 0.9623354 0.8187325 0.9622392 0.8105603 0.9640063 0.9719622 0.6105231 0.9720025 0.6441256 0.932063 0.6441239 0.9719622 0.6105231 0.932063 0.6441239 0.9438009 0.6104905 0.4494859 0.9894546 0.4481361 0.989458 0.4481562 0.9892483 0.4494859 0.9894546 0.4481562 0.9892483 0.4495402 0.9892448 0.4055458 0.923174 0.3972836 0.9254468 0.3968405 0.9238367 0.3968405 0.9238367 0.4051997 0.9215373 0.4135996 0.9202806 0.4135996 0.9202806 0.4220902 0.9200378 0.4305487 0.9208124 0.4305487 0.9208124 0.4386582 0.9225516 0.442195 0.9237677 0.442195 0.9237677 0.441652 0.9253467 0.43821 0.9241632 0.442195 0.9237677 0.43821 0.9241632 0.4302964 0.9224662 0.4135996 0.9202806 0.4305487 0.9208124 0.442195 0.9237677 0.4055458 0.923174 0.3968405 0.9238367 0.4135996 0.9202806 0.4137477 0.9219469 0.4055458 0.923174 0.4135996 0.9202806 0.4135996 0.9202806 0.442195 0.9237677 0.4302964 0.9224662 0.4220377 0.9217098 0.4137477 0.9219469 0.4135996 0.9202806 0.4135996 0.9202806 0.4302964 0.9224662 0.4220377 0.9217098 0.6696774 0.9296535 0.6791062 0.9296535 0.6792024 0.9299905 0.6696774 0.9296535 0.6792024 0.9299905 0.6695549 0.9299905 0.9016706 0.907813 0.9024454 0.9079836 0.902451 0.90938 0.9016706 0.907813 0.902451 0.90938 0.9016761 0.9092079 0.2091451 0.9211881 0.2020658 0.9260801 0.2014904 0.9251258 0.2091451 0.9211881 0.2014904 0.9251258 0.2084611 0.9203089 0.5098592 0.9892084 0.511133 0.9892003 0.5111819 0.9894134 0.5098592 0.9892084 0.5111819 0.9894134 0.5099415 0.9894212 0.378107 0.7114763 0.3783435 0.8018974 0.2741407 0.8018974 0.378107 0.7114763 0.2741407 0.8018974 0.2739041 0.7114763 0.448181 0.9881806 0.4481717 0.987913 0.4495821 0.9879094 0.448181 0.9881806 0.4495821 0.9879094 0.4496085 0.9881773 0.1871998 0.2558757 0.1872056 0.2604501 0.1750754 0.2604501 0.1871998 0.2558757 0.1750754 0.2604501 0.1750695 0.2558756 0.4520022 0.8383175 0.4520061 0.837371 0.4526096 0.837371 0.4520022 0.8383175 0.4526096 0.837371 0.4526064 0.8383159 0.3685383 0.9247118 0.3663118 0.9247118 0.3663188 0.9232357 0.3685383 0.9247118 0.3663188 0.9232357 0.3685452 0.9232357 0.686109 0.4684252 0.686109 0.4676367 0.68637 0.4676391 0.686109 0.4684252 0.68637 0.4676391 0.68637 0.4684274 0.4781053 0.5720935 0.4780187 0.5720288 0.4788064 0.571241 0.4781053 0.5720935 0.4788064 0.571241 0.4788722 0.5713266 0.9032785 0.774476 0.8954851 0.771505 0.9350941 0.4399582 0.9395506 0.4404825 0.9350956 0.439952 0.9364353 0.4272001 0.9032785 0.774476 0.9350941 0.4399582 0.9395506 0.4404825 0.9462963 0.4101964 0.945801 0.4192009 0.9032785 0.774476 0.9364353 0.4272001 0.9379355 0.4102532 0.9462963 0.4101964 0.9462963 0.4101964 0.9032785 0.774476 0.9395506 0.4404825 0.9395506 0.4404825 0.9364353 0.4272001 0.9462963 0.4101964 0.9247195 0.772547 0.9250061 0.7703396 0.9322814 0.7712429 0.9247195 0.772547 0.9322814 0.7712429 0.9319949 0.7734501 0.4422168 0.8174201 0.4433073 0.8174217 0.4433912 0.8628841 0.4422168 0.8174201 0.4433912 0.8628841 0.4426372 0.8628832 0.5810676 0.4974018 0.5810944 0.5040806 0.5794851 0.5042914 0.5810676 0.4974018 0.5794851 0.5042914 0.5794585 0.4976482 0.1634668 0.995818 0.1643806 0.9952903 0.1644515 0.9953831 0.1634668 0.995818 0.1644515 0.9953831 0.1635113 0.9959261 0.7874556 0.9062257 0.7819849 0.9062257 0.781988 0.9007802 0.7874556 0.9062257 0.781988 0.9007802 0.7874556 0.9007802 0.6404467 0.9521074 0.6404459 0.9554468 0.5787932 0.9554468 0.6404467 0.9521074 0.5787932 0.9554468 0.578794 0.9521074 0.8233503 0.6538808 0.8233487 0.6540644 0.8152667 0.6540644 0.8233503 0.6538808 0.8152667 0.6540644 0.8152683 0.6538808 0.2041037 0.9374355 0.2052301 0.936785 0.2064868 0.9364483 0.2064868 0.9364483 0.2077886 0.9364488 0.2090453 0.9367854 0.2090453 0.9367854 0.2101733 0.9374362 0.2031837 0.938355 0.2031837 0.938355 0.2041037 0.9374355 0.2064868 0.9364483 0.2064868 0.9364483 0.2090453 0.9367854 0.2031837 0.938355 0.1930846 0.4579531 0.1928535 0.4579655 0.1928535 0.3816267 0.1930846 0.4579531 0.1928535 0.3816267 0.1930846 0.3816174 0.6027193 0.5391575 0.6027131 0.5393933 0.5946839 0.5393933 0.6027193 0.5391575 0.5946839 0.5393933 0.5946917 0.5391575 0.8965321 0.7792152 0.8978136 0.77922 0.8978074 0.7793539 0.8965321 0.7792152 0.8978074 0.7793539 0.896529 0.7793487 0.4734487 0.5263748 0.4734506 0.4922546 0.4749382 0.4907897 0.4734487 0.5263748 0.4749382 0.4907897 0.4749363 0.5278789 0.3435305 0.9899878 0.3435235 0.9874075 0.3504657 0.9874075 0.350472 0.9899878 0.3504728 0.9901984 0.3435305 0.9901984 0.3435305 0.9899878 0.3504657 0.9874075 0.350472 0.9899878 0.350472 0.9899878 0.3435305 0.9901984 0.3435305 0.9899878 0.4446091 0.499715 0.4446091 0.6688202 0.4111186 0.6154225 0.4446091 0.499715 0.4111186 0.6154225 0.4111186 0.5533205 0.1057755 0.9885578 0.1057161 0.988481 0.1068571 0.9878228 0.1057755 0.9885578 0.1068571 0.9878228 0.1068944 0.9879128 0.9868468 0.8590729 0.9915246 0.8590729 0.9960892 0.859187 0.9868468 0.8590729 0.9960892 0.859187 0.98696 0.8591862 0.98696 0.8683148 0.9962041 0.8684288 0.9868483 0.8684288 0.9868468 0.8590729 0.98696 0.8591862 0.98696 0.8683148 0.9868468 0.8590729 0.98696 0.8683148 0.9868483 0.8684288 0.992152 0.1916307 0.9899258 0.1916432 0.9899303 0.1842479 0.992152 0.1916307 0.9899303 0.1842479 0.9921565 0.184235 0.55545 0.9873998 0.5587696 0.9874036 0.5587696 0.9921685 0.55545 0.9873998 0.5587696 0.9921685 0.55545 0.9921646 0.9674904 0.5608633 0.9687798 0.5608637 0.9687672 0.5609677 0.9674904 0.5608633 0.9687672 0.5609677 0.9675028 0.5609673 0.3613154 0.9874011 0.3613154 0.9904378 0.3552863 0.9904378 0.3613154 0.9874011 0.3552863 0.9904378 0.3552863 0.9874011 0.264181 0.8531214 0.2628765 0.853479 0.2628477 0.8532831 0.264181 0.8531214 0.2628477 0.8532831 0.2641022 0.8529389 0.004588127 0.6945399 0.4734391 0.6945387 0.4749265 0.6960436 0.004588127 0.6945399 0.4749265 0.6960436 0.003106772 0.696044 0.4797704 0.5706844 0.479811 0.5707843 0.4788722 0.5713266 0.4797704 0.5706844 0.4788722 0.5713266 0.4788064 0.571241 0.2582345 0.8514003 0.2591592 0.8523153 0.2590422 0.8524739 0.2582345 0.8514003 0.2590422 0.8524739 0.2580794 0.8515215 0.3931426 0.9150536 0.3931512 0.9136077 0.396075 0.9136077 0.3931426 0.9150536 0.396075 0.9136077 0.3960664 0.9150536 0.776249 0.8109518 0.7761994 0.8042597 0.8547506 0.8042597 0.776249 0.8109518 0.8547506 0.8042597 0.8547995 0.8109518 0.4056835 0.9874522 0.4056802 0.9900325 0.4047211 0.9900439 0.4056835 0.9874522 0.4047211 0.9900439 0.4047242 0.9874637 0.885137 0.7660288 0.8875859 0.7660217 0.8875859 0.7758367 0.885137 0.7660288 0.8875859 0.7758367 0.885137 0.775843 0.6169689 0.8403633 0.6077544 0.8403633 0.6071888 0.8398237 0.6169689 0.8403633 0.6071888 0.8398237 0.6173623 0.8398237 0.1980458 0.6891766 0.2829521 0.6891767 0.2829521 0.6891861 0.1980458 0.6891766 0.2829521 0.6891861 0.1980458 0.689186 0.4779145 0.5424294 0.4779052 0.5434705 0.4777842 0.5434507 0.4779145 0.5424294 0.4777842 0.5434507 0.4777935 0.5423921 0.4772155 0.5423921 0.4772054 0.5434507 0.4770875 0.5434709 0.4772155 0.5423921 0.4770875 0.5434709 0.4770968 0.5424298 0.3721541 0.9904395 0.3661217 0.9904395 0.3661217 0.9874029 0.3721541 0.9904395 0.3661217 0.9874029 0.3721541 0.9874029 0.2550809 0.9200319 0.2573066 0.9200319 0.2573174 0.9216323 0.2550809 0.9200319 0.2573174 0.9216323 0.255091 0.9216323 0.5946901 0.5386525 0.5946823 0.5384181 0.6027116 0.5384181 0.5946901 0.5386525 0.6027116 0.5384181 0.6027193 0.5386525 0.9268397 0.6218019 0.9268397 0.6218019 0.9268397 0.6218019 0.1319432 0.9904081 0.1318067 0.9914538 0.1318067 0.9874135 0.1398857 0.9874135 0.1398857 0.9914538 0.1397492 0.9904078 0.1398857 0.9874135 0.1397492 0.9904078 0.1393442 0.9894339 0.1323482 0.9894335 0.1319432 0.9904081 0.1318067 0.9874135 0.1329906 0.9885964 0.1323482 0.9894335 0.1318067 0.9874135 0.1398857 0.9874135 0.1393442 0.9894339 0.1387034 0.9885969 0.1398857 0.9874135 0.1387034 0.9885969 0.1378656 0.987955 0.1338269 0.9879546 0.1329906 0.9885964 0.1318067 0.9874135 0.1347996 0.9875512 0.1338269 0.9879546 0.1318067 0.9874135 0.1398857 0.9874135 0.1378656 0.987955 0.1368911 0.9875512 0.1358454 0.9874135 0.1347996 0.9875512 0.1318067 0.9874135 0.1398857 0.9874135 0.1368911 0.9875512 0.1358454 0.9874135 0.1358454 0.9874135 0.1318067 0.9874135 0.1398857 0.9874135 0.9273142 0.360487 0.9210501 0.366036 0.9153584 0.360334 0.9273142 0.360487 0.9153584 0.360334 0.920916 0.3540796 0.7321946 0.4934394 0.7321946 0.4901 0.7504871 0.4901 0.7321946 0.4934394 0.7504871 0.4901 0.7504871 0.4934394 0.4520022 0.8383175 0.4526064 0.8383159 0.4526003 0.8391087 0.4520022 0.8383175 0.4526003 0.8391087 0.4519968 0.8391103 0.8543754 0.9874078 0.8543754 0.990713 0.8527271 0.9907128 0.8543754 0.9874078 0.8527271 0.9907128 0.8527271 0.9874078 0.9964538 0.6438763 0.9964538 0.647503 0.9905801 0.6475155 0.9905801 0.6438887 0.9905801 0.6377004 0.9964538 0.6376872 0.9964538 0.6438763 0.9905801 0.6475155 0.9905801 0.6438887 0.9905801 0.6438887 0.9964538 0.6376872 0.9964538 0.6438763 0.9396232 0.7744104 0.9399099 0.7722023 0.948148 0.7732517 0.9396232 0.7744104 0.948148 0.7732517 0.9478613 0.7754598 0.4496024 0.6442686 0.4495869 0.6442686 0.4496272 0.6442686 0.8744634 0.9110078 0.8845873 0.9110062 0.8743595 0.9111102 0.8743595 0.9007824 0.8845865 0.9008833 0.8744634 0.9008848 0.8744634 0.9008848 0.8744634 0.9110078 0.8743595 0.9111102 0.8744634 0.9008848 0.8743595 0.9111102 0.8743595 0.9007824 0.808579 0.9874078 0.8085805 0.9885644 0.8075658 0.9885691 0.808579 0.9874078 0.8075658 0.9885691 0.8075643 0.9874125 0.1594598 0.9888807 0.1587139 0.9896267 0.1586224 0.9895548 0.1594598 0.9888807 0.1586224 0.9895548 0.1593891 0.988788 0.4926072 0.5709803 0.4929454 0.5726932 0.4930571 0.5744341 0.4930571 0.5744341 0.4929423 0.576178 0.4925978 0.5778909 0.4925978 0.5778909 0.4920364 0.5795417 0.4915398 0.580544 0.4915398 0.580544 0.4935132 0.5820614 0.479476 0.6003168 0.479476 0.6003168 0.4770714 0.5984674 0.489672 0.5820831 0.489672 0.5820831 0.4884153 0.5811181 0.4892157 0.5799234 0.489672 0.5820831 0.4892157 0.5799234 0.4898518 0.5786356 0.4915398 0.580544 0.479476 0.6003168 0.489672 0.5820831 0.4930571 0.5744341 0.4925978 0.5778909 0.4915398 0.580544 0.4920455 0.5693264 0.4926072 0.5709803 0.4930571 0.5744341 0.4903081 0.5663071 0.4912762 0.5677593 0.4920455 0.5693264 0.4785111 0.5552415 0.490401 0.5643863 0.4895727 0.5654662 0.4895727 0.5654662 0.4903081 0.5663071 0.4920455 0.5693264 0.4920455 0.5693264 0.4930571 0.5744341 0.4915398 0.580544 0.4915398 0.580544 0.489672 0.5820831 0.4898518 0.5786356 0.4915398 0.580544 0.4898518 0.5786356 0.4903174 0.5772765 0.4785111 0.5552415 0.4895727 0.5654662 0.4920455 0.5693264 0.4870966 0.5648177 0.4770714 0.5571096 0.4785111 0.5552415 0.4874843 0.566664 0.4864047 0.5657144 0.4870966 0.5648177 0.4884309 0.5677438 0.4874843 0.566664 0.4870966 0.5648177 0.4870966 0.5648177 0.4785111 0.5552415 0.4920455 0.5693264 0.4920455 0.5693264 0.4915398 0.580544 0.4903174 0.5772765 0.4920455 0.5693264 0.4903174 0.5772765 0.4905996 0.5758677 0.4884309 0.5677438 0.4870966 0.5648177 0.4920455 0.5693264 0.4892283 0.5689416 0.4884309 0.5677438 0.4920455 0.5693264 0.4920455 0.5693264 0.4905996 0.5758677 0.4906927 0.5744341 0.4920455 0.5693264 0.4906927 0.5744341 0.4906027 0.5730004 0.4898613 0.5702293 0.4892283 0.5689416 0.4920455 0.5693264 0.4920455 0.5693264 0.4906027 0.5730004 0.4903236 0.5715916 0.4903236 0.5715916 0.4898613 0.5702293 0.4920455 0.5693264 0.2662658 0.8451685 0.2664072 0.8450637 0.2671125 0.8462709 0.2662658 0.8451685 0.2671125 0.8462709 0.2669495 0.8463364 0.387815 0.990444 0.387815 0.9874073 0.3938443 0.9874073 0.387815 0.990444 0.3938443 0.9874073 0.3938443 0.990444 0.7179015 0.9874262 0.7179008 0.9894168 0.7169908 0.9894106 0.7179015 0.9874262 0.7169908 0.9894106 0.7169924 0.98742 0.4746457 0.9203994 0.4620015 0.9203994 0.4619867 0.9136198 0.4746457 0.9203994 0.4619867 0.9136198 0.474631 0.9136198 0.7962995 0.9874095 0.7963002 0.988013 0.7952452 0.9880154 0.7962995 0.9874095 0.7952452 0.9880154 0.7952443 0.9874119 0.4829933 0.5784648 0.48295 0.5783556 0.4838624 0.5778287 0.4829933 0.5784648 0.4838624 0.5778287 0.4839347 0.5779206 0.7012276 0.9895946 0.7012337 0.9874149 0.7071048 0.9874149 0.7012276 0.9895946 0.7071048 0.9874149 0.7070986 0.9895946 0.4466993 0.9887384 0.4467071 0.9890051 0.4452921 0.9890014 0.4466993 0.9887384 0.4452921 0.9890014 0.4452673 0.988735 0.5851234 0.8399336 0.5861335 0.8399406 0.5861615 0.8400794 0.5851234 0.8399336 0.5861615 0.8400794 0.5851405 0.8400724 0.1977495 0.01846212 0.1991241 0.01846903 0.1991241 0.1187712 0.1977495 0.01846212 0.1991241 0.1187712 0.1977495 0.1187643 0.7973226 0.9880154 0.7982435 0.9880208 0.7982451 0.9891774 0.7973226 0.9880154 0.7982451 0.9891774 0.7973243 0.9891712 0.7882559 0.9617365 0.7882637 0.9647245 0.7820754 0.9647245 0.7882559 0.9617365 0.7820754 0.9647245 0.7820677 0.9617365 0.3829982 0.9874083 0.3829982 0.990445 0.3769689 0.990445 0.3829982 0.9874083 0.3769689 0.990445 0.3769689 0.9874083 0.3761586 0.9136696 0.3770725 0.9136611 0.3770725 0.9162415 0.3761586 0.9136696 0.3770725 0.9162415 0.3761586 0.91625 0.4319139 0.9903244 0.4318952 0.9874008 0.4380828 0.9874008 0.4319139 0.9903244 0.4380828 0.9874008 0.4381006 0.9903244 0.2908458 0.9328878 0.2930252 0.9329009 0.2930252 0.9358249 0.2908458 0.9328878 0.2930252 0.9358249 0.2908458 0.9358116 0.1195765 0.3140972 0.1196545 0.3142889 0.1196677 0.3144874 0.1196677 0.3144874 0.1196145 0.3146791 0.119499 0.3148509 0.119499 0.3148509 0.1193286 0.3149917 0.1191157 0.3150906 0.1191157 0.3150906 0.118874 0.3151421 0.1186203 0.3151421 0.1186203 0.3151421 0.1183721 0.315091 0.118146 0.3149912 0.118146 0.3149912 0.1179575 0.3148512 0.1178198 0.314679 0.1178198 0.314679 0.1177414 0.3144873 0.1177287 0.3142889 0.1177287 0.3142889 0.1177818 0.3140972 0.117897 0.3139254 0.117897 0.3139254 0.1180672 0.3137846 0.1182805 0.3136854 0.1182805 0.3136854 0.1185219 0.3136342 0.1187756 0.3136342 0.1187756 0.3136342 0.1190237 0.3136854 0.1192499 0.3137847 0.1192499 0.3137847 0.1194384 0.3139251 0.1195765 0.3140972 0.1195765 0.3140972 0.1196677 0.3144874 0.119499 0.3148509 0.119499 0.3148509 0.1191157 0.3150906 0.1186203 0.3151421 0.1186203 0.3151421 0.118146 0.3149912 0.1178198 0.314679 0.1178198 0.314679 0.1177287 0.3142889 0.117897 0.3139254 0.117897 0.3139254 0.1182805 0.3136854 0.1187756 0.3136342 0.1187756 0.3136342 0.1192499 0.3137847 0.1195765 0.3140972 0.1195765 0.3140972 0.119499 0.3148509 0.1186203 0.3151421 0.1186203 0.3151421 0.1178198 0.314679 0.117897 0.3139254 0.117897 0.3139254 0.1187756 0.3136342 0.1195765 0.3140972 0.1186203 0.3151421 0.117897 0.3139254 0.1195765 0.3140972 0.6874021 0.4836794 0.6874021 0.4934936 0.685984 0.493496 0.6874021 0.4836794 0.685984 0.493496 0.685984 0.4836817 0.9003854 0.6603035 0.9003854 0.6603035 0.9003854 0.6603035 0.9959705 0.6637207 0.9905886 0.6637348 0.9905886 0.653746 0.9959705 0.6637207 0.9905886 0.653746 0.9959705 0.6537321 0.657468 0.526431 0.657468 0.5253992 0.6584951 0.5254064 0.657468 0.526431 0.6584951 0.5254064 0.6584951 0.5264381 0.154639 0.4576366 0.154639 0.3813009 0.1745483 0.3813443 0.154639 0.4576366 0.1745483 0.3813443 0.1745483 0.45768 0.7307866 0.5059615 0.7307866 0.5029248 0.7314693 0.5029248 0.7240777 0.5066439 0.7240746 0.5029248 0.7247573 0.5029248 0.7240777 0.5066439 0.7247573 0.5029248 0.7247604 0.5059615 0.7307866 0.5059615 0.7314693 0.5029248 0.7314693 0.5066439 0.7240777 0.5066439 0.7247604 0.5059615 0.7307866 0.5059615 0.7307866 0.5059615 0.7314693 0.5066439 0.7240777 0.5066439 0.1058401 0.98864 0.1057755 0.9885578 0.1068944 0.9879128 0.1058401 0.98864 0.1068944 0.9879128 0.106935 0.9880082 0.9000818 0.4564422 0.8926015 0.4563872 0.8926015 0.3778502 0.9000818 0.4564422 0.8926015 0.3778502 0.9000818 0.377905 0.6208472 0.5350183 0.6208503 0.5363557 0.6110354 0.5363557 0.6208472 0.5350183 0.6110354 0.5363557 0.6110321 0.5350183 0.9652334 0.6731452 0.9652178 0.6731452 0.9652582 0.6731452 0.784577 0.9885787 0.7856196 0.9885818 0.7856196 0.9891853 0.784577 0.9885787 0.7856196 0.9891853 0.7845774 0.9891822 0.9062163 0.3392992 0.9153875 0.3392992 0.9153254 0.3396756 0.9062163 0.3392992 0.9153254 0.3396756 0.9062659 0.3396756 0.2573773 0.8463889 0.2575584 0.8464629 0.2572273 0.8477209 0.2573773 0.8463889 0.2572273 0.8477209 0.2570332 0.8476966 0.2064868 0.9364483 0.2052301 0.936785 0.2051556 0.9366019 0.2064868 0.9364483 0.2051556 0.9366019 0.2064636 0.9362521 0.2573987 0.8503544 0.2572412 0.8504231 0.2568712 0.8490744 0.2573987 0.8503544 0.2568712 0.8490744 0.2570412 0.8490499 0.01630902 0.8944938 0.01631534 0.8986478 0.01071929 0.8985562 0.01630902 0.8944938 0.01071929 0.8985562 0.01071298 0.8944023 0.7762886 0.8180944 0.776249 0.8109518 0.8547995 0.8109518 0.7762886 0.8180944 0.8547995 0.8109518 0.854839 0.8180944 0.9499287 0.5093684 0.9499287 0.529495 0.9401143 0.5294733 0.9499287 0.5093684 0.9401143 0.5294733 0.9401143 0.5093467 0.5130903 0.5665894 0.512876 0.5666158 0.5128681 0.5652853 0.5130903 0.5665894 0.5128681 0.5652853 0.5130822 0.565224 0.05603158 0.2686257 0.04791247 0.2687173 0.04787743 0.2664918 0.05603158 0.2686257 0.04787743 0.2664918 0.05599629 0.2664002 0.2051556 0.9366019 0.2039842 0.937278 0.2038787 0.9371384 0.2051556 0.9366019 0.2038787 0.9371384 0.2050904 0.9364394 0.9575461 0.8783137 0.9575461 0.889397 0.9572032 0.889397 0.9575461 0.8783137 0.9572032 0.889397 0.9572032 0.8783137 0.5746499 0.5305269 0.4880734 0.5305269 0.4879989 0.4965106 0.5746499 0.5305269 0.4879989 0.4965106 0.5745775 0.4965106 0.59465 0.5205644 0.5945764 0.4868833 0.6811545 0.4868832 0.59465 0.5205644 0.6811545 0.4868832 0.6812283 0.5205644 0.6916689 0.4836832 0.6916689 0.4934975 0.6902694 0.4934948 0.6916689 0.4836832 0.6902694 0.4934948 0.6902694 0.4836801 0.477231 0.5414907 0.4772155 0.5423921 0.4770968 0.5424298 0.477231 0.5414907 0.4770968 0.5424298 0.4771124 0.5415427 0.7250585 0.4914142 0.7250709 0.4900885 0.7272974 0.4900885 0.7250585 0.4914142 0.7272974 0.4900885 0.7272858 0.4914142 0.2084611 0.9203089 0.2148756 0.91463 0.2156102 0.9154655 0.2084611 0.9203089 0.2156102 0.9154655 0.2091451 0.9211881 0.9921565 0.184235 0.9899303 0.1842479 0.9899204 0.1765141 0.9921565 0.184235 0.9899204 0.1765141 0.9921467 0.1765011 0.238706 0.8341068 0.2387059 0.8301977 0.2405676 0.8301939 0.238706 0.8341068 0.2405676 0.8301939 0.2405677 0.8341029 0.1613917 0.9880808 0.1603736 0.9883529 0.1603284 0.9882462 0.1613917 0.9880808 0.1603284 0.9882462 0.1613768 0.987965 0.4529647 0.9290615 0.451999 0.929044 0.4519943 0.926464 0.4529647 0.9290615 0.4519943 0.926464 0.4529601 0.9264816 0.1662406 0.992657 0.1661485 0.992644 0.166149 0.9915297 0.1662406 0.992657 0.166149 0.9915297 0.16624 0.9915199 0.474749 0.9254015 0.4725691 0.9253953 0.4725691 0.9247313 0.474749 0.9254015 0.4725691 0.9247313 0.474749 0.9240704 0.03734481 0.9941131 0.03733003 0.9874017 0.0499742 0.9874017 0.03734481 0.9941131 0.0499742 0.9874017 0.0499891 0.9941131 0.5822718 0.9874022 0.5822735 0.9899825 0.5810043 0.9899864 0.5822718 0.9874022 0.5810043 0.9899864 0.5810027 0.9874063 0.9925065 0.7277244 0.9911032 0.7277392 0.9911032 0.7179249 0.9925065 0.7277244 0.9911032 0.7179249 0.9925065 0.7179094 0.8397735 0.4451715 0.8495877 0.4451932 0.8495877 0.4678426 0.8397735 0.4451715 0.8495877 0.4678426 0.8397735 0.4678208 0.2661092 0.8452887 0.2662658 0.8451685 0.2669495 0.8463364 0.2661092 0.8452887 0.2669495 0.8463364 0.2667659 0.8464127 0.8545734 0.4451808 0.8545734 0.4471714 0.854399 0.4471714 0.8545734 0.4451808 0.854399 0.4471714 0.854399 0.4451808 0.3997584 0.9874637 0.4009993 0.9874708 0.4009963 0.9900512 0.3997584 0.9874637 0.4009963 0.9900512 0.3997554 0.9900439 0.1922948 0.1187581 0.1922948 0.01845592 0.1933373 0.01845425 0.1922948 0.1187581 0.1933373 0.01845425 0.1933373 0.1187569 0.996991 0.1703449 0.9973088 0.1703429 0.9972786 0.1780278 0.996991 0.1703449 0.9972786 0.1780278 0.9969608 0.1780298 0.9950725 0.7277058 0.994033 0.727712 0.994033 0.7178977 0.9950725 0.7277058 0.994033 0.7178977 0.9950725 0.7178915 0.2669495 0.8463364 0.2671125 0.8462709 0.2674825 0.8476197 0.2669495 0.8463364 0.2674825 0.8476197 0.2673052 0.8476414 0.3761586 0.9136696 0.3761586 0.91625 0.3750353 0.9162561 0.3761586 0.9136696 0.3750353 0.9162561 0.3750353 0.9136757 0.9596448 0.7275527 0.9596448 0.7373658 0.9582896 0.7373763 0.9596448 0.7275527 0.9582896 0.7373763 0.9582896 0.7275632 0.7346263 0.9907473 0.7310826 0.9907473 0.7310826 0.9874072 0.7346263 0.9907473 0.7310826 0.9874072 0.7346263 0.9874072 0.4459378 0.9290615 0.4459332 0.9264816 0.4470254 0.926464 0.4459378 0.9290615 0.4470254 0.926464 0.4470301 0.929044 0.9715891 0.9786258 0.9705721 0.9786297 0.9705721 0.8783305 0.9715891 0.9786258 0.9705721 0.8783305 0.9715899 0.8783266 0.4526003 0.8334084 0.4526064 0.834285 0.4520022 0.8342866 0.4526003 0.8334084 0.4520022 0.8342866 0.4519968 0.8334084 0.4770847 0.5837252 0.4792799 0.5842109 0.4792799 0.5877918 0.4770847 0.5837252 0.4792799 0.5877918 0.4770847 0.5879633 0.1081566 0.9876809 0.1081428 0.9875771 0.1094341 0.9875783 0.1081566 0.9876809 0.1094341 0.9875783 0.1094209 0.9876813 0.7192568 0.499719 0.7192347 0.5081575 0.6860504 0.51735 0.7192568 0.499719 0.6860504 0.51735 0.6860965 0.499719 0.7169924 0.98742 0.7169908 0.9894106 0.7159513 0.9894058 0.7169924 0.98742 0.7159513 0.9894058 0.715952 0.9874169 0.1963098 0.01845699 0.1977495 0.01846212 0.1977495 0.1187643 0.1963098 0.01845699 0.1977495 0.1187643 0.1963129 0.1187595 0.6632323 0.9874027 0.6632323 0.9885033 0.6573876 0.9885033 0.6632323 0.9874027 0.6573876 0.9885033 0.6573876 0.9874027 0.4022996 0.9874734 0.4035699 0.9874708 0.4035663 0.9900512 0.4022996 0.9874734 0.4035663 0.9900512 0.402296 0.9900536 0.8807221 0.4612141 0.8807399 0.468028 0.8680964 0.468028 0.8807221 0.4612141 0.8680964 0.468028 0.8680785 0.4612141 0.005009591 0.975353 0.003486037 0.9713574 0.4754918 0.9713574 0.005009591 0.975353 0.4754918 0.9713574 0.4744181 0.975353 0.8984288 0.9446451 0.9006551 0.9446353 0.9006799 0.9533003 0.8984288 0.9446451 0.9006799 0.9533003 0.8984537 0.9533102 0.9090254 0.3553542 0.9137969 0.3484812 0.920916 0.3540796 0.9090254 0.3553542 0.920916 0.3540796 0.9153584 0.360334 0.9868472 0.9262792 0.9868472 0.9136349 0.9936268 0.9136202 0.9868472 0.9262792 0.9936268 0.9136202 0.9936268 0.9262645 0.2078149 0.9362521 0.2078382 0.936078 0.2091897 0.9364398 0.2078149 0.9362521 0.2091897 0.9364398 0.2091214 0.9366019 0.784577 0.9885787 0.7845763 0.9874222 0.7856189 0.9874252 0.784577 0.9885787 0.7856189 0.9874252 0.7856196 0.9885818 0.5437847 0.5382199 0.5437486 0.5421287 0.5424926 0.5421349 0.5437847 0.5382199 0.5424926 0.5421349 0.5425291 0.5382261 0.4623063 0.6039367 0.4494265 0.60397 0.4494265 0.4997617 0.4623063 0.6039367 0.4494265 0.4997617 0.4623063 0.4997283 0.643816 0.4252154 0.6439346 0.4337667 0.6417092 0.4338018 0.643816 0.4252154 0.6417092 0.4338018 0.6415897 0.4252504 0.9428009 0.3733335 0.9424642 0.3733746 0.9424673 0.3725414 0.9428009 0.3733335 0.9424673 0.3725414 0.9428055 0.3725003 0.3098405 0.915675 0.3098387 0.9153777 0.317586 0.9154103 0.3098405 0.915675 0.317586 0.9154103 0.3175877 0.9157077 0.9477924 0.4776316 0.9500249 0.4793187 0.9461401 0.4791855 0.9477924 0.4776316 0.9461401 0.4791855 0.9439441 0.4774997 0.4805333 0.6312611 0.4805333 0.6322928 0.4792769 0.6322951 0.4805333 0.6312611 0.4792769 0.6322951 0.4792765 0.6312636 0.1936926 0.3765627 0.1446277 0.376565 0.1446277 0.2655044 0.1936926 0.3765627 0.1446277 0.2655044 0.1936926 0.2655029 0.9956849 0.4690914 0.9965009 0.4690864 0.9965179 0.4775899 0.9956849 0.4690914 0.9965179 0.4775899 0.9957017 0.4775951 0.4948343 0.5903733 0.4946373 0.5896349 0.4946373 0.5888701 0.4946373 0.5888701 0.4948359 0.5881316 0.495216 0.5874707 0.495216 0.5874707 0.4957575 0.5869308 0.4964184 0.5865492 0.4964184 0.5865492 0.497157 0.5863506 0.4979203 0.5863506 0.4979203 0.5863506 0.4986588 0.5865475 0.4993214 0.5869292 0.4993214 0.5869292 0.4998613 0.5874691 0.5002446 0.5881316 0.5002446 0.5881316 0.5004415 0.5888701 0.5004415 0.5896334 0.5004415 0.5896334 0.5002446 0.5903702 0.4998629 0.5910327 0.4998629 0.5910327 0.4993228 0.5915741 0.4986604 0.5919558 0.4986604 0.5919558 0.4979219 0.5921544 0.4971585 0.5921544 0.4971585 0.5921544 0.49642 0.5919573 0.4957575 0.5915741 0.4957575 0.5915741 0.4952175 0.5910343 0.4948343 0.5903733 0.4948343 0.5903733 0.4946373 0.5888701 0.495216 0.5874707 0.495216 0.5874707 0.4964184 0.5865492 0.4979203 0.5863506 0.4979203 0.5863506 0.4993214 0.5869292 0.5002446 0.5881316 0.5002446 0.5881316 0.5004415 0.5896334 0.4998629 0.5910327 0.4998629 0.5910327 0.4986604 0.5919558 0.4971585 0.5921544 0.4971585 0.5921544 0.4957575 0.5915741 0.4948343 0.5903733 0.4948343 0.5903733 0.495216 0.5874707 0.4979203 0.5863506 0.4979203 0.5863506 0.5002446 0.5881316 0.4998629 0.5910327 0.4998629 0.5910327 0.4971585 0.5921544 0.4948343 0.5903733 0.4979203 0.5863506 0.4998629 0.5910327 0.4948343 0.5903733 0.7058818 0.4943369 0.7046188 0.4943333 0.7046203 0.4933018 0.7058818 0.4943369 0.7046203 0.4933018 0.7058832 0.4933055 0.4504943 0.8558603 0.4521421 0.8558603 0.4521421 0.8591656 0.4504943 0.8558603 0.4521421 0.8591656 0.4504943 0.8591655 0.4949058 0.5593644 0.4933139 0.5586476 0.4918305 0.5577277 0.4918305 0.5577277 0.4904776 0.5566216 0.489283 0.5553494 0.489283 0.5553494 0.488262 0.5539314 0.4876973 0.5528827 0.4876973 0.5528827 0.4876539 0.5529711 0.4864312 0.5533434 0.4864312 0.5533434 0.4821708 0.5393807 0.4840015 0.5388222 0.4877035 0.5509558 0.4888113 0.5506176 0.4888113 0.5506191 0.4864312 0.5533434 0.4840015 0.5388222 0.4877035 0.5509558 0.4918305 0.5577277 0.489283 0.5553494 0.4876973 0.5528827 0.4876973 0.5528827 0.4864312 0.5533434 0.4877035 0.5509558 0.4877035 0.5509558 0.4888113 0.5506191 0.4891837 0.5515996 0.4877035 0.5509558 0.4891837 0.5515996 0.489888 0.5529168 0.4918305 0.5577277 0.4876973 0.5528827 0.4877035 0.5509558 0.4965752 0.5598686 0.4949058 0.5593644 0.4918305 0.5577277 0.5000444 0.5602053 0.4983005 0.560151 0.4965752 0.5598686 0.5018845 0.5624781 0.5011802 0.5601727 0.5012298 0.5600859 0.5012298 0.5600859 0.5000444 0.5602053 0.4965752 0.5598686 0.4918305 0.5577277 0.4877035 0.5509558 0.489888 0.5529168 0.4918305 0.5577277 0.489888 0.5529168 0.4907631 0.5541315 0.5012298 0.5600859 0.4965752 0.5598686 0.4918305 0.5577277 0.5728644 0.5388222 0.5734229 0.5406513 0.5018845 0.5624781 0.5014656 0.5581404 0.5024865 0.5579 0.5031538 0.5600904 0.5031538 0.5600904 0.5728644 0.5388222 0.5018845 0.5624781 0.5031538 0.5600904 0.5018845 0.5624781 0.5012298 0.5600859 0.4999793 0.5582893 0.5014656 0.5581404 0.5031538 0.5600904 0.4984836 0.5582428 0.4999793 0.5582893 0.5031538 0.5600904 0.5031538 0.5600904 0.5012298 0.5600859 0.4918305 0.5577277 0.4918305 0.5577277 0.4907631 0.5541315 0.4917871 0.5552206 0.4918305 0.5577277 0.4917871 0.5552206 0.4929447 0.556167 0.4984836 0.5582428 0.5031538 0.5600904 0.4918305 0.5577277 0.4970097 0.5580008 0.4984836 0.5582428 0.4918305 0.5577277 0.4918305 0.5577277 0.4929447 0.556167 0.4942138 0.5569551 0.495576 0.5575695 0.4970097 0.5580008 0.4918305 0.5577277 0.4918305 0.5577277 0.4942138 0.5569551 0.495576 0.5575695 0.4839332 0.5713256 0.4847006 0.5720929 0.4846088 0.5721634 0.4839332 0.5713256 0.4846088 0.5721634 0.4838617 0.5714187 0.9636596 0.5639157 0.9633322 0.5651367 0.9632298 0.5651227 0.9636596 0.5639157 0.9632298 0.5651227 0.963562 0.5638754 0.7758229 0.9152986 0.7755901 0.9164672 0.7750285 0.9181203 0.7750285 0.9181203 0.7742589 0.9196862 0.7732876 0.9211378 0.7732876 0.9211378 0.7721365 0.9224502 0.7708238 0.9236013 0.7708238 0.9236013 0.7693717 0.9245712 0.7678046 0.9253433 0.7678046 0.9253433 0.7661505 0.9259044 0.7649838 0.9261369 0.7649838 0.9261369 0.7650552 0.9262047 0.7650552 0.9286152 0.7650552 0.9286152 0.6902463 0.9286128 0.6902432 0.9007717 0.6902432 0.9007717 0.7752583 0.9007717 0.7771728 0.9007717 0.7771728 0.9007717 0.7771728 0.9153712 0.7758913 0.9153712 0.7758229 0.9152986 0.7750285 0.9181203 0.7732876 0.9211378 0.7771728 0.9007717 0.7758913 0.9153712 0.7758229 0.9152986 0.7649838 0.9261369 0.7650552 0.9286152 0.6902432 0.9007717 0.7708238 0.9236013 0.7678046 0.9253433 0.7649838 0.9261369 0.7758229 0.9152986 0.7732876 0.9211378 0.7708238 0.9236013 0.6902432 0.9007717 0.7771728 0.9007717 0.7758229 0.9152986 0.7708238 0.9236013 0.7649838 0.9261369 0.6902432 0.9007717 0.7758229 0.9152986 0.7708238 0.9236013 0.6902432 0.9007717 0.7761348 0.8366144 0.7842152 0.8366144 0.7842136 0.8367726 0.7761348 0.8366144 0.7842136 0.8367726 0.7761332 0.8367726 0.893907 0.7074568 0.8939008 0.706183 0.8940342 0.7061893 0.893907 0.7074568 0.8940342 0.7061893 0.8940404 0.7074615 0.2064868 0.9463309 0.2064619 0.9465252 0.2051556 0.9461753 0.2064868 0.9463309 0.2051556 0.9461753 0.2052301 0.9459942 0.9937627 0.7724587 0.9937661 0.7730141 0.9937731 0.7742027 0.9937731 0.7742027 0.9898644 0.7742289 0.9898573 0.7730374 0.9898573 0.7730374 0.9898539 0.7724851 0.9937627 0.7724587 0.9937731 0.7742027 0.9898573 0.7730374 0.9937627 0.7724587 0.1661365 0.2605418 0.1651955 0.2605479 0.1651947 0.2590973 0.1661365 0.2605418 0.1651947 0.2590973 0.1661357 0.2590896 0.1443181 0.9323105 0.1525593 0.9342812 0.1523705 0.9353786 0.1443181 0.9323105 0.1523705 0.9353786 0.1440012 0.9333771 0.2599812 0.8251249 0.2527911 0.8251382 0.2528163 0.8206174 0.2599812 0.8251249 0.2528163 0.8206174 0.2600066 0.8206043 0.1963098 0.01845699 0.1963129 0.1187595 0.1948329 0.1187569 0.1963098 0.01845699 0.1948329 0.1187569 0.1948329 0.01845473 0.4774619 0.5762576 0.4780195 0.5772212 0.4779446 0.5772801 0.4774619 0.5762576 0.4779446 0.5772801 0.4773761 0.5762948 0.4215384 0.9874017 0.4270634 0.9874017 0.4270719 0.9906967 0.4215384 0.9874017 0.4270719 0.9906967 0.4215469 0.9906967 0.224461 0.9139211 0.2232928 0.9139235 0.2232974 0.9137837 0.224461 0.9139211 0.2232974 0.9137837 0.2244541 0.9137815 0.8544068 0.4631766 0.8544068 0.4548045 0.8544068 0.4565718 0.390553 0.955328 0.3839713 0.955328 0.3874204 0.955328 0.4596711 0.8008279 0.4630572 0.8016703 0.4596711 0.8016763 0.5451886 0.5382184 0.545152 0.5421264 0.5437486 0.5421287 0.5451886 0.5382184 0.5437486 0.5421287 0.5437847 0.5382199 0.8864396 0.7605079 0.8864396 0.6602087 0.8876411 0.6601955 0.8864396 0.7605079 0.8876411 0.6601955 0.8876411 0.7604947 0.9732234 0.6742112 0.971028 0.6737256 0.971028 0.6701447 0.9732234 0.6742112 0.971028 0.6701447 0.9732234 0.6699733 0.566901 0.9921767 0.563581 0.9921719 0.563581 0.9874079 0.566901 0.9921767 0.563581 0.9874079 0.566901 0.9874126 0.04001498 0.2665577 0.04005002 0.2687839 0.03237545 0.2688251 0.03237545 0.2688251 0.03235948 0.2678129 0.03344607 0.2665933 0.03237545 0.2688251 0.03344607 0.2665933 0.04001498 0.2665577 0.596309 0.9889621 0.5948816 0.9889667 0.5948877 0.9887002 0.596309 0.9889621 0.5948877 0.9887002 0.5963307 0.9886957 0.9582362 0.4967972 0.958236 0.5658158 0.9548971 0.5658189 0.9548972 0.5041732 0.9501337 0.5041732 0.9501338 0.4858837 0.9582362 0.4967972 0.9548971 0.5658189 0.9548972 0.5041732 0.9534729 0.4968003 0.9582362 0.4967972 0.9548972 0.5041732 0.9548977 0.3981969 0.9501342 0.3982 0.9501343 0.3799105 0.9534729 0.4968003 0.9548972 0.5041732 0.9501338 0.4858837 0.9534729 0.4932566 0.9534729 0.4968003 0.9501338 0.4858837 0.9534729 0.4932566 0.9501338 0.4858837 0.9548972 0.4858837 0.8680713 0.233464 0.8680713 0.230246 0.9582369 0.2302088 0.9548981 0.2334298 0.8680713 0.233464 0.9582369 0.2302088 0.9582361 0.4932535 0.9534729 0.4932566 0.9548972 0.4858837 0.9582361 0.4932535 0.9548972 0.4858837 0.9548977 0.3981969 0.9548981 0.2334298 0.9582369 0.2302088 0.9582369 0.2813072 0.9501346 0.2922238 0.9501346 0.2739343 0.9548979 0.2739343 0.9548979 0.2739343 0.9548981 0.2334298 0.9582369 0.2813072 0.9548979 0.2739343 0.9582369 0.2813072 0.9534736 0.2813072 0.9582365 0.3908241 0.9582361 0.4932535 0.9548977 0.3981969 0.9534732 0.3908272 0.9582365 0.3908241 0.9548977 0.3981969 0.9501346 0.2922238 0.9548979 0.2739343 0.9534736 0.2813072 0.9501346 0.2922238 0.9534736 0.2813072 0.9534736 0.2848509 0.9548978 0.2922238 0.9501346 0.2922238 0.9534736 0.2848509 0.9534732 0.3908272 0.9548977 0.3981969 0.9501343 0.3799105 0.9534732 0.3872835 0.9534732 0.3908272 0.9501343 0.3799105 0.9548978 0.2922238 0.9534736 0.2848509 0.9582369 0.2848478 0.9534732 0.3872835 0.9501343 0.3799105 0.9548975 0.3799074 0.9548975 0.3799074 0.9548978 0.2922238 0.9582369 0.2848478 0.9582365 0.3872804 0.9534732 0.3872835 0.9548975 0.3799074 0.9582369 0.2848478 0.9582365 0.3872804 0.9548975 0.3799074 0.680584 0.4818149 0.6773598 0.4818149 0.677816 0.480476 0.680584 0.4818149 0.677816 0.480476 0.6810402 0.480476 0.9428397 0.3738502 0.9425014 0.3738914 0.9425014 0.3738828 0.9428397 0.3738502 0.9425014 0.3738828 0.9428397 0.3738417 0.2454903 0.8301923 0.2576636 0.8301923 0.257603 0.8400047 0.2454903 0.8301923 0.257603 0.8400047 0.2454289 0.8400047 0.4596711 0.8008279 0.4596711 0.7114854 0.4630572 0.7114794 0.4596711 0.8008279 0.4630572 0.7114794 0.4630572 0.8016703 0.72272 0.9874019 0.7262638 0.9874019 0.7262638 0.9907413 0.72272 0.9874019 0.7262638 0.9907413 0.72272 0.9907413 0.5962718 0.9876246 0.596309 0.9878702 0.59488 0.9878746 0.5962718 0.9876246 0.59488 0.9878746 0.5948707 0.9876291 0.4779145 0.5424294 0.4777935 0.5423921 0.477809 0.5414903 0.4779145 0.5424294 0.477809 0.5414903 0.47793 0.5415423 0.6069872 0.5277215 0.6069718 0.5254952 0.6142682 0.525508 0.6069872 0.5277215 0.6142682 0.525508 0.6142834 0.5277343 0.742985 0.9907405 0.7394413 0.9907406 0.7394413 0.9874008 0.742985 0.9907405 0.7394413 0.9874008 0.742985 0.9874008 0.08494436 0.9940745 0.07230246 0.9940745 0.07226139 0.9874093 0.08494436 0.9940745 0.07226139 0.9874093 0.08490329 0.9874093 0.994033 0.727712 0.9925065 0.7277244 0.9925065 0.7179094 0.994033 0.727712 0.9925065 0.7179094 0.994033 0.7178977 0.7779895 0.9908564 0.7779895 0.9908659 0.7746497 0.9908661 0.7746497 0.9908661 0.7746497 0.9874035 0.7763196 0.9874035 0.7763196 0.9883112 0.7779895 0.9883111 0.7779895 0.9908564 0.7746497 0.9908661 0.7763196 0.9874035 0.7763196 0.9883112 0.7746497 0.9908661 0.7763196 0.9883112 0.7779895 0.9908564 0.9498779 0.7275266 0.9499385 0.737354 0.93588 0.737354 0.9498779 0.7275266 0.93588 0.737354 0.9358192 0.7275266 0.2286677 0.8250983 0.228693 0.8205778 0.2370933 0.8206043 0.2286677 0.8250983 0.2370933 0.8206043 0.2370681 0.8251251 0.03235948 0.2678129 0.03151845 0.2688267 0.03148341 0.2666012 0.03235948 0.2678129 0.03148341 0.2666012 0.0323404 0.2665996 0.1963357 0.9136127 0.1963264 0.9175216 0.1227494 0.9175216 0.1963357 0.9136127 0.1227494 0.9175216 0.1227556 0.9136127 0.06439375 0.266283 0.07321918 0.2661466 0.07325446 0.2683721 0.06439375 0.266283 0.07325446 0.2683721 0.06442892 0.2685086 0.8951714 0.7789561 0.8951729 0.7788501 0.8965057 0.7788515 0.8951714 0.7789561 0.8965057 0.7788515 0.8965197 0.7789579 0.4652701 0.6250195 0.4652701 0.6292342 0.4641151 0.6289867 0.4652701 0.6250195 0.4641151 0.6289867 0.4641151 0.6250986 0.7866684 0.9891822 0.7856196 0.9891853 0.7856196 0.9885818 0.7866684 0.9891822 0.7856196 0.9885818 0.7866681 0.9885787 0.1245675 0.9328554 0.1279007 0.932857 0.1279007 0.9376218 0.1245675 0.9328554 0.1279007 0.9376218 0.1245675 0.9376202 0.6565583 0.4816754 0.6565598 0.4804753 0.6726001 0.4804753 0.6565583 0.4816754 0.6726001 0.4804753 0.6725985 0.4816754 0.913874 0.7734704 0.913454 0.7776277 0.9120042 0.7752478 0.913874 0.7734704 0.9120042 0.7752478 0.9124277 0.7710548 0.7027556 0.9617446 0.7027735 0.9646652 0.6929605 0.9646652 0.7027556 0.9617446 0.6929605 0.9646652 0.6929422 0.9617446 0.5506403 0.9907355 0.5458756 0.9907355 0.5458772 0.9874023 0.5506403 0.9907355 0.5458772 0.9874023 0.550642 0.9874023 0.9150941 0.4566306 0.9150941 0.3780935 0.9200074 0.3781815 0.9150941 0.4566306 0.9200074 0.3781815 0.9200075 0.4567185 0.8936486 0.7074707 0.8937734 0.7074615 0.8937755 0.7088191 0.8936486 0.7074707 0.8937755 0.7088191 0.8936506 0.7088191 0.9021425 0.351168 0.9060591 0.3437725 0.9137969 0.3484812 0.9021425 0.351168 0.9137969 0.3484812 0.9090254 0.3553542 0.9971138 0.2972341 0.9971245 0.3040562 0.9948983 0.3040453 0.9971138 0.2972341 0.9948983 0.3040453 0.9948874 0.2972233 0.5373503 0.4740474 0.5823906 0.4740474 0.5831416 0.4753794 0.5373503 0.4740474 0.5831416 0.4753794 0.5368282 0.4753794 0.4646118 0.8785599 0.4662798 0.8784584 0.4662798 0.8927844 0.4646118 0.8785599 0.4662798 0.8927844 0.4646118 0.8926858 0.06005585 0.8947643 0.4178252 0.8943631 0.4178315 0.8985171 0.06005585 0.8947643 0.4178315 0.8985171 0.06006211 0.8989184 0.59565 0.003350973 0.6037133 0.003350973 0.6037085 0.003586769 0.59565 0.003350973 0.6037085 0.003586769 0.5956452 0.003586769 0.7963412 0.4904463 0.7963334 0.4903066 0.7974273 0.4903036 0.7963412 0.4904463 0.7974273 0.4903036 0.7974475 0.490444 0.4846084 0.5770826 0.4847013 0.5771533 0.4839347 0.5779206 0.4846084 0.5770826 0.4839347 0.5779206 0.4838624 0.5778287 0.06005585 0.8947643 0.06006211 0.8989184 0.05107378 0.8989157 0.06005585 0.8947643 0.05107378 0.8989157 0.05106735 0.8947617 0.4700996 0.5263748 0.4734487 0.5263748 0.4749363 0.5278789 0.4700996 0.5263748 0.4749363 0.5278789 0.4715871 0.5278789 0.04219406 0.894735 0.04220044 0.8988891 0.03360795 0.8988391 0.04219406 0.894735 0.03360795 0.8988391 0.03360164 0.894685 0.6672551 0.9617428 0.6672551 0.9650822 0.6267475 0.9650822 0.6672551 0.9617428 0.6267475 0.9650822 0.6267475 0.9617444 0.7836115 0.9885702 0.7836119 0.9891737 0.7827892 0.9891589 0.7836115 0.9885702 0.7827892 0.9891589 0.7827889 0.9885554 0.3533033 0.9274072 0.3462441 0.9274353 0.3462672 0.9232806 0.3533033 0.9274072 0.3462672 0.9232806 0.3533263 0.9232525 0.784577 0.9885787 0.7845774 0.9891822 0.7836119 0.9891737 0.784577 0.9885787 0.7836119 0.9891737 0.7836115 0.9885702 0.7974537 0.4905937 0.7963443 0.4905961 0.7963412 0.4904463 0.7974537 0.4905937 0.7963412 0.4904463 0.7974475 0.490444 0.8605227 0.005138576 0.8625612 0.003112852 0.8625613 0.4749093 0.8605227 0.005138576 0.8625613 0.4749093 0.8605228 0.4728444 0.9329 0.3676162 0.9260188 0.3723762 0.9210501 0.366036 0.9329 0.3676162 0.9210501 0.366036 0.9273142 0.360487 0.995621 0.4995368 0.9956641 0.4936771 0.9964801 0.4936717 0.995621 0.4995368 0.9964801 0.4936717 0.996437 0.4995315 0.166149 0.9915297 0.1660417 0.9915433 0.16576 0.9904959 0.166149 0.9915297 0.16576 0.9904959 0.1658598 0.9904553 0.7070841 0.4933161 0.7081422 0.4933331 0.7081408 0.4943646 0.7070841 0.4933161 0.7081408 0.4943646 0.7070826 0.4943477 0.8925893 0.7703901 0.9320135 0.4395909 0.9350941 0.4399582 0.8925893 0.7703901 0.9350941 0.4399582 0.8954851 0.771505 0.330375 0.9232947 0.33858 0.9232948 0.338557 0.9274495 0.330375 0.9232947 0.338557 0.9274495 0.330352 0.9274494 0.9730418 0.566415 0.9727066 0.5676628 0.9726104 0.5676228 0.9730418 0.566415 0.9726104 0.5676228 0.9729379 0.5664015 0.1363726 0.9293681 0.1443181 0.9323105 0.1440012 0.9333771 0.1363726 0.9293681 0.1440012 0.9333771 0.1359317 0.9303888 0.01931458 0.8945366 0.01932084 0.8986907 0.01631534 0.8986478 0.01931458 0.8945366 0.01631534 0.8986478 0.01630902 0.8944938 0.9674904 0.5608633 0.9675028 0.5609673 0.9662802 0.5612946 0.9674904 0.5608633 0.9662802 0.5612946 0.9662414 0.5611977 0.05106735 0.8947617 0.05107378 0.8989157 0.04220044 0.8988891 0.05106735 0.8947617 0.04220044 0.8988891 0.04219406 0.894735 0.2496668 0.9200275 0.2501923 0.9205635 0.2398939 0.9205635 0.2496668 0.9200275 0.2398939 0.9205635 0.2403399 0.9200275 0.4734506 0.4922546 0.004600286 0.492255 0.003118574 0.4907905 0.4734506 0.4922546 0.003118574 0.4907905 0.4749382 0.4907897 0.984174 0.6023938 0.9857744 0.6023831 0.9857744 0.6850488 0.984174 0.6023938 0.9857744 0.6850488 0.984174 0.6850594 0.8851482 0.7840118 0.8851442 0.7829909 0.9306121 0.7836518 0.8851482 0.7840118 0.9306121 0.7836518 0.9306151 0.7843562 0.7933244 0.9880301 0.7942305 0.9880208 0.7942327 0.9891774 0.7933244 0.9880301 0.7942327 0.9891774 0.7933259 0.9891867 0.2653057 0.8442178 0.2641308 0.8435475 0.2641999 0.8433877 0.2653057 0.8442178 0.2641999 0.8433877 0.2654137 0.8440809 0.9920954 0.2110358 0.9898692 0.2110235 0.9898436 0.2045593 0.9920954 0.2110358 0.9898436 0.2045593 0.9920699 0.2045716 0.004588127 0.6945399 0.003106772 0.696044 0.003118574 0.4907905 0.004588127 0.6945399 0.003118574 0.4907905 0.004600286 0.492255 0.5863122 0.5426875 0.5863541 0.5414227 0.5902043 0.5414227 0.5863122 0.5426875 0.5902043 0.5414227 0.5904874 0.5426875 0.5144285 0.5680338 0.5144202 0.5694643 0.5141544 0.5694868 0.5144285 0.5680338 0.5141544 0.5694868 0.5141629 0.5680385 0.1028885 0.1106244 0.187487 0.0184561 0.1874871 0.2465329 0.1028885 0.1106244 0.1874871 0.2465329 0.1028885 0.2719418 0.942741 0.8948943 0.4796503 0.8948943 0.4796503 0.8399013 0.942741 0.8948943 0.4796503 0.8399013 0.4828682 0.8400044 0.8758108 0.8399655 0.9427441 0.8399655 0.942741 0.8948943 0.942741 0.8948943 0.4828682 0.8400044 0.876388 0.8526144 0.876388 0.8526144 0.8758108 0.8399655 0.942741 0.8948943 0.1050344 0.8746502 0.01081961 0.8746502 0.01070165 0.8205644 0.1050344 0.8746502 0.01070165 0.8205644 0.1049165 0.8205645 0.9558244 0.7275954 0.9558244 0.7374089 0.9547555 0.7374299 0.9558244 0.7275954 0.9547555 0.7374299 0.9547555 0.7276167 0.9905667 0.8045211 0.989846 0.8045207 0.989846 0.8045198 0.9905667 0.8045211 0.989846 0.8045198 0.9905667 0.80452 0.4521307 0.8741875 0.4503161 0.8760027 0.4503161 0.865481 0.4503161 0.865481 0.4590544 0.8672961 0.4521307 0.8672961 0.4503161 0.865481 0.4521307 0.8672961 0.4521307 0.8741875 0.1986744 0.3746206 0.2017448 0.3745988 0.2017448 0.4687981 0.1986744 0.3746206 0.2017448 0.4687981 0.1986744 0.468819 0.8130807 0.2202248 0.8130807 0.01203948 0.8399466 0.01203018 0.8130807 0.2202248 0.8399466 0.01203018 0.8399466 0.2202123 0.5956436 0.002612471 0.5956359 0.002411544 0.6036993 0.002411544 0.5956436 0.002612471 0.6036993 0.002411544 0.6037071 0.002612471 0.9719774 0.5628213 0.9720612 0.5627572 0.9727066 0.5638759 0.9719774 0.5628213 0.9727066 0.5638759 0.9726104 0.5639161 0.6942785 0.4836941 0.6942785 0.4935088 0.6930125 0.4935026 0.6942785 0.4836941 0.6930125 0.4935026 0.6930125 0.4836879 0.7933989 0.9247723 0.7873376 0.9299197 0.7795918 0.9208014 0.7795918 0.9208014 0.7862011 0.9151886 0.7934413 0.9104024 0.7934413 0.9104024 0.8012027 0.9065168 0.8093731 0.9035872 0.8093731 0.9035872 0.8117859 0.9063316 0.8116222 0.9063687 0.8116222 0.9063687 0.810276 0.9066759 0.8117906 0.9063304 0.8117906 0.9063304 0.8119546 0.9029981 0.8178351 0.9016562 0.8178351 0.9016562 0.82472 0.9009343 0.828225 0.9007784 0.828225 0.9007784 0.8351463 0.9008855 0.8437464 0.9020571 0.8437464 0.9020571 0.8521446 0.9042492 0.8602202 0.9074302 0.8602202 0.9074302 0.8678994 0.9115773 0.8863344 0.9229059 0.8863344 0.9229059 0.8820372 0.9299944 0.8637232 0.9187431 0.8637232 0.9187431 0.8618721 0.9219198 0.8551653 0.9182981 0.8637232 0.9187431 0.8551653 0.9182981 0.8484266 0.9156438 0.8602202 0.9074302 0.8863344 0.9229059 0.8637232 0.9187431 0.828225 0.9007784 0.8437464 0.9020571 0.8602202 0.9074302 0.8117906 0.9063304 0.8178351 0.9016562 0.828225 0.9007784 0.8093731 0.9035872 0.8116222 0.9063687 0.8117906 0.9063304 0.7795918 0.9208014 0.7934413 0.9104024 0.8093731 0.9035872 0.7994406 0.9207783 0.7933989 0.9247723 0.7795918 0.9208014 0.8059177 0.9175359 0.7994406 0.9207783 0.7795918 0.9208014 0.7795918 0.9208014 0.8093731 0.9035872 0.8117906 0.9063304 0.8117906 0.9063304 0.828225 0.9007784 0.8602202 0.9074302 0.8602202 0.9074302 0.8637232 0.9187431 0.8484266 0.9156438 0.8602202 0.9074302 0.8484266 0.9156438 0.8414191 0.9138146 0.8059177 0.9175359 0.7795918 0.9208014 0.8117906 0.9063304 0.8127356 0.9150912 0.8059177 0.9175359 0.8117906 0.9063304 0.8117906 0.9063304 0.8602202 0.9074302 0.8414191 0.9138146 0.8117906 0.9063304 0.8414191 0.9138146 0.8342425 0.9128369 0.8197971 0.9134798 0.8127356 0.9150912 0.8117906 0.9063304 0.8256104 0.9128705 0.8197971 0.9134798 0.8117906 0.9063304 0.8117906 0.9063304 0.8342425 0.9128369 0.8283978 0.9127466 0.8283978 0.9127466 0.8256104 0.9128705 0.8117906 0.9063304</float_array>
          <technique_common>
            <accessor source="#EnglishClub_ec_h_ec_l_l_002-mesh-map-0-array" count="14712" stride="2">
              <param name="S" type="float"/>
              <param name="T" type="float"/>
            </accessor>
          </technique_common>
        </source>
        <vertices id="EnglishClub_ec_h_ec_l_l_002-mesh-vertices">
          <input semantic="POSITION" source="#EnglishClub_ec_h_ec_l_l_002-mesh-positions"/>
        </vertices>
        <triangles material="cc0c2a72-d5b5-4f27-81f3-d985b44d6b81-material" count="4904">
          <input semantic="VERTEX" source="#EnglishClub_ec_h_ec_l_l_002-mesh-vertices" offset="0"/>
          <input semantic="NORMAL" source="#EnglishClub_ec_h_ec_l_l_002-mesh-normals" offset="1"/>
          <input semantic="TEXCOORD" source="#EnglishClub_ec_h_ec_l_l_002-mesh-map-0" offset="2" set="0"/>
          <p>6 0 0 8 0 1 12 0 2 5 1 3 11 1 4 15 1 5 13 2 6 17 2 7 16 2 8 287 3 9 329 3 10 328 3 11 287 4 12 328 4 13 285 4 14 2163 5 15 2167 5 16 2165 5 17 2163 6 18 2165 6 19 2160 6 20 3189 7 21 3193 7 22 3184 7 23 3189 8 24 3184 8 25 3181 8 26 3903 9 27 3886 9 28 3887 9 29 3903 10 30 3887 10 31 3890 10 32 3690 11 33 3686 11 34 3711 11 35 3690 12 36 3711 12 37 3710 12 38 3565 13 39 3569 13 40 3717 13 41 3565 14 42 3717 14 43 3716 14 44 1653 15 45 1655 15 46 1652 15 47 1653 16 48 1652 16 49 1647 16 50 3682 17 51 3678 17 52 3713 17 53 3682 18 54 3713 18 55 3712 18 56 3757 19 57 3758 19 58 3620 19 59 3757 20 60 3620 20 61 3622 20 62 2679 21 63 2680 21 64 2444 21 65 2679 22 66 2444 22 67 2448 22 68 2920 23 69 2939 23 70 3127 23 71 2920 24 72 3127 24 73 3083 24 74 1714 25 75 1709 25 76 1710 25 77 1714 26 78 1710 26 79 1712 26 80 606 27 81 656 27 82 655 27 83 606 28 84 655 28 85 605 28 86 3309 29 87 2979 29 88 2983 29 89 3309 29 90 2983 29 91 2993 29 92 165 30 93 167 30 94 164 30 95 165 31 96 164 31 97 162 31 98 3670 32 99 3672 32 100 3669 32 101 3670 33 102 3669 33 103 3668 33 104 5002 34 105 5008 34 106 5006 34 107 5002 35 108 5006 35 109 5005 35 110 3583 36 111 3718 36 112 3574 36 113 3583 37 114 3574 37 115 3581 37 116 2810 38 117 2822 38 118 2826 38 119 2810 39 120 2826 39 121 2807 39 122 120 40 123 117 40 124 111 40 125 111 41 126 109 41 127 114 41 128 111 42 129 114 42 130 120 42 131 451 43 132 591 43 133 589 43 134 451 44 135 589 44 136 448 44 137 3421 45 138 3429 45 139 3427 45 140 3421 46 141 3427 46 142 3424 46 143 1859 47 144 1860 47 145 1979 47 146 1859 48 147 1979 48 148 1977 48 149 355 49 150 509 49 151 507 49 152 355 50 153 507 50 154 357 50 155 489 51 156 490 51 157 487 51 158 489 52 159 487 52 160 485 52 161 3531 53 162 3533 53 163 3529 53 164 3531 54 165 3529 54 166 3519 54 167 316 55 168 313 55 169 312 55 170 316 56 171 312 56 172 315 56 173 87 57 174 90 57 175 93 57 176 93 58 177 96 58 178 100 58 179 100 59 180 104 59 181 108 59 182 108 60 183 112 60 184 137 60 185 137 61 186 139 61 187 141 61 188 141 62 189 210 62 190 238 62 191 238 63 192 236 63 193 207 63 194 207 64 195 73 64 196 70 64 197 70 65 198 76 65 199 80 65 200 80 66 201 84 66 202 87 66 203 87 67 204 93 67 205 100 67 206 100 68 207 108 68 208 137 68 209 137 69 210 141 69 211 238 69 212 238 70 213 207 70 214 70 70 215 70 71 216 80 71 217 87 71 218 87 72 219 100 72 220 137 72 221 137 73 222 238 73 223 70 73 224 137 74 225 70 74 226 87 74 227 2171 75 228 2172 75 229 2169 75 230 2171 76 231 2169 76 232 2168 76 233 561 77 234 562 77 235 586 77 236 561 78 237 586 78 238 585 78 239 909 79 240 919 79 241 1002 79 242 909 80 243 1002 80 244 908 80 245 1224 81 246 1226 81 247 1228 81 248 1224 82 249 1228 82 250 1269 82 251 1808 83 252 1940 83 253 1939 83 254 1808 84 255 1939 84 256 1938 84 257 1668 85 258 1798 85 259 1796 85 260 1668 86 261 1796 86 262 1664 86 263 2202 87 264 2205 87 265 2204 87 266 2202 88 267 2204 88 268 2203 88 269 568 89 270 696 89 271 545 89 272 568 90 273 545 90 274 570 90 275 2174 91 276 2175 91 277 2172 91 278 2174 92 279 2172 92 280 2171 92 281 3376 93 282 3382 93 283 3185 93 284 3376 94 285 3185 94 286 3379 94 287 136 95 288 110 95 289 116 95 290 136 96 291 116 96 292 134 96 293 3204 97 294 3226 97 295 3298 97 296 3204 98 297 3298 98 298 3209 98 299 4864 99 300 4872 99 301 4871 99 302 4864 100 303 4871 100 304 4869 100 305 1192 101 306 1194 101 307 1190 101 308 1192 102 309 1190 102 310 1120 102 311 2186 103 312 2110 103 313 2114 103 314 2186 104 315 2114 104 316 2185 104 317 261 105 318 267 105 319 266 105 320 261 106 321 266 106 322 258 106 323 1015 107 324 1017 107 325 1077 107 326 1015 108 327 1077 108 328 1076 108 329 951 109 330 953 109 331 950 109 332 951 110 333 950 110 334 948 110 335 168 111 336 170 111 337 167 111 338 168 112 339 167 112 340 165 112 341 418 113 342 423 113 343 422 113 344 418 114 345 422 114 346 421 114 347 171 115 348 173 115 349 170 115 350 171 116 351 170 116 352 168 116 353 1804 117 354 1809 117 355 1808 117 356 1804 118 357 1808 118 358 1806 118 359 1081 119 360 1151 119 361 1149 119 362 1081 120 363 1149 120 364 1079 120 365 142 121 366 212 121 367 209 121 368 142 122 369 209 122 370 140 122 371 1911 123 372 1913 123 373 2007 123 374 1911 124 375 2007 124 376 2006 124 377 530 125 378 490 125 379 492 125 380 530 126 381 492 126 382 531 126 383 3092 127 384 3095 127 385 3147 127 386 3092 128 387 3147 128 388 3144 128 389 1171 129 390 1292 129 391 1290 129 392 1171 130 393 1290 130 394 1170 130 395 1999 131 396 2070 131 397 2068 131 398 1999 132 399 2068 132 400 1998 132 401 554 133 402 581 133 403 580 133 404 554 134 405 580 134 406 552 134 407 195 135 408 232 135 409 188 135 410 195 136 411 234 136 412 232 136 413 282 137 414 284 137 415 325 137 416 282 138 417 325 138 418 324 138 419 1833 139 420 1835 139 421 1831 139 422 1833 140 423 1831 140 424 1830 140 425 1840 141 426 1847 141 427 1861 141 428 1840 142 429 1861 142 430 1839 142 431 1077 143 432 1147 143 433 1146 143 434 1077 144 435 1146 144 436 1076 144 437 3198 145 438 3229 145 439 3226 145 440 3198 146 441 3226 146 442 3204 146 443 4781 147 444 4788 147 445 4787 147 446 4781 148 447 4787 148 448 4785 148 449 628 149 450 665 149 451 664 149 452 628 150 453 664 150 454 663 150 455 2312 151 456 2314 151 457 2386 151 458 2312 152 459 2386 152 460 2388 152 461 236 153 462 238 153 463 255 153 464 1424 154 465 1427 154 466 1422 154 467 1424 155 468 1422 155 469 1418 155 470 4098 156 471 4102 156 472 4103 156 473 4101 157 474 4097 157 475 4095 157 476 4098 158 477 4103 158 478 4101 158 479 4088 159 480 4099 159 481 4098 159 482 4095 160 483 4093 160 484 4088 160 485 4098 161 486 4101 161 487 4095 161 488 4095 162 489 4088 162 490 4098 162 491 1001 163 492 1051 163 493 1049 163 494 1001 164 495 1049 164 496 998 164 497 1855 165 498 1967 165 499 1965 165 500 1855 166 501 1965 166 502 1854 166 503 363 167 504 377 167 505 375 167 506 363 168 507 375 168 508 364 168 509 5062 169 510 4963 169 511 4966 169 512 5062 170 513 4966 170 514 4968 170 515 3797 171 516 3801 171 517 3805 171 518 3797 172 519 3805 172 520 3907 172 521 1673 173 522 1611 173 523 1614 173 524 1617 174 525 1633 174 526 1631 174 527 1617 175 528 1631 175 529 1629 175 530 1675 173 531 1673 173 532 1614 173 533 1677 173 534 1675 173 535 1614 173 536 1617 173 537 1629 173 538 1626 173 539 1617 173 540 1626 173 541 1624 173 542 1680 173 543 1677 173 544 1614 173 545 1682 173 546 1680 173 547 1614 173 548 1617 173 549 1624 173 550 1622 173 551 1620 173 552 1682 173 553 1614 173 554 1617 176 555 1622 176 556 1620 176 557 1620 173 558 1614 173 559 1617 173 560 903 177 561 900 177 562 918 177 563 903 178 564 918 178 565 916 178 566 4972 179 567 4975 179 568 4970 179 569 4972 180 570 4970 180 571 4959 180 572 5107 181 573 5109 181 574 5111 181 575 5107 182 576 5111 182 577 5112 182 578 4738 183 579 4741 183 580 4740 183 581 4738 183 582 4740 183 583 4737 183 584 1854 184 585 1965 184 586 1963 184 587 1854 185 588 1963 185 589 1853 185 590 3384 186 591 3386 186 592 3182 186 593 3384 187 594 3182 187 595 3190 187 596 1686 188 597 1688 188 598 1826 188 599 1686 189 600 1826 189 601 1824 189 602 1850 190 603 1764 190 604 1762 190 605 1850 191 606 1762 191 607 1865 191 608 4272 192 609 4275 192 610 4269 192 611 4272 192 612 4269 192 613 4271 192 614 1921 193 615 1926 193 616 1924 193 617 1921 194 618 1924 194 619 1922 194 620 1898 195 621 1818 195 622 1794 195 623 1898 196 624 1794 196 625 1792 196 626 3666 197 627 3667 197 628 3665 197 629 3666 198 630 3665 198 631 3555 198 632 599 199 633 600 199 634 598 199 635 599 200 636 598 200 637 597 200 638 5060 201 639 4987 201 640 4981 201 641 5060 202 642 4981 202 643 5057 202 644 5074 203 645 5077 203 646 5072 203 647 5074 204 648 5072 204 649 5069 204 650 281 205 651 264 205 652 290 205 653 281 206 654 290 206 655 289 206 656 1697 207 657 1909 207 658 1905 207 659 1697 208 660 1905 208 661 1695 208 662 2009 209 663 2010 209 664 2022 209 665 2009 210 666 2022 210 667 1939 210 668 1582 211 669 1586 211 670 1584 211 671 1104 212 672 1105 212 673 1177 212 674 1104 213 675 1177 213 676 1176 213 677 4435 214 678 4448 214 679 4439 214 680 4435 214 681 4439 214 682 4444 214 683 525 215 684 425 215 685 426 215 686 525 216 687 426 216 688 526 216 689 1942 217 690 2026 217 691 2025 217 692 1942 218 693 2025 218 694 1941 218 695 3122 219 696 3069 219 697 3073 219 698 3073 220 699 3163 220 700 3102 220 701 3102 221 702 3120 221 703 3122 221 704 3073 222 705 3102 222 706 3122 222 707 2119 223 708 2124 223 709 2121 223 710 2119 224 711 2121 224 712 2116 224 713 4059 225 714 4061 225 715 4062 225 716 4062 226 717 4056 226 718 4053 226 719 4053 227 720 4050 227 721 4048 227 722 4048 228 723 4060 228 724 4059 228 725 4059 229 726 4062 229 727 4053 229 728 4059 230 729 4053 230 730 4048 230 731 2300 231 732 2402 231 733 2405 231 734 2300 232 735 2405 232 736 2298 232 737 663 233 738 664 233 739 683 233 740 663 234 741 683 234 742 685 234 743 3872 235 744 3901 235 745 3898 235 746 3872 236 747 3898 236 748 3871 236 749 1306 237 750 1304 237 751 1179 237 752 1306 238 753 1179 238 754 1180 238 755 606 239 756 607 239 757 657 239 758 606 240 759 657 240 760 656 240 761 1447 241 762 1449 241 763 1456 241 764 1447 242 765 1456 242 766 1458 242 767 1588 243 768 1574 243 769 1597 243 770 1588 244 771 1597 244 772 1594 244 773 3667 245 774 3815 245 775 3813 245 776 3667 246 777 3813 246 778 3665 246 779 2304 247 780 2398 247 781 2400 247 782 2304 248 783 2400 248 784 2302 248 785 411 249 786 412 249 787 512 249 788 411 250 789 512 250 790 410 250 791 129 251 792 150 251 793 148 251 794 129 252 795 148 252 796 147 252 797 4956 253 798 4946 253 799 4951 253 800 4956 254 801 4951 254 802 4954 254 803 3890 255 804 3891 255 805 3892 255 806 3890 256 807 3892 256 808 3903 256 809 2326 257 810 2374 257 811 2376 257 812 2326 258 813 2376 258 814 2324 258 815 4130 259 816 4137 259 817 4141 259 818 4141 260 819 4139 260 820 4145 260 821 4145 261 822 4143 261 823 4130 261 824 4141 262 825 4145 262 826 4130 262 827 1159 263 828 1317 263 829 1314 263 830 1159 264 831 1314 264 832 1157 264 833 483 265 834 484 265 835 482 265 836 483 266 837 482 266 838 481 266 839 332 267 840 388 267 841 386 267 842 332 268 843 386 268 844 384 268 845 1544 269 846 1569 269 847 1541 269 848 1544 270 849 1541 270 850 1542 270 851 2071 271 852 2074 271 853 2104 271 854 2071 272 855 2104 272 856 2102 272 857 1935 273 858 1937 273 859 2018 273 860 1935 274 861 2018 274 862 1934 274 863 3938 275 864 3749 275 865 3750 275 866 3938 276 867 3750 276 868 3934 276 869 957 277 870 962 277 871 961 277 872 957 278 873 961 278 874 959 278 875 3292 279 876 3259 279 877 3035 279 878 3035 280 879 2986 280 880 2990 280 881 2990 281 882 2996 281 883 3002 281 884 3002 282 885 3010 282 886 3284 282 887 3002 283 888 3284 283 889 3286 283 890 3035 284 891 2990 284 892 3002 284 893 3290 285 894 3292 285 895 3035 285 896 3002 286 897 3286 286 898 3288 286 899 3288 287 900 3290 287 901 3035 287 902 3035 288 903 3002 288 904 3288 288 905 1923 289 906 1932 289 907 1933 289 908 1923 290 909 1933 290 910 2015 290 911 1209 291 912 1259 291 913 720 291 914 1209 292 915 720 292 916 1206 292 917 4880 293 918 4878 293 919 4845 293 920 4845 294 921 4836 294 922 4875 294 923 4875 295 924 4879 295 925 4880 295 926 4845 296 927 4875 296 928 4880 296 929 1700 297 930 1910 297 931 1909 297 932 1700 298 933 1909 298 934 1697 298 935 4006 299 936 4008 299 937 4003 299 938 4006 300 939 4003 300 940 4005 300 941 2014 301 942 2021 301 943 2023 301 944 2014 302 945 2023 302 946 2013 302 947 1308 303 948 1309 303 949 1307 303 950 1308 304 951 1307 304 952 1306 304 953 3583 305 954 3585 305 955 3709 305 956 3583 306 957 3709 306 958 3718 306 959 1094 307 960 1165 307 961 1163 307 962 1094 308 963 1163 308 964 1092 308 965 820 309 966 842 309 967 840 309 968 820 310 969 840 310 970 837 310 971 1662 311 972 1934 311 973 1933 311 974 1662 312 975 1933 312 976 1658 312 977 2045 313 978 2049 313 979 2048 313 980 2045 314 981 2048 314 982 2047 314 983 1134 315 984 1136 315 985 1220 315 986 1134 316 987 1220 316 988 1219 316 989 515 317 990 517 317 991 703 317 992 515 318 993 703 318 994 702 318 995 512 319 996 513 319 997 701 319 998 512 320 999 701 320 1000 511 320 1001 855 321 1002 858 321 1003 860 321 1004 855 322 1005 860 322 1006 872 322 1007 330 323 1008 331 323 1009 383 323 1010 330 324 1011 383 324 1012 360 324 1013 510 325 1014 508 325 1015 407 325 1016 510 326 1017 407 326 1018 409 326 1019 1231 327 1020 1278 327 1021 1277 327 1022 1231 328 1023 1277 328 1024 1230 328 1025 2032 329 1026 2033 329 1027 2091 329 1028 2032 330 1029 2091 330 1030 2090 330 1031 1320 331 1032 1313 331 1033 1316 331 1034 1320 332 1035 1316 332 1036 1247 332 1037 2033 333 1038 2034 333 1039 2035 333 1040 2033 334 1041 2035 334 1042 2092 334 1043 2003 335 1044 2079 335 1045 2077 335 1046 2003 336 1047 2077 336 1048 2002 336 1049 1273 337 1050 1276 337 1051 1275 337 1052 1273 338 1053 1275 338 1054 1274 338 1055 481 339 1056 482 339 1057 358 339 1058 481 340 1059 358 340 1060 480 340 1061 1904 341 1062 1905 341 1063 1909 341 1064 1904 342 1065 1909 342 1066 2004 342 1067 1172 343 1068 1173 343 1069 1297 343 1070 1172 344 1071 1297 344 1072 1296 344 1073 1775 345 1074 1771 345 1075 1785 345 1076 1775 346 1077 1785 346 1078 1783 346 1079 1745 347 1080 1732 347 1081 1733 347 1082 1745 348 1083 1733 348 1084 1744 348 1085 2453 349 1086 2418 349 1087 2424 349 1088 2453 350 1089 2424 350 1090 2450 350 1091 2107 351 1092 2091 351 1093 2093 351 1094 2107 352 1095 2093 352 1096 2094 352 1097 1956 353 1098 1814 353 1099 1671 353 1100 1956 354 1101 1671 354 1102 1793 354 1103 1156 355 1104 1312 355 1105 1294 355 1106 1156 356 1107 1294 356 1108 1295 356 1109 390 357 1110 391 357 1111 387 357 1112 390 358 1113 387 358 1114 335 358 1115 2136 359 1116 2139 359 1117 2137 359 1118 2136 360 1119 2137 360 1120 2134 360 1121 568 361 1122 569 361 1123 567 361 1124 568 362 1125 567 362 1126 566 362 1127 1175 363 1128 1176 363 1129 1177 363 1130 1175 364 1131 1177 364 1132 1300 364 1133 962 365 1134 1250 365 1135 1248 365 1136 962 366 1137 1248 366 1138 961 366 1139 493 367 1140 494 367 1141 548 367 1142 493 368 1143 548 368 1144 537 368 1145 450 369 1146 451 369 1147 448 369 1148 450 370 1149 448 370 1150 446 370 1151 1083 371 1152 1084 371 1153 1154 371 1154 1083 372 1155 1154 372 1156 1153 372 1157 3754 373 1158 3755 373 1159 3778 373 1160 3754 374 1161 3778 374 1162 3781 374 1163 375 375 1164 377 375 1165 438 375 1166 375 376 1167 438 376 1168 436 376 1169 351 377 1170 352 377 1171 406 377 1172 351 378 1173 406 378 1174 350 378 1175 374 379 1176 435 379 1177 433 379 1178 374 380 1179 433 380 1180 373 380 1181 1900 381 1182 2000 381 1183 1999 381 1184 1900 382 1185 1999 382 1186 1899 382 1187 1061 383 1188 1063 383 1189 1129 383 1190 1061 384 1191 1129 384 1192 1127 384 1193 1223 385 1194 1225 385 1195 1268 385 1196 1223 386 1197 1268 386 1198 1266 386 1199 2332 387 1200 2368 387 1201 2370 387 1202 2332 388 1203 2370 388 1204 2330 388 1205 2092 389 1206 2048 389 1207 2049 389 1208 2092 390 1209 2049 390 1210 2093 390 1211 1884 391 1212 1886 391 1213 1882 391 1214 1884 392 1215 1882 392 1216 1862 392 1217 1899 393 1218 1999 393 1219 1998 393 1220 1899 394 1221 1998 394 1222 1895 394 1223 1754 395 1224 1756 395 1225 1879 395 1226 1754 396 1227 1879 396 1228 1878 396 1229 4211 397 1230 4212 397 1231 4210 397 1232 1135 398 1233 1136 398 1234 1134 398 1235 1135 399 1236 1134 399 1237 1070 399 1238 460 400 1239 457 400 1240 458 400 1241 460 401 1242 458 401 1243 392 401 1244 2042 402 1245 1983 402 1246 1984 402 1247 2042 403 1248 1984 403 1249 2053 403 1250 1817 404 1251 1900 404 1252 1899 404 1253 1817 405 1254 1899 405 1255 1896 405 1256 455 406 1257 432 406 1258 462 406 1259 432 407 1260 464 407 1261 462 407 1262 5082 408 1263 5080 408 1264 5090 408 1265 5090 409 1266 5089 409 1267 5085 409 1268 5090 410 1269 5085 410 1270 5082 410 1271 410 411 1272 512 411 1273 511 411 1274 410 412 1275 511 412 1276 409 412 1277 271 413 1278 351 413 1279 350 413 1280 271 414 1281 350 414 1282 270 414 1283 435 415 1284 468 415 1285 466 415 1286 435 416 1287 466 416 1288 433 416 1289 1124 417 1290 939 417 1291 941 417 1292 1124 418 1293 941 418 1294 943 418 1295 1904 419 1296 2004 419 1297 2003 419 1298 1904 420 1299 2003 420 1300 1903 420 1301 392 421 1302 458 421 1303 459 421 1304 392 422 1305 459 422 1306 391 422 1307 1055 423 1308 1116 423 1309 1115 423 1310 1055 424 1311 1115 424 1312 1114 424 1313 2928 425 1314 3137 425 1315 3134 425 1316 3134 426 1317 3084 426 1318 2921 426 1319 3134 427 1320 2921 427 1321 2928 427 1322 2052 428 1323 2098 428 1324 2096 428 1325 2052 429 1326 2096 429 1327 2050 429 1328 441 430 1329 472 430 1330 471 430 1331 441 431 1332 471 431 1333 440 431 1334 2769 432 1335 2772 432 1336 2770 432 1337 2769 433 1338 2770 433 1339 2767 433 1340 4316 192 1341 4319 192 1342 4313 192 1343 4316 192 1344 4313 192 1345 4315 192 1346 1887 434 1347 1844 434 1348 1890 434 1349 1887 435 1350 1890 435 1351 1889 435 1352 1805 436 1353 1807 436 1354 1803 436 1355 1805 437 1356 1803 437 1357 1802 437 1358 648 438 1359 674 438 1360 672 438 1361 648 439 1362 672 439 1363 645 439 1364 575 440 1365 577 440 1366 574 440 1367 575 441 1368 574 441 1369 571 441 1370 367 442 1371 369 442 1372 366 442 1373 367 443 1374 366 443 1375 364 443 1376 494 444 1377 495 444 1378 549 444 1379 494 445 1380 549 445 1381 548 445 1382 2140 446 1383 2142 446 1384 2137 446 1385 2140 447 1386 2137 447 1387 2139 447 1388 452 448 1389 456 448 1390 455 448 1391 452 449 1392 455 449 1393 453 449 1394 1507 450 1395 1558 450 1396 1555 450 1397 1507 451 1398 1555 451 1399 1504 451 1400 444 452 1401 382 452 1402 383 452 1403 444 453 1404 383 453 1405 384 453 1406 959 454 1407 961 454 1408 1245 454 1409 959 455 1410 1245 455 1411 1242 455 1412 2029 456 1413 2030 456 1414 2088 456 1415 2029 457 1416 2088 457 1417 2087 457 1418 1918 458 1419 1919 458 1420 2012 458 1421 1918 459 1422 2012 459 1423 1917 459 1424 955 460 1425 966 460 1426 1241 460 1427 955 461 1428 1241 461 1429 954 461 1430 1793 462 1431 1791 462 1432 1957 462 1433 1793 463 1434 1957 463 1435 1956 463 1436 2340 464 1437 2360 464 1438 2362 464 1439 2340 465 1440 2362 465 1441 2338 465 1442 447 466 1443 449 466 1444 445 466 1445 447 467 1446 445 467 1447 444 467 1448 1701 468 1449 1702 468 1450 1914 468 1451 1701 469 1452 1914 469 1453 1912 469 1454 1154 470 1455 1297 470 1456 1298 470 1457 1154 471 1458 1298 471 1459 1153 471 1460 1990 472 1461 1991 472 1462 2057 472 1463 1990 473 1464 2057 473 1465 2055 473 1466 1699 474 1467 1703 474 1468 1702 474 1469 1699 475 1470 1702 475 1471 1701 475 1472 2306 476 1473 2396 476 1474 2398 476 1475 2306 477 1476 2398 477 1477 2304 477 1478 419 478 1479 520 478 1480 518 478 1481 419 479 1482 518 479 1483 417 479 1484 1053 480 1485 1054 480 1486 1050 480 1487 1053 481 1488 1050 481 1489 1000 481 1490 1047 482 1491 1048 482 1492 1109 482 1493 1047 483 1494 1109 483 1495 1108 483 1496 556 484 1497 582 484 1498 581 484 1499 556 485 1500 581 485 1501 554 485 1502 1722 486 1503 1727 486 1504 1726 486 1505 1722 487 1506 1726 487 1507 1725 487 1508 1084 488 1509 1085 488 1510 1155 488 1511 1084 489 1512 1155 489 1513 1154 489 1514 426 490 1515 427 490 1516 527 490 1517 426 491 1518 527 491 1519 526 491 1520 1770 492 1521 1773 492 1522 1768 492 1523 1770 493 1524 1768 493 1525 1767 493 1526 1119 494 1527 1120 494 1528 1190 494 1529 1119 495 1530 1190 495 1531 1189 495 1532 314 496 1533 311 496 1534 707 496 1535 314 497 1536 707 497 1537 322 497 1538 1449 498 1539 1451 498 1540 1454 498 1541 1449 499 1542 1454 499 1543 1456 499 1544 1304 500 1545 1305 500 1546 1303 500 1547 1304 501 1548 1303 501 1549 1301 501 1550 1880 502 1551 1882 502 1552 1886 502 1553 1880 503 1554 1886 503 1555 1988 503 1556 4464 157 1557 4473 157 1558 4467 157 1559 4464 157 1560 4467 157 1561 4442 157 1562 1271 504 1563 1269 504 1564 1228 504 1565 1271 505 1566 1228 505 1567 1229 505 1568 1251 506 1569 1253 506 1570 1334 506 1571 1251 507 1572 1334 507 1573 1333 507 1574 519 508 1575 704 508 1576 703 508 1577 519 509 1578 703 509 1579 517 509 1580 348 510 1581 404 510 1582 403 510 1583 348 511 1584 403 511 1585 402 511 1586 524 512 1587 395 512 1588 396 512 1589 524 513 1590 396 513 1591 397 513 1592 539 514 1593 540 514 1594 538 514 1595 539 515 1596 538 515 1597 537 515 1598 3310 516 1599 3328 516 1600 3326 516 1601 3310 517 1602 3326 517 1603 3314 517 1604 466 518 1605 468 518 1606 615 518 1607 466 519 1608 615 519 1609 612 519 1610 4147 520 1611 4142 520 1612 4149 520 1613 4149 521 1614 4148 521 1615 4156 521 1616 4153 522 1617 4162 522 1618 4151 522 1619 4149 523 1620 4156 523 1621 4153 523 1622 4146 524 1623 4140 524 1624 4147 524 1625 4147 525 1626 4149 525 1627 4153 525 1628 4153 526 1629 4151 526 1630 4146 526 1631 4147 527 1632 4153 527 1633 4146 527 1634 1830 528 1635 1831 528 1636 1828 528 1637 1830 529 1638 1828 529 1639 1689 529 1640 264 530 1641 265 530 1642 333 530 1643 264 531 1644 333 531 1645 290 531 1646 1807 532 1647 1937 532 1648 1935 532 1649 1807 533 1650 1935 533 1651 1803 533 1652 937 534 1653 939 534 1654 1124 534 1655 937 535 1656 1124 535 1657 1123 535 1658 594 536 1659 464 536 1660 465 536 1661 594 537 1662 465 537 1663 610 537 1664 404 538 1665 533 538 1666 530 538 1667 404 539 1668 530 539 1669 403 539 1670 1727 540 1671 1728 540 1672 1876 540 1673 1727 541 1674 1876 541 1675 1782 541 1676 1115 542 1677 1116 542 1678 1119 542 1679 1115 543 1680 1119 543 1681 1189 543 1682 1115 544 1683 1189 544 1684 1188 544 1685 1115 545 1686 1188 545 1687 1187 545 1688 491 546 1689 492 546 1690 490 546 1691 491 547 1692 490 547 1693 489 547 1694 491 548 1695 494 548 1696 493 548 1697 491 549 1698 493 549 1699 492 549 1700 2314 550 1701 2316 550 1702 2384 550 1703 2314 551 1704 2384 551 1705 2386 551 1706 1042 552 1707 1104 552 1708 1103 552 1709 1042 553 1710 1103 553 1711 1041 553 1712 550 554 1713 579 554 1714 578 554 1715 550 555 1716 578 555 1717 576 555 1718 627 556 1719 628 556 1720 663 556 1721 627 557 1722 663 557 1723 662 557 1724 1698 558 1725 1700 558 1726 1697 558 1727 1698 559 1728 1697 559 1729 1696 559 1730 570 560 1731 572 560 1732 569 560 1733 570 561 1734 569 561 1735 568 561 1736 408 562 1737 509 562 1738 355 562 1739 408 563 1740 355 563 1741 353 563 1742 1715 564 1743 1707 564 1744 1709 564 1745 1715 565 1746 1709 565 1747 1714 565 1748 1920 566 1749 2013 566 1750 2012 566 1751 1920 567 1752 2012 567 1753 1919 567 1754 1154 568 1755 1155 568 1756 1296 568 1757 1154 569 1758 1296 569 1759 1297 569 1760 390 570 1761 394 570 1762 392 570 1763 390 571 1764 392 571 1765 391 571 1766 1097 572 1767 1099 572 1768 1169 572 1769 1097 573 1770 1169 573 1771 1168 573 1772 3071 574 1773 2972 574 1774 3079 574 1775 3079 575 1776 3393 575 1777 3074 575 1778 3079 576 1779 3074 576 1780 3071 576 1781 157 577 1782 160 577 1783 145 577 1784 157 578 1785 145 578 1786 156 578 1787 953 579 1788 1235 579 1789 1233 579 1790 953 580 1791 1233 580 1792 950 580 1793 1751 581 1794 1759 581 1795 1757 581 1796 1751 582 1797 1757 582 1798 1755 582 1799 1245 583 1800 1246 583 1801 1315 583 1802 1245 584 1803 1315 584 1804 1318 584 1805 1943 585 1806 1944 585 1807 1942 585 1808 1943 586 1809 1942 586 1810 1810 586 1811 1100 587 1812 1172 587 1813 1171 587 1814 1100 588 1815 1171 588 1816 1170 588 1817 304 589 1818 307 589 1819 413 589 1820 304 590 1821 413 590 1822 412 590 1823 618 591 1824 469 591 1825 436 591 1826 618 592 1827 436 592 1828 438 592 1829 601 593 1830 602 593 1831 600 593 1832 601 594 1833 600 594 1834 599 594 1835 2069 595 1836 2072 595 1837 2103 595 1838 2069 596 1839 2103 596 1840 2101 596 1841 4801 597 1842 4802 597 1843 4798 597 1844 4801 598 1845 4798 598 1846 4796 598 1847 446 599 1848 385 599 1849 459 599 1850 446 600 1851 459 600 1852 450 600 1853 486 601 1854 488 601 1855 484 601 1856 486 602 1857 484 602 1858 483 602 1859 591 603 1860 592 603 1861 596 603 1862 591 604 1863 596 604 1864 650 604 1865 538 605 1866 704 605 1867 705 605 1868 538 606 1869 705 606 1870 532 606 1871 463 607 1872 454 607 1873 461 607 1874 1879 608 1875 1987 608 1876 1985 608 1877 1879 609 1878 1985 609 1879 1878 609 1880 419 610 1881 420 610 1882 522 610 1883 419 611 1884 522 611 1885 520 611 1886 1306 612 1887 1307 612 1888 1305 612 1889 1306 613 1890 1305 613 1891 1304 613 1892 668 614 1893 693 614 1894 585 614 1895 668 615 1896 585 615 1897 586 615 1898 2215 616 1899 2217 616 1900 2216 616 1901 2215 617 1902 2216 617 1903 2214 617 1904 566 618 1905 567 618 1906 563 618 1907 566 619 1908 563 619 1909 502 619 1910 1231 620 1911 1232 620 1912 1279 620 1913 1231 621 1914 1279 621 1915 1278 621 1916 1689 622 1917 1828 622 1918 1827 622 1919 1689 623 1920 1827 623 1921 1687 623 1922 597 624 1923 598 624 1924 595 624 1925 597 625 1926 595 625 1927 593 625 1928 594 626 1929 596 626 1930 592 626 1931 594 627 1932 592 627 1933 464 627 1934 1993 628 1935 1994 628 1936 2064 628 1937 1993 629 1938 2064 629 1939 2062 629 1940 455 630 1941 464 630 1942 592 630 1943 455 631 1944 592 631 1945 453 631 1946 953 632 1947 954 632 1948 1237 632 1949 953 633 1950 1237 633 1951 1235 633 1952 533 634 1953 487 634 1954 490 634 1955 533 635 1956 490 635 1957 530 635 1958 575 636 1959 547 636 1960 548 636 1961 575 637 1962 548 637 1963 549 637 1964 5037 638 1965 5040 638 1966 5035 638 1967 5037 639 1968 5035 639 1969 5032 639 1970 4213 640 1971 4215 640 1972 4218 640 1973 4213 641 1974 4218 641 1975 4217 641 1976 616 642 1977 617 642 1978 624 642 1979 616 643 1980 624 643 1981 661 643 1982 3663 644 1983 3811 644 1984 3808 644 1985 3663 645 1986 3808 645 1987 3661 645 1988 641 646 1989 636 646 1990 632 646 1991 632 647 1992 634 647 1993 638 647 1994 638 648 1995 588 648 1996 476 648 1997 476 649 1998 478 649 1999 480 649 2000 480 650 2001 358 650 2002 356 650 2003 356 651 2004 354 651 2005 293 651 2006 293 652 2007 275 652 2008 273 652 2009 273 653 2010 260 653 2011 263 653 2012 263 654 2013 281 654 2014 289 654 2015 289 655 2016 330 655 2017 360 655 2018 360 656 2019 381 656 2020 442 656 2021 442 657 2022 473 657 2023 641 657 2024 641 658 2025 632 658 2026 638 658 2027 638 659 2028 476 659 2029 480 659 2030 480 660 2031 356 660 2032 293 660 2033 293 661 2034 273 661 2035 263 661 2036 263 662 2037 289 662 2038 360 662 2039 360 663 2040 442 663 2041 641 663 2042 641 664 2043 638 664 2044 480 664 2045 480 665 2046 293 665 2047 263 665 2048 263 666 2049 360 666 2050 641 666 2051 480 667 2052 263 667 2053 641 667 2054 447 668 2055 444 668 2056 384 668 2057 447 669 2058 384 669 2059 386 669 2060 306 670 2061 310 670 2062 309 670 2063 306 671 2064 309 671 2065 308 671 2066 1889 672 2067 1890 672 2068 1991 672 2069 1889 673 2070 1991 673 2071 1990 673 2072 1799 674 2073 1902 674 2074 1901 674 2075 1799 675 2076 1901 675 2077 1815 675 2078 284 676 2079 327 676 2080 326 676 2081 284 677 2082 326 677 2083 325 677 2084 1032 678 2085 1089 678 2086 1087 678 2087 1032 679 2088 1087 679 2089 1030 679 2090 1308 680 2091 1310 680 2092 1145 680 2093 1308 681 2094 1145 681 2095 1309 681 2096 796 682 2097 804 682 2098 807 682 2099 796 683 2100 807 683 2101 790 683 2102 510 684 2103 700 684 2104 699 684 2105 510 685 2106 699 685 2107 698 685 2108 1083 686 2109 1153 686 2110 1152 686 2111 1083 687 2112 1152 687 2113 1082 687 2114 1308 688 2115 1306 688 2116 1180 688 2117 1308 689 2118 1180 689 2119 1181 689 2120 2063 690 2121 2095 690 2122 2096 690 2123 2063 691 2124 2096 691 2125 2061 691 2126 365 692 2127 376 692 2128 374 692 2129 365 693 2130 374 693 2131 368 693 2132 1777 694 2133 1779 694 2134 1776 694 2135 1777 695 2136 1776 695 2137 1774 695 2138 1037 696 2139 1094 696 2140 1092 696 2141 1037 697 2142 1092 697 2143 1035 697 2144 5149 698 2145 5150 698 2146 5146 698 2147 5149 699 2148 5146 699 2149 5135 699 2150 5167 700 2151 5173 700 2152 5172 700 2153 5167 701 2154 5172 701 2155 5170 701 2156 3318 702 2157 3324 702 2158 3321 702 2159 3318 703 2160 3321 703 2161 3017 703 2162 2517 704 2163 2566 704 2164 2563 704 2165 2517 705 2166 2563 705 2167 2514 705 2168 2740 706 2169 2743 706 2170 2738 706 2171 2740 707 2172 2738 707 2173 2735 707 2174 3659 708 2175 3804 708 2176 3802 708 2177 3659 709 2178 3802 709 2179 3636 709 2180 3300 710 2181 3232 710 2182 3235 710 2183 3300 711 2184 3235 711 2185 3237 711 2186 3830 712 2187 3837 712 2188 3835 712 2189 3830 713 2190 3835 713 2191 3833 713 2192 77 714 2193 82 714 2194 79 714 2195 77 715 2196 79 715 2197 75 715 2198 1285 716 2199 1287 716 2200 1328 716 2201 1285 717 2202 1328 717 2203 1281 717 2204 1779 718 2205 1780 718 2206 1872 718 2207 1779 719 2208 1872 719 2209 1871 719 2210 542 720 2211 702 720 2212 703 720 2213 542 721 2214 703 721 2215 540 721 2216 1325 722 2217 1323 722 2218 1322 722 2219 1325 723 2220 1322 723 2221 1329 723 2222 389 724 2223 396 724 2224 395 724 2225 389 725 2226 395 725 2227 393 725 2228 1586 726 2229 1634 726 2230 1618 726 2231 1586 727 2232 1618 727 2233 1584 727 2234 1048 728 2235 1049 728 2236 1110 728 2237 1048 729 2238 1110 729 2239 1109 729 2240 2452 730 2241 2449 730 2242 2445 730 2243 2452 731 2244 2445 731 2245 2456 731 2246 656 732 2247 657 732 2248 688 732 2249 656 733 2250 688 733 2251 686 733 2252 1948 734 2253 1961 734 2254 2031 734 2255 1948 735 2256 2031 735 2257 1946 735 2258 1720 736 2259 1721 736 2260 1704 736 2261 1720 737 2262 1704 737 2263 1719 737 2264 562 738 2265 476 738 2266 588 738 2267 562 739 2268 588 739 2269 586 739 2270 1778 740 2271 1726 740 2272 1727 740 2273 1778 741 2274 1727 741 2275 1782 741 2276 214 742 2277 216 742 2278 239 742 2279 214 743 2280 239 743 2281 211 743 2282 506 744 2283 698 744 2284 697 744 2285 506 745 2286 697 745 2287 504 745 2288 356 746 2289 358 746 2290 482 746 2291 356 747 2292 482 747 2293 536 747 2294 637 748 2295 587 748 2296 692 748 2297 637 749 2298 692 749 2299 667 749 2300 4366 192 2301 4374 192 2302 4372 192 2303 4366 192 2304 4372 192 2305 4370 192 2306 1330 750 2307 1331 750 2308 1275 750 2309 1330 751 2310 1275 751 2311 1329 751 2312 2857 752 2313 2851 752 2314 2854 752 2315 2857 753 2316 2854 753 2317 2860 753 2318 292 754 2319 296 754 2320 408 754 2321 292 755 2322 408 755 2323 353 755 2324 3826 756 2325 3829 756 2326 3824 756 2327 3826 757 2328 3824 757 2329 3675 757 2330 1838 758 2331 1858 758 2332 1857 758 2333 1838 759 2334 1857 759 2335 1835 759 2336 1172 760 2337 1296 760 2338 1295 760 2339 1172 761 2340 1295 761 2341 1171 761 2342 4254 157 2343 4256 157 2344 4253 157 2345 4254 157 2346 4253 157 2347 4244 157 2348 4203 762 2349 4201 762 2350 4202 762 2351 4203 763 2352 4202 763 2353 4204 763 2354 2525 764 2355 2572 764 2356 2569 764 2357 2525 765 2358 2569 765 2359 2520 765 2360 1954 766 2361 1955 766 2362 1952 766 2363 1954 767 2364 1952 767 2365 1950 767 2366 917 768 2367 883 768 2368 976 768 2369 917 769 2370 976 769 2371 975 769 2372 2036 770 2373 2038 770 2374 2047 770 2375 2036 771 2376 2047 771 2377 2048 771 2378 1950 772 2379 1812 772 2380 1813 772 2381 1950 773 2382 1813 773 2383 1954 773 2384 3760 774 2385 3761 774 2386 3604 774 2387 3603 775 2388 3610 775 2389 3611 775 2390 3603 776 2391 3611 776 2392 3607 776 2393 3765 777 2394 3763 777 2395 3760 777 2396 3762 778 2397 3768 778 2398 3765 778 2399 3603 779 2400 3607 779 2401 3605 779 2402 3762 780 2403 3765 780 2404 3760 780 2405 3603 781 2406 3605 781 2407 3762 781 2408 3762 782 2409 3760 782 2410 3604 782 2411 3604 783 2412 3603 783 2413 3762 783 2414 1222 784 2415 1223 784 2416 1221 784 2417 1222 785 2418 1221 785 2419 1188 785 2420 1523 786 2421 1527 786 2422 1521 786 2423 1523 787 2424 1521 787 2425 1518 787 2426 689 788 2427 664 788 2428 665 788 2429 689 789 2430 665 789 2431 690 789 2432 1125 790 2433 1127 790 2434 1129 790 2435 1125 791 2436 1129 791 2437 1208 791 2438 1684 792 2439 1822 792 2440 1820 792 2441 1684 793 2442 1820 793 2443 1788 793 2444 1135 794 2445 1138 794 2446 1137 794 2447 1135 795 2448 1137 795 2449 1136 795 2450 1940 796 2451 2024 796 2452 2009 796 2453 1940 797 2454 2009 797 2455 1939 797 2456 919 798 2457 708 798 2458 1003 798 2459 919 799 2460 1003 799 2461 1002 799 2462 1186 800 2463 1138 800 2464 1140 800 2465 1186 801 2466 1140 801 2467 1185 801 2468 432 802 2469 465 802 2470 464 802 2471 403 803 2472 529 803 2473 523 803 2474 403 804 2475 523 804 2476 402 804 2477 466 805 2478 612 805 2479 610 805 2480 466 806 2481 610 806 2482 465 806 2483 3593 807 2484 3647 807 2485 3645 807 2486 3645 808 2487 3602 808 2488 3596 808 2489 3645 809 2490 3596 809 2491 3593 809 2492 1978 810 2493 1980 810 2494 2040 810 2495 1978 811 2496 2040 811 2497 1976 811 2498 131 812 2499 133 812 2500 115 812 2501 118 813 2502 121 813 2503 124 813 2504 131 814 2505 115 814 2506 118 814 2507 143 815 2508 131 815 2509 118 815 2510 118 816 2511 124 816 2512 127 816 2513 127 817 2514 146 817 2515 144 817 2516 144 818 2517 159 818 2518 163 818 2519 163 819 2520 166 819 2521 169 819 2522 169 820 2523 172 820 2524 175 820 2525 175 821 2526 179 821 2527 183 821 2528 183 822 2529 185 822 2530 188 822 2531 188 823 2532 232 823 2533 230 823 2534 188 824 2535 230 824 2536 228 824 2537 175 825 2538 183 825 2539 188 825 2540 163 826 2541 169 826 2542 175 826 2543 127 827 2544 144 827 2545 163 827 2546 143 828 2547 118 828 2548 127 828 2549 213 829 2550 143 829 2551 127 829 2552 175 830 2553 188 830 2554 228 830 2555 175 831 2556 228 831 2557 225 831 2558 213 832 2559 127 832 2560 163 832 2561 215 833 2562 213 833 2563 163 833 2564 175 834 2565 225 834 2566 223 834 2567 175 835 2568 223 835 2569 221 835 2570 217 836 2571 215 836 2572 163 836 2573 175 837 2574 221 837 2575 219 837 2576 219 838 2577 217 838 2578 163 838 2579 219 839 2580 163 839 2581 175 839 2582 532 840 2583 705 840 2584 529 840 2585 532 841 2586 529 841 2587 531 841 2588 341 842 2589 343 842 2590 399 842 2591 341 843 2592 399 843 2593 398 843 2594 4469 844 2595 4501 844 2596 4505 844 2597 4469 845 2598 4505 845 2599 4508 845 2600 2056 846 2601 2058 846 2602 2097 846 2603 2056 847 2604 2097 847 2605 2054 847 2606 824 848 2607 827 848 2608 830 848 2609 824 849 2610 830 849 2611 846 849 2612 491 850 2613 496 850 2614 495 850 2615 491 851 2616 495 851 2617 494 851 2618 715 852 2619 1008 852 2620 1007 852 2621 715 853 2622 1007 853 2623 1005 853 2624 1795 854 2625 1904 854 2626 1903 854 2627 1795 855 2628 1903 855 2629 1797 855 2630 2956 856 2631 2958 856 2632 3047 856 2633 2956 857 2634 3047 857 2635 3045 857 2636 4405 260 2637 4389 260 2638 4396 260 2639 4405 260 2640 4396 260 2641 4408 260 2642 2812 858 2643 2816 858 2644 2899 858 2645 2812 859 2646 2899 859 2647 2895 859 2648 1063 860 2649 1064 860 2650 1130 860 2651 1063 861 2652 1130 861 2653 1129 861 2654 3001 862 2655 2995 862 2656 3271 862 2657 3001 863 2658 3271 863 2659 3275 863 2660 1428 864 2661 1431 864 2662 1427 864 2663 1428 865 2664 1427 865 2665 1424 865 2666 1273 866 2667 1230 866 2668 1277 866 2669 1273 867 2670 1277 867 2671 1276 867 2672 1648 868 2673 1599 868 2674 1601 868 2675 1648 869 2676 1601 869 2677 1654 869 2678 4328 214 2679 4340 214 2680 4344 214 2681 4328 214 2682 4344 214 2683 4326 214 2684 1836 870 2685 1838 870 2686 1835 870 2687 1836 871 2688 1835 871 2689 1833 871 2690 2307 872 2691 2310 872 2692 2390 872 2693 2307 873 2694 2390 873 2695 2392 873 2696 3994 874 2697 3996 874 2698 3993 874 2699 3994 875 2700 3993 875 2701 3991 875 2702 741 876 2703 758 876 2704 756 876 2705 753 877 2706 770 877 2707 750 877 2708 750 878 2709 741 878 2710 756 878 2711 756 879 2712 753 879 2713 750 879 2714 739 880 2715 749 880 2716 747 880 2717 739 881 2718 747 881 2719 743 881 2720 896 882 2721 982 882 2722 980 882 2723 896 883 2724 980 883 2725 893 883 2726 2835 286 2727 2887 286 2728 2883 286 2729 2883 884 2730 2880 884 2731 2841 884 2732 2883 885 2733 2841 885 2734 2835 885 2735 1915 886 2736 2010 886 2737 2009 886 2738 1915 887 2739 2009 887 2740 2008 887 2741 1579 888 2742 1571 888 2743 1583 888 2744 1579 889 2745 1583 889 2746 1585 889 2747 1718 890 2748 1706 890 2749 1708 890 2750 1718 891 2751 1708 891 2752 1716 891 2753 2627 892 2754 2625 892 2755 2640 892 2756 2627 893 2757 2640 893 2758 2636 893 2759 4309 214 2760 4314 214 2761 4311 214 2762 4309 214 2763 4311 214 2764 4303 214 2765 1825 894 2766 1823 894 2767 1893 894 2768 1825 895 2769 1893 895 2770 1892 895 2771 1075 896 2772 1076 896 2773 1146 896 2774 1075 897 2775 1146 897 2776 1073 897 2777 1720 898 2778 1719 898 2779 1729 898 2780 1720 899 2781 1729 899 2782 1728 899 2783 2659 900 2784 2663 900 2785 2666 900 2786 2659 901 2787 2666 901 2788 2657 901 2789 2067 902 2790 2100 902 2791 2099 902 2792 2067 903 2793 2099 903 2794 2065 903 2795 786 904 2796 783 904 2797 801 904 2798 786 905 2799 801 905 2800 792 905 2801 1281 906 2802 1328 906 2803 1327 906 2804 1281 907 2805 1327 907 2806 1280 907 2807 1844 908 2808 1842 908 2809 1891 908 2810 1844 909 2811 1891 909 2812 1890 909 2813 1276 910 2814 1277 910 2815 1326 910 2816 1276 911 2817 1326 911 2818 1325 911 2819 97 912 2820 101 912 2821 98 912 2822 97 913 2823 98 913 2824 95 913 2825 4729 914 2826 4732 914 2827 4731 914 2828 4729 915 2829 4731 915 2830 4727 915 2831 2792 916 2832 2793 916 2833 2712 916 2834 2792 917 2835 2712 917 2836 2713 917 2837 479 918 2838 505 918 2839 503 918 2840 479 919 2841 503 919 2842 477 919 2843 4595 157 2844 4541 157 2845 4548 157 2846 4574 920 2847 4607 920 2848 4598 920 2849 4595 157 2850 4548 157 2851 4574 157 2852 4574 157 2853 4598 157 2854 4595 157 2855 899 921 2856 901 921 2857 898 921 2858 899 922 2859 898 922 2860 887 922 2861 416 923 2862 309 923 2863 310 923 2864 416 924 2865 310 924 2866 424 924 2867 689 925 2868 681 925 2869 683 925 2870 689 926 2871 683 926 2872 664 926 2873 696 927 2874 697 927 2875 698 927 2876 696 928 2877 698 928 2878 699 928 2879 543 929 2880 699 929 2881 700 929 2882 543 930 2883 700 930 2884 541 930 2885 316 931 2886 317 931 2887 427 931 2888 316 932 2889 427 932 2890 426 932 2891 814 933 2892 799 933 2893 825 933 2894 825 934 2895 847 934 2896 822 934 2897 825 935 2898 822 935 2899 814 935 2900 278 936 2901 282 936 2902 324 936 2903 278 937 2904 324 937 2905 706 937 2906 2191 938 2907 2193 938 2908 2192 938 2909 2191 939 2910 2192 939 2911 2189 939 2912 1110 940 2913 1182 940 2914 1181 940 2915 1110 941 2916 1181 941 2917 1109 941 2918 871 942 2919 875 942 2920 869 942 2921 841 943 2922 851 943 2923 853 943 2924 871 944 2925 869 944 2926 841 944 2927 871 945 2928 841 945 2929 853 945 2930 4742 946 2931 4744 946 2932 4636 946 2933 4742 946 2934 4636 946 2935 4638 946 2936 819 947 2937 843 947 2938 851 947 2939 819 948 2940 851 948 2941 841 948 2942 1991 949 2943 1992 949 2944 2060 949 2945 1991 950 2946 2060 950 2947 2057 950 2948 3922 951 2949 3931 951 2950 3933 951 2951 3922 952 2952 3933 952 2953 3920 952 2954 979 953 2955 1033 953 2956 1031 953 2957 979 954 2958 1031 954 2959 978 954 2960 2971 955 2961 2966 955 2962 2945 955 2963 2971 956 2964 2945 956 2965 2975 956 2966 734 957 2967 737 957 2968 713 957 2969 734 958 2970 713 958 2971 728 958 2972 877 959 2973 880 959 2974 745 959 2975 734 960 2976 728 960 2977 725 960 2978 725 961 2979 877 961 2980 745 961 2981 731 962 2982 734 962 2983 725 962 2984 745 963 2985 731 963 2986 725 963 2987 887 964 2988 898 964 2989 897 964 2990 887 965 2991 897 965 2992 894 965 2993 1028 966 2994 1083 966 2995 1082 966 2996 1028 967 2997 1082 967 2998 1026 967 2999 889 968 3000 712 968 3001 719 968 3002 719 969 3003 730 969 3004 714 969 3005 714 970 3006 881 970 3007 885 970 3008 885 971 3009 889 971 3010 719 971 3011 719 972 3012 714 972 3013 885 972 3014 3798 973 3015 3790 973 3016 3784 973 3017 3798 974 3018 3784 974 3019 3954 974 3020 4494 975 3021 4497 975 3022 4523 975 3023 4494 976 3024 4523 976 3025 4520 976 3026 423 977 3027 424 977 3028 425 977 3029 423 978 3030 425 978 3031 525 978 3032 4511 260 3033 4514 260 3034 4477 260 3035 4511 260 3036 4477 260 3037 4472 260 3038 302 979 3039 304 979 3040 412 979 3041 302 980 3042 412 980 3043 411 980 3044 906 981 3045 914 981 3046 912 981 3047 906 982 3048 912 982 3049 910 982 3050 3631 983 3051 3633 983 3052 3629 983 3053 3631 984 3054 3629 984 3055 3625 984 3056 4654 985 3057 4656 985 3058 4653 985 3059 4654 985 3060 4653 985 3061 4651 985 3062 1828 986 3063 1855 986 3064 1854 986 3065 1828 987 3066 1854 987 3067 1827 987 3068 2734 988 3069 2754 988 3070 2750 988 3071 2734 989 3072 2750 989 3073 2739 989 3074 1021 990 3075 1079 990 3076 1078 990 3077 1021 991 3078 1078 991 3079 1019 991 3080 1216 992 3081 1217 992 3082 1218 992 3083 1216 993 3084 1218 993 3085 1265 993 3086 915 994 3087 917 994 3088 975 994 3089 915 995 3090 975 995 3091 974 995 3092 3177 996 3093 3183 996 3094 3192 996 3095 3192 997 3096 3197 997 3097 3203 997 3098 3192 998 3099 3203 998 3100 3208 998 3101 3171 999 3102 3177 999 3103 3192 999 3104 3075 1000 3105 3165 1000 3106 3171 1000 3107 3066 173 3108 3072 173 3109 3075 173 3110 3214 173 3111 3066 173 3112 3075 173 3113 3171 1001 3114 3192 1001 3115 3208 1001 3116 3214 173 3117 3075 173 3118 3171 173 3119 3208 173 3120 3214 173 3121 3171 173 3122 578 1002 3123 579 1002 3124 605 1002 3125 578 1003 3126 605 1003 3127 655 1003 3128 864 1004 3129 876 1004 3130 873 1004 3131 864 1005 3132 873 1005 3133 861 1005 3134 4646 260 3135 4648 260 3136 4639 260 3137 4646 260 3138 4639 260 3139 4644 260 3140 966 1006 3141 955 1006 3142 951 1006 3143 951 1007 3144 948 1007 3145 945 1007 3146 945 1008 3147 928 1008 3148 924 1008 3149 924 1009 3150 966 1009 3151 951 1009 3152 951 1010 3153 945 1010 3154 924 1010 3155 3990 1011 3156 3992 1011 3157 3986 1011 3158 3990 1012 3159 3986 1012 3160 3988 1012 3161 91 1013 3162 94 1013 3163 92 1013 3164 91 1014 3165 92 1014 3166 89 1014 3167 925 1015 3168 878 1015 3169 726 1015 3170 721 1016 3171 929 1016 3172 925 1016 3173 726 1017 3174 721 1017 3175 925 1017 3176 536 1018 3177 352 1018 3178 354 1018 3179 536 1019 3180 354 1019 3181 356 1019 3182 3475 1020 3183 3456 1020 3184 3464 1020 3185 3475 1021 3186 3464 1021 3187 3468 1021 3188 3504 1022 3189 3514 1022 3190 3511 1022 3191 3504 1023 3192 3511 1023 3193 3506 1023 3194 2941 1024 3195 2938 1024 3196 2934 1024 3197 2941 1025 3198 2934 1025 3199 2943 1025 3200 130 1026 3201 142 1026 3202 140 1026 3203 130 1027 3204 140 1027 3205 138 1027 3206 1135 1028 3207 1070 1028 3208 1071 1028 3209 1135 1029 3210 1071 1029 3211 1139 1029 3212 1659 1030 3213 1662 1030 3214 1658 1030 3215 1659 1031 3216 1658 1031 3217 1656 1031 3218 1363 1032 3219 1367 1032 3220 1380 1032 3221 1363 1033 3222 1380 1033 3223 1372 1033 3224 1703 1034 3225 1918 1034 3226 1917 1034 3227 1703 1035 3228 1917 1035 3229 1702 1035 3230 4732 1036 3231 4735 1036 3232 4734 1036 3233 4732 1037 3234 4734 1037 3235 4731 1037 3236 1325 1038 3237 1326 1038 3238 1324 1038 3239 1325 1039 3240 1324 1039 3241 1323 1039 3242 2083 1040 3243 2084 1040 3244 2105 1040 3245 2083 1041 3246 2105 1041 3247 2106 1041 3248 969 1042 3249 971 1042 3250 1008 1042 3251 969 1043 3252 1008 1043 3253 715 1043 3254 1114 1044 3255 1115 1044 3256 1187 1044 3257 1114 1045 3258 1187 1045 3259 1186 1045 3260 708 1046 3261 933 1046 3262 1004 1046 3263 708 1047 3264 1004 1047 3265 1003 1047 3266 4753 1048 3267 4754 1048 3268 4751 1048 3269 4753 1049 3270 4751 1049 3271 4749 1049 3272 2151 1050 3273 2153 1050 3274 2150 1050 3275 2151 1051 3276 2150 1051 3277 2148 1051 3278 992 1052 3279 994 1052 3280 1047 1052 3281 992 1053 3282 1047 1053 3283 1046 1053 3284 1117 1054 3285 1058 1054 3286 1060 1054 3287 1117 1055 3288 1060 1055 3289 1123 1055 3290 653 1056 3291 654 1056 3292 679 1056 3293 653 1057 3294 679 1057 3295 677 1057 3296 3338 1058 3297 3336 1058 3298 3356 1058 3299 3338 1059 3300 3356 1059 3301 3354 1059 3302 1939 1060 3303 2022 1060 3304 2020 1060 3305 1939 1061 3306 2020 1061 3307 1938 1061 3308 531 1062 3309 492 1062 3310 493 1062 3311 531 1063 3312 493 1063 3313 532 1063 3314 1440 1064 3315 1465 1064 3316 1437 1064 3317 1440 1065 3318 1437 1065 3319 1438 1065 3320 2179 1066 3321 2184 1066 3322 2181 1066 3323 2179 1067 3324 2181 1067 3325 2177 1067 3326 4741 1068 3327 4742 1068 3328 4638 1068 3329 4741 1069 3330 4638 1069 3331 4740 1069 3332 1738 286 3333 1763 286 3334 1849 286 3335 1849 1070 3336 1847 1070 3337 1840 1070 3338 1840 1071 3339 1836 1071 3340 1833 1071 3341 1833 1072 3342 1830 1072 3343 1689 1072 3344 1689 1073 3345 1687 1073 3346 1685 1073 3347 1685 1074 3348 1789 1074 3349 1791 1074 3350 1791 286 3351 1793 286 3352 1671 286 3353 1671 1075 3354 1669 1075 3355 1667 1075 3356 1667 1076 3357 1663 1076 3358 1659 1076 3359 1659 1077 3360 1656 1077 3361 1653 1077 3362 1653 286 3363 1647 286 3364 1649 286 3365 1649 286 3366 1736 286 3367 1738 286 3368 1738 1078 3369 1849 1078 3370 1840 1078 3371 1840 1079 3372 1833 1079 3373 1689 1079 3374 1689 1080 3375 1685 1080 3376 1791 1080 3377 1791 1081 3378 1671 1081 3379 1667 1081 3380 1667 286 3381 1659 286 3382 1653 286 3383 1653 1082 3384 1649 1082 3385 1738 1082 3386 1738 1083 3387 1840 1083 3388 1689 1083 3389 1689 1084 3390 1791 1084 3391 1667 1084 3392 1667 1085 3393 1653 1085 3394 1738 1085 3395 1689 1086 3396 1667 1086 3397 1738 1086 3398 4377 157 3399 4386 157 3400 4383 157 3401 4377 157 3402 4383 157 3403 4380 157 3404 1722 1087 3405 1720 1087 3406 1728 1087 3407 1722 1088 3408 1728 1088 3409 1727 1088 3410 1010 1089 3411 1012 1089 3412 1074 1089 3413 1010 1090 3414 1074 1090 3415 1068 1090 3416 1121 1091 3417 1124 1091 3418 943 1091 3419 1121 1092 3420 943 1092 3421 1203 1092 3422 4288 286 3423 4294 286 3424 4297 286 3425 4288 286 3426 4297 286 3427 4285 286 3428 1271 1093 3429 1272 1093 3430 1270 1093 3431 1271 1094 3432 1270 1094 3433 1269 1094 3434 1475 1095 3435 1478 1095 3436 1499 1095 3437 1475 1096 3438 1499 1096 3439 1497 1096 3440 1995 1097 3441 1997 1097 3442 2067 1097 3443 1995 1098 3444 2067 1098 3445 2065 1098 3446 273 1099 3447 268 1099 3448 261 1099 3449 273 1100 3450 261 1100 3451 260 1100 3452 1885 1101 3453 1888 1101 3454 1837 1101 3455 1885 1102 3456 1837 1102 3457 1841 1102 3458 1910 1103 3459 2005 1103 3460 2004 1103 3461 1910 1104 3462 2004 1104 3463 1909 1104 3464 2510 1105 3465 2514 1105 3466 2563 1105 3467 2510 1106 3468 2563 1106 3469 2506 1106 3470 1283 1107 3471 1285 1107 3472 1281 1107 3473 1283 1108 3474 1281 1108 3475 1240 1108 3476 656 1109 3477 686 1109 3478 684 1109 3479 656 1110 3480 684 1110 3481 655 1110 3482 1440 1111 3483 1442 1111 3484 1463 1111 3485 1440 1112 3486 1463 1112 3487 1465 1112 3488 1261 1113 3489 1262 1113 3490 1335 1113 3491 1261 1114 3492 1335 1114 3493 1255 1114 3494 1193 1115 3495 1196 1115 3496 1228 1115 3497 1193 1116 3498 1228 1116 3499 1226 1116 3500 1913 1117 3501 1915 1117 3502 2008 1117 3503 1913 1118 3504 2008 1118 3505 2007 1118 3506 2174 1119 3507 2179 1119 3508 2177 1119 3509 2174 1120 3510 2177 1120 3511 2175 1120 3512 347 1121 3513 401 1121 3514 400 1121 3515 347 1122 3516 400 1122 3517 345 1122 3518 1100 1123 3519 1170 1123 3520 1169 1123 3521 1100 1124 3522 1169 1124 3523 1099 1124 3524 429 1125 3525 460 1125 3526 528 1125 3527 429 1126 3528 528 1126 3529 428 1126 3530 1658 1127 3531 1933 1127 3532 1932 1127 3533 1658 1128 3534 1932 1128 3535 1655 1128 3536 1057 1129 3537 1059 1129 3538 1116 1129 3539 1057 1130 3540 1116 1130 3541 1055 1130 3542 1211 1131 3543 1131 1131 3544 1132 1131 3545 1211 1132 3546 1132 1132 3547 1217 1132 3548 652 1133 3549 675 1133 3550 673 1133 3551 652 1134 3552 673 1134 3553 651 1134 3554 2025 1135 3555 2026 1135 3556 2084 1135 3557 2025 1136 3558 2084 1136 3559 2083 1136 3560 2040 1137 3561 2041 1137 3562 2043 1137 3563 2040 1138 3564 2043 1138 3565 2039 1138 3566 1211 1139 3567 1217 1139 3568 1216 1139 3569 1211 1140 3570 1216 1140 3571 1214 1140 3572 1903 1141 3573 2003 1141 3574 2002 1141 3575 1903 1142 3576 2002 1142 3577 1902 1142 3578 1266 1143 3579 1218 1143 3580 1219 1143 3581 1266 1144 3582 1219 1144 3583 1220 1144 3584 1836 1145 3585 1840 1145 3586 1839 1145 3587 1836 1146 3588 1839 1146 3589 1838 1146 3590 601 1147 3591 606 1147 3592 605 1147 3593 601 1148 3594 605 1148 3595 604 1148 3596 2063 1149 3597 2065 1149 3598 2099 1149 3599 2063 1150 3600 2099 1150 3601 2095 1150 3602 1921 1151 3603 1724 1151 3604 1725 1151 3605 1921 1152 3606 1725 1152 3607 1927 1152 3608 670 1153 3609 695 1153 3610 694 1153 3611 670 1154 3612 694 1154 3613 669 1154 3614 3903 1155 3615 3892 1155 3616 3893 1155 3617 3903 1156 3618 3893 1156 3619 3882 1156 3620 1070 1157 3621 1134 1157 3622 1133 1157 3623 1070 1158 3624 1133 1158 3625 1069 1158 3626 85 1159 3627 88 1159 3628 86 1159 3629 85 1160 3630 86 1160 3631 83 1160 3632 1065 1161 3633 1133 1161 3634 1132 1161 3635 1065 1162 3636 1132 1162 3637 1131 1162 3638 485 1163 3639 498 1163 3640 497 1163 3641 485 1164 3642 497 1164 3643 489 1164 3644 1960 1165 3645 1961 1165 3646 1948 1165 3647 1960 1166 3648 1948 1166 3649 1953 1166 3650 1968 1167 3651 1970 1167 3652 2036 1167 3653 1968 1168 3654 2036 1168 3655 2035 1168 3656 1768 1169 3657 1867 1169 3658 1866 1169 3659 1768 1170 3660 1866 1170 3661 1766 1170 3662 951 1171 3663 955 1171 3664 954 1171 3665 951 1172 3666 954 1172 3667 953 1172 3668 582 1173 3669 654 1173 3670 603 1173 3671 582 1174 3672 603 1174 3673 581 1174 3674 382 1175 3675 443 1175 3676 442 1175 3677 382 1176 3678 442 1176 3679 381 1176 3680 1760 1177 3681 1761 1177 3682 1864 1177 3683 1760 1178 3684 1864 1178 3685 1883 1178 3686 2027 1179 3687 2085 1179 3688 2084 1179 3689 2027 1180 3690 2084 1180 3691 2026 1180 3692 1046 1181 3693 1047 1181 3694 1108 1181 3695 1046 1182 3696 1108 1182 3697 1107 1182 3698 1753 1183 3699 1874 1183 3700 1875 1183 3701 1753 1184 3702 1875 1184 3703 1749 1184 3704 1102 1185 3705 1103 1185 3706 1104 1185 3707 1102 1186 3708 1104 1186 3709 1176 1186 3710 678 1187 3711 694 1187 3712 695 1187 3713 678 1188 3714 695 1188 3715 676 1188 3716 701 1189 3717 541 1189 3718 700 1189 3719 701 1190 3720 700 1190 3721 511 1190 3722 467 1191 3723 469 1191 3724 616 1191 3725 467 1192 3726 616 1192 3727 613 1192 3728 502 1193 3729 504 1193 3730 697 1193 3731 502 1194 3732 697 1194 3733 566 1194 3734 1704 1195 3735 1721 1195 3736 1918 1195 3737 1704 1196 3738 1918 1196 3739 1703 1196 3740 607 1197 3741 608 1197 3742 658 1197 3743 607 1198 3744 658 1198 3745 657 1198 3746 1003 1199 3747 1004 1199 3748 1056 1199 3749 1003 1200 3750 1056 1200 3751 1052 1200 3752 3059 1201 3753 3061 1201 3754 3243 1201 3755 3059 1202 3756 3243 1202 3757 3246 1202 3758 1943 1203 3759 1947 1203 3760 1945 1203 3761 1943 1204 3762 1945 1204 3763 1944 1204 3764 496 1205 3765 555 1205 3766 553 1205 3767 496 1206 3768 553 1206 3769 495 1206 3770 431 1207 3771 432 1207 3772 455 1207 3773 431 1208 3774 455 1208 3775 456 1208 3776 585 1209 3777 693 1209 3778 680 1209 3779 585 1210 3780 680 1210 3781 584 1210 3782 1204 1211 3783 1200 1211 3784 1195 1211 3785 1204 1212 3786 1195 1212 3787 1191 1212 3788 1005 1213 3789 1007 1213 3790 1063 1213 3791 1005 1214 3792 1063 1214 3793 1061 1214 3794 289 1215 3795 290 1215 3796 331 1215 3797 289 1216 3798 331 1216 3799 330 1216 3800 1871 1217 3801 1872 1217 3802 1982 1217 3803 1871 1218 3804 1982 1218 3805 1981 1218 3806 2859 1219 3807 2903 1219 3808 2900 1219 3809 2859 1220 3810 2900 1220 3811 2856 1220 3812 977 1221 3813 978 1221 3814 1027 1221 3815 977 1222 3816 1027 1222 3817 1025 1222 3818 452 1223 3819 458 1223 3820 457 1223 3821 452 1224 3822 457 1224 3823 456 1224 3824 305 1225 3825 307 1225 3826 304 1225 3827 305 1226 3828 304 1226 3829 303 1226 3830 266 1227 3831 265 1227 3832 264 1227 3833 266 1228 3834 264 1228 3835 258 1228 3836 74 1229 3837 77 1229 3838 75 1229 3839 74 1230 3840 75 1230 3841 69 1230 3842 1942 1231 3843 1944 1231 3844 2027 1231 3845 1942 1232 3846 2027 1232 3847 2026 1232 3848 364 1233 3849 366 1233 3850 326 1233 3851 364 1234 3852 326 1234 3853 363 1234 3854 1256 1235 3855 1259 1235 3856 1260 1235 3857 1256 1236 3858 1260 1236 3859 1254 1236 3860 3865 1237 3861 3892 1237 3862 3891 1237 3863 3865 1238 3864 3891 1238 3865 3864 1238 3866 395 1239 3867 526 1239 3868 527 1239 3869 395 1240 3870 527 1240 3871 393 1240 3872 1613 1241 3873 1674 1241 3874 1672 1241 3875 1613 1242 3876 1672 1242 3877 1670 1242 3878 1263 1243 3879 1270 1243 3880 1272 1243 3881 1263 1244 3882 1272 1244 3883 1336 1244 3884 911 1245 3885 972 1245 3886 971 1245 3887 911 1246 3888 971 1246 3889 969 1246 3890 2999 1247 3891 3005 1247 3892 3317 1247 3893 2999 1248 3894 3317 1248 3895 3313 1248 3896 1754 1249 3897 1878 1249 3898 1877 1249 3899 1754 1250 3900 1877 1250 3901 1873 1250 3902 1152 1251 3903 1153 1251 3904 1298 1251 3905 1152 1252 3906 1298 1252 3907 1299 1252 3908 1175 1253 3909 1299 1253 3910 1298 1253 3911 1175 1254 3912 1298 1254 3913 1174 1254 3914 1132 1255 3915 1133 1255 3916 1134 1255 3917 1132 1256 3918 1134 1256 3919 1219 1256 3920 495 1257 3921 553 1257 3922 551 1257 3923 495 1258 3924 551 1258 3925 549 1258 3926 1033 1259 3927 1090 1259 3928 1088 1259 3929 1033 1260 3930 1088 1260 3931 1031 1260 3932 2686 1261 3933 2695 1261 3934 2689 1261 3935 2686 1262 3936 2689 1262 3937 2692 1262 3938 583 1263 3939 679 1263 3940 654 1263 3941 583 1264 3942 654 1264 3943 582 1264 3944 1118 1265 3945 1122 1265 3946 1120 1265 3947 1118 1266 3948 1120 1266 3949 1119 1266 3950 2864 1267 3951 2846 1267 3952 2849 1267 3953 2864 1268 3954 2849 1268 3955 2867 1268 3956 975 1269 3957 976 1269 3958 1022 1269 3959 975 1270 3960 1022 1270 3961 1020 1270 3962 3689 1271 3963 3948 1271 3964 3946 1271 3965 3689 1272 3966 3946 1272 3967 3685 1272 3968 420 1273 3969 400 1273 3970 401 1273 3971 420 1274 3972 401 1274 3973 522 1274 3974 1123 1275 3975 1060 1275 3976 935 1275 3977 1123 1276 3978 935 1276 3979 937 1276 3980 1322 1277 3981 1293 1277 3982 1311 1277 3983 1322 1278 3984 1311 1278 3985 1321 1278 3986 238 1279 3987 240 1279 3988 242 1279 3989 242 1280 3990 244 1280 3991 246 1280 3992 246 1281 3993 248 1281 3994 251 1281 3995 251 1282 3996 253 1282 3997 255 1282 3998 255 1283 3999 238 1283 4000 242 1283 4001 242 1284 4002 246 1284 4003 251 1284 4004 242 1285 4005 251 1285 4006 255 1285 4007 1858 1286 4008 1975 1286 4009 1971 1286 4010 1858 1287 4011 1971 1287 4012 1857 1287 4013 373 1288 4014 433 1288 4015 432 1288 4016 373 1289 4017 432 1289 4018 431 1289 4019 1169 1290 4020 1288 1290 4021 1286 1290 4022 1169 1291 4023 1286 1291 4024 1168 1291 4025 2027 1292 4026 2028 1292 4027 2086 1292 4028 2027 1293 4029 2086 1293 4030 2085 1293 4031 907 1294 4032 908 1294 4033 997 1294 4034 907 1295 4035 997 1295 4036 995 1295 4037 536 1296 4038 482 1296 4039 484 1296 4040 536 1297 4041 484 1297 4042 535 1297 4043 1055 1298 4044 1114 1298 4045 1113 1298 4046 1055 1299 4047 1113 1299 4048 1054 1299 4049 1266 1300 4050 1268 1300 4051 1265 1300 4052 1266 1301 4053 1265 1301 4054 1218 1301 4055 2092 1302 4056 2093 1302 4057 2091 1302 4058 2092 1303 4059 2091 1303 4060 2033 1303 4061 2078 1304 4062 2080 1304 4063 2081 1304 4064 2078 1305 4065 2081 1305 4066 2106 1305 4067 1365 1306 4068 1369 1306 4069 1376 1306 4070 1365 1307 4071 1376 1307 4072 1378 1307 4073 2408 1308 4074 2407 1308 4075 2472 1308 4076 2408 1309 4077 2472 1309 4078 2471 1309 4079 2346 1310 4080 2354 1310 4081 2356 1310 4082 2346 1311 4083 2356 1311 4084 2344 1311 4085 132 1312 4086 130 1312 4087 138 1312 4088 132 1313 4089 138 1313 4090 135 1313 4091 2336 1314 4092 2364 1314 4093 2366 1314 4094 2336 1315 4095 2366 1315 4096 2334 1315 4097 1073 1316 4098 1146 1316 4099 1145 1316 4100 1073 1317 4101 1145 1317 4102 1144 1317 4103 1144 1318 4104 1145 1318 4105 1310 1318 4106 1144 1319 4107 1310 1319 4108 1142 1319 4109 1326 1320 4110 1327 1320 4111 1328 1320 4112 1326 1321 4113 1328 1321 4114 1324 1321 4115 1536 1322 4116 1539 1322 4117 1535 1322 4118 1536 1323 4119 1535 1323 4120 1532 1323 4121 4100 1324 4122 4107 1324 4123 4105 1324 4124 4100 1325 4125 4105 1325 4126 4096 1325 4127 363 1326 4128 326 1326 4129 327 1326 4130 363 1327 4131 327 1327 4132 361 1327 4133 933 1328 4134 935 1328 4135 1060 1328 4136 933 1329 4137 1060 1329 4138 1004 1329 4139 1976 1330 4140 2040 1330 4141 2039 1330 4142 1976 1331 4143 2039 1331 4144 1974 1331 4145 1264 1332 4146 1267 1332 4147 1270 1332 4148 1264 1333 4149 1270 1333 4150 1263 1333 4151 430 1334 4152 431 1334 4153 456 1334 4154 430 1335 4155 456 1335 4156 457 1335 4157 1870 1336 4158 1871 1336 4159 1981 1336 4160 1870 1337 4161 1981 1337 4162 1980 1337 4163 397 1338 4164 396 1338 4165 337 1338 4166 397 1339 4167 337 1339 4168 339 1339 4169 362 1340 4170 359 1340 4171 380 1340 4172 362 1341 4173 380 1341 4174 379 1341 4175 1024 1342 4176 1081 1342 4177 1079 1342 4178 1024 1343 4179 1079 1343 4180 1021 1343 4181 269 1344 4182 344 1344 4183 342 1344 4184 269 1345 4185 342 1345 4186 267 1345 4187 3626 1346 4188 3630 1346 4189 3628 1346 4190 3626 1347 4191 3628 1347 4192 3627 1347 4193 682 1348 4194 578 1348 4195 655 1348 4196 682 1349 4197 655 1349 4198 684 1349 4199 1887 1350 4200 1889 1350 4201 1886 1350 4202 1887 1351 4203 1886 1351 4204 1884 1351 4205 4770 1352 4206 4772 1352 4207 4824 1352 4208 4770 1353 4209 4824 1353 4210 4826 1353 4211 591 1354 4212 650 1354 4213 647 1354 4214 591 1355 4215 647 1355 4216 589 1355 4217 2893 1356 4218 2896 1356 4219 2874 1356 4220 2874 1357 4221 2886 1357 4222 2890 1357 4223 2874 1358 4224 2890 1358 4225 2893 1358 4226 1551 1359 4227 1553 1359 4228 1560 1359 4229 1551 1360 4230 1560 1360 4231 1562 1360 4232 412 1361 4233 413 1361 4234 513 1361 4235 412 1362 4236 513 1362 4237 512 1362 4238 1040 1363 4239 1041 1363 4240 1103 1363 4241 1040 1364 4242 1103 1364 4243 1098 1364 4244 1157 1365 4245 1314 1365 4246 1312 1365 4247 1157 1366 4248 1312 1366 4249 1156 1366 4250 497 1367 4251 557 1367 4252 555 1367 4253 497 1368 4254 555 1368 4255 496 1368 4256 1722 1369 4257 1723 1369 4258 1721 1369 4259 1722 1370 4260 1721 1370 4261 1720 1370 4262 1873 1371 4263 1877 1371 4264 1982 1371 4265 1873 1372 4266 1982 1372 4267 1872 1372 4268 1996 1373 4269 1998 1373 4270 2068 1373 4271 1996 1374 4272 2068 1374 4273 2066 1374 4274 1330 1375 4275 1321 1375 4276 1320 1375 4277 1330 1376 4278 1320 1376 4279 1332 1376 4280 2145 1377 4281 2147 1377 4282 2144 1377 4283 2145 1378 4284 2144 1378 4285 2141 1378 4286 1026 1379 4287 1082 1379 4288 1080 1379 4289 1026 1380 4290 1080 1380 4291 1023 1380 4292 5106 1381 4293 5110 1381 4294 5108 1381 4295 5106 1382 4296 5108 1382 4297 5104 1382 4298 1487 1383 4299 1489 1383 4300 1480 1383 4301 1487 1384 4302 1480 1384 4303 1473 1384 4304 1767 1385 4305 1768 1385 4306 1766 1385 4307 1767 1386 4308 1766 1386 4309 1765 1386 4310 1329 1387 4311 1275 1387 4312 1276 1387 4313 1329 1388 4314 1276 1388 4315 1325 1388 4316 897 1389 4317 986 1389 4318 984 1389 4319 897 1390 4320 984 1390 4321 983 1390 4322 1300 1391 4323 1302 1391 4324 1299 1391 4325 1300 1392 4326 1299 1392 4327 1175 1392 4328 1802 1393 4329 1813 1393 4330 1812 1393 4331 1802 1394 4332 1812 1394 4333 1805 1394 4334 345 1395 4335 400 1395 4336 399 1395 4337 345 1396 4338 399 1396 4339 343 1396 4340 1744 1397 4341 1741 1397 4342 1761 1397 4343 1744 1398 4344 1761 1398 4345 1760 1398 4346 421 1399 4347 399 1399 4348 400 1399 4349 421 1400 4350 400 1400 4351 420 1400 4352 3519 1401 4353 3529 1401 4354 3527 1401 4355 3519 1402 4356 3527 1402 4357 3525 1402 4358 2125 1403 4359 2126 1403 4360 2120 1403 4361 2125 1404 4362 2120 1404 4363 2123 1404 4364 1894 1405 4365 1895 1405 4366 1998 1405 4367 1894 1406 4368 1998 1406 4369 1996 1406 4370 1414 1407 4371 1417 1407 4372 1413 1407 4373 1414 1408 4374 1413 1408 4375 1410 1408 4376 303 1409 4377 304 1409 4378 302 1409 4379 303 1410 4380 302 1410 4381 301 1410 4382 1831 1411 4383 1856 1411 4384 1855 1411 4385 1831 1412 4386 1855 1412 4387 1828 1412 4388 417 1413 4389 518 1413 4390 516 1413 4391 417 1414 4392 516 1414 4393 415 1414 4394 2338 1415 4395 2362 1415 4396 2364 1415 4397 2338 1416 4398 2364 1416 4399 2336 1416 4400 1030 1417 4401 1087 1417 4402 1085 1417 4403 1030 1418 4404 1085 1418 4405 1084 1418 4406 1042 1419 4407 1044 1419 4408 1105 1419 4409 1042 1420 4410 1105 1420 4411 1104 1420 4412 1222 1421 4413 1227 1421 4414 1225 1421 4415 1222 1422 4416 1225 1422 4417 1223 1422 4418 1166 1423 4419 1282 1423 4420 1319 1423 4421 1166 1424 4422 1319 1424 4423 1165 1424 4424 2320 1425 4425 2322 1425 4426 2378 1425 4427 2320 1426 4428 2378 1426 4429 2380 1426 4430 556 1427 4431 558 1427 4432 583 1427 4433 556 1428 4434 583 1428 4435 582 1428 4436 1287 1429 4437 1289 1429 4438 1324 1429 4439 1287 1430 4440 1324 1430 4441 1328 1430 4442 325 1431 4443 326 1431 4444 366 1431 4445 325 1432 4446 366 1432 4447 323 1432 4448 560 1433 4449 561 1433 4450 585 1433 4451 560 1434 4452 585 1434 4453 584 1434 4454 1123 1435 4455 1124 1435 4456 1121 1435 4457 1123 1436 4458 1121 1436 4459 1117 1436 4460 1367 1437 4461 1365 1437 4462 1378 1437 4463 1367 1438 4464 1378 1438 4465 1380 1438 4466 902 1439 4467 904 1439 4468 901 1439 4469 902 1440 4470 901 1440 4471 899 1440 4472 657 1441 4473 658 1441 4474 660 1441 4475 657 1442 4476 660 1442 4477 688 1442 4478 268 1443 4479 269 1443 4480 267 1443 4481 268 1444 4482 267 1444 4483 261 1444 4484 1669 1445 4485 1671 1445 4486 1814 1445 4487 1669 1446 4488 1814 1446 4489 1801 1446 4490 1321 1447 4491 1311 1447 4492 1313 1447 4493 1321 1448 4494 1313 1448 4495 1320 1448 4496 1208 1449 4497 1129 1449 4498 1130 1449 4499 1208 1450 4500 1130 1450 4501 1210 1450 4502 1329 1451 4503 1322 1451 4504 1321 1451 4505 1329 1452 4506 1321 1452 4507 1330 1452 4508 392 1453 4509 394 1453 4510 528 1453 4511 392 1454 4512 528 1454 4513 460 1454 4514 963 1455 4515 1256 1455 4516 1254 1455 4517 963 1456 4518 1254 1456 4519 1252 1456 4520 1795 1457 4521 1906 1457 4522 1905 1457 4523 1795 1458 4524 1905 1458 4525 1904 1458 4526 633 1459 4527 637 1459 4528 667 1459 4529 633 1460 4530 667 1460 4531 630 1460 4532 1962 1461 4533 2034 1461 4534 2033 1461 4535 1962 1462 4536 2033 1462 4537 2032 1462 4538 1961 1463 4539 1962 1463 4540 2032 1463 4541 1961 1464 4542 2032 1464 4543 2031 1464 4544 2495 1465 4545 2488 1465 4546 2485 1465 4547 2495 1466 4548 2485 1466 4549 2511 1466 4550 1152 1467 4551 1299 1467 4552 1302 1467 4553 1152 1468 4554 1302 1468 4555 1150 1468 4556 735 1469 4557 733 1469 4558 769 1469 4559 735 1470 4560 769 1470 4561 759 1470 4562 416 1471 4563 417 1471 4564 415 1471 4565 416 1472 4566 415 1472 4567 309 1472 4568 2491 1473 4569 2498 1473 4570 2527 1473 4571 2491 1474 4572 2527 1474 4573 2530 1474 4574 1699 1475 4575 1706 1475 4576 1704 1475 4577 1699 1476 4578 1704 1476 4579 1703 1476 4580 421 1477 4581 422 1477 4582 398 1477 4583 421 1478 4584 398 1478 4585 399 1478 4586 1181 1479 4587 1182 1479 4588 1310 1479 4589 1181 1480 4590 1310 1480 4591 1308 1480 4592 879 1481 4593 923 1481 4594 927 1481 4595 927 1482 4596 890 1482 4597 886 1482 4598 886 1483 4599 882 1483 4600 879 1483 4601 927 1484 4602 886 1484 4603 879 1484 4604 1165 1485 4605 1319 1485 4606 924 1485 4607 1165 1486 4608 924 1486 4609 1163 1486 4610 2076 1487 4611 2105 1487 4612 2104 1487 4613 2076 1488 4614 2104 1488 4615 2074 1488 4616 1723 1489 4617 1919 1489 4618 1918 1489 4619 1723 1490 4620 1918 1490 4621 1721 1490 4622 318 1491 4623 371 1491 4624 429 1491 4625 318 1492 4626 429 1492 4627 428 1492 4628 1661 1493 4629 1657 1493 4630 1603 1493 4631 1661 1494 4632 1603 1494 4633 1606 1494 4634 5107 1495 4635 5112 1495 4636 5113 1495 4637 5107 1496 4638 5113 1496 4639 5127 1496 4640 3909 1497 4641 3933 1497 4642 3931 1497 4643 3909 1498 4644 3931 1498 4645 3795 1498 4646 469 1499 4647 467 1499 4648 434 1499 4649 469 1500 4650 434 1500 4651 436 1500 4652 2159 1501 4653 2164 1501 4654 2162 1501 4655 2159 1502 4656 2162 1502 4657 2158 1502 4658 452 1503 4659 453 1503 4660 451 1503 4661 452 1504 4662 451 1504 4663 450 1504 4664 3056 1505 4665 3071 1505 4666 3065 1505 4667 3056 1506 4668 3065 1506 4669 3063 1506 4670 1687 1507 4671 1827 1507 4672 1852 1507 4673 1687 1508 4674 1852 1508 4675 1685 1508 4676 2061 1509 4677 2096 1509 4678 2098 1509 4679 2061 1510 4680 2098 1510 4681 2059 1510 4682 1579 1511 4683 1585 1511 4684 1619 1511 4685 1579 1512 4686 1619 1512 4687 1615 1512 4688 1403 1513 4689 1454 1513 4690 1451 1513 4691 1403 1514 4692 1451 1514 4693 1400 1514 4694 894 1515 4695 981 1515 4696 1035 1515 4697 1035 1516 4698 1092 1516 4699 1163 1516 4700 1163 1517 4701 924 1517 4702 887 1517 4703 887 1518 4704 894 1518 4705 1035 1518 4706 1035 1519 4707 1163 1519 4708 887 1519 4709 280 1520 4710 283 1520 4711 279 1520 4712 280 1521 4713 279 1521 4714 262 1521 4715 501 1522 4716 478 1522 4717 476 1522 4718 501 1523 4719 476 1523 4720 562 1523 4721 3852 1524 4722 3848 1524 4723 3914 1524 4724 3852 1525 4725 3914 1525 4726 3912 1525 4727 1273 1526 4728 1271 1526 4729 1229 1526 4730 1273 1527 4731 1229 1527 4732 1230 1527 4733 4304 286 4734 4325 286 4735 4343 286 4736 4335 286 4737 4323 286 4738 4306 286 4739 4304 286 4740 4343 286 4741 4335 286 4742 4306 286 4743 4304 286 4744 4335 286 4745 2213 1528 4746 2215 1528 4747 2214 1528 4748 2213 1529 4749 2214 1529 4750 2212 1529 4751 1608 1530 4752 1610 1530 4753 1668 1530 4754 1608 1531 4755 1668 1531 4756 1664 1531 4757 746 1532 4758 748 1532 4759 768 1532 4760 746 1533 4761 768 1533 4762 732 1533 4763 2560 1534 4764 2611 1534 4765 2558 1534 4766 2582 1535 4767 2584 1535 4768 2575 1535 4769 2582 1536 4770 2575 1536 4771 2539 1536 4772 2560 1537 4773 2558 1537 4774 2553 1537 4775 2555 173 4776 2560 173 4777 2553 173 4778 2579 173 4779 2582 173 4780 2539 173 4781 2579 1538 4782 2539 1538 4783 2536 1538 4784 2555 1539 4785 2553 1539 4786 2549 1539 4787 2546 1540 4788 2555 1540 4789 2549 1540 4790 2542 1541 4791 2579 1541 4792 2536 1541 4793 2536 1542 4794 2546 1542 4795 2549 1542 4796 2549 1543 4797 2542 1543 4798 2536 1543 4799 1213 1544 4800 1215 1544 4801 1262 1544 4802 1213 1545 4803 1262 1545 4804 1261 1545 4805 3711 1546 4806 3716 1546 4807 3717 1546 4808 3711 1547 4809 3717 1547 4810 3710 1547 4811 3710 1548 4812 3717 1548 4813 3718 1548 4814 3710 1549 4815 3718 1549 4816 3709 1549 4817 1438 1550 4818 1437 1550 4819 1435 1550 4820 1438 1551 4821 1435 1551 4822 1432 1551 4823 1896 1552 4824 1899 1552 4825 1895 1552 4826 1896 1553 4827 1895 1553 4828 1819 1553 4829 2049 1554 4830 2050 1554 4831 2094 1554 4832 2049 1555 4833 2094 1555 4834 2093 1555 4835 5036 1556 4836 5044 1556 4837 5042 1556 4838 5036 1557 4839 5042 1557 4840 5039 1557 4841 3820 1558 4842 3866 1558 4843 3865 1558 4844 3820 1559 4845 3865 1559 4846 3818 1559 4847 2265 1560 4848 2267 1560 4849 2262 1560 4850 2265 1561 4851 2262 1561 4852 2260 1561 4853 5159 1562 4854 5158 1562 4855 5160 1562 4856 5160 1563 4857 5161 1563 4858 4911 1563 4859 5160 1564 4860 4911 1564 4861 5159 1564 4862 4178 1565 4863 4091 1565 4864 4094 1565 4865 4094 1566 4866 4104 1566 4867 4175 1566 4868 4094 1567 4869 4175 1567 4870 4178 1567 4871 4579 286 4872 4576 286 4873 4552 286 4874 4579 1568 4875 4552 1568 4876 4558 1568 4877 4531 286 4878 4589 286 4879 4586 286 4880 4579 286 4881 4558 286 4882 4537 286 4883 4537 286 4884 4531 286 4885 4586 286 4886 4579 286 4887 4537 286 4888 4586 286 4889 920 1569 4890 970 1569 4891 717 1569 4892 920 1570 4893 717 1570 4894 710 1570 4895 4953 1571 4896 5059 1571 4897 5056 1571 4898 4953 1572 4899 5056 1572 4900 4955 1572 4901 269 1573 4902 270 1573 4903 346 1573 4904 269 1574 4905 346 1574 4906 344 1574 4907 1809 1575 4908 1941 1575 4909 1940 1575 4910 1809 1576 4911 1940 1576 4912 1808 1576 4913 1879 1577 4914 1881 1577 4915 1989 1577 4916 1879 1578 4917 1989 1578 4918 1987 1578 4919 4159 1579 4920 4165 1579 4921 4161 1579 4922 4159 1580 4923 4161 1580 4924 4154 1580 4925 3856 1581 4926 3852 1581 4927 3912 1581 4928 3856 1582 4929 3912 1582 4930 3910 1582 4931 2763 1583 4932 2765 1583 4933 2768 1583 4934 2768 1584 4935 2771 1584 4936 2774 1584 4937 2774 1585 4938 2776 1585 4939 2777 1585 4940 2774 1586 4941 2777 1586 4942 2778 1586 4943 2763 1587 4944 2768 1587 4945 2774 1587 4946 2745 1588 4947 2759 1588 4948 2763 1588 4949 2781 173 4950 2782 173 4951 2745 173 4952 2780 1589 4953 2781 1589 4954 2745 1589 4955 2763 1590 4956 2774 1590 4957 2778 1590 4958 2779 1591 4959 2780 1591 4960 2745 1591 4961 2763 173 4962 2778 173 4963 2779 173 4964 2779 1592 4965 2745 1592 4966 2763 1592 4967 1546 1593 4968 1548 1593 4969 1564 1593 4970 1546 1594 4971 1564 1594 4972 1567 1594 4973 1262 1595 4974 1263 1595 4975 1336 1595 4976 1262 1596 4977 1336 1596 4978 1335 1596 4979 1470 1597 4980 1466 1597 4981 1474 1597 4982 1474 1598 4983 1496 1598 4984 1508 1598 4985 1508 1599 4986 1512 1599 4987 1516 1599 4988 1516 1600 4989 1520 1600 4990 1525 1600 4991 1525 1601 4992 1530 1601 4993 1534 1601 4994 1534 1602 4995 1538 1602 4996 1540 1602 4997 1540 1603 4998 1568 1603 4999 1566 1603 5000 1566 1604 5001 1563 1604 5002 1561 1604 5003 1561 1605 5004 1559 1605 5005 1557 1605 5006 1557 1606 5007 1506 1606 5008 1494 1606 5009 1494 1607 5010 1486 1607 5011 1472 1607 5012 1472 1608 5013 1468 1608 5014 1470 1608 5015 1470 1609 5016 1474 1609 5017 1508 1609 5018 1508 1610 5019 1516 1610 5020 1525 1610 5021 1525 1611 5022 1534 1611 5023 1540 1611 5024 1540 1609 5025 1566 1609 5026 1561 1609 5027 1561 1612 5028 1557 1612 5029 1494 1612 5030 1494 1613 5031 1472 1613 5032 1470 1613 5033 1470 1614 5034 1508 1614 5035 1525 1614 5036 1525 1615 5037 1540 1615 5038 1561 1615 5039 1561 1616 5040 1494 1616 5041 1470 1616 5042 1525 1617 5043 1561 1617 5044 1470 1617 5045 1485 1618 5046 1483 1618 5047 1481 1618 5048 1481 1619 5049 1491 1619 5050 1493 1619 5051 1493 1620 5052 1505 1620 5053 1556 1620 5054 1556 1621 5055 1554 1621 5056 1552 1621 5057 1552 1622 5058 1550 1622 5059 1547 1622 5060 1547 1623 5061 1545 1623 5062 1543 1623 5063 1543 1624 5064 1537 1624 5065 1533 1624 5066 1533 1625 5067 1529 1625 5068 1524 1625 5069 1524 1626 5070 1519 1626 5071 1515 1626 5072 1515 1627 5073 1511 1627 5074 1503 1627 5075 1503 1628 5076 1501 1628 5077 1479 1628 5078 1479 1629 5079 1477 1629 5080 1485 1629 5081 1485 1630 5082 1481 1630 5083 1493 1630 5084 1493 1631 5085 1556 1631 5086 1552 1631 5087 1552 1632 5088 1547 1632 5089 1543 1632 5090 1543 1633 5091 1533 1633 5092 1524 1633 5093 1524 1634 5094 1515 1634 5095 1503 1634 5096 1503 1635 5097 1479 1635 5098 1485 1635 5099 1485 1636 5100 1493 1636 5101 1552 1636 5102 1552 1637 5103 1543 1637 5104 1524 1637 5105 1524 1638 5106 1503 1638 5107 1485 1638 5108 1552 1639 5109 1524 1639 5110 1485 1639 5111 1323 1640 5112 1291 1640 5113 1293 1640 5114 1323 1641 5115 1293 1641 5116 1322 1641 5117 4369 1642 5118 4348 1642 5119 4356 1642 5120 4362 1643 5121 4350 1643 5122 4378 1643 5123 4365 286 5124 4369 286 5125 4356 286 5126 4362 286 5127 4378 286 5128 4365 286 5129 4356 286 5130 4362 286 5131 4365 286 5132 907 1644 5133 995 1644 5134 993 1644 5135 907 1645 5136 993 1645 5137 904 1645 5138 1200 1646 5139 1202 1646 5140 1198 1646 5141 1200 1647 5142 1198 1647 5143 1195 1647 5144 3563 1648 5145 3961 1648 5146 3523 1648 5147 3563 1649 5148 3523 1649 5149 3567 1649 5150 990 1650 5151 992 1650 5152 1046 1650 5153 990 1651 5154 1046 1651 5155 1045 1651 5156 901 1652 5157 991 1652 5158 989 1652 5159 901 1653 5160 989 1653 5161 898 1653 5162 270 1654 5163 350 1654 5164 349 1654 5165 270 1655 5166 349 1655 5167 346 1655 5168 67 1656 5169 74 1656 5170 69 1656 5171 67 1657 5172 69 1657 5173 71 1657 5174 1445 1658 5175 1447 1658 5176 1458 1658 5177 1445 1659 5178 1458 1659 5179 1461 1659 5180 1968 1660 5181 2035 1660 5182 2034 1660 5183 1968 1661 5184 2034 1661 5185 1966 1661 5186 591 1662 5187 451 1662 5188 453 1662 5189 591 1663 5190 453 1663 5191 592 1663 5192 1542 1664 5193 1541 1664 5194 1539 1664 5195 1542 1665 5196 1539 1665 5197 1536 1665 5198 898 1666 5199 989 1666 5200 986 1666 5201 898 1667 5202 986 1667 5203 897 1667 5204 2970 1668 5205 3123 1668 5206 3126 1668 5207 2970 1669 5208 3126 1669 5209 2974 1669 5210 1384 1670 5211 1391 1670 5212 1388 1670 5213 1384 1671 5214 1388 1671 5215 1386 1671 5216 3897 1672 5217 3876 1672 5218 3895 1672 5219 3897 1673 5220 3895 1673 5221 3868 1673 5222 508 1674 5223 510 1674 5224 698 1674 5225 508 1675 5226 698 1675 5227 506 1675 5228 4333 157 5229 4342 157 5230 4339 157 5231 4333 157 5232 4339 157 5233 4336 157 5234 268 1676 5235 271 1676 5236 270 1676 5237 268 1677 5238 270 1677 5239 269 1677 5240 985 1678 5241 987 1678 5242 1042 1678 5243 985 1679 5244 1042 1679 5245 1041 1679 5246 2633 1680 5247 2667 1680 5248 2664 1680 5249 2633 1681 5250 2664 1681 5251 2630 1681 5252 643 1682 5253 671 1682 5254 636 1682 5255 643 1683 5256 636 1683 5257 641 1683 5258 2706 1684 5259 2711 1684 5260 2708 1684 5261 2706 1685 5262 2708 1685 5263 2709 1685 5264 3843 1686 5265 3888 1686 5266 3887 1686 5267 3843 1687 5268 3887 1687 5269 3886 1687 5270 605 1688 5271 579 1688 5272 580 1688 5273 605 1689 5274 580 1689 5275 604 1689 5276 216 1690 5277 218 1690 5278 241 1690 5279 216 1691 5280 241 1691 5281 239 1691 5282 552 1692 5283 580 1692 5284 579 1692 5285 552 1693 5286 579 1693 5287 550 1693 5288 1572 1694 5289 1573 1694 5290 1576 1694 5291 1573 1695 5292 1572 1695 5293 1578 1695 5294 1212 1696 5295 1260 1696 5296 1259 1696 5297 1212 1697 5298 1259 1697 5299 1209 1697 5300 905 1698 5301 907 1698 5302 904 1698 5303 905 1699 5304 904 1699 5305 902 1699 5306 600 1700 5307 652 1700 5308 651 1700 5309 600 1701 5310 651 1701 5311 598 1701 5312 1582 1702 5313 1587 1702 5314 1586 1702 5315 1587 1703 5316 1582 1703 5317 1590 1703 5318 1694 1704 5319 1709 1704 5320 1707 1704 5321 1694 1705 5322 1707 1705 5323 1696 1705 5324 486 1706 5325 483 1706 5326 500 1706 5327 486 1707 5328 500 1707 5329 499 1707 5330 3269 1708 5331 3287 1708 5332 3285 1708 5333 3269 1708 5334 3285 1708 5335 3273 1708 5336 1574 1709 5337 1588 1709 5338 1591 1709 5339 1574 1710 5340 1591 1710 5341 1577 1710 5342 4332 286 5343 4338 286 5344 4341 286 5345 4332 286 5346 4341 286 5347 4329 286 5348 1573 1711 5349 1612 1711 5350 1596 1711 5351 1612 1712 5352 1573 1712 5353 1578 1712 5354 1648 1713 5355 1650 1713 5356 1646 1713 5357 1648 1714 5358 1646 1714 5359 1599 1714 5360 2783 1715 5361 2785 1715 5362 2744 1715 5363 2783 1716 5364 2744 1716 5365 2747 1716 5366 1587 1717 5367 1634 1717 5368 1586 1717 5369 1634 1718 5370 1587 1718 5371 1593 1718 5372 2951 286 5373 3035 286 5374 3259 286 5375 2951 1719 5376 3259 1719 5377 3255 1719 5378 4584 1720 5379 4611 1720 5380 4581 1720 5381 4584 1721 5382 4581 1721 5383 4578 1721 5384 1927 1722 5385 1929 1722 5386 1926 1722 5387 1927 1723 5388 1926 1723 5389 1921 1723 5390 1712 1724 5391 1734 1724 5392 1733 1724 5393 1712 1725 5394 1733 1725 5395 1714 1725 5396 4208 1726 5397 4211 1726 5398 4210 1726 5399 4208 1727 5400 4210 1727 5401 4209 1727 5402 3971 1728 5403 3975 1728 5404 3973 1728 5405 3971 1729 5406 3973 1729 5407 3965 1729 5408 1572 1730 5409 1580 1730 5410 1578 1730 5411 371 1731 5412 372 1731 5413 430 1731 5414 371 1732 5415 430 1732 5416 429 1732 5417 1676 1733 5418 1679 1733 5419 1792 1733 5420 1676 1734 5421 1792 1734 5422 1794 1734 5423 3347 1735 5424 3349 1735 5425 3344 1735 5426 3347 1736 5427 3344 1736 5428 3342 1736 5429 4273 260 5430 4258 260 5431 4263 260 5432 4273 260 5433 4263 260 5434 4276 260 5435 938 1737 5436 936 1737 5437 1062 1737 5438 938 1738 5439 1062 1738 5440 1128 1738 5441 4556 214 5442 4549 214 5443 4571 214 5444 4556 214 5445 4571 214 5446 4568 214 5447 3675 1739 5448 3677 1739 5449 3942 1739 5450 3675 1740 5451 3942 1740 5452 3826 1740 5453 2086 1741 5454 2102 1741 5455 2104 1741 5456 2086 1742 5457 2104 1742 5458 2085 1742 5459 372 1743 5460 373 1743 5461 431 1743 5462 372 1744 5463 431 1744 5464 430 1744 5465 1192 1745 5466 1120 1745 5467 1122 1745 5468 1192 1746 5469 1122 1746 5470 1205 1746 5471 1745 1747 5472 1744 1747 5473 1760 1747 5474 1745 1748 5475 1760 1748 5476 1759 1748 5477 2089 1749 5478 2090 1749 5479 2091 1749 5480 2089 1750 5481 2091 1750 5482 2107 1750 5483 3263 1751 5484 3291 1751 5485 3289 1751 5486 3263 1752 5487 3289 1752 5488 3265 1752 5489 1683 1753 5490 1684 1753 5491 1788 1753 5492 1683 1754 5493 1788 1754 5494 1681 1754 5495 2251 1755 5496 2256 1755 5497 2263 1755 5498 2251 1756 5499 2263 1756 5500 2268 1756 5501 2784 1757 5502 2786 1757 5503 2736 1757 5504 2784 1758 5505 2736 1758 5506 2742 1758 5507 182 1759 5508 187 1759 5509 186 1759 5510 182 1760 5511 186 1760 5512 184 1760 5513 4360 260 5514 4346 260 5515 4351 260 5516 4360 260 5517 4351 260 5518 4363 260 5519 1332 1761 5520 1333 1761 5521 1331 1761 5522 1332 1762 5523 1331 1762 5524 1330 1762 5525 1013 1763 5526 1015 1763 5527 1076 1763 5528 1013 1764 5529 1076 1764 5530 1075 1764 5531 2000 1765 5532 2073 1765 5533 2070 1765 5534 2000 1766 5535 2070 1766 5536 1999 1766 5537 1100 1767 5538 1101 1767 5539 1173 1767 5540 1100 1768 5541 1173 1768 5542 1172 1768 5543 1004 1769 5544 1060 1769 5545 1058 1769 5546 1004 1770 5547 1058 1770 5548 1056 1770 5549 2223 1771 5550 2239 1771 5551 2236 1771 5552 2223 1772 5553 2236 1772 5554 2220 1772 5555 233 1773 5556 256 1773 5557 254 1773 5558 233 1774 5559 254 1774 5560 231 1774 5561 4692 157 5562 4695 157 5563 4689 157 5564 4692 157 5565 4689 157 5566 4686 157 5567 1711 1775 5568 1713 1775 5569 1650 1775 5570 1711 1776 5571 1650 1776 5572 1648 1776 5573 1715 1777 5574 1732 1777 5575 1730 1777 5576 1715 1778 5577 1730 1778 5578 1717 1778 5579 2573 1779 5580 2576 1779 5581 2618 1779 5582 2573 1780 5583 2618 1780 5584 2570 1780 5585 1943 1781 5586 1810 1781 5587 1811 1781 5588 1943 1782 5589 1811 1782 5590 1949 1782 5591 4055 1783 5592 4058 1783 5593 4079 1783 5594 4055 1784 5595 4079 1784 5596 4083 1784 5597 976 1785 5598 977 1785 5599 1025 1785 5600 976 1786 5601 1025 1786 5602 1022 1786 5603 2084 1787 5604 2085 1787 5605 2104 1787 5606 2084 1788 5607 2104 1788 5608 2105 1788 5609 1944 1789 5610 1945 1789 5611 2028 1789 5612 1944 1790 5613 2028 1790 5614 2027 1790 5615 576 1791 5616 578 1791 5617 682 1791 5618 576 1792 5619 682 1792 5620 573 1792 5621 1959 1793 5622 1952 1793 5623 1955 1793 5624 1959 1794 5625 1955 1794 5626 1958 1794 5627 567 1795 5628 690 1795 5629 691 1795 5630 567 1796 5631 691 1796 5632 563 1796 5633 4173 1797 5634 4116 1797 5635 4122 1797 5636 4173 1798 5637 4122 1798 5638 4171 1798 5639 1837 1799 5640 1630 1799 5641 1632 1799 5642 1837 1800 5643 1632 1800 5644 1841 1800 5645 2044 1801 5646 2042 1801 5647 2053 1801 5648 2044 1802 5649 2053 1802 5650 2051 1802 5651 4227 157 5652 4229 157 5653 4221 157 5654 4227 157 5655 4221 157 5656 4225 157 5657 539 1803 5658 547 1803 5659 546 1803 5660 539 1804 5661 546 1804 5662 544 1804 5663 442 1805 5664 443 1805 5665 642 1805 5666 442 1806 5667 642 1806 5668 473 1806 5669 1195 1807 5670 1196 1807 5671 1193 1807 5672 1195 1808 5673 1193 1808 5674 1191 1808 5675 1199 1809 5676 944 1809 5677 947 1809 5678 1199 1810 5679 947 1810 5680 1201 1810 5681 1085 1811 5682 1157 1811 5683 1156 1811 5684 1085 1812 5685 1156 1812 5686 1155 1812 5687 569 1813 5688 689 1813 5689 690 1813 5690 569 1814 5691 690 1814 5692 567 1814 5693 2547 1815 5694 2538 1815 5695 2502 1815 5696 2547 1816 5697 2502 1816 5698 2505 1816 5699 3145 1817 5700 3148 1817 5701 3130 1817 5702 3145 1818 5703 3130 1818 5704 3133 1818 5705 1725 1819 5706 1726 1819 5707 1783 1819 5708 1725 1820 5709 1783 1820 5710 1927 1820 5711 4376 286 5712 4382 286 5713 4385 286 5714 4376 286 5715 4385 286 5716 4373 286 5717 3603 1821 5718 3604 1821 5719 3600 1821 5720 3603 1822 5721 3600 1822 5722 3597 1822 5723 549 1823 5724 551 1823 5725 577 1823 5726 549 1824 5727 577 1824 5728 575 1824 5729 1767 1825 5730 1765 1825 5731 1787 1825 5732 1767 1826 5733 1787 1826 5734 1786 1826 5735 499 1827 5736 500 1827 5737 561 1827 5738 499 1828 5739 561 1828 5740 560 1828 5741 1186 1829 5742 1187 1829 5743 1137 1829 5744 1186 1830 5745 1137 1830 5746 1138 1830 5747 2078 1831 5748 2106 1831 5749 2105 1831 5750 2078 1832 5751 2105 1832 5752 2076 1832 5753 1139 1833 5754 1143 1833 5755 1141 1833 5756 1139 1834 5757 1141 1834 5758 1140 1834 5759 439 1835 5760 470 1835 5761 618 1835 5762 439 1836 5763 618 1836 5764 438 1836 5765 813 1837 5766 816 1837 5767 810 1837 5768 813 1838 5769 810 1838 5770 798 1838 5771 4617 1839 5772 4620 1839 5773 4618 1839 5774 4617 214 5775 4618 214 5776 4619 214 5777 4025 1840 5778 4028 1840 5779 4009 1840 5780 4025 1841 5781 4009 1841 5782 4019 1841 5783 3851 1842 5784 3887 1842 5785 3888 1842 5786 3851 1843 5787 3888 1843 5788 3846 1843 5789 1686 1844 5790 1824 1844 5791 1822 1844 5792 1686 1845 5793 1822 1845 5794 1684 1845 5795 2433 1846 5796 2465 1846 5797 2462 1846 5798 2433 1847 5799 2462 1847 5800 2437 1847 5801 1695 1848 5802 1905 1848 5803 1906 1848 5804 1695 1849 5805 1906 1849 5806 1690 1849 5807 2302 1850 5808 2400 1850 5809 2402 1850 5810 2302 1851 5811 2402 1851 5812 2300 1851 5813 669 1852 5814 694 1852 5815 693 1852 5816 669 1853 5817 693 1853 5818 668 1853 5819 2039 1854 5820 2043 1854 5821 2046 1854 5822 2039 1855 5823 2046 1855 5824 2037 1855 5825 4797 214 5826 4800 214 5827 4795 214 5828 4797 214 5829 4795 214 5830 4792 214 5831 958 1856 5832 952 1856 5833 949 1856 5834 958 1857 5835 949 1857 5836 965 1857 5837 4669 1858 5838 4671 1858 5839 4668 1858 5840 4669 1859 5841 4668 1859 5842 4666 1859 5843 3904 1860 5844 3806 1860 5845 3810 1860 5846 3904 1861 5847 3810 1861 5848 3860 1861 5849 2406 1862 5850 2409 1862 5851 2407 1862 5852 2406 1863 5853 2407 1863 5854 2408 1863 5855 3935 1864 5856 3789 1864 5857 3792 1864 5858 3935 1865 5859 3792 1865 5860 3928 1865 5861 4475 173 5862 4481 173 5863 4518 173 5864 4521 173 5865 4524 173 5866 4502 173 5867 4521 173 5868 4502 173 5869 4470 173 5870 4475 173 5871 4518 173 5872 4491 173 5873 4521 173 5874 4470 173 5875 4475 173 5876 4475 173 5877 4491 173 5878 4521 173 5879 1938 1866 5880 2020 1866 5881 2017 1866 5882 1938 1867 5883 2017 1867 5884 1936 1867 5885 590 1868 5886 648 1868 5887 645 1868 5888 590 1869 5889 645 1869 5890 644 1869 5891 1775 1870 5892 1783 1870 5893 1726 1870 5894 1775 1871 5895 1726 1871 5896 1778 1871 5897 3499 1872 5898 3509 1872 5899 3505 1872 5900 3499 1873 5901 3505 1873 5902 3507 1873 5903 962 1874 5904 963 1874 5905 1252 1874 5906 962 1875 5907 1252 1875 5908 1250 1875 5909 2525 1876 5910 2528 1876 5911 2533 1876 5912 2525 1877 5913 2533 1877 5914 2572 1877 5915 4831 1878 5916 4860 1878 5917 4866 1878 5918 4831 1879 5919 4866 1879 5920 4828 1879 5921 272 1880 5922 300 1880 5923 298 1880 5924 272 1881 5925 298 1881 5926 274 1881 5927 2836 1882 5928 2829 1882 5929 2891 1882 5930 2836 1883 5931 2891 1883 5932 2888 1883 5933 1917 1884 5934 2012 1884 5935 2011 1884 5936 1917 1885 5937 2011 1885 5938 1916 1885 5939 784 1886 5940 808 1886 5941 805 1886 5942 784 1887 5943 805 1887 5944 802 1887 5945 1754 1888 5946 1873 1888 5947 1874 1888 5948 1754 1889 5949 1874 1889 5950 1753 1889 5951 1102 1890 5952 1176 1890 5953 1175 1890 5954 1102 1891 5955 1175 1891 5956 1174 1891 5957 646 1892 5958 649 1892 5959 651 1892 5960 646 1893 5961 651 1893 5962 673 1893 5963 1095 1894 5964 1166 1894 5965 1165 1894 5966 1095 1895 5967 1165 1895 5968 1094 1895 5969 1724 1896 5970 1920 1896 5971 1919 1896 5972 1724 1897 5973 1919 1897 5974 1723 1897 5975 1278 1898 5976 1279 1898 5977 1280 1898 5978 1278 1899 5979 1280 1899 5980 1327 1899 5981 1921 1900 5982 1922 1900 5983 1920 1900 5984 1921 1901 5985 1920 1901 5986 1724 1901 5987 1269 1902 5988 1270 1902 5989 1267 1902 5990 1269 1903 5991 1267 1903 5992 1224 1903 5993 321 1904 5994 370 1904 5995 371 1904 5996 321 1905 5997 371 1905 5998 318 1905 5999 3766 1906 6000 3776 1906 6001 3774 1906 6002 3766 1907 6003 3774 1907 6004 3764 1907 6005 666 1908 6006 691 1908 6007 690 1908 6008 666 1909 6009 690 1909 6010 665 1909 6011 1037 1910 6012 1038 1910 6013 1095 1910 6014 1037 1911 6015 1095 1911 6016 1094 1911 6017 1098 1912 6018 1101 1912 6019 1100 1912 6020 1098 1913 6021 1100 1913 6022 1099 1913 6023 1114 1914 6024 1186 1914 6025 1185 1914 6026 1114 1915 6027 1185 1915 6028 1113 1915 6029 500 1916 6030 501 1916 6031 562 1916 6032 500 1917 6033 562 1917 6034 561 1917 6035 1802 1918 6036 1803 1918 6037 1666 1918 6038 1802 1919 6039 1666 1919 6040 1801 1919 6041 645 1920 6042 672 1920 6043 671 1920 6044 645 1921 6045 671 1921 6046 643 1921 6047 2559 1922 6048 2612 1922 6049 2609 1922 6050 2559 1923 6051 2609 1923 6052 2607 1923 6053 1672 1924 6054 1816 1924 6055 1800 1924 6056 1672 1925 6057 1800 1925 6058 1670 1925 6059 2044 1926 6060 2046 1926 6061 2043 1926 6062 2044 1927 6063 2043 1927 6064 2042 1927 6065 425 1928 6066 313 1928 6067 316 1928 6068 425 1929 6069 316 1929 6070 426 1929 6071 3614 1930 6072 3615 1930 6073 3611 1930 6074 3614 1931 6075 3611 1931 6076 3610 1931 6077 4466 214 6078 4459 214 6079 4478 214 6080 4466 214 6081 4478 214 6082 4474 214 6083 1071 1932 6084 1072 1932 6085 1143 1932 6086 1071 1933 6087 1143 1933 6088 1139 1933 6089 5086 1934 6090 5125 1934 6091 5114 1934 6092 5086 1935 6093 5114 1935 6094 5115 1935 6095 1088 1936 6096 1090 1936 6097 1161 1936 6098 1088 1937 6099 1161 1937 6100 1160 1937 6101 3748 1938 6102 3747 1938 6103 3745 1938 6104 3742 1939 6105 3924 1939 6106 3917 1939 6107 3748 1940 6108 3745 1940 6109 3742 1940 6110 3839 1941 6111 3832 1941 6112 3733 1941 6113 3842 1942 6114 3839 1942 6115 3733 1942 6116 3733 1943 6117 3748 1943 6118 3742 1943 6119 3742 1944 6120 3917 1944 6121 3739 1944 6122 3736 1945 6123 3847 1945 6124 3889 1945 6125 3733 1946 6126 3742 1946 6127 3739 1946 6128 3736 1947 6129 3889 1947 6130 3844 1947 6131 3733 1948 6132 3739 1948 6133 3736 1948 6134 3844 1949 6135 3842 1949 6136 3733 1949 6137 3736 1950 6138 3844 1950 6139 3733 1950 6140 704 1951 6141 538 1951 6142 540 1951 6143 704 1952 6144 540 1952 6145 703 1952 6146 1756 1953 6147 1758 1953 6148 1881 1953 6149 1756 1954 6150 1881 1954 6151 1879 1954 6152 642 1955 6153 443 1955 6154 445 1955 6155 642 1956 6156 445 1956 6157 644 1956 6158 928 1957 6159 944 1957 6160 943 1957 6161 928 1958 6162 943 1958 6163 941 1958 6164 1210 1959 6165 1212 1959 6166 1209 1959 6167 1210 1960 6168 1209 1960 6169 1208 1960 6170 2011 1961 6171 2012 1961 6172 2013 1961 6173 2011 1962 6174 2013 1962 6175 2023 1962 6176 4280 286 6177 4259 286 6178 4267 286 6179 4274 1963 6180 4262 1963 6181 4291 1963 6182 4278 286 6183 4280 286 6184 4267 286 6185 4274 1964 6186 4291 1964 6187 4278 1964 6188 4267 286 6189 4274 286 6190 4278 286 6191 2016 1965 6192 2019 1965 6193 2021 1965 6194 2016 1966 6195 2021 1966 6196 2014 1966 6197 865 1967 6198 868 1967 6199 874 1967 6200 865 1968 6201 874 1968 6202 862 1968 6203 1821 1969 6204 1819 1969 6205 1895 1969 6206 1821 1970 6207 1895 1970 6208 1894 1970 6209 1644 1971 6210 1646 1971 6211 1650 1971 6212 1644 1972 6213 1650 1972 6214 1737 1972 6215 1765 1973 6216 1738 1973 6217 1736 1973 6218 1765 1974 6219 1736 1974 6220 1787 1974 6221 276 1975 6222 278 1975 6223 706 1975 6224 276 1976 6225 706 1976 6226 301 1976 6227 1722 1977 6228 1725 1977 6229 1724 1977 6230 1722 1978 6231 1724 1978 6232 1723 1978 6233 1946 1979 6234 2031 1979 6235 2030 1979 6236 1946 1980 6237 2030 1980 6238 2029 1980 6239 1890 1981 6240 1891 1981 6241 1992 1981 6242 1890 1982 6243 1992 1982 6244 1991 1982 6245 793 1983 6246 795 1983 6247 789 1983 6248 793 1984 6249 789 1984 6250 787 1984 6251 597 1985 6252 593 1985 6253 609 1985 6254 597 1986 6255 609 1986 6256 608 1986 6257 1986 1987 6258 1988 1987 6259 1990 1987 6260 1986 1988 6261 1990 1988 6262 2055 1988 6263 2007 1989 6264 2081 1989 6265 2080 1989 6266 2007 1990 6267 2080 1990 6268 2006 1990 6269 1051 1991 6270 1112 1991 6271 1110 1991 6272 1051 1992 6273 1110 1992 6274 1049 1992 6275 385 1993 6276 387 1993 6277 391 1993 6278 385 1994 6279 391 1994 6280 459 1994 6281 309 1995 6282 415 1995 6283 414 1995 6284 309 1996 6285 414 1996 6286 308 1996 6287 966 1997 6288 924 1997 6289 1319 1997 6290 966 1998 6291 1319 1998 6292 1241 1998 6293 368 1999 6294 374 1999 6295 373 1999 6296 368 2000 6297 373 2000 6298 372 2000 6299 3090 2001 6300 3085 2001 6301 3128 2001 6302 3090 2002 6303 3128 2002 6304 3125 2002 6305 880 2003 6306 713 2003 6307 737 2003 6308 742 2004 6309 745 2004 6310 880 2004 6311 880 2005 6312 737 2005 6313 742 2005 6314 1862 2006 6315 1882 2006 6316 1883 2006 6317 1862 2007 6318 1883 2007 6319 1864 2007 6320 566 2008 6321 697 2008 6322 696 2008 6323 566 2009 6324 696 2009 6325 568 2009 6326 1532 2010 6327 1535 2010 6328 1531 2010 6329 1532 2011 6330 1531 2011 6331 1528 2011 6332 572 2012 6333 681 2012 6334 689 2012 6335 572 2013 6336 689 2013 6337 569 2013 6338 1078 2014 6339 1148 2014 6340 1147 2014 6341 1078 2015 6342 1147 2015 6343 1077 2015 6344 1086 2016 6345 1088 2016 6346 1160 2016 6347 1086 2017 6348 1160 2017 6349 1158 2017 6350 1744 2018 6351 1733 2018 6352 1734 2018 6353 1744 2019 6354 1734 2019 6355 1741 2019 6356 1757 2020 6357 1883 2020 6358 1882 2020 6359 1757 2021 6360 1882 2021 6361 1880 2021 6362 1992 2022 6363 1993 2022 6364 2062 2022 6365 1992 2023 6366 2062 2023 6367 2060 2023 6368 374 2024 6369 376 2024 6370 437 2024 6371 374 2025 6372 437 2025 6373 435 2025 6374 571 2026 6375 546 2026 6376 547 2026 6377 571 2027 6378 547 2027 6379 575 2027 6380 1068 2028 6381 1071 2028 6382 1070 2028 6383 1068 2029 6384 1070 2029 6385 1069 2029 6386 2002 2030 6387 2077 2030 6388 2075 2030 6389 2002 2031 6390 2075 2031 6391 2001 2031 6392 1925 2032 6393 1931 2032 6394 1932 2032 6395 1925 2033 6396 1932 2033 6397 1923 2033 6398 1839 2034 6399 1861 2034 6400 1860 2034 6401 1839 2035 6402 1860 2035 6403 1859 2035 6404 1806 2036 6405 1808 2036 6406 1938 2036 6407 1806 2037 6408 1938 2037 6409 1936 2037 6410 294 2038 6411 410 2038 6412 409 2038 6413 294 2039 6414 409 2039 6415 407 2039 6416 1240 2040 6417 1281 2040 6418 1280 2040 6419 1240 2041 6420 1280 2041 6421 1238 2041 6422 1776 2042 6423 1779 2042 6424 1871 2042 6425 1776 2043 6426 1871 2043 6427 1870 2043 6428 521 2044 6429 523 2044 6430 529 2044 6431 521 2045 6432 529 2045 6433 705 2045 6434 1924 2046 6435 2016 2046 6436 2014 2046 6437 1924 2047 6438 2014 2047 6439 1922 2047 6440 1222 2048 6441 1188 2048 6442 1189 2048 6443 1222 2049 6444 1189 2049 6445 1190 2049 6446 483 2050 6447 481 2050 6448 501 2050 6449 483 2051 6450 501 2051 6451 500 2051 6452 1835 2052 6453 1857 2052 6454 1856 2052 6455 1835 2053 6456 1856 2053 6457 1831 2053 6458 1082 2054 6459 1152 2054 6460 1150 2054 6461 1082 2055 6462 1150 2055 6463 1080 2055 6464 1394 2056 6465 1396 2056 6466 1398 2056 6467 1394 2057 6468 1398 2057 6469 1405 2057 6470 3669 2058 6471 3817 2058 6472 3815 2058 6473 3669 2059 6474 3815 2059 6475 3667 2059 6476 608 2060 6477 609 2060 6478 611 2060 6479 608 2061 6480 611 2061 6481 658 2061 6482 1956 2062 6483 1957 2062 6484 1955 2062 6485 1956 2063 6486 1955 2063 6487 1954 2063 6488 1941 2064 6489 2025 2064 6490 2024 2064 6491 1941 2065 6492 2024 2065 6493 1940 2065 6494 1132 2066 6495 1219 2066 6496 1218 2066 6497 1132 2067 6498 1218 2067 6499 1217 2067 6500 1665 2068 6501 1666 2068 6502 1803 2068 6503 1665 2069 6504 1803 2069 6505 1935 2069 6506 990 2070 6507 1045 2070 6508 1043 2070 6509 990 2071 6510 1043 2071 6511 988 2071 6512 823 2072 6513 845 2072 6514 821 2072 6515 823 2073 6516 821 2073 6517 815 2073 6518 614 2074 6519 660 2074 6520 658 2074 6521 614 2075 6522 658 2075 6523 611 2075 6524 752 2076 6525 775 2076 6526 771 2076 6527 752 2077 6528 771 2077 6529 765 2077 6530 613 2078 6531 616 2078 6532 661 2078 6533 613 2079 6534 661 2079 6535 659 2079 6536 2275 157 6537 2277 157 6538 2281 157 6539 2237 2080 6540 2238 2080 6541 2241 2080 6542 2237 2081 6543 2241 2081 6544 2244 2081 6545 2275 157 6546 2281 157 6547 2234 157 6548 2237 2082 6549 2244 2082 6550 2275 2082 6551 2275 2083 6552 2234 2083 6553 2237 2083 6554 4836 2084 6555 4845 2084 6556 4850 2084 6557 4836 2084 6558 4850 2084 6559 4834 2084 6560 469 2085 6561 618 2085 6562 617 2085 6563 469 2086 6564 617 2086 6565 616 2086 6566 1215 2087 6567 1264 2087 6568 1263 2087 6569 1215 2088 6570 1263 2088 6571 1262 2088 6572 1902 2089 6573 2002 2089 6574 2001 2089 6575 1902 2090 6576 2001 2090 6577 1901 2090 6578 4492 2091 6579 4519 2091 6580 4490 2091 6581 4492 2092 6582 4490 2092 6583 4487 2092 6584 1857 2093 6585 1971 2093 6586 1969 2093 6587 1857 2094 6588 1969 2094 6589 1856 2094 6590 290 2095 6591 333 2095 6592 332 2095 6593 290 2096 6594 332 2096 6595 331 2096 6596 1028 2097 6597 1030 2097 6598 1084 2097 6599 1028 2098 6600 1084 2098 6601 1083 2098 6602 580 2099 6603 581 2099 6604 603 2099 6605 580 2100 6606 603 2100 6607 604 2100 6608 1773 2101 6609 1869 2101 6610 1867 2101 6611 1773 2102 6612 1867 2102 6613 1768 2102 6614 1970 2103 6615 1973 2103 6616 2038 2103 6617 1970 2104 6618 2038 2104 6619 2036 2104 6620 1118 2105 6621 1119 2105 6622 1116 2105 6623 1118 2106 6624 1116 2106 6625 1059 2106 6626 2045 2107 6627 2052 2107 6628 2050 2107 6629 2045 2108 6630 2050 2108 6631 2049 2108 6632 985 2109 6633 1041 2109 6634 1040 2109 6635 985 2110 6636 1040 2110 6637 1039 2110 6638 1960 2111 6639 1964 2111 6640 1962 2111 6641 1960 2112 6642 1962 2112 6643 1961 2112 6644 1891 2113 6645 1892 2113 6646 1993 2113 6647 1891 2114 6648 1993 2114 6649 1992 2114 6650 198 2115 6651 203 2115 6652 234 2115 6653 198 2116 6654 234 2116 6655 195 2116 6656 156 2117 6657 145 2117 6658 147 2117 6659 156 2118 6660 147 2118 6661 148 2118 6662 1777 2119 6663 1781 2119 6664 1780 2119 6665 1777 2120 6666 1780 2120 6667 1779 2120 6668 1156 2121 6669 1295 2121 6670 1296 2121 6671 1156 2122 6672 1296 2122 6673 1155 2122 6674 361 2123 6675 378 2123 6676 377 2123 6677 361 2124 6678 377 2124 6679 363 2124 6680 521 2125 6681 705 2125 6682 704 2125 6683 521 2126 6684 704 2126 6685 519 2126 6686 1878 2127 6687 1985 2127 6688 1984 2127 6689 1878 2128 6690 1984 2128 6691 1877 2128 6692 1877 2129 6693 1984 2129 6694 1983 2129 6695 1877 2130 6696 1983 2130 6697 1982 2130 6698 415 2131 6699 516 2131 6700 514 2131 6701 415 2132 6702 514 2132 6703 414 2132 6704 707 2133 6705 706 2133 6706 324 2133 6707 707 2134 6708 324 2134 6709 322 2134 6710 406 2135 6711 535 2135 6712 534 2135 6713 406 2136 6714 534 2136 6715 405 2136 6716 1981 2137 6717 1982 2137 6718 1983 2137 6719 1981 2138 6720 1983 2138 6721 2041 2138 6722 1187 2139 6723 1188 2139 6724 1221 2139 6725 1187 2140 6726 1221 2140 6727 1137 2140 6728 2008 2141 6729 2082 2141 6730 2081 2141 6731 2008 2142 6732 2081 2142 6733 2007 2142 6734 1780 2143 6735 1874 2143 6736 1873 2143 6737 1780 2144 6738 1873 2144 6739 1872 2144 6740 1170 2145 6741 1290 2145 6742 1288 2145 6743 1170 2146 6744 1288 2146 6745 1169 2146 6746 2004 2147 6747 2005 2147 6748 2079 2147 6749 2004 2148 6750 2079 2148 6751 2003 2148 6752 539 2149 6753 544 2149 6754 542 2149 6755 539 2150 6756 542 2150 6757 540 2150 6758 1934 2151 6759 2018 2151 6760 2015 2151 6761 1934 2152 6762 2015 2152 6763 1933 2152 6764 2342 2153 6765 2358 2153 6766 2360 2153 6767 2342 2154 6768 2360 2154 6769 2340 2154 6770 2130 2155 6771 2133 2155 6772 2131 2155 6773 2130 2156 6774 2131 2156 6775 2128 2156 6776 1766 2157 6777 1866 2157 6778 1849 2157 6779 1766 2158 6780 1849 2158 6781 1763 2158 6782 2133 2159 6783 2136 2159 6784 2134 2159 6785 2133 2160 6786 2134 2160 6787 2131 2160 6788 1892 2161 6789 1893 2161 6790 1994 2161 6791 1892 2162 6792 1994 2162 6793 1993 2162 6794 1962 2163 6795 1964 2163 6796 1966 2163 6797 1962 2164 6798 1966 2164 6799 2034 2164 6800 644 2165 6801 445 2165 6802 449 2165 6803 644 2166 6804 449 2166 6805 590 2166 6806 3758 2167 6807 3759 2167 6808 3773 2167 6809 3758 2168 6810 3773 2168 6811 3775 2168 6812 3615 2169 6813 3614 2169 6814 3620 2169 6815 3758 2170 6816 3775 2170 6817 3617 2170 6818 3617 2171 6819 3615 2171 6820 3620 2171 6821 3617 2172 6822 3620 2172 6823 3758 2172 6824 1158 2173 6825 1160 2173 6826 1318 2173 6827 1158 2174 6828 1318 2174 6829 1315 2174 6830 3055 2175 6831 3062 2175 6832 3295 2175 6833 3295 173 6834 3297 173 6835 3225 173 6836 3225 2176 6837 3228 2176 6838 3231 2176 6839 3225 2177 6840 3231 2177 6841 3299 2177 6842 3055 173 6843 3295 173 6844 3225 173 6845 3060 2178 6846 3058 2178 6847 3055 2178 6848 3293 2179 6849 3060 2179 6850 3055 2179 6851 3225 2180 6852 3299 2180 6853 3301 2180 6854 3293 2181 6855 3055 2181 6856 3225 2181 6857 3225 2182 6858 3301 2182 6859 3293 2182 6860 444 2183 6861 445 2183 6862 443 2183 6863 444 2184 6864 443 2184 6865 382 2184 6866 2009 2185 6867 2024 2185 6868 2082 2185 6869 2009 2186 6870 2082 2186 6871 2008 2186 6872 1985 2187 6873 2054 2187 6874 2053 2187 6875 1985 2188 6876 2053 2188 6877 1984 2188 6878 1139 2189 6879 1140 2189 6880 1138 2189 6881 1139 2190 6882 1138 2190 6883 1135 2190 6884 1974 2191 6885 2039 2191 6886 2037 2191 6887 1974 2192 6888 2037 2192 6889 1972 2192 6890 1173 2193 6891 1174 2193 6892 1298 2193 6893 1173 2194 6894 1298 2194 6895 1297 2194 6896 377 2195 6897 378 2195 6898 439 2195 6899 377 2196 6900 439 2196 6901 438 2196 6902 1829 2197 6903 1832 2197 6904 1845 2197 6905 1829 2198 6906 1845 2198 6907 1843 2198 6908 537 2199 6909 538 2199 6910 532 2199 6911 537 2200 6912 532 2200 6913 493 2200 6914 2318 2201 6915 2320 2201 6916 2380 2201 6917 2318 2202 6918 2380 2202 6919 2382 2202 6920 956 2203 6921 960 2203 6922 1244 2203 6923 956 2204 6924 1244 2204 6925 968 2204 6926 1702 2205 6927 1917 2205 6928 1916 2205 6929 1702 2206 6930 1916 2206 6931 1914 2206 6932 1112 2207 6933 1184 2207 6934 1182 2207 6935 1112 2208 6936 1182 2208 6937 1110 2208 6938 2344 2209 6939 2356 2209 6940 2358 2209 6941 2344 2210 6942 2358 2210 6943 2342 2210 6944 2292 2211 6945 2295 2211 6946 2297 2211 6947 2292 2212 6948 2297 2212 6949 2404 2212 6950 1401 2213 6951 1452 2213 6952 1450 2213 6953 1450 2214 6954 1448 2214 6955 1446 2214 6956 1446 2215 6957 1443 2215 6958 1441 2215 6959 1441 2216 6960 1439 2216 6961 1433 2216 6962 1433 2217 6963 1429 2217 6964 1425 2217 6965 1425 2218 6966 1420 2218 6967 1415 2218 6968 1415 2219 6969 1411 2219 6970 1407 2219 6971 1407 2220 6972 1399 2220 6973 1397 2220 6974 1397 2221 6975 1375 2221 6976 1373 2221 6977 1373 2222 6978 1381 2222 6979 1379 2222 6980 1379 2223 6981 1377 2223 6982 1387 2223 6983 1387 2224 6984 1389 2224 6985 1401 2224 6986 1401 2225 6987 1450 2225 6988 1446 2225 6989 1446 2226 6990 1441 2226 6991 1433 2226 6992 1433 2227 6993 1425 2227 6994 1415 2227 6995 1415 2228 6996 1407 2228 6997 1397 2228 6998 1397 2229 6999 1373 2229 7000 1379 2229 7001 1379 2230 7002 1387 2230 7003 1401 2230 7004 1401 2231 7005 1446 2231 7006 1433 2231 7007 1433 2232 7008 1415 2232 7009 1397 2232 7010 1397 2233 7011 1379 2233 7012 1401 2233 7013 1433 2234 7014 1397 2234 7015 1401 2234 7016 2024 2235 7017 2025 2235 7018 2083 2235 7019 2024 2236 7020 2083 2236 7021 2082 2236 7022 1856 2237 7023 1969 2237 7024 1967 2237 7025 1856 2238 7026 1967 2238 7027 1855 2238 7028 545 2239 7029 696 2239 7030 699 2239 7031 545 2240 7032 699 2240 7033 543 2240 7034 1958 2241 7035 1955 2241 7036 1957 2241 7037 1958 2242 7038 1957 2242 7039 1851 2242 7040 1748 2243 7041 1750 2243 7042 1729 2243 7043 1748 2244 7044 1729 2244 7045 1731 2244 7046 1203 2245 7047 943 2245 7048 944 2245 7049 1203 2246 7050 944 2246 7051 1199 2246 7052 3236 2247 7053 3234 2247 7054 3196 2247 7055 3196 286 7056 3202 286 7057 3207 286 7058 3207 286 7059 3212 286 7060 3064 286 7061 3064 2248 7062 3070 2248 7063 3245 2248 7064 3064 2249 7065 3245 2249 7066 3242 2249 7067 3236 2250 7068 3196 2250 7069 3207 2250 7070 3238 2251 7071 3236 2251 7072 3207 2251 7073 3207 2252 7074 3064 2252 7075 3242 2252 7076 3240 2253 7077 3238 2253 7078 3207 2253 7079 3242 2254 7080 3240 2254 7081 3207 2254 7082 1949 2255 7083 1951 2255 7084 1947 2255 7085 1949 2256 7086 1947 2256 7087 1943 2256 7088 1801 2257 7089 1814 2257 7090 1813 2257 7091 1801 2258 7092 1813 2258 7093 1802 2258 7094 1870 2259 7095 1980 2259 7096 1978 2259 7097 1870 2260 7098 1978 2260 7099 1868 2260 7100 418 2261 7101 416 2261 7102 424 2261 7103 418 2262 7104 424 2262 7105 423 2262 7106 1804 2263 7107 1811 2263 7108 1810 2263 7109 1804 2264 7110 1810 2264 7111 1809 2264 7112 1665 2265 7113 1935 2265 7114 1934 2265 7115 1665 2266 7116 1934 2266 7117 1662 2266 7118 1829 2267 7119 1843 2267 7120 1826 2267 7121 1829 2268 7122 1826 2268 7123 1688 2268 7124 4120 2269 7125 4181 2269 7126 4090 2269 7127 4086 2270 7128 4052 2270 7129 4047 2270 7130 4120 2271 7131 4090 2271 7132 4086 2271 7133 3999 2272 7134 4180 2272 7135 4120 2272 7136 4021 2273 7137 4001 2273 7138 3999 2273 7139 4086 2274 7140 4047 2274 7141 4026 2274 7142 4026 2275 7143 4021 2275 7144 3999 2275 7145 3999 2276 7146 4120 2276 7147 4086 2276 7148 4086 2277 7149 4026 2277 7150 3999 2277 7151 1729 2278 7152 1750 2278 7153 1876 2278 7154 1729 2279 7155 1876 2279 7156 1728 2279 7157 2410 2280 7158 2411 2280 7159 2409 2280 7160 2410 2281 7161 2409 2281 7162 2406 2281 7163 1053 2282 7164 1057 2282 7165 1055 2282 7166 1053 2283 7167 1055 2283 7168 1054 2283 7169 1495 2284 7170 1507 2284 7171 1504 2284 7172 1495 2285 7173 1504 2285 7174 1492 2285 7175 338 2286 7176 265 2286 7177 266 2286 7178 338 2287 7179 266 2287 7180 340 2287 7181 2310 2288 7182 2312 2288 7183 2388 2288 7184 2310 2289 7185 2388 2289 7186 2390 2289 7187 2001 2290 7188 2075 2290 7189 2073 2290 7190 2001 2291 7191 2073 2291 7192 2000 2291 7193 1136 2292 7194 1137 2292 7195 1221 2292 7196 1136 2293 7197 1221 2293 7198 1220 2293 7199 1607 2294 7200 1609 2294 7201 1611 2294 7202 1611 173 7203 1673 173 7204 1675 173 7205 1675 2295 7206 1677 2295 7207 1680 2295 7208 1680 2296 7209 1682 2296 7210 1620 2296 7211 1620 2297 7212 1622 2297 7213 1624 2297 7214 1624 173 7215 1626 173 7216 1629 173 7217 1629 2298 7218 1631 2298 7219 1633 2298 7220 1633 2297 7221 1636 2297 7222 1638 2297 7223 1638 2299 7224 1640 2299 7225 1643 2299 7226 1643 2296 7227 1645 2296 7228 1598 2296 7229 1598 173 7230 1600 173 7231 1602 173 7232 1602 2300 7233 1604 2300 7234 1607 2300 7235 1607 2301 7236 1611 2301 7237 1675 2301 7238 1675 2302 7239 1680 2302 7240 1620 2302 7241 1620 173 7242 1624 173 7243 1629 173 7244 1629 2303 7245 1633 2303 7246 1638 2303 7247 1638 2304 7248 1643 2304 7249 1598 2304 7250 1598 2305 7251 1602 2305 7252 1607 2305 7253 1607 2306 7254 1675 2306 7255 1620 2306 7256 1620 2307 7257 1629 2307 7258 1638 2307 7259 1638 2308 7260 1598 2308 7261 1607 2308 7262 1620 2309 7263 1638 2309 7264 1607 2309 7265 3599 2310 7266 3587 2310 7267 3589 2310 7268 3591 2311 7269 3653 2311 7270 3650 2311 7271 3599 2312 7272 3589 2312 7273 3591 2312 7274 3598 2313 7275 3601 2313 7276 3599 2313 7277 3591 2314 7278 3650 2314 7279 3595 2314 7280 3595 2315 7281 3598 2315 7282 3599 2315 7283 3591 2316 7284 3595 2316 7285 3599 2316 7286 1780 2317 7287 1781 2317 7288 1875 2317 7289 1780 2318 7290 1875 2318 7291 1874 2318 7292 4509 192 7293 4512 192 7294 4476 192 7295 4509 192 7296 4476 192 7297 4471 192 7298 623 2319 7299 621 2319 7300 640 2319 7301 623 2320 7302 640 2320 7303 635 2320 7304 1098 2321 7305 1099 2321 7306 1097 2321 7307 1098 2322 7308 1097 2322 7309 1040 2322 7310 1332 2323 7311 1320 2323 7312 1247 2323 7313 1332 2324 7314 1247 2324 7315 1249 2324 7316 1851 2325 7317 1957 2325 7318 1791 2325 7319 1851 2326 7320 1791 2326 7321 1789 2326 7322 1151 2327 7323 1303 2327 7324 1305 2327 7325 1151 2328 7326 1305 2328 7327 1149 2328 7328 1102 2329 7329 1174 2329 7330 1173 2329 7331 1102 2330 7332 1173 2330 7333 1101 2330 7334 1959 2331 7335 1958 2331 7336 1853 2331 7337 1959 2332 7338 1853 2332 7339 1963 2332 7340 762 2333 7341 780 2333 7342 778 2333 7343 778 2334 7344 755 2334 7345 757 2334 7346 778 2335 7347 757 2335 7348 762 2335 7349 2107 2336 7350 2099 2336 7351 2100 2336 7352 2107 2337 7353 2100 2337 7354 2089 2337 7355 2964 2338 7356 3053 2338 7357 3049 2338 7358 2964 2339 7359 3049 2339 7360 2960 2339 7361 4243 214 7362 4252 214 7363 4249 214 7364 4243 214 7365 4249 214 7366 4239 214 7367 2476 2340 7368 2472 2340 7369 2475 2340 7370 2486 2341 7371 2490 2341 7372 2412 2341 7373 2476 2342 7374 2475 2342 7375 2479 2342 7376 2476 286 7377 2479 286 7378 2483 286 7379 2486 2343 7380 2412 2343 7381 2487 2343 7382 2480 2344 7383 2476 2344 7384 2483 2344 7385 2483 2345 7386 2486 2345 7387 2487 2345 7388 2483 2346 7389 2487 2346 7390 2480 2346 7391 587 2347 7392 475 2347 7393 565 2347 7394 587 2348 7395 565 2348 7396 692 2348 7397 1220 2349 7398 1221 2349 7399 1223 2349 7400 1220 2350 7401 1223 2350 7402 1266 2350 7403 1847 2351 7404 1849 2351 7405 1866 2351 7406 1847 2352 7407 1866 2352 7408 1861 2352 7409 910 2353 7410 912 2353 7411 970 2353 7412 910 2354 7413 970 2354 7414 920 2354 7415 601 2355 7416 599 2355 7417 607 2355 7418 601 2356 7419 607 2356 7420 606 2356 7421 1171 2357 7422 1295 2357 7423 1294 2357 7424 1171 2358 7425 1294 2358 7426 1292 2358 7427 850 2359 7428 857 2359 7429 854 2359 7430 850 2360 7431 854 2360 7432 852 2360 7433 3063 2361 7434 3065 2361 7435 3213 2361 7436 3063 2362 7437 3213 2362 7438 3296 2362 7439 1656 2363 7440 1658 2363 7441 1655 2363 7442 1656 2364 7443 1655 2364 7444 1653 2364 7445 1238 2365 7446 1280 2365 7447 1279 2365 7448 1238 2366 7449 1279 2366 7450 1236 2366 7451 423 2367 7452 525 2367 7453 524 2367 7454 423 2368 7455 524 2368 7456 422 2368 7457 2118 2369 7458 2119 2369 7459 2116 2369 7460 2118 2370 7461 2116 2370 7462 2108 2370 7463 2580 2371 7464 2544 2371 7465 2598 2371 7466 2580 2372 7467 2598 2372 7468 2595 2372 7469 109 2373 7470 111 2373 7471 107 2373 7472 109 2374 7473 107 2374 7474 106 2374 7475 187 2375 7476 191 2375 7477 189 2375 7478 187 2376 7479 189 2376 7480 186 2376 7481 2240 2377 7482 2249 2377 7483 2247 2377 7484 2240 2378 7485 2247 2378 7486 2243 2378 7487 3840 2379 7488 3843 2379 7489 3886 2379 7490 3840 2380 7491 3886 2380 7492 3884 2380 7493 2227 2381 7494 2222 2381 7495 2224 2381 7496 2230 2382 7497 2286 2382 7498 2349 2382 7499 2230 2383 7500 2349 2383 7501 2289 2383 7502 2227 2384 7503 2224 2384 7504 2219 2384 7505 2230 2385 7506 2289 2385 7507 2227 2385 7508 2219 2386 7509 2230 2386 7510 2227 2386 7511 155 173 7512 153 173 7513 122 173 7514 122 173 7515 119 173 7516 113 173 7517 122 173 7518 113 173 7519 155 173 7520 4585 975 7521 4588 975 7522 4615 975 7523 4585 976 7524 4615 976 7525 4612 976 7526 4564 192 7527 4559 192 7528 4599 192 7529 4564 192 7530 4599 192 7531 4602 192 7532 941 2387 7533 939 2387 7534 937 2387 7535 937 2388 7536 935 2388 7537 933 2388 7538 933 2389 7539 708 2389 7540 928 2389 7541 928 2390 7542 941 2390 7543 937 2390 7544 937 2391 7545 933 2391 7546 928 2391 7547 1034 2392 7548 1036 2392 7549 1093 2392 7550 1034 2393 7551 1093 2393 7552 1091 2393 7553 2269 192 7554 2266 192 7555 2278 192 7556 2269 2394 7557 2278 2394 7558 2271 2394 7559 2248 2395 7560 2254 2395 7561 2252 2395 7562 2269 2396 7563 2271 2396 7564 2245 2396 7565 2245 2397 7566 2248 2397 7567 2252 2397 7568 2252 2398 7569 2269 2398 7570 2245 2398 7571 4680 2399 7572 4682 2399 7573 4679 2399 7574 4680 2400 7575 4679 2400 7576 4677 2400 7577 1740 2401 7578 1642 2401 7579 1644 2401 7580 1740 2402 7581 1644 2402 7582 1737 2402 7583 4663 2403 7584 4665 2403 7585 4662 2403 7586 4663 2404 7587 4662 2404 7588 4660 2404 7589 2285 2405 7590 2229 2405 7591 2232 2405 7592 2285 2406 7593 2232 2406 7594 2280 2406 7595 2234 2407 7596 2283 2407 7597 2237 2407 7598 2282 260 7599 2233 260 7600 2284 260 7601 2272 2408 7602 2279 2408 7603 2276 2408 7604 2272 2409 7605 2276 2409 7606 2274 2409 7607 2288 2410 7608 2296 2410 7609 2294 2410 7610 2288 2411 7611 2299 2411 7612 2296 2411 7613 2287 2412 7614 2293 2412 7615 2290 2412 7616 2287 2413 7617 2290 2413 7618 2225 2413 7619 331 2414 7620 332 2414 7621 384 2414 7622 331 2415 7623 384 2415 7624 383 2415 7625 3551 2416 7626 3547 2416 7627 3963 2416 7628 3551 2417 7629 3963 2417 7630 3559 2417 7631 259 2418 7632 277 2418 7633 300 2418 7634 259 2419 7635 300 2419 7636 272 2419 7637 1249 2420 7638 1251 2420 7639 1333 2420 7640 1249 2421 7641 1333 2421 7642 1332 2421 7643 2351 2422 7644 2347 2422 7645 2345 2422 7646 2351 2423 7647 2345 2423 7648 2343 2423 7649 2288 2424 7650 2348 2424 7651 2351 2424 7652 2301 214 7653 2299 214 7654 2288 214 7655 2303 2425 7656 2301 2425 7657 2288 2425 7658 2351 2426 7659 2343 2426 7660 2341 2426 7661 2351 2427 7662 2341 2427 7663 2339 2427 7664 2305 214 7665 2303 214 7666 2288 214 7667 2308 2428 7668 2305 2428 7669 2288 2428 7670 2351 2429 7671 2339 2429 7672 2337 2429 7673 2351 2430 7674 2337 2430 7675 2335 2430 7676 2311 214 7677 2308 214 7678 2288 214 7679 2313 214 7680 2311 214 7681 2288 214 7682 2351 2431 7683 2335 2431 7684 2333 2431 7685 2351 2432 7686 2333 2432 7687 2331 2432 7688 2315 214 7689 2313 214 7690 2288 214 7691 2317 2433 7692 2315 2433 7693 2288 2433 7694 2288 2434 7695 2351 2434 7696 2331 2434 7697 2288 2435 7698 2331 2435 7699 2329 2435 7700 2319 214 7701 2317 214 7702 2288 214 7703 2321 214 7704 2319 214 7705 2288 214 7706 2288 214 7707 2329 214 7708 2327 214 7709 2288 2436 7710 2327 2436 7711 2325 2436 7712 2323 214 7713 2321 214 7714 2288 214 7715 2325 2437 7716 2323 2437 7717 2288 2437 7718 4257 157 7719 4266 157 7720 4261 157 7721 4257 157 7722 4261 157 7723 4264 157 7724 3672 2438 7725 3819 2438 7726 3817 2438 7727 3672 2439 7728 3817 2439 7729 3669 2439 7730 297 2440 7731 411 2440 7732 410 2440 7733 297 2441 7734 410 2441 7735 294 2441 7736 1663 2442 7737 1667 2442 7738 1666 2442 7739 1663 2443 7740 1666 2443 7741 1665 2443 7742 634 2444 7743 669 2444 7744 668 2444 7745 634 2445 7746 668 2445 7747 638 2445 7748 481 2446 7749 480 2446 7750 478 2446 7751 481 2447 7752 478 2447 7753 501 2447 7754 2357 2448 7755 2355 2448 7756 2353 2448 7757 2353 2449 7758 2221 2449 7759 2226 2449 7760 2226 2450 7761 2291 2450 7762 2403 2450 7763 2226 2451 7764 2403 2451 7765 2401 2451 7766 2359 2452 7767 2357 2452 7768 2353 2452 7769 2361 2453 7770 2359 2453 7771 2353 2453 7772 2226 2454 7773 2401 2454 7774 2399 2454 7775 2226 2455 7776 2399 2455 7777 2397 2455 7778 2363 2456 7779 2361 2456 7780 2353 2456 7781 2365 2457 7782 2363 2457 7783 2353 2457 7784 2226 2458 7785 2397 2458 7786 2395 2458 7787 2226 2459 7788 2395 2459 7789 2393 2459 7790 2367 2460 7791 2365 2460 7792 2353 2460 7793 2369 2461 7794 2367 2461 7795 2353 2461 7796 2226 2462 7797 2393 2462 7798 2391 2462 7799 2226 2463 7800 2391 2463 7801 2389 2463 7802 2371 2464 7803 2369 2464 7804 2353 2464 7805 2373 2465 7806 2371 2465 7807 2353 2465 7808 2226 2466 7809 2389 2466 7810 2387 2466 7811 2226 2467 7812 2387 2467 7813 2385 2467 7814 2373 2468 7815 2353 2468 7816 2226 2468 7817 2375 2469 7818 2373 2469 7819 2226 2469 7820 2226 2470 7821 2385 2470 7822 2383 2470 7823 2226 2471 7824 2383 2471 7825 2381 2471 7826 2377 2472 7827 2375 2472 7828 2226 2472 7829 2226 2473 7830 2381 2473 7831 2379 2473 7832 2379 2474 7833 2377 2474 7834 2226 2474 7835 2087 2475 7836 2088 2475 7837 2101 2475 7838 2087 2476 7839 2101 2476 7840 2103 2476 7841 1008 2477 7842 1009 2477 7843 1066 2477 7844 1008 2478 7845 1066 2478 7846 1007 2478 7847 1553 2479 7848 1555 2479 7849 1558 2479 7850 1553 2480 7851 1558 2480 7852 1560 2480 7853 891 2481 7854 979 2481 7855 978 2481 7856 891 2482 7857 978 2482 7858 977 2482 7859 598 2483 7860 651 2483 7861 649 2483 7862 598 2484 7863 649 2484 7864 595 2484 7865 2309 2485 7866 2394 2485 7867 2396 2485 7868 2309 2486 7869 2396 2486 7870 2306 2486 7871 1860 2487 7872 1867 2487 7873 1869 2487 7874 1860 2488 7875 1869 2488 7876 1979 2488 7877 1657 2489 7878 1654 2489 7879 1601 2489 7880 1657 2490 7881 1601 2490 7882 1603 2490 7883 3750 2491 7884 3751 2491 7885 3940 2491 7886 3750 2492 7887 3940 2492 7888 3937 2492 7889 3787 2493 7890 3788 2493 7891 3934 2493 7892 3750 2494 7893 3937 2494 7894 3936 2494 7895 3936 2495 7896 3787 2495 7897 3934 2495 7898 3750 2496 7899 3936 2496 7900 3934 2496 7901 1419 2497 7902 1423 2497 7903 1417 2497 7904 1419 2498 7905 1417 2498 7906 1414 2498 7907 1735 2499 7908 1743 2499 7909 1740 2499 7910 1735 2500 7911 1740 2500 7912 1737 2500 7913 275 2501 7914 293 2501 7915 351 2501 7916 275 2502 7917 351 2502 7918 271 2502 7919 511 2503 7920 700 2503 7921 510 2503 7922 511 2504 7923 510 2504 7924 409 2504 7925 535 2505 7926 406 2505 7927 352 2505 7928 535 2506 7929 352 2506 7930 536 2506 7931 497 2507 7932 498 2507 7933 559 2507 7934 497 2508 7935 559 2508 7936 557 2508 7937 2334 2509 7938 2366 2509 7939 2368 2509 7940 2334 2510 7941 2368 2510 7942 2332 2510 7943 450 2511 7944 459 2511 7945 458 2511 7946 450 2512 7947 458 2512 7948 452 2512 7949 537 2513 7950 548 2513 7951 547 2513 7952 537 2514 7953 547 2514 7954 539 2514 7955 2652 2515 7956 2655 2515 7957 2649 2515 7958 2652 2516 7959 2649 2516 7960 2646 2516 7961 1164 2517 7962 926 2517 7963 922 2517 7964 1164 2518 7965 922 2518 7966 1162 2518 7967 1335 2519 7968 1336 2519 7969 1337 2519 7970 1335 2520 7971 1337 2520 7972 1334 2520 7973 3444 2521 7974 3447 2521 7975 3452 2521 7976 3444 2522 7977 3452 2522 7978 3439 2522 7979 2611 2523 7980 2560 2523 7981 2614 2523 7982 2617 2524 7983 2575 2524 7984 2584 2524 7985 2584 2525 7986 2611 2525 7987 2614 2525 7988 2584 2526 7989 2614 2526 7990 2617 2526 7991 1815 2527 7992 1901 2527 7993 1900 2527 7994 1815 2528 7995 1900 2528 7996 1817 2528 7997 2448 2529 7998 2444 2529 7999 2446 2529 8000 2438 2530 8001 2440 2530 8002 2436 2530 8003 2438 173 8004 2436 173 8005 2432 173 8006 2448 2531 8007 2446 2531 8008 2451 2531 8009 2426 2532 8010 2448 2532 8011 2451 2532 8012 2435 173 8013 2438 173 8014 2432 173 8015 2435 2533 8016 2432 2533 8017 2428 2533 8018 2426 2534 8019 2451 2534 8020 2423 2534 8021 2427 2535 8022 2426 2535 8023 2423 2535 8024 2430 2536 8025 2435 2536 8026 2428 2536 8027 2427 2537 8028 2423 2537 8029 2420 2537 8030 2430 2538 8031 2428 2538 8032 2427 2538 8033 2427 2539 8034 2420 2539 8035 2430 2539 8036 1661 2540 8037 1908 2540 8038 1691 2540 8039 1661 2541 8040 1691 2541 8041 1657 2541 8042 3369 2542 8043 3371 2542 8044 3367 2542 8045 3369 2543 8046 3367 2543 8047 3365 2543 8048 5001 2544 8049 5004 2544 8050 4999 2544 8051 5001 2545 8052 4999 2545 8053 4991 2545 8054 644 2546 8055 645 2546 8056 643 2546 8057 644 2547 8058 643 2547 8059 642 2547 8060 2478 260 8061 2516 260 8062 2513 260 8063 2478 260 8064 2513 260 8065 2482 260 8066 3388 2548 8067 3390 2548 8068 3170 2548 8069 3388 2549 8070 3170 2549 8071 3176 2549 8072 4683 2550 8073 4685 2550 8074 4682 2550 8075 4683 2551 8076 4682 2551 8077 4680 2551 8078 1518 2552 8079 1521 2552 8080 1517 2552 8081 1518 2553 8082 1517 2553 8083 1514 2553 8084 2699 2554 8085 2701 2554 8086 2697 2554 8087 2699 2555 8088 2697 2555 8089 2688 2555 8090 1834 2556 8091 1837 2556 8092 1888 2556 8093 1834 2557 8094 1888 2557 8095 1846 2557 8096 1980 2558 8097 1981 2558 8098 2041 2558 8099 1980 2559 8100 2041 2559 8101 2040 2559 8102 5047 2560 8103 5055 2560 8104 5017 2560 8105 5047 2561 8106 5017 2561 8107 5011 2561 8108 1790 2562 8109 1788 2562 8110 1820 2562 8111 1790 2563 8112 1820 2563 8113 1897 2563 8114 996 2564 8115 998 2564 8116 1049 2564 8117 996 2565 8118 1049 2565 8119 1048 2565 8120 2446 2566 8121 2444 2566 8122 2443 2566 8123 2443 2567 8124 2436 2567 8125 2440 2567 8126 2443 2568 8127 2440 2568 8128 2446 2568 8129 674 2569 8130 676 2569 8131 695 2569 8132 674 2570 8133 695 2570 8134 672 2570 8135 4390 157 8136 4398 157 8137 4392 157 8138 4390 157 8139 4392 157 8140 4395 157 8141 2198 2571 8142 2200 2571 8143 2196 2571 8144 2198 2572 8145 2196 2572 8146 2197 2572 8147 4172 2573 8148 4123 2573 8149 4132 2573 8150 4172 2574 8151 4132 2574 8152 4144 2574 8153 1549 2575 8154 1551 2575 8155 1562 2575 8156 1549 2576 8157 1562 2576 8158 1565 2576 8159 842 2577 8160 870 2577 8161 867 2577 8162 842 2578 8163 867 2578 8164 840 2578 8165 2522 2579 8166 2531 2579 8167 2529 2579 8168 2522 2580 8169 2529 2580 8170 2526 2580 8171 123 2581 8172 154 2581 8173 152 2581 8174 123 2582 8175 152 2582 8176 126 2582 8177 2673 2583 8178 2672 2583 8179 2671 2583 8180 2673 2584 8181 2671 2584 8182 2670 2584 8183 2656 2585 8184 2674 2585 8185 2673 2585 8186 2648 2586 8187 2653 2586 8188 2656 2586 8189 2635 286 8190 2638 286 8191 2642 286 8192 2648 2587 8193 2656 2587 8194 2673 2587 8195 2642 2588 8196 2648 2588 8197 2673 2588 8198 2673 2589 8199 2670 2589 8200 2669 2589 8201 2668 2590 8202 2675 2590 8203 2665 2590 8204 2642 2591 8205 2673 2591 8206 2669 2591 8207 2668 2592 8208 2665 2592 8209 2632 2592 8210 2635 2593 8211 2642 2593 8212 2669 2593 8213 2669 2594 8214 2668 2594 8215 2632 2594 8216 2669 2595 8217 2632 2595 8218 2635 2595 8219 3474 2596 8220 3477 2596 8221 3470 2596 8222 3474 2597 8223 3470 2597 8224 3472 2597 8225 1488 2598 8226 1495 2598 8227 1492 2598 8228 1488 2599 8229 1492 2599 8230 1490 2599 8231 3065 2600 8232 3218 2600 8233 3216 2600 8234 3065 2601 8235 3216 2601 8236 3213 2601 8237 4334 260 8238 4337 260 8239 4330 260 8240 4334 260 8241 4330 260 8242 4321 260 8243 2644 2602 8244 2647 2602 8245 2641 2602 8246 2644 2603 8247 2641 2603 8248 2620 2603 8249 2050 2604 8250 2096 2604 8251 2095 2604 8252 2050 2605 8253 2095 2605 8254 2094 2605 8255 797 2606 8256 812 2606 8257 829 2606 8258 829 2607 8259 826 2607 8260 803 2607 8261 806 2608 8262 797 2608 8263 829 2608 8264 829 2609 8265 803 2609 8266 806 2609 8267 62 2610 8268 61 2610 8269 58 2610 8270 58 2611 8271 59 2611 8272 57 2611 8273 60 2612 8274 62 2612 8275 58 2612 8276 58 2613 8277 57 2613 8278 60 2613 8279 1714 2614 8280 1733 2614 8281 1732 2614 8282 1714 2615 8283 1732 2615 8284 1715 2615 8285 2581 2616 8286 2578 2616 8287 2593 2616 8288 2581 2617 8289 2593 2617 8290 2590 2617 8291 4937 2618 8292 4942 2618 8293 4939 2618 8294 4937 2619 8295 4939 2619 8296 4934 2619 8297 1045 2620 8298 1046 2620 8299 1107 2620 8300 1045 2621 8301 1107 2621 8302 1106 2621 8303 2766 2622 8304 2769 2622 8305 2767 2622 8306 2766 2623 8307 2767 2623 8308 2764 2623 8309 883 2624 8310 891 2624 8311 977 2624 8312 883 2625 8313 977 2625 8314 976 2625 8315 2621 2626 8316 2623 2626 8317 2605 2626 8318 2596 2627 8319 2599 2627 8320 2629 2627 8321 2621 173 8322 2605 173 8323 2608 173 8324 2596 2628 8325 2629 2628 8326 2662 2628 8327 2645 2629 8328 2621 2629 8329 2608 2629 8330 2594 2630 8331 2596 2630 8332 2662 2630 8333 2645 2631 8334 2608 2631 8335 2587 2631 8336 2645 2632 8337 2587 2632 8338 2591 2632 8339 2594 2633 8340 2662 2633 8341 2660 2633 8342 2650 2634 8343 2645 2634 8344 2591 2634 8345 2591 173 8346 2594 173 8347 2660 173 8348 2660 173 8349 2650 173 8350 2591 173 8351 1987 2635 8352 2056 2635 8353 2054 2635 8354 1987 2636 8355 2054 2636 8356 1985 2636 8357 3340 2637 8358 3338 2637 8359 3354 2637 8360 3340 2638 8361 3354 2638 8362 3352 2638 8363 1195 2639 8364 1198 2639 8365 1197 2639 8366 1195 2640 8367 1197 2640 8368 1196 2640 8369 2863 2641 8370 2865 2641 8371 2904 2641 8372 2904 2642 8373 2861 2642 8374 2855 2642 8375 2904 2643 8376 2855 2643 8377 2863 2643 8378 3515 2644 8379 3516 2644 8380 3510 2644 8381 3515 2645 8382 3510 2645 8383 3513 2645 8384 4353 214 8385 4358 214 8386 4355 214 8387 4353 214 8388 4355 214 8389 4347 214 8390 1406 2646 8391 1409 2646 8392 1405 2646 8393 1406 2647 8394 1405 2647 8395 1398 2647 8396 3818 2648 8397 3865 2648 8398 3864 2648 8399 3818 2649 8400 3864 2649 8401 3816 2649 8402 2442 2650 8403 2439 2650 8404 2464 2650 8405 2442 2651 8406 2464 2651 8407 2461 2651 8408 29 2652 8409 32 2652 8410 30 2652 8411 29 2653 8412 30 2653 8413 31 2653 8414 2168 2654 8415 2169 2654 8416 2165 2654 8417 2168 2655 8418 2165 2655 8419 2167 2655 8420 4301 157 8421 4310 157 8422 4305 157 8423 4301 157 8424 4305 157 8425 4308 157 8426 4250 192 8427 4251 192 8428 4247 192 8429 4250 192 8430 4247 192 8431 4240 192 8432 2955 2656 8433 3044 2656 8434 3042 2656 8435 2955 2657 8436 3042 2657 8437 3039 2657 8438 1145 2658 8439 1146 2658 8440 1147 2658 8441 1145 2659 8442 1147 2659 8443 1309 2659 8444 2665 2660 8445 2675 2660 8446 2674 2660 8447 2665 2661 8448 2674 2661 8449 2656 2661 8450 4033 2662 8451 4027 2662 8452 4022 2662 8453 4022 2663 8454 4183 2663 8455 4030 2663 8456 4030 2664 8457 4182 2664 8458 4031 2664 8459 4031 2665 8460 4032 2665 8461 4033 2665 8462 4033 2666 8463 4022 2666 8464 4030 2666 8465 4030 2667 8466 4031 2667 8467 4033 2667 8468 1668 2668 8469 1670 2668 8470 1800 2668 8471 1668 2669 8472 1800 2669 8473 1798 2669 8474 3004 2670 8475 3026 2670 8476 3024 2670 8477 3004 2671 8478 3024 2671 8479 3012 2671 8480 81 2672 8481 85 2672 8482 83 2672 8483 81 2673 8484 83 2673 8485 78 2673 8486 971 2674 8487 1011 2674 8488 1009 2674 8489 971 2675 8490 1009 2675 8491 1008 2675 8492 954 2676 8493 1241 2676 8494 1239 2676 8495 954 2677 8496 1239 2677 8497 1237 2677 8498 3275 2678 8499 3281 2678 8500 3009 2678 8501 3275 2679 8502 3009 2679 8503 3001 2679 8504 2469 2680 8505 2414 2680 8506 2410 2680 8507 2469 2681 8508 2410 2681 8509 2406 2681 8510 2455 2682 8511 2454 2682 8512 2458 2682 8513 2676 2683 8514 2455 2683 8515 2458 2683 8516 2676 286 8517 2458 286 8518 2460 286 8519 2469 2684 8520 2406 2684 8521 2408 2684 8522 2677 286 8523 2676 286 8524 2460 286 8525 2467 286 8526 2469 286 8527 2408 286 8528 2677 2685 8529 2460 2685 8530 2463 2685 8531 2463 286 8532 2467 286 8533 2408 286 8534 2471 2686 8535 2677 2686 8536 2463 2686 8537 2408 286 8538 2471 286 8539 2463 286 8540 2703 2687 8541 2691 2687 8542 2696 2687 8543 2703 2688 8544 2696 2688 8545 2700 2688 8546 3501 2689 8547 3502 2689 8548 3483 2689 8549 3483 2690 8550 3480 2690 8551 3494 2690 8552 3494 2691 8553 3498 2691 8554 3501 2691 8555 3483 2692 8556 3494 2692 8557 3501 2692 8558 2626 2693 8559 2629 2693 8560 2599 2693 8561 2603 173 8562 2605 173 8563 2623 173 8564 2626 2694 8565 2599 2694 8566 2603 2694 8567 2626 173 8568 2603 173 8569 2623 173 8570 2858 2695 8571 2901 2695 8572 2847 2695 8573 2847 2696 8574 2845 2696 8575 2852 2696 8576 2847 2697 8577 2852 2697 8578 2858 2697 8579 5014 2698 8580 5019 2698 8581 5041 2698 8582 5014 2699 8583 5041 2699 8584 5043 2699 8585 4325 286 8586 4304 286 8587 4312 286 8588 4318 286 8589 4306 286 8590 4323 286 8591 4323 286 8592 4325 286 8593 4312 286 8594 4323 286 8595 4312 286 8596 4318 286 8597 662 2700 8598 663 2700 8599 685 2700 8600 662 2701 8601 685 2701 8602 687 2701 8603 4284 214 8604 4296 214 8605 4300 214 8606 4284 214 8607 4300 214 8608 4282 214 8609 3378 2702 8610 3381 2702 8611 3375 2702 8612 3378 2703 8613 3375 2703 8614 3373 2703 8615 3651 2704 8616 3654 2704 8617 3525 2704 8618 3651 2705 8619 3525 2705 8620 3527 2705 8621 2722 2706 8622 2725 2706 8623 2730 2706 8624 2730 2707 8625 2727 2707 8626 2723 2707 8627 2730 2708 8628 2723 2708 8629 2720 2708 8630 2719 2709 8631 2722 2709 8632 2730 2709 8633 2707 2710 8634 2710 2710 8635 2719 2710 8636 2791 2711 8637 2714 2711 8638 2707 2711 8639 2715 2712 8640 2791 2712 8641 2707 2712 8642 2707 2713 8643 2719 2713 8644 2730 2713 8645 2730 2714 8646 2720 2714 8647 2717 2714 8648 2716 2715 8649 2715 2715 8650 2707 2715 8651 2707 2716 8652 2730 2716 8653 2717 2716 8654 2717 2717 8655 2716 2717 8656 2707 2717 8657 2729 2718 8658 2724 2718 8659 2788 2718 8660 2788 2719 8661 2732 2719 8662 2735 2719 8663 2735 2720 8664 2738 2720 8665 2729 2720 8666 2729 2721 8667 2788 2721 8668 2735 2721 8669 1410 2722 8670 1413 2722 8671 1409 2722 8672 1410 2723 8673 1409 2723 8674 1406 2723 8675 222 2724 8676 224 2724 8677 247 2724 8678 222 2725 8679 247 2725 8680 245 2725 8681 3790 2726 8682 3792 2726 8683 3789 2726 8684 3790 2727 8685 3789 2727 8686 3784 2727 8687 2743 2728 8688 2740 2728 8689 2748 2728 8690 2748 2729 8691 2757 2729 8692 2760 2729 8693 2746 2730 8694 2743 2730 8695 2748 2730 8696 2748 2731 8697 2760 2731 8698 2746 2731 8699 2520 2732 8700 2569 2732 8701 2566 2732 8702 2520 2733 8703 2566 2733 8704 2517 2733 8705 3859 2734 8706 3863 2734 8707 3864 2734 8708 3859 2735 8709 3864 2735 8710 3891 2735 8711 315 2736 8712 320 2736 8713 317 2736 8714 315 2737 8715 317 2737 8716 316 2737 8717 3124 2738 8718 3119 2738 8719 3101 2738 8720 3124 2739 8721 3101 2739 8722 3089 2739 8723 2568 2740 8724 2571 2740 8725 2619 2740 8726 2568 2741 8727 2619 2741 8728 2616 2741 8729 2761 2742 8730 2762 2742 8731 2758 2742 8732 2761 2743 8733 2758 2743 8734 2756 2743 8735 1663 2744 8736 1665 2744 8737 1662 2744 8738 1663 2745 8739 1662 2745 8740 1659 2745 8741 2761 2746 8742 2766 2746 8743 2764 2746 8744 2761 2747 8745 2764 2747 8746 2762 2747 8747 1719 2748 8748 1704 2748 8749 1706 2748 8750 1719 2749 8751 1706 2749 8752 1718 2749 8753 2706 2750 8754 2713 2750 8755 2712 2750 8756 2706 2751 8757 2712 2751 8758 2711 2751 8759 1889 2752 8760 1990 2752 8761 1988 2752 8762 1889 2753 8763 1988 2753 8764 1886 2753 8765 2496 2754 8766 2499 2754 8767 2493 2754 8768 2496 2755 8769 2493 2755 8770 2489 2755 8771 4443 286 8772 4438 286 8773 4496 286 8774 4488 286 8775 4484 286 8776 4458 286 8777 4488 286 8778 4458 286 8779 4465 286 8780 4443 286 8781 4496 286 8782 4493 286 8783 4488 286 8784 4465 286 8785 4443 286 8786 4443 286 8787 4493 286 8788 4488 286 8789 429 2756 8790 430 2756 8791 457 2756 8792 429 2757 8793 457 2757 8794 460 2757 8795 2803 2758 8796 2794 2758 8797 2813 2758 8798 2809 2759 8799 2806 2759 8800 2803 2759 8801 2813 2760 8802 2809 2760 8803 2803 2760 8804 4763 2761 8805 4767 2761 8806 4765 2761 8807 4763 2762 8808 4765 2762 8809 4766 2762 8810 2824 2763 8811 2819 2763 8812 2801 2763 8813 2801 2764 8814 2797 2764 8815 2827 2764 8816 2824 2765 8817 2801 2765 8818 2827 2765 8819 2892 286 8820 2830 286 8821 2833 286 8822 2833 260 8823 2825 260 8824 2811 260 8825 2811 286 8826 2894 286 8827 2892 286 8828 2833 286 8829 2811 286 8830 2892 286 8831 1275 2766 8832 1331 2766 8833 1337 2766 8834 1275 2767 8835 1337 2767 8836 1274 2767 8837 3553 2768 8838 3663 2768 8839 3661 2768 8840 3553 2769 8841 3661 2769 8842 3549 2769 8843 1696 2770 8844 1707 2770 8845 1705 2770 8846 1696 2771 8847 1705 2771 8848 1698 2771 8849 3676 2772 8850 3674 2772 8851 3823 2772 8852 3836 2773 8853 3838 2773 8854 3841 2773 8855 3836 2774 8856 3841 2774 8857 3885 2774 8858 3701 2775 8859 3696 2775 8860 3692 2775 8861 3695 2776 8862 3699 2776 8863 3701 2776 8864 3695 2777 8865 3701 2777 8866 3692 2777 8867 3881 2778 8868 3836 2778 8869 3885 2778 8870 3881 2779 8871 3885 2779 8872 3883 2779 8873 3691 2780 8874 3695 2780 8875 3692 2780 8876 3687 2781 8877 3691 2781 8878 3692 2781 8879 3896 2782 8880 3881 2782 8881 3883 2782 8882 3896 2783 8883 3883 2783 8884 3894 2783 8885 3687 2784 8886 3692 2784 8887 3688 2784 8888 3683 2785 8889 3687 2785 8890 3688 2785 8891 3869 2786 8892 3896 2786 8893 3894 2786 8894 3869 2787 8895 3894 2787 8896 3867 2787 8897 3683 2788 8898 3688 2788 8899 3684 2788 8900 3679 2789 8901 3683 2789 8902 3684 2789 8903 3823 2790 8904 3869 2790 8905 3867 2790 8906 3823 2791 8907 3867 2791 8908 3821 2791 8909 3679 2792 8910 3684 2792 8911 3680 2792 8912 3671 2793 8913 3679 2793 8914 3680 2793 8915 3676 2794 8916 3823 2794 8917 3821 2794 8918 3676 2795 8919 3821 2795 8920 3673 2795 8921 3671 2796 8922 3680 2796 8923 3676 2796 8924 3673 2797 8925 3671 2797 8926 3676 2797 8927 3111 2798 8928 3108 2798 8929 3105 2798 8930 3105 2799 8931 3096 2799 8932 3088 2799 8933 3099 2800 8934 3111 2800 8935 3105 2800 8936 3105 2801 8937 3088 2801 8938 3099 2801 8939 1007 2802 8940 1066 2802 8941 1064 2802 8942 1007 2803 8943 1064 2803 8944 1063 2803 8945 3237 2804 8946 3239 2804 8947 3302 2804 8948 3237 2805 8949 3302 2805 8950 3300 2805 8951 3118 2806 8952 3123 2806 8953 2970 2806 8954 2970 2807 8955 3067 2807 8956 3121 2807 8957 2970 2808 8958 3121 2808 8959 3118 2808 8960 2523 2809 8961 2475 2809 8962 2472 2809 8963 2411 2810 8964 2412 2810 8965 2490 2810 8966 2411 2811 8967 2490 2811 8968 2492 2811 8969 2523 2812 8970 2472 2812 8971 2407 2812 8972 2411 2813 8973 2492 2813 8974 2532 2813 8975 2532 286 8976 2523 286 8977 2407 286 8978 2409 2814 8979 2411 2814 8980 2532 2814 8981 2532 2815 8982 2407 2815 8983 2409 2815 8984 2998 2816 8985 3028 2816 8986 3026 2816 8987 2998 2817 8988 3026 2817 8989 3004 2817 8990 3668 2818 8991 3669 2818 8992 3667 2818 8993 3668 2819 8994 3667 2819 8995 3666 2819 8996 1068 2820 8997 1074 2820 8998 1072 2820 8999 1068 2821 9000 1072 2821 9001 1071 2821 9002 4423 157 9003 4432 157 9004 4429 157 9005 4423 157 9006 4429 157 9007 4426 157 9008 2207 2822 9009 2209 2822 9010 2208 2822 9011 2207 2823 9012 2208 2823 9013 2206 2823 9014 622 2824 9015 624 2824 9016 617 2824 9017 622 2825 9018 617 2825 9019 619 2825 9020 2815 2826 9021 2821 2826 9022 2898 2826 9023 2709 2827 9024 2708 2827 9025 2790 2827 9026 2709 2828 9027 2790 2828 9028 2718 2828 9029 4526 214 9030 4539 214 9031 4529 214 9032 4526 214 9033 4529 214 9034 4534 214 9035 2796 2829 9036 2805 2829 9037 2799 2829 9038 2796 2830 9039 2799 2830 9040 2802 2830 9041 3209 2831 9042 3298 2831 9043 3296 2831 9044 3209 2832 9045 3296 2832 9046 3213 2832 9047 418 2833 9048 421 2833 9049 420 2833 9050 418 2834 9051 420 2834 9052 419 2834 9053 4839 2835 9054 4842 2835 9055 4883 2835 9056 4839 2836 9057 4883 2836 9058 4886 2836 9059 2902 2837 9060 2905 2837 9061 2867 2837 9062 2902 2838 9063 2867 2838 9064 2849 2838 9065 1797 2839 9066 1903 2839 9067 1902 2839 9068 1797 2840 9069 1902 2840 9070 1799 2840 9071 2906 2841 9072 2909 2841 9073 2914 2841 9074 2537 2842 9075 2540 2842 9076 2534 2842 9077 2537 2843 9078 2534 2843 9079 2501 2843 9080 2933 2844 9081 2931 2844 9082 2916 2844 9083 2916 2845 9084 2907 2845 9085 2929 2845 9086 2929 2846 9087 2937 2846 9088 2933 2846 9089 2916 2847 9090 2929 2847 9091 2933 2847 9092 3436 2848 9093 3449 2848 9094 3446 2848 9095 3436 2849 9096 3446 2849 9097 3443 2849 9098 4441 192 9099 4462 192 9100 4450 192 9101 4441 192 9102 4450 192 9103 4433 192 9104 2188 2850 9105 2191 2850 9106 2189 2850 9107 2188 2851 9108 2189 2851 9109 2190 2851 9110 2942 173 9111 2931 173 9112 2916 173 9113 2916 2852 9114 2910 2852 9115 2922 2852 9116 2922 2853 9117 2940 2853 9118 2942 2853 9119 2916 2854 9120 2922 2854 9121 2942 2854 9122 3040 2855 9123 3261 2855 9124 2985 2855 9125 3040 2856 9126 2985 2856 9127 3034 2856 9128 1108 2857 9129 1109 2857 9130 1181 2857 9131 1108 2858 9132 1181 2858 9133 1180 2858 9134 4551 157 9135 4575 157 9136 4609 157 9137 4551 157 9138 4609 157 9139 4572 157 9140 2211 2859 9141 2213 2859 9142 2212 2859 9143 2211 2860 9144 2212 2860 9145 2210 2860 9146 2930 2861 9147 2915 2861 9148 2912 2861 9149 2912 2862 9150 2977 2862 9151 2973 2862 9152 2973 2863 9153 2944 2863 9154 2949 2863 9155 2930 2864 9156 2912 2864 9157 2973 2864 9158 2973 2865 9159 2949 2865 9160 2930 2865 9161 3697 2866 9162 3952 2866 9163 3950 2866 9164 3697 2867 9165 3950 2867 9166 3693 2867 9167 2913 2868 9168 2917 2868 9169 2908 2868 9170 322 2869 9171 323 2869 9172 319 2869 9173 322 2870 9174 319 2870 9175 314 2870 9176 2879 2871 9177 2885 2871 9178 2889 2871 9179 2879 2872 9180 2889 2872 9181 2876 2872 9182 1372 2873 9183 1374 2873 9184 1371 2873 9185 1372 2874 9186 1371 2874 9187 1363 2874 9188 3130 2875 9189 3148 2875 9190 3151 2875 9191 3151 2876 9192 3154 2876 9193 3219 2876 9194 3222 2877 9195 3130 2877 9196 3151 2877 9197 3151 2878 9198 3219 2878 9199 3222 2878 9200 4735 2879 9201 4738 2879 9202 4737 2879 9203 4735 2880 9204 4737 2880 9205 4734 2880 9206 4399 286 9207 4409 286 9208 4412 286 9209 4430 286 9210 4394 286 9211 4391 286 9212 4399 286 9213 4412 286 9214 4430 286 9215 4391 2881 9216 4399 2881 9217 4430 2881 9218 2954 2882 9219 2943 2882 9220 2934 2882 9221 2934 2883 9222 3304 2883 9223 3032 2883 9224 3032 2884 9225 2988 2884 9226 3037 2884 9227 3037 2885 9228 2954 2885 9229 2934 2885 9230 2934 2886 9231 3032 2886 9232 3037 2886 9233 1685 2887 9234 1852 2887 9235 1851 2887 9236 1685 2888 9237 1851 2888 9238 1789 2888 9239 934 2889 9240 1006 2889 9241 1062 2889 9242 934 2890 9243 1062 2890 9244 936 2890 9245 1113 2891 9246 1185 2891 9247 1183 2891 9248 1113 2892 9249 1183 2892 9250 1111 2892 9251 2870 2893 9252 2840 2893 9253 2834 2893 9254 2834 2894 9255 2831 2894 9256 2837 2894 9257 2837 2895 9258 2843 2895 9259 2849 2895 9260 2837 2896 9261 2849 2896 9262 2846 2896 9263 2864 2897 9264 2867 2897 9265 2870 2897 9266 2837 2898 9267 2846 2898 9268 2864 2898 9269 2864 2899 9270 2870 2899 9271 2834 2899 9272 2834 2900 9273 2837 2900 9274 2864 2900 9275 193 2901 9276 201 2901 9277 199 2901 9278 193 2902 9279 199 2902 9280 196 2902 9281 2972 2903 9282 3071 2903 9283 2968 2903 9284 1784 2904 9285 1786 2904 9286 1930 2904 9287 1784 2905 9288 1930 2905 9289 1928 2905 9290 3078 2906 9291 2971 2906 9292 2975 2906 9293 3078 2907 9294 2975 2907 9295 2978 2907 9296 368 2908 9297 372 2908 9298 371 2908 9299 368 2909 9300 371 2909 9301 370 2909 9302 983 2910 9303 984 2910 9304 1038 2910 9305 983 2911 9306 1038 2911 9307 1037 2911 9308 4707 214 9309 4710 214 9310 4705 214 9311 4707 214 9312 4705 214 9313 4702 214 9314 659 2912 9315 661 2912 9316 662 2912 9317 659 2913 9318 662 2913 9319 687 2913 9320 433 2914 9321 466 2914 9322 465 2914 9323 433 2915 9324 465 2915 9325 432 2915 9326 1471 2916 9327 1469 2916 9328 1482 2916 9329 1471 2917 9330 1482 2917 9331 1484 2917 9332 1304 2918 9333 1301 2918 9334 1178 2918 9335 1304 2919 9336 1178 2919 9337 1179 2919 9338 680 2920 9339 693 2920 9340 694 2920 9341 680 2921 9342 694 2921 9343 678 2921 9344 3093 2922 9345 3138 2922 9346 3332 2922 9347 3332 2923 9348 3306 2923 9349 2924 2923 9350 2924 192 9351 2919 192 9352 3082 192 9353 3093 2924 9354 3332 2924 9355 2924 2924 9356 2924 2925 9357 3082 2925 9358 3093 2925 9359 2918 2926 9360 3080 2926 9361 2976 2926 9362 2976 2927 9363 2911 2927 9364 2906 2927 9365 2909 2928 9366 2918 2928 9367 2976 2928 9368 2976 2929 9369 2906 2929 9370 2909 2929 9371 1323 2930 9372 1324 2930 9373 1289 2930 9374 1323 2931 9375 1289 2931 9376 1291 2931 9377 2481 2932 9378 2512 2932 9379 2509 2932 9380 2481 2933 9381 2509 2933 9382 2484 2933 9383 301 2934 9384 302 2934 9385 299 2934 9386 301 2935 9387 299 2935 9388 276 2935 9389 4896 214 9390 4806 214 9391 4811 214 9392 4896 214 9393 4811 214 9394 4894 214 9395 994 2936 9396 996 2936 9397 1048 2936 9398 994 2937 9399 1048 2937 9400 1047 2937 9401 19 2938 9402 20 2938 9403 18 2938 9404 19 2939 9405 18 2939 9406 14 2939 9407 3097 2940 9408 3106 2940 9409 3152 2940 9410 3097 2941 9411 3152 2941 9412 3149 2941 9413 903 2942 9414 916 2942 9415 914 2942 9416 903 2943 9417 914 2943 9418 906 2943 9419 3114 2944 9420 3160 2944 9421 3166 2944 9422 3166 2945 9423 3076 2945 9424 3164 2945 9425 3166 2946 9426 3164 2946 9427 3114 2946 9428 2148 2947 9429 2150 2947 9430 2147 2947 9431 2148 2948 9432 2147 2948 9433 2145 2948 9434 2494 2949 9435 2510 2949 9436 2506 2949 9437 2494 2950 9438 2506 2950 9439 2503 2950 9440 2328 2951 9441 2372 2951 9442 2374 2951 9443 2328 2952 9444 2374 2952 9445 2326 2952 9446 3098 2953 9447 3110 2953 9448 3162 2953 9449 1838 2954 9450 1839 2954 9451 1859 2954 9452 1838 2955 9453 1859 2955 9454 1858 2955 9455 3567 2956 9456 3523 2956 9457 3521 2956 9458 3567 2957 9459 3521 2957 9460 3571 2957 9461 4701 157 9462 4703 157 9463 4696 157 9464 4701 157 9465 4696 157 9466 4699 157 9467 4898 2958 9468 4902 2958 9469 4899 2958 9470 4898 2959 9471 4899 2959 9472 4901 2959 9473 3181 2960 9474 3184 2960 9475 3178 2960 9476 3181 2961 9477 3178 2961 9478 3175 2961 9479 3141 2962 9480 3145 2962 9481 3133 2962 9482 3135 2963 9483 3358 2963 9484 3334 2963 9485 3141 2964 9486 3133 2964 9487 3135 2964 9488 3135 2965 9489 3334 2965 9490 3141 2965 9491 2583 2966 9492 2592 2966 9493 2588 2966 9494 2583 2967 9495 2588 2967 9496 2585 2967 9497 2676 2968 9498 2480 2968 9499 2487 2968 9500 2676 2969 9501 2487 2969 9502 2455 2969 9503 4826 2970 9504 4828 2970 9505 4866 2970 9506 4826 2971 9507 4866 2971 9508 4770 2971 9509 2704 2972 9510 2693 2972 9511 2690 2972 9512 2704 2973 9513 2690 2973 9514 2702 2973 9515 3115 2974 9516 3161 2974 9517 3157 2974 9518 3115 2975 9519 3157 2975 9520 3109 2975 9521 3094 2976 9522 3146 2976 9523 3142 2976 9524 3094 2977 9525 3142 2977 9526 3139 2977 9527 362 2978 9528 328 2978 9529 329 2978 9530 362 2979 9531 329 2979 9532 359 2979 9533 3270 2980 9534 3266 2980 9535 3260 2980 9536 3260 2981 9537 3039 2981 9538 3042 2981 9539 3260 173 9540 3042 173 9541 3262 173 9542 3274 2982 9543 3270 2982 9544 3260 2982 9545 3276 2983 9546 3279 2983 9547 3274 2983 9548 3272 2984 9549 3276 2984 9550 3274 2984 9551 3260 173 9552 3262 173 9553 3264 173 9554 3268 2985 9555 3272 2985 9556 3274 2985 9557 3260 2986 9558 3264 2986 9559 3268 2986 9560 3260 2987 9561 3268 2987 9562 3274 2987 9563 2718 2988 9564 2790 2988 9565 2789 2988 9566 2718 2989 9567 2789 2989 9568 2721 2989 9569 1928 2990 9570 1930 2990 9571 1931 2990 9572 1928 2991 9573 1931 2991 9574 1925 2991 9575 2950 2992 9576 2947 2992 9577 2959 2992 9578 2957 2993 9579 3040 2993 9580 3034 2993 9581 2950 2994 9582 2959 2994 9583 2957 2994 9584 2957 2995 9585 3034 2995 9586 2950 2995 9587 625 2996 9588 629 2996 9589 628 2996 9590 625 2997 9591 628 2997 9592 627 2997 9593 631 2998 9594 626 2998 9595 623 2998 9596 631 2999 9597 623 2999 9598 635 2999 9599 4404 192 9600 4407 192 9601 4400 192 9602 4404 192 9603 4400 192 9604 4402 192 9605 1765 3000 9606 1766 3000 9607 1763 3000 9608 1765 3001 9609 1763 3001 9610 1738 3001 9611 2989 3002 9612 2985 3002 9613 3261 3002 9614 2989 3003 9615 3261 3003 9616 3267 3003 9617 4394 286 9618 4430 286 9619 4421 286 9620 4409 286 9621 4399 286 9622 4406 286 9623 4394 286 9624 4421 286 9625 4409 286 9626 4394 3004 9627 4409 3004 9628 4406 3004 9629 5061 3005 9630 5067 3005 9631 5064 3005 9632 5061 3006 9633 5064 3006 9634 4961 3006 9635 200 3007 9636 202 3007 9637 257 3007 9638 200 3008 9639 257 3008 9640 68 3008 9641 206 173 9642 204 173 9643 200 173 9644 200 173 9645 68 173 9646 72 173 9647 72 173 9648 206 173 9649 200 173 9650 2995 3009 9651 2989 3009 9652 3267 3009 9653 2995 3010 9654 3267 3010 9655 3271 3010 9656 3437 3011 9657 3445 3011 9658 3440 3011 9659 3437 3012 9660 3440 3012 9661 3442 3012 9662 1655 3013 9663 1932 3013 9664 1931 3013 9665 1655 3014 9666 1931 3014 9667 1652 3014 9668 224 3015 9669 227 3015 9670 250 3015 9671 224 3016 9672 250 3016 9673 247 3016 9674 1652 3017 9675 1931 3017 9676 1930 3017 9677 1652 3018 9678 1930 3018 9679 1651 3018 9680 3046 3019 9681 3048 3019 9682 3252 3019 9683 3252 3020 9684 3254 3020 9685 3258 3020 9686 3258 3021 9687 3043 3021 9688 3046 3021 9689 3046 3022 9690 3252 3022 9691 3258 3022 9692 418 3023 9693 419 3023 9694 417 3023 9695 418 3024 9696 417 3024 9697 416 3024 9698 3088 3025 9699 3096 3025 9700 3093 3025 9701 3088 3026 9702 3093 3026 9703 3082 3026 9704 1528 3027 9705 1531 3027 9706 1526 3027 9707 1528 3028 9708 1526 3028 9709 1522 3028 9710 1893 3029 9711 1894 3029 9712 1996 3029 9713 1893 3030 9714 1996 3030 9715 1994 3030 9716 800 3031 9717 812 3031 9718 797 3031 9719 794 3032 9720 803 3032 9721 826 3032 9722 800 3033 9723 797 3033 9724 794 3033 9725 800 3034 9726 794 3034 9727 826 3034 9728 629 3035 9729 666 3035 9730 665 3035 9731 629 3036 9732 665 3036 9733 628 3036 9734 2270 3037 9735 2273 3037 9736 2242 3037 9737 2270 3038 9738 2242 3038 9739 2246 3038 9740 2942 3039 9741 2952 3039 9742 2931 3039 9743 2934 3040 9744 2932 3040 9745 2943 3040 9746 1196 3041 9747 1197 3041 9748 1229 3041 9749 1196 3042 9750 1229 3042 9751 1228 3042 9752 2938 3043 9753 3304 3043 9754 2934 3043 9755 2676 3044 9756 2677 3044 9757 2476 3044 9758 2676 3045 9759 2476 3045 9760 2480 3045 9761 3316 3046 9762 3320 3046 9763 3021 3046 9764 3021 3047 9765 3023 3047 9766 3025 3047 9767 3021 3048 9768 3025 3048 9769 3027 3048 9770 3312 3049 9771 3316 3049 9772 3021 3049 9773 3308 3050 9774 2982 3050 9775 3312 3050 9776 2936 3051 9777 2927 3051 9778 3308 3051 9779 3303 3052 9780 2936 3052 9781 3308 3052 9782 3312 3053 9783 3021 3053 9784 3027 3053 9785 3312 3054 9786 3027 3054 9787 3029 3054 9788 3303 3055 9789 3308 3055 9790 3312 3055 9791 3312 286 9792 3029 286 9793 3031 286 9794 3031 286 9795 3303 286 9796 3312 286 9797 2947 3056 9798 2969 3056 9799 2962 3056 9800 2947 3057 9801 2962 3057 9802 2959 3057 9803 2410 3058 9804 2413 3058 9805 2412 3058 9806 2410 3059 9807 2412 3059 9808 2411 3059 9809 913 3060 9810 915 3060 9811 974 3060 9812 913 3061 9813 974 3061 9814 973 3061 9815 2980 3062 9816 3330 3062 9817 3328 3062 9818 2980 3062 9819 3328 3062 9820 3310 3062 9821 2751 3063 9822 2752 3063 9823 2749 3063 9824 2751 3064 9825 2749 3064 9826 2741 3064 9827 220 3065 9828 222 3065 9829 245 3065 9830 220 3066 9831 245 3066 9832 243 3066 9833 3569 3067 9834 3574 3067 9835 3718 3067 9836 3569 3068 9837 3718 3068 9838 3717 3068 9839 3561 3069 9840 3565 3069 9841 3716 3069 9842 3561 3070 9843 3716 3070 9844 3715 3070 9845 5053 3071 9846 5054 3071 9847 5046 3071 9848 5053 3072 9849 5046 3072 9850 5050 3072 9851 1198 3073 9852 1232 3073 9853 1231 3073 9854 1198 3074 9855 1231 3074 9856 1197 3074 9857 1255 3075 9858 1335 3075 9859 1334 3075 9860 1255 3076 9861 1334 3076 9862 1253 3076 9863 3265 3077 9864 3289 3077 9865 3287 3077 9866 3265 3078 9867 3287 3078 9868 3269 3078 9869 3694 3079 9870 3690 3079 9871 3710 3079 9872 3694 3080 9873 3710 3080 9874 3709 3080 9875 4087 3081 9876 4089 3081 9877 4085 3081 9878 4087 3082 9879 4085 3082 9880 4075 3082 9881 1927 3083 9882 1783 3083 9883 1785 3083 9884 1927 3084 9885 1785 3084 9886 1929 3084 9887 4436 157 9888 4498 157 9889 4522 157 9890 4436 157 9891 4522 157 9892 4495 157 9893 1660 3085 9894 1605 3085 9895 1608 3085 9896 1660 3086 9897 1608 3086 9898 1664 3086 9899 4932 3087 9900 4928 3087 9901 5076 3087 9902 4932 3088 9903 5076 3088 9904 5073 3088 9905 4411 192 9906 4420 192 9907 4416 192 9908 4411 192 9909 4416 192 9910 4413 192 9911 3980 3089 9912 3981 3089 9913 3973 3089 9914 3980 3090 9915 3973 3090 9916 3975 3090 9917 2500 3091 9918 2533 3091 9919 2528 3091 9920 2500 3092 9921 2528 3092 9922 2497 3092 9923 1126 3093 9924 1207 3093 9925 942 3093 9926 1126 3094 9927 942 3094 9928 940 3094 9929 3616 3095 9930 3618 3095 9931 3959 3095 9932 3959 3096 9933 3608 3096 9934 3612 3096 9935 3959 3097 9936 3612 3097 9937 3616 3097 9938 3277 3098 9939 3282 3098 9940 3008 3098 9941 3277 3098 9942 3008 3098 9943 3280 3098 9944 3459 3099 9945 3460 3099 9946 3441 3099 9947 3441 3100 9948 3438 3100 9949 3451 3100 9950 3451 3101 9951 3455 3101 9952 3459 3101 9953 3441 286 9954 3451 286 9955 3459 286 9956 3380 3102 9957 3187 3102 9958 3179 3102 9959 3380 3103 9960 3179 3103 9961 3173 3103 9962 3370 3104 9963 3374 3104 9964 3380 3104 9965 3362 3105 9966 3366 3105 9967 3370 3105 9968 3223 173 9969 3220 173 9970 3362 173 9971 3112 173 9972 3100 173 9973 3223 173 9974 3158 3106 9975 3112 3106 9976 3223 3106 9977 3223 3107 9978 3362 3107 9979 3370 3107 9980 3370 173 9981 3380 173 9982 3173 173 9983 3167 3108 9984 3158 3108 9985 3223 3108 9986 3370 173 9987 3173 173 9988 3167 173 9989 3167 3109 9990 3223 3109 9991 3370 3109 9992 3416 3110 9993 3425 3110 9994 3420 3110 9995 3416 3111 9996 3420 3111 9997 3423 3111 9998 2434 3112 9999 2429 3112 10000 2468 3112 10001 2434 3113 10002 2468 3113 10003 2466 3113 10004 3077 3114 10005 3086 3114 10006 3098 3114 10007 3098 3115 10008 3162 3115 10009 3391 3115 10010 3098 3116 10011 3391 3116 10012 3077 3116 10013 3336 3117 10014 3334 3117 10015 3358 3117 10016 3336 3118 10017 3358 3118 10018 3356 3118 10019 1578 3119 10020 1580 3119 10021 1616 3119 10022 1578 3120 10023 1616 3120 10024 1612 3120 10025 3392 3121 10026 3163 3121 10027 3073 3121 10028 2721 3122 10029 2789 3122 10030 2788 3122 10031 2721 3123 10032 2788 3123 10033 2724 3123 10034 3224 3124 10035 3103 3124 10036 3091 3124 10037 3224 3125 10038 3091 3125 10039 3131 3125 10040 3118 3126 10041 3121 3126 10042 3116 3126 10043 4023 3127 10044 4025 3127 10045 4019 3127 10046 4023 3128 10047 4019 3128 10048 4016 3128 10049 3463 3129 10050 3471 3129 10051 3469 3129 10052 3463 3130 10053 3469 3130 10054 3466 3130 10055 265 3131 10056 338 3131 10057 336 3131 10058 265 3132 10059 336 3132 10060 333 3132 10061 2107 3133 10062 2094 3133 10063 2095 3133 10064 2107 3134 10065 2095 3134 10066 2099 3134 10067 2030 3135 10068 2031 3135 10069 2032 3135 10070 2030 3136 10071 2032 3136 10072 2090 3136 10073 3019 3137 10074 3323 3137 10075 3346 3137 10076 3019 3137 10077 3346 3137 10078 3350 3137 10079 2923 3138 10080 2906 3138 10081 3305 3138 10082 4237 3139 10083 4238 3139 10084 4234 3139 10085 4237 3140 10086 4234 3140 10087 4236 3140 10088 2421 3141 10089 2425 3141 10090 2419 3141 10091 2421 3142 10092 2419 3142 10093 2415 3142 10094 2772 3143 10095 2775 3143 10096 2773 3143 10097 2772 3144 10098 2773 3144 10099 2770 3144 10100 3645 3145 10101 3643 3145 10102 3609 3145 10103 3645 3146 10104 3609 3146 10105 3602 3146 10106 3408 3147 10107 3412 3147 10108 3415 3147 10109 3415 3148 10110 3410 3148 10111 3405 3148 10112 3415 3149 10113 3405 3149 10114 3408 3149 10115 3535 3150 10116 3537 3150 10117 3533 3150 10118 3535 3151 10119 3533 3151 10120 3531 3151 10121 2543 3152 10122 2550 3152 10123 2601 3152 10124 2543 3153 10125 2601 3153 10126 2597 3153 10127 981 3154 10128 983 3154 10129 1037 3154 10130 981 3155 10131 1037 3155 10132 1035 3155 10133 2535 3156 10134 2541 3156 10135 2577 3156 10136 2535 3157 10137 2577 3157 10138 2574 3157 10139 3434 3158 10140 3431 3158 10141 3419 3158 10142 3545 3159 10143 3659 3159 10144 3636 3159 10145 3545 3160 10146 3636 3160 10147 3543 3160 10148 3450 3161 10149 3454 3161 10150 3458 3161 10151 3458 3162 10152 3453 3162 10153 3448 3162 10154 3458 3163 10155 3448 3163 10156 3450 3163 10157 3386 3164 10158 3388 3164 10159 3176 3164 10160 3386 3165 10161 3176 3165 10162 3182 3165 10163 5166 3166 10164 5171 3166 10165 5168 3166 10166 5166 3167 10167 5168 3167 10168 5169 3167 10169 3417 3168 10170 3418 3168 10171 3400 3168 10172 3400 3169 10173 3397 3169 10174 3409 3169 10175 3409 3170 10176 3413 3170 10177 3417 3170 10178 3400 3171 10179 3409 3171 10180 3417 3171 10181 3395 3172 10182 3407 3172 10183 3404 3172 10184 3395 3173 10185 3404 3173 10186 3402 3173 10187 3476 214 10188 3473 214 10189 3461 214 10190 4081 3174 10191 4085 3174 10192 4089 3174 10193 4081 3175 10194 4089 3175 10195 4092 3175 10196 2125 3176 10197 2130 3176 10198 2128 3176 10199 2125 3177 10200 2128 3177 10201 2126 3177 10202 1331 3178 10203 1333 3178 10204 1334 3178 10205 1331 3179 10206 1334 3179 10207 1337 3179 10208 3491 3180 10209 3496 3180 10210 3497 3180 10211 3497 3181 10212 3493 3181 10213 3488 3181 10214 3497 3182 10215 3488 3182 10216 3491 3182 10217 3478 3183 10218 3492 3183 10219 3489 3183 10220 3478 3184 10221 3489 3184 10222 3485 3184 10223 1197 3185 10224 1231 3185 10225 1230 3185 10226 1197 3186 10227 1230 3186 10228 1229 3186 10229 422 3187 10230 524 3187 10231 397 3187 10232 422 3188 10233 397 3188 10234 398 3188 10235 1786 3189 10236 1787 3189 10237 1651 3189 10238 1786 3190 10239 1651 3190 10240 1930 3190 10241 2862 3191 10242 2853 3191 10243 2850 3191 10244 2862 3192 10245 2850 3192 10246 2844 3192 10247 3516 3193 10248 3515 3193 10249 3503 3193 10250 4907 3194 10251 4908 3194 10252 4905 3194 10253 4907 3195 10254 4905 3195 10255 4904 3195 10256 938 3196 10257 1128 3196 10258 1126 3196 10259 938 3197 10260 1126 3197 10261 940 3197 10262 602 3198 10263 603 3198 10264 654 3198 10265 602 3199 10266 654 3199 10267 653 3199 10268 3433 3200 10269 3414 3200 10270 3422 3200 10271 3433 3201 10272 3422 3201 10273 3426 3201 10274 63 3202 10275 66 3202 10276 64 3202 10277 63 3203 10278 64 3203 10279 65 3203 10280 4780 3204 10281 4820 3204 10282 4822 3204 10283 4780 3205 10284 4822 3205 10285 4776 3205 10286 4150 3206 10287 4160 3206 10288 4164 3206 10289 4150 3207 10290 4164 3207 10291 4167 3207 10292 2953 3208 10293 3256 3208 10294 3253 3208 10295 2953 3209 10296 3253 3209 10297 2948 3209 10298 301 3210 10299 706 3210 10300 707 3210 10301 301 3211 10302 707 3211 10303 303 3211 10304 3432 3212 10305 3435 3212 10306 3428 3212 10307 3432 3213 10308 3428 3213 10309 3430 3213 10310 312 3214 10311 313 3214 10312 310 3214 10313 312 3215 10314 310 3215 10315 306 3215 10316 2731 3216 10317 2755 3216 10318 2753 3216 10319 2731 3217 10320 2753 3217 10321 2733 3217 10322 3589 3218 10323 3587 3218 10324 3578 3218 10325 4378 286 10326 4350 286 10327 4348 286 10328 4348 3219 10329 4369 3219 10330 4388 3219 10331 4348 286 10332 4388 286 10333 4378 286 10334 3479 3220 10335 3486 3220 10336 3481 3220 10337 3479 3221 10338 3481 3221 10339 3484 3221 10340 945 3222 10341 947 3222 10342 944 3222 10343 945 3223 10344 944 3223 10345 928 3223 10346 4992 3224 10347 5000 3224 10348 4997 3224 10349 4992 3225 10350 4997 3225 10351 4994 3225 10352 4882 3226 10353 4890 3226 10354 4888 3226 10355 4882 3227 10356 4888 3227 10357 4885 3227 10358 3365 3228 10359 3367 3228 10360 3363 3228 10361 3365 3229 10362 3363 3229 10363 3361 3229 10364 1344 3230 10365 1342 3230 10366 1339 3230 10367 1339 3231 10368 1340 3231 10369 1338 3231 10370 1338 3232 10371 1341 3232 10372 1343 3232 10373 1343 3233 10374 1345 3233 10375 1347 3233 10376 1347 3234 10377 1349 3234 10378 1351 3234 10379 1351 3235 10380 1353 3235 10381 1355 3235 10382 1355 3236 10383 1357 3236 10384 1359 3236 10385 1359 3237 10386 1361 3237 10387 1360 3237 10388 1360 3238 10389 1358 3238 10390 1356 3238 10391 1356 3239 10392 1354 3239 10393 1352 3239 10394 1352 3240 10395 1350 3240 10396 1348 3240 10397 1348 3241 10398 1346 3241 10399 1344 3241 10400 1344 3242 10401 1339 3242 10402 1338 3242 10403 1338 3243 10404 1343 3243 10405 1347 3243 10406 1347 3244 10407 1351 3244 10408 1355 3244 10409 1355 3245 10410 1359 3245 10411 1360 3245 10412 1360 3246 10413 1356 3246 10414 1352 3246 10415 1352 3247 10416 1348 3247 10417 1344 3247 10418 1344 3248 10419 1338 3248 10420 1347 3248 10421 1347 3249 10422 1355 3249 10423 1360 3249 10424 1360 3250 10425 1352 3250 10426 1344 3250 10427 1347 3251 10428 1360 3251 10429 1344 3251 10430 2330 3252 10431 2370 3252 10432 2372 3252 10433 2330 3253 10434 2372 3253 10435 2328 3253 10436 3209 3254 10437 3211 3254 10438 3206 3254 10439 3209 3255 10440 3206 3255 10441 3204 3255 10442 33 3256 10443 36 3256 10444 34 3256 10445 33 3257 10446 34 3257 10447 35 3257 10448 1383 3258 10449 1385 3258 10450 1376 3258 10451 1383 3259 10452 1376 3259 10453 1369 3259 10454 4121 3260 10455 4131 3260 10456 4176 3260 10457 4121 3261 10458 4176 3261 10459 4115 3261 10460 3314 3262 10461 3326 3262 10462 3324 3262 10463 3314 3263 10464 3324 3263 10465 3318 3263 10466 708 3264 10467 887 3264 10468 924 3264 10469 708 3265 10470 924 3265 10471 928 3265 10472 3540 3266 10473 3542 3266 10474 3635 3266 10475 3921 173 10476 3923 173 10477 3741 173 10478 3921 3267 10479 3741 3267 10480 3927 3267 10481 3594 3268 10482 3649 3268 10483 3526 3268 10484 3646 3269 10485 3648 3269 10486 3594 3269 10487 3646 3270 10488 3594 3270 10489 3526 3270 10490 3930 3271 10491 3921 3271 10492 3927 3271 10493 3930 173 10494 3927 173 10495 3929 173 10496 3646 3272 10497 3526 3272 10498 3528 3272 10499 3644 3273 10500 3646 3273 10501 3528 3273 10502 3794 3274 10503 3930 3274 10504 3929 3274 10505 3794 3275 10506 3929 3275 10507 3793 3275 10508 3644 3276 10509 3528 3276 10510 3532 3276 10511 3642 3277 10512 3644 3277 10513 3532 3277 10514 3796 3278 10515 3794 3278 10516 3793 3278 10517 3796 173 10518 3793 173 10519 3791 173 10520 3642 3279 10521 3532 3279 10522 3536 3279 10523 3640 3280 10524 3642 3280 10525 3536 3280 10526 3800 3281 10527 3796 3281 10528 3791 3281 10529 3800 3282 10530 3791 3282 10531 3799 3282 10532 3640 3283 10533 3536 3283 10534 3540 3283 10535 3638 3284 10536 3640 3284 10537 3540 3284 10538 3635 3285 10539 3800 3285 10540 3799 3285 10541 3635 3286 10542 3799 3286 10543 3634 3286 10544 3638 3287 10545 3540 3287 10546 3635 3287 10547 3635 173 10548 3634 173 10549 3632 173 10550 3635 3288 10551 3632 3288 10552 3638 3288 10553 226 3289 10554 229 3289 10555 252 3289 10556 226 3290 10557 252 3290 10558 249 3290 10559 25 3291 10560 55 3291 10561 56 3291 10562 56 3292 10563 54 3292 10564 40 3292 10565 40 3293 10566 53 3293 10567 52 3293 10568 52 3294 10569 51 3294 10570 50 3294 10571 50 3295 10572 49 3295 10573 48 3295 10574 48 3296 10575 47 3296 10576 46 3296 10577 46 286 10578 45 286 10579 44 286 10580 44 3297 10581 43 3297 10582 42 3297 10583 42 3298 10584 41 3298 10585 39 3298 10586 39 3299 10587 37 3299 10588 38 3299 10589 38 3300 10590 25 3300 10591 56 3300 10592 56 3301 10593 40 3301 10594 52 3301 10595 52 3302 10596 50 3302 10597 48 3302 10598 48 3303 10599 46 3303 10600 44 3303 10601 44 3304 10602 42 3304 10603 39 3304 10604 38 3305 10605 56 3305 10606 52 3305 10607 44 3306 10608 39 3306 10609 38 3306 10610 52 3307 10611 48 3307 10612 44 3307 10613 52 3308 10614 44 3308 10615 38 3308 10616 859 3309 10617 856 3309 10618 849 3309 10619 839 3310 10620 866 3310 10621 863 3310 10622 859 3311 10623 849 3311 10624 839 3311 10625 859 3312 10626 839 3312 10627 863 3312 10628 324 3313 10629 325 3313 10630 323 3313 10631 324 3314 10632 323 3314 10633 322 3314 10634 3694 3315 10635 3709 3315 10636 3585 3315 10637 3694 3316 10638 3585 3316 10639 3698 3316 10640 1848 3317 10641 1863 3317 10642 1885 3317 10643 1848 3318 10644 1885 3318 10645 1841 3318 10646 3656 3319 10647 3592 3319 10648 3579 3319 10649 3576 3320 10650 3572 3320 10651 3657 3320 10652 3656 3321 10653 3579 3321 10654 3576 3321 10655 3576 3322 10656 3657 3322 10657 3656 3322 10658 1039 3323 10659 1040 3323 10660 1097 3323 10661 1039 3324 10662 1097 3324 10663 1096 3324 10664 3575 3325 10665 3588 3325 10666 3577 3325 10667 3578 3326 10668 3591 3326 10669 3589 3326 10670 601 3327 10671 604 3327 10672 603 3327 10673 601 3328 10674 603 3328 10675 602 3328 10676 3539 3329 10677 3545 3329 10678 3543 3329 10679 3539 3330 10680 3543 3330 10681 3541 3330 10682 333 3331 10683 336 3331 10684 388 3331 10685 333 3332 10686 388 3332 10687 332 3332 10688 1718 3333 10689 1731 3333 10690 1729 3333 10691 1718 3334 10692 1729 3334 10693 1719 3334 10694 2682 3335 10695 2436 3335 10696 2443 3335 10697 2682 3336 10698 2443 3336 10699 2681 3336 10700 3556 3337 10701 3554 3337 10702 3664 3337 10703 3850 3338 10704 3845 3338 10705 3735 3338 10706 3850 3339 10707 3735 3339 10708 3849 3339 10709 3556 3340 10710 3664 3340 10711 3812 3340 10712 3580 3341 10713 3573 3341 10714 3568 3341 10715 3575 3342 10716 3577 3342 10717 3580 3342 10718 3570 3343 10719 3575 3343 10720 3580 3343 10721 3854 3344 10722 3850 3344 10723 3849 3344 10724 3854 3345 10725 3849 3345 10726 3853 3345 10727 3570 3346 10728 3580 3346 10729 3568 3346 10730 3566 3347 10731 3570 3347 10732 3568 3347 10733 3858 3348 10734 3854 3348 10735 3853 3348 10736 3858 3349 10737 3853 3349 10738 3857 3349 10739 3566 3350 10740 3568 3350 10741 3564 3350 10742 3562 3351 10743 3566 3351 10744 3564 3351 10745 3862 3352 10746 3858 3352 10747 3857 3352 10748 3862 3353 10749 3857 3353 10750 3861 3353 10751 3562 3354 10752 3564 3354 10753 3560 3354 10754 3558 3355 10755 3562 3355 10756 3560 3355 10757 3812 3356 10758 3862 3356 10759 3861 3356 10760 3812 3357 10761 3861 3357 10762 3809 3357 10763 3558 3358 10764 3560 3358 10765 3556 3358 10766 3550 3359 10767 3558 3359 10768 3556 3359 10769 3812 3360 10770 3809 3360 10771 3662 3360 10772 3552 3361 10773 3550 3361 10774 3556 3361 10775 3812 3362 10776 3662 3362 10777 3552 3362 10778 3556 3363 10779 3812 3363 10780 3552 3363 10781 2187 3364 10782 2118 3364 10783 2108 3364 10784 2187 3365 10785 2108 3365 10786 2112 3365 10787 4422 260 10788 4425 260 10789 4419 260 10790 4422 260 10791 4419 260 10792 4410 260 10793 3639 3366 10794 3637 3366 10795 3621 3366 10796 3639 3367 10797 3621 3367 10798 3619 3367 10799 3678 3368 10800 3670 3368 10801 3668 3368 10802 3678 3369 10803 3668 3369 10804 3713 3369 10805 15 3370 10806 22 3370 10807 21 3370 10808 15 3371 10809 21 3371 10810 5 3371 10811 4317 260 10812 4302 260 10813 4307 260 10814 4317 260 10815 4307 260 10816 4320 260 10817 1201 3372 10818 947 3372 10819 950 3372 10820 1201 3373 10821 950 3373 10822 1233 3373 10823 3707 3374 10824 3705 3374 10825 3702 3374 10826 3707 3375 10827 3702 3375 10828 3700 3375 10829 3578 3376 10830 3587 3376 10831 3707 3376 10832 3584 3377 10833 3582 3377 10834 3578 3377 10835 3707 3378 10836 3700 3378 10837 3586 3378 10838 3586 3379 10839 3584 3379 10840 3578 3379 10841 3707 3380 10842 3586 3380 10843 3578 3380 10844 1691 3381 10845 1693 3381 10846 1654 3381 10847 1691 3382 10848 1654 3382 10849 1657 3382 10850 3835 3383 10851 3880 3383 10852 3878 3383 10853 3835 3384 10854 3878 3384 10855 3833 3384 10856 2680 3385 10857 2681 3385 10858 2443 3385 10859 2680 3386 10860 2443 3386 10861 2444 3386 10862 2842 3387 10863 2881 3387 10864 2872 3387 10865 2872 3388 10866 2869 3388 10867 2866 3388 10868 2866 3389 10869 2848 3389 10870 2842 3389 10871 2872 3390 10872 2866 3390 10873 2842 3390 10874 4345 157 10875 4354 157 10876 4349 157 10877 4345 157 10878 4349 157 10879 4352 157 10880 632 3391 10881 670 3391 10882 669 3391 10883 632 3392 10884 669 3392 10885 634 3392 10886 3749 3393 10887 3938 3393 10888 3743 3393 10889 3749 3394 10890 3743 3394 10891 3746 3394 10892 3080 3395 10893 3086 3395 10894 3077 3395 10895 3080 3396 10896 3077 3396 10897 2976 3396 10898 3557 3397 10899 3561 3397 10900 3715 3397 10901 3557 3398 10902 3715 3398 10903 3714 3398 10904 670 3399 10905 671 3399 10906 672 3399 10907 670 3400 10908 672 3400 10909 695 3400 10910 5103 3401 10911 5105 3401 10912 5106 3401 10913 5106 3402 10914 5104 3402 10915 5101 3402 10916 5101 3403 10917 5100 3403 10918 5088 3403 10919 5088 3404 10920 5089 3404 10921 5090 3404 10922 5090 3405 10923 4899 3405 10924 4902 3405 10925 4902 3406 10926 4905 3406 10927 4908 3406 10928 4908 3407 10929 4912 3407 10930 4913 3407 10931 4913 3408 10932 5097 3408 10933 5096 3408 10934 4913 3409 10935 5096 3409 10936 5095 3409 10937 4902 3410 10938 4908 3410 10939 4913 3410 10940 5088 3411 10941 5090 3411 10942 4902 3411 10943 5106 3412 10944 5101 3412 10945 5088 3412 10946 5102 3413 10947 5103 3413 10948 5106 3413 10949 5129 3414 10950 5102 3414 10951 5106 3414 10952 4902 3415 10953 4913 3415 10954 5095 3415 10955 4902 3416 10956 5095 3416 10957 5094 3416 10958 5129 3417 10959 5106 3417 10960 5088 3417 10961 5130 3418 10962 5129 3418 10963 5088 3418 10964 4902 3419 10965 5094 3419 10966 5093 3419 10967 4902 3420 10968 5093 3420 10969 5092 3420 10970 5099 3421 10971 5130 3421 10972 5088 3421 10973 5098 3422 10974 5099 3422 10975 5088 3422 10976 5088 3423 10977 4902 3423 10978 5092 3423 10979 5091 3424 10980 5098 3424 10981 5088 3424 10982 5092 3425 10983 5091 3425 10984 5088 3425 10985 1149 3426 10986 1305 3426 10987 1307 3426 10988 1149 3427 10989 1307 3427 10990 1148 3427 10991 958 3428 10992 960 3428 10993 956 3428 10994 958 3429 10995 956 3429 10996 952 3429 10997 3169 3430 10998 3172 3430 10999 3166 3430 11000 3169 3431 11001 3166 3431 11002 3160 3431 11003 3555 3432 11004 3557 3432 11005 3714 3432 11006 3555 3433 11007 3714 3433 11008 3666 3433 11009 3783 3434 11010 3752 3434 11011 3753 3434 11012 3780 3435 11013 3953 3435 11014 3783 3435 11015 3753 3436 11016 3780 3436 11017 3783 3436 11018 2 3437 11019 0 3437 11020 9 3437 11021 9 3438 11022 10 3438 11023 7 3438 11024 7 3439 11025 4 3439 11026 3 3439 11027 3 3440 11028 23 3440 11029 1 3440 11030 2 3441 11031 9 3441 11032 7 3441 11033 3 3442 11034 1 3442 11035 2 3442 11036 7 3443 11037 3 3443 11038 2 3443 11039 3686 3444 11040 3682 3444 11041 3712 3444 11042 3686 3445 11043 3712 3445 11044 3711 3445 11045 2628 3446 11046 2637 3446 11047 2634 3446 11048 2628 3447 11049 2634 3447 11050 2631 3447 11051 1621 3448 11052 1686 3448 11053 1684 3448 11054 1621 3449 11055 1684 3449 11056 1683 3449 11057 3855 3450 11058 3859 3450 11059 3891 3450 11060 3855 3451 11061 3891 3451 11062 3890 3451 11063 3175 3452 11064 3178 3452 11065 3172 3452 11066 3175 3453 11067 3172 3453 11068 3169 3453 11069 2151 3454 11070 2156 3454 11071 2155 3454 11072 2151 3455 11073 2155 3455 11074 2153 3455 11075 106 3456 11076 107 3456 11077 103 3456 11078 106 3457 11079 103 3457 11080 105 3457 11081 4231 260 11082 4232 260 11083 4230 260 11084 4231 260 11085 4230 260 11086 4228 260 11087 4361 192 11088 4364 192 11089 4357 192 11090 4361 192 11091 4357 192 11092 4359 192 11093 2042 3458 11094 2043 3458 11095 2041 3458 11096 2042 3459 11097 2041 3459 11098 1983 3459 11099 3588 3460 11100 3575 3460 11101 3570 3460 11102 389 3461 11103 334 3461 11104 337 3461 11105 389 3462 11106 337 3462 11107 396 3462 11108 4901 3463 11109 4899 3463 11110 5090 3463 11111 4901 3464 11112 5090 3464 11113 5080 3464 11114 2410 3465 11115 2414 3465 11116 2417 3465 11117 2417 3466 11118 2454 3466 11119 2455 3466 11120 2413 3467 11121 2410 3467 11122 2417 3467 11123 2417 3468 11124 2455 3468 11125 2413 3468 11126 4543 192 11127 4527 192 11128 4536 192 11129 4543 3469 11130 4536 3469 11131 4555 3469 11132 350 3470 11133 406 3470 11134 405 3470 11135 350 3471 11136 405 3471 11137 349 3471 11138 2324 3472 11139 2376 3472 11140 2378 3472 11141 2324 3473 11142 2378 3473 11143 2322 3473 11144 2051 3474 11145 2053 3474 11146 2054 3474 11147 2051 3475 11148 2054 3475 11149 2097 3475 11150 964 3476 11151 1257 3476 11152 1256 3476 11153 964 3477 11154 1256 3477 11155 963 3477 11156 489 3478 11157 497 3478 11158 496 3478 11159 489 3479 11160 496 3479 11161 491 3479 11162 1901 3480 11163 2001 3480 11164 2000 3480 11165 1901 3481 11166 2000 3481 11167 1900 3481 11168 2473 3482 11169 2518 3482 11170 2515 3482 11171 2473 3483 11172 2515 3483 11173 2477 3483 11174 1694 3484 11175 1695 3484 11176 1690 3484 11177 1694 3485 11178 1690 3485 11179 1692 3485 11180 1510 3486 11181 1513 3486 11182 1509 3486 11183 1510 3487 11184 1509 3487 11185 1502 3487 11186 3755 3488 11187 3756 3488 11188 3777 3488 11189 3755 3489 11190 3777 3489 11191 3778 3489 11192 3622 3490 11193 3626 3490 11194 3627 3490 11195 3622 3491 11196 3627 3491 11197 3624 3491 11198 3777 3492 11199 3756 3492 11200 3757 3492 11201 3622 3493 11202 3624 3493 11203 3623 3493 11204 3623 3494 11205 3777 3494 11206 3757 3494 11207 3623 3495 11208 3757 3495 11209 3622 3495 11210 1711 3496 11211 1648 3496 11212 1654 3496 11213 1711 3497 11214 1654 3497 11215 1693 3497 11216 1167 3498 11217 1168 3498 11218 1286 3498 11219 1167 3499 11220 1286 3499 11221 1284 3499 11222 1185 3500 11223 1140 3500 11224 1141 3500 11225 1185 3501 11226 1141 3501 11227 1183 3501 11228 3759 3502 11229 3760 3502 11230 3763 3502 11231 3759 3503 11232 3763 3503 11233 3773 3503 11234 1954 3504 11235 1813 3504 11236 1814 3504 11237 1954 3505 11238 1814 3505 11239 1956 3505 11240 3762 3506 11241 3770 3506 11242 3768 3506 11243 3770 3507 11244 3762 3507 11245 3605 3507 11246 631 3508 11247 633 3508 11248 630 3508 11249 631 3509 11250 630 3509 11251 626 3509 11252 3769 286 11253 3767 286 11254 3772 286 11255 3772 3510 11256 3606 3510 11257 3771 3510 11258 3772 3511 11259 3771 3511 11260 3769 3511 11261 1257 3512 11262 720 3512 11263 1259 3512 11264 1257 3513 11265 1259 3513 11266 1256 3513 11267 125 3514 11268 151 3514 11269 149 3514 11270 125 286 11271 149 286 11272 128 286 11273 1764 3515 11274 1739 3515 11275 1742 3515 11276 1764 3516 11277 1742 3516 11278 1762 3516 11279 1282 3517 11280 1239 3517 11281 1241 3517 11282 1282 3518 11283 1241 3518 11284 1319 3518 11285 3918 3519 11286 3925 3519 11287 3922 3519 11288 3918 3520 11289 3922 3520 11290 3920 3520 11291 1672 3521 11292 1674 3521 11293 1676 3521 11294 1672 3522 11295 1676 3522 11296 1794 3522 11297 3666 3523 11298 3714 3523 11299 3713 3523 11300 3666 3524 11301 3713 3524 11302 3668 3524 11303 3403 3525 11304 3406 3525 11305 3411 3525 11306 3403 3526 11307 3411 3526 11308 3398 3526 11309 3394 3527 11310 3401 3527 11311 3396 3527 11312 3394 3528 11313 3396 3528 11314 3399 3528 11315 4379 260 11316 4381 260 11317 4375 260 11318 4379 260 11319 4375 260 11320 4367 260 11321 531 3529 11322 529 3529 11323 403 3529 11324 531 3530 11325 403 3530 11326 530 3530 11327 218 3531 11328 220 3531 11329 243 3531 11330 218 3532 11331 243 3532 11332 241 3532 11333 323 3533 11334 366 3533 11335 369 3533 11336 323 3534 11337 369 3534 11338 319 3534 11339 894 3535 11340 897 3535 11341 983 3535 11342 894 3536 11343 983 3536 11344 981 3536 11345 3357 3537 11346 3359 3537 11347 3136 3537 11348 3136 3538 11349 2926 3538 11350 3307 3538 11351 3136 3539 11352 3307 3539 11353 2981 3539 11354 3355 3540 11355 3357 3540 11356 3136 3540 11357 3348 3541 11358 3353 3541 11359 3355 3541 11360 3020 3542 11361 3351 3542 11362 3348 3542 11363 3319 3543 11364 3020 3543 11365 3348 3543 11366 3355 3544 11367 3136 3544 11368 2981 3544 11369 3355 173 11370 2981 173 11371 3311 173 11372 3319 3545 11373 3348 3545 11374 3355 3545 11375 3355 3546 11376 3311 3546 11377 3315 3546 11378 3315 3547 11379 3319 3547 11380 3355 3547 11381 3195 3548 11382 3233 3548 11383 3230 3548 11384 3195 3549 11385 3230 3549 11386 3227 3549 11387 5120 3550 11388 4900 3550 11389 5079 3550 11390 5120 3551 11391 5079 3551 11392 5119 3551 11393 2253 3552 11394 2258 3552 11395 2255 3552 11396 2253 3553 11397 2255 3553 11398 2250 3553 11399 3043 3554 11400 3258 3554 11401 3291 3554 11402 3043 3555 11403 3291 3555 11404 3263 3555 11405 4867 3556 11406 4870 3556 11407 4765 3556 11408 4867 3557 11409 4765 3557 11410 4767 3557 11411 1621 3558 11412 1623 3558 11413 1688 3558 11414 1621 3559 11415 1688 3559 11416 1686 3559 11417 3015 3560 11418 3006 3560 11419 3000 3560 11420 3000 3561 11421 2994 3561 11422 2984 3561 11423 2984 3562 11424 2916 3562 11425 2931 3562 11426 2931 173 11427 2952 173 11428 3036 173 11429 2931 3563 11430 3036 3563 11431 2987 3563 11432 3011 3564 11433 3015 3564 11434 3000 3564 11435 3003 3565 11436 3011 3565 11437 3000 3565 11438 2984 173 11439 2931 173 11440 2987 173 11441 2984 173 11442 2987 173 11443 2991 173 11444 2997 173 11445 3003 173 11446 3000 173 11447 2984 3566 11448 2991 3566 11449 2997 3566 11450 3000 3567 11451 2984 3567 11452 2997 3567 11453 4071 3568 11454 4069 3568 11455 4057 3568 11456 4071 3569 11457 4057 3569 11458 4063 3569 11459 1544 3570 11460 1546 3570 11461 1567 3570 11462 1544 3571 11463 1567 3571 11464 1569 3571 11465 4265 214 11466 4270 214 11467 4268 214 11468 4265 214 11469 4268 214 11470 4260 214 11471 3007 3572 11472 3022 3572 11473 3018 3572 11474 3007 3573 11475 3018 3573 11476 3014 3573 11477 1106 3574 11478 1107 3574 11479 1179 3574 11480 1106 3575 11481 1179 3575 11482 1178 3575 11483 602 3576 11484 653 3576 11485 652 3576 11486 602 3577 11487 652 3577 11488 600 3577 11489 1467 3578 11490 1471 3578 11491 1484 3578 11492 1467 3579 11493 1484 3579 11494 1476 3579 11495 632 3580 11496 636 3580 11497 671 3580 11498 632 3581 11499 671 3581 11500 670 3581 11501 850 3582 11502 852 3582 11503 844 3582 11504 850 3583 11505 844 3583 11506 834 3583 11507 4397 214 11508 4403 214 11509 4401 214 11510 4397 214 11511 4401 214 11512 4393 214 11513 3851 3584 11514 3855 3584 11515 3890 3584 11516 3851 3585 11517 3890 3585 11518 3887 3585 11519 311 3586 11520 305 3586 11521 303 3586 11522 311 3587 11523 303 3587 11524 707 3587 11525 4125 3588 11526 4118 3588 11527 4121 3588 11528 4121 3589 11529 4115 3589 11530 4113 3589 11531 4121 173 11532 4113 173 11533 4125 173 11534 3559 3590 11535 3963 3590 11536 3961 3590 11537 3559 3591 11538 3961 3591 11539 3563 3591 11540 5151 3592 11541 5156 3592 11542 5153 3592 11543 5151 3593 11544 5153 3593 11545 5148 3593 11546 3822 3594 11547 3827 3594 11548 3870 3594 11549 3870 3595 11550 3897 3595 11551 3868 3595 11552 3870 3596 11553 3868 3596 11554 3822 3596 11555 2552 3597 11556 2557 3597 11557 2606 3597 11558 2552 3598 11559 2606 3598 11560 2604 3598 11561 299 3599 11562 302 3599 11563 411 3599 11564 299 3600 11565 411 3600 11566 297 3600 11567 3907 3601 11568 3909 3601 11569 3795 3601 11570 3907 3602 11571 3795 3602 11572 3797 3602 11573 1097 3603 11574 1168 3603 11575 1167 3603 11576 1097 3604 11577 1167 3604 11578 1096 3604 11579 273 3605 11580 275 3605 11581 271 3605 11582 273 3606 11583 271 3606 11584 268 3606 11585 2441 3607 11586 2459 3607 11587 2457 3607 11588 2441 3608 11589 2457 3608 11590 2447 3608 11591 3876 3609 11592 3878 3609 11593 3880 3609 11594 3876 3610 11595 3880 3610 11596 3895 3610 11597 2035 3611 11598 2036 3611 11599 2048 3611 11600 2035 3612 11601 2048 3612 11602 2092 3612 11603 3873 214 11604 3900 214 11605 3902 214 11606 3873 3613 11607 3875 3613 11608 3900 3613 11609 2705 3614 11610 2698 3614 11611 2687 3614 11612 2705 3615 11613 2687 3615 11614 2694 3615 11615 2261 3616 11616 2264 3616 11617 2257 3616 11618 2261 3617 11619 2257 3617 11620 2259 3617 11621 339 3618 11622 341 3618 11623 398 3618 11624 339 3619 11625 398 3619 11626 397 3619 11627 3637 3620 11628 3631 3620 11629 3625 3620 11630 3637 3621 11631 3625 3621 11632 3621 3621 11633 1222 3622 11634 1190 3622 11635 1194 3622 11636 1222 3623 11637 1194 3623 11638 1227 3623 11639 3803 3624 11640 3658 3624 11641 3544 3624 11642 3524 3625 11643 3652 3625 11644 3590 3625 11645 3590 3626 11646 3655 3626 11647 3520 3626 11648 3524 3627 11649 3590 3627 11650 3520 3627 11651 3738 286 11652 3916 286 11653 3919 286 11654 3915 286 11655 3738 286 11656 3919 286 11657 3518 3628 11658 3524 3628 11659 3520 3628 11660 3518 3629 11661 3520 3629 11662 3522 3629 11663 3915 286 11664 3919 286 11665 3932 286 11666 3913 3630 11667 3915 3630 11668 3932 3630 11669 3530 3631 11670 3518 3631 11671 3522 3631 11672 3530 3632 11673 3522 3632 11674 3960 3632 11675 3913 3633 11676 3932 3633 11677 3908 3633 11678 3911 3634 11679 3913 3634 11680 3908 3634 11681 3534 3635 11682 3530 3635 11683 3960 3635 11684 3534 3636 11685 3960 3636 11686 3962 3636 11687 3911 3637 11688 3908 3637 11689 3906 3637 11690 3905 3638 11691 3911 3638 11692 3906 3638 11693 3538 3639 11694 3534 3639 11695 3962 3639 11696 3538 3640 11697 3962 3640 11698 3546 3640 11699 3905 3641 11700 3906 3641 11701 3803 3641 11702 3807 3642 11703 3905 3642 11704 3803 3642 11705 3544 3643 11706 3538 3643 11707 3546 3643 11708 3544 3644 11709 3546 3644 11710 3548 3644 11711 3807 3645 11712 3803 3645 11713 3544 3645 11714 3544 286 11715 3548 286 11716 3660 286 11717 3544 3646 11718 3660 3646 11719 3807 3646 11720 5157 3647 11721 5131 3647 11722 5152 3647 11723 5157 3648 11724 5152 3648 11725 5155 3648 11726 280 3649 11727 288 3649 11728 286 3649 11729 280 3650 11730 286 3650 11731 283 3650 11732 1067 3651 11733 1069 3651 11734 1133 3651 11735 1067 3652 11736 1133 3652 11737 1065 3652 11738 4460 3653 11739 4485 3653 11740 4517 3653 11741 4460 157 11742 4517 157 11743 4479 157 11744 3978 3654 11745 3969 3654 11746 3967 3654 11747 3978 3655 11748 3967 3655 11749 3976 3655 11750 4657 3656 11751 4659 3656 11752 4656 3656 11753 4657 3657 11754 4656 3657 11755 4654 3657 11756 262 3658 11757 279 3658 11758 277 3658 11759 262 3659 11760 277 3659 11761 259 3659 11762 946 3660 11763 932 3660 11764 724 3660 11765 946 3661 11766 724 3661 11767 1258 3661 11768 2967 3662 11769 2946 3662 11770 3251 3662 11771 2967 3663 11772 3251 3663 11773 3248 3663 11774 1810 3664 11775 1942 3664 11776 1941 3664 11777 1810 3665 11778 1941 3665 11779 1809 3665 11780 4544 260 11781 4557 260 11782 4550 260 11783 4544 260 11784 4550 260 11785 4546 260 11786 182 3666 11787 184 3666 11788 180 3666 11789 182 3667 11790 180 3667 11791 177 3667 11792 535 3668 11793 484 3668 11794 488 3668 11795 535 3669 11796 488 3669 11797 534 3669 11798 4757 3670 11799 4756 3670 11800 4755 3670 11801 4757 3671 11802 4755 3671 11803 4758 3671 11804 3940 3672 11805 3751 3672 11806 3752 3672 11807 3783 3673 11808 3788 3673 11809 3787 3673 11810 3783 3674 11811 3787 3674 11812 3786 3674 11813 3785 3675 11814 3940 3675 11815 3752 3675 11816 3783 3676 11817 3786 3676 11818 3785 3676 11819 3752 3677 11820 3783 3677 11821 3785 3677 11822 1834 3678 11823 1628 3678 11824 1630 3678 11825 1834 3679 11826 1630 3679 11827 1837 3679 11828 1514 3680 11829 1517 3680 11830 1513 3680 11831 1514 3681 11832 1513 3681 11833 1510 3681 11834 3866 3682 11835 3893 3682 11836 3892 3682 11837 3866 3683 11838 3892 3683 11839 3865 3683 11840 162 3684 11841 164 3684 11842 161 3684 11843 162 3685 11844 161 3685 11845 158 3685 11846 1570 3686 11847 1575 3686 11848 1589 3686 11849 1570 3687 11850 1589 3687 11851 1581 3687 11852 2545 3688 11853 2504 3688 11854 2507 3688 11855 2545 3689 11856 2507 3689 11857 2554 3689 11858 638 3690 11859 668 3690 11860 586 3690 11861 638 3691 11862 586 3691 11863 588 3691 11864 3239 3692 11865 3241 3692 11866 3294 3692 11867 3239 3693 11868 3294 3693 11869 3302 3693 11870 978 3694 11871 1031 3694 11872 1029 3694 11873 978 3695 11874 1029 3695 11875 1027 3695 11876 4772 3696 11877 4776 3696 11878 4822 3696 11879 4772 3697 11880 4822 3697 11881 4824 3697 11882 2589 3698 11883 2610 3698 11884 2613 3698 11885 2589 3699 11886 2613 3699 11887 2586 3699 11888 3685 3700 11889 3946 3700 11890 3944 3700 11891 3685 3701 11892 3944 3701 11893 3681 3701 11894 2787 3702 11895 2726 3702 11896 2728 3702 11897 2787 3703 11898 2728 3703 11899 2737 3703 11900 4224 192 11901 4235 192 11902 4233 192 11903 4224 192 11904 4233 192 11905 4219 192 11906 4051 3704 11907 4054 3704 11908 4038 3704 11909 4051 3705 11910 4038 3705 11911 4046 3705 11912 3956 3706 11913 3628 3706 11914 3630 3706 11915 3955 3707 11916 3781 3707 11917 3957 3707 11918 3956 3708 11919 3630 3708 11920 3955 3708 11921 3956 3709 11922 3955 3709 11923 3957 3709 11924 3782 173 11925 3779 173 11926 3958 173 11927 1770 3710 11928 1767 3710 11929 1786 3710 11930 1770 3711 11931 1786 3711 11932 1784 3711 11933 2431 3712 11934 2422 3712 11935 2416 3712 11936 2431 3713 11937 2416 3713 11938 2470 3713 11939 3333 3714 11940 3140 3714 11941 3143 3714 11942 3143 3715 11943 3335 3715 11944 3337 3715 11945 3337 3716 11946 3339 3716 11947 3341 3716 11948 3341 3717 11949 3343 3717 11950 3345 3717 11951 3345 3718 11952 3322 3718 11953 3325 3718 11954 3345 3719 11955 3325 3719 11956 3327 3719 11957 3143 3720 11958 3337 3720 11959 3341 3720 11960 3331 3721 11961 3333 3721 11962 3143 3721 11963 3331 3722 11964 3143 3722 11965 3341 3722 11966 3341 3723 11967 3345 3723 11968 3327 3723 11969 3329 3724 11970 3331 3724 11971 3341 3724 11972 3341 3725 11973 3327 3725 11974 3329 3725 11975 4904 3726 11976 4905 3726 11977 4902 3726 11978 4904 3727 11979 4902 3727 11980 4898 3727 11981 4977 3728 11982 4980 3728 11983 4996 3728 11984 4977 3729 11985 4996 3729 11986 4998 3729 11987 2205 3730 11988 2207 3730 11989 2206 3730 11990 2205 3731 11991 2206 3731 11992 2204 3731 11993 3954 3732 11994 3629 3732 11995 3633 3732 11996 3954 3733 11997 3633 3733 11998 3798 3733 11999 3964 3734 12000 3970 3734 12001 3966 3734 12002 3964 3735 12003 3966 3735 12004 3968 3735 12005 738 3736 12006 736 3736 12007 760 3736 12008 760 3737 12009 740 3737 12010 744 3737 12011 760 3738 12012 744 3738 12013 738 3738 12014 88 3739 12015 91 3739 12016 89 3739 12017 88 3740 12018 89 3740 12019 86 3740 12020 3999 3741 12021 4001 3741 12022 3997 3741 12023 3999 3742 12024 3997 3742 12025 3995 3742 12026 3998 3743 12027 4004 3743 12028 4002 3743 12029 3998 3743 12030 4002 3743 12031 4000 3743 12032 1054 3744 12033 1113 3744 12034 1111 3744 12035 1054 3745 12036 1111 3745 12037 1050 3745 12038 4018 3746 12039 4017 3746 12040 4010 3746 12041 4010 3747 12042 4007 3747 12043 4013 3747 12044 4013 3748 12045 4012 3748 12046 4011 3748 12047 4011 3749 12048 4014 3749 12049 4015 3749 12050 4015 3750 12051 4018 3750 12052 4010 3750 12053 4010 3751 12054 4013 3751 12055 4011 3751 12056 4010 3752 12057 4011 3752 12058 4015 3752 12059 4010 3753 12060 4017 3753 12061 4020 3753 12062 4022 3754 12063 4027 3754 12064 4024 3754 12065 1052 3755 12066 999 3755 12067 1002 3755 12068 1052 3756 12069 1002 3756 12070 1003 3756 12071 782 3757 12072 773 3757 12073 785 3757 12074 788 3758 12075 776 3758 12076 779 3758 12077 782 3759 12078 785 3759 12079 788 3759 12080 779 3760 12081 782 3760 12082 788 3760 12083 4029 3761 12084 4034 3761 12085 4036 3761 12086 4029 3762 12087 4036 3762 12088 4039 3762 12089 5121 3763 12090 4897 3763 12091 4900 3763 12092 5121 3764 12093 4900 3764 12094 5120 3764 12095 4043 3765 12096 4040 3765 12097 4037 3765 12098 4037 3766 12099 4035 3766 12100 4044 3766 12101 4042 3767 12102 4043 3767 12103 4037 3767 12104 4037 3768 12105 4044 3768 12106 4042 3768 12107 3985 3769 12108 3983 3769 12109 3995 3769 12110 3985 3770 12111 3995 3770 12112 3997 3770 12113 4037 3771 12114 4040 3771 12115 4045 3771 12116 1861 3772 12117 1866 3772 12118 1867 3772 12119 1861 3773 12120 1867 3773 12121 1860 3773 12122 205 3774 12123 208 3774 12124 237 3774 12125 205 3775 12126 237 3775 12127 235 3775 12128 3983 3776 12129 3985 3776 12130 3971 3776 12131 3983 3777 12132 3971 3777 12133 3965 3777 12134 4064 3778 12135 4062 3778 12136 4061 3778 12137 4062 3779 12138 4064 3779 12139 4065 3779 12140 4064 3780 12141 4061 3780 12142 4066 3780 12143 1273 3781 12144 1274 3781 12145 1272 3781 12146 1273 3782 12147 1272 3782 12148 1271 3782 12149 4067 157 12150 4070 157 12151 4072 157 12152 4068 3783 12153 4073 3783 12154 4077 3783 12155 4077 3784 12156 4076 3784 12157 4082 3784 12158 4078 3785 12159 4068 3785 12160 4077 3785 12161 4077 3786 12162 4082 3786 12163 4078 3786 12164 4080 3787 12165 4074 3787 12166 4084 3787 12167 4087 3788 12168 4092 3788 12169 4089 3788 12170 3712 3789 12171 3715 3789 12172 3716 3789 12173 3712 3790 12174 3716 3790 12175 3711 3790 12176 2494 3791 12177 2503 3791 12178 2500 3791 12179 2494 3792 12180 2500 3792 12181 2497 3792 12182 1242 3793 12183 1245 3793 12184 1318 3793 12185 1242 3794 12186 1318 3794 12187 921 3794 12188 4672 3795 12189 4675 3795 12190 4671 3795 12191 4672 3795 12192 4671 3795 12193 4669 3795 12194 1696 3796 12195 1697 3796 12196 1695 3796 12197 1696 3797 12198 1695 3797 12199 1694 3797 12200 1019 3798 12201 1078 3798 12202 1077 3798 12203 1019 3799 12204 1077 3799 12205 1017 3799 12206 4112 3800 12207 4114 3800 12208 4117 3800 12209 4117 3801 12210 4177 3801 12211 4106 3801 12212 4106 157 12213 4108 157 12214 4110 157 12215 4110 3802 12216 4111 3802 12217 4109 3802 12218 4109 3803 12219 4112 3803 12220 4117 3803 12221 4117 3804 12222 4106 3804 12223 4110 3804 12224 4117 3805 12225 4110 3805 12226 4109 3805 12227 4127 3806 12228 4124 3806 12229 4119 3806 12230 2067 3807 12231 2069 3807 12232 2101 3807 12233 2067 3808 12234 2101 3808 12235 2100 3808 12236 4123 3809 12237 4126 3809 12238 4129 3809 12239 4128 3810 12240 4134 3810 12241 4135 3810 12242 4123 3811 12243 4129 3811 12244 4128 3811 12245 4135 3812 12246 4132 3812 12247 4123 3812 12248 4128 3813 12249 4135 3813 12250 4123 3813 12251 2185 3814 12252 2114 3814 12253 2180 3814 12254 2185 3815 12255 2180 3815 12256 2183 3815 12257 4138 260 12258 4133 260 12259 4136 260 12260 1234 3816 12261 1236 3816 12262 1279 3816 12263 1234 3817 12264 1279 3817 12265 1232 3817 12266 1184 3818 12267 1142 3818 12268 1310 3818 12269 1184 3819 12270 1310 3819 12271 1182 3819 12272 4170 3820 12273 4169 3820 12274 4158 3820 12275 4158 3821 12276 4152 3821 12277 4155 3821 12278 4158 3822 12279 4155 3822 12280 4170 3822 12281 4941 3823 12282 4949 3823 12283 4943 3823 12284 4941 3824 12285 4943 3824 12286 4938 3824 12287 2615 3825 12288 2561 3825 12289 2564 3825 12290 2615 3826 12291 2564 3826 12292 2567 3826 12293 4130 1798 12294 4143 1798 12295 4178 1798 12296 4130 3827 12297 4178 3827 12298 4175 3827 12299 2472 3828 12300 2476 3828 12301 2677 3828 12302 2472 3829 12303 2677 3829 12304 2471 3829 12305 4445 260 12306 4468 260 12307 4500 260 12308 4445 260 12309 4500 260 12310 4440 260 12311 845 3830 12312 823 3830 12313 848 3830 12314 818 3831 12315 815 3831 12316 821 3831 12317 818 3832 12318 821 3832 12319 838 3832 12320 845 3833 12321 848 3833 12322 832 3833 12323 818 3834 12324 838 3834 12325 835 3834 12326 835 3835 12327 845 3835 12328 832 3835 12329 835 3836 12330 832 3836 12331 818 3836 12332 4724 3837 12333 4728 3837 12334 4726 3837 12335 4724 3838 12336 4726 3838 12337 4723 3838 12338 3972 3839 12339 3979 3839 12340 3977 3839 12341 3972 3840 12342 3977 3840 12343 3974 3840 12344 3373 3841 12345 3375 3841 12346 3371 3841 12347 3373 3842 12348 3371 3842 12349 3369 3842 12350 4857 3843 12351 4874 3843 12352 4873 3843 12353 4857 3844 12354 4873 3844 12355 4862 3844 12356 3061 3845 12357 3294 3845 12358 3241 3845 12359 3061 3846 12360 3241 3846 12361 3243 3846 12362 2508 3847 12363 2565 3847 12364 2562 3847 12365 2508 3848 12366 2562 3848 12367 2556 3848 12368 973 3849 12369 974 3849 12370 1018 3849 12371 973 3850 12372 1018 3850 12373 1016 3850 12374 4190 3851 12375 4192 3851 12376 4186 3851 12377 4190 3852 12378 4193 3852 12379 4192 3852 12380 4190 3853 12381 4196 3853 12382 4193 3853 12383 4188 3854 12384 4191 3854 12385 4194 3854 12386 4196 3855 12387 4192 3855 12388 4193 3855 12389 4196 3856 12390 4198 3856 12391 4192 3856 12392 1746 3857 12393 1730 3857 12394 1732 3857 12395 1746 3858 12396 1732 3858 12397 1745 3858 12398 4203 3859 12399 4205 3859 12400 4201 3859 12401 4205 3860 12402 4206 3860 12403 4202 3860 12404 4205 3861 12405 4202 3861 12406 4201 3861 12407 4207 3862 12408 4208 3862 12409 4209 3862 12410 3706 3863 12411 3952 3863 12412 3697 3863 12413 3706 3864 12414 3697 3864 12415 3703 3864 12416 24 3865 12417 28 3865 12418 26 3865 12419 24 3866 12420 26 3866 12421 27 3866 12422 267 3867 12423 342 3867 12424 340 3867 12425 267 3868 12426 340 3868 12427 266 3868 12428 3551 3869 12429 3553 3869 12430 3549 3869 12431 3551 3870 12432 3549 3870 12433 3547 3870 12434 1371 3871 12435 1374 3871 12436 1395 3871 12437 1371 3872 12438 1395 3872 12439 1393 3872 12440 3051 3873 12441 3249 3873 12442 3252 3873 12443 3051 3874 12444 3252 3874 12445 3048 3874 12446 4216 3875 12447 4213 3875 12448 4217 3875 12449 1148 3876 12450 1307 3876 12451 1309 3876 12452 1148 3877 12453 1309 3877 12454 1147 3877 12455 471 3878 12456 472 3878 12457 639 3878 12458 471 3879 12459 639 3879 12460 620 3879 12461 3882 3880 12462 3884 3880 12463 3886 3880 12464 3882 3881 12465 3886 3881 12466 3903 3881 12467 4241 3882 12468 4242 3882 12469 4245 3882 12470 4241 3883 12471 4246 3883 12472 4242 3883 12473 4248 3884 12474 4246 3884 12475 4241 3884 12476 3113 3885 12477 3102 3885 12478 3120 3885 12479 3113 286 12480 3120 286 12481 3117 286 12482 3168 3886 12483 3159 3886 12484 3113 3886 12485 3180 286 12486 3174 286 12487 3168 286 12488 3200 3887 12489 3188 3887 12490 3180 3887 12491 3205 3888 12492 3200 3888 12493 3180 3888 12494 3168 3889 12495 3113 3889 12496 3117 3889 12497 3168 3890 12498 3117 3890 12499 3217 3890 12500 3205 286 12501 3180 286 12502 3168 286 12503 3210 3891 12504 3205 3891 12505 3168 3891 12506 3168 3892 12507 3217 3892 12508 3215 3892 12509 3215 3893 12510 3210 3893 12511 3168 3893 12512 4246 3894 12513 4255 3894 12514 4245 3894 12515 4246 3895 12516 4245 3895 12517 4242 3895 12518 1202 3896 12519 1234 3896 12520 1232 3896 12521 1202 3897 12522 1232 3897 12523 1198 3897 12524 3385 286 12525 3383 286 12526 3377 286 12527 3377 3898 12528 3372 3898 12529 3368 3898 12530 3368 286 12531 3364 286 12532 3360 286 12533 3360 3899 12534 3153 3899 12535 3150 3899 12536 3150 286 12537 3104 286 12538 3107 286 12539 3150 286 12540 3107 286 12541 3156 286 12542 3368 3900 12543 3360 3900 12544 3150 3900 12545 3385 286 12546 3377 286 12547 3368 286 12548 3387 286 12549 3385 286 12550 3368 286 12551 3368 3901 12552 3150 3901 12553 3156 3901 12554 3389 3902 12555 3387 3902 12556 3368 3902 12557 3368 3903 12558 3156 3903 12559 3389 3903 12560 817 3904 12561 831 3904 12562 828 3904 12563 817 3905 12564 828 3905 12565 811 3905 12566 102 3906 12567 105 3906 12568 103 3906 12569 102 3907 12570 103 3907 12571 99 3907 12572 3939 3908 12573 3935 3908 12574 3928 3908 12575 3939 3909 12576 3928 3909 12577 3926 3909 12578 1068 3910 12579 1069 3910 12580 1067 3910 12581 1068 3911 12582 1067 3911 12583 1010 3911 12584 4220 214 12585 4226 214 12586 4222 214 12587 4220 214 12588 4222 214 12589 4223 214 12590 1274 3912 12591 1337 3912 12592 1336 3912 12593 1274 3913 12594 1336 3913 12595 1272 3913 12596 4157 3914 12597 4168 3914 12598 4166 3914 12599 4157 3915 12600 4166 3915 12601 4163 3915 12602 1829 3916 12603 1688 3916 12604 1623 3916 12605 1829 3917 12606 1623 3917 12607 1625 3917 12608 3033 3918 12609 3038 3918 12610 3041 3918 12611 3033 3919 12612 3041 3919 12613 3257 3919 12614 3457 3920 12615 3467 3920 12616 3462 3920 12617 3457 3921 12618 3462 3921 12619 3465 3921 12620 1827 3922 12621 1854 3922 12622 1853 3922 12623 1827 3923 12624 1853 3923 12625 1852 3923 12626 4923 3924 12627 4917 3924 12628 4918 3924 12629 4914 3925 12630 4913 3925 12631 4912 3925 12632 4923 3926 12633 4918 3926 12634 4914 3926 12635 4907 3927 12636 4910 3927 12637 4923 3927 12638 4912 3928 12639 4908 3928 12640 4907 3928 12641 4907 3929 12642 4923 3929 12643 4914 3929 12644 4914 3930 12645 4912 3930 12646 4907 3930 12647 3213 3931 12648 3216 3931 12649 3211 3931 12650 3213 3932 12651 3211 3932 12652 3209 3932 12653 2186 3933 12654 2187 3933 12655 2112 3933 12656 2186 3934 12657 2112 3934 12658 2110 3934 12659 3816 3935 12660 3864 3935 12661 3863 3935 12662 3816 3936 12663 3863 3936 12664 3814 3936 12665 1692 3937 12666 1710 3937 12667 1709 3937 12668 1692 3938 12669 1709 3938 12670 1694 3938 12671 4418 286 12672 4424 286 12673 4427 286 12674 4418 286 12675 4427 286 12676 4415 286 12677 5031 3939 12678 5034 3939 12679 5030 3939 12680 5031 3940 12681 5030 3940 12682 5022 3940 12683 1391 3941 12684 1403 3941 12685 1400 3941 12686 1391 3942 12687 1400 3942 12688 1388 3942 12689 919 3943 12690 909 3943 12691 905 3943 12692 905 3944 12693 902 3944 12694 899 3944 12695 899 3945 12696 887 3945 12697 708 3945 12698 708 3946 12699 919 3946 12700 905 3946 12701 905 3947 12702 899 3947 12703 708 3947 12704 2316 3948 12705 2318 3948 12706 2382 3948 12707 2316 3949 12708 2382 3949 12709 2384 3949 12710 1476 3950 12711 1478 3950 12712 1475 3950 12713 1476 3951 12714 1475 3951 12715 1467 3951 12716 599 3952 12717 597 3952 12718 608 3952 12719 599 3953 12720 608 3953 12721 607 3953 12722 2683 3954 12723 2684 3954 12724 2428 3954 12725 2683 3955 12726 2428 3955 12727 2432 3955 12728 716 3956 12729 709 3956 12730 930 3956 12731 722 3957 12732 727 3957 12733 729 3957 12734 716 3958 12735 930 3958 12736 722 3958 12737 722 3959 12738 729 3959 12739 716 3959 12740 4212 3960 12741 4207 3960 12742 4209 3960 12743 4212 3961 12744 4209 3961 12745 4210 3961 12746 627 3962 12747 662 3962 12748 661 3962 12749 627 3963 12750 661 3963 12751 624 3963 12752 764 3964 12753 758 3964 12754 741 3964 12755 764 3965 12756 741 3965 12757 761 3965 12758 770 3966 12759 753 3966 12760 767 3966 12761 764 3967 12762 761 3967 12763 770 3967 12764 764 3968 12765 770 3968 12766 767 3968 12767 2988 3969 12768 3032 3969 12769 3030 3969 12770 2988 3970 12771 3030 3970 12772 2992 3970 12773 5021 3971 12774 5029 3971 12775 5027 3971 12776 5021 3972 12777 5027 3972 12778 5024 3972 12779 258 3973 12780 264 3973 12781 281 3973 12782 258 3974 12783 281 3974 12784 263 3974 12785 4451 286 12786 4453 286 12787 4446 286 12788 4451 286 12789 4446 286 12790 4434 286 12791 1208 3975 12792 1209 3975 12793 1206 3975 12794 1208 3976 12795 1206 3976 12796 1125 3976 12797 2678 3977 12798 2679 3977 12799 2448 3977 12800 2678 3978 12801 2448 3978 12802 2426 3978 12803 1958 3979 12804 1851 3979 12805 1852 3979 12806 1958 3980 12807 1852 3980 12808 1853 3980 12809 957 3981 12810 964 3981 12811 963 3981 12812 957 3982 12813 963 3982 12814 962 3982 12815 4452 260 12816 4463 260 12817 4457 260 12818 4452 260 12819 4457 260 12820 4454 260 12821 2195 3983 12822 2197 3983 12823 2196 3983 12824 2195 3984 12825 2196 3984 12826 2194 3984 12827 967 3985 12828 1243 3985 12829 922 3985 12830 967 3986 12831 922 3986 12832 926 3986 12833 4743 214 12834 4746 214 12835 4633 214 12836 4743 214 12837 4633 214 12838 4635 214 12839 763 3987 12840 766 3987 12841 772 3987 12842 763 3988 12843 772 3988 12844 781 3988 12845 2817 3989 12846 2823 3989 12847 2832 3989 12848 2817 3990 12849 2832 3990 12850 2838 3990 12851 1752 3991 12852 1756 3991 12853 1754 3991 12854 1752 3992 12855 1754 3992 12856 1753 3992 12857 1776 3993 12858 1870 3993 12859 1868 3993 12860 1776 3994 12861 1868 3994 12862 1772 3994 12863 4513 286 12864 4504 286 12865 4507 286 12866 4513 286 12867 4507 286 12868 4510 286 12869 3194 3995 12870 3199 3995 12871 3186 3995 12872 3194 3996 12873 3186 3996 12874 3191 3996 12875 1469 3997 12876 1473 3997 12877 1480 3997 12878 1469 3998 12879 1480 3998 12880 1482 3998 12881 4480 157 12882 4455 157 12883 4461 157 12884 1636 173 12885 1633 173 12886 1592 173 12887 1595 3999 12888 1611 3999 12889 1609 3999 12890 1595 4000 12891 1609 4000 12892 1607 4000 12893 1638 173 12894 1636 173 12895 1592 173 12896 1640 173 12897 1638 173 12898 1592 173 12899 1595 4001 12900 1607 4001 12901 1604 4001 12902 1595 173 12903 1604 173 12904 1602 173 12905 1643 173 12906 1640 173 12907 1592 173 12908 1645 173 12909 1643 173 12910 1592 173 12911 1595 173 12912 1602 173 12913 1600 173 12914 1598 4002 12915 1645 4002 12916 1592 4002 12917 1595 173 12918 1600 173 12919 1598 173 12920 1598 4003 12921 1592 4003 12922 1595 4003 12923 5087 4004 12924 5088 4004 12925 5100 4004 12926 5087 4005 12927 5100 4005 12928 5126 4005 12929 5007 4006 12930 5009 4006 12931 5025 4006 12932 5007 4007 12933 5025 4007 12934 5028 4007 12935 1829 4008 12936 1625 4008 12937 1627 4008 12938 1829 4009 12939 1627 4009 12940 1832 4009 12941 2804 4010 12942 2808 4010 12943 2828 4010 12944 2804 286 12945 2828 286 12946 2798 286 12947 4503 157 12948 4449 157 12949 4456 157 12950 4482 157 12951 4515 157 12952 4506 157 12953 4503 157 12954 4456 157 12955 4482 157 12956 4482 4011 12957 4506 4011 12958 4503 4011 12959 3204 4012 12960 3206 4012 12961 3201 4012 12962 3204 4013 12963 3201 4013 12964 3198 4013 12965 4437 260 12966 4447 260 12967 4499 260 12968 809 4014 12969 785 4014 12970 773 4014 12971 776 4015 12972 788 4015 12973 791 4015 12974 791 4016 12975 809 4016 12976 773 4016 12977 791 4017 12978 773 4017 12979 776 4017 12980 1735 4018 12981 1737 4018 12982 1650 4018 12983 1735 4019 12984 1650 4019 12985 1713 4019 12986 1823 4020 12987 1821 4020 12988 1894 4020 12989 1823 4021 12990 1894 4021 12991 1893 4021 12992 4725 286 12993 4730 286 12994 4733 286 12995 4733 286 12996 4736 286 12997 4739 286 12998 4739 4022 12999 4637 4022 13000 4634 4022 13001 4634 4023 13002 4631 4023 13003 4628 4023 13004 4628 4024 13005 4625 4024 13006 4640 4024 13007 4640 4025 13008 4649 4025 13009 4652 4025 13010 4640 4026 13011 4652 4026 13012 4655 4026 13013 4634 286 13014 4628 286 13015 4640 286 13016 4733 4027 13017 4739 4027 13018 4634 4027 13019 4722 286 13020 4725 286 13021 4733 286 13022 4716 286 13023 4719 286 13024 4722 286 13025 4704 286 13026 4708 286 13027 4711 286 13028 4711 4028 13029 4716 4028 13030 4722 4028 13031 4722 286 13032 4733 286 13033 4634 286 13034 4634 286 13035 4640 286 13036 4655 286 13037 4634 4029 13038 4655 4029 13039 4658 4029 13040 4704 4030 13041 4711 4030 13042 4722 4030 13043 4694 286 13044 4698 286 13045 4704 286 13046 4684 286 13047 4688 286 13048 4694 286 13049 4681 4031 13050 4684 4031 13051 4694 4031 13052 4694 286 13053 4704 286 13054 4722 286 13055 4722 4032 13056 4634 4032 13057 4658 4032 13058 4722 286 13059 4658 286 13060 4661 286 13061 4681 4033 13062 4694 4033 13063 4722 4033 13064 4678 286 13065 4681 286 13066 4722 286 13067 4722 4034 13068 4661 4034 13069 4664 4034 13070 4722 4035 13071 4664 4035 13072 4667 4035 13073 4674 286 13074 4678 286 13075 4722 286 13076 4722 286 13077 4667 286 13078 4670 286 13079 4670 286 13080 4674 286 13081 4722 286 13082 973 4036 13083 1016 4036 13084 1014 4036 13085 973 4037 13086 1014 4037 13087 972 4037 13088 4538 286 13089 4525 286 13090 4542 286 13091 4538 286 13092 4542 286 13093 4545 286 13094 178 4038 13095 181 4038 13096 176 4038 13097 178 4039 13098 176 4039 13099 174 4039 13100 4322 192 13101 4331 192 13102 4327 192 13103 4322 192 13104 4327 192 13105 4324 192 13106 1613 4040 13107 1670 4040 13108 1668 4040 13109 1613 4041 13110 1668 4041 13111 1610 4041 13112 1787 4042 13113 1736 4042 13114 1649 4042 13115 1787 4043 13116 1649 4043 13117 1651 4043 13118 4554 157 13119 4566 157 13120 4561 157 13121 4554 157 13122 4561 157 13123 4535 157 13124 1277 4044 13125 1278 4044 13126 1327 4044 13127 1277 4045 13128 1327 4045 13129 1326 4045 13130 1922 4046 13131 2014 4046 13132 2013 4046 13133 1922 4047 13134 2013 4047 13135 1920 4047 13136 4773 4048 13137 4763 4048 13138 4766 4048 13139 4773 4049 13140 4766 4049 13141 4790 4049 13142 1672 4050 13143 1794 4050 13144 1818 4050 13145 1672 4051 13146 1818 4051 13147 1816 4051 13148 4563 214 13149 4593 214 13150 4597 214 13151 4563 214 13152 4597 214 13153 4601 214 13154 4603 286 13155 4605 286 13156 4596 286 13157 4603 286 13158 4596 286 13159 4600 286 13160 888 4052 13161 895 4052 13162 892 4052 13163 888 4053 13164 892 4053 13165 884 4053 13166 4604 260 13167 4606 260 13168 4569 260 13169 4604 260 13170 4569 260 13171 4565 260 13172 4533 260 13173 4560 260 13174 4590 260 13175 4533 260 13176 4590 260 13177 4528 260 13178 1457 4054 13179 1455 4054 13180 1453 4054 13181 1453 4055 13182 1402 4055 13183 1390 4055 13184 1390 4056 13185 1382 4056 13186 1368 4056 13187 1368 4057 13188 1364 4057 13189 1366 4057 13190 1366 4058 13191 1362 4058 13192 1370 4058 13193 1370 4059 13194 1392 4059 13195 1404 4059 13196 1404 4060 13197 1408 4060 13198 1412 4060 13199 1412 4061 13200 1416 4061 13201 1421 4061 13202 1421 4062 13203 1426 4062 13204 1430 4062 13205 1430 4063 13206 1434 4063 13207 1436 4063 13208 1436 4064 13209 1464 4064 13210 1462 4064 13211 1462 4065 13212 1459 4065 13213 1457 4065 13214 1457 4066 13215 1453 4066 13216 1390 4066 13217 1390 4067 13218 1368 4067 13219 1366 4067 13220 1366 4068 13221 1370 4068 13222 1404 4068 13223 1404 4069 13224 1412 4069 13225 1421 4069 13226 1421 4070 13227 1430 4070 13228 1436 4070 13229 1436 4071 13230 1462 4071 13231 1457 4071 13232 1457 4072 13233 1390 4072 13234 1366 4072 13235 1366 4073 13236 1404 4073 13237 1421 4073 13238 1421 4074 13239 1436 4074 13240 1457 4074 13241 1366 4075 13242 1421 4075 13243 1457 4075 13244 4651 4076 13245 4653 4076 13246 4650 4076 13247 4651 4077 13248 4650 4077 13249 4647 4077 13250 4573 157 13251 4547 157 13252 4553 157 13253 4417 214 13254 4428 214 13255 4431 214 13256 4417 214 13257 4431 214 13258 4414 214 13259 274 4078 13260 298 4078 13261 295 4078 13262 274 4079 13263 295 4079 13264 291 4079 13265 2350 4080 13266 2352 4080 13267 2354 4080 13268 2350 4081 13269 2354 4081 13270 2346 4081 13271 4567 173 13272 4570 173 13273 4608 173 13274 4613 173 13275 4616 173 13276 4592 173 13277 4613 173 13278 4592 173 13279 4562 173 13280 4567 4082 13281 4608 4082 13282 4582 4082 13283 4613 173 13284 4562 173 13285 4567 173 13286 4567 173 13287 4582 173 13288 4613 173 13289 625 4083 13290 627 4083 13291 624 4083 13292 625 4084 13293 624 4084 13294 622 4084 13295 2209 4085 13296 2211 4085 13297 2210 4085 13298 2209 4086 13299 2210 4086 13300 2208 4086 13301 4706 192 13302 4714 192 13303 4712 192 13304 4706 192 13305 4712 192 13306 4709 192 13307 4532 260 13308 4540 260 13309 4594 260 13310 1850 4087 13311 1848 4087 13312 1635 4087 13313 1850 4088 13314 1635 4088 13315 1637 4088 13316 833 4089 13317 836 4089 13318 839 4089 13319 833 4090 13320 839 4090 13321 849 4090 13322 1160 4091 13323 1161 4091 13324 921 4091 13325 1160 4092 13326 921 4092 13327 1318 4092 13328 905 4093 13329 909 4093 13330 908 4093 13331 905 4094 13332 908 4094 13333 907 4094 13334 961 4095 13335 1248 4095 13336 1246 4095 13337 961 4096 13338 1246 4096 13339 1245 4096 13340 5118 4097 13341 5081 4097 13342 5083 4097 13343 5118 4098 13344 5083 4098 13345 5116 4098 13346 2193 4099 13347 2195 4099 13348 2194 4099 13349 2193 4100 13350 2194 4100 13351 2192 4100 13352 4643 4101 13353 4645 4101 13354 4641 4101 13355 4643 4102 13356 4641 4102 13357 4627 4102 13358 1085 4103 13359 1087 4103 13360 1159 4103 13361 1085 4104 13362 1159 4104 13363 1157 4104 13364 3313 4105 13365 3309 4105 13366 2993 4105 13367 3313 4106 13368 2993 4106 13369 2999 4106 13370 908 4107 13371 1002 4107 13372 999 4107 13373 908 4108 13374 999 4108 13375 997 4108 13376 3517 4109 13377 3500 4109 13378 3508 4109 13379 3517 4110 13380 3508 4110 13381 3512 4110 13382 4184 4111 13383 4189 4111 13384 4185 4111 13385 4184 4112 13386 4185 4112 13387 4187 4112 13388 4199 157 13389 4200 157 13390 4197 157 13391 4199 157 13392 4197 157 13393 4195 157 13394 4660 4113 13395 4662 4113 13396 4659 4113 13397 4660 4114 13398 4659 4114 13399 4657 4114 13400 1774 4115 13401 1776 4115 13402 1772 4115 13403 1774 4116 13404 1772 4116 13405 1769 4116 13406 2939 4117 13407 2920 4117 13408 2925 4117 13409 2939 4118 13410 2925 4118 13411 2935 4118 13412 3926 4119 13413 3740 4119 13414 3744 4119 13415 3926 4120 13416 3744 4120 13417 3939 4120 13418 2992 4121 13419 3030 4121 13420 3028 4121 13421 2992 4122 13422 3028 4122 13423 2998 4122 13424 4817 157 13425 4846 157 13426 4841 157 13427 4817 4123 13428 4841 4123 13429 4838 4123 13430 1842 4124 13431 1825 4124 13432 1892 4124 13433 1842 4125 13434 1892 4125 13435 1891 4125 13436 931 4126 13437 942 4126 13438 1207 4126 13439 931 4127 13440 1207 4127 13441 723 4127 13442 1746 4128 13443 1745 4128 13444 1759 4128 13445 1746 4129 13446 1759 4129 13447 1751 4129 13448 4530 157 13449 4591 157 13450 4614 157 13451 4530 157 13452 4614 157 13453 4587 157 13454 4289 157 13455 4298 157 13456 4295 157 13457 4289 157 13458 4295 157 13459 4292 157 13460 965 4130 13461 949 4130 13462 946 4130 13463 965 4131 13464 946 4131 13465 1258 4131 13466 4721 4132 13467 4724 4132 13468 4723 4132 13469 4721 4133 13470 4723 4133 13471 4720 4133 13472 4748 4134 13473 4630 4134 13474 4632 4134 13475 4748 4135 13476 4632 4135 13477 4745 4135 13478 913 4136 13479 973 4136 13480 972 4136 13481 913 4137 13482 972 4137 13483 911 4137 13484 194 4138 13485 197 4138 13486 190 4138 13487 194 286 13488 190 286 13489 192 286 13490 982 4139 13491 1036 4139 13492 1034 4139 13493 982 4140 13494 1034 4140 13495 980 4140 13496 4791 4141 13497 4793 4141 13498 4785 4141 13499 4791 4142 13500 4785 4142 13501 4787 4142 13502 3539 4143 13503 3541 4143 13504 3537 4143 13505 3539 4144 13506 3537 4144 13507 3535 4144 13508 4715 4145 13509 4718 4145 13510 4717 4145 13511 4715 4146 13512 4717 4146 13513 4713 4146 13514 972 4147 13515 1014 4147 13516 1011 4147 13517 972 4148 13518 1011 4148 13519 971 4148 13520 888 4149 13521 884 4149 13522 918 4149 13523 888 4150 13524 918 4150 13525 900 4150 13526 4687 4151 13527 4690 4151 13528 4685 4151 13529 4687 4151 13530 4685 4151 13531 4683 4151 13532 4947 4152 13533 4944 4152 13534 4950 4152 13535 4947 286 13536 4950 286 13537 4952 286 13538 711 4153 13539 718 4153 13540 1006 4153 13541 711 4154 13542 1006 4154 13543 934 4154 13544 4751 4155 13545 4752 4155 13546 4750 4155 13547 4751 4156 13548 4750 4156 13549 4749 4156 13550 1678 4157 13551 1681 4157 13552 1788 4157 13553 1678 4158 13554 1788 4158 13555 1790 4158 13556 4486 4159 13557 4489 4159 13558 4516 4159 13559 4486 4160 13560 4516 4160 13561 4483 4160 13562 619 4161 13563 617 4161 13564 618 4161 13565 619 4162 13566 618 4162 13567 470 4162 13568 4624 214 13569 4623 214 13570 4621 214 13571 4624 214 13572 4621 214 13573 4622 214 13574 174 4163 13575 176 4163 13576 173 4163 13577 174 4164 13578 173 4164 13579 171 4164 13580 4777 4165 13581 4773 4165 13582 4790 4165 13583 4777 4166 13584 4790 4166 13585 4789 4166 13586 4049 4167 13587 4051 4167 13588 4046 4167 13589 4049 4168 13590 4046 4168 13591 4041 4168 13592 1093 4169 13593 1164 4169 13594 1162 4169 13595 1093 4170 13596 1162 4170 13597 1091 4170 13598 4371 214 13599 4384 214 13600 4387 214 13601 4371 214 13602 4387 214 13603 4368 214 13604 2551 4171 13605 2602 4171 13606 2600 4171 13607 2551 4172 13608 2600 4172 13609 2548 4172 13610 3273 4173 13611 3285 4173 13612 3283 4173 13613 3273 4174 13614 3283 4174 13615 3278 4174 13616 5101 4175 13617 5128 4175 13618 5126 4175 13619 5101 4176 13620 5126 4176 13621 5100 4176 13622 4279 192 13623 4287 192 13624 4283 192 13625 4279 192 13626 4283 192 13627 4281 192 13628 904 4177 13629 993 4177 13630 991 4177 13631 904 4178 13632 991 4178 13633 901 4178 13634 1850 4179 13635 1865 4179 13636 1863 4179 13637 1850 4180 13638 1863 4180 13639 1848 4180 13640 4832 4181 13641 4852 4181 13642 4859 4181 13643 4832 4182 13644 4859 4182 13645 4829 4182 13646 4762 214 13647 4761 214 13648 4760 214 13649 4762 214 13650 4760 214 13651 4759 214 13652 3342 4183 13653 3340 4183 13654 3352 4183 13655 3342 4184 13656 3352 4184 13657 3347 4184 13658 231 4185 13659 254 4185 13660 252 4185 13661 231 4186 13662 252 4186 13663 229 4186 13664 3713 4187 13665 3714 4187 13666 3715 4187 13667 3713 4188 13668 3715 4188 13669 3712 4188 13670 3059 4189 13671 3246 4189 13672 3250 4189 13673 3059 4190 13674 3250 4190 13675 3052 4190 13676 379 4191 13677 380 4191 13678 441 4191 13679 379 4192 13680 441 4192 13681 440 4192 13682 2218 4193 13683 2235 4193 13684 2231 4193 13685 2218 4194 13686 2231 4194 13687 2228 4194 13688 3693 4195 13689 3950 4195 13690 3948 4195 13691 3693 4196 13692 3948 4196 13693 3689 4196 13694 2182 4197 13695 2115 4197 13696 2111 4197 13697 2111 4198 13698 2113 4198 13699 2109 4198 13700 2109 4199 13701 2117 4199 13702 2122 4199 13703 2122 286 13704 2127 286 13705 2129 286 13706 2129 4200 13707 2132 4200 13708 2135 4200 13709 2135 4201 13710 2138 4201 13711 2143 4201 13712 2143 4202 13713 2146 4202 13714 2149 4202 13715 2149 4203 13716 2152 4203 13717 2154 4203 13718 2154 4204 13719 2157 4204 13720 2161 4204 13721 2161 286 13722 2166 286 13723 2170 286 13724 2170 4205 13725 2173 4205 13726 2176 4205 13727 2176 4206 13728 2178 4206 13729 2182 4206 13730 2182 4207 13731 2111 4207 13732 2109 4207 13733 2109 286 13734 2122 286 13735 2129 286 13736 2129 4208 13737 2135 4208 13738 2143 4208 13739 2143 4209 13740 2149 4209 13741 2154 4209 13742 2154 286 13743 2161 286 13744 2170 286 13745 2170 4210 13746 2176 4210 13747 2182 4210 13748 2182 286 13749 2109 286 13750 2129 286 13751 2129 4211 13752 2143 4211 13753 2154 4211 13754 2154 4212 13755 2170 4212 13756 2182 4212 13757 2129 4213 13758 2154 4213 13759 2182 4213 13760 479 4214 13761 357 4214 13762 507 4214 13763 479 4215 13764 507 4215 13765 505 4215 13766 2795 4216 13767 2800 4216 13768 2818 4216 13769 2795 4217 13770 2818 4217 13771 2814 4217 13772 4769 4218 13773 4865 4218 13774 4858 4218 13775 4858 4219 13776 4851 4219 13777 4849 4219 13778 4849 4220 13779 4844 4220 13780 4877 4220 13781 4877 4221 13782 4881 4221 13783 4884 4221 13784 4884 4222 13785 4843 4222 13786 4847 4222 13787 4848 173 13788 4853 173 13789 4854 173 13790 4884 4223 13791 4847 4223 13792 4848 4223 13793 4858 4224 13794 4849 4224 13795 4877 4224 13796 4877 4225 13797 4884 4225 13798 4848 4225 13799 4848 4226 13800 4854 4226 13801 4855 4226 13802 4848 4227 13803 4855 4227 13804 4856 4227 13805 4858 4228 13806 4877 4228 13807 4848 4228 13808 4771 4229 13809 4769 4229 13810 4858 4229 13811 4779 173 13812 4775 173 13813 4771 173 13814 4805 4230 13815 4895 4230 13816 4783 4230 13817 4783 173 13818 4779 173 13819 4771 173 13820 4858 4231 13821 4848 4231 13822 4856 4231 13823 4858 4232 13824 4856 4232 13825 4861 4232 13826 4783 4233 13827 4771 4233 13828 4858 4233 13829 4803 4234 13830 4808 4234 13831 4805 4234 13832 4786 173 13833 4794 173 13834 4799 173 13835 4799 4235 13836 4803 4235 13837 4805 4235 13838 4799 173 13839 4805 173 13840 4783 173 13841 4782 173 13842 4786 173 13843 4799 173 13844 4778 173 13845 4782 173 13846 4799 173 13847 4799 4236 13848 4783 4236 13849 4858 4236 13850 4858 4237 13851 4861 4237 13852 4863 4237 13853 4858 4238 13854 4863 4238 13855 4868 4238 13856 4778 4239 13857 4799 4239 13858 4858 4239 13859 4774 4240 13860 4778 4240 13861 4858 4240 13862 4858 4241 13863 4868 4241 13864 4768 4241 13865 4764 4242 13866 4774 4242 13867 4858 4242 13868 4858 4243 13869 4768 4243 13870 4764 4243 13871 1801 4244 13872 1666 4244 13873 1667 4244 13874 1801 4245 13875 1667 4245 13876 1669 4245 13877 293 4246 13878 354 4246 13879 352 4246 13880 293 4247 13881 352 4247 13882 351 4247 13883 4876 4248 13884 4837 4248 13885 4835 4248 13886 4835 4249 13887 4833 4249 13888 4830 4249 13889 4830 4250 13890 4827 4250 13891 4825 4250 13892 4825 4251 13893 4823 4251 13894 4821 4251 13895 4821 286 13896 4819 286 13897 4815 286 13898 4815 286 13899 4893 286 13900 4810 286 13901 4810 4252 13902 4813 4252 13903 4814 4252 13904 4814 4253 13905 4818 4253 13906 4840 4253 13907 4840 286 13908 4887 286 13909 4889 286 13910 4876 4254 13911 4835 4254 13912 4830 4254 13913 4840 4255 13914 4889 4255 13915 4876 4255 13916 4815 4256 13917 4810 4256 13918 4814 4256 13919 4825 4257 13920 4821 4257 13921 4815 4257 13922 4876 4258 13923 4830 4258 13924 4825 4258 13925 4814 4259 13926 4840 4259 13927 4876 4259 13928 4825 4260 13929 4815 4260 13930 4814 4260 13931 4876 286 13932 4825 286 13933 4814 286 13934 1498 4261 13935 1500 4261 13936 1502 4261 13937 1498 4262 13938 1502 4262 13939 1509 4262 13940 525 4263 13941 526 4263 13942 395 4263 13943 525 4264 13944 395 4264 13945 524 4264 13946 948 4265 13947 950 4265 13948 947 4265 13949 948 4266 13950 947 4266 13951 945 4266 13952 4892 286 13953 4816 286 13954 4820 286 13955 4820 4267 13956 4780 4267 13957 4784 4267 13958 4784 4268 13959 4891 4268 13960 4892 4268 13961 4820 4269 13962 4784 4269 13963 4892 4269 13964 94 4270 13965 97 4270 13966 95 4270 13967 94 4271 13968 95 4271 13969 92 4271 13970 3641 4272 13971 3639 4272 13972 3619 4272 13973 3641 4273 13974 3619 4273 13975 3613 4273 13976 3860 4274 13977 3856 4274 13978 3910 4274 13979 3860 4275 13980 3910 4275 13981 3904 4275 13982 4777 4276 13983 4789 4276 13984 4788 4276 13985 4777 4277 13986 4788 4277 13987 4781 4277 13988 1858 4278 13989 1859 4278 13990 1977 4278 13991 1858 4279 13992 1977 4279 13993 1975 4279 13994 2521 4280 13995 2524 4280 13996 2519 4280 13997 2521 4281 13998 2519 4281 13999 2474 4281 14000 2082 4282 14001 2083 4282 14002 2106 4282 14003 2082 4283 14004 2106 4283 14005 2081 4283 14006 4916 4284 14007 4922 4284 14008 4926 4284 14009 4915 4285 14010 4924 4285 14011 4929 4285 14012 4930 4286 14013 4925 4286 14014 4931 4286 14015 4834 4287 14016 4850 4287 14017 4852 4287 14018 4834 4288 14019 4852 4288 14020 4832 4288 14021 4862 4289 14022 4873 4289 14023 4872 4289 14024 4862 4290 14025 4872 4290 14026 4864 4290 14027 4580 4291 14028 4583 4291 14029 4610 4291 14030 4580 4292 14031 4610 4292 14032 4577 4292 14033 4958 4293 14034 4969 4293 14035 4967 4293 14036 4958 4294 14037 4967 4294 14038 4964 4294 14039 2983 4295 14040 2979 4295 14041 3305 4295 14042 3305 4296 14043 2906 4296 14044 2914 4296 14045 3305 4297 14046 2914 4297 14047 2983 4297 14048 1107 4298 14049 1108 4298 14050 1180 4298 14051 1107 4299 14052 1180 4299 14053 1179 4299 14054 5045 4300 14055 5038 4300 14056 5033 4300 14057 5023 4301 14058 5026 4301 14059 5010 4301 14060 5045 4302 14061 5033 4302 14062 5023 4302 14063 5016 4303 14064 5045 4303 14065 5023 4303 14066 4993 4304 14067 4995 4304 14068 4979 4304 14069 5016 4305 14070 5023 4305 14071 5010 4305 14072 5013 4306 14073 5016 4306 14074 5010 4306 14075 5013 4307 14076 5010 4307 14077 5003 4307 14078 5075 4308 14079 4927 4308 14080 4935 4308 14081 5071 4309 14082 5075 4309 14083 4935 4309 14084 5048 4310 14085 5013 4310 14086 5003 4310 14087 5048 4311 14088 5003 4311 14089 4993 4311 14090 5071 4312 14091 4935 4312 14092 4940 4312 14093 4965 4313 14094 4962 4313 14095 5065 4313 14096 5065 4314 14097 5071 4314 14098 4940 4314 14099 5065 4315 14100 4940 4315 14101 4945 4315 14102 5051 4316 14103 5048 4316 14104 4993 4316 14105 4986 4317 14106 5051 4317 14107 4993 4317 14108 4965 4318 14109 5065 4318 14110 4945 4318 14111 4965 4319 14112 4945 4319 14113 4948 4319 14114 4960 4320 14115 4965 4320 14116 4948 4320 14117 4986 4321 14118 4993 4321 14119 4979 4321 14120 4983 4322 14121 4986 4322 14122 4979 4322 14123 4960 4323 14124 4948 4323 14125 4957 4323 14126 4983 4324 14127 4979 4324 14128 4973 4324 14129 4973 4325 14130 4960 4325 14131 4957 4325 14132 5058 4326 14133 4983 4326 14134 4973 4326 14135 4957 4327 14136 5058 4327 14137 4973 4327 14138 2624 4328 14139 2622 4328 14140 2643 4328 14141 2624 4329 14142 2643 4329 14143 2639 4329 14144 235 4330 14145 237 4330 14146 256 4330 14147 235 4331 14148 256 4331 14149 233 4331 14150 4691 260 14151 4700 260 14152 4697 260 14153 4691 260 14154 4697 260 14155 4693 260 14156 4930 4332 14157 4936 4332 14158 4933 4332 14159 4930 4333 14160 4933 4333 14161 4925 4333 14162 4988 4334 14163 4990 4334 14164 4985 4334 14165 4988 4335 14166 4985 4335 14167 4982 4335 14168 1079 4336 14169 1149 4336 14170 1148 4336 14171 1079 4337 14172 1148 4337 14173 1078 4337 14174 1752 4338 14175 1753 4338 14176 1749 4338 14177 1752 4339 14178 1749 4339 14179 1747 4339 14180 3306 4340 14181 3332 4340 14182 3330 4340 14183 3306 4341 14184 3330 4341 14185 2980 4341 14186 5015 4342 14187 5012 4342 14188 5018 4342 14189 5015 4343 14190 5018 4343 14191 5020 4343 14192 4290 260 14193 4293 260 14194 4286 260 14195 4290 260 14196 4286 260 14197 4277 260 14198 4718 4344 14199 4721 4344 14200 4720 4344 14201 4718 4345 14202 4720 4345 14203 4717 4345 14204 2820 4346 14205 2839 4346 14206 2868 4346 14207 2868 4347 14208 2871 4347 14209 2877 4347 14210 2875 4348 14211 2897 4348 14212 2820 4348 14213 2868 4349 14214 2877 4349 14215 2875 4349 14216 2868 4350 14217 2875 4350 14218 2820 4350 14219 3487 4351 14220 3490 4351 14221 3495 4351 14222 3487 4352 14223 3495 4352 14224 3482 4352 14225 3734 4353 14226 3737 4353 14227 3914 4353 14228 3734 4354 14229 3914 4354 14230 3848 4354 14231 2906 4355 14232 2923 4355 14233 2918 4355 14234 2906 4356 14235 2918 4356 14236 2909 4356 14237 4807 192 14238 4812 192 14239 4809 192 14240 4807 192 14241 4809 192 14242 4804 192 14243 3005 4357 14244 3013 4357 14245 3016 4357 14246 3005 4358 14247 3016 4358 14248 3317 4358 14249 653 4359 14250 677 4359 14251 675 4359 14252 653 4360 14253 675 4360 14254 652 4360 14255 3068 4361 14256 2965 4361 14257 3247 4361 14258 3068 4362 14259 3247 4362 14260 3244 4362 14261 1632 4363 14262 1635 4363 14263 1848 4363 14264 1632 4364 14265 1848 4364 14266 1841 4364 14267 4984 4365 14268 4989 4365 14269 5052 4365 14270 4984 4366 14271 5052 4366 14272 5049 4366 14273 3982 3743 14274 3989 3743 14275 3987 3743 14276 3982 4367 14277 3987 4367 14278 3984 4367 14279 3056 4368 14280 2963 4368 14281 2968 4368 14282 3056 4369 14283 2968 4369 14284 3071 4369 14285 4747 260 14286 4642 260 14287 4626 260 14288 4747 260 14289 4626 260 14290 4629 260 14291 4971 4370 14292 4978 4370 14293 4976 4370 14294 4971 4370 14295 4976 4370 14296 4974 4370 14297 2202 4371 14298 2203 4371 14299 2201 4371 14300 2202 4372 14301 2201 4372 14302 2199 4372 14303 313 4373 14304 425 4373 14305 424 4373 14306 313 4374 14307 424 4374 14308 310 4374 14309 5104 4375 14310 5108 4375 14311 5128 4375 14312 5104 4376 14313 5128 4376 14314 5101 4376 14315 3161 4377 14316 3170 4377 14317 3390 4377 14318 3161 4378 14319 3390 4378 14320 3157 4378 14321 2651 4379 14322 2661 4379 14323 2658 4379 14324 2651 4380 14325 2658 4380 14326 2654 4380 14327 3081 4381 14328 3132 4381 14329 3129 4381 14330 3081 4382 14331 3129 4382 14332 3087 4382 14333 5124 4383 14334 5078 4383 14335 4921 4383 14336 5124 4384 14337 4921 4384 14338 4909 4384 14339 1432 4385 14340 1435 4385 14341 1431 4385 14342 1432 4386 14343 1431 4386 14344 1428 4386 14345 2089 4387 14346 2100 4387 14347 2101 4387 14348 2089 4388 14349 2101 4388 14350 2088 4388 14351 1647 4389 14352 1652 4389 14353 1651 4389 14354 1647 4390 14355 1651 4390 14356 1649 4390 14357 5124 4391 14358 4909 4391 14359 4906 4391 14360 5124 4392 14361 4906 4392 14362 5123 4392 14363 2682 4393 14364 2683 4393 14365 2432 4393 14366 2682 4394 14367 2432 4394 14368 2436 4394 14369 5122 4395 14370 4903 4395 14371 4897 4395 14372 5122 4396 14373 4897 4396 14374 5121 4396 14375 5068 4397 14376 5070 4397 14377 5063 4397 14378 5068 4398 14379 5063 4398 14380 5066 4398 14381 1764 4399 14382 1639 4399 14383 1641 4399 14384 1764 4400 14385 1641 4400 14386 1739 4400 14387 5084 4401 14388 5086 4401 14389 5115 4401 14390 5084 4402 14391 5115 4402 14392 5117 4402 14393 1850 4403 14394 1637 4403 14395 1639 4403 14396 1850 4404 14397 1639 4404 14398 1764 4404 14399 2030 4405 14400 2090 4405 14401 2089 4405 14402 2030 4406 14403 2089 4406 14404 2088 4406 14405 2412 4407 14406 2413 4407 14407 2455 4407 14408 2412 4408 14409 2455 4408 14410 2487 4408 14411 5085 4409 14412 5089 4409 14413 5088 4409 14414 5085 4410 14415 5088 4410 14416 5087 4410 14417 3677 4411 14418 3681 4411 14419 3944 4411 14420 3677 4412 14421 3944 4412 14422 3942 4412 14423 1759 4413 14424 1760 4413 14425 1883 4413 14426 1759 4414 14427 1883 4414 14428 1757 4414 14429 503 4415 14430 564 4415 14431 474 4415 14432 503 4416 14433 474 4416 14434 477 4416 14435 4919 4417 14436 4920 4417 14437 4918 4417 14438 4919 4418 14439 4918 4418 14440 4917 4418 14441 5113 4419 14442 5114 4419 14443 5125 4419 14444 5113 4420 14445 5125 4420 14446 5127 4420 14447 642 4421 14448 643 4421 14449 641 4421 14450 642 4422 14451 641 4422 14452 473 4422 14453 3643 4423 14454 3641 4423 14455 3613 4423 14456 3643 4424 14457 3613 4424 14458 3609 4424 14459 5119 4425 14460 5079 4425 14461 5081 4425 14462 5119 4426 14463 5081 4426 14464 5118 4426 14465 258 4427 14466 263 4427 14467 260 4427 14468 258 4428 14469 260 4428 14470 261 4428 14471 5123 4429 14472 4906 4429 14473 4903 4429 14474 5123 4430 14475 4903 4430 14476 5122 4430 14477 754 4431 14478 777 4431 14479 774 4431 14480 754 4432 14481 774 4432 14482 751 4432 14483 2684 4433 14484 2685 4433 14485 2427 4433 14486 2684 4434 14487 2427 4434 14488 2428 4434 14489 2882 4435 14490 2884 4435 14491 2878 4435 14492 2882 4436 14493 2878 4436 14494 2873 4436 14495 2156 4437 14496 2159 4437 14497 2158 4437 14498 2156 4438 14499 2158 4438 14500 2155 4438 14501 1660 4439 14502 1664 4439 14503 1796 4439 14504 1660 4440 14505 1796 4440 14506 1907 4440 14507 974 4441 14508 975 4441 14509 1020 4441 14510 974 4442 14511 1020 4442 14512 1018 4442 14513 3361 4443 14514 3363 4443 14515 3221 4443 14516 3361 4444 14517 3221 4444 14518 3155 4444 14519 2678 4445 14520 2426 4445 14521 2427 4445 14522 2678 4446 14523 2427 4446 14524 2685 4446 14525 3054 4447 14526 3057 4447 14527 3050 4447 14528 3054 4448 14529 3050 4448 14530 2961 4448 14531 1098 4449 14532 1103 4449 14533 1102 4449 14534 1098 4450 14535 1102 4450 14536 1101 4450 14537 4213 4451 14538 4216 4451 14539 4214 4451 14540 4213 4452 14541 4214 4452 14542 4215 4452 14543 5132 4453 14544 5134 4453 14545 5141 4453 14546 5132 4454 14547 5141 4454 14548 5138 4454 14549 5147 4455 14550 5154 4455 14551 5132 4455 14552 5132 4456 14553 5138 4456 14554 5136 4456 14555 5136 4457 14556 5147 4457 14557 5132 4457 14558 5133 4458 14559 5142 4458 14560 5143 4458 14561 5133 4459 14562 5143 4459 14563 5139 4459 14564 4677 4460 14565 4679 4460 14566 4676 4460 14567 4677 4460 14568 4676 4460 14569 4673 4460 14570 4174 4461 14571 4179 4461 14572 4177 4461 14573 4174 4462 14574 4177 4462 14575 4117 4462 14576 4291 286 14577 4262 286 14578 4259 286 14579 4259 286 14580 4280 286 14581 4299 286 14582 4259 286 14583 4299 286 14584 4291 286 14585 5144 4463 14586 5145 4463 14587 5137 4463 14588 5144 4464 14589 5137 4464 14590 5140 4464 14591 5164 4465 14592 5165 4465 14593 5163 4465 14594 5164 4466 14595 5163 4466 14596 5162 4466 14597 1442 4467 14598 1444 4467 14599 1460 4467 14600 1442 4468 14601 1460 4468 14602 1463 4468 14603 360 4469 14604 383 4469 14605 382 4469 14606 360 4470 14607 382 4470 14608 381 4470 14609 4666 4471 14610 4668 4471 14611 4665 4471 14612 4666 4472 14613 4665 4472 14614 4663 4472 14615 3731 4473 14616 3732 4473 14617 3831 4473 14618 3831 4474 14619 3834 4474 14620 3879 4474 14621 3879 4475 14622 3877 4475 14623 3898 4475 14624 3898 4476 14625 3901 4476 14626 3899 4476 14627 3899 4477 14628 3874 4477 14629 3872 4477 14630 3872 4478 14631 3871 4478 14632 3828 4478 14633 3828 4479 14634 3825 4479 14635 3941 4479 14636 3941 4480 14637 3943 4480 14638 3945 4480 14639 3945 4481 14640 3947 4481 14641 3949 4481 14642 3949 4482 14643 3951 4482 14644 3704 4482 14645 3704 4483 14646 3708 4483 14647 3719 4483 14648 3719 4484 14649 3720 4484 14650 3721 4484 14651 3719 4485 14652 3721 4485 14653 3722 4485 14654 3949 4486 14655 3704 4486 14656 3719 4486 14657 3941 4487 14658 3945 4487 14659 3949 4487 14660 3872 4488 14661 3828 4488 14662 3941 4488 14663 3898 4489 14664 3899 4489 14665 3872 4489 14666 3831 4490 14667 3879 4490 14668 3898 4490 14669 3730 4491 14670 3731 4491 14671 3831 4491 14672 3729 4492 14673 3730 4492 14674 3831 4492 14675 3831 4493 14676 3898 4493 14677 3872 4493 14678 3872 4494 14679 3941 4494 14680 3949 4494 14681 3949 4495 14682 3719 4495 14683 3722 4495 14684 3949 4496 14685 3722 4496 14686 3723 4496 14687 3729 4497 14688 3831 4497 14689 3872 4497 14690 3728 4498 14691 3729 4498 14692 3872 4498 14693 3872 4499 14694 3949 4499 14695 3723 4499 14696 3872 4500 14697 3723 4500 14698 3724 4500 14699 3727 4501 14700 3728 4501 14701 3872 4501 14702 3726 4502 14703 3727 4502 14704 3872 4502 14705 3872 4503 14706 3724 4503 14707 3725 4503 14708 3725 4504 14709 3726 4504 14710 3872 4504 14711</p>
        </triangles>
      </mesh>
    </geometry>
  </library_geometries>
  <library_visual_scenes>
    <visual_scene id="Scene" name="Scene">
      <node id="cc0c2a72-d5b5-4f27-81f3-d985b44d6b81" name="cc0c2a72-d5b5-4f27-81f3-d985b44d6b81" type="NODE">
        <matrix sid="transform">1 1.4243e-14 8.74228e-8 0 8.74228e-8 -1.62921e-7 -0.9999999 0 0 0.9999999 -1.62921e-7 0 0 0 0 1</matrix>
        <instance_geometry url="#EnglishClub_ec_h_ec_l_l_002-mesh" name="cc0c2a72-d5b5-4f27-81f3-d985b44d6b81">
          <bind_material>
            <technique_common>
              <instance_material symbol="cc0c2a72-d5b5-4f27-81f3-d985b44d6b81-material" target="#cc0c2a72-d5b5-4f27-81f3-d985b44d6b81-material">
                <bind_vertex_input semantic="UVMap" input_semantic="TEXCOORD" input_set="0"/>
              </instance_material>
            </technique_common>
          </bind_material>
        </instance_geometry>
      </node>
    </visual_scene>
  </library_visual_scenes>
  <scene>
    <instance_visual_scene url="#Scene"/>
  </scene>
</COLLADA>